environment,model,state_id,task_id,evaluation_seed,split,variant,method,adaptation_seed,projection_seed,horizon,normalized_regret,weighted_pairwise_accuracy,top1_correct,normalized_margin_rmse,pose_error,selected_action,oracle_action,selected_is_null
PushT,jepa_wm_pusht,8,1,913,development_holdout,frozen,frozen,-1,15001,1,0.0,0.9115676431105927,1.0,2.1490241665377305,0.0767970071449087,1,1,0
PushT,jepa_wm_pusht,8,1,913,development_holdout,frozen,frozen,-1,15001,3,0.008427652349288942,0.7708400045270061,0.0,1.2816006951797627,0.07950217375676052,4,6,0
PushT,jepa_wm_pusht,8,1,913,development_holdout,frozen,frozen,-1,15001,6,0.06384650595620604,0.2851839349182708,0.0,1.6405769751102093,0.1340282155207775,6,1,0
PushT,jepa_wm_pusht,9,1,1297,development_holdout,frozen,frozen,-1,15001,1,0.0,0.6053758568158468,1.0,2.3581750005997213,0.061899688119777155,1,0,0
PushT,jepa_wm_pusht,9,1,1297,development_holdout,frozen,frozen,-1,15001,3,0.7286493483691098,0.2789983461598349,0.0,1.4890083765534718,0.11369831441026121,7,2,0
PushT,jepa_wm_pusht,9,1,1297,development_holdout,frozen,frozen,-1,15001,6,1.0,0.4359302240982682,0.0,1.2253266775354117,0.12295896245360298,9,3,0
PushT,jepa_wm_pusht,10,1,1709,development_holdout,frozen,frozen,-1,15001,1,0.620166319521398,0.2921140154986053,0.0,1.4241906684457424,0.09495111725430734,6,1,0
PushT,jepa_wm_pusht,10,1,1709,development_holdout,frozen,frozen,-1,15001,3,0.0,0.8035859964086213,1.0,1.0876758178850896,0.08519973072450016,6,6,0
PushT,jepa_wm_pusht,10,1,1709,development_holdout,frozen,frozen,-1,15001,6,0.6789019354624969,0.5530956210265955,0.0,1.8098873717115826,0.11386899039104699,2,6,0
PushT,jepa_wm_pusht,11,1,913,development_holdout,frozen,frozen,-1,15001,1,0.41336878890994966,0.5857850506683486,0.0,2.17631763505349,0.048863587767765296,5,7,0
PushT,jepa_wm_pusht,11,1,913,development_holdout,frozen,frozen,-1,15001,3,0.0,0.8725008186937325,1.0,0.55949703154953,0.06183657256638457,6,6,0
PushT,jepa_wm_pusht,11,1,913,development_holdout,frozen,frozen,-1,15001,6,1.0,0.3434317673906013,0.0,1.385582640234563,0.14209621215290996,3,6,0
PushT,jepa_wm_pusht,12,1,1297,development_holdout,frozen,frozen,-1,15001,1,1.0,0.06199948978948887,0.0,1.4241924076990051,0.19199888698673478,9,6,0
PushT,jepa_wm_pusht,12,1,1297,development_holdout,frozen,frozen,-1,15001,3,0.0,0.5956714295759878,1.0,0.9944691047173952,0.13387767531776665,4,4,0
PushT,jepa_wm_pusht,12,1,1297,development_holdout,frozen,frozen,-1,15001,6,0.01885074951463251,0.8896939412250059,0.0,0.718552692264407,0.12016436868966571,4,2,0
PushT,jepa_wm_pusht,13,1,1709,development_holdout,frozen,frozen,-1,15001,1,0.9488516591828323,0.03026845012152947,0.0,1.8464755708206395,0.08345829304845677,0,6,1
PushT,jepa_wm_pusht,13,1,1709,development_holdout,frozen,frozen,-1,15001,3,0.0,0.8757524589298978,1.0,0.7464396973068389,0.08100894304921372,2,2,0
PushT,jepa_wm_pusht,13,1,1709,development_holdout,frozen,frozen,-1,15001,6,0.13238746966896506,0.8300046947094379,0.0,0.7979457319398733,0.1275891031018921,6,2,0
PushT,jepa_wm_pusht,14,1,913,development_holdout,frozen,frozen,-1,15001,1,0.0,nan,1.0,nan,0.09273737214121977,4,0,0
PushT,jepa_wm_pusht,14,1,913,development_holdout,frozen,frozen,-1,15001,3,0.22439910568143512,0.8271480533644316,0.0,0.8647521491843755,0.05075243794898383,5,2,0
PushT,jepa_wm_pusht,14,1,913,development_holdout,frozen,frozen,-1,15001,6,0.0,0.955098294142873,1.0,0.5897266288293123,0.06613805073738628,2,2,0
PushT,jepa_wm_pusht,15,1,1297,development_holdout,frozen,frozen,-1,15001,1,0.0,nan,1.0,nan,0.042365268451633596,6,0,0
PushT,jepa_wm_pusht,15,1,1297,development_holdout,frozen,frozen,-1,15001,3,0.37058248588976106,0.5534102535472304,0.0,1.2360736737301896,0.05773327512034833,1,2,0
PushT,jepa_wm_pusht,15,1,1297,development_holdout,frozen,frozen,-1,15001,6,0.0,0.9604003320605817,1.0,0.6499691291562115,0.07044919293685852,3,3,0
PushT,jepa_wm_pusht,16,2,913,development_holdout,frozen,frozen,-1,15001,1,0.04667333317829818,0.9075746828846182,0.0,0.6175195220082229,0.055661890854585984,6,4,0
PushT,jepa_wm_pusht,16,2,913,development_holdout,frozen,frozen,-1,15001,3,0.0,0.868033990213983,1.0,1.0677963379640476,0.13955306693760708,6,6,0
PushT,jepa_wm_pusht,16,2,913,development_holdout,frozen,frozen,-1,15001,6,0.0,0.5105958252466303,1.0,1.00788736483998,0.16803540090291233,6,6,0
PushT,jepa_wm_pusht,17,2,1297,development_holdout,frozen,frozen,-1,15001,1,0.0,nan,1.0,nan,0.07597095816390702,8,0,0
PushT,jepa_wm_pusht,17,2,1297,development_holdout,frozen,frozen,-1,15001,3,0.5789271149086822,0.7279380265827744,0.0,2.0849117900403344,0.0828828743253967,4,2,0
PushT,jepa_wm_pusht,17,2,1297,development_holdout,frozen,frozen,-1,15001,6,0.27989109651126526,0.8348254803319192,0.0,1.0212720083151308,0.09685117813199254,2,3,0
PushT,jepa_wm_pusht,18,2,1709,development_holdout,frozen,frozen,-1,15001,1,0.0,nan,1.0,nan,0.11498672580670488,4,0,0
PushT,jepa_wm_pusht,18,2,1709,development_holdout,frozen,frozen,-1,15001,3,0.44201480759003287,0.25278592777053904,0.0,2.2521027688351016,0.12620029223528853,5,2,0
PushT,jepa_wm_pusht,18,2,1709,development_holdout,frozen,frozen,-1,15001,6,0.36289437302384253,0.4926434341293111,0.0,1.303960517787093,0.11979870836224911,5,2,0
PushT,jepa_wm_pusht,19,2,913,development_holdout,frozen,frozen,-1,15001,1,1.0,0.31192676103462597,0.0,2.065436460366393,0.05152728888167339,6,7,0
PushT,jepa_wm_pusht,19,2,913,development_holdout,frozen,frozen,-1,15001,3,0.08549327156519568,0.7955132044712163,0.0,0.9785210390362853,0.07460571325359197,5,7,0
PushT,jepa_wm_pusht,19,2,913,development_holdout,frozen,frozen,-1,15001,6,0.0,0.9104405055928866,1.0,1.5784103727526304,0.09507596568773777,5,5,0
PushT,jepa_wm_pusht,20,2,1297,development_holdout,frozen,frozen,-1,15001,1,0.2204153882995534,0.8892534169868382,0.0,1.5079686738253573,0.0668986386465423,4,8,0
PushT,jepa_wm_pusht,20,2,1297,development_holdout,frozen,frozen,-1,15001,3,0.4266659652735245,0.5238806565589111,0.0,1.498204396538528,0.16927587404470162,4,8,0
PushT,jepa_wm_pusht,20,2,1297,development_holdout,frozen,frozen,-1,15001,6,1.0,0.1424876883934945,0.0,1.7810144945631852,0.2607825849568194,3,8,0
PushT,jepa_wm_pusht,21,2,1709,development_holdout,frozen,frozen,-1,15001,1,0.0,nan,1.0,nan,0.04864336041836556,6,0,0
PushT,jepa_wm_pusht,21,2,1709,development_holdout,frozen,frozen,-1,15001,3,0.7585503102919223,0.5635950941952819,0.0,2.194066101512615,0.08648710183525132,4,2,0
PushT,jepa_wm_pusht,21,2,1709,development_holdout,frozen,frozen,-1,15001,6,0.0,0.8590108217996139,1.0,0.8074471303238454,0.08677590694904058,3,3,0
PushT,jepa_wm_pusht,22,2,913,development_holdout,frozen,frozen,-1,15001,1,1.0,0.1111111111111111,0.0,19.255720892645545,0.04675931412432931,5,6,0
PushT,jepa_wm_pusht,22,2,913,development_holdout,frozen,frozen,-1,15001,3,0.6125149999424588,0.7944034830931315,0.0,0.8008234662696114,0.06844103111392402,6,4,0
PushT,jepa_wm_pusht,22,2,913,development_holdout,frozen,frozen,-1,15001,6,0.16420548128968346,0.9200571156924566,0.0,1.0157101411837646,0.06056060945983951,2,4,0
PushT,jepa_wm_pusht,23,2,1297,development_holdout,frozen,frozen,-1,15001,1,0.5842417127270264,0.17409037313789777,0.0,1.957671954258676,0.2427024053317668,4,9,0
PushT,jepa_wm_pusht,23,2,1297,development_holdout,frozen,frozen,-1,15001,3,0.13340500380456333,0.5453552863499731,0.0,1.3781513010029607,0.22099370066647928,1,9,0
PushT,jepa_wm_pusht,23,2,1297,development_holdout,frozen,frozen,-1,15001,6,0.00624987304378611,0.3471639624769171,0.0,1.2481744446347536,0.254633218337147,3,9,0
PushT,jepa_wm_pusht,48,6,913,development_holdout,frozen,frozen,-1,15001,1,0.7872761873531048,0.18174110553364903,0.0,2.2122841175067203,0.06509555044128272,6,9,0
PushT,jepa_wm_pusht,48,6,913,development_holdout,frozen,frozen,-1,15001,3,0.0,0.9445848382514314,1.0,0.6223150534251659,0.09414951585001238,5,5,0
PushT,jepa_wm_pusht,48,6,913,development_holdout,frozen,frozen,-1,15001,6,0.0,0.7210536873095227,1.0,0.9188819998559113,0.15037874297099527,5,5,0
PushT,jepa_wm_pusht,49,6,1297,development_holdout,frozen,frozen,-1,15001,1,0.5243318422105816,0.5116484680153929,0.0,1.8223552170774324,0.0866367606151519,0,5,1
PushT,jepa_wm_pusht,49,6,1297,development_holdout,frozen,frozen,-1,15001,3,0.0,0.9712253272502487,1.0,0.7196413843277166,0.07282383209369236,5,5,0
PushT,jepa_wm_pusht,49,6,1297,development_holdout,frozen,frozen,-1,15001,6,0.0,0.9102325005713438,1.0,0.6266258259027088,0.14145915989719335,5,5,0
PushT,jepa_wm_pusht,50,6,1709,development_holdout,frozen,frozen,-1,15001,1,0.0,0.9832859419964576,1.0,0.6986041884685624,0.042038506877496225,1,1,0
PushT,jepa_wm_pusht,50,6,1709,development_holdout,frozen,frozen,-1,15001,3,0.0,0.9991336558341828,1.0,0.46482012859085164,0.04423825183510925,2,2,0
PushT,jepa_wm_pusht,50,6,1709,development_holdout,frozen,frozen,-1,15001,6,0.19887118635918416,0.948110303175043,0.0,0.5185318353268584,0.06494487531381818,1,2,0
PushT,jepa_wm_pusht,51,6,913,development_holdout,frozen,frozen,-1,15001,1,0.0,0.9968981446241947,1.0,1.2270971404127007,0.06787590524657121,9,9,0
PushT,jepa_wm_pusht,51,6,913,development_holdout,frozen,frozen,-1,15001,3,0.0,0.9389546403854592,1.0,0.5655515184923152,0.06151065661021508,9,9,0
PushT,jepa_wm_pusht,51,6,913,development_holdout,frozen,frozen,-1,15001,6,0.8517434359994246,0.7547958190157242,0.0,1.0876138375400948,0.10109770019831635,6,9,0
PushT,jepa_wm_pusht,52,6,1297,development_holdout,frozen,frozen,-1,15001,1,0.0,0.2222222222222222,1.0,14.020538108374854,0.1291333027277626,7,0,0
PushT,jepa_wm_pusht,52,6,1297,development_holdout,frozen,frozen,-1,15001,3,0.3477543489605677,0.7375743718546339,0.0,1.7246132018342561,0.07803655966665926,4,2,0
PushT,jepa_wm_pusht,52,6,1297,development_holdout,frozen,frozen,-1,15001,6,0.0,0.8231762407437391,1.0,1.0467319307088874,0.07078128469073838,3,3,0
PushT,jepa_wm_pusht,53,6,1709,development_holdout,frozen,frozen,-1,15001,1,0.22071215478288175,0.4623983071793548,0.0,1.6033314127382592,0.059342808582586004,1,9,0
PushT,jepa_wm_pusht,53,6,1709,development_holdout,frozen,frozen,-1,15001,3,0.02265841164096627,0.9335771495380509,0.0,0.9181615100745024,0.08206862674830037,2,5,0
PushT,jepa_wm_pusht,53,6,1709,development_holdout,frozen,frozen,-1,15001,6,0.11645392932375082,0.9460653084186277,0.0,0.6321136784362553,0.14343881283544915,1,5,0
PushT,jepa_wm_pusht,54,6,913,development_holdout,frozen,frozen,-1,15001,1,0.274829989886387,0.7827810676637567,0.0,1.0547677429429094,0.06894048578904616,6,4,0
PushT,jepa_wm_pusht,54,6,913,development_holdout,frozen,frozen,-1,15001,3,0.0,0.9404171963215077,1.0,0.6759500169407284,0.11767614957703088,4,4,0
PushT,jepa_wm_pusht,54,6,913,development_holdout,frozen,frozen,-1,15001,6,0.0,0.8088953088260582,1.0,1.0666636797710556,0.14706730891116762,4,4,0
PushT,jepa_wm_pusht,55,6,1297,development_holdout,frozen,frozen,-1,15001,1,0.0,0.8888888888888888,1.0,1.414584633043459,0.025952586754089818,7,0,0
PushT,jepa_wm_pusht,55,6,1297,development_holdout,frozen,frozen,-1,15001,3,0.031059595022704112,0.5074055782133767,0.0,1.4152689162180556,0.11381716172343756,7,8,0
PushT,jepa_wm_pusht,55,6,1297,development_holdout,frozen,frozen,-1,15001,6,0.0,0.7013365788792114,1.0,1.1933121200854584,0.10889574169710425,3,3,0
PushT,jepa_wm_pusht,8,1,913,development_holdout,fidelity_constrained_latent_only__seed11401,fidelity_constrained_latent_only,11401,15001,1,0.08148739372120142,0.8703066771894553,0.0,1.7897861609777614,0.07892858417417649,5,1,0
PushT,jepa_wm_pusht,8,1,913,development_holdout,fidelity_constrained_latent_only__seed11401,fidelity_constrained_latent_only,11401,15001,3,0.008427652349288942,0.7622859340985564,0.0,1.3002008275545642,0.08077796263775265,4,6,0
PushT,jepa_wm_pusht,8,1,913,development_holdout,fidelity_constrained_latent_only__seed11401,fidelity_constrained_latent_only,11401,15001,6,0.06384650595620604,0.2506582275242099,0.0,1.7024466185391276,0.1391065799495448,6,1,0
PushT,jepa_wm_pusht,9,1,1297,development_holdout,fidelity_constrained_latent_only__seed11401,fidelity_constrained_latent_only,11401,15001,1,0.0,0.6435516527166674,1.0,2.249783811629564,0.05927795746790569,1,0,0
PushT,jepa_wm_pusht,9,1,1297,development_holdout,fidelity_constrained_latent_only__seed11401,fidelity_constrained_latent_only,11401,15001,3,0.7286493483691098,0.2764624015710857,0.0,1.4114316614486966,0.10703921101753347,7,2,0
PushT,jepa_wm_pusht,9,1,1297,development_holdout,fidelity_constrained_latent_only__seed11401,fidelity_constrained_latent_only,11401,15001,6,1.0,0.38702289790922495,0.0,1.216796183532348,0.11504909374351735,9,3,0
PushT,jepa_wm_pusht,10,1,1709,development_holdout,fidelity_constrained_latent_only__seed11401,fidelity_constrained_latent_only,11401,15001,1,0.620166319521398,0.42800818333153234,0.0,1.2327384504424583,0.09291708706170224,6,1,0
PushT,jepa_wm_pusht,10,1,1709,development_holdout,fidelity_constrained_latent_only__seed11401,fidelity_constrained_latent_only,11401,15001,3,0.0,0.8571764214952159,1.0,1.1349370725448618,0.08787739493619968,6,6,0
PushT,jepa_wm_pusht,10,1,1709,development_holdout,fidelity_constrained_latent_only__seed11401,fidelity_constrained_latent_only,11401,15001,6,0.6789019354624969,0.6136283134789052,0.0,1.7052356756448384,0.11650968038299885,2,6,0
PushT,jepa_wm_pusht,11,1,913,development_holdout,fidelity_constrained_latent_only__seed11401,fidelity_constrained_latent_only,11401,15001,1,0.45140758138381915,0.7035788316630996,0.0,1.3320898428095131,0.05329140269667058,6,7,0
PushT,jepa_wm_pusht,11,1,913,development_holdout,fidelity_constrained_latent_only__seed11401,fidelity_constrained_latent_only,11401,15001,3,0.0,0.8656582360741004,1.0,0.6301430676404229,0.060863612750174025,6,6,0
PushT,jepa_wm_pusht,11,1,913,development_holdout,fidelity_constrained_latent_only__seed11401,fidelity_constrained_latent_only,11401,15001,6,1.0,0.31745093499095867,0.0,1.3828293381923944,0.14282817701078493,3,6,0
PushT,jepa_wm_pusht,12,1,1297,development_holdout,fidelity_constrained_latent_only__seed11401,fidelity_constrained_latent_only,11401,15001,1,1.0,0.006751572468925901,0.0,1.4529082017111938,0.19843888420230318,9,6,0
PushT,jepa_wm_pusht,12,1,1297,development_holdout,fidelity_constrained_latent_only__seed11401,fidelity_constrained_latent_only,11401,15001,3,0.09847152877843415,0.5829905942356233,0.0,1.0575331459214563,0.1413376710818881,2,4,0
PushT,jepa_wm_pusht,12,1,1297,development_holdout,fidelity_constrained_latent_only__seed11401,fidelity_constrained_latent_only,11401,15001,6,0.2031956716648721,0.8369054504844416,0.0,0.7982789276833545,0.1276100243602449,3,2,0
PushT,jepa_wm_pusht,13,1,1709,development_holdout,fidelity_constrained_latent_only__seed11401,fidelity_constrained_latent_only,11401,15001,1,0.9488516591828323,0.019453688797122868,0.0,1.6986639614323173,0.10132888411038994,0,6,1
PushT,jepa_wm_pusht,13,1,1709,development_holdout,fidelity_constrained_latent_only__seed11401,fidelity_constrained_latent_only,11401,15001,3,0.0,0.8389117433273928,1.0,0.7794126033875599,0.07949182987626377,2,2,0
PushT,jepa_wm_pusht,13,1,1709,development_holdout,fidelity_constrained_latent_only__seed11401,fidelity_constrained_latent_only,11401,15001,6,0.13238746966896506,0.7648449384975161,0.0,0.7880979123959507,0.12715364375569058,6,2,0
PushT,jepa_wm_pusht,14,1,913,development_holdout,fidelity_constrained_latent_only__seed11401,fidelity_constrained_latent_only,11401,15001,1,0.0,nan,1.0,nan,0.08687634325571877,5,0,0
PushT,jepa_wm_pusht,14,1,913,development_holdout,fidelity_constrained_latent_only__seed11401,fidelity_constrained_latent_only,11401,15001,3,0.22439910568143512,0.9220205983224331,0.0,0.9150696900962153,0.05856114868999772,5,2,0
PushT,jepa_wm_pusht,14,1,913,development_holdout,fidelity_constrained_latent_only__seed11401,fidelity_constrained_latent_only,11401,15001,6,0.0,0.955098294142873,1.0,0.6156616050418028,0.08037948477035996,2,2,0
PushT,jepa_wm_pusht,15,1,1297,development_holdout,fidelity_constrained_latent_only__seed11401,fidelity_constrained_latent_only,11401,15001,1,0.0,nan,1.0,nan,0.0431597458602183,6,0,0
PushT,jepa_wm_pusht,15,1,1297,development_holdout,fidelity_constrained_latent_only__seed11401,fidelity_constrained_latent_only,11401,15001,3,0.6474833555978032,0.4265260805001324,0.0,1.2070441663503746,0.058939069840121074,6,2,0
PushT,jepa_wm_pusht,15,1,1297,development_holdout,fidelity_constrained_latent_only__seed11401,fidelity_constrained_latent_only,11401,15001,6,0.0,0.978115608190515,1.0,0.6616760221034323,0.0694837493338299,3,3,0
PushT,jepa_wm_pusht,16,2,913,development_holdout,fidelity_constrained_latent_only__seed11401,fidelity_constrained_latent_only,11401,15001,1,0.04667333317829818,0.9738755864786748,0.0,0.677234177095698,0.05455663496824799,6,4,0
PushT,jepa_wm_pusht,16,2,913,development_holdout,fidelity_constrained_latent_only__seed11401,fidelity_constrained_latent_only,11401,15001,3,0.0,0.7714563941976694,1.0,1.027425181529181,0.1258863809972517,6,6,0
PushT,jepa_wm_pusht,16,2,913,development_holdout,fidelity_constrained_latent_only__seed11401,fidelity_constrained_latent_only,11401,15001,6,0.0,0.5507695570911934,1.0,0.9285092911225145,0.15470443084737523,6,6,0
PushT,jepa_wm_pusht,17,2,1297,development_holdout,fidelity_constrained_latent_only__seed11401,fidelity_constrained_latent_only,11401,15001,1,0.0,nan,1.0,nan,0.06747508046053624,8,0,0
PushT,jepa_wm_pusht,17,2,1297,development_holdout,fidelity_constrained_latent_only__seed11401,fidelity_constrained_latent_only,11401,15001,3,0.5789271149086822,0.7279380265827744,0.0,1.9139055251285375,0.07452257804521467,4,2,0
PushT,jepa_wm_pusht,17,2,1297,development_holdout,fidelity_constrained_latent_only__seed11401,fidelity_constrained_latent_only,11401,15001,6,0.27989109651126526,0.8628636524391975,0.0,0.9167945264586911,0.08804947576990108,2,3,0
PushT,jepa_wm_pusht,18,2,1709,development_holdout,fidelity_constrained_latent_only__seed11401,fidelity_constrained_latent_only,11401,15001,1,0.0,nan,1.0,nan,0.12874577139870985,1,0,0
PushT,jepa_wm_pusht,18,2,1709,development_holdout,fidelity_constrained_latent_only__seed11401,fidelity_constrained_latent_only,11401,15001,3,0.44201480759003287,0.3609723174536348,0.0,2.1567333776704922,0.1392808032257294,5,2,0
PushT,jepa_wm_pusht,18,2,1709,development_holdout,fidelity_constrained_latent_only__seed11401,fidelity_constrained_latent_only,11401,15001,6,1.0,0.44048094745665484,0.0,1.416749389069813,0.12578324914639766,7,2,0
PushT,jepa_wm_pusht,19,2,913,development_holdout,fidelity_constrained_latent_only__seed11401,fidelity_constrained_latent_only,11401,15001,1,1.0,0.3312654053678445,0.0,2.6656822389338406,0.04457272112212107,1,7,0
PushT,jepa_wm_pusht,19,2,913,development_holdout,fidelity_constrained_latent_only__seed11401,fidelity_constrained_latent_only,11401,15001,3,0.0,0.7687792009120576,1.0,0.995720464853484,0.06854517537399504,7,7,0
PushT,jepa_wm_pusht,19,2,913,development_holdout,fidelity_constrained_latent_only__seed11401,fidelity_constrained_latent_only,11401,15001,6,0.05206520357815755,0.9156420515644179,0.0,1.5605665300260882,0.08298003082142624,7,5,0
PushT,jepa_wm_pusht,20,2,1297,development_holdout,fidelity_constrained_latent_only__seed11401,fidelity_constrained_latent_only,11401,15001,1,0.071849549171498,0.8966502293888302,0.0,1.5550976907231735,0.06540411431525191,6,8,0
PushT,jepa_wm_pusht,20,2,1297,development_holdout,fidelity_constrained_latent_only__seed11401,fidelity_constrained_latent_only,11401,15001,3,0.4266659652735245,0.5479482930757776,0.0,1.556216231130406,0.16271792906111882,4,8,0
PushT,jepa_wm_pusht,20,2,1297,development_holdout,fidelity_constrained_latent_only__seed11401,fidelity_constrained_latent_only,11401,15001,6,1.0,0.13674464666382158,0.0,1.7928271769891708,0.25872720512199526,3,8,0
PushT,jepa_wm_pusht,21,2,1709,development_holdout,fidelity_constrained_latent_only__seed11401,fidelity_constrained_latent_only,11401,15001,1,0.0,nan,1.0,nan,0.047250748883260564,6,0,0
PushT,jepa_wm_pusht,21,2,1709,development_holdout,fidelity_constrained_latent_only__seed11401,fidelity_constrained_latent_only,11401,15001,3,0.7585503102919223,0.5643275434830097,0.0,2.2521564559907503,0.07940425557041292,4,2,0
PushT,jepa_wm_pusht,21,2,1709,development_holdout,fidelity_constrained_latent_only__seed11401,fidelity_constrained_latent_only,11401,15001,6,0.0,0.7913409080085949,1.0,0.8272849360170635,0.0840267096470187,3,3,0
PushT,jepa_wm_pusht,22,2,913,development_holdout,fidelity_constrained_latent_only__seed11401,fidelity_constrained_latent_only,11401,15001,1,1.0,0.1111111111111111,0.0,28.195221268611625,0.04498561367947163,5,6,0
PushT,jepa_wm_pusht,22,2,913,development_holdout,fidelity_constrained_latent_only__seed11401,fidelity_constrained_latent_only,11401,15001,3,0.6125149999424588,0.8148694672751321,0.0,0.8160499293973186,0.06631767963074647,6,4,0
PushT,jepa_wm_pusht,22,2,913,development_holdout,fidelity_constrained_latent_only__seed11401,fidelity_constrained_latent_only,11401,15001,6,0.16420548128968346,0.8968671306768167,0.0,0.9542671489936934,0.062467551650071305,2,4,0
PushT,jepa_wm_pusht,23,2,1297,development_holdout,fidelity_constrained_latent_only__seed11401,fidelity_constrained_latent_only,11401,15001,1,0.5842417127270264,0.17169813732167108,0.0,1.9282784881988877,0.24773773665622176,4,9,0
PushT,jepa_wm_pusht,23,2,1297,development_holdout,fidelity_constrained_latent_only__seed11401,fidelity_constrained_latent_only,11401,15001,3,0.13340500380456333,0.539325002720012,0.0,1.3510427586076132,0.22265088336975952,1,9,0
PushT,jepa_wm_pusht,23,2,1297,development_holdout,fidelity_constrained_latent_only__seed11401,fidelity_constrained_latent_only,11401,15001,6,0.00624987304378611,0.5615377598553487,0.0,1.1853570819141976,0.25779141233786834,3,9,0
PushT,jepa_wm_pusht,48,6,913,development_holdout,fidelity_constrained_latent_only__seed11401,fidelity_constrained_latent_only,11401,15001,1,0.09012243500443963,0.364407196678672,0.0,1.9815019550296455,0.06270037780477075,0,9,1
PushT,jepa_wm_pusht,48,6,913,development_holdout,fidelity_constrained_latent_only__seed11401,fidelity_constrained_latent_only,11401,15001,3,0.0,0.9064864151916818,1.0,0.6773962018521777,0.0946563370878459,5,5,0
PushT,jepa_wm_pusht,48,6,913,development_holdout,fidelity_constrained_latent_only__seed11401,fidelity_constrained_latent_only,11401,15001,6,0.0,0.7210536873095227,1.0,0.9105201501776602,0.14032445477213784,5,5,0
PushT,jepa_wm_pusht,49,6,1297,development_holdout,fidelity_constrained_latent_only__seed11401,fidelity_constrained_latent_only,11401,15001,1,0.3961841050703398,0.580304948287324,0.0,2.108371213313348,0.08372246307161313,9,5,0
PushT,jepa_wm_pusht,49,6,1297,development_holdout,fidelity_constrained_latent_only__seed11401,fidelity_constrained_latent_only,11401,15001,3,0.0,0.9712253272502487,1.0,0.7554125002804212,0.07316928602599976,5,5,0
PushT,jepa_wm_pusht,49,6,1297,development_holdout,fidelity_constrained_latent_only__seed11401,fidelity_constrained_latent_only,11401,15001,6,0.0,0.890968525988461,1.0,0.6766945846144883,0.13742407779645666,5,5,0
PushT,jepa_wm_pusht,50,6,1709,development_holdout,fidelity_constrained_latent_only__seed11401,fidelity_constrained_latent_only,11401,15001,1,0.0,0.9832859419964576,1.0,0.7491237800739322,0.03725440528421947,1,1,0
PushT,jepa_wm_pusht,50,6,1709,development_holdout,fidelity_constrained_latent_only__seed11401,fidelity_constrained_latent_only,11401,15001,3,0.0,0.9991336558341828,1.0,0.3862948934231433,0.045329058153274246,2,2,0
PushT,jepa_wm_pusht,50,6,1709,development_holdout,fidelity_constrained_latent_only__seed11401,fidelity_constrained_latent_only,11401,15001,6,0.19887118635918416,0.9259357505407902,0.0,0.575977423781443,0.07967202650770241,1,2,0
PushT,jepa_wm_pusht,51,6,913,development_holdout,fidelity_constrained_latent_only__seed11401,fidelity_constrained_latent_only,11401,15001,1,0.0,0.9920892040543291,1.0,1.226810335298873,0.05829017850359162,9,9,0
PushT,jepa_wm_pusht,51,6,913,development_holdout,fidelity_constrained_latent_only__seed11401,fidelity_constrained_latent_only,11401,15001,3,0.3533778267573249,0.9349475669071572,0.0,0.6333017353304832,0.06178802938167767,7,9,0
PushT,jepa_wm_pusht,51,6,913,development_holdout,fidelity_constrained_latent_only__seed11401,fidelity_constrained_latent_only,11401,15001,6,0.0,0.9224597470232038,1.0,1.0240495293383545,0.0967914234979628,9,9,0
PushT,jepa_wm_pusht,52,6,1297,development_holdout,fidelity_constrained_latent_only__seed11401,fidelity_constrained_latent_only,11401,15001,1,0.0,0.2222222222222222,1.0,15.008850086300873,0.1506073216693447,7,0,0
PushT,jepa_wm_pusht,52,6,1297,development_holdout,fidelity_constrained_latent_only__seed11401,fidelity_constrained_latent_only,11401,15001,3,0.3477543489605677,0.6896282548332626,0.0,1.8940646300236936,0.08699833796535437,4,2,0
PushT,jepa_wm_pusht,52,6,1297,development_holdout,fidelity_constrained_latent_only__seed11401,fidelity_constrained_latent_only,11401,15001,6,0.0,0.7899215713663117,1.0,1.1659223688760074,0.08070894958642233,3,3,0
PushT,jepa_wm_pusht,53,6,1709,development_holdout,fidelity_constrained_latent_only__seed11401,fidelity_constrained_latent_only,11401,15001,1,0.22071215478288175,0.405564667448027,0.0,1.6911127773427832,0.053638175408197,1,9,0
PushT,jepa_wm_pusht,53,6,1709,development_holdout,fidelity_constrained_latent_only__seed11401,fidelity_constrained_latent_only,11401,15001,3,0.02265841164096627,0.9493765305342502,0.0,0.8619092884618221,0.08267526998241356,2,5,0
PushT,jepa_wm_pusht,53,6,1709,development_holdout,fidelity_constrained_latent_only__seed11401,fidelity_constrained_latent_only,11401,15001,6,0.11645392932375082,0.9453049582604588,0.0,0.6555353995567668,0.13565922411876882,1,5,0
PushT,jepa_wm_pusht,54,6,913,development_holdout,fidelity_constrained_latent_only__seed11401,fidelity_constrained_latent_only,11401,15001,1,0.274829989886387,0.7827810676637567,0.0,1.2770812197260055,0.07950635242802803,6,4,0
PushT,jepa_wm_pusht,54,6,913,development_holdout,fidelity_constrained_latent_only__seed11401,fidelity_constrained_latent_only,11401,15001,3,0.0,0.8968938567793392,1.0,0.8171768033394462,0.11470114997295777,4,4,0
PushT,jepa_wm_pusht,54,6,913,development_holdout,fidelity_constrained_latent_only__seed11401,fidelity_constrained_latent_only,11401,15001,6,0.0,0.8357732515652931,1.0,1.3094863691860643,0.14638464878896704,4,4,0
PushT,jepa_wm_pusht,55,6,1297,development_holdout,fidelity_constrained_latent_only__seed11401,fidelity_constrained_latent_only,11401,15001,1,0.0,0.8888888888888888,1.0,1.1083910629635834,0.022421659408350357,0,0,1
PushT,jepa_wm_pusht,55,6,1297,development_holdout,fidelity_constrained_latent_only__seed11401,fidelity_constrained_latent_only,11401,15001,3,0.5069549095951416,0.06302534779169124,0.0,1.5843713995688298,0.10883996354435428,4,8,0
PushT,jepa_wm_pusht,55,6,1297,development_holdout,fidelity_constrained_latent_only__seed11401,fidelity_constrained_latent_only,11401,15001,6,0.0,0.8731341057057004,1.0,0.9824943733756045,0.1070005338490592,3,3,0
PushT,jepa_wm_pusht,8,1,913,development_holdout,fidelity_constrained_shuffled_geometry__seed11401,fidelity_constrained_shuffled_geometry,11401,15001,1,0.08148739372120142,0.8968584075348044,0.0,1.4926640624840257,0.06961510293413406,5,1,0
PushT,jepa_wm_pusht,8,1,913,development_holdout,fidelity_constrained_shuffled_geometry__seed11401,fidelity_constrained_shuffled_geometry,11401,15001,3,0.008427652349288942,0.7708400045270061,0.0,1.1141040492694914,0.07102214506853428,4,6,0
PushT,jepa_wm_pusht,8,1,913,development_holdout,fidelity_constrained_shuffled_geometry__seed11401,fidelity_constrained_shuffled_geometry,11401,15001,6,1.0,0.18563947565192324,0.0,1.5837838854977566,0.12730513707700442,3,1,0
PushT,jepa_wm_pusht,9,1,1297,development_holdout,fidelity_constrained_shuffled_geometry__seed11401,fidelity_constrained_shuffled_geometry,11401,15001,1,0.0,0.5717719134139435,1.0,2.55273636103534,0.0692619002901019,1,0,0
PushT,jepa_wm_pusht,9,1,1297,development_holdout,fidelity_constrained_shuffled_geometry__seed11401,fidelity_constrained_shuffled_geometry,11401,15001,3,0.2415867066316891,0.33036221135044164,0.0,1.3858818115219687,0.10589105073687818,5,2,0
PushT,jepa_wm_pusht,9,1,1297,development_holdout,fidelity_constrained_shuffled_geometry__seed11401,fidelity_constrained_shuffled_geometry,11401,15001,6,0.8502269524673542,0.20840874578921156,0.0,1.3259600779690686,0.124428390627138,7,3,0
PushT,jepa_wm_pusht,10,1,1709,development_holdout,fidelity_constrained_shuffled_geometry__seed11401,fidelity_constrained_shuffled_geometry,11401,15001,1,0.620166319521398,0.42800818333153234,0.0,1.151491896340944,0.08977455706799863,6,1,0
PushT,jepa_wm_pusht,10,1,1709,development_holdout,fidelity_constrained_shuffled_geometry__seed11401,fidelity_constrained_shuffled_geometry,11401,15001,3,0.0,0.8451620854884817,1.0,1.081062883429391,0.08284869281316073,6,6,0
PushT,jepa_wm_pusht,10,1,1709,development_holdout,fidelity_constrained_shuffled_geometry__seed11401,fidelity_constrained_shuffled_geometry,11401,15001,6,0.6789019354624969,0.572635459458504,0.0,1.736191610187188,0.10714342160266095,2,6,0
PushT,jepa_wm_pusht,11,1,913,development_holdout,fidelity_constrained_shuffled_geometry__seed11401,fidelity_constrained_shuffled_geometry,11401,15001,1,0.41336878890994966,0.4795479805634398,0.0,2.4171968083676147,0.07325452569715837,5,7,0
PushT,jepa_wm_pusht,11,1,913,development_holdout,fidelity_constrained_shuffled_geometry__seed11401,fidelity_constrained_shuffled_geometry,11401,15001,3,0.0,0.8453362475160145,1.0,0.6823531644374589,0.06796530655920255,6,6,0
PushT,jepa_wm_pusht,11,1,913,development_holdout,fidelity_constrained_shuffled_geometry__seed11401,fidelity_constrained_shuffled_geometry,11401,15001,6,1.0,0.3150982643275744,0.0,1.3570699522597465,0.14050077851911205,3,6,0
PushT,jepa_wm_pusht,12,1,1297,development_holdout,fidelity_constrained_shuffled_geometry__seed11401,fidelity_constrained_shuffled_geometry,11401,15001,1,1.0,0.01504069767859441,0.0,1.3397928867138902,0.2053934335525466,9,6,0
PushT,jepa_wm_pusht,12,1,1297,development_holdout,fidelity_constrained_shuffled_geometry__seed11401,fidelity_constrained_shuffled_geometry,11401,15001,3,0.0,0.6320266725334243,1.0,0.9893438989882827,0.13240097110552507,4,4,0
PushT,jepa_wm_pusht,12,1,1297,development_holdout,fidelity_constrained_shuffled_geometry__seed11401,fidelity_constrained_shuffled_geometry,11401,15001,6,0.2031956716648721,0.8790779954947947,0.0,0.7445712915942485,0.11561158760951822,3,2,0
PushT,jepa_wm_pusht,13,1,1709,development_holdout,fidelity_constrained_shuffled_geometry__seed11401,fidelity_constrained_shuffled_geometry,11401,15001,1,1.0,0.027592520012670665,0.0,1.7003488076584568,0.09137399013377903,9,6,0
PushT,jepa_wm_pusht,13,1,1709,development_holdout,fidelity_constrained_shuffled_geometry__seed11401,fidelity_constrained_shuffled_geometry,11401,15001,3,0.0,0.816634626369811,1.0,0.7973369694714547,0.0827424979911274,2,2,0
PushT,jepa_wm_pusht,13,1,1709,development_holdout,fidelity_constrained_shuffled_geometry__seed11401,fidelity_constrained_shuffled_geometry,11401,15001,6,0.13238746966896506,0.8300046947094379,0.0,0.8133278626462863,0.12126841123918648,6,2,0
PushT,jepa_wm_pusht,14,1,913,development_holdout,fidelity_constrained_shuffled_geometry__seed11401,fidelity_constrained_shuffled_geometry,11401,15001,1,0.0,nan,1.0,nan,0.09495107741062737,4,0,0
PushT,jepa_wm_pusht,14,1,913,development_holdout,fidelity_constrained_shuffled_geometry__seed11401,fidelity_constrained_shuffled_geometry,11401,15001,3,0.22439910568143512,0.9187791884727979,0.0,0.7599356304760548,0.056126310218673106,5,2,0
PushT,jepa_wm_pusht,14,1,913,development_holdout,fidelity_constrained_shuffled_geometry__seed11401,fidelity_constrained_shuffled_geometry,11401,15001,6,0.0,0.881932085611513,1.0,0.7027286983119899,0.08185734988251432,2,2,0
PushT,jepa_wm_pusht,15,1,1297,development_holdout,fidelity_constrained_shuffled_geometry__seed11401,fidelity_constrained_shuffled_geometry,11401,15001,1,0.0,nan,1.0,nan,0.04114336551063987,4,0,0
PushT,jepa_wm_pusht,15,1,1297,development_holdout,fidelity_constrained_shuffled_geometry__seed11401,fidelity_constrained_shuffled_geometry,11401,15001,3,0.6474833555978032,0.4443176513120861,0.0,1.4309461876060325,0.06418296227450318,6,2,0
PushT,jepa_wm_pusht,15,1,1297,development_holdout,fidelity_constrained_shuffled_geometry__seed11401,fidelity_constrained_shuffled_geometry,11401,15001,6,0.0,0.9434484573590717,1.0,0.6493004598602762,0.07196898879949294,3,3,0
PushT,jepa_wm_pusht,16,2,913,development_holdout,fidelity_constrained_shuffled_geometry__seed11401,fidelity_constrained_shuffled_geometry,11401,15001,1,0.04667333317829818,0.9738755864786748,0.0,0.522243204280076,0.05069150137598225,6,4,0
PushT,jepa_wm_pusht,16,2,913,development_holdout,fidelity_constrained_shuffled_geometry__seed11401,fidelity_constrained_shuffled_geometry,11401,15001,3,0.0,0.9074181226685127,1.0,0.9558133478933618,0.12957158208329664,6,6,0
PushT,jepa_wm_pusht,16,2,913,development_holdout,fidelity_constrained_shuffled_geometry__seed11401,fidelity_constrained_shuffled_geometry,11401,15001,6,0.0,0.5137337768923879,1.0,0.903974480485968,0.16785940838746866,6,6,0
PushT,jepa_wm_pusht,17,2,1297,development_holdout,fidelity_constrained_shuffled_geometry__seed11401,fidelity_constrained_shuffled_geometry,11401,15001,1,0.0,nan,1.0,nan,0.060932403453951435,8,0,0
PushT,jepa_wm_pusht,17,2,1297,development_holdout,fidelity_constrained_shuffled_geometry__seed11401,fidelity_constrained_shuffled_geometry,11401,15001,3,0.5789271149086822,0.7279380265827744,0.0,1.754819539364358,0.07445969402911554,4,2,0
PushT,jepa_wm_pusht,17,2,1297,development_holdout,fidelity_constrained_shuffled_geometry__seed11401,fidelity_constrained_shuffled_geometry,11401,15001,6,0.0,0.8828071763779162,1.0,0.7452309243913217,0.08265418549980669,3,3,0
PushT,jepa_wm_pusht,18,2,1709,development_holdout,fidelity_constrained_shuffled_geometry__seed11401,fidelity_constrained_shuffled_geometry,11401,15001,1,0.0,nan,1.0,nan,0.12217752309469809,4,0,0
PushT,jepa_wm_pusht,18,2,1709,development_holdout,fidelity_constrained_shuffled_geometry__seed11401,fidelity_constrained_shuffled_geometry,11401,15001,3,0.44201480759003287,0.34402944298553784,0.0,1.7327443251050165,0.13851182989752875,5,2,0
PushT,jepa_wm_pusht,18,2,1709,development_holdout,fidelity_constrained_shuffled_geometry__seed11401,fidelity_constrained_shuffled_geometry,11401,15001,6,1.0,0.3281574114271841,0.0,1.444231642766483,0.13600702565039727,7,2,0
PushT,jepa_wm_pusht,19,2,913,development_holdout,fidelity_constrained_shuffled_geometry__seed11401,fidelity_constrained_shuffled_geometry,11401,15001,1,1.0,0.6884368852872834,0.0,1.7183185214963945,0.0686653087502517,6,7,0
PushT,jepa_wm_pusht,19,2,913,development_holdout,fidelity_constrained_shuffled_geometry__seed11401,fidelity_constrained_shuffled_geometry,11401,15001,3,0.0,0.8704273322223269,1.0,0.801662712233298,0.08016420225800705,7,7,0
PushT,jepa_wm_pusht,19,2,913,development_holdout,fidelity_constrained_shuffled_geometry__seed11401,fidelity_constrained_shuffled_geometry,11401,15001,6,0.05206520357815755,0.9267617504263587,0.0,1.4804177281003765,0.09310482535079734,7,5,0
PushT,jepa_wm_pusht,20,2,1297,development_holdout,fidelity_constrained_shuffled_geometry__seed11401,fidelity_constrained_shuffled_geometry,11401,15001,1,0.071849549171498,0.8966502293888302,0.0,1.235278985215966,0.05622521313857257,6,8,0
PushT,jepa_wm_pusht,20,2,1297,development_holdout,fidelity_constrained_shuffled_geometry__seed11401,fidelity_constrained_shuffled_geometry,11401,15001,3,0.6926795848253594,0.4576644566507828,0.0,1.501574070981742,0.1461609028038066,2,8,0
PushT,jepa_wm_pusht,20,2,1297,development_holdout,fidelity_constrained_shuffled_geometry__seed11401,fidelity_constrained_shuffled_geometry,11401,15001,6,1.0,0.12590849473095933,0.0,1.6868085299897058,0.2620454222379649,3,8,0
PushT,jepa_wm_pusht,21,2,1709,development_holdout,fidelity_constrained_shuffled_geometry__seed11401,fidelity_constrained_shuffled_geometry,11401,15001,1,0.0,nan,1.0,nan,0.055861221222162714,6,0,0
PushT,jepa_wm_pusht,21,2,1709,development_holdout,fidelity_constrained_shuffled_geometry__seed11401,fidelity_constrained_shuffled_geometry,11401,15001,3,0.7585503102919223,0.5643275434830097,0.0,2.1221958135633563,0.09312467946797444,4,2,0
PushT,jepa_wm_pusht,21,2,1709,development_holdout,fidelity_constrained_shuffled_geometry__seed11401,fidelity_constrained_shuffled_geometry,11401,15001,6,0.0,0.747059857917336,1.0,0.9192094968464689,0.08906494835384235,3,3,0
PushT,jepa_wm_pusht,22,2,913,development_holdout,fidelity_constrained_shuffled_geometry__seed11401,fidelity_constrained_shuffled_geometry,11401,15001,1,1.0,0.2222222222222222,0.0,23.33133360005939,0.050585495426970495,5,6,0
PushT,jepa_wm_pusht,22,2,913,development_holdout,fidelity_constrained_shuffled_geometry__seed11401,fidelity_constrained_shuffled_geometry,11401,15001,3,0.6125149999424588,0.8131392604655538,0.0,0.9558389119835438,0.07023663889173523,6,4,0
PushT,jepa_wm_pusht,22,2,913,development_holdout,fidelity_constrained_shuffled_geometry__seed11401,fidelity_constrained_shuffled_geometry,11401,15001,6,0.16420548128968346,0.7958244707678503,0.0,1.2741605991564366,0.07120694519070277,2,4,0
PushT,jepa_wm_pusht,23,2,1297,development_holdout,fidelity_constrained_shuffled_geometry__seed11401,fidelity_constrained_shuffled_geometry,11401,15001,1,0.5842417127270264,0.05417159893364275,0.0,1.9631204307652022,0.2510916187581174,4,9,0
PushT,jepa_wm_pusht,23,2,1297,development_holdout,fidelity_constrained_shuffled_geometry__seed11401,fidelity_constrained_shuffled_geometry,11401,15001,3,0.05743457222775938,0.5128807555020961,0.0,1.2619524209565023,0.21688601958593262,0,9,1
PushT,jepa_wm_pusht,23,2,1297,development_holdout,fidelity_constrained_shuffled_geometry__seed11401,fidelity_constrained_shuffled_geometry,11401,15001,6,0.00624987304378611,0.33977316979836897,0.0,1.2347267569867766,0.2415546617825021,3,9,0
PushT,jepa_wm_pusht,48,6,913,development_holdout,fidelity_constrained_shuffled_geometry__seed11401,fidelity_constrained_shuffled_geometry,11401,15001,1,0.09012243500443963,0.29379559776484393,0.0,1.9841691676113036,0.057936630746976636,0,9,1
PushT,jepa_wm_pusht,48,6,913,development_holdout,fidelity_constrained_shuffled_geometry__seed11401,fidelity_constrained_shuffled_geometry,11401,15001,3,0.0,0.8994396444822447,1.0,0.5902858954946875,0.09523458934613355,5,5,0
PushT,jepa_wm_pusht,48,6,913,development_holdout,fidelity_constrained_shuffled_geometry__seed11401,fidelity_constrained_shuffled_geometry,11401,15001,6,0.0,0.7249272980315046,1.0,0.9409559067211685,0.1396347041947602,5,5,0
PushT,jepa_wm_pusht,49,6,1297,development_holdout,fidelity_constrained_shuffled_geometry__seed11401,fidelity_constrained_shuffled_geometry,11401,15001,1,0.5243318422105816,0.5725061713211403,0.0,1.6636977583129993,0.08233080739784794,0,5,1
PushT,jepa_wm_pusht,49,6,1297,development_holdout,fidelity_constrained_shuffled_geometry__seed11401,fidelity_constrained_shuffled_geometry,11401,15001,3,0.0,0.9712253272502487,1.0,0.6588840465273414,0.07187675752459369,5,5,0
PushT,jepa_wm_pusht,49,6,1297,development_holdout,fidelity_constrained_shuffled_geometry__seed11401,fidelity_constrained_shuffled_geometry,11401,15001,6,0.0,0.8966187807656122,1.0,0.6285561639932593,0.1415061149347535,5,5,0
PushT,jepa_wm_pusht,50,6,1709,development_holdout,fidelity_constrained_shuffled_geometry__seed11401,fidelity_constrained_shuffled_geometry,11401,15001,1,0.0,0.9832859419964576,1.0,0.5557205131444034,0.04614156196603572,1,1,0
PushT,jepa_wm_pusht,50,6,1709,development_holdout,fidelity_constrained_shuffled_geometry__seed11401,fidelity_constrained_shuffled_geometry,11401,15001,3,0.0,0.9991336558341828,1.0,0.4225660428974074,0.04236385146303904,2,2,0
PushT,jepa_wm_pusht,50,6,1709,development_holdout,fidelity_constrained_shuffled_geometry__seed11401,fidelity_constrained_shuffled_geometry,11401,15001,6,0.0,0.9674052260185616,1.0,0.4792880434407546,0.07577232906889517,2,2,0
PushT,jepa_wm_pusht,51,6,913,development_holdout,fidelity_constrained_shuffled_geometry__seed11401,fidelity_constrained_shuffled_geometry,11401,15001,1,0.0,0.9968981446241947,1.0,1.057461827139675,0.06328119533837287,9,9,0
PushT,jepa_wm_pusht,51,6,913,development_holdout,fidelity_constrained_shuffled_geometry__seed11401,fidelity_constrained_shuffled_geometry,11401,15001,3,0.0,0.9677219337921584,1.0,0.3685449661607048,0.05442759277135349,9,9,0
PushT,jepa_wm_pusht,51,6,913,development_holdout,fidelity_constrained_shuffled_geometry__seed11401,fidelity_constrained_shuffled_geometry,11401,15001,6,0.8517434359994246,0.7472479079413359,0.0,1.1221297256954297,0.09946202389029692,6,9,0
PushT,jepa_wm_pusht,52,6,1297,development_holdout,fidelity_constrained_shuffled_geometry__seed11401,fidelity_constrained_shuffled_geometry,11401,15001,1,0.0,0.3333333333333333,1.0,14.263645812646585,0.1246167783584566,7,0,0
PushT,jepa_wm_pusht,52,6,1297,development_holdout,fidelity_constrained_shuffled_geometry__seed11401,fidelity_constrained_shuffled_geometry,11401,15001,3,0.3477543489605677,0.7375743718546339,0.0,1.6404849314927163,0.07399816750870633,4,2,0
PushT,jepa_wm_pusht,52,6,1297,development_holdout,fidelity_constrained_shuffled_geometry__seed11401,fidelity_constrained_shuffled_geometry,11401,15001,6,0.0,0.9134391510800335,1.0,0.8407446034050066,0.06038183948539204,3,3,0
PushT,jepa_wm_pusht,53,6,1709,development_holdout,fidelity_constrained_shuffled_geometry__seed11401,fidelity_constrained_shuffled_geometry,11401,15001,1,0.43758647622549646,0.30665103529689075,0.0,1.6326809727443523,0.05517894734148062,4,9,0
PushT,jepa_wm_pusht,53,6,1709,development_holdout,fidelity_constrained_shuffled_geometry__seed11401,fidelity_constrained_shuffled_geometry,11401,15001,3,0.02265841164096627,0.9493765305342502,0.0,0.7921878735737125,0.07775875018263621,2,5,0
PushT,jepa_wm_pusht,53,6,1709,development_holdout,fidelity_constrained_shuffled_geometry__seed11401,fidelity_constrained_shuffled_geometry,11401,15001,6,0.11645392932375082,0.9441352897190614,0.0,0.47836489098037016,0.13090976743676477,1,5,0
PushT,jepa_wm_pusht,54,6,913,development_holdout,fidelity_constrained_shuffled_geometry__seed11401,fidelity_constrained_shuffled_geometry,11401,15001,1,0.274829989886387,0.8202212219875608,0.0,1.0646223843946043,0.06679955206947258,6,4,0
PushT,jepa_wm_pusht,54,6,913,development_holdout,fidelity_constrained_shuffled_geometry__seed11401,fidelity_constrained_shuffled_geometry,11401,15001,3,0.0,0.8968938567793392,1.0,0.9736366447549213,0.11493980839335383,4,4,0
PushT,jepa_wm_pusht,54,6,913,development_holdout,fidelity_constrained_shuffled_geometry__seed11401,fidelity_constrained_shuffled_geometry,11401,15001,6,0.0,0.825327738541897,1.0,1.0882193451018933,0.14335027277957405,4,4,0
PushT,jepa_wm_pusht,55,6,1297,development_holdout,fidelity_constrained_shuffled_geometry__seed11401,fidelity_constrained_shuffled_geometry,11401,15001,1,0.0,0.8888888888888888,1.0,1.5476652021285817,0.02936962152726823,0,0,1
PushT,jepa_wm_pusht,55,6,1297,development_holdout,fidelity_constrained_shuffled_geometry__seed11401,fidelity_constrained_shuffled_geometry,11401,15001,3,0.031059595022704112,0.26386057737335517,0.0,1.5876948216131157,0.10930734177645637,7,8,0
PushT,jepa_wm_pusht,55,6,1297,development_holdout,fidelity_constrained_shuffled_geometry__seed11401,fidelity_constrained_shuffled_geometry,11401,15001,6,0.0,0.8573319057740252,1.0,0.8790193784801852,0.0996356803214052,3,3,0
PushT,jepa_wm_pusht,8,1,913,development_holdout,fidelity_constrained_matched_geometry__seed11401,fidelity_constrained_matched_geometry,11401,15001,1,0.0,0.9122833460867856,1.0,1.523991713837747,0.07080177119877133,1,1,0
PushT,jepa_wm_pusht,8,1,913,development_holdout,fidelity_constrained_matched_geometry__seed11401,fidelity_constrained_matched_geometry,11401,15001,3,0.008427652349288942,0.7622859340985564,0.0,1.2682945694913235,0.07352634644548062,4,6,0
PushT,jepa_wm_pusht,8,1,913,development_holdout,fidelity_constrained_matched_geometry__seed11401,fidelity_constrained_matched_geometry,11401,15001,6,0.06384650595620604,0.2697047916430701,0.0,1.6166847901763495,0.13449192493585083,6,1,0
PushT,jepa_wm_pusht,9,1,1297,development_holdout,fidelity_constrained_matched_geometry__seed11401,fidelity_constrained_matched_geometry,11401,15001,1,0.0,0.7037216860137091,1.0,2.128209234326304,0.060028456165988744,1,0,0
PushT,jepa_wm_pusht,9,1,1297,development_holdout,fidelity_constrained_matched_geometry__seed11401,fidelity_constrained_matched_geometry,11401,15001,3,0.7286493483691098,0.33010015553754285,0.0,1.438857860386312,0.10860909445814955,7,2,0
PushT,jepa_wm_pusht,9,1,1297,development_holdout,fidelity_constrained_matched_geometry__seed11401,fidelity_constrained_matched_geometry,11401,15001,6,1.0,0.36788731401865393,0.0,1.2418798278299323,0.12139746985140765,9,3,0
PushT,jepa_wm_pusht,10,1,1709,development_holdout,fidelity_constrained_matched_geometry__seed11401,fidelity_constrained_matched_geometry,11401,15001,1,0.620166319521398,0.42800818333153234,0.0,1.1390720245293764,0.09287842243493627,6,1,0
PushT,jepa_wm_pusht,10,1,1709,development_holdout,fidelity_constrained_matched_geometry__seed11401,fidelity_constrained_matched_geometry,11401,15001,3,0.0,0.8976458749497618,1.0,1.0944037814177894,0.08501831393569922,6,6,0
PushT,jepa_wm_pusht,10,1,1709,development_holdout,fidelity_constrained_matched_geometry__seed11401,fidelity_constrained_matched_geometry,11401,15001,6,0.6789019354624969,0.6688794315007692,0.0,1.5239864012989996,0.11026711567103897,2,6,0
PushT,jepa_wm_pusht,11,1,913,development_holdout,fidelity_constrained_matched_geometry__seed11401,fidelity_constrained_matched_geometry,11401,15001,1,0.45140758138381915,0.8100588077399232,0.0,1.353875686017886,0.05935790886603311,6,7,0
PushT,jepa_wm_pusht,11,1,913,development_holdout,fidelity_constrained_matched_geometry__seed11401,fidelity_constrained_matched_geometry,11401,15001,3,0.0,0.8562715096500304,1.0,0.5983669970095334,0.06356395152681733,6,6,0
PushT,jepa_wm_pusht,11,1,913,development_holdout,fidelity_constrained_matched_geometry__seed11401,fidelity_constrained_matched_geometry,11401,15001,6,1.0,0.33266364093303663,0.0,1.322831228299101,0.13727070282254925,3,6,0
PushT,jepa_wm_pusht,12,1,1297,development_holdout,fidelity_constrained_matched_geometry__seed11401,fidelity_constrained_matched_geometry,11401,15001,1,1.0,0.01504069767859441,0.0,1.355095216319977,0.19709681715931415,9,6,0
PushT,jepa_wm_pusht,12,1,1297,development_holdout,fidelity_constrained_matched_geometry__seed11401,fidelity_constrained_matched_geometry,11401,15001,3,0.09847152877843415,0.5684663915856903,0.0,1.0127306204407318,0.13915901626509447,2,4,0
PushT,jepa_wm_pusht,12,1,1297,development_holdout,fidelity_constrained_matched_geometry__seed11401,fidelity_constrained_matched_geometry,11401,15001,6,0.2031956716648721,0.8872120801489833,0.0,0.7254623628931669,0.11579980035099731,3,2,0
PushT,jepa_wm_pusht,13,1,1709,development_holdout,fidelity_constrained_matched_geometry__seed11401,fidelity_constrained_matched_geometry,11401,15001,1,0.9488516591828323,0.03026845012152947,0.0,1.705373119409142,0.08830674217713552,0,6,1
PushT,jepa_wm_pusht,13,1,1709,development_holdout,fidelity_constrained_matched_geometry__seed11401,fidelity_constrained_matched_geometry,11401,15001,3,0.0,0.8757524589298978,1.0,0.7703241010132349,0.07957058202369213,2,2,0
PushT,jepa_wm_pusht,13,1,1709,development_holdout,fidelity_constrained_matched_geometry__seed11401,fidelity_constrained_matched_geometry,11401,15001,6,0.13238746966896506,0.8390206851606243,0.0,0.8098430615302633,0.12343126651027658,6,2,0
PushT,jepa_wm_pusht,14,1,913,development_holdout,fidelity_constrained_matched_geometry__seed11401,fidelity_constrained_matched_geometry,11401,15001,1,0.0,nan,1.0,nan,0.08850050533898976,5,0,0
PushT,jepa_wm_pusht,14,1,913,development_holdout,fidelity_constrained_matched_geometry__seed11401,fidelity_constrained_matched_geometry,11401,15001,3,0.22439910568143512,0.9220205983224331,0.0,0.7251250852223073,0.055099809354619944,5,2,0
PushT,jepa_wm_pusht,14,1,913,development_holdout,fidelity_constrained_matched_geometry__seed11401,fidelity_constrained_matched_geometry,11401,15001,6,0.0,0.939578869171241,1.0,0.6196268855761404,0.08355348829330425,2,2,0
PushT,jepa_wm_pusht,15,1,1297,development_holdout,fidelity_constrained_matched_geometry__seed11401,fidelity_constrained_matched_geometry,11401,15001,1,0.0,nan,1.0,nan,0.04249149893420917,6,0,0
PushT,jepa_wm_pusht,15,1,1297,development_holdout,fidelity_constrained_matched_geometry__seed11401,fidelity_constrained_matched_geometry,11401,15001,3,0.6474833555978032,0.36912261713257594,0.0,1.4237072311373185,0.0609815648754133,6,2,0
PushT,jepa_wm_pusht,15,1,1297,development_holdout,fidelity_constrained_matched_geometry__seed11401,fidelity_constrained_matched_geometry,11401,15001,6,0.0,0.9692579701255484,1.0,0.6012760237124651,0.06820633851836927,3,3,0
PushT,jepa_wm_pusht,16,2,913,development_holdout,fidelity_constrained_matched_geometry__seed11401,fidelity_constrained_matched_geometry,11401,15001,1,0.04667333317829818,0.9738755864786748,0.0,0.583003455017198,0.056162861661748296,6,4,0
PushT,jepa_wm_pusht,16,2,913,development_holdout,fidelity_constrained_matched_geometry__seed11401,fidelity_constrained_matched_geometry,11401,15001,3,0.0,0.7652800411070475,1.0,1.0993945195058603,0.1255935646436017,6,6,0
PushT,jepa_wm_pusht,16,2,913,development_holdout,fidelity_constrained_matched_geometry__seed11401,fidelity_constrained_matched_geometry,11401,15001,6,0.0,0.5715270591642655,1.0,0.9584223726394265,0.14359526823082555,6,6,0
PushT,jepa_wm_pusht,17,2,1297,development_holdout,fidelity_constrained_matched_geometry__seed11401,fidelity_constrained_matched_geometry,11401,15001,1,0.0,nan,1.0,nan,0.06074322459944546,8,0,0
PushT,jepa_wm_pusht,17,2,1297,development_holdout,fidelity_constrained_matched_geometry__seed11401,fidelity_constrained_matched_geometry,11401,15001,3,0.5789271149086822,0.7279380265827744,0.0,1.9315722213145081,0.07637893831316446,4,2,0
PushT,jepa_wm_pusht,17,2,1297,development_holdout,fidelity_constrained_matched_geometry__seed11401,fidelity_constrained_matched_geometry,11401,15001,6,0.27989109651126526,0.8628636524391975,0.0,0.8597454169143335,0.08741413293016592,2,3,0
PushT,jepa_wm_pusht,18,2,1709,development_holdout,fidelity_constrained_matched_geometry__seed11401,fidelity_constrained_matched_geometry,11401,15001,1,0.0,nan,1.0,nan,0.12283012990534829,4,0,0
PushT,jepa_wm_pusht,18,2,1709,development_holdout,fidelity_constrained_matched_geometry__seed11401,fidelity_constrained_matched_geometry,11401,15001,3,0.44201480759003287,0.41833008373243963,0.0,2.2570447650519005,0.13386050305142205,5,2,0
PushT,jepa_wm_pusht,18,2,1709,development_holdout,fidelity_constrained_matched_geometry__seed11401,fidelity_constrained_matched_geometry,11401,15001,6,1.0,0.44048094745665484,0.0,1.3198847628940107,0.12500948289662214,7,2,0
PushT,jepa_wm_pusht,19,2,913,development_holdout,fidelity_constrained_matched_geometry__seed11401,fidelity_constrained_matched_geometry,11401,15001,1,1.0,0.3312654053678445,0.0,1.9152630920880296,0.049369187803153206,1,7,0
PushT,jepa_wm_pusht,19,2,913,development_holdout,fidelity_constrained_matched_geometry__seed11401,fidelity_constrained_matched_geometry,11401,15001,3,0.0,0.812940440633841,1.0,0.9773233315487104,0.0725296273082093,7,7,0
PushT,jepa_wm_pusht,19,2,913,development_holdout,fidelity_constrained_matched_geometry__seed11401,fidelity_constrained_matched_geometry,11401,15001,6,0.05206520357815755,0.9156420515644179,0.0,1.5523888663289802,0.08687814739718083,7,5,0
PushT,jepa_wm_pusht,20,2,1297,development_holdout,fidelity_constrained_matched_geometry__seed11401,fidelity_constrained_matched_geometry,11401,15001,1,0.2204153882995534,0.8892534169868382,0.0,1.2517148239315983,0.0603520521683769,4,8,0
PushT,jepa_wm_pusht,20,2,1297,development_holdout,fidelity_constrained_matched_geometry__seed11401,fidelity_constrained_matched_geometry,11401,15001,3,0.4266659652735245,0.5479482930757776,0.0,1.544195736375918,0.15354054936670275,4,8,0
PushT,jepa_wm_pusht,20,2,1297,development_holdout,fidelity_constrained_matched_geometry__seed11401,fidelity_constrained_matched_geometry,11401,15001,6,1.0,0.15008438841358834,0.0,1.7807518203649253,0.25339217540484554,3,8,0
PushT,jepa_wm_pusht,21,2,1709,development_holdout,fidelity_constrained_matched_geometry__seed11401,fidelity_constrained_matched_geometry,11401,15001,1,0.0,nan,1.0,nan,0.05761286311156093,6,0,0
PushT,jepa_wm_pusht,21,2,1709,development_holdout,fidelity_constrained_matched_geometry__seed11401,fidelity_constrained_matched_geometry,11401,15001,3,0.7585503102919223,0.5958583078314007,0.0,2.3025446268067626,0.09789912448625088,4,2,0
PushT,jepa_wm_pusht,21,2,1709,development_holdout,fidelity_constrained_matched_geometry__seed11401,fidelity_constrained_matched_geometry,11401,15001,6,0.0,0.8086460205638093,1.0,0.8220242883659429,0.07975701728260437,3,3,0
PushT,jepa_wm_pusht,22,2,913,development_holdout,fidelity_constrained_matched_geometry__seed11401,fidelity_constrained_matched_geometry,11401,15001,1,1.0,0.2222222222222222,0.0,18.967362785571805,0.04444010859596701,5,6,0
PushT,jepa_wm_pusht,22,2,913,development_holdout,fidelity_constrained_matched_geometry__seed11401,fidelity_constrained_matched_geometry,11401,15001,3,0.6125149999424588,0.8071138070131028,0.0,0.8673079511201283,0.07163415528880002,6,4,0
PushT,jepa_wm_pusht,22,2,913,development_holdout,fidelity_constrained_matched_geometry__seed11401,fidelity_constrained_matched_geometry,11401,15001,6,0.16420548128968346,0.8377229997412813,0.0,1.0028955665772483,0.06355551054877631,2,4,0
PushT,jepa_wm_pusht,23,2,1297,development_holdout,fidelity_constrained_matched_geometry__seed11401,fidelity_constrained_matched_geometry,11401,15001,1,0.5842417127270264,0.17169813732167108,0.0,1.9690426785495623,0.2604125896179771,4,9,0
PushT,jepa_wm_pusht,23,2,1297,development_holdout,fidelity_constrained_matched_geometry__seed11401,fidelity_constrained_matched_geometry,11401,15001,3,0.13340500380456333,0.5015056576627168,0.0,1.3323218359468165,0.23045521565453808,1,9,0
PushT,jepa_wm_pusht,23,2,1297,development_holdout,fidelity_constrained_matched_geometry__seed11401,fidelity_constrained_matched_geometry,11401,15001,6,0.00624987304378611,0.49311446944812914,0.0,1.185561419829301,0.2632461797525595,3,9,0
PushT,jepa_wm_pusht,48,6,913,development_holdout,fidelity_constrained_matched_geometry__seed11401,fidelity_constrained_matched_geometry,11401,15001,1,0.09012243500443963,0.30618157417711417,0.0,2.0434314250050467,0.06261940665135426,0,9,1
PushT,jepa_wm_pusht,48,6,913,development_holdout,fidelity_constrained_matched_geometry__seed11401,fidelity_constrained_matched_geometry,11401,15001,3,0.0,0.9445848382514314,1.0,0.6473695847864495,0.09203943723940684,5,5,0
PushT,jepa_wm_pusht,48,6,913,development_holdout,fidelity_constrained_matched_geometry__seed11401,fidelity_constrained_matched_geometry,11401,15001,6,0.0,0.7210536873095227,1.0,0.9563105264207048,0.14663104535358096,5,5,0
PushT,jepa_wm_pusht,49,6,1297,development_holdout,fidelity_constrained_matched_geometry__seed11401,fidelity_constrained_matched_geometry,11401,15001,1,0.3961841050703398,0.580304948287324,0.0,2.0344854585113588,0.08707096158506229,9,5,0
PushT,jepa_wm_pusht,49,6,1297,development_holdout,fidelity_constrained_matched_geometry__seed11401,fidelity_constrained_matched_geometry,11401,15001,3,0.0,0.9523091559943566,1.0,0.7286232014254458,0.07309643635852238,5,5,0
PushT,jepa_wm_pusht,49,6,1297,development_holdout,fidelity_constrained_matched_geometry__seed11401,fidelity_constrained_matched_geometry,11401,15001,6,0.0,0.8800212958231343,1.0,0.6886263511371814,0.13970549791146233,5,5,0
PushT,jepa_wm_pusht,50,6,1709,development_holdout,fidelity_constrained_matched_geometry__seed11401,fidelity_constrained_matched_geometry,11401,15001,1,0.0,0.9832859419964576,1.0,0.7122287828063375,0.038820612907416,1,1,0
PushT,jepa_wm_pusht,50,6,1709,development_holdout,fidelity_constrained_matched_geometry__seed11401,fidelity_constrained_matched_geometry,11401,15001,3,0.0,0.9991336558341828,1.0,0.3642512363269654,0.046926900481678316,2,2,0
PushT,jepa_wm_pusht,50,6,1709,development_holdout,fidelity_constrained_matched_geometry__seed11401,fidelity_constrained_matched_geometry,11401,15001,6,0.19887118635918416,0.948110303175043,0.0,0.4188206161244234,0.06908392744588021,1,2,0
PushT,jepa_wm_pusht,51,6,913,development_holdout,fidelity_constrained_matched_geometry__seed11401,fidelity_constrained_matched_geometry,11401,15001,1,0.0,0.9968981446241947,1.0,1.2248450375899858,0.05687600402542502,9,9,0
PushT,jepa_wm_pusht,51,6,913,development_holdout,fidelity_constrained_matched_geometry__seed11401,fidelity_constrained_matched_geometry,11401,15001,3,0.3533778267573249,0.9446473274593091,0.0,0.575866730856386,0.058952189806279434,7,9,0
PushT,jepa_wm_pusht,51,6,913,development_holdout,fidelity_constrained_matched_geometry__seed11401,fidelity_constrained_matched_geometry,11401,15001,6,0.8517434359994246,0.7523185011468358,0.0,1.1132446122243562,0.09800469574613421,6,9,0
PushT,jepa_wm_pusht,52,6,1297,development_holdout,fidelity_constrained_matched_geometry__seed11401,fidelity_constrained_matched_geometry,11401,15001,1,0.0,0.5555555555555556,1.0,14.46296534589666,0.13213545402259538,7,0,0
PushT,jepa_wm_pusht,52,6,1297,development_holdout,fidelity_constrained_matched_geometry__seed11401,fidelity_constrained_matched_geometry,11401,15001,3,0.3477543489605677,0.7375743718546339,0.0,1.702126096831045,0.07807881957906833,4,2,0
PushT,jepa_wm_pusht,52,6,1297,development_holdout,fidelity_constrained_matched_geometry__seed11401,fidelity_constrained_matched_geometry,11401,15001,6,0.0,0.8321264620337411,1.0,0.9372562447455999,0.0649938380629374,3,3,0
PushT,jepa_wm_pusht,53,6,1709,development_holdout,fidelity_constrained_matched_geometry__seed11401,fidelity_constrained_matched_geometry,11401,15001,1,0.22071215478288175,0.50233804448958,0.0,1.35112615911094,0.051399263460493505,1,9,0
PushT,jepa_wm_pusht,53,6,1709,development_holdout,fidelity_constrained_matched_geometry__seed11401,fidelity_constrained_matched_geometry,11401,15001,3,0.02265841164096627,0.9493765305342502,0.0,0.8352212398682486,0.08078248888754938,2,5,0
PushT,jepa_wm_pusht,53,6,1709,development_holdout,fidelity_constrained_matched_geometry__seed11401,fidelity_constrained_matched_geometry,11401,15001,6,0.11645392932375082,0.9453049582604588,0.0,0.6292182366251007,0.13513668637275614,1,5,0
PushT,jepa_wm_pusht,54,6,913,development_holdout,fidelity_constrained_matched_geometry__seed11401,fidelity_constrained_matched_geometry,11401,15001,1,0.274829989886387,0.7827810676637567,0.0,1.1858043739714417,0.07245050568366995,6,4,0
PushT,jepa_wm_pusht,54,6,913,development_holdout,fidelity_constrained_matched_geometry__seed11401,fidelity_constrained_matched_geometry,11401,15001,3,0.0,0.8968938567793392,1.0,0.9235680774040567,0.11500674568669973,4,4,0
PushT,jepa_wm_pusht,54,6,913,development_holdout,fidelity_constrained_matched_geometry__seed11401,fidelity_constrained_matched_geometry,11401,15001,6,0.0,0.7866763440711387,1.0,1.2798469607626075,0.1487733577889357,4,4,0
PushT,jepa_wm_pusht,55,6,1297,development_holdout,fidelity_constrained_matched_geometry__seed11401,fidelity_constrained_matched_geometry,11401,15001,1,0.0,0.8888888888888888,1.0,1.1957819512355798,0.026566378557176733,7,0,0
PushT,jepa_wm_pusht,55,6,1297,development_holdout,fidelity_constrained_matched_geometry__seed11401,fidelity_constrained_matched_geometry,11401,15001,3,0.031059595022704112,0.25453426304278304,0.0,1.5047245839484573,0.10996017600792388,7,8,0
PushT,jepa_wm_pusht,55,6,1297,development_holdout,fidelity_constrained_matched_geometry__seed11401,fidelity_constrained_matched_geometry,11401,15001,6,0.0,0.8435101032833721,1.0,0.9694870254498489,0.10477735818186015,3,3,0
PushT,jepa_wm_pusht,8,1,913,development_holdout,fidelity_constrained_latent_only__seed11419,fidelity_constrained_latent_only,11419,15001,1,0.08148739372120142,0.8703066771894553,0.0,1.7426157137519405,0.07725746541907519,5,1,0
PushT,jepa_wm_pusht,8,1,913,development_holdout,fidelity_constrained_latent_only__seed11419,fidelity_constrained_latent_only,11419,15001,3,0.008427652349288942,0.7622859340985564,0.0,1.2994156573311382,0.07924232695782467,4,6,0
PushT,jepa_wm_pusht,8,1,913,development_holdout,fidelity_constrained_latent_only__seed11419,fidelity_constrained_latent_only,11419,15001,6,0.06384650595620604,0.2506582275242099,0.0,1.7091979394615036,0.1391559528256247,6,1,0
PushT,jepa_wm_pusht,9,1,1297,development_holdout,fidelity_constrained_latent_only__seed11419,fidelity_constrained_latent_only,11419,15001,1,0.0,0.6435516527166674,1.0,2.2141069423903046,0.060786647365606496,1,0,0
PushT,jepa_wm_pusht,9,1,1297,development_holdout,fidelity_constrained_latent_only__seed11419,fidelity_constrained_latent_only,11419,15001,3,0.7286493483691098,0.2764624015710857,0.0,1.405476399030203,0.10721426539641325,7,2,0
PushT,jepa_wm_pusht,9,1,1297,development_holdout,fidelity_constrained_latent_only__seed11419,fidelity_constrained_latent_only,11419,15001,6,1.0,0.346268566903667,0.0,1.2285881855177974,0.11560168593272017,9,3,0
PushT,jepa_wm_pusht,10,1,1709,development_holdout,fidelity_constrained_latent_only__seed11419,fidelity_constrained_latent_only,11419,15001,1,0.620166319521398,0.42800818333153234,0.0,1.2327537928779368,0.09118957812145002,6,1,0
PushT,jepa_wm_pusht,10,1,1709,development_holdout,fidelity_constrained_latent_only__seed11419,fidelity_constrained_latent_only,11419,15001,3,0.0,0.8571764214952159,1.0,1.130520991151141,0.08723308253059572,6,6,0
PushT,jepa_wm_pusht,10,1,1709,development_holdout,fidelity_constrained_latent_only__seed11419,fidelity_constrained_latent_only,11419,15001,6,0.6789019354624969,0.6136283134789052,0.0,1.6953499383451607,0.11618101996827143,2,6,0
PushT,jepa_wm_pusht,11,1,913,development_holdout,fidelity_constrained_latent_only__seed11419,fidelity_constrained_latent_only,11419,15001,1,0.45140758138381915,0.7035788316630996,0.0,1.2782883299878782,0.05430289888889626,6,7,0
PushT,jepa_wm_pusht,11,1,913,development_holdout,fidelity_constrained_latent_only__seed11419,fidelity_constrained_latent_only,11419,15001,3,0.0,0.8656582360741004,1.0,0.6396172522866651,0.06165827378394663,6,6,0
PushT,jepa_wm_pusht,11,1,913,development_holdout,fidelity_constrained_latent_only__seed11419,fidelity_constrained_latent_only,11419,15001,6,1.0,0.31745093499095867,0.0,1.3799404429869222,0.14348141178314672,3,6,0
PushT,jepa_wm_pusht,12,1,1297,development_holdout,fidelity_constrained_latent_only__seed11419,fidelity_constrained_latent_only,11419,15001,1,1.0,0.006751572468925901,0.0,1.4373278340812097,0.2003951279422183,9,6,0
PushT,jepa_wm_pusht,12,1,1297,development_holdout,fidelity_constrained_latent_only__seed11419,fidelity_constrained_latent_only,11419,15001,3,0.09847152877843415,0.5829905942356233,0.0,1.0474101381478453,0.14027675725376149,2,4,0
PushT,jepa_wm_pusht,12,1,1297,development_holdout,fidelity_constrained_latent_only__seed11419,fidelity_constrained_latent_only,11419,15001,6,0.2031956716648721,0.8369054504844416,0.0,0.7792745914114593,0.12478246176502442,3,2,0
PushT,jepa_wm_pusht,13,1,1709,development_holdout,fidelity_constrained_latent_only__seed11419,fidelity_constrained_latent_only,11419,15001,1,0.9488516591828323,0.023365536022040206,0.0,1.7275057652269539,0.09723165040140046,0,6,1
PushT,jepa_wm_pusht,13,1,1709,development_holdout,fidelity_constrained_latent_only__seed11419,fidelity_constrained_latent_only,11419,15001,3,0.0,0.8389117433273928,1.0,0.7684870250792235,0.07930024326943197,2,2,0
PushT,jepa_wm_pusht,13,1,1709,development_holdout,fidelity_constrained_latent_only__seed11419,fidelity_constrained_latent_only,11419,15001,6,0.13238746966896506,0.7693799028238042,0.0,0.7799396204471835,0.12648592186119675,6,2,0
PushT,jepa_wm_pusht,14,1,913,development_holdout,fidelity_constrained_latent_only__seed11419,fidelity_constrained_latent_only,11419,15001,1,0.0,nan,1.0,nan,0.0849187074434164,5,0,0
PushT,jepa_wm_pusht,14,1,913,development_holdout,fidelity_constrained_latent_only__seed11419,fidelity_constrained_latent_only,11419,15001,3,0.22439910568143512,0.9220205983224331,0.0,0.8787462912020568,0.05657801264642341,5,2,0
PushT,jepa_wm_pusht,14,1,913,development_holdout,fidelity_constrained_latent_only__seed11419,fidelity_constrained_latent_only,11419,15001,6,0.0,0.955098294142873,1.0,0.6043954907638177,0.07925774718903439,2,2,0
PushT,jepa_wm_pusht,15,1,1297,development_holdout,fidelity_constrained_latent_only__seed11419,fidelity_constrained_latent_only,11419,15001,1,0.0,nan,1.0,nan,0.04346213919910889,6,0,0
PushT,jepa_wm_pusht,15,1,1297,development_holdout,fidelity_constrained_latent_only__seed11419,fidelity_constrained_latent_only,11419,15001,3,0.6474833555978032,0.36789262616292717,0.0,1.219198004537055,0.0590242531219544,6,2,0
PushT,jepa_wm_pusht,15,1,1297,development_holdout,fidelity_constrained_latent_only__seed11419,fidelity_constrained_latent_only,11419,15001,6,0.0,0.978115608190515,1.0,0.6572396913416121,0.06969160193302346,3,3,0
PushT,jepa_wm_pusht,16,2,913,development_holdout,fidelity_constrained_latent_only__seed11419,fidelity_constrained_latent_only,11419,15001,1,0.04667333317829818,0.9738755864786748,0.0,0.6818566068749964,0.054335594219983,6,4,0
PushT,jepa_wm_pusht,16,2,913,development_holdout,fidelity_constrained_latent_only__seed11419,fidelity_constrained_latent_only,11419,15001,3,0.0,0.7714563941976694,1.0,0.9947386801750574,0.12626773019454932,6,6,0
PushT,jepa_wm_pusht,16,2,913,development_holdout,fidelity_constrained_latent_only__seed11419,fidelity_constrained_latent_only,11419,15001,6,0.0,0.4963376841622818,1.0,0.9364280435154967,0.15686569290614244,6,6,0
PushT,jepa_wm_pusht,17,2,1297,development_holdout,fidelity_constrained_latent_only__seed11419,fidelity_constrained_latent_only,11419,15001,1,0.0,nan,1.0,nan,0.06730714341397459,8,0,0
PushT,jepa_wm_pusht,17,2,1297,development_holdout,fidelity_constrained_latent_only__seed11419,fidelity_constrained_latent_only,11419,15001,3,0.5789271149086822,0.7279380265827744,0.0,1.9430516789810242,0.07587883694186767,4,2,0
PushT,jepa_wm_pusht,17,2,1297,development_holdout,fidelity_constrained_latent_only__seed11419,fidelity_constrained_latent_only,11419,15001,6,0.27989109651126526,0.8628636524391975,0.0,0.9058113822178604,0.08856227144453788,2,3,0
PushT,jepa_wm_pusht,18,2,1709,development_holdout,fidelity_constrained_latent_only__seed11419,fidelity_constrained_latent_only,11419,15001,1,0.0,nan,1.0,nan,0.12730881901558105,4,0,0
PushT,jepa_wm_pusht,18,2,1709,development_holdout,fidelity_constrained_latent_only__seed11419,fidelity_constrained_latent_only,11419,15001,3,0.44201480759003287,0.3609723174536348,0.0,2.1131082030098107,0.14027615322278914,5,2,0
PushT,jepa_wm_pusht,18,2,1709,development_holdout,fidelity_constrained_latent_only__seed11419,fidelity_constrained_latent_only,11419,15001,6,0.36289437302384253,0.48976423963068283,0.0,1.3927376805775638,0.12697570043684947,5,2,0
PushT,jepa_wm_pusht,19,2,913,development_holdout,fidelity_constrained_latent_only__seed11419,fidelity_constrained_latent_only,11419,15001,1,1.0,0.3318591250542815,0.0,2.6783416753573657,0.04654698800901373,1,7,0
PushT,jepa_wm_pusht,19,2,913,development_holdout,fidelity_constrained_latent_only__seed11419,fidelity_constrained_latent_only,11419,15001,3,0.0,0.8191967758982338,1.0,0.9825875586265441,0.06948349751158302,7,7,0
PushT,jepa_wm_pusht,19,2,913,development_holdout,fidelity_constrained_latent_only__seed11419,fidelity_constrained_latent_only,11419,15001,6,0.05206520357815755,0.9156420515644179,0.0,1.5661125772608326,0.08408060156438676,7,5,0
PushT,jepa_wm_pusht,20,2,1297,development_holdout,fidelity_constrained_latent_only__seed11419,fidelity_constrained_latent_only,11419,15001,1,0.071849549171498,0.8966502293888302,0.0,1.5463932296389697,0.06476891272316172,6,8,0
PushT,jepa_wm_pusht,20,2,1297,development_holdout,fidelity_constrained_latent_only__seed11419,fidelity_constrained_latent_only,11419,15001,3,0.4266659652735245,0.5479482930757776,0.0,1.5688397200719604,0.15934243390429742,4,8,0
PushT,jepa_wm_pusht,20,2,1297,development_holdout,fidelity_constrained_latent_only__seed11419,fidelity_constrained_latent_only,11419,15001,6,1.0,0.13674464666382158,0.0,1.792149217092271,0.2576750950071618,3,8,0
PushT,jepa_wm_pusht,21,2,1709,development_holdout,fidelity_constrained_latent_only__seed11419,fidelity_constrained_latent_only,11419,15001,1,0.0,nan,1.0,nan,0.046616599751399194,6,0,0
PushT,jepa_wm_pusht,21,2,1709,development_holdout,fidelity_constrained_latent_only__seed11419,fidelity_constrained_latent_only,11419,15001,3,0.7585503102919223,0.5643275434830097,0.0,2.2688507132056133,0.08110879361242455,4,2,0
PushT,jepa_wm_pusht,21,2,1709,development_holdout,fidelity_constrained_latent_only__seed11419,fidelity_constrained_latent_only,11419,15001,6,0.0,0.8086460205638093,1.0,0.8237827488274961,0.08290881817004628,3,3,0
PushT,jepa_wm_pusht,22,2,913,development_holdout,fidelity_constrained_latent_only__seed11419,fidelity_constrained_latent_only,11419,15001,1,1.0,0.1111111111111111,0.0,27.56036792285426,0.04458258363621336,5,6,0
PushT,jepa_wm_pusht,22,2,913,development_holdout,fidelity_constrained_latent_only__seed11419,fidelity_constrained_latent_only,11419,15001,3,0.6125149999424588,0.8010883535606517,0.0,0.8672562896125803,0.06698256867914987,6,4,0
PushT,jepa_wm_pusht,22,2,913,development_holdout,fidelity_constrained_latent_only__seed11419,fidelity_constrained_latent_only,11419,15001,6,0.16420548128968346,0.8968671306768167,0.0,0.9676587847951615,0.062313059830497765,2,4,0
PushT,jepa_wm_pusht,23,2,1297,development_holdout,fidelity_constrained_latent_only__seed11419,fidelity_constrained_latent_only,11419,15001,1,0.5842417127270264,0.17169813732167108,0.0,1.9382354070757146,0.25162336838928084,4,9,0
PushT,jepa_wm_pusht,23,2,1297,development_holdout,fidelity_constrained_latent_only__seed11419,fidelity_constrained_latent_only,11419,15001,3,0.13340500380456333,0.539325002720012,0.0,1.3354167010136206,0.22471305696920912,1,9,0
PushT,jepa_wm_pusht,23,2,1297,development_holdout,fidelity_constrained_latent_only__seed11419,fidelity_constrained_latent_only,11419,15001,6,0.00624987304378611,0.567215419055672,0.0,1.1871220476596878,0.2607202584242453,3,9,0
PushT,jepa_wm_pusht,48,6,913,development_holdout,fidelity_constrained_latent_only__seed11419,fidelity_constrained_latent_only,11419,15001,1,0.09012243500443963,0.364407196678672,0.0,1.9995504363706909,0.06179237517393833,0,9,1
PushT,jepa_wm_pusht,48,6,913,development_holdout,fidelity_constrained_latent_only__seed11419,fidelity_constrained_latent_only,11419,15001,3,0.0,0.9064864151916818,1.0,0.6746497713507764,0.09363670951184895,5,5,0
PushT,jepa_wm_pusht,48,6,913,development_holdout,fidelity_constrained_latent_only__seed11419,fidelity_constrained_latent_only,11419,15001,6,0.0,0.7210536873095227,1.0,0.9188296864802324,0.14056497211785687,5,5,0
PushT,jepa_wm_pusht,49,6,1297,development_holdout,fidelity_constrained_latent_only__seed11419,fidelity_constrained_latent_only,11419,15001,1,0.3961841050703398,0.580304948287324,0.0,2.018469246293918,0.0820630712643347,9,5,0
PushT,jepa_wm_pusht,49,6,1297,development_holdout,fidelity_constrained_latent_only__seed11419,fidelity_constrained_latent_only,11419,15001,3,0.0,0.9712253272502487,1.0,0.7476523857100802,0.07307756690432822,5,5,0
PushT,jepa_wm_pusht,49,6,1297,development_holdout,fidelity_constrained_latent_only__seed11419,fidelity_constrained_latent_only,11419,15001,6,0.0,0.890968525988461,1.0,0.6709743264606122,0.13623734847117205,5,5,0
PushT,jepa_wm_pusht,50,6,1709,development_holdout,fidelity_constrained_latent_only__seed11419,fidelity_constrained_latent_only,11419,15001,1,0.0,0.9832859419964576,1.0,0.7393803021073565,0.0376965527469845,1,1,0
PushT,jepa_wm_pusht,50,6,1709,development_holdout,fidelity_constrained_latent_only__seed11419,fidelity_constrained_latent_only,11419,15001,3,0.0,0.9991336558341828,1.0,0.38748137620810236,0.044804406103900116,2,2,0
PushT,jepa_wm_pusht,50,6,1709,development_holdout,fidelity_constrained_latent_only__seed11419,fidelity_constrained_latent_only,11419,15001,6,0.19887118635918416,0.9535245412610995,0.0,0.5464083793638764,0.07780390712771171,1,2,0
PushT,jepa_wm_pusht,51,6,913,development_holdout,fidelity_constrained_latent_only__seed11419,fidelity_constrained_latent_only,11419,15001,1,0.0,0.9968981446241947,1.0,1.1852438175449647,0.055627684361858235,9,9,0
PushT,jepa_wm_pusht,51,6,913,development_holdout,fidelity_constrained_latent_only__seed11419,fidelity_constrained_latent_only,11419,15001,3,0.3533778267573249,0.9349475669071572,0.0,0.6038682230401782,0.05949214606459531,7,9,0
PushT,jepa_wm_pusht,51,6,913,development_holdout,fidelity_constrained_latent_only__seed11419,fidelity_constrained_latent_only,11419,15001,6,0.0,0.9224597470232038,1.0,1.0044908875445917,0.09496683892323184,9,9,0
PushT,jepa_wm_pusht,52,6,1297,development_holdout,fidelity_constrained_latent_only__seed11419,fidelity_constrained_latent_only,11419,15001,1,0.0,0.4444444444444444,1.0,15.220918531921317,0.14742694615872456,7,0,0
PushT,jepa_wm_pusht,52,6,1297,development_holdout,fidelity_constrained_latent_only__seed11419,fidelity_constrained_latent_only,11419,15001,3,0.3477543489605677,0.7375743718546339,0.0,1.8702319808383647,0.08589628690083514,4,2,0
PushT,jepa_wm_pusht,52,6,1297,development_holdout,fidelity_constrained_latent_only__seed11419,fidelity_constrained_latent_only,11419,15001,6,0.0,0.7899215713663117,1.0,1.1378194953195853,0.07873015310160128,3,3,0
PushT,jepa_wm_pusht,53,6,1709,development_holdout,fidelity_constrained_latent_only__seed11419,fidelity_constrained_latent_only,11419,15001,1,0.22071215478288175,0.405564667448027,0.0,1.6930729165958336,0.0529193190479139,1,9,0
PushT,jepa_wm_pusht,53,6,1709,development_holdout,fidelity_constrained_latent_only__seed11419,fidelity_constrained_latent_only,11419,15001,3,0.02265841164096627,0.9493765305342502,0.0,0.8557834686230051,0.08159456209620829,2,5,0
PushT,jepa_wm_pusht,53,6,1709,development_holdout,fidelity_constrained_latent_only__seed11419,fidelity_constrained_latent_only,11419,15001,6,0.11645392932375082,0.9453049582604588,0.0,0.644417836396844,0.13417530133958572,1,5,0
PushT,jepa_wm_pusht,54,6,913,development_holdout,fidelity_constrained_latent_only__seed11419,fidelity_constrained_latent_only,11419,15001,1,0.274829989886387,0.7827810676637567,0.0,1.256246331254609,0.07616380708956119,6,4,0
PushT,jepa_wm_pusht,54,6,913,development_holdout,fidelity_constrained_latent_only__seed11419,fidelity_constrained_latent_only,11419,15001,3,0.0,0.9328169954886311,1.0,0.7946970413881147,0.11362178783560026,4,4,0
PushT,jepa_wm_pusht,54,6,913,development_holdout,fidelity_constrained_latent_only__seed11419,fidelity_constrained_latent_only,11419,15001,6,0.0,0.8357732515652931,1.0,1.2437175160972842,0.14626655843697878,4,4,0
PushT,jepa_wm_pusht,55,6,1297,development_holdout,fidelity_constrained_latent_only__seed11419,fidelity_constrained_latent_only,11419,15001,1,0.0,0.8888888888888888,1.0,1.1420566244686268,0.0223381496882546,0,0,1
PushT,jepa_wm_pusht,55,6,1297,development_holdout,fidelity_constrained_latent_only__seed11419,fidelity_constrained_latent_only,11419,15001,3,0.5069549095951416,0.07102907171255256,0.0,1.5509089577326367,0.11043215305562104,4,8,0
PushT,jepa_wm_pusht,55,6,1297,development_holdout,fidelity_constrained_latent_only__seed11419,fidelity_constrained_latent_only,11419,15001,6,0.0,0.8922092443958732,1.0,0.970176708865258,0.10853957687199597,3,3,0
PushT,jepa_wm_pusht,8,1,913,development_holdout,fidelity_constrained_shuffled_geometry__seed11419,fidelity_constrained_shuffled_geometry,11419,15001,1,0.0,0.9122833460867856,1.0,1.5523097728691029,0.07077315364954476,1,1,0
PushT,jepa_wm_pusht,8,1,913,development_holdout,fidelity_constrained_shuffled_geometry__seed11419,fidelity_constrained_shuffled_geometry,11419,15001,3,0.008427652349288942,0.7349496865109818,0.0,1.1433791088354772,0.07243979279945933,4,6,0
PushT,jepa_wm_pusht,8,1,913,development_holdout,fidelity_constrained_shuffled_geometry__seed11419,fidelity_constrained_shuffled_geometry,11419,15001,6,1.0,0.16712155205022347,0.0,1.5936740163337202,0.12664144549421869,3,1,0
PushT,jepa_wm_pusht,9,1,1297,development_holdout,fidelity_constrained_shuffled_geometry__seed11419,fidelity_constrained_shuffled_geometry,11419,15001,1,0.0,0.5717719134139435,1.0,2.6414334158428154,0.06679567906224701,1,0,0
PushT,jepa_wm_pusht,9,1,1297,development_holdout,fidelity_constrained_shuffled_geometry__seed11419,fidelity_constrained_shuffled_geometry,11419,15001,3,0.7286493483691098,0.2975439808543403,0.0,1.4210014053268398,0.1041448196042318,7,2,0
PushT,jepa_wm_pusht,9,1,1297,development_holdout,fidelity_constrained_shuffled_geometry__seed11419,fidelity_constrained_shuffled_geometry,11419,15001,6,0.8502269524673542,0.20840874578921156,0.0,1.328800040567753,0.12512766840436748,7,3,0
PushT,jepa_wm_pusht,10,1,1709,development_holdout,fidelity_constrained_shuffled_geometry__seed11419,fidelity_constrained_shuffled_geometry,11419,15001,1,0.620166319521398,0.42800818333153234,0.0,1.1580897479908256,0.09190433902004931,6,1,0
PushT,jepa_wm_pusht,10,1,1709,development_holdout,fidelity_constrained_shuffled_geometry__seed11419,fidelity_constrained_shuffled_geometry,11419,15001,3,0.0,0.8451620854884817,1.0,1.0872793446316134,0.08380669077030975,6,6,0
PushT,jepa_wm_pusht,10,1,1709,development_holdout,fidelity_constrained_shuffled_geometry__seed11419,fidelity_constrained_shuffled_geometry,11419,15001,6,0.6789019354624969,0.5291924625334339,0.0,1.823175753069092,0.10967235332519658,2,6,0
PushT,jepa_wm_pusht,11,1,913,development_holdout,fidelity_constrained_shuffled_geometry__seed11419,fidelity_constrained_shuffled_geometry,11419,15001,1,0.41336878890994966,0.4795479805634398,0.0,2.628569736783277,0.07424169504968206,5,7,0
PushT,jepa_wm_pusht,11,1,913,development_holdout,fidelity_constrained_shuffled_geometry__seed11419,fidelity_constrained_shuffled_geometry,11419,15001,3,0.0,0.8453362475160145,1.0,0.6809573310276068,0.06653384649928577,6,6,0
PushT,jepa_wm_pusht,11,1,913,development_holdout,fidelity_constrained_shuffled_geometry__seed11419,fidelity_constrained_shuffled_geometry,11419,15001,6,1.0,0.3150982643275744,0.0,1.3613643708507541,0.14042851697747308,3,6,0
PushT,jepa_wm_pusht,12,1,1297,development_holdout,fidelity_constrained_shuffled_geometry__seed11419,fidelity_constrained_shuffled_geometry,11419,15001,1,1.0,0.01504069767859441,0.0,1.3329543918443814,0.2050144370816914,9,6,0
PushT,jepa_wm_pusht,12,1,1297,development_holdout,fidelity_constrained_shuffled_geometry__seed11419,fidelity_constrained_shuffled_geometry,11419,15001,3,0.0,0.6320266725334243,1.0,0.9873665234625041,0.1323385852969661,4,4,0
PushT,jepa_wm_pusht,12,1,1297,development_holdout,fidelity_constrained_shuffled_geometry__seed11419,fidelity_constrained_shuffled_geometry,11419,15001,6,0.2031956716648721,0.8790779954947947,0.0,0.7508038408814889,0.11655425735350447,3,2,0
PushT,jepa_wm_pusht,13,1,1709,development_holdout,fidelity_constrained_shuffled_geometry__seed11419,fidelity_constrained_shuffled_geometry,11419,15001,1,0.9488516591828323,0.03026845012152947,0.0,1.695887754347066,0.09228332074383183,0,6,1
PushT,jepa_wm_pusht,13,1,1709,development_holdout,fidelity_constrained_shuffled_geometry__seed11419,fidelity_constrained_shuffled_geometry,11419,15001,3,0.0,0.816634626369811,1.0,0.8011590825584717,0.08356911745394928,2,2,0
PushT,jepa_wm_pusht,13,1,1709,development_holdout,fidelity_constrained_shuffled_geometry__seed11419,fidelity_constrained_shuffled_geometry,11419,15001,6,0.13238746966896506,0.8300046947094379,0.0,0.8099056180644101,0.12180779886595612,6,2,0
PushT,jepa_wm_pusht,14,1,913,development_holdout,fidelity_constrained_shuffled_geometry__seed11419,fidelity_constrained_shuffled_geometry,11419,15001,1,0.0,nan,1.0,nan,0.09439187827645577,4,0,0
PushT,jepa_wm_pusht,14,1,913,development_holdout,fidelity_constrained_shuffled_geometry__seed11419,fidelity_constrained_shuffled_geometry,11419,15001,3,0.22439910568143512,0.9187791884727979,0.0,0.7802287567782534,0.05709867429530072,5,2,0
PushT,jepa_wm_pusht,14,1,913,development_holdout,fidelity_constrained_shuffled_geometry__seed11419,fidelity_constrained_shuffled_geometry,11419,15001,6,0.0,0.881932085611513,1.0,0.6886505354991103,0.0823206352228007,2,2,0
PushT,jepa_wm_pusht,15,1,1297,development_holdout,fidelity_constrained_shuffled_geometry__seed11419,fidelity_constrained_shuffled_geometry,11419,15001,1,0.0,nan,1.0,nan,0.04122916104073278,4,0,0
PushT,jepa_wm_pusht,15,1,1297,development_holdout,fidelity_constrained_shuffled_geometry__seed11419,fidelity_constrained_shuffled_geometry,11419,15001,3,0.6474833555978032,0.4443176513120861,0.0,1.3468969596797553,0.06292969104077058,6,2,0
PushT,jepa_wm_pusht,15,1,1297,development_holdout,fidelity_constrained_shuffled_geometry__seed11419,fidelity_constrained_shuffled_geometry,11419,15001,6,0.0,0.9434484573590717,1.0,0.6697797668126043,0.0717062455982965,3,3,0
PushT,jepa_wm_pusht,16,2,913,development_holdout,fidelity_constrained_shuffled_geometry__seed11419,fidelity_constrained_shuffled_geometry,11419,15001,1,0.04667333317829818,0.9738755864786748,0.0,0.5160494695835854,0.05063358649287795,6,4,0
PushT,jepa_wm_pusht,16,2,913,development_holdout,fidelity_constrained_shuffled_geometry__seed11419,fidelity_constrained_shuffled_geometry,11419,15001,3,0.0,0.9074181226685127,1.0,0.9440522973093701,0.13019356590361084,6,6,0
PushT,jepa_wm_pusht,16,2,913,development_holdout,fidelity_constrained_shuffled_geometry__seed11419,fidelity_constrained_shuffled_geometry,11419,15001,6,0.0,0.5090231051330236,1.0,0.9072326717784147,0.1683836942131554,6,6,0
PushT,jepa_wm_pusht,17,2,1297,development_holdout,fidelity_constrained_shuffled_geometry__seed11419,fidelity_constrained_shuffled_geometry,11419,15001,1,0.0,nan,1.0,nan,0.06048006332069543,8,0,0
PushT,jepa_wm_pusht,17,2,1297,development_holdout,fidelity_constrained_shuffled_geometry__seed11419,fidelity_constrained_shuffled_geometry,11419,15001,3,0.5789271149086822,0.7279380265827744,0.0,1.7266287967043654,0.07261867297885047,4,2,0
PushT,jepa_wm_pusht,17,2,1297,development_holdout,fidelity_constrained_shuffled_geometry__seed11419,fidelity_constrained_shuffled_geometry,11419,15001,6,0.0,0.8828071763779162,1.0,0.7395630686427326,0.08174233438224071,3,3,0
PushT,jepa_wm_pusht,18,2,1709,development_holdout,fidelity_constrained_shuffled_geometry__seed11419,fidelity_constrained_shuffled_geometry,11419,15001,1,0.0,nan,1.0,nan,0.12022101712533748,4,0,0
PushT,jepa_wm_pusht,18,2,1709,development_holdout,fidelity_constrained_shuffled_geometry__seed11419,fidelity_constrained_shuffled_geometry,11419,15001,3,0.44201480759003287,0.34402944298553784,0.0,1.7385949339595121,0.1371180758636426,5,2,0
PushT,jepa_wm_pusht,18,2,1709,development_holdout,fidelity_constrained_shuffled_geometry__seed11419,fidelity_constrained_shuffled_geometry,11419,15001,6,1.0,0.3281574114271841,0.0,1.4358483009598433,0.1344221273990917,7,2,0
PushT,jepa_wm_pusht,19,2,913,development_holdout,fidelity_constrained_shuffled_geometry__seed11419,fidelity_constrained_shuffled_geometry,11419,15001,1,1.0,0.6884368852872834,0.0,1.6918314837526884,0.06764002781128607,6,7,0
PushT,jepa_wm_pusht,19,2,913,development_holdout,fidelity_constrained_shuffled_geometry__seed11419,fidelity_constrained_shuffled_geometry,11419,15001,3,0.0,0.8200097572361508,1.0,0.8012265342187728,0.0808361295253635,7,7,0
PushT,jepa_wm_pusht,19,2,913,development_holdout,fidelity_constrained_shuffled_geometry__seed11419,fidelity_constrained_shuffled_geometry,11419,15001,6,0.05206520357815755,0.9156420515644179,0.0,1.5314912548071664,0.09310830690065978,7,5,0
PushT,jepa_wm_pusht,20,2,1297,development_holdout,fidelity_constrained_shuffled_geometry__seed11419,fidelity_constrained_shuffled_geometry,11419,15001,1,0.071849549171498,0.8966502293888302,0.0,1.224739989479813,0.05675577466571517,6,8,0
PushT,jepa_wm_pusht,20,2,1297,development_holdout,fidelity_constrained_shuffled_geometry__seed11419,fidelity_constrained_shuffled_geometry,11419,15001,3,0.6926795848253594,0.4576644566507828,0.0,1.4963039929477808,0.14623486758272514,2,8,0
PushT,jepa_wm_pusht,20,2,1297,development_holdout,fidelity_constrained_shuffled_geometry__seed11419,fidelity_constrained_shuffled_geometry,11419,15001,6,1.0,0.12590849473095933,0.0,1.6817804711210962,0.26324246766141235,3,8,0
PushT,jepa_wm_pusht,21,2,1709,development_holdout,fidelity_constrained_shuffled_geometry__seed11419,fidelity_constrained_shuffled_geometry,11419,15001,1,0.0,nan,1.0,nan,0.05452867247949513,6,0,0
PushT,jepa_wm_pusht,21,2,1709,development_holdout,fidelity_constrained_shuffled_geometry__seed11419,fidelity_constrained_shuffled_geometry,11419,15001,3,0.7585503102919223,0.5643275434830097,0.0,2.0816002245395806,0.09162824276152326,4,2,0
PushT,jepa_wm_pusht,21,2,1709,development_holdout,fidelity_constrained_shuffled_geometry__seed11419,fidelity_constrained_shuffled_geometry,11419,15001,6,0.0,0.7931344683304248,1.0,0.8946581718863426,0.08731451561025516,3,3,0
PushT,jepa_wm_pusht,22,2,913,development_holdout,fidelity_constrained_shuffled_geometry__seed11419,fidelity_constrained_shuffled_geometry,11419,15001,1,1.0,0.2222222222222222,0.0,24.655927973822237,0.04940133615941715,5,6,0
PushT,jepa_wm_pusht,22,2,913,development_holdout,fidelity_constrained_shuffled_geometry__seed11419,fidelity_constrained_shuffled_geometry,11419,15001,3,0.6125149999424588,0.8131392604655538,0.0,0.9656202369648906,0.07068593049360322,6,4,0
PushT,jepa_wm_pusht,22,2,913,development_holdout,fidelity_constrained_shuffled_geometry__seed11419,fidelity_constrained_shuffled_geometry,11419,15001,6,0.16420548128968346,0.7958244707678503,0.0,1.3499208716137243,0.07279106862809365,2,4,0
PushT,jepa_wm_pusht,23,2,1297,development_holdout,fidelity_constrained_shuffled_geometry__seed11419,fidelity_constrained_shuffled_geometry,11419,15001,1,0.5842417127270264,0.05417159893364275,0.0,2.003129411427258,0.2540999680181193,4,9,0
PushT,jepa_wm_pusht,23,2,1297,development_holdout,fidelity_constrained_shuffled_geometry__seed11419,fidelity_constrained_shuffled_geometry,11419,15001,3,0.05743457222775938,0.5128807555020961,0.0,1.2596377640564107,0.21756650725689228,0,9,1
PushT,jepa_wm_pusht,23,2,1297,development_holdout,fidelity_constrained_shuffled_geometry__seed11419,fidelity_constrained_shuffled_geometry,11419,15001,6,0.00624987304378611,0.33977316979836897,0.0,1.235471928011307,0.2423518028429866,3,9,0
PushT,jepa_wm_pusht,48,6,913,development_holdout,fidelity_constrained_shuffled_geometry__seed11419,fidelity_constrained_shuffled_geometry,11419,15001,1,0.09012243500443963,0.29379559776484393,0.0,2.087661207610529,0.05893373073747976,0,9,1
PushT,jepa_wm_pusht,48,6,913,development_holdout,fidelity_constrained_shuffled_geometry__seed11419,fidelity_constrained_shuffled_geometry,11419,15001,3,0.0,0.8994396444822447,1.0,0.5879613930000712,0.09489646301375412,5,5,0
PushT,jepa_wm_pusht,48,6,913,development_holdout,fidelity_constrained_shuffled_geometry__seed11419,fidelity_constrained_shuffled_geometry,11419,15001,6,0.0,0.7249272980315046,1.0,0.9499353947830348,0.1408767448856117,5,5,0
PushT,jepa_wm_pusht,49,6,1297,development_holdout,fidelity_constrained_shuffled_geometry__seed11419,fidelity_constrained_shuffled_geometry,11419,15001,1,0.5243318422105816,0.5725061713211403,0.0,1.6857735755180632,0.08398053270632815,0,5,1
PushT,jepa_wm_pusht,49,6,1297,development_holdout,fidelity_constrained_shuffled_geometry__seed11419,fidelity_constrained_shuffled_geometry,11419,15001,3,0.0,0.9712253272502487,1.0,0.6573727313745015,0.07149406962147961,5,5,0
PushT,jepa_wm_pusht,49,6,1297,development_holdout,fidelity_constrained_shuffled_geometry__seed11419,fidelity_constrained_shuffled_geometry,11419,15001,6,0.0,0.892899614464034,1.0,0.6205985469448126,0.1413632857089629,5,5,0
PushT,jepa_wm_pusht,50,6,1709,development_holdout,fidelity_constrained_shuffled_geometry__seed11419,fidelity_constrained_shuffled_geometry,11419,15001,1,0.0,0.9832859419964576,1.0,0.5519555227663907,0.045080893450984774,1,1,0
PushT,jepa_wm_pusht,50,6,1709,development_holdout,fidelity_constrained_shuffled_geometry__seed11419,fidelity_constrained_shuffled_geometry,11419,15001,3,0.0,0.9991336558341828,1.0,0.40216651319339625,0.04280932612433303,2,2,0
PushT,jepa_wm_pusht,50,6,1709,development_holdout,fidelity_constrained_shuffled_geometry__seed11419,fidelity_constrained_shuffled_geometry,11419,15001,6,0.0,0.9674052260185616,1.0,0.48717842104174697,0.07701879244195628,2,2,0
PushT,jepa_wm_pusht,51,6,913,development_holdout,fidelity_constrained_shuffled_geometry__seed11419,fidelity_constrained_shuffled_geometry,11419,15001,1,0.0,0.9968981446241947,1.0,1.052932710245956,0.06218615999602728,9,9,0
PushT,jepa_wm_pusht,51,6,913,development_holdout,fidelity_constrained_shuffled_geometry__seed11419,fidelity_constrained_shuffled_geometry,11419,15001,3,0.0,0.9677219337921584,1.0,0.3564804131393178,0.05252702371567861,9,9,0
PushT,jepa_wm_pusht,51,6,913,development_holdout,fidelity_constrained_shuffled_geometry__seed11419,fidelity_constrained_shuffled_geometry,11419,15001,6,0.8517434359994246,0.7472479079413359,0.0,1.10232680472744,0.09706223964788421,6,9,0
PushT,jepa_wm_pusht,52,6,1297,development_holdout,fidelity_constrained_shuffled_geometry__seed11419,fidelity_constrained_shuffled_geometry,11419,15001,1,0.0,0.5555555555555556,1.0,13.782859399313617,0.12462425840565546,7,0,0
PushT,jepa_wm_pusht,52,6,1297,development_holdout,fidelity_constrained_shuffled_geometry__seed11419,fidelity_constrained_shuffled_geometry,11419,15001,3,0.3477543489605677,0.7375743718546339,0.0,1.6274217196382323,0.07359459599058674,4,2,0
PushT,jepa_wm_pusht,52,6,1297,development_holdout,fidelity_constrained_shuffled_geometry__seed11419,fidelity_constrained_shuffled_geometry,11419,15001,6,0.0,0.9261822039262871,1.0,0.8464267471025971,0.06083413476669906,3,3,0
PushT,jepa_wm_pusht,53,6,1709,development_holdout,fidelity_constrained_shuffled_geometry__seed11419,fidelity_constrained_shuffled_geometry,11419,15001,1,0.43758647622549646,0.30665103529689075,0.0,1.6135598101587108,0.056598206061982806,4,9,0
PushT,jepa_wm_pusht,53,6,1709,development_holdout,fidelity_constrained_shuffled_geometry__seed11419,fidelity_constrained_shuffled_geometry,11419,15001,3,0.02265841164096627,0.9493765305342502,0.0,0.792397531388212,0.07766145434874797,2,5,0
PushT,jepa_wm_pusht,53,6,1709,development_holdout,fidelity_constrained_shuffled_geometry__seed11419,fidelity_constrained_shuffled_geometry,11419,15001,6,0.11645392932375082,0.9441352897190614,0.0,0.47469558244772103,0.13190356898833788,1,5,0
PushT,jepa_wm_pusht,54,6,913,development_holdout,fidelity_constrained_shuffled_geometry__seed11419,fidelity_constrained_shuffled_geometry,11419,15001,1,0.274829989886387,0.8202212219875608,0.0,1.0557135554694197,0.06692062208148204,6,4,0
PushT,jepa_wm_pusht,54,6,913,development_holdout,fidelity_constrained_shuffled_geometry__seed11419,fidelity_constrained_shuffled_geometry,11419,15001,3,0.0,0.8968938567793392,1.0,0.9630999490366172,0.1140785725309748,4,4,0
PushT,jepa_wm_pusht,54,6,913,development_holdout,fidelity_constrained_shuffled_geometry__seed11419,fidelity_constrained_shuffled_geometry,11419,15001,6,0.0,0.825327738541897,1.0,1.1194020009404981,0.14344056241640102,4,4,0
PushT,jepa_wm_pusht,55,6,1297,development_holdout,fidelity_constrained_shuffled_geometry__seed11419,fidelity_constrained_shuffled_geometry,11419,15001,1,0.0,0.8888888888888888,1.0,1.4115695325939503,0.02875906150740365,0,0,1
PushT,jepa_wm_pusht,55,6,1297,development_holdout,fidelity_constrained_shuffled_geometry__seed11419,fidelity_constrained_shuffled_geometry,11419,15001,3,0.031059595022704112,0.26386057737335517,0.0,1.5520816338832155,0.11067779153819626,7,8,0
PushT,jepa_wm_pusht,55,6,1297,development_holdout,fidelity_constrained_shuffled_geometry__seed11419,fidelity_constrained_shuffled_geometry,11419,15001,6,0.0,0.8573319057740252,1.0,0.8784958780326261,0.10160071385134532,3,3,0
PushT,jepa_wm_pusht,8,1,913,development_holdout,fidelity_constrained_matched_geometry__seed11419,fidelity_constrained_matched_geometry,11419,15001,1,0.0,0.9122833460867856,1.0,1.5024657066947487,0.07057008750990354,1,1,0
PushT,jepa_wm_pusht,8,1,913,development_holdout,fidelity_constrained_matched_geometry__seed11419,fidelity_constrained_matched_geometry,11419,15001,3,0.008427652349288942,0.7622859340985564,0.0,1.2590477740669996,0.07337847146837204,4,6,0
PushT,jepa_wm_pusht,8,1,913,development_holdout,fidelity_constrained_matched_geometry__seed11419,fidelity_constrained_matched_geometry,11419,15001,6,0.06384650595620604,0.2697047916430701,0.0,1.6153157331999515,0.13429277110335308,6,1,0
PushT,jepa_wm_pusht,9,1,1297,development_holdout,fidelity_constrained_matched_geometry__seed11419,fidelity_constrained_matched_geometry,11419,15001,1,0.0,0.7037216860137091,1.0,2.129223083345635,0.06029144275860839,1,0,0
PushT,jepa_wm_pusht,9,1,1297,development_holdout,fidelity_constrained_matched_geometry__seed11419,fidelity_constrained_matched_geometry,11419,15001,3,0.7286493483691098,0.33010015553754285,0.0,1.4375244737474728,0.10831438873949373,7,2,0
PushT,jepa_wm_pusht,9,1,1297,development_holdout,fidelity_constrained_matched_geometry__seed11419,fidelity_constrained_matched_geometry,11419,15001,6,1.0,0.36788731401865393,0.0,1.2477335067285518,0.12144503219404093,9,3,0
PushT,jepa_wm_pusht,10,1,1709,development_holdout,fidelity_constrained_matched_geometry__seed11419,fidelity_constrained_matched_geometry,11419,15001,1,0.620166319521398,0.42800818333153234,0.0,1.1358345492508874,0.09206750210169244,6,1,0
PushT,jepa_wm_pusht,10,1,1709,development_holdout,fidelity_constrained_matched_geometry__seed11419,fidelity_constrained_matched_geometry,11419,15001,3,0.0,0.8976458749497618,1.0,1.0843442658018627,0.08485809502883604,6,6,0
PushT,jepa_wm_pusht,10,1,1709,development_holdout,fidelity_constrained_matched_geometry__seed11419,fidelity_constrained_matched_geometry,11419,15001,6,0.6789019354624969,0.6688794315007692,0.0,1.5167048032123696,0.10991636411311445,2,6,0
PushT,jepa_wm_pusht,11,1,913,development_holdout,fidelity_constrained_matched_geometry__seed11419,fidelity_constrained_matched_geometry,11419,15001,1,0.45140758138381915,0.8100588077399232,0.0,1.3473791359920433,0.05948840944949363,6,7,0
PushT,jepa_wm_pusht,11,1,913,development_holdout,fidelity_constrained_matched_geometry__seed11419,fidelity_constrained_matched_geometry,11419,15001,3,0.0,0.8562715096500304,1.0,0.6060873936901893,0.06315528152008629,6,6,0
PushT,jepa_wm_pusht,11,1,913,development_holdout,fidelity_constrained_matched_geometry__seed11419,fidelity_constrained_matched_geometry,11419,15001,6,1.0,0.33266364093303663,0.0,1.324888204909083,0.13743276689437184,3,6,0
PushT,jepa_wm_pusht,12,1,1297,development_holdout,fidelity_constrained_matched_geometry__seed11419,fidelity_constrained_matched_geometry,11419,15001,1,1.0,0.01504069767859441,0.0,1.35658201079316,0.19786043445731702,9,6,0
PushT,jepa_wm_pusht,12,1,1297,development_holdout,fidelity_constrained_matched_geometry__seed11419,fidelity_constrained_matched_geometry,11419,15001,3,0.09847152877843415,0.5684663915856903,0.0,1.018268382902988,0.13929860505994598,2,4,0
PushT,jepa_wm_pusht,12,1,1297,development_holdout,fidelity_constrained_matched_geometry__seed11419,fidelity_constrained_matched_geometry,11419,15001,6,0.2031956716648721,0.8872120801489833,0.0,0.7248242070751635,0.11601406451416466,3,2,0
PushT,jepa_wm_pusht,13,1,1709,development_holdout,fidelity_constrained_matched_geometry__seed11419,fidelity_constrained_matched_geometry,11419,15001,1,0.9488516591828323,0.03026845012152947,0.0,1.7036105099641876,0.08921350254658525,0,6,1
PushT,jepa_wm_pusht,13,1,1709,development_holdout,fidelity_constrained_matched_geometry__seed11419,fidelity_constrained_matched_geometry,11419,15001,3,0.0,0.8757524589298978,1.0,0.7654147231796371,0.07874885806650556,2,2,0
PushT,jepa_wm_pusht,13,1,1709,development_holdout,fidelity_constrained_matched_geometry__seed11419,fidelity_constrained_matched_geometry,11419,15001,6,0.13238746966896506,0.8390206851606243,0.0,0.8077567785594288,0.12310322582552136,6,2,0
PushT,jepa_wm_pusht,14,1,913,development_holdout,fidelity_constrained_matched_geometry__seed11419,fidelity_constrained_matched_geometry,11419,15001,1,0.0,nan,1.0,nan,0.08867138672199741,5,0,0
PushT,jepa_wm_pusht,14,1,913,development_holdout,fidelity_constrained_matched_geometry__seed11419,fidelity_constrained_matched_geometry,11419,15001,3,0.22439910568143512,0.9220205983224331,0.0,0.7213589584811727,0.05491398799622146,5,2,0
PushT,jepa_wm_pusht,14,1,913,development_holdout,fidelity_constrained_matched_geometry__seed11419,fidelity_constrained_matched_geometry,11419,15001,6,0.0,0.939578869171241,1.0,0.6251154035918796,0.08371937772516885,2,2,0
PushT,jepa_wm_pusht,15,1,1297,development_holdout,fidelity_constrained_matched_geometry__seed11419,fidelity_constrained_matched_geometry,11419,15001,1,0.0,nan,1.0,nan,0.042518075454190216,6,0,0
PushT,jepa_wm_pusht,15,1,1297,development_holdout,fidelity_constrained_matched_geometry__seed11419,fidelity_constrained_matched_geometry,11419,15001,3,0.6474833555978032,0.36912261713257594,0.0,1.434162923373896,0.06122573596893477,6,2,0
PushT,jepa_wm_pusht,15,1,1297,development_holdout,fidelity_constrained_matched_geometry__seed11419,fidelity_constrained_matched_geometry,11419,15001,6,0.0,0.9692579701255484,1.0,0.6059122711539656,0.06847439709144805,3,3,0
PushT,jepa_wm_pusht,16,2,913,development_holdout,fidelity_constrained_matched_geometry__seed11419,fidelity_constrained_matched_geometry,11419,15001,1,0.04667333317829818,0.9738755864786748,0.0,0.5875459027832941,0.05675085679064085,6,4,0
PushT,jepa_wm_pusht,16,2,913,development_holdout,fidelity_constrained_matched_geometry__seed11419,fidelity_constrained_matched_geometry,11419,15001,3,0.0,0.7652800411070475,1.0,1.093732907031149,0.12580686286300063,6,6,0
PushT,jepa_wm_pusht,16,2,913,development_holdout,fidelity_constrained_matched_geometry__seed11419,fidelity_constrained_matched_geometry,11419,15001,6,0.0,0.5715270591642655,1.0,0.9593447135590072,0.14347476216207553,6,6,0
PushT,jepa_wm_pusht,17,2,1297,development_holdout,fidelity_constrained_matched_geometry__seed11419,fidelity_constrained_matched_geometry,11419,15001,1,0.0,nan,1.0,nan,0.06072710940590622,8,0,0
PushT,jepa_wm_pusht,17,2,1297,development_holdout,fidelity_constrained_matched_geometry__seed11419,fidelity_constrained_matched_geometry,11419,15001,3,0.5789271149086822,0.7279380265827744,0.0,1.9388391956446522,0.07676336213081113,4,2,0
PushT,jepa_wm_pusht,17,2,1297,development_holdout,fidelity_constrained_matched_geometry__seed11419,fidelity_constrained_matched_geometry,11419,15001,6,0.27989109651126526,0.8628636524391975,0.0,0.8557305324906139,0.08734803327515601,2,3,0
PushT,jepa_wm_pusht,18,2,1709,development_holdout,fidelity_constrained_matched_geometry__seed11419,fidelity_constrained_matched_geometry,11419,15001,1,0.0,nan,1.0,nan,0.12310170522773431,4,0,0
PushT,jepa_wm_pusht,18,2,1709,development_holdout,fidelity_constrained_matched_geometry__seed11419,fidelity_constrained_matched_geometry,11419,15001,3,0.44201480759003287,0.4352729582005366,0.0,2.2487493422067613,0.1342660839696781,5,2,0
PushT,jepa_wm_pusht,18,2,1709,development_holdout,fidelity_constrained_matched_geometry__seed11419,fidelity_constrained_matched_geometry,11419,15001,6,1.0,0.44048094745665484,0.0,1.3188387057022368,0.1254779322437586,7,2,0
PushT,jepa_wm_pusht,19,2,913,development_holdout,fidelity_constrained_matched_geometry__seed11419,fidelity_constrained_matched_geometry,11419,15001,1,1.0,0.31192676103462597,0.0,1.9176491648735137,0.05023793563687429,6,7,0
PushT,jepa_wm_pusht,19,2,913,development_holdout,fidelity_constrained_matched_geometry__seed11419,fidelity_constrained_matched_geometry,11419,15001,3,0.0,0.812940440633841,1.0,0.9668374905295287,0.07262006065107666,7,7,0
PushT,jepa_wm_pusht,19,2,913,development_holdout,fidelity_constrained_matched_geometry__seed11419,fidelity_constrained_matched_geometry,11419,15001,6,0.05206520357815755,0.9156420515644179,0.0,1.5461931349572091,0.08690680707617769,7,5,0
PushT,jepa_wm_pusht,20,2,1297,development_holdout,fidelity_constrained_matched_geometry__seed11419,fidelity_constrained_matched_geometry,11419,15001,1,0.2204153882995534,0.8892534169868382,0.0,1.2438704400765535,0.06009176342636073,4,8,0
PushT,jepa_wm_pusht,20,2,1297,development_holdout,fidelity_constrained_matched_geometry__seed11419,fidelity_constrained_matched_geometry,11419,15001,3,0.4266659652735245,0.48901733276346854,0.0,1.5451873757949965,0.15405289787086635,4,8,0
PushT,jepa_wm_pusht,20,2,1297,development_holdout,fidelity_constrained_matched_geometry__seed11419,fidelity_constrained_matched_geometry,11419,15001,6,1.0,0.16826753289389432,0.0,1.7765730878308184,0.2544975283384604,3,8,0
PushT,jepa_wm_pusht,21,2,1709,development_holdout,fidelity_constrained_matched_geometry__seed11419,fidelity_constrained_matched_geometry,11419,15001,1,0.0,nan,1.0,nan,0.05755684756168483,6,0,0
PushT,jepa_wm_pusht,21,2,1709,development_holdout,fidelity_constrained_matched_geometry__seed11419,fidelity_constrained_matched_geometry,11419,15001,3,0.7585503102919223,0.5958583078314007,0.0,2.3110930495713937,0.0984715963671653,4,2,0
PushT,jepa_wm_pusht,21,2,1709,development_holdout,fidelity_constrained_matched_geometry__seed11419,fidelity_constrained_matched_geometry,11419,15001,6,0.0,0.8086460205638093,1.0,0.8205958066718632,0.0799673240862162,3,3,0
PushT,jepa_wm_pusht,22,2,913,development_holdout,fidelity_constrained_matched_geometry__seed11419,fidelity_constrained_matched_geometry,11419,15001,1,1.0,0.2222222222222222,0.0,19.000235132068823,0.04461825160735659,5,6,0
PushT,jepa_wm_pusht,22,2,913,development_holdout,fidelity_constrained_matched_geometry__seed11419,fidelity_constrained_matched_geometry,11419,15001,3,0.6125149999424588,0.8071138070131028,0.0,0.8647536466245995,0.07129483991517496,6,4,0
PushT,jepa_wm_pusht,22,2,913,development_holdout,fidelity_constrained_matched_geometry__seed11419,fidelity_constrained_matched_geometry,11419,15001,6,0.16420548128968346,0.8377229997412813,0.0,0.9986347372256944,0.0631192793747255,2,4,0
PushT,jepa_wm_pusht,23,2,1297,development_holdout,fidelity_constrained_matched_geometry__seed11419,fidelity_constrained_matched_geometry,11419,15001,1,0.5842417127270264,0.17169813732167108,0.0,1.9728130351102342,0.2595434887010585,4,9,0
PushT,jepa_wm_pusht,23,2,1297,development_holdout,fidelity_constrained_matched_geometry__seed11419,fidelity_constrained_matched_geometry,11419,15001,3,0.13340500380456333,0.5015056576627168,0.0,1.3317099809522868,0.22974319561326326,1,9,0
PushT,jepa_wm_pusht,23,2,1297,development_holdout,fidelity_constrained_matched_geometry__seed11419,fidelity_constrained_matched_geometry,11419,15001,6,0.00624987304378611,0.49311446944812914,0.0,1.1812006838651028,0.2632054567069927,3,9,0
PushT,jepa_wm_pusht,48,6,913,development_holdout,fidelity_constrained_matched_geometry__seed11419,fidelity_constrained_matched_geometry,11419,15001,1,0.09012243500443963,0.30618157417711417,0.0,2.0358384299600694,0.06279890922854359,0,9,1
PushT,jepa_wm_pusht,48,6,913,development_holdout,fidelity_constrained_matched_geometry__seed11419,fidelity_constrained_matched_geometry,11419,15001,3,0.0,0.9445848382514314,1.0,0.6468356799827818,0.09234239005592827,5,5,0
PushT,jepa_wm_pusht,48,6,913,development_holdout,fidelity_constrained_matched_geometry__seed11419,fidelity_constrained_matched_geometry,11419,15001,6,0.0,0.7210536873095227,1.0,0.9514359682255134,0.14607081753186713,5,5,0
PushT,jepa_wm_pusht,49,6,1297,development_holdout,fidelity_constrained_matched_geometry__seed11419,fidelity_constrained_matched_geometry,11419,15001,1,0.3961841050703398,0.580304948287324,0.0,2.001607885526873,0.08686166452355466,9,5,0
PushT,jepa_wm_pusht,49,6,1297,development_holdout,fidelity_constrained_matched_geometry__seed11419,fidelity_constrained_matched_geometry,11419,15001,3,0.0,0.9523091559943566,1.0,0.7246964022696145,0.07322465503279209,5,5,0
PushT,jepa_wm_pusht,49,6,1297,development_holdout,fidelity_constrained_matched_geometry__seed11419,fidelity_constrained_matched_geometry,11419,15001,6,0.0,0.8800212958231343,1.0,0.6878405195501452,0.14006472413798127,5,5,0
PushT,jepa_wm_pusht,50,6,1709,development_holdout,fidelity_constrained_matched_geometry__seed11419,fidelity_constrained_matched_geometry,11419,15001,1,0.0,0.9832859419964576,1.0,0.7068555200451234,0.03888591180289032,1,1,0
PushT,jepa_wm_pusht,50,6,1709,development_holdout,fidelity_constrained_matched_geometry__seed11419,fidelity_constrained_matched_geometry,11419,15001,3,0.0,0.9991336558341828,1.0,0.3640156769043661,0.04691538240692562,2,2,0
PushT,jepa_wm_pusht,50,6,1709,development_holdout,fidelity_constrained_matched_geometry__seed11419,fidelity_constrained_matched_geometry,11419,15001,6,0.19887118635918416,0.948110303175043,0.0,0.4190256981413039,0.06953793282504131,1,2,0
PushT,jepa_wm_pusht,51,6,913,development_holdout,fidelity_constrained_matched_geometry__seed11419,fidelity_constrained_matched_geometry,11419,15001,1,0.0,0.9968981446241947,1.0,1.2248321636950092,0.056308064221411304,9,9,0
PushT,jepa_wm_pusht,51,6,913,development_holdout,fidelity_constrained_matched_geometry__seed11419,fidelity_constrained_matched_geometry,11419,15001,3,0.3533778267573249,0.9446473274593091,0.0,0.5729922937208178,0.05849692876793742,7,9,0
PushT,jepa_wm_pusht,51,6,913,development_holdout,fidelity_constrained_matched_geometry__seed11419,fidelity_constrained_matched_geometry,11419,15001,6,0.8517434359994246,0.7523185011468358,0.0,1.099464720256721,0.0974390846542316,6,9,0
PushT,jepa_wm_pusht,52,6,1297,development_holdout,fidelity_constrained_matched_geometry__seed11419,fidelity_constrained_matched_geometry,11419,15001,1,0.0,0.5555555555555556,1.0,14.300855866483364,0.1314432589076186,7,0,0
PushT,jepa_wm_pusht,52,6,1297,development_holdout,fidelity_constrained_matched_geometry__seed11419,fidelity_constrained_matched_geometry,11419,15001,3,0.3477543489605677,0.7375743718546339,0.0,1.7009234363313837,0.07792241697572928,4,2,0
PushT,jepa_wm_pusht,52,6,1297,development_holdout,fidelity_constrained_matched_geometry__seed11419,fidelity_constrained_matched_geometry,11419,15001,6,0.0,0.8321264620337411,1.0,0.9362700316359382,0.06471099269488048,3,3,0
PushT,jepa_wm_pusht,53,6,1709,development_holdout,fidelity_constrained_matched_geometry__seed11419,fidelity_constrained_matched_geometry,11419,15001,1,0.22071215478288175,0.50233804448958,0.0,1.3427852443537085,0.05152510921020668,1,9,0
PushT,jepa_wm_pusht,53,6,1709,development_holdout,fidelity_constrained_matched_geometry__seed11419,fidelity_constrained_matched_geometry,11419,15001,3,0.02265841164096627,0.9493765305342502,0.0,0.8355361402149964,0.08087324648009112,2,5,0
PushT,jepa_wm_pusht,53,6,1709,development_holdout,fidelity_constrained_matched_geometry__seed11419,fidelity_constrained_matched_geometry,11419,15001,6,0.11645392932375082,0.9453049582604588,0.0,0.6287657464727456,0.13546403867214965,1,5,0
PushT,jepa_wm_pusht,54,6,913,development_holdout,fidelity_constrained_matched_geometry__seed11419,fidelity_constrained_matched_geometry,11419,15001,1,0.274829989886387,0.7827810676637567,0.0,1.1826494027391559,0.07246464476057717,6,4,0
PushT,jepa_wm_pusht,54,6,913,development_holdout,fidelity_constrained_matched_geometry__seed11419,fidelity_constrained_matched_geometry,11419,15001,3,0.0,0.8968938567793392,1.0,0.9301890970663785,0.1151806952078704,4,4,0
PushT,jepa_wm_pusht,54,6,913,development_holdout,fidelity_constrained_matched_geometry__seed11419,fidelity_constrained_matched_geometry,11419,15001,6,0.0,0.8013459208484676,1.0,1.2623953762970572,0.14874542104904603,4,4,0
PushT,jepa_wm_pusht,55,6,1297,development_holdout,fidelity_constrained_matched_geometry__seed11419,fidelity_constrained_matched_geometry,11419,15001,1,0.0,0.7777777777777778,1.0,1.2209708759408306,0.026825471533294416,0,0,1
PushT,jepa_wm_pusht,55,6,1297,development_holdout,fidelity_constrained_matched_geometry__seed11419,fidelity_constrained_matched_geometry,11419,15001,3,0.031059595022704112,0.25453426304278304,0.0,1.5039645025075326,0.10990153769338591,7,8,0
PushT,jepa_wm_pusht,55,6,1297,development_holdout,fidelity_constrained_matched_geometry__seed11419,fidelity_constrained_matched_geometry,11419,15001,6,0.0,0.8435101032833721,1.0,0.974237565477012,0.10464766574761623,3,3,0
PushT,jepa_wm_pusht,8,1,913,development_holdout,fidelity_constrained_latent_only__seed11437,fidelity_constrained_latent_only,11437,15001,1,0.08148739372120142,0.8703066771894553,0.0,1.7314795070521565,0.07717993362527358,5,1,0
PushT,jepa_wm_pusht,8,1,913,development_holdout,fidelity_constrained_latent_only__seed11437,fidelity_constrained_latent_only,11437,15001,3,0.008427652349288942,0.7622859340985564,0.0,1.2807828202161493,0.0794278752394495,4,6,0
PushT,jepa_wm_pusht,8,1,913,development_holdout,fidelity_constrained_latent_only__seed11437,fidelity_constrained_latent_only,11437,15001,6,0.06384650595620604,0.2506582275242099,0.0,1.68271647852457,0.13805462069107355,6,1,0
PushT,jepa_wm_pusht,9,1,1297,development_holdout,fidelity_constrained_latent_only__seed11437,fidelity_constrained_latent_only,11437,15001,1,0.0,0.6435516527166674,1.0,2.226959059780282,0.06046186381798564,1,0,0
PushT,jepa_wm_pusht,9,1,1297,development_holdout,fidelity_constrained_latent_only__seed11437,fidelity_constrained_latent_only,11437,15001,3,0.7286493483691098,0.2764624015710857,0.0,1.4067152391311326,0.10744451828545332,7,2,0
PushT,jepa_wm_pusht,9,1,1297,development_holdout,fidelity_constrained_latent_only__seed11437,fidelity_constrained_latent_only,11437,15001,6,1.0,0.346268566903667,0.0,1.2257866014581458,0.11462679833500171,9,3,0
PushT,jepa_wm_pusht,10,1,1709,development_holdout,fidelity_constrained_latent_only__seed11437,fidelity_constrained_latent_only,11437,15001,1,0.620166319521398,0.42800818333153234,0.0,1.2243916006023001,0.0911192360879493,6,1,0
PushT,jepa_wm_pusht,10,1,1709,development_holdout,fidelity_constrained_latent_only__seed11437,fidelity_constrained_latent_only,11437,15001,3,0.0,0.8571764214952159,1.0,1.1144456244400902,0.08697404309574275,6,6,0
PushT,jepa_wm_pusht,10,1,1709,development_holdout,fidelity_constrained_latent_only__seed11437,fidelity_constrained_latent_only,11437,15001,6,0.6789019354624969,0.6617502995000378,0.0,1.6836847491209472,0.11646242297461007,2,6,0
PushT,jepa_wm_pusht,11,1,913,development_holdout,fidelity_constrained_latent_only__seed11437,fidelity_constrained_latent_only,11437,15001,1,0.45140758138381915,0.8011958016050165,0.0,1.2790113136274184,0.05250968877802183,6,7,0
PushT,jepa_wm_pusht,11,1,913,development_holdout,fidelity_constrained_latent_only__seed11437,fidelity_constrained_latent_only,11437,15001,3,0.0,0.8656582360741004,1.0,0.6292356566017914,0.06128878537966328,6,6,0
PushT,jepa_wm_pusht,11,1,913,development_holdout,fidelity_constrained_latent_only__seed11437,fidelity_constrained_latent_only,11437,15001,6,1.0,0.31745093499095867,0.0,1.3862094446559263,0.1435481901299394,3,6,0
PushT,jepa_wm_pusht,12,1,1297,development_holdout,fidelity_constrained_latent_only__seed11437,fidelity_constrained_latent_only,11437,15001,1,1.0,0.006751572468925901,0.0,1.4291107517171695,0.19718130690181948,9,6,0
PushT,jepa_wm_pusht,12,1,1297,development_holdout,fidelity_constrained_latent_only__seed11437,fidelity_constrained_latent_only,11437,15001,3,0.09847152877843415,0.5829905942356233,0.0,1.0503765267094822,0.13978388789875765,2,4,0
PushT,jepa_wm_pusht,12,1,1297,development_holdout,fidelity_constrained_latent_only__seed11437,fidelity_constrained_latent_only,11437,15001,6,0.2031956716648721,0.8369054504844416,0.0,0.7843597051801149,0.12539039898060927,3,2,0
PushT,jepa_wm_pusht,13,1,1709,development_holdout,fidelity_constrained_latent_only__seed11437,fidelity_constrained_latent_only,11437,15001,1,0.9488516591828323,0.03325951699610139,0.0,1.6988840993292043,0.09678830285728805,0,6,1
PushT,jepa_wm_pusht,13,1,1709,development_holdout,fidelity_constrained_latent_only__seed11437,fidelity_constrained_latent_only,11437,15001,3,0.0,0.8389117433273928,1.0,0.7657082844730229,0.07871618060011625,2,2,0
PushT,jepa_wm_pusht,13,1,1709,development_holdout,fidelity_constrained_latent_only__seed11437,fidelity_constrained_latent_only,11437,15001,6,0.13238746966896506,0.8086130049651696,0.0,0.7771694976437638,0.12687601059462908,6,2,0
PushT,jepa_wm_pusht,14,1,913,development_holdout,fidelity_constrained_latent_only__seed11437,fidelity_constrained_latent_only,11437,15001,1,0.0,nan,1.0,nan,0.08717922660974828,5,0,0
PushT,jepa_wm_pusht,14,1,913,development_holdout,fidelity_constrained_latent_only__seed11437,fidelity_constrained_latent_only,11437,15001,3,0.22439910568143512,0.9220205983224331,0.0,0.8985690485056057,0.05755533604230567,5,2,0
PushT,jepa_wm_pusht,14,1,913,development_holdout,fidelity_constrained_latent_only__seed11437,fidelity_constrained_latent_only,11437,15001,6,0.0,0.955098294142873,1.0,0.6249041631492388,0.08013761571626324,2,2,0
PushT,jepa_wm_pusht,15,1,1297,development_holdout,fidelity_constrained_latent_only__seed11437,fidelity_constrained_latent_only,11437,15001,1,0.0,nan,1.0,nan,0.04303161926612731,6,0,0
PushT,jepa_wm_pusht,15,1,1297,development_holdout,fidelity_constrained_latent_only__seed11437,fidelity_constrained_latent_only,11437,15001,3,0.6474833555978032,0.4484575008489962,0.0,1.2025451735493196,0.05947120229189782,6,2,0
PushT,jepa_wm_pusht,15,1,1297,development_holdout,fidelity_constrained_latent_only__seed11437,fidelity_constrained_latent_only,11437,15001,6,0.0,0.978115608190515,1.0,0.6576856685409398,0.06975450459077896,3,3,0
PushT,jepa_wm_pusht,16,2,913,development_holdout,fidelity_constrained_latent_only__seed11437,fidelity_constrained_latent_only,11437,15001,1,0.04667333317829818,0.9738755864786748,0.0,0.6843671763014891,0.0551797666289122,6,4,0
PushT,jepa_wm_pusht,16,2,913,development_holdout,fidelity_constrained_latent_only__seed11437,fidelity_constrained_latent_only,11437,15001,3,0.0,0.8362656671792977,1.0,1.0044077733708119,0.12593058281683298,6,6,0
PushT,jepa_wm_pusht,16,2,913,development_holdout,fidelity_constrained_latent_only__seed11437,fidelity_constrained_latent_only,11437,15001,6,0.0,0.4963376841622818,1.0,0.9347262124759919,0.15698121846169685,6,6,0
PushT,jepa_wm_pusht,17,2,1297,development_holdout,fidelity_constrained_latent_only__seed11437,fidelity_constrained_latent_only,11437,15001,1,0.0,nan,1.0,nan,0.06574621021655341,8,0,0
PushT,jepa_wm_pusht,17,2,1297,development_holdout,fidelity_constrained_latent_only__seed11437,fidelity_constrained_latent_only,11437,15001,3,0.5789271149086822,0.7279380265827744,0.0,1.9142258762440945,0.07528786618933016,4,2,0
PushT,jepa_wm_pusht,17,2,1297,development_holdout,fidelity_constrained_latent_only__seed11437,fidelity_constrained_latent_only,11437,15001,6,0.27989109651126526,0.8628636524391975,0.0,0.901096920049292,0.08823439669365404,2,3,0
PushT,jepa_wm_pusht,18,2,1709,development_holdout,fidelity_constrained_latent_only__seed11437,fidelity_constrained_latent_only,11437,15001,1,0.0,nan,1.0,nan,0.1287516071927512,1,0,0
PushT,jepa_wm_pusht,18,2,1709,development_holdout,fidelity_constrained_latent_only__seed11437,fidelity_constrained_latent_only,11437,15001,3,0.44201480759003287,0.3609723174536348,0.0,2.12660154034821,0.14052190315398103,5,2,0
PushT,jepa_wm_pusht,18,2,1709,development_holdout,fidelity_constrained_latent_only__seed11437,fidelity_constrained_latent_only,11437,15001,6,0.36289437302384253,0.48976423963068283,0.0,1.4059772300649598,0.12742448468173143,5,2,0
PushT,jepa_wm_pusht,19,2,913,development_holdout,fidelity_constrained_latent_only__seed11437,fidelity_constrained_latent_only,11437,15001,1,1.0,0.31192676103462597,0.0,2.52266928561633,0.04826705186551413,1,7,0
PushT,jepa_wm_pusht,19,2,913,development_holdout,fidelity_constrained_latent_only__seed11437,fidelity_constrained_latent_only,11437,15001,3,0.0,0.855357420718587,1.0,0.9795839577625218,0.06974346895731588,7,7,0
PushT,jepa_wm_pusht,19,2,913,development_holdout,fidelity_constrained_latent_only__seed11437,fidelity_constrained_latent_only,11437,15001,6,0.05206520357815755,0.9156420515644179,0.0,1.5683422000432454,0.0841229751442796,7,5,0
PushT,jepa_wm_pusht,20,2,1297,development_holdout,fidelity_constrained_latent_only__seed11437,fidelity_constrained_latent_only,11437,15001,1,0.071849549171498,0.8966502293888302,0.0,1.5756523842954897,0.06480963059466097,6,8,0
PushT,jepa_wm_pusht,20,2,1297,development_holdout,fidelity_constrained_latent_only__seed11437,fidelity_constrained_latent_only,11437,15001,3,0.4266659652735245,0.5479482930757776,0.0,1.5634420001547484,0.16108904822170736,4,8,0
PushT,jepa_wm_pusht,20,2,1297,development_holdout,fidelity_constrained_latent_only__seed11437,fidelity_constrained_latent_only,11437,15001,6,1.0,0.13674464666382158,0.0,1.7940366880355245,0.2575226308149541,3,8,0
PushT,jepa_wm_pusht,21,2,1709,development_holdout,fidelity_constrained_latent_only__seed11437,fidelity_constrained_latent_only,11437,15001,1,0.0,nan,1.0,nan,0.04650492485063569,6,0,0
PushT,jepa_wm_pusht,21,2,1709,development_holdout,fidelity_constrained_latent_only__seed11437,fidelity_constrained_latent_only,11437,15001,3,0.7585503102919223,0.5643275434830097,0.0,2.248316581716699,0.08153416005853258,4,2,0
PushT,jepa_wm_pusht,21,2,1709,development_holdout,fidelity_constrained_latent_only__seed11437,fidelity_constrained_latent_only,11437,15001,6,0.0,0.8104395808856392,1.0,0.8216522712326397,0.08323029715550008,3,3,0
PushT,jepa_wm_pusht,22,2,913,development_holdout,fidelity_constrained_latent_only__seed11437,fidelity_constrained_latent_only,11437,15001,1,1.0,0.1111111111111111,0.0,27.97122458037052,0.0446734175590892,5,6,0
PushT,jepa_wm_pusht,22,2,913,development_holdout,fidelity_constrained_latent_only__seed11437,fidelity_constrained_latent_only,11437,15001,3,0.6125149999424588,0.8010883535606517,0.0,0.8406369450238999,0.06662928065052447,6,4,0
PushT,jepa_wm_pusht,22,2,913,development_holdout,fidelity_constrained_latent_only__seed11437,fidelity_constrained_latent_only,11437,15001,6,0.16420548128968346,0.8968671306768167,0.0,0.9602646702940759,0.06200826046616772,2,4,0
PushT,jepa_wm_pusht,23,2,1297,development_holdout,fidelity_constrained_latent_only__seed11437,fidelity_constrained_latent_only,11437,15001,1,0.5842417127270264,0.17169813732167108,0.0,1.9456230886044175,0.2492135897442332,4,9,0
PushT,jepa_wm_pusht,23,2,1297,development_holdout,fidelity_constrained_latent_only__seed11437,fidelity_constrained_latent_only,11437,15001,3,0.13340500380456333,0.539325002720012,0.0,1.3336236621544835,0.22407421909510736,1,9,0
PushT,jepa_wm_pusht,23,2,1297,development_holdout,fidelity_constrained_latent_only__seed11437,fidelity_constrained_latent_only,11437,15001,6,0.00624987304378611,0.567215419055672,0.0,1.183169580607262,0.26002291425669777,3,9,0
PushT,jepa_wm_pusht,48,6,913,development_holdout,fidelity_constrained_latent_only__seed11437,fidelity_constrained_latent_only,11437,15001,1,0.09012243500443963,0.364407196678672,0.0,1.9687747125724815,0.06203238378931834,0,9,1
PushT,jepa_wm_pusht,48,6,913,development_holdout,fidelity_constrained_latent_only__seed11437,fidelity_constrained_latent_only,11437,15001,3,0.0,0.9064864151916818,1.0,0.6730240502740137,0.09439280352300414,5,5,0
PushT,jepa_wm_pusht,48,6,913,development_holdout,fidelity_constrained_latent_only__seed11437,fidelity_constrained_latent_only,11437,15001,6,0.0,0.7210536873095227,1.0,0.9164968782678845,0.14088789688077719,5,5,0
PushT,jepa_wm_pusht,49,6,1297,development_holdout,fidelity_constrained_latent_only__seed11437,fidelity_constrained_latent_only,11437,15001,1,0.3961841050703398,0.580304948287324,0.0,2.048594133484998,0.0821346155004047,9,5,0
PushT,jepa_wm_pusht,49,6,1297,development_holdout,fidelity_constrained_latent_only__seed11437,fidelity_constrained_latent_only,11437,15001,3,0.0,0.9712253272502487,1.0,0.7535651598015134,0.0733765648414393,5,5,0
PushT,jepa_wm_pusht,49,6,1297,development_holdout,fidelity_constrained_latent_only__seed11437,fidelity_constrained_latent_only,11437,15001,6,0.0,0.890968525988461,1.0,0.6809983595006419,0.13700692035651688,5,5,0
PushT,jepa_wm_pusht,50,6,1709,development_holdout,fidelity_constrained_latent_only__seed11437,fidelity_constrained_latent_only,11437,15001,1,0.0,0.9832859419964576,1.0,0.7321730226083738,0.0374786439820111,1,1,0
PushT,jepa_wm_pusht,50,6,1709,development_holdout,fidelity_constrained_latent_only__seed11437,fidelity_constrained_latent_only,11437,15001,3,0.0,0.9991336558341828,1.0,0.39315130918683616,0.04547215905244191,2,2,0
PushT,jepa_wm_pusht,50,6,1709,development_holdout,fidelity_constrained_latent_only__seed11437,fidelity_constrained_latent_only,11437,15001,6,0.19887118635918416,0.9259357505407902,0.0,0.5674932705628705,0.07818204766212351,1,2,0
PushT,jepa_wm_pusht,51,6,913,development_holdout,fidelity_constrained_latent_only__seed11437,fidelity_constrained_latent_only,11437,15001,1,0.0,0.9968981446241947,1.0,1.2124185854603202,0.05698568477668051,9,9,0
PushT,jepa_wm_pusht,51,6,913,development_holdout,fidelity_constrained_latent_only__seed11437,fidelity_constrained_latent_only,11437,15001,3,0.3533778267573249,0.9583249258259693,0.0,0.6107126381530887,0.060255918920520304,7,9,0
PushT,jepa_wm_pusht,51,6,913,development_holdout,fidelity_constrained_latent_only__seed11437,fidelity_constrained_latent_only,11437,15001,6,0.0,0.9224597470232038,1.0,1.0143456195828222,0.09542093927711612,9,9,0
PushT,jepa_wm_pusht,52,6,1297,development_holdout,fidelity_constrained_latent_only__seed11437,fidelity_constrained_latent_only,11437,15001,1,0.0,0.3333333333333333,1.0,15.342891881628685,0.14740496644795253,7,0,0
PushT,jepa_wm_pusht,52,6,1297,development_holdout,fidelity_constrained_latent_only__seed11437,fidelity_constrained_latent_only,11437,15001,3,0.3477543489605677,0.7375743718546339,0.0,1.8846455990235473,0.08580523087331912,4,2,0
PushT,jepa_wm_pusht,52,6,1297,development_holdout,fidelity_constrained_latent_only__seed11437,fidelity_constrained_latent_only,11437,15001,6,0.0,0.7899215713663117,1.0,1.1399151373962868,0.07866963203826054,3,3,0
PushT,jepa_wm_pusht,53,6,1709,development_holdout,fidelity_constrained_latent_only__seed11437,fidelity_constrained_latent_only,11437,15001,1,0.22071215478288175,0.34701736654035653,0.0,1.716914443671,0.05310971432154642,1,9,0
PushT,jepa_wm_pusht,53,6,1709,development_holdout,fidelity_constrained_latent_only__seed11437,fidelity_constrained_latent_only,11437,15001,3,0.02265841164096627,0.9493765305342502,0.0,0.8590534579455861,0.08213003605303668,2,5,0
PushT,jepa_wm_pusht,53,6,1709,development_holdout,fidelity_constrained_latent_only__seed11437,fidelity_constrained_latent_only,11437,15001,6,0.11645392932375082,0.9453049582604588,0.0,0.6448608185557103,0.13408745012947032,1,5,0
PushT,jepa_wm_pusht,54,6,913,development_holdout,fidelity_constrained_latent_only__seed11437,fidelity_constrained_latent_only,11437,15001,1,0.274829989886387,0.7827810676637567,0.0,1.2622733259494259,0.07850731432231417,6,4,0
PushT,jepa_wm_pusht,54,6,913,development_holdout,fidelity_constrained_latent_only__seed11437,fidelity_constrained_latent_only,11437,15001,3,0.0,0.9328169954886311,1.0,0.7944926397960517,0.11401284454908911,4,4,0
PushT,jepa_wm_pusht,54,6,913,development_holdout,fidelity_constrained_latent_only__seed11437,fidelity_constrained_latent_only,11437,15001,6,0.0,0.8357732515652931,1.0,1.2600751560648105,0.1462714526445615,4,4,0
PushT,jepa_wm_pusht,55,6,1297,development_holdout,fidelity_constrained_latent_only__seed11437,fidelity_constrained_latent_only,11437,15001,1,0.0,0.8888888888888888,1.0,1.1708342525166753,0.022112064196213813,0,0,1
PushT,jepa_wm_pusht,55,6,1297,development_holdout,fidelity_constrained_latent_only__seed11437,fidelity_constrained_latent_only,11437,15001,3,0.5069549095951416,0.06302534779169124,0.0,1.5786612373752353,0.11141850926327031,4,8,0
PushT,jepa_wm_pusht,55,6,1297,development_holdout,fidelity_constrained_latent_only__seed11437,fidelity_constrained_latent_only,11437,15001,6,0.0,0.8435101032833721,1.0,0.9852743000247012,0.10858871758366365,3,3,0
PushT,jepa_wm_pusht,8,1,913,development_holdout,fidelity_constrained_shuffled_geometry__seed11437,fidelity_constrained_shuffled_geometry,11437,15001,1,0.08148739372120142,0.8968584075348044,0.0,1.424788244901267,0.07103624581117887,5,1,0
PushT,jepa_wm_pusht,8,1,913,development_holdout,fidelity_constrained_shuffled_geometry__seed11437,fidelity_constrained_shuffled_geometry,11437,15001,3,0.008427652349288942,0.7349496865109818,0.0,1.1682929274224751,0.0720685357345504,4,6,0
PushT,jepa_wm_pusht,8,1,913,development_holdout,fidelity_constrained_shuffled_geometry__seed11437,fidelity_constrained_shuffled_geometry,11437,15001,6,1.0,0.18563947565192324,0.0,1.6052085189666483,0.12619895097606587,3,1,0
PushT,jepa_wm_pusht,9,1,1297,development_holdout,fidelity_constrained_shuffled_geometry__seed11437,fidelity_constrained_shuffled_geometry,11437,15001,1,0.0,0.6435516527166674,1.0,2.3998919064134916,0.06697178513907343,1,0,0
PushT,jepa_wm_pusht,9,1,1297,development_holdout,fidelity_constrained_shuffled_geometry__seed11437,fidelity_constrained_shuffled_geometry,11437,15001,3,0.7286493483691098,0.2975439808543403,0.0,1.3864871528184683,0.10476040738909212,7,2,0
PushT,jepa_wm_pusht,9,1,1297,development_holdout,fidelity_constrained_shuffled_geometry__seed11437,fidelity_constrained_shuffled_geometry,11437,15001,6,0.8502269524673542,0.20840874578921156,0.0,1.3158960369387551,0.12549173617623918,7,3,0
PushT,jepa_wm_pusht,10,1,1709,development_holdout,fidelity_constrained_shuffled_geometry__seed11437,fidelity_constrained_shuffled_geometry,11437,15001,1,0.620166319521398,0.42800818333153234,0.0,1.179237350723772,0.09334142520813779,6,1,0
PushT,jepa_wm_pusht,10,1,1709,development_holdout,fidelity_constrained_shuffled_geometry__seed11437,fidelity_constrained_shuffled_geometry,11437,15001,3,0.0,0.8451620854884817,1.0,1.1085907981486693,0.0839212311236941,6,6,0
PushT,jepa_wm_pusht,10,1,1709,development_holdout,fidelity_constrained_shuffled_geometry__seed11437,fidelity_constrained_shuffled_geometry,11437,15001,6,0.6789019354624969,0.572635459458504,0.0,1.8107907787116397,0.11055021671433382,2,6,0
PushT,jepa_wm_pusht,11,1,913,development_holdout,fidelity_constrained_shuffled_geometry__seed11437,fidelity_constrained_shuffled_geometry,11437,15001,1,0.41336878890994966,0.45025336725852033,0.0,2.5929138654867763,0.07279926583174796,5,7,0
PushT,jepa_wm_pusht,11,1,913,development_holdout,fidelity_constrained_shuffled_geometry__seed11437,fidelity_constrained_shuffled_geometry,11437,15001,3,0.0,0.8453362475160145,1.0,0.6652731655771549,0.06548018029403169,6,6,0
PushT,jepa_wm_pusht,11,1,913,development_holdout,fidelity_constrained_shuffled_geometry__seed11437,fidelity_constrained_shuffled_geometry,11437,15001,6,1.0,0.3150982643275744,0.0,1.3416378891242091,0.1374846129870774,3,6,0
PushT,jepa_wm_pusht,12,1,1297,development_holdout,fidelity_constrained_shuffled_geometry__seed11437,fidelity_constrained_shuffled_geometry,11437,15001,1,1.0,0.058496885489342745,0.0,1.357789426643951,0.2020661384947112,9,6,0
PushT,jepa_wm_pusht,12,1,1297,development_holdout,fidelity_constrained_shuffled_geometry__seed11437,fidelity_constrained_shuffled_geometry,11437,15001,3,0.0,0.6484302694149152,1.0,0.9895206854322663,0.12959416898705875,4,4,0
PushT,jepa_wm_pusht,12,1,1297,development_holdout,fidelity_constrained_shuffled_geometry__seed11437,fidelity_constrained_shuffled_geometry,11437,15001,6,0.01885074951463251,0.8978280258791946,0.0,0.7437511436412992,0.11408151501437036,4,2,0
PushT,jepa_wm_pusht,13,1,1709,development_holdout,fidelity_constrained_shuffled_geometry__seed11437,fidelity_constrained_shuffled_geometry,11437,15001,1,0.9488516591828323,0.03026845012152947,0.0,1.7285778194837786,0.08906479497045502,0,6,1
PushT,jepa_wm_pusht,13,1,1709,development_holdout,fidelity_constrained_shuffled_geometry__seed11437,fidelity_constrained_shuffled_geometry,11437,15001,3,0.0,0.814133503110319,1.0,0.823706765579093,0.08389460959340486,2,2,0
PushT,jepa_wm_pusht,13,1,1709,development_holdout,fidelity_constrained_shuffled_geometry__seed11437,fidelity_constrained_shuffled_geometry,11437,15001,6,0.13238746966896506,0.8390206851606243,0.0,0.8119225531996817,0.12006079670765227,6,2,0
PushT,jepa_wm_pusht,14,1,913,development_holdout,fidelity_constrained_shuffled_geometry__seed11437,fidelity_constrained_shuffled_geometry,11437,15001,1,0.0,nan,1.0,nan,0.09238525480024634,4,0,0
PushT,jepa_wm_pusht,14,1,913,development_holdout,fidelity_constrained_shuffled_geometry__seed11437,fidelity_constrained_shuffled_geometry,11437,15001,3,0.22439910568143512,0.9220205983224331,0.0,0.7665640586846737,0.05644790861579522,5,2,0
PushT,jepa_wm_pusht,14,1,913,development_holdout,fidelity_constrained_shuffled_geometry__seed11437,fidelity_constrained_shuffled_geometry,11437,15001,6,0.0,0.881932085611513,1.0,0.6838367517589601,0.08303568803328581,2,2,0
PushT,jepa_wm_pusht,15,1,1297,development_holdout,fidelity_constrained_shuffled_geometry__seed11437,fidelity_constrained_shuffled_geometry,11437,15001,1,0.0,nan,1.0,nan,0.04029748735834691,4,0,0
PushT,jepa_wm_pusht,15,1,1297,development_holdout,fidelity_constrained_shuffled_geometry__seed11437,fidelity_constrained_shuffled_geometry,11437,15001,3,0.6474833555978032,0.363752776626017,0.0,1.3826931328982828,0.06369571049274486,6,2,0
PushT,jepa_wm_pusht,15,1,1297,development_holdout,fidelity_constrained_shuffled_geometry__seed11437,fidelity_constrained_shuffled_geometry,11437,15001,6,0.0,0.9434484573590717,1.0,0.6401138727984946,0.07069318329871861,3,3,0
PushT,jepa_wm_pusht,16,2,913,development_holdout,fidelity_constrained_shuffled_geometry__seed11437,fidelity_constrained_shuffled_geometry,11437,15001,1,0.04667333317829818,0.9738755864786748,0.0,0.5482448687036803,0.0507901275364846,6,4,0
PushT,jepa_wm_pusht,16,2,913,development_holdout,fidelity_constrained_shuffled_geometry__seed11437,fidelity_constrained_shuffled_geometry,11437,15001,3,0.0,0.9074181226685127,1.0,0.9790807846590799,0.1287113296706383,6,6,0
PushT,jepa_wm_pusht,16,2,913,development_holdout,fidelity_constrained_shuffled_geometry__seed11437,fidelity_constrained_shuffled_geometry,11437,15001,6,0.0,0.5681656498212994,1.0,0.9046089732679101,0.16753114068546604,6,6,0
PushT,jepa_wm_pusht,17,2,1297,development_holdout,fidelity_constrained_shuffled_geometry__seed11437,fidelity_constrained_shuffled_geometry,11437,15001,1,0.0,nan,1.0,nan,0.05952464519662477,8,0,0
PushT,jepa_wm_pusht,17,2,1297,development_holdout,fidelity_constrained_shuffled_geometry__seed11437,fidelity_constrained_shuffled_geometry,11437,15001,3,0.5789271149086822,0.7002271854515115,0.0,1.7019950376849784,0.07141116013930077,4,2,0
PushT,jepa_wm_pusht,17,2,1297,development_holdout,fidelity_constrained_shuffled_geometry__seed11437,fidelity_constrained_shuffled_geometry,11437,15001,6,0.0,0.8828071763779162,1.0,0.7361569360700181,0.08131006088893541,3,3,0
PushT,jepa_wm_pusht,18,2,1709,development_holdout,fidelity_constrained_shuffled_geometry__seed11437,fidelity_constrained_shuffled_geometry,11437,15001,1,0.0,nan,1.0,nan,0.11912559411093367,4,0,0
PushT,jepa_wm_pusht,18,2,1709,development_holdout,fidelity_constrained_shuffled_geometry__seed11437,fidelity_constrained_shuffled_geometry,11437,15001,3,0.44201480759003287,0.32708656851744083,0.0,1.8025564587785048,0.13777946946167016,5,2,0
PushT,jepa_wm_pusht,18,2,1709,development_holdout,fidelity_constrained_shuffled_geometry__seed11437,fidelity_constrained_shuffled_geometry,11437,15001,6,1.0,0.3932924931344163,0.0,1.416532997125157,0.1318550571905422,7,2,0
PushT,jepa_wm_pusht,19,2,913,development_holdout,fidelity_constrained_shuffled_geometry__seed11437,fidelity_constrained_shuffled_geometry,11437,15001,1,1.0,0.6431921664024705,0.0,1.635005164289298,0.06519885102209054,6,7,0
PushT,jepa_wm_pusht,19,2,913,development_holdout,fidelity_constrained_shuffled_geometry__seed11437,fidelity_constrained_shuffled_geometry,11437,15001,3,0.0,0.8704273322223269,1.0,0.7912954607489001,0.080388395199938,7,7,0
PushT,jepa_wm_pusht,19,2,913,development_holdout,fidelity_constrained_shuffled_geometry__seed11437,fidelity_constrained_shuffled_geometry,11437,15001,6,0.05206520357815755,0.9156420515644179,0.0,1.5507440525008533,0.09265434035946873,7,5,0
PushT,jepa_wm_pusht,20,2,1297,development_holdout,fidelity_constrained_shuffled_geometry__seed11437,fidelity_constrained_shuffled_geometry,11437,15001,1,0.071849549171498,0.8966502293888302,0.0,1.2638825495893022,0.05779147653752611,6,8,0
PushT,jepa_wm_pusht,20,2,1297,development_holdout,fidelity_constrained_shuffled_geometry__seed11437,fidelity_constrained_shuffled_geometry,11437,15001,3,0.6926795848253594,0.4576644566507828,0.0,1.507499511931181,0.14513605729078932,2,8,0
PushT,jepa_wm_pusht,20,2,1297,development_holdout,fidelity_constrained_shuffled_geometry__seed11437,fidelity_constrained_shuffled_geometry,11437,15001,6,1.0,0.13800015940003457,0.0,1.7032023792440312,0.2596928633403143,3,8,0
PushT,jepa_wm_pusht,21,2,1709,development_holdout,fidelity_constrained_shuffled_geometry__seed11437,fidelity_constrained_shuffled_geometry,11437,15001,1,0.0,nan,1.0,nan,0.055670476357616225,6,0,0
PushT,jepa_wm_pusht,21,2,1709,development_holdout,fidelity_constrained_shuffled_geometry__seed11437,fidelity_constrained_shuffled_geometry,11437,15001,3,0.7585503102919223,0.5643275434830097,0.0,2.0713652571867494,0.08902060715121034,4,2,0
PushT,jepa_wm_pusht,21,2,1709,development_holdout,fidelity_constrained_shuffled_geometry__seed11437,fidelity_constrained_shuffled_geometry,11437,15001,6,0.0,0.8228087012626281,1.0,0.871136652999114,0.08661058779801889,3,3,0
PushT,jepa_wm_pusht,22,2,913,development_holdout,fidelity_constrained_shuffled_geometry__seed11437,fidelity_constrained_shuffled_geometry,11437,15001,1,1.0,0.3333333333333333,0.0,19.923055047517796,0.04996973454491895,5,6,0
PushT,jepa_wm_pusht,22,2,913,development_holdout,fidelity_constrained_shuffled_geometry__seed11437,fidelity_constrained_shuffled_geometry,11437,15001,3,0.6125149999424588,0.8131392604655538,0.0,0.957118124569051,0.06785208352531182,6,4,0
PushT,jepa_wm_pusht,22,2,913,development_holdout,fidelity_constrained_shuffled_geometry__seed11437,fidelity_constrained_shuffled_geometry,11437,15001,6,0.16420548128968346,0.7958244707678503,0.0,1.399179527961973,0.0734911147361916,2,4,0
PushT,jepa_wm_pusht,23,2,1297,development_holdout,fidelity_constrained_shuffled_geometry__seed11437,fidelity_constrained_shuffled_geometry,11437,15001,1,0.5842417127270264,0.05417159893364275,0.0,1.9826172667128443,0.2557529844178722,4,9,0
PushT,jepa_wm_pusht,23,2,1297,development_holdout,fidelity_constrained_shuffled_geometry__seed11437,fidelity_constrained_shuffled_geometry,11437,15001,3,0.13340500380456333,0.5075359412926779,0.0,1.2664714423005596,0.22073108056319293,1,9,0
PushT,jepa_wm_pusht,23,2,1297,development_holdout,fidelity_constrained_shuffled_geometry__seed11437,fidelity_constrained_shuffled_geometry,11437,15001,6,0.00624987304378611,0.33977316979836897,0.0,1.2613863386005868,0.24301036322109107,3,9,0
PushT,jepa_wm_pusht,48,6,913,development_holdout,fidelity_constrained_shuffled_geometry__seed11437,fidelity_constrained_shuffled_geometry,11437,15001,1,0.09012243500443963,0.29379559776484393,0.0,1.9834895934094912,0.05950425643453096,0,9,1
PushT,jepa_wm_pusht,48,6,913,development_holdout,fidelity_constrained_shuffled_geometry__seed11437,fidelity_constrained_shuffled_geometry,11437,15001,3,0.0,0.9445848382514314,1.0,0.5785392086217831,0.09686587470422522,5,5,0
PushT,jepa_wm_pusht,48,6,913,development_holdout,fidelity_constrained_shuffled_geometry__seed11437,fidelity_constrained_shuffled_geometry,11437,15001,6,0.0,0.7249272980315046,1.0,0.9490056462947688,0.14084704587173047,5,5,0
PushT,jepa_wm_pusht,49,6,1297,development_holdout,fidelity_constrained_shuffled_geometry__seed11437,fidelity_constrained_shuffled_geometry,11437,15001,1,0.5243318422105816,0.595287500449916,0.0,1.7186758042975685,0.08657744055048672,0,5,1
PushT,jepa_wm_pusht,49,6,1297,development_holdout,fidelity_constrained_shuffled_geometry__seed11437,fidelity_constrained_shuffled_geometry,11437,15001,3,0.0,0.9712253272502487,1.0,0.6649243259383433,0.07271845609256639,5,5,0
PushT,jepa_wm_pusht,49,6,1297,development_holdout,fidelity_constrained_shuffled_geometry__seed11437,fidelity_constrained_shuffled_geometry,11437,15001,6,0.0,0.8901796214451623,1.0,0.6507402553640766,0.1410679826563322,5,5,0
PushT,jepa_wm_pusht,50,6,1709,development_holdout,fidelity_constrained_shuffled_geometry__seed11437,fidelity_constrained_shuffled_geometry,11437,15001,1,0.0,0.9832859419964576,1.0,0.5207192937719989,0.04629812491309372,1,1,0
PushT,jepa_wm_pusht,50,6,1709,development_holdout,fidelity_constrained_shuffled_geometry__seed11437,fidelity_constrained_shuffled_geometry,11437,15001,3,0.0,0.9991336558341828,1.0,0.3954377496039086,0.04063467826254464,2,2,0
PushT,jepa_wm_pusht,50,6,1709,development_holdout,fidelity_constrained_shuffled_geometry__seed11437,fidelity_constrained_shuffled_geometry,11437,15001,6,0.0,0.9674052260185616,1.0,0.45338038811981574,0.07340300534435809,2,2,0
PushT,jepa_wm_pusht,51,6,913,development_holdout,fidelity_constrained_shuffled_geometry__seed11437,fidelity_constrained_shuffled_geometry,11437,15001,1,0.0,0.9968981446241947,1.0,1.1000698865918315,0.06351453042836233,9,9,0
PushT,jepa_wm_pusht,51,6,913,development_holdout,fidelity_constrained_shuffled_geometry__seed11437,fidelity_constrained_shuffled_geometry,11437,15001,3,0.0,0.9677219337921584,1.0,0.35009671412937515,0.05324398227811402,9,9,0
PushT,jepa_wm_pusht,51,6,913,development_holdout,fidelity_constrained_shuffled_geometry__seed11437,fidelity_constrained_shuffled_geometry,11437,15001,6,0.8517434359994246,0.7378318595530549,0.0,1.1003112499145802,0.09705610541047868,6,9,0
PushT,jepa_wm_pusht,52,6,1297,development_holdout,fidelity_constrained_shuffled_geometry__seed11437,fidelity_constrained_shuffled_geometry,11437,15001,1,0.0,0.3333333333333333,1.0,14.623160615641241,0.1245529631159921,8,0,0
PushT,jepa_wm_pusht,52,6,1297,development_holdout,fidelity_constrained_shuffled_geometry__seed11437,fidelity_constrained_shuffled_geometry,11437,15001,3,0.3477543489605677,0.7855204888760052,0.0,1.580313644281909,0.07131552962383206,4,2,0
PushT,jepa_wm_pusht,52,6,1297,development_holdout,fidelity_constrained_shuffled_geometry__seed11437,fidelity_constrained_shuffled_geometry,11437,15001,6,0.0,0.9683870945937166,1.0,0.8236988883213947,0.05925699064061642,3,3,0
PushT,jepa_wm_pusht,53,6,1709,development_holdout,fidelity_constrained_shuffled_geometry__seed11437,fidelity_constrained_shuffled_geometry,11437,15001,1,0.43758647622549646,0.30665103529689075,0.0,1.663421365844402,0.05956337241944006,4,9,0
PushT,jepa_wm_pusht,53,6,1709,development_holdout,fidelity_constrained_shuffled_geometry__seed11437,fidelity_constrained_shuffled_geometry,11437,15001,3,0.02265841164096627,0.9493765305342502,0.0,0.7998549345383789,0.07925596850976144,2,5,0
PushT,jepa_wm_pusht,53,6,1709,development_holdout,fidelity_constrained_shuffled_geometry__seed11437,fidelity_constrained_shuffled_geometry,11437,15001,6,0.11645392932375082,0.9441352897190614,0.0,0.4914098922038963,0.1313000591042235,1,5,0
PushT,jepa_wm_pusht,54,6,913,development_holdout,fidelity_constrained_shuffled_geometry__seed11437,fidelity_constrained_shuffled_geometry,11437,15001,1,0.274829989886387,0.8086426249861961,0.0,1.0970996080077933,0.06922506291210245,6,4,0
PushT,jepa_wm_pusht,54,6,913,development_holdout,fidelity_constrained_shuffled_geometry__seed11437,fidelity_constrained_shuffled_geometry,11437,15001,3,0.0,0.8968938567793392,1.0,1.01768709938506,0.11661107864312852,4,4,0
PushT,jepa_wm_pusht,54,6,913,development_holdout,fidelity_constrained_shuffled_geometry__seed11437,fidelity_constrained_shuffled_geometry,11437,15001,6,0.0,0.825327738541897,1.0,1.1194019462615858,0.14506227928114965,4,4,0
PushT,jepa_wm_pusht,55,6,1297,development_holdout,fidelity_constrained_shuffled_geometry__seed11437,fidelity_constrained_shuffled_geometry,11437,15001,1,0.0,0.8888888888888888,1.0,1.2769477721700273,0.029410236450523812,0,0,1
PushT,jepa_wm_pusht,55,6,1297,development_holdout,fidelity_constrained_shuffled_geometry__seed11437,fidelity_constrained_shuffled_geometry,11437,15001,3,0.031059595022704112,0.26386057737335517,0.0,1.5383605609904532,0.105939157992922,7,8,0
PushT,jepa_wm_pusht,55,6,1297,development_holdout,fidelity_constrained_shuffled_geometry__seed11437,fidelity_constrained_shuffled_geometry,11437,15001,6,0.0,0.933102778974805,1.0,0.8579654931785047,0.09669435930051448,3,3,0
PushT,jepa_wm_pusht,8,1,913,development_holdout,fidelity_constrained_matched_geometry__seed11437,fidelity_constrained_matched_geometry,11437,15001,1,0.0,0.9122833460867856,1.0,1.4718719466444696,0.07038509191111844,1,1,0
PushT,jepa_wm_pusht,8,1,913,development_holdout,fidelity_constrained_matched_geometry__seed11437,fidelity_constrained_matched_geometry,11437,15001,3,0.008427652349288942,0.7622859340985564,0.0,1.250655956898783,0.07435825092892952,4,6,0
PushT,jepa_wm_pusht,8,1,913,development_holdout,fidelity_constrained_matched_geometry__seed11437,fidelity_constrained_matched_geometry,11437,15001,6,0.06384650595620604,0.2697047916430701,0.0,1.6121192737645842,0.13453663351803524,6,1,0
PushT,jepa_wm_pusht,9,1,1297,development_holdout,fidelity_constrained_matched_geometry__seed11437,fidelity_constrained_matched_geometry,11437,15001,1,0.0,0.7037216860137091,1.0,2.0924959309012037,0.0587398398208314,1,0,0
PushT,jepa_wm_pusht,9,1,1297,development_holdout,fidelity_constrained_matched_geometry__seed11437,fidelity_constrained_matched_geometry,11437,15001,3,0.7286493483691098,0.33010015553754285,0.0,1.4429671915369924,0.10854349666238791,7,2,0
PushT,jepa_wm_pusht,9,1,1297,development_holdout,fidelity_constrained_matched_geometry__seed11437,fidelity_constrained_matched_geometry,11437,15001,6,1.0,0.38702289790922495,0.0,1.2378986308241784,0.12090043529434805,9,3,0
PushT,jepa_wm_pusht,10,1,1709,development_holdout,fidelity_constrained_matched_geometry__seed11437,fidelity_constrained_matched_geometry,11437,15001,1,0.620166319521398,0.4642007973584988,0.0,1.1066466508217636,0.0969236450606235,6,1,0
PushT,jepa_wm_pusht,10,1,1709,development_holdout,fidelity_constrained_matched_geometry__seed11437,fidelity_constrained_matched_geometry,11437,15001,3,0.0,0.8976458749497618,1.0,1.1171076976444487,0.0866541412551811,6,6,0
PushT,jepa_wm_pusht,10,1,1709,development_holdout,fidelity_constrained_matched_geometry__seed11437,fidelity_constrained_matched_geometry,11437,15001,6,0.6789019354624969,0.6970132741905185,0.0,1.4961157780483108,0.11069355119366357,2,6,0
PushT,jepa_wm_pusht,11,1,913,development_holdout,fidelity_constrained_matched_geometry__seed11437,fidelity_constrained_matched_geometry,11437,15001,1,0.45140758138381915,0.8100588077399232,0.0,1.430684182635751,0.06309736555389371,6,7,0
PushT,jepa_wm_pusht,11,1,913,development_holdout,fidelity_constrained_matched_geometry__seed11437,fidelity_constrained_matched_geometry,11437,15001,3,0.0,0.8562715096500304,1.0,0.6012789173673629,0.06434115051536807,6,6,0
PushT,jepa_wm_pusht,11,1,913,development_holdout,fidelity_constrained_matched_geometry__seed11437,fidelity_constrained_matched_geometry,11437,15001,6,1.0,0.33266364093303663,0.0,1.3137180631098888,0.13614796396415568,3,6,0
PushT,jepa_wm_pusht,12,1,1297,development_holdout,fidelity_constrained_matched_geometry__seed11437,fidelity_constrained_matched_geometry,11437,15001,1,1.0,0.01504069767859441,0.0,1.3493491418000454,0.19598733625105091,9,6,0
PushT,jepa_wm_pusht,12,1,1297,development_holdout,fidelity_constrained_matched_geometry__seed11437,fidelity_constrained_matched_geometry,11437,15001,3,0.09847152877843415,0.5684663915856903,0.0,1.013688587422132,0.13916546999534632,2,4,0
PushT,jepa_wm_pusht,12,1,1297,development_holdout,fidelity_constrained_matched_geometry__seed11437,fidelity_constrained_matched_geometry,11437,15001,6,0.2031956716648721,0.8883073170351443,0.0,0.7230842580529993,0.11539061199698467,3,2,0
PushT,jepa_wm_pusht,13,1,1709,development_holdout,fidelity_constrained_matched_geometry__seed11437,fidelity_constrained_matched_geometry,11437,15001,1,0.9488516591828323,0.03026845012152947,0.0,1.6672929206080633,0.09284372497172093,0,6,1
PushT,jepa_wm_pusht,13,1,1709,development_holdout,fidelity_constrained_matched_geometry__seed11437,fidelity_constrained_matched_geometry,11437,15001,3,0.0,0.8389117433273928,1.0,0.7709394438062883,0.07855557404012015,2,2,0
PushT,jepa_wm_pusht,13,1,1709,development_holdout,fidelity_constrained_matched_geometry__seed11437,fidelity_constrained_matched_geometry,11437,15001,6,0.13238746966896506,0.8390206851606243,0.0,0.8091309712550413,0.12235709383584678,6,2,0
PushT,jepa_wm_pusht,14,1,913,development_holdout,fidelity_constrained_matched_geometry__seed11437,fidelity_constrained_matched_geometry,11437,15001,1,0.0,nan,1.0,nan,0.0904835614995303,5,0,0
PushT,jepa_wm_pusht,14,1,913,development_holdout,fidelity_constrained_matched_geometry__seed11437,fidelity_constrained_matched_geometry,11437,15001,3,0.22439910568143512,0.9278747657587763,0.0,0.7154496503563135,0.05493737460227238,5,2,0
PushT,jepa_wm_pusht,14,1,913,development_holdout,fidelity_constrained_matched_geometry__seed11437,fidelity_constrained_matched_geometry,11437,15001,6,0.0,0.939578869171241,1.0,0.5944723171948784,0.08245209672190748,2,2,0
PushT,jepa_wm_pusht,15,1,1297,development_holdout,fidelity_constrained_matched_geometry__seed11437,fidelity_constrained_matched_geometry,11437,15001,1,0.0,nan,1.0,nan,0.04241221296215031,6,0,0
PushT,jepa_wm_pusht,15,1,1297,development_holdout,fidelity_constrained_matched_geometry__seed11437,fidelity_constrained_matched_geometry,11437,15001,3,0.6474833555978032,0.36912261713257594,0.0,1.4392839228448222,0.05978913483305372,6,2,0
PushT,jepa_wm_pusht,15,1,1297,development_holdout,fidelity_constrained_matched_geometry__seed11437,fidelity_constrained_matched_geometry,11437,15001,6,0.0,0.9692579701255484,1.0,0.6162155302761572,0.06854328478897202,3,3,0
PushT,jepa_wm_pusht,16,2,913,development_holdout,fidelity_constrained_matched_geometry__seed11437,fidelity_constrained_matched_geometry,11437,15001,1,0.04667333317829818,0.9738755864786748,0.0,0.5846391694924634,0.05558014743414456,6,4,0
PushT,jepa_wm_pusht,16,2,913,development_holdout,fidelity_constrained_matched_geometry__seed11437,fidelity_constrained_matched_geometry,11437,15001,3,0.0,0.7652800411070475,1.0,1.1467374490881386,0.12458193735203733,6,6,0
PushT,jepa_wm_pusht,16,2,913,development_holdout,fidelity_constrained_matched_geometry__seed11437,fidelity_constrained_matched_geometry,11437,15001,6,0.0,0.5715270591642655,1.0,0.9561714898316274,0.14354193275591337,6,6,0
PushT,jepa_wm_pusht,17,2,1297,development_holdout,fidelity_constrained_matched_geometry__seed11437,fidelity_constrained_matched_geometry,11437,15001,1,0.0,nan,1.0,nan,0.060888219245979994,8,0,0
PushT,jepa_wm_pusht,17,2,1297,development_holdout,fidelity_constrained_matched_geometry__seed11437,fidelity_constrained_matched_geometry,11437,15001,3,0.5789271149086822,0.7279380265827744,0.0,1.9622275147868349,0.07664699637791825,4,2,0
PushT,jepa_wm_pusht,17,2,1297,development_holdout,fidelity_constrained_matched_geometry__seed11437,fidelity_constrained_matched_geometry,11437,15001,6,0.27989109651126526,0.8628636524391975,0.0,0.8831202898733501,0.0892884485573476,2,3,0
PushT,jepa_wm_pusht,18,2,1709,development_holdout,fidelity_constrained_matched_geometry__seed11437,fidelity_constrained_matched_geometry,11437,15001,1,0.0,nan,1.0,nan,0.1227422176995768,4,0,0
PushT,jepa_wm_pusht,18,2,1709,development_holdout,fidelity_constrained_matched_geometry__seed11437,fidelity_constrained_matched_geometry,11437,15001,3,0.44201480759003287,0.41833008373243963,0.0,2.26196829295478,0.13233835679680578,5,2,0
PushT,jepa_wm_pusht,18,2,1709,development_holdout,fidelity_constrained_matched_geometry__seed11437,fidelity_constrained_matched_geometry,11437,15001,6,1.0,0.44018508522089056,0.0,1.3065147269315234,0.12189884808419486,7,2,0
PushT,jepa_wm_pusht,19,2,913,development_holdout,fidelity_constrained_matched_geometry__seed11437,fidelity_constrained_matched_geometry,11437,15001,1,1.0,0.31192676103462597,0.0,2.005602197248956,0.0480468901315023,1,7,0
PushT,jepa_wm_pusht,19,2,913,development_holdout,fidelity_constrained_matched_geometry__seed11437,fidelity_constrained_matched_geometry,11437,15001,3,0.0,0.812940440633841,1.0,0.967050882852833,0.07210597959669228,7,7,0
PushT,jepa_wm_pusht,19,2,913,development_holdout,fidelity_constrained_matched_geometry__seed11437,fidelity_constrained_matched_geometry,11437,15001,6,0.05206520357815755,0.9097375544977261,0.0,1.5614407965113277,0.0866192072678634,7,5,0
PushT,jepa_wm_pusht,20,2,1297,development_holdout,fidelity_constrained_matched_geometry__seed11437,fidelity_constrained_matched_geometry,11437,15001,1,0.2204153882995534,0.8892534169868382,0.0,1.2672044549504244,0.05877831798556077,4,8,0
PushT,jepa_wm_pusht,20,2,1297,development_holdout,fidelity_constrained_matched_geometry__seed11437,fidelity_constrained_matched_geometry,11437,15001,3,0.4266659652735245,0.48901733276346854,0.0,1.5532568397749107,0.15468084921628483,4,8,0
PushT,jepa_wm_pusht,20,2,1297,development_holdout,fidelity_constrained_matched_geometry__seed11437,fidelity_constrained_matched_geometry,11437,15001,6,1.0,0.15008438841358834,0.0,1.7805464166219656,0.25302476566881865,3,8,0
PushT,jepa_wm_pusht,21,2,1709,development_holdout,fidelity_constrained_matched_geometry__seed11437,fidelity_constrained_matched_geometry,11437,15001,1,0.0,nan,1.0,nan,0.05840565452471017,6,0,0
PushT,jepa_wm_pusht,21,2,1709,development_holdout,fidelity_constrained_matched_geometry__seed11437,fidelity_constrained_matched_geometry,11437,15001,3,0.7585503102919223,0.5958583078314007,0.0,2.3439753669674555,0.0963897670970466,4,2,0
PushT,jepa_wm_pusht,21,2,1709,development_holdout,fidelity_constrained_matched_geometry__seed11437,fidelity_constrained_matched_geometry,11437,15001,6,0.0,0.8086460205638093,1.0,0.8374401488238945,0.08063301511489634,3,3,0
PushT,jepa_wm_pusht,22,2,913,development_holdout,fidelity_constrained_matched_geometry__seed11437,fidelity_constrained_matched_geometry,11437,15001,1,1.0,0.2222222222222222,0.0,20.392627156228745,0.04533875754035961,5,6,0
PushT,jepa_wm_pusht,22,2,913,development_holdout,fidelity_constrained_matched_geometry__seed11437,fidelity_constrained_matched_geometry,11437,15001,3,0.6125149999424588,0.8071138070131028,0.0,0.8548917759798716,0.07272967696580715,6,4,0
PushT,jepa_wm_pusht,22,2,913,development_holdout,fidelity_constrained_matched_geometry__seed11437,fidelity_constrained_matched_geometry,11437,15001,6,0.16420548128968346,0.8377229997412813,0.0,1.0321575688916127,0.0653015292976052,2,4,0
PushT,jepa_wm_pusht,23,2,1297,development_holdout,fidelity_constrained_matched_geometry__seed11437,fidelity_constrained_matched_geometry,11437,15001,1,0.5842417127270264,0.17169813732167108,0.0,1.9089989332002344,0.2630974926980211,4,9,0
PushT,jepa_wm_pusht,23,2,1297,development_holdout,fidelity_constrained_matched_geometry__seed11437,fidelity_constrained_matched_geometry,11437,15001,3,0.13340500380456333,0.5015056576627168,0.0,1.3392585246049797,0.23293961460852192,1,9,0
PushT,jepa_wm_pusht,23,2,1297,development_holdout,fidelity_constrained_matched_geometry__seed11437,fidelity_constrained_matched_geometry,11437,15001,6,0.00624987304378611,0.49311446944812914,0.0,1.1845437759182005,0.2630299619029659,3,9,0
PushT,jepa_wm_pusht,48,6,913,development_holdout,fidelity_constrained_matched_geometry__seed11437,fidelity_constrained_matched_geometry,11437,15001,1,0.09012243500443963,0.30618157417711417,0.0,2.0238347202603726,0.06329827236692487,0,9,1
PushT,jepa_wm_pusht,48,6,913,development_holdout,fidelity_constrained_matched_geometry__seed11437,fidelity_constrained_matched_geometry,11437,15001,3,0.0,0.9445848382514314,1.0,0.662160023766712,0.09511391594473605,5,5,0
PushT,jepa_wm_pusht,48,6,913,development_holdout,fidelity_constrained_matched_geometry__seed11437,fidelity_constrained_matched_geometry,11437,15001,6,0.0,0.7210536873095227,1.0,0.9462395860254609,0.14741853617566056,5,5,0
PushT,jepa_wm_pusht,49,6,1297,development_holdout,fidelity_constrained_matched_geometry__seed11437,fidelity_constrained_matched_geometry,11437,15001,1,0.3961841050703398,0.580304948287324,0.0,2.033157298171904,0.08830796991863965,9,5,0
PushT,jepa_wm_pusht,49,6,1297,development_holdout,fidelity_constrained_matched_geometry__seed11437,fidelity_constrained_matched_geometry,11437,15001,3,0.0,0.9523091559943566,1.0,0.7332378564825269,0.0740494990844101,5,5,0
PushT,jepa_wm_pusht,49,6,1297,development_holdout,fidelity_constrained_matched_geometry__seed11437,fidelity_constrained_matched_geometry,11437,15001,6,0.0,0.8800212958231343,1.0,0.6836785808953482,0.14043674304272108,5,5,0
PushT,jepa_wm_pusht,50,6,1709,development_holdout,fidelity_constrained_matched_geometry__seed11437,fidelity_constrained_matched_geometry,11437,15001,1,0.0,0.9832859419964576,1.0,0.7350182675918349,0.039516190250676306,1,1,0
PushT,jepa_wm_pusht,50,6,1709,development_holdout,fidelity_constrained_matched_geometry__seed11437,fidelity_constrained_matched_geometry,11437,15001,3,0.0,0.9991336558341828,1.0,0.3588705359927015,0.0493856544187595,2,2,0
PushT,jepa_wm_pusht,50,6,1709,development_holdout,fidelity_constrained_matched_geometry__seed11437,fidelity_constrained_matched_geometry,11437,15001,6,0.19887118635918416,0.948110303175043,0.0,0.523488832900854,0.07453807479908348,1,2,0
PushT,jepa_wm_pusht,51,6,913,development_holdout,fidelity_constrained_matched_geometry__seed11437,fidelity_constrained_matched_geometry,11437,15001,1,0.0,0.9968981446241947,1.0,1.196953585164408,0.05453720999102739,9,9,0
PushT,jepa_wm_pusht,51,6,913,development_holdout,fidelity_constrained_matched_geometry__seed11437,fidelity_constrained_matched_geometry,11437,15001,3,0.3533778267573249,0.9446473274593091,0.0,0.577924654635376,0.05859347490502198,7,9,0
PushT,jepa_wm_pusht,51,6,913,development_holdout,fidelity_constrained_matched_geometry__seed11437,fidelity_constrained_matched_geometry,11437,15001,6,0.8517434359994246,0.7523185011468358,0.0,1.0904521787418597,0.09737787469507939,6,9,0
PushT,jepa_wm_pusht,52,6,1297,development_holdout,fidelity_constrained_matched_geometry__seed11437,fidelity_constrained_matched_geometry,11437,15001,1,0.0,0.5555555555555556,1.0,14.443217246725116,0.14093995066230633,7,0,0
PushT,jepa_wm_pusht,52,6,1297,development_holdout,fidelity_constrained_matched_geometry__seed11437,fidelity_constrained_matched_geometry,11437,15001,3,0.3477543489605677,0.7375743718546339,0.0,1.7833674214521622,0.08181868354763391,4,2,0
PushT,jepa_wm_pusht,52,6,1297,development_holdout,fidelity_constrained_matched_geometry__seed11437,fidelity_constrained_matched_geometry,11437,15001,6,0.0,0.8321264620337411,1.0,0.9816465869391281,0.06811953094015875,3,3,0
PushT,jepa_wm_pusht,53,6,1709,development_holdout,fidelity_constrained_matched_geometry__seed11437,fidelity_constrained_matched_geometry,11437,15001,1,0.22071215478288175,0.564380630528897,0.0,1.3044867227088304,0.04966860430767729,1,9,0
PushT,jepa_wm_pusht,53,6,1709,development_holdout,fidelity_constrained_matched_geometry__seed11437,fidelity_constrained_matched_geometry,11437,15001,3,0.02265841164096627,0.9493765305342502,0.0,0.8561801990792537,0.08263887281511126,2,5,0
PushT,jepa_wm_pusht,53,6,1709,development_holdout,fidelity_constrained_matched_geometry__seed11437,fidelity_constrained_matched_geometry,11437,15001,6,0.11645392932375082,0.9453049582604588,0.0,0.623084266457111,0.13635329415494982,1,5,0
PushT,jepa_wm_pusht,54,6,913,development_holdout,fidelity_constrained_matched_geometry__seed11437,fidelity_constrained_matched_geometry,11437,15001,1,0.274829989886387,0.8202212219875608,0.0,1.1143417691878756,0.07165113304825596,6,4,0
PushT,jepa_wm_pusht,54,6,913,development_holdout,fidelity_constrained_matched_geometry__seed11437,fidelity_constrained_matched_geometry,11437,15001,3,0.0,0.8968938567793392,1.0,0.8918476384313392,0.11357077944405096,4,4,0
PushT,jepa_wm_pusht,54,6,913,development_holdout,fidelity_constrained_matched_geometry__seed11437,fidelity_constrained_matched_geometry,11437,15001,6,0.0,0.7795561552714005,1.0,1.2605415606669015,0.14791726445149367,4,4,0
PushT,jepa_wm_pusht,55,6,1297,development_holdout,fidelity_constrained_matched_geometry__seed11437,fidelity_constrained_matched_geometry,11437,15001,1,0.0,0.8888888888888888,1.0,1.2291590743644722,0.027176898011062024,0,0,1
PushT,jepa_wm_pusht,55,6,1297,development_holdout,fidelity_constrained_matched_geometry__seed11437,fidelity_constrained_matched_geometry,11437,15001,3,0.031059595022704112,0.25453426304278304,0.0,1.4779834017485778,0.11068492164135937,7,8,0
PushT,jepa_wm_pusht,55,6,1297,development_holdout,fidelity_constrained_matched_geometry__seed11437,fidelity_constrained_matched_geometry,11437,15001,6,0.0,0.8435101032833721,1.0,0.9667178072470631,0.10331178193042254,3,3,0
Wall,jepa_wm_wall,8,1,913,development_holdout,frozen,frozen,-1,15001,1,0.12071148770637684,0.8637075486781062,0.0,0.7816992719994696,0.12956725296637497,5,2,0
Wall,jepa_wm_wall,8,1,913,development_holdout,frozen,frozen,-1,15001,3,0.08482373582968013,0.9564182590969176,0.0,0.44165003811972947,0.09435282407121696,5,4,0
Wall,jepa_wm_wall,8,1,913,development_holdout,frozen,frozen,-1,15001,6,0.029846874393166266,0.9942393740865024,0.0,0.5040726755050041,0.12164539265267496,2,4,0
Wall,jepa_wm_wall,9,1,1297,development_holdout,frozen,frozen,-1,15001,1,0.12507081777279483,0.9267118284508056,0.0,0.5556021660005458,0.20737962564312276,5,1,0
Wall,jepa_wm_wall,9,1,1297,development_holdout,frozen,frozen,-1,15001,3,0.0,0.5992034323840513,1.0,1.1585121047608211,0.16588518603301086,1,1,0
Wall,jepa_wm_wall,9,1,1297,development_holdout,frozen,frozen,-1,15001,6,0.09552012436264752,0.9389137581746745,0.0,0.5820972999012705,0.16801750346041563,4,2,0
Wall,jepa_wm_wall,10,1,1709,development_holdout,frozen,frozen,-1,15001,1,0.12286421707529614,0.8372062120092827,0.0,0.646656719753246,0.13350274260203396,5,1,0
Wall,jepa_wm_wall,10,1,1709,development_holdout,frozen,frozen,-1,15001,3,0.20731631818021912,0.9699018870488328,0.0,0.5303297121831728,0.12935833958080717,5,1,0
Wall,jepa_wm_wall,10,1,1709,development_holdout,frozen,frozen,-1,15001,6,0.0,0.980903966342156,1.0,0.583937014103741,0.19653844537029197,1,1,0
Wall,jepa_wm_wall,11,1,913,development_holdout,frozen,frozen,-1,15001,1,0.0,0.9471246910091041,1.0,0.5247442180588417,0.16578205026064965,1,1,0
Wall,jepa_wm_wall,11,1,913,development_holdout,frozen,frozen,-1,15001,3,0.16557815588742084,0.9218987100202957,0.0,0.6530294867649681,0.13806664355970974,5,1,0
Wall,jepa_wm_wall,11,1,913,development_holdout,frozen,frozen,-1,15001,6,0.0,0.9651219466395834,1.0,0.5647480030583126,0.1912746217724604,1,1,0
Wall,jepa_wm_wall,12,1,1297,development_holdout,frozen,frozen,-1,15001,1,0.0,0.7688796670727893,1.0,0.6757618597111008,0.2529767789906311,1,1,0
Wall,jepa_wm_wall,12,1,1297,development_holdout,frozen,frozen,-1,15001,3,0.0,0.6529217531828108,1.0,1.0164912804772412,0.20679502509595,1,1,0
Wall,jepa_wm_wall,12,1,1297,development_holdout,frozen,frozen,-1,15001,6,0.31883657143532496,0.8544444647626925,0.0,0.6570900785380872,0.12550582663939525,1,3,0
Wall,jepa_wm_wall,13,1,1709,development_holdout,frozen,frozen,-1,15001,1,0.12114197737824782,0.9423301606999462,0.0,0.4946116595126277,0.1411488950033291,5,1,0
Wall,jepa_wm_wall,13,1,1709,development_holdout,frozen,frozen,-1,15001,3,0.14527104206009775,0.9561340361202543,0.0,0.4254710476609938,0.1153119268580531,5,4,0
Wall,jepa_wm_wall,13,1,1709,development_holdout,frozen,frozen,-1,15001,6,0.0,0.9496897294070867,1.0,0.4942552257366341,0.12085094490436135,4,4,0
Wall,jepa_wm_wall,14,1,913,development_holdout,frozen,frozen,-1,15001,1,0.0,0.8986489854123813,1.0,0.7601429421409311,0.2154317391144566,1,1,0
Wall,jepa_wm_wall,14,1,913,development_holdout,frozen,frozen,-1,15001,3,0.02103669177229461,0.8901927574994302,0.0,0.9088917274275563,0.17531405350731566,1,4,0
Wall,jepa_wm_wall,14,1,913,development_holdout,frozen,frozen,-1,15001,6,0.018693811713921336,0.9400020709093643,0.0,0.5775578605236789,0.19047225763240663,2,4,0
Wall,jepa_wm_wall,15,1,1297,development_holdout,frozen,frozen,-1,15001,1,0.12749000243931988,0.8288023024531568,0.0,1.0507594802830693,0.20774628997357575,5,1,0
Wall,jepa_wm_wall,15,1,1297,development_holdout,frozen,frozen,-1,15001,3,0.019446629235054986,0.879067109719668,0.0,1.0283747739406948,0.13969176206439202,1,5,0
Wall,jepa_wm_wall,15,1,1297,development_holdout,frozen,frozen,-1,15001,6,0.5464793027338574,0.7385400398851032,0.0,0.8890332775255048,0.21727917430767202,7,2,0
Wall,jepa_wm_wall,16,2,913,development_holdout,frozen,frozen,-1,15001,1,0.1247557700262618,0.9716428270808241,0.0,0.30544874184558174,0.22670506957600706,5,1,0
Wall,jepa_wm_wall,16,2,913,development_holdout,frozen,frozen,-1,15001,3,0.1362528665233449,0.7502864839099215,0.0,0.9050590346815548,0.14578092317278638,5,2,0
Wall,jepa_wm_wall,16,2,913,development_holdout,frozen,frozen,-1,15001,6,0.47836158155027136,0.6643435517824061,0.0,1.0276233308860072,0.26686174828874043,1,2,0
Wall,jepa_wm_wall,17,2,1297,development_holdout,frozen,frozen,-1,15001,1,0.12688063729252005,0.8843458584747602,0.0,0.6151674258352817,0.2349587712599753,6,1,0
Wall,jepa_wm_wall,17,2,1297,development_holdout,frozen,frozen,-1,15001,3,0.0666852161712895,0.9497991922828231,0.0,0.5494095676888766,0.16196850016252892,5,1,0
Wall,jepa_wm_wall,17,2,1297,development_holdout,frozen,frozen,-1,15001,6,0.5173793022236458,0.624682208092928,0.0,1.0174428257802024,0.23124800525522488,1,3,0
Wall,jepa_wm_wall,18,2,1709,development_holdout,frozen,frozen,-1,15001,1,0.12115863057169185,0.8817801378744311,0.0,0.6572142295609302,0.2703014798505658,5,1,0
Wall,jepa_wm_wall,18,2,1709,development_holdout,frozen,frozen,-1,15001,3,0.06357119324461176,0.8770586973380151,0.0,0.700706107107542,0.24095100764362942,4,1,0
Wall,jepa_wm_wall,18,2,1709,development_holdout,frozen,frozen,-1,15001,6,0.079029886739769,0.950549471754895,0.0,0.5171536357053389,0.22964987870035064,4,6,0
Wall,jepa_wm_wall,19,2,913,development_holdout,frozen,frozen,-1,15001,1,0.4328822502546236,0.7667872926256344,0.0,0.8008449389375666,0.1622661800200544,7,1,0
Wall,jepa_wm_wall,19,2,913,development_holdout,frozen,frozen,-1,15001,3,0.5496849397943441,0.8254589766284268,0.0,0.7901694851757497,0.1531801793047238,7,1,0
Wall,jepa_wm_wall,19,2,913,development_holdout,frozen,frozen,-1,15001,6,0.4811349945468107,0.8185030360279824,0.0,0.904393802860345,0.29036314816005393,5,1,0
Wall,jepa_wm_wall,20,2,1297,development_holdout,frozen,frozen,-1,15001,1,0.43754661270458367,0.350389889712557,0.0,1.5460971913297548,0.16736109805259294,7,1,0
Wall,jepa_wm_wall,20,2,1297,development_holdout,frozen,frozen,-1,15001,3,0.4705035616516968,0.6350172130634896,0.0,0.9684335453643897,0.12781782475822118,7,6,0
Wall,jepa_wm_wall,20,2,1297,development_holdout,frozen,frozen,-1,15001,6,0.6705794678490131,0.5466233084610831,0.0,0.9435561874306225,0.25646341464188677,0,2,1
Wall,jepa_wm_wall,21,2,1709,development_holdout,frozen,frozen,-1,15001,1,0.1135563918087716,0.9696167501142344,0.0,0.5670267299955298,0.25338577031212894,4,1,0
Wall,jepa_wm_wall,21,2,1709,development_holdout,frozen,frozen,-1,15001,3,0.1168170843053608,0.8540790209922532,0.0,0.7064346789562002,0.160346379107095,5,1,0
Wall,jepa_wm_wall,21,2,1709,development_holdout,frozen,frozen,-1,15001,6,0.48324186008832426,0.7233542448047878,0.0,0.9876663363030558,0.2195465919679358,1,3,0
Wall,jepa_wm_wall,22,2,913,development_holdout,frozen,frozen,-1,15001,1,0.12694286968112253,0.8422422606086134,0.0,0.6531060897673057,0.23419298410211287,6,1,0
Wall,jepa_wm_wall,22,2,913,development_holdout,frozen,frozen,-1,15001,3,0.06691081779439773,0.9480026297793095,0.0,0.5579358722515473,0.16118412655692588,5,1,0
Wall,jepa_wm_wall,22,2,913,development_holdout,frozen,frozen,-1,15001,6,0.5449193421845129,0.6183795877537723,0.0,1.0238483742517708,0.23485428600713804,1,3,0
Wall,jepa_wm_wall,23,2,1297,development_holdout,frozen,frozen,-1,15001,1,0.0,0.9349323733872664,1.0,0.47241409457941075,0.2498113019672712,1,1,0
Wall,jepa_wm_wall,23,2,1297,development_holdout,frozen,frozen,-1,15001,3,0.20090383817171387,0.9403451149342307,0.0,0.6172708155574967,0.14987835362609073,5,4,0
Wall,jepa_wm_wall,23,2,1297,development_holdout,frozen,frozen,-1,15001,6,0.52226012105352,0.7533513361985877,0.0,0.870080263617078,0.23058704007474368,5,4,0
Wall,jepa_wm_wall,48,6,913,development_holdout,frozen,frozen,-1,15001,1,0.08016261345003133,0.9462842052819513,0.0,0.5574508044475273,0.07158951770756236,3,1,0
Wall,jepa_wm_wall,48,6,913,development_holdout,frozen,frozen,-1,15001,3,0.3045755010194801,0.8744071321889618,0.0,0.7602579514344918,0.17110057222100533,5,1,0
Wall,jepa_wm_wall,48,6,913,development_holdout,frozen,frozen,-1,15001,6,0.0,0.8966807467138964,1.0,0.7106598510423467,0.26496506669458636,1,1,0
Wall,jepa_wm_wall,49,6,1297,development_holdout,frozen,frozen,-1,15001,1,0.08831945936215893,0.9345864559807788,0.0,0.551108997809504,0.0689005622562319,3,1,0
Wall,jepa_wm_wall,49,6,1297,development_holdout,frozen,frozen,-1,15001,3,0.27278036352730867,0.8742343651380087,0.0,0.7424437266072484,0.17302693940841485,5,1,0
Wall,jepa_wm_wall,49,6,1297,development_holdout,frozen,frozen,-1,15001,6,0.0,0.8983140489260891,1.0,0.6489161062827175,0.252803595212414,1,1,0
Wall,jepa_wm_wall,50,6,1709,development_holdout,frozen,frozen,-1,15001,1,0.0,0.9660436223111021,1.0,0.45647220216902606,0.11050051165758132,1,1,0
Wall,jepa_wm_wall,50,6,1709,development_holdout,frozen,frozen,-1,15001,3,0.21108969174761585,0.8042296333386093,0.0,0.9930855835924086,0.15759096064389902,5,6,0
Wall,jepa_wm_wall,50,6,1709,development_holdout,frozen,frozen,-1,15001,6,0.19405549575924055,0.8340149220170969,0.0,0.7760036381151396,0.23878938595413562,1,4,0
Wall,jepa_wm_wall,51,6,913,development_holdout,frozen,frozen,-1,15001,1,0.01522897403206608,0.9513903831103917,0.0,0.5074934009294515,0.07861626188907261,4,1,0
Wall,jepa_wm_wall,51,6,913,development_holdout,frozen,frozen,-1,15001,3,0.26800666634249315,0.9550940049781473,0.0,0.5879458265075574,0.14363211255389172,5,1,0
Wall,jepa_wm_wall,51,6,913,development_holdout,frozen,frozen,-1,15001,6,0.10901940817974191,0.9186231823670861,0.0,0.7700363372693682,0.2147960857669799,4,1,0
Wall,jepa_wm_wall,52,6,1297,development_holdout,frozen,frozen,-1,15001,1,0.07100282563201721,0.9624377255740273,0.0,0.7969941631040521,0.14587291194404137,5,1,0
Wall,jepa_wm_wall,52,6,1297,development_holdout,frozen,frozen,-1,15001,3,0.025811218253910286,0.9248690312966099,0.0,1.0452351926152366,0.162408926021407,5,3,0
Wall,jepa_wm_wall,52,6,1297,development_holdout,frozen,frozen,-1,15001,6,0.5546787123699543,0.6815687088989263,0.0,0.9821979564866807,0.2233432597027909,5,3,0
Wall,jepa_wm_wall,53,6,1709,development_holdout,frozen,frozen,-1,15001,1,0.1290496172936334,0.9616298692439131,0.0,0.30954936791612747,0.09420681181482204,6,1,0
Wall,jepa_wm_wall,53,6,1709,development_holdout,frozen,frozen,-1,15001,3,0.1251960814003341,0.9437729761573527,0.0,0.6866990771472391,0.16332388853568966,5,4,0
Wall,jepa_wm_wall,53,6,1709,development_holdout,frozen,frozen,-1,15001,6,0.09643994244758064,0.8777291260103067,0.0,0.6866588073470908,0.242342031458984,1,4,0
Wall,jepa_wm_wall,54,6,913,development_holdout,frozen,frozen,-1,15001,1,0.05210487275347143,0.824618001190721,0.0,0.7089279854516851,0.13421384017213683,5,1,0
Wall,jepa_wm_wall,54,6,913,development_holdout,frozen,frozen,-1,15001,3,0.22028967914818534,0.5836926225044352,0.0,1.440031300844067,0.16358182530447096,5,6,0
Wall,jepa_wm_wall,54,6,913,development_holdout,frozen,frozen,-1,15001,6,0.2353094206177578,0.7894813655673522,0.0,0.8975475868338244,0.26791614921714746,1,2,0
Wall,jepa_wm_wall,55,6,1297,development_holdout,frozen,frozen,-1,15001,1,0.12339387776632706,0.9419328319199801,0.0,0.6849981287202913,0.12339775991967612,5,1,0
Wall,jepa_wm_wall,55,6,1297,development_holdout,frozen,frozen,-1,15001,3,0.1600320766712798,0.828334924228095,0.0,0.9451742946422352,0.14610778826836293,5,6,0
Wall,jepa_wm_wall,55,6,1297,development_holdout,frozen,frozen,-1,15001,6,0.510367303771342,0.7382858672697651,0.0,0.9347331678034658,0.27155737794426527,1,2,0
Wall,jepa_wm_wall,8,1,913,development_holdout,fidelity_constrained_latent_only__seed11401,fidelity_constrained_latent_only,11401,15001,1,0.016152705182870427,0.9240758676013311,0.0,0.7047157708738093,0.19157181584715421,4,2,0
Wall,jepa_wm_wall,8,1,913,development_holdout,fidelity_constrained_latent_only__seed11401,fidelity_constrained_latent_only,11401,15001,3,0.08482373582968013,0.9327075583252863,0.0,0.5452575720029609,0.191714941794628,5,4,0
Wall,jepa_wm_wall,8,1,913,development_holdout,fidelity_constrained_latent_only__seed11401,fidelity_constrained_latent_only,11401,15001,6,0.0,0.9590729216917062,1.0,0.6310488827508538,0.24548077995675524,4,4,0
Wall,jepa_wm_wall,9,1,1297,development_holdout,fidelity_constrained_latent_only__seed11401,fidelity_constrained_latent_only,11401,15001,1,0.0,0.8786555219374343,1.0,0.7177563004490061,0.2826001967835866,1,1,0
Wall,jepa_wm_wall,9,1,1297,development_holdout,fidelity_constrained_latent_only__seed11401,fidelity_constrained_latent_only,11401,15001,3,0.0,0.44604850361863485,1.0,1.4805136818662283,0.32453551464514796,1,1,0
Wall,jepa_wm_wall,9,1,1297,development_holdout,fidelity_constrained_latent_only__seed11401,fidelity_constrained_latent_only,11401,15001,6,0.09552012436264752,0.9244668079131516,0.0,0.6764233414300861,0.21673814700760108,4,2,0
Wall,jepa_wm_wall,10,1,1709,development_holdout,fidelity_constrained_latent_only__seed11401,fidelity_constrained_latent_only,11401,15001,1,0.0,0.9168699764420148,1.0,0.7462505222912267,0.21343674094939807,1,1,0
Wall,jepa_wm_wall,10,1,1709,development_holdout,fidelity_constrained_latent_only__seed11401,fidelity_constrained_latent_only,11401,15001,3,0.20731631818021912,0.8561782632493017,0.0,0.7512360530634169,0.21278380447632492,5,1,0
Wall,jepa_wm_wall,10,1,1709,development_holdout,fidelity_constrained_latent_only__seed11401,fidelity_constrained_latent_only,11401,15001,6,0.0,0.916591355972138,1.0,0.6644020343812361,0.27959410708973564,1,1,0
Wall,jepa_wm_wall,11,1,913,development_holdout,fidelity_constrained_latent_only__seed11401,fidelity_constrained_latent_only,11401,15001,1,0.12172401676917176,0.9480212337100279,0.0,0.6161690949843459,0.244851267060266,5,1,0
Wall,jepa_wm_wall,11,1,913,development_holdout,fidelity_constrained_latent_only__seed11401,fidelity_constrained_latent_only,11401,15001,3,0.16557815588742084,0.8392927215545404,0.0,0.9074882758375947,0.2251664886750869,5,1,0
Wall,jepa_wm_wall,11,1,913,development_holdout,fidelity_constrained_latent_only__seed11401,fidelity_constrained_latent_only,11401,15001,6,0.0,0.865187582572151,1.0,0.6681051455505597,0.26024191513860984,1,1,0
Wall,jepa_wm_wall,12,1,1297,development_holdout,fidelity_constrained_latent_only__seed11401,fidelity_constrained_latent_only,11401,15001,1,0.3533429118003197,0.9067382424682837,0.0,0.6162477309589154,0.26265165196682877,7,1,0
Wall,jepa_wm_wall,12,1,1297,development_holdout,fidelity_constrained_latent_only__seed11401,fidelity_constrained_latent_only,11401,15001,3,0.09672679787453937,0.47576748887765674,0.0,1.2917234532703104,0.3151332418307907,7,1,0
Wall,jepa_wm_wall,12,1,1297,development_holdout,fidelity_constrained_latent_only__seed11401,fidelity_constrained_latent_only,11401,15001,6,0.0,0.9032270518714578,1.0,0.8249822114927841,0.24528047995405258,3,3,0
Wall,jepa_wm_wall,13,1,1709,development_holdout,fidelity_constrained_latent_only__seed11401,fidelity_constrained_latent_only,11401,15001,1,0.0,0.9764638140996021,1.0,0.44702436027570497,0.23806605739916414,1,1,0
Wall,jepa_wm_wall,13,1,1709,development_holdout,fidelity_constrained_latent_only__seed11401,fidelity_constrained_latent_only,11401,15001,3,0.14527104206009775,0.9294715936448897,0.0,0.5302824584072026,0.22405347362942973,5,4,0
Wall,jepa_wm_wall,13,1,1709,development_holdout,fidelity_constrained_latent_only__seed11401,fidelity_constrained_latent_only,11401,15001,6,0.0,0.9194834834153583,1.0,0.7218758620806845,0.25178049218555143,4,4,0
Wall,jepa_wm_wall,14,1,913,development_holdout,fidelity_constrained_latent_only__seed11401,fidelity_constrained_latent_only,11401,15001,1,0.1235923244710162,0.9693019872646668,0.0,0.4372309842726064,0.2644300553323389,6,1,0
Wall,jepa_wm_wall,14,1,913,development_holdout,fidelity_constrained_latent_only__seed11401,fidelity_constrained_latent_only,11401,15001,3,0.02103669177229461,0.7164021830493006,0.0,1.0456240662367209,0.26574685365189793,1,4,0
Wall,jepa_wm_wall,14,1,913,development_holdout,fidelity_constrained_latent_only__seed11401,fidelity_constrained_latent_only,11401,15001,6,0.0,0.9152261985752483,1.0,0.7194664981256983,0.24052646504760924,4,4,0
Wall,jepa_wm_wall,15,1,1297,development_holdout,fidelity_constrained_latent_only__seed11401,fidelity_constrained_latent_only,11401,15001,1,0.2595291799727815,0.7476092040779105,0.0,0.774456651778262,0.2780908442113439,4,1,0
Wall,jepa_wm_wall,15,1,1297,development_holdout,fidelity_constrained_latent_only__seed11401,fidelity_constrained_latent_only,11401,15001,3,0.019446629235054986,0.5667940689631744,0.0,1.3004815933649452,0.26125145906324265,1,5,0
Wall,jepa_wm_wall,15,1,1297,development_holdout,fidelity_constrained_latent_only__seed11401,fidelity_constrained_latent_only,11401,15001,6,0.02109195364658048,0.8075578244934115,0.0,0.926934940653465,0.235185660392451,4,2,0
Wall,jepa_wm_wall,16,2,913,development_holdout,fidelity_constrained_latent_only__seed11401,fidelity_constrained_latent_only,11401,15001,1,0.1247557700262618,0.9784691024188285,0.0,0.5485807236894852,0.2894656655224433,5,1,0
Wall,jepa_wm_wall,16,2,913,development_holdout,fidelity_constrained_latent_only__seed11401,fidelity_constrained_latent_only,11401,15001,3,0.1362528665233449,0.9018505202889916,0.0,0.6512572790803474,0.2250616276857222,5,2,0
Wall,jepa_wm_wall,16,2,913,development_holdout,fidelity_constrained_latent_only__seed11401,fidelity_constrained_latent_only,11401,15001,6,0.5310357923198618,0.5654061687116466,0.0,1.0173257812463607,0.2954228643157345,5,2,0
Wall,jepa_wm_wall,17,2,1297,development_holdout,fidelity_constrained_latent_only__seed11401,fidelity_constrained_latent_only,11401,15001,1,0.0,0.9777096975154974,1.0,0.5416181250119441,0.26678557216600574,1,1,0
Wall,jepa_wm_wall,17,2,1297,development_holdout,fidelity_constrained_latent_only__seed11401,fidelity_constrained_latent_only,11401,15001,3,0.0,0.9497387056321079,1.0,0.3925295392167049,0.239610591285708,1,1,0
Wall,jepa_wm_wall,17,2,1297,development_holdout,fidelity_constrained_latent_only__seed11401,fidelity_constrained_latent_only,11401,15001,6,0.5122518561014756,0.8103750429596382,0.0,0.8015773143773517,0.21711386947330785,5,3,0
Wall,jepa_wm_wall,18,2,1709,development_holdout,fidelity_constrained_latent_only__seed11401,fidelity_constrained_latent_only,11401,15001,1,0.42109121773452335,0.24231314297202972,0.0,1.1432933556493992,0.32358467425107484,8,1,0
Wall,jepa_wm_wall,18,2,1709,development_holdout,fidelity_constrained_latent_only__seed11401,fidelity_constrained_latent_only,11401,15001,3,0.0,0.9543440465274611,1.0,0.6583764890572797,0.27303452736075123,1,1,0
Wall,jepa_wm_wall,18,2,1709,development_holdout,fidelity_constrained_latent_only__seed11401,fidelity_constrained_latent_only,11401,15001,6,0.06074535502837518,0.8590468433153379,0.0,0.6557025175597341,0.2518320960876893,1,6,0
Wall,jepa_wm_wall,19,2,913,development_holdout,fidelity_constrained_latent_only__seed11401,fidelity_constrained_latent_only,11401,15001,1,0.007615091005135686,0.9708682818256585,0.0,0.38554965987744017,0.30685287418858026,4,1,0
Wall,jepa_wm_wall,19,2,913,development_holdout,fidelity_constrained_latent_only__seed11401,fidelity_constrained_latent_only,11401,15001,3,0.30787988273780015,0.84759292680972,0.0,0.6870196320636647,0.24068534882327536,5,1,0
Wall,jepa_wm_wall,19,2,913,development_holdout,fidelity_constrained_latent_only__seed11401,fidelity_constrained_latent_only,11401,15001,6,0.4811349945468107,0.8158165886633307,0.0,0.9127580996302861,0.29373473606241673,5,1,0
Wall,jepa_wm_wall,20,2,1297,development_holdout,fidelity_constrained_latent_only__seed11401,fidelity_constrained_latent_only,11401,15001,1,0.0,0.8933376482800861,1.0,0.5881679684958216,0.29852118961413127,1,1,0
Wall,jepa_wm_wall,20,2,1297,development_holdout,fidelity_constrained_latent_only__seed11401,fidelity_constrained_latent_only,11401,15001,3,0.22499358945128464,0.8445686897372706,0.0,0.8503883840167948,0.23640838985533316,5,6,0
Wall,jepa_wm_wall,20,2,1297,development_holdout,fidelity_constrained_latent_only__seed11401,fidelity_constrained_latent_only,11401,15001,6,0.5175256334018074,0.6420751601904641,0.0,0.9635449596170916,0.2864677351823469,5,2,0
Wall,jepa_wm_wall,21,2,1709,development_holdout,fidelity_constrained_latent_only__seed11401,fidelity_constrained_latent_only,11401,15001,1,0.0,0.9258990787746905,1.0,1.000016614579905,0.28272842381179525,1,1,0
Wall,jepa_wm_wall,21,2,1709,development_holdout,fidelity_constrained_latent_only__seed11401,fidelity_constrained_latent_only,11401,15001,3,0.0,0.9752213719583662,1.0,0.49971426982506656,0.2510188021815034,1,1,0
Wall,jepa_wm_wall,21,2,1709,development_holdout,fidelity_constrained_latent_only__seed11401,fidelity_constrained_latent_only,11401,15001,6,0.48324186008832426,0.90597575372623,0.0,0.701901610465595,0.19172833102108314,1,3,0
Wall,jepa_wm_wall,22,2,913,development_holdout,fidelity_constrained_latent_only__seed11401,fidelity_constrained_latent_only,11401,15001,1,0.0,0.9751164867263384,1.0,0.622380545851587,0.2670488293961137,1,1,0
Wall,jepa_wm_wall,22,2,913,development_holdout,fidelity_constrained_latent_only__seed11401,fidelity_constrained_latent_only,11401,15001,3,0.0,0.9748048963354793,1.0,0.37058870635706037,0.239101983662562,1,1,0
Wall,jepa_wm_wall,22,2,913,development_holdout,fidelity_constrained_latent_only__seed11401,fidelity_constrained_latent_only,11401,15001,6,0.5121504452624783,0.8047242990632818,0.0,0.8225878702503722,0.22276969553613196,5,3,0
Wall,jepa_wm_wall,23,2,1297,development_holdout,fidelity_constrained_latent_only__seed11401,fidelity_constrained_latent_only,11401,15001,1,0.0,0.8113631159040636,1.0,0.8698982783374027,0.3445211104786473,1,1,0
Wall,jepa_wm_wall,23,2,1297,development_holdout,fidelity_constrained_latent_only__seed11401,fidelity_constrained_latent_only,11401,15001,3,0.08949224892228795,0.8944700334020245,0.0,0.6317693311164205,0.2661279140073345,1,4,0
Wall,jepa_wm_wall,23,2,1297,development_holdout,fidelity_constrained_latent_only__seed11401,fidelity_constrained_latent_only,11401,15001,6,0.3589817567214553,0.8401429315683373,0.0,0.858100095125489,0.24852709294242153,1,4,0
Wall,jepa_wm_wall,48,6,913,development_holdout,fidelity_constrained_latent_only__seed11401,fidelity_constrained_latent_only,11401,15001,1,0.1221204240752783,0.8106372256742171,0.0,0.7642416401632863,0.18983513801383067,5,1,0
Wall,jepa_wm_wall,48,6,913,development_holdout,fidelity_constrained_latent_only__seed11401,fidelity_constrained_latent_only,11401,15001,3,0.3045755010194801,0.9311378167902019,0.0,0.6207738755329855,0.12804116721149436,5,1,0
Wall,jepa_wm_wall,48,6,913,development_holdout,fidelity_constrained_latent_only__seed11401,fidelity_constrained_latent_only,11401,15001,6,0.0,0.9359433659282433,1.0,0.7028730153451015,0.24182075455235363,1,1,0
Wall,jepa_wm_wall,49,6,1297,development_holdout,fidelity_constrained_latent_only__seed11401,fidelity_constrained_latent_only,11401,15001,1,0.12196031285278491,0.9343712195795271,0.0,0.6857626538870494,0.19507113997042733,5,1,0
Wall,jepa_wm_wall,49,6,1297,development_holdout,fidelity_constrained_latent_only__seed11401,fidelity_constrained_latent_only,11401,15001,3,0.0,0.9489921358586016,1.0,0.570039027148545,0.12134353698590457,1,1,0
Wall,jepa_wm_wall,49,6,1297,development_holdout,fidelity_constrained_latent_only__seed11401,fidelity_constrained_latent_only,11401,15001,6,0.14480064534854217,0.9221686780623284,0.0,0.6543719977653741,0.22841531550948724,2,1,0
Wall,jepa_wm_wall,50,6,1709,development_holdout,fidelity_constrained_latent_only__seed11401,fidelity_constrained_latent_only,11401,15001,1,0.12336195250522808,0.8984402546458038,0.0,0.6163926346356232,0.14279137375089507,5,1,0
Wall,jepa_wm_wall,50,6,1709,development_holdout,fidelity_constrained_latent_only__seed11401,fidelity_constrained_latent_only,11401,15001,3,0.21108969174761585,0.888610899919708,0.0,0.6850481397358366,0.1261263941068049,5,6,0
Wall,jepa_wm_wall,50,6,1709,development_holdout,fidelity_constrained_latent_only__seed11401,fidelity_constrained_latent_only,11401,15001,6,0.5065871325361062,0.6914214585959426,0.0,0.8724255035864152,0.24627544071812588,5,4,0
Wall,jepa_wm_wall,51,6,913,development_holdout,fidelity_constrained_latent_only__seed11401,fidelity_constrained_latent_only,11401,15001,1,0.007931881484607411,0.9079348469346114,0.0,0.6327671323526727,0.18512322243084667,3,1,0
Wall,jepa_wm_wall,51,6,913,development_holdout,fidelity_constrained_latent_only__seed11401,fidelity_constrained_latent_only,11401,15001,3,0.0,0.9610996479925991,1.0,0.4271114752797896,0.12135955925400652,1,1,0
Wall,jepa_wm_wall,51,6,913,development_holdout,fidelity_constrained_latent_only__seed11401,fidelity_constrained_latent_only,11401,15001,6,0.10901940817974191,0.9825370770151239,0.0,0.6253574829760846,0.19926922596056307,4,1,0
Wall,jepa_wm_wall,52,6,1297,development_holdout,fidelity_constrained_latent_only__seed11401,fidelity_constrained_latent_only,11401,15001,1,0.07100282563201721,0.9770428120933625,0.0,0.3941687289840878,0.1998027073134333,5,1,0
Wall,jepa_wm_wall,52,6,1297,development_holdout,fidelity_constrained_latent_only__seed11401,fidelity_constrained_latent_only,11401,15001,3,0.05051972594698755,0.8224035294742905,0.0,0.8092486582111671,0.17697802220332826,1,3,0
Wall,jepa_wm_wall,52,6,1297,development_holdout,fidelity_constrained_latent_only__seed11401,fidelity_constrained_latent_only,11401,15001,6,0.639315568165977,0.5828019067409609,0.0,1.0023395656803906,0.21227773932496455,1,3,0
Wall,jepa_wm_wall,53,6,1709,development_holdout,fidelity_constrained_latent_only__seed11401,fidelity_constrained_latent_only,11401,15001,1,0.12905025338831735,0.9662607098823109,0.0,0.43422719326936493,0.24362629608540795,5,1,0
Wall,jepa_wm_wall,53,6,1709,development_holdout,fidelity_constrained_latent_only__seed11401,fidelity_constrained_latent_only,11401,15001,3,0.0,0.9918675912175838,1.0,0.5549210373483086,0.14860047151721628,4,4,0
Wall,jepa_wm_wall,53,6,1709,development_holdout,fidelity_constrained_latent_only__seed11401,fidelity_constrained_latent_only,11401,15001,6,0.0,0.8788181313953378,1.0,0.6908205612552258,0.2273769263329905,4,4,0
Wall,jepa_wm_wall,54,6,913,development_holdout,fidelity_constrained_latent_only__seed11401,fidelity_constrained_latent_only,11401,15001,1,0.05210487275347143,0.9092459303198188,0.0,0.5858549357879302,0.16554153403633334,5,1,0
Wall,jepa_wm_wall,54,6,913,development_holdout,fidelity_constrained_latent_only__seed11401,fidelity_constrained_latent_only,11401,15001,3,0.22028967914818534,0.6749465915618984,0.0,1.1396397403887482,0.15243445656931406,5,6,0
Wall,jepa_wm_wall,54,6,913,development_holdout,fidelity_constrained_latent_only__seed11401,fidelity_constrained_latent_only,11401,15001,6,0.2353094206177578,0.6104287909781603,0.0,1.0084984142467734,0.263216291605346,1,2,0
Wall,jepa_wm_wall,55,6,1297,development_holdout,fidelity_constrained_latent_only__seed11401,fidelity_constrained_latent_only,11401,15001,1,0.0,0.9960217293823577,1.0,0.4864364887452003,0.16259148435290113,1,1,0
Wall,jepa_wm_wall,55,6,1297,development_holdout,fidelity_constrained_latent_only__seed11401,fidelity_constrained_latent_only,11401,15001,3,0.19830582185068493,0.9022773847991628,0.0,0.6946340586295634,0.14591115961134998,1,6,0
Wall,jepa_wm_wall,55,6,1297,development_holdout,fidelity_constrained_latent_only__seed11401,fidelity_constrained_latent_only,11401,15001,6,0.510367303771342,0.8520674903796649,0.0,0.7199616019389024,0.22135328563039836,1,2,0
Wall,jepa_wm_wall,8,1,913,development_holdout,fidelity_constrained_shuffled_geometry__seed11401,fidelity_constrained_shuffled_geometry,11401,15001,1,0.12071148770637684,0.8891514326906,0.0,0.6526423745920199,0.11314842507301175,5,2,0
Wall,jepa_wm_wall,8,1,913,development_holdout,fidelity_constrained_shuffled_geometry__seed11401,fidelity_constrained_shuffled_geometry,11401,15001,3,0.08482373582968013,0.915816721581435,0.0,0.520475399339051,0.08398683777514243,5,4,0
Wall,jepa_wm_wall,8,1,913,development_holdout,fidelity_constrained_shuffled_geometry__seed11401,fidelity_constrained_shuffled_geometry,11401,15001,6,0.0,0.9791810481020897,1.0,0.452399899235219,0.1311474749157711,4,4,0
Wall,jepa_wm_wall,9,1,1297,development_holdout,fidelity_constrained_shuffled_geometry__seed11401,fidelity_constrained_shuffled_geometry,11401,15001,1,0.12507081777279483,0.9329403570640882,0.0,0.5943074137612152,0.1760233350949129,5,1,0
Wall,jepa_wm_wall,9,1,1297,development_holdout,fidelity_constrained_shuffled_geometry__seed11401,fidelity_constrained_shuffled_geometry,11401,15001,3,0.0,0.6263735954222127,1.0,1.1734421708288654,0.1871243891516202,1,1,0
Wall,jepa_wm_wall,9,1,1297,development_holdout,fidelity_constrained_shuffled_geometry__seed11401,fidelity_constrained_shuffled_geometry,11401,15001,6,0.5301166754314394,0.7393793386615902,0.0,0.7379670639191123,0.1698672060085929,7,2,0
Wall,jepa_wm_wall,10,1,1709,development_holdout,fidelity_constrained_shuffled_geometry__seed11401,fidelity_constrained_shuffled_geometry,11401,15001,1,0.0,0.9358399747087663,1.0,0.41624184969164185,0.12211435689820418,1,1,0
Wall,jepa_wm_wall,10,1,1709,development_holdout,fidelity_constrained_shuffled_geometry__seed11401,fidelity_constrained_shuffled_geometry,11401,15001,3,0.20731631818021912,0.9310463828999825,0.0,0.6032507540690343,0.10465370136521412,5,1,0
Wall,jepa_wm_wall,10,1,1709,development_holdout,fidelity_constrained_shuffled_geometry__seed11401,fidelity_constrained_shuffled_geometry,11401,15001,6,0.0,0.9543317426997612,1.0,0.558225631031956,0.18629557654549966,1,1,0
Wall,jepa_wm_wall,11,1,913,development_holdout,fidelity_constrained_shuffled_geometry__seed11401,fidelity_constrained_shuffled_geometry,11401,15001,1,0.03012359321854074,0.987731474863774,0.0,0.26278727591153556,0.1521342557455793,2,1,0
Wall,jepa_wm_wall,11,1,913,development_holdout,fidelity_constrained_shuffled_geometry__seed11401,fidelity_constrained_shuffled_geometry,11401,15001,3,0.16557815588742084,0.8698288682183181,0.0,0.6955896199319844,0.11010910936912151,5,1,0
Wall,jepa_wm_wall,11,1,913,development_holdout,fidelity_constrained_shuffled_geometry__seed11401,fidelity_constrained_shuffled_geometry,11401,15001,6,0.0,0.9374299323574752,1.0,0.5431468762689694,0.1838346767694082,1,1,0
Wall,jepa_wm_wall,12,1,1297,development_holdout,fidelity_constrained_shuffled_geometry__seed11401,fidelity_constrained_shuffled_geometry,11401,15001,1,0.0,0.7954878468676778,1.0,0.59260514970151,0.2014823715027659,1,1,0
Wall,jepa_wm_wall,12,1,1297,development_holdout,fidelity_constrained_shuffled_geometry__seed11401,fidelity_constrained_shuffled_geometry,11401,15001,3,0.0775058207984546,0.678328252282114,0.0,1.0734212777994498,0.20326178061774708,5,1,0
Wall,jepa_wm_wall,12,1,1297,development_holdout,fidelity_constrained_shuffled_geometry__seed11401,fidelity_constrained_shuffled_geometry,11401,15001,6,0.35930745806411185,0.8518725570146394,0.0,0.7266903755732281,0.13951581351629536,7,3,0
Wall,jepa_wm_wall,13,1,1709,development_holdout,fidelity_constrained_shuffled_geometry__seed11401,fidelity_constrained_shuffled_geometry,11401,15001,1,0.12114197737824782,0.9235022164619149,0.0,0.45511822056515866,0.13258120210795393,5,1,0
Wall,jepa_wm_wall,13,1,1709,development_holdout,fidelity_constrained_shuffled_geometry__seed11401,fidelity_constrained_shuffled_geometry,11401,15001,3,0.32286515354338446,0.9333951101543813,0.0,0.5233779172374867,0.11250822167163696,3,4,0
Wall,jepa_wm_wall,13,1,1709,development_holdout,fidelity_constrained_shuffled_geometry__seed11401,fidelity_constrained_shuffled_geometry,11401,15001,6,0.0,0.9546387353371388,1.0,0.4702103372585397,0.11128516347453873,4,4,0
Wall,jepa_wm_wall,14,1,913,development_holdout,fidelity_constrained_shuffled_geometry__seed11401,fidelity_constrained_shuffled_geometry,11401,15001,1,0.0,0.9194032323491945,1.0,0.8215132772539774,0.14354062389563688,1,1,0
Wall,jepa_wm_wall,14,1,913,development_holdout,fidelity_constrained_shuffled_geometry__seed11401,fidelity_constrained_shuffled_geometry,11401,15001,3,0.03871608563546807,0.6712701172875641,0.0,1.1366832866962042,0.1663302509911887,5,4,0
Wall,jepa_wm_wall,14,1,913,development_holdout,fidelity_constrained_shuffled_geometry__seed11401,fidelity_constrained_shuffled_geometry,11401,15001,6,0.5323864180060347,0.862495256549347,0.0,0.639016974050758,0.19395887727246866,7,4,0
Wall,jepa_wm_wall,15,1,1297,development_holdout,fidelity_constrained_shuffled_geometry__seed11401,fidelity_constrained_shuffled_geometry,11401,15001,1,0.0,0.8841754145233329,1.0,0.8229810894998006,0.12825662924994452,1,1,0
Wall,jepa_wm_wall,15,1,1297,development_holdout,fidelity_constrained_shuffled_geometry__seed11401,fidelity_constrained_shuffled_geometry,11401,15001,3,0.09083780960232728,0.8453651717878113,0.0,1.2606514463623322,0.14667337541116476,7,5,0
Wall,jepa_wm_wall,15,1,1297,development_holdout,fidelity_constrained_shuffled_geometry__seed11401,fidelity_constrained_shuffled_geometry,11401,15001,6,0.5464793027338574,0.8302615222195532,0.0,0.7912363380211731,0.19620520287686763,7,2,0
Wall,jepa_wm_wall,16,2,913,development_holdout,fidelity_constrained_shuffled_geometry__seed11401,fidelity_constrained_shuffled_geometry,11401,15001,1,0.1247557700262618,0.9398877139671962,0.0,0.45314449763648246,0.21637152497102638,5,1,0
Wall,jepa_wm_wall,16,2,913,development_holdout,fidelity_constrained_shuffled_geometry__seed11401,fidelity_constrained_shuffled_geometry,11401,15001,3,0.1362528665233449,0.8612103887996121,0.0,0.6585249579433273,0.1299713662230116,5,2,0
Wall,jepa_wm_wall,16,2,913,development_holdout,fidelity_constrained_shuffled_geometry__seed11401,fidelity_constrained_shuffled_geometry,11401,15001,6,0.47836158155027136,0.6811914039146992,0.0,1.0136328609249126,0.2618912283268465,1,2,0
Wall,jepa_wm_wall,17,2,1297,development_holdout,fidelity_constrained_shuffled_geometry__seed11401,fidelity_constrained_shuffled_geometry,11401,15001,1,0.12688078630405206,0.9141502400832247,0.0,0.48703538312506917,0.19529401834216414,5,1,0
Wall,jepa_wm_wall,17,2,1297,development_holdout,fidelity_constrained_shuffled_geometry__seed11401,fidelity_constrained_shuffled_geometry,11401,15001,3,0.0666852161712895,0.9786932996952933,0.0,0.6118542732958613,0.14892895897349417,5,1,0
Wall,jepa_wm_wall,17,2,1297,development_holdout,fidelity_constrained_shuffled_geometry__seed11401,fidelity_constrained_shuffled_geometry,11401,15001,6,0.5173793022236458,0.6761741781001189,0.0,1.0416170020951783,0.23587214437531534,1,3,0
Wall,jepa_wm_wall,18,2,1709,development_holdout,fidelity_constrained_shuffled_geometry__seed11401,fidelity_constrained_shuffled_geometry,11401,15001,1,0.08790014078613739,0.9629730936955162,0.0,0.5483167469319675,0.23750353168385221,4,1,0
Wall,jepa_wm_wall,18,2,1709,development_holdout,fidelity_constrained_shuffled_geometry__seed11401,fidelity_constrained_shuffled_geometry,11401,15001,3,0.4371025644644271,0.857240474234153,0.0,0.6862354100941775,0.20429788643302063,7,1,0
Wall,jepa_wm_wall,18,2,1709,development_holdout,fidelity_constrained_shuffled_geometry__seed11401,fidelity_constrained_shuffled_geometry,11401,15001,6,0.08079413840993167,0.9150064876638596,0.0,0.5736054841887892,0.22286515991526926,3,6,0
Wall,jepa_wm_wall,19,2,913,development_holdout,fidelity_constrained_shuffled_geometry__seed11401,fidelity_constrained_shuffled_geometry,11401,15001,1,0.4328822502546236,0.8015330233415905,0.0,0.6748974120682689,0.15422343959752213,7,1,0
Wall,jepa_wm_wall,19,2,913,development_holdout,fidelity_constrained_shuffled_geometry__seed11401,fidelity_constrained_shuffled_geometry,11401,15001,3,0.5496849397943441,0.8282911883809341,0.0,0.7099174917970822,0.14113812712777127,7,1,0
Wall,jepa_wm_wall,19,2,913,development_holdout,fidelity_constrained_shuffled_geometry__seed11401,fidelity_constrained_shuffled_geometry,11401,15001,6,0.4811349945468107,0.8722619494856285,0.0,0.9029381623583289,0.2822493340205803,5,1,0
Wall,jepa_wm_wall,20,2,1297,development_holdout,fidelity_constrained_shuffled_geometry__seed11401,fidelity_constrained_shuffled_geometry,11401,15001,1,0.5769228648680464,0.4672913032759532,0.0,1.216108226267721,0.17530438177666444,0,1,1
Wall,jepa_wm_wall,20,2,1297,development_holdout,fidelity_constrained_shuffled_geometry__seed11401,fidelity_constrained_shuffled_geometry,11401,15001,3,0.4878714169545492,0.7052399308524725,0.0,0.7836574732376861,0.1305990497045781,0,6,1
Wall,jepa_wm_wall,20,2,1297,development_holdout,fidelity_constrained_shuffled_geometry__seed11401,fidelity_constrained_shuffled_geometry,11401,15001,6,0.7426403137293882,0.5387094817900413,0.0,0.9754913254031863,0.2625878113911085,7,2,0
Wall,jepa_wm_wall,21,2,1709,development_holdout,fidelity_constrained_shuffled_geometry__seed11401,fidelity_constrained_shuffled_geometry,11401,15001,1,0.1135563918087716,0.9586989979521524,0.0,0.5100987908233233,0.2116577400311342,4,1,0
Wall,jepa_wm_wall,21,2,1709,development_holdout,fidelity_constrained_shuffled_geometry__seed11401,fidelity_constrained_shuffled_geometry,11401,15001,3,0.5406366092159697,0.7695313145108035,0.0,0.8490218154822903,0.167071134189819,7,1,0
Wall,jepa_wm_wall,21,2,1709,development_holdout,fidelity_constrained_shuffled_geometry__seed11401,fidelity_constrained_shuffled_geometry,11401,15001,6,0.48324186008832426,0.6997794362265665,0.0,0.9776069076555954,0.2137653662480008,1,3,0
Wall,jepa_wm_wall,22,2,913,development_holdout,fidelity_constrained_shuffled_geometry__seed11401,fidelity_constrained_shuffled_geometry,11401,15001,1,0.12694286968112253,0.9137892540670293,0.0,0.4945676240675048,0.19580964529930084,5,1,0
Wall,jepa_wm_wall,22,2,913,development_holdout,fidelity_constrained_shuffled_geometry__seed11401,fidelity_constrained_shuffled_geometry,11401,15001,3,0.06691081779439773,0.9777932793606097,0.0,0.6007430924648522,0.14880975038452116,5,1,0
Wall,jepa_wm_wall,22,2,913,development_holdout,fidelity_constrained_shuffled_geometry__seed11401,fidelity_constrained_shuffled_geometry,11401,15001,6,0.5449193421845129,0.6438161543020904,0.0,1.0361987549043066,0.235462325843219,1,3,0
Wall,jepa_wm_wall,23,2,1297,development_holdout,fidelity_constrained_shuffled_geometry__seed11401,fidelity_constrained_shuffled_geometry,11401,15001,1,0.14217254114961023,0.9523213950291062,0.0,0.29691303871546865,0.22566468357450029,6,1,0
Wall,jepa_wm_wall,23,2,1297,development_holdout,fidelity_constrained_shuffled_geometry__seed11401,fidelity_constrained_shuffled_geometry,11401,15001,3,0.20090383817171387,0.9617183985015068,0.0,0.5202895583230757,0.14008955531743555,5,4,0
Wall,jepa_wm_wall,23,2,1297,development_holdout,fidelity_constrained_shuffled_geometry__seed11401,fidelity_constrained_shuffled_geometry,11401,15001,6,0.52226012105352,0.6927409290553334,0.0,0.8964916244983624,0.24001264065193081,5,4,0
Wall,jepa_wm_wall,48,6,913,development_holdout,fidelity_constrained_shuffled_geometry__seed11401,fidelity_constrained_shuffled_geometry,11401,15001,1,0.08016261345003133,0.9432769451322627,0.0,0.4571715777945562,0.09263649531774648,3,1,0
Wall,jepa_wm_wall,48,6,913,development_holdout,fidelity_constrained_shuffled_geometry__seed11401,fidelity_constrained_shuffled_geometry,11401,15001,3,0.3045755010194801,0.9225868366266353,0.0,0.6094521247297809,0.11607009811141075,5,1,0
Wall,jepa_wm_wall,48,6,913,development_holdout,fidelity_constrained_shuffled_geometry__seed11401,fidelity_constrained_shuffled_geometry,11401,15001,6,0.0,0.8973397480824546,1.0,0.6738992570651322,0.24684513991426837,1,1,0
Wall,jepa_wm_wall,49,6,1297,development_holdout,fidelity_constrained_shuffled_geometry__seed11401,fidelity_constrained_shuffled_geometry,11401,15001,1,0.12196031285278491,0.9531766418800258,0.0,0.5664922184668,0.10119127721344168,6,1,0
Wall,jepa_wm_wall,49,6,1297,development_holdout,fidelity_constrained_shuffled_geometry__seed11401,fidelity_constrained_shuffled_geometry,11401,15001,3,0.27278036352730867,0.9060510454710958,0.0,0.5971144380148665,0.12324769071205104,5,1,0
Wall,jepa_wm_wall,49,6,1297,development_holdout,fidelity_constrained_shuffled_geometry__seed11401,fidelity_constrained_shuffled_geometry,11401,15001,6,0.0,0.9381847709515553,1.0,0.61771571834891,0.23069019560680531,1,1,0
Wall,jepa_wm_wall,50,6,1709,development_holdout,fidelity_constrained_shuffled_geometry__seed11401,fidelity_constrained_shuffled_geometry,11401,15001,1,0.1250794604468024,0.9552207530177294,0.0,0.46850049559455464,0.14231520096951208,2,1,0
Wall,jepa_wm_wall,50,6,1709,development_holdout,fidelity_constrained_shuffled_geometry__seed11401,fidelity_constrained_shuffled_geometry,11401,15001,3,0.21108969174761585,0.9032686563727621,0.0,0.7349273982835893,0.11513610342715301,5,6,0
Wall,jepa_wm_wall,50,6,1709,development_holdout,fidelity_constrained_shuffled_geometry__seed11401,fidelity_constrained_shuffled_geometry,11401,15001,6,0.19405549575924055,0.823263108814424,0.0,0.7682525087118848,0.22678702433568,1,4,0
Wall,jepa_wm_wall,51,6,913,development_holdout,fidelity_constrained_shuffled_geometry__seed11401,fidelity_constrained_shuffled_geometry,11401,15001,1,0.01522897403206608,0.9792726886989319,0.0,0.41760400683803417,0.08341453067922107,4,1,0
Wall,jepa_wm_wall,51,6,913,development_holdout,fidelity_constrained_shuffled_geometry__seed11401,fidelity_constrained_shuffled_geometry,11401,15001,3,0.0,0.966768143337086,1.0,0.5084424257489001,0.11356702708882202,1,1,0
Wall,jepa_wm_wall,51,6,913,development_holdout,fidelity_constrained_shuffled_geometry__seed11401,fidelity_constrained_shuffled_geometry,11401,15001,6,0.5176295782823793,0.8958183311384778,0.0,0.7906264658065009,0.2095755357638201,5,1,0
Wall,jepa_wm_wall,52,6,1297,development_holdout,fidelity_constrained_shuffled_geometry__seed11401,fidelity_constrained_shuffled_geometry,11401,15001,1,0.07100282563201721,0.9134698327829776,0.0,0.9170867964265881,0.17377371558781052,5,1,0
Wall,jepa_wm_wall,52,6,1297,development_holdout,fidelity_constrained_shuffled_geometry__seed11401,fidelity_constrained_shuffled_geometry,11401,15001,3,0.025811218253910286,0.9237444832675009,0.0,1.0962807251827522,0.14809837783706434,5,3,0
Wall,jepa_wm_wall,52,6,1297,development_holdout,fidelity_constrained_shuffled_geometry__seed11401,fidelity_constrained_shuffled_geometry,11401,15001,6,0.5546787123699543,0.6261207150627826,0.0,1.011918633020194,0.21677973279129384,5,3,0
Wall,jepa_wm_wall,53,6,1709,development_holdout,fidelity_constrained_shuffled_geometry__seed11401,fidelity_constrained_shuffled_geometry,11401,15001,1,0.1290496172936334,0.9277600721148457,0.0,0.4193385434331398,0.13495382600188105,6,1,0
Wall,jepa_wm_wall,53,6,1709,development_holdout,fidelity_constrained_shuffled_geometry__seed11401,fidelity_constrained_shuffled_geometry,11401,15001,3,0.1251960814003341,0.959152970542467,0.0,0.5876415866589538,0.13024780360382887,5,4,0
Wall,jepa_wm_wall,53,6,1709,development_holdout,fidelity_constrained_shuffled_geometry__seed11401,fidelity_constrained_shuffled_geometry,11401,15001,6,0.09643994244758064,0.9215937256256612,0.0,0.6543105313667519,0.21597439949331748,1,4,0
Wall,jepa_wm_wall,54,6,913,development_holdout,fidelity_constrained_shuffled_geometry__seed11401,fidelity_constrained_shuffled_geometry,11401,15001,1,0.05210487275347143,0.8967954659911139,0.0,0.5527064796489082,0.15245517872173026,5,1,0
Wall,jepa_wm_wall,54,6,913,development_holdout,fidelity_constrained_shuffled_geometry__seed11401,fidelity_constrained_shuffled_geometry,11401,15001,3,0.22028967914818534,0.7025978349787655,0.0,1.2590370880617254,0.13556549880092916,5,6,0
Wall,jepa_wm_wall,54,6,913,development_holdout,fidelity_constrained_shuffled_geometry__seed11401,fidelity_constrained_shuffled_geometry,11401,15001,6,0.2353094206177578,0.7714069643092933,0.0,1.0065899501901954,0.2644075532342686,1,2,0
Wall,jepa_wm_wall,55,6,1297,development_holdout,fidelity_constrained_shuffled_geometry__seed11401,fidelity_constrained_shuffled_geometry,11401,15001,1,0.12339387776632706,0.904257649845041,0.0,0.5155422670383416,0.15385073994260529,5,1,0
Wall,jepa_wm_wall,55,6,1297,development_holdout,fidelity_constrained_shuffled_geometry__seed11401,fidelity_constrained_shuffled_geometry,11401,15001,3,0.1600320766712798,0.8188928062571664,0.0,0.9824536064366949,0.12974778554612015,5,6,0
Wall,jepa_wm_wall,55,6,1297,development_holdout,fidelity_constrained_shuffled_geometry__seed11401,fidelity_constrained_shuffled_geometry,11401,15001,6,0.510367303771342,0.7240093478763979,0.0,0.9116092888791693,0.2513567152247203,1,2,0
Wall,jepa_wm_wall,8,1,913,development_holdout,fidelity_constrained_matched_geometry__seed11401,fidelity_constrained_matched_geometry,11401,15001,1,0.12071148770637684,0.9141282455372479,0.0,0.524572655369422,0.12398441873601587,5,2,0
Wall,jepa_wm_wall,8,1,913,development_holdout,fidelity_constrained_matched_geometry__seed11401,fidelity_constrained_matched_geometry,11401,15001,3,0.08482373582968013,0.9940117919627425,0.0,0.38957069488472024,0.08448224194719188,5,4,0
Wall,jepa_wm_wall,8,1,913,development_holdout,fidelity_constrained_matched_geometry__seed11401,fidelity_constrained_matched_geometry,11401,15001,6,0.0,0.9960577688083526,1.0,0.39918794096234467,0.12558026690158214,4,4,0
Wall,jepa_wm_wall,9,1,1297,development_holdout,fidelity_constrained_matched_geometry__seed11401,fidelity_constrained_matched_geometry,11401,15001,1,0.0,0.9999999792888422,1.0,0.4093099000402137,0.18357223357859073,1,1,0
Wall,jepa_wm_wall,9,1,1297,development_holdout,fidelity_constrained_matched_geometry__seed11401,fidelity_constrained_matched_geometry,11401,15001,3,0.0,0.9933336446654636,1.0,0.5939860998965517,0.17786806255295565,1,1,0
Wall,jepa_wm_wall,9,1,1297,development_holdout,fidelity_constrained_matched_geometry__seed11401,fidelity_constrained_matched_geometry,11401,15001,6,0.09552012436264752,0.9844910597167049,0.0,0.5954475947688309,0.14368352281227093,4,2,0
Wall,jepa_wm_wall,10,1,1709,development_holdout,fidelity_constrained_matched_geometry__seed11401,fidelity_constrained_matched_geometry,11401,15001,1,0.12286421707529614,0.9011207913212028,0.0,0.4652596422297855,0.12487015969880859,5,1,0
Wall,jepa_wm_wall,10,1,1709,development_holdout,fidelity_constrained_matched_geometry__seed11401,fidelity_constrained_matched_geometry,11401,15001,3,0.0,0.9969611157072459,1.0,0.22672124746598002,0.07491859939067491,1,1,0
Wall,jepa_wm_wall,10,1,1709,development_holdout,fidelity_constrained_matched_geometry__seed11401,fidelity_constrained_matched_geometry,11401,15001,6,0.0,0.9803685592924727,1.0,0.46234706615588844,0.17285098877934268,1,1,0
Wall,jepa_wm_wall,11,1,913,development_holdout,fidelity_constrained_matched_geometry__seed11401,fidelity_constrained_matched_geometry,11401,15001,1,0.12172401676917176,0.934415698157625,0.0,0.4771734784661016,0.1401704680464372,5,1,0
Wall,jepa_wm_wall,11,1,913,development_holdout,fidelity_constrained_matched_geometry__seed11401,fidelity_constrained_matched_geometry,11401,15001,3,0.0,0.9835535206520024,1.0,0.36018891563405625,0.08098394672367323,1,1,0
Wall,jepa_wm_wall,11,1,913,development_holdout,fidelity_constrained_matched_geometry__seed11401,fidelity_constrained_matched_geometry,11401,15001,6,0.0,0.9832248354946588,1.0,0.4385572610844772,0.16003893827924612,1,1,0
Wall,jepa_wm_wall,12,1,1297,development_holdout,fidelity_constrained_matched_geometry__seed11401,fidelity_constrained_matched_geometry,11401,15001,1,0.12456477430848922,0.9171044394429287,0.0,0.4451227199063732,0.20523864580105147,5,1,0
Wall,jepa_wm_wall,12,1,1297,development_holdout,fidelity_constrained_matched_geometry__seed11401,fidelity_constrained_matched_geometry,11401,15001,3,0.0,0.9915162380785562,1.0,0.4673145943366936,0.18245930919584363,1,1,0
Wall,jepa_wm_wall,12,1,1297,development_holdout,fidelity_constrained_matched_geometry__seed11401,fidelity_constrained_matched_geometry,11401,15001,6,0.31883657143532496,0.8462653851464007,0.0,0.5578204454813981,0.13453101729703296,1,3,0
Wall,jepa_wm_wall,13,1,1709,development_holdout,fidelity_constrained_matched_geometry__seed11401,fidelity_constrained_matched_geometry,11401,15001,1,0.0,0.9453329169993416,1.0,0.6484885007876856,0.13414842544933295,1,1,0
Wall,jepa_wm_wall,13,1,1709,development_holdout,fidelity_constrained_matched_geometry__seed11401,fidelity_constrained_matched_geometry,11401,15001,3,0.0,0.9908655328210699,1.0,0.3033358919010574,0.0908686870133188,4,4,0
Wall,jepa_wm_wall,13,1,1709,development_holdout,fidelity_constrained_matched_geometry__seed11401,fidelity_constrained_matched_geometry,11401,15001,6,0.0,0.9978767266177413,1.0,0.3911621815003665,0.11830942873036558,4,4,0
Wall,jepa_wm_wall,14,1,913,development_holdout,fidelity_constrained_matched_geometry__seed11401,fidelity_constrained_matched_geometry,11401,15001,1,0.0,0.9297077688162608,1.0,0.5547489311564654,0.14538353081279556,1,1,0
Wall,jepa_wm_wall,14,1,913,development_holdout,fidelity_constrained_matched_geometry__seed11401,fidelity_constrained_matched_geometry,11401,15001,3,0.03871608563546807,0.9859760867288949,0.0,0.42626944864675853,0.13492575068606436,5,4,0
Wall,jepa_wm_wall,14,1,913,development_holdout,fidelity_constrained_matched_geometry__seed11401,fidelity_constrained_matched_geometry,11401,15001,6,0.0,0.9371032338362347,1.0,0.48926328749229236,0.16171970991810644,4,4,0
Wall,jepa_wm_wall,15,1,1297,development_holdout,fidelity_constrained_matched_geometry__seed11401,fidelity_constrained_matched_geometry,11401,15001,1,0.0,0.9907338942905385,1.0,0.4265171069844539,0.16762743868094426,1,1,0
Wall,jepa_wm_wall,15,1,1297,development_holdout,fidelity_constrained_matched_geometry__seed11401,fidelity_constrained_matched_geometry,11401,15001,3,0.0,0.9824176360751066,1.0,0.6227634593910689,0.1413048365397618,5,5,0
Wall,jepa_wm_wall,15,1,1297,development_holdout,fidelity_constrained_matched_geometry__seed11401,fidelity_constrained_matched_geometry,11401,15001,6,0.02109195364658048,0.8810849668971255,0.0,0.712927671000198,0.17198279680883247,4,2,0
Wall,jepa_wm_wall,16,2,913,development_holdout,fidelity_constrained_matched_geometry__seed11401,fidelity_constrained_matched_geometry,11401,15001,1,0.0,0.9700989190273377,1.0,0.5402660180859825,0.17219684622673864,1,1,0
Wall,jepa_wm_wall,16,2,913,development_holdout,fidelity_constrained_matched_geometry__seed11401,fidelity_constrained_matched_geometry,11401,15001,3,0.0780943539164202,0.964564742228861,0.0,0.7076468713581054,0.1357734964964224,1,2,0
Wall,jepa_wm_wall,16,2,913,development_holdout,fidelity_constrained_matched_geometry__seed11401,fidelity_constrained_matched_geometry,11401,15001,6,0.47836158155027136,0.6644586417072513,0.0,1.0319071038649894,0.24940015755398942,1,2,0
Wall,jepa_wm_wall,17,2,1297,development_holdout,fidelity_constrained_matched_geometry__seed11401,fidelity_constrained_matched_geometry,11401,15001,1,0.0,0.9980721486458236,1.0,0.2203941332246578,0.17492346137755752,1,1,0
Wall,jepa_wm_wall,17,2,1297,development_holdout,fidelity_constrained_matched_geometry__seed11401,fidelity_constrained_matched_geometry,11401,15001,3,0.0,0.9554810624013061,1.0,0.4879941021697976,0.16245173005923413,1,1,0
Wall,jepa_wm_wall,17,2,1297,development_holdout,fidelity_constrained_matched_geometry__seed11401,fidelity_constrained_matched_geometry,11401,15001,6,0.5173793022236458,0.6754195076395823,0.0,1.0445525296095117,0.24743914453899266,1,3,0
Wall,jepa_wm_wall,18,2,1709,development_holdout,fidelity_constrained_matched_geometry__seed11401,fidelity_constrained_matched_geometry,11401,15001,1,0.12115863057169185,0.8597298060377803,0.0,0.7438322034070685,0.1910810831140925,5,1,0
Wall,jepa_wm_wall,18,2,1709,development_holdout,fidelity_constrained_matched_geometry__seed11401,fidelity_constrained_matched_geometry,11401,15001,3,0.4371025644644271,0.8619959853402971,0.0,0.5835231825436663,0.21030846005775206,7,1,0
Wall,jepa_wm_wall,18,2,1709,development_holdout,fidelity_constrained_matched_geometry__seed11401,fidelity_constrained_matched_geometry,11401,15001,6,0.079029886739769,0.9292625813227804,0.0,0.5622667915370141,0.2253171060433571,4,6,0
Wall,jepa_wm_wall,19,2,913,development_holdout,fidelity_constrained_matched_geometry__seed11401,fidelity_constrained_matched_geometry,11401,15001,1,0.1265250410340812,0.9708029091085986,0.0,0.4597882346282872,0.12998843796472337,5,1,0
Wall,jepa_wm_wall,19,2,913,development_holdout,fidelity_constrained_matched_geometry__seed11401,fidelity_constrained_matched_geometry,11401,15001,3,0.30787988273780015,0.9348331896152308,0.0,0.636094048913017,0.11365529972728064,5,1,0
Wall,jepa_wm_wall,19,2,913,development_holdout,fidelity_constrained_matched_geometry__seed11401,fidelity_constrained_matched_geometry,11401,15001,6,0.4811349945468107,0.9030038997626558,0.0,0.8543244580700137,0.25403395162967735,5,1,0
Wall,jepa_wm_wall,20,2,1297,development_holdout,fidelity_constrained_matched_geometry__seed11401,fidelity_constrained_matched_geometry,11401,15001,1,0.12873220149056347,0.9041955120480425,0.0,0.6205938765705729,0.16714762979615444,5,1,0
Wall,jepa_wm_wall,20,2,1297,development_holdout,fidelity_constrained_matched_geometry__seed11401,fidelity_constrained_matched_geometry,11401,15001,3,0.22499358945128464,0.7861925939894266,0.0,0.65675067174061,0.12611538172795034,5,6,0
Wall,jepa_wm_wall,20,2,1297,development_holdout,fidelity_constrained_matched_geometry__seed11401,fidelity_constrained_matched_geometry,11401,15001,6,0.3477921036549551,0.7037407257900908,0.0,0.921966269987047,0.2507692037595569,1,2,0
Wall,jepa_wm_wall,21,2,1709,development_holdout,fidelity_constrained_matched_geometry__seed11401,fidelity_constrained_matched_geometry,11401,15001,1,0.0,0.9699328888336991,1.0,0.5194063751068944,0.18720846372940392,1,1,0
Wall,jepa_wm_wall,21,2,1709,development_holdout,fidelity_constrained_matched_geometry__seed11401,fidelity_constrained_matched_geometry,11401,15001,3,0.0,0.8561622285402944,1.0,0.7303869967802868,0.1913334808302049,1,1,0
Wall,jepa_wm_wall,21,2,1709,development_holdout,fidelity_constrained_matched_geometry__seed11401,fidelity_constrained_matched_geometry,11401,15001,6,0.48324186008832426,0.6997794362265665,0.0,1.0417764595276329,0.22233957049798833,1,3,0
Wall,jepa_wm_wall,22,2,913,development_holdout,fidelity_constrained_matched_geometry__seed11401,fidelity_constrained_matched_geometry,11401,15001,1,0.0,0.9999999795085942,1.0,0.24520090861492855,0.173975450268655,1,1,0
Wall,jepa_wm_wall,22,2,913,development_holdout,fidelity_constrained_matched_geometry__seed11401,fidelity_constrained_matched_geometry,11401,15001,3,0.0,0.9559353415257523,1.0,0.4777520944252672,0.16199134738063325,1,1,0
Wall,jepa_wm_wall,22,2,913,development_holdout,fidelity_constrained_matched_geometry__seed11401,fidelity_constrained_matched_geometry,11401,15001,6,0.5449193421845129,0.6690843237225883,0.0,1.0654398447233413,0.2501726415804502,1,3,0
Wall,jepa_wm_wall,23,2,1297,development_holdout,fidelity_constrained_matched_geometry__seed11401,fidelity_constrained_matched_geometry,11401,15001,1,0.1421721940639325,0.7804059258726251,0.0,0.7219586703454012,0.17490252206531612,5,1,0
Wall,jepa_wm_wall,23,2,1297,development_holdout,fidelity_constrained_matched_geometry__seed11401,fidelity_constrained_matched_geometry,11401,15001,3,0.08949224892228795,0.9863904561613933,0.0,0.3515257218622865,0.13175870214061086,1,4,0
Wall,jepa_wm_wall,23,2,1297,development_holdout,fidelity_constrained_matched_geometry__seed11401,fidelity_constrained_matched_geometry,11401,15001,6,0.3589817567214553,0.8005705336530256,0.0,0.8478558184326658,0.22627979447847296,1,4,0
Wall,jepa_wm_wall,48,6,913,development_holdout,fidelity_constrained_matched_geometry__seed11401,fidelity_constrained_matched_geometry,11401,15001,1,0.08016261345003133,0.965431175847779,0.0,0.5097070833264108,0.1267675384359973,3,1,0
Wall,jepa_wm_wall,48,6,913,development_holdout,fidelity_constrained_matched_geometry__seed11401,fidelity_constrained_matched_geometry,11401,15001,3,0.0,0.9730154790105664,1.0,0.4653755632507511,0.13305181537545624,1,1,0
Wall,jepa_wm_wall,48,6,913,development_holdout,fidelity_constrained_matched_geometry__seed11401,fidelity_constrained_matched_geometry,11401,15001,6,0.0,0.8929786673305053,1.0,0.668097489240461,0.24148819064231564,1,1,0
Wall,jepa_wm_wall,49,6,1297,development_holdout,fidelity_constrained_matched_geometry__seed11401,fidelity_constrained_matched_geometry,11401,15001,1,0.12196031285278491,0.881739258638217,0.0,0.5556886695442875,0.13226139065240197,5,1,0
Wall,jepa_wm_wall,49,6,1297,development_holdout,fidelity_constrained_matched_geometry__seed11401,fidelity_constrained_matched_geometry,11401,15001,3,0.0,0.9698428542364439,1.0,0.42054525894062866,0.13016679285201974,1,1,0
Wall,jepa_wm_wall,49,6,1297,development_holdout,fidelity_constrained_matched_geometry__seed11401,fidelity_constrained_matched_geometry,11401,15001,6,0.0,0.8949427201658822,1.0,0.6490952710755752,0.23272894599720373,1,1,0
Wall,jepa_wm_wall,50,6,1709,development_holdout,fidelity_constrained_matched_geometry__seed11401,fidelity_constrained_matched_geometry,11401,15001,1,0.0,0.9799787680495413,1.0,0.4340744468004369,0.1537551714109489,1,1,0
Wall,jepa_wm_wall,50,6,1709,development_holdout,fidelity_constrained_matched_geometry__seed11401,fidelity_constrained_matched_geometry,11401,15001,3,0.29607003342937677,0.8653173791398868,0.0,0.9294417491099606,0.14300375087464803,1,6,0
Wall,jepa_wm_wall,50,6,1709,development_holdout,fidelity_constrained_matched_geometry__seed11401,fidelity_constrained_matched_geometry,11401,15001,6,0.19405549575924055,0.8419129519769677,0.0,0.7969671140382212,0.24293989464589322,1,4,0
Wall,jepa_wm_wall,51,6,913,development_holdout,fidelity_constrained_matched_geometry__seed11401,fidelity_constrained_matched_geometry,11401,15001,1,0.007931881484607411,0.906487707290318,0.0,0.6324453409670031,0.11513030123926722,3,1,0
Wall,jepa_wm_wall,51,6,913,development_holdout,fidelity_constrained_matched_geometry__seed11401,fidelity_constrained_matched_geometry,11401,15001,3,0.18236891449751788,0.9701679664991406,0.0,0.37703983437643984,0.12136066330690232,4,1,0
Wall,jepa_wm_wall,51,6,913,development_holdout,fidelity_constrained_matched_geometry__seed11401,fidelity_constrained_matched_geometry,11401,15001,6,0.10901940817974191,0.9186231823670861,0.0,0.7160031072595965,0.2178637416067512,4,1,0
Wall,jepa_wm_wall,52,6,1297,development_holdout,fidelity_constrained_matched_geometry__seed11401,fidelity_constrained_matched_geometry,11401,15001,1,0.07100282563201721,0.9624377255740273,0.0,0.8991962326801157,0.2270736547511431,5,1,0
Wall,jepa_wm_wall,52,6,1297,development_holdout,fidelity_constrained_matched_geometry__seed11401,fidelity_constrained_matched_geometry,11401,15001,3,0.025811218253910286,0.8851373903068716,0.0,0.9571217209087651,0.16483305014778932,5,3,0
Wall,jepa_wm_wall,52,6,1297,development_holdout,fidelity_constrained_matched_geometry__seed11401,fidelity_constrained_matched_geometry,11401,15001,6,0.5546787123699543,0.6582888477756015,0.0,1.0097801555680013,0.23187605734477032,5,3,0
Wall,jepa_wm_wall,53,6,1709,development_holdout,fidelity_constrained_matched_geometry__seed11401,fidelity_constrained_matched_geometry,11401,15001,1,0.12905025338831735,0.6865441107573651,0.0,0.8179172915241987,0.14909061504025506,5,1,0
Wall,jepa_wm_wall,53,6,1709,development_holdout,fidelity_constrained_matched_geometry__seed11401,fidelity_constrained_matched_geometry,11401,15001,3,0.09916642903112673,0.9496077313367477,0.0,0.4278782899070416,0.1247341702135134,1,4,0
Wall,jepa_wm_wall,53,6,1709,development_holdout,fidelity_constrained_matched_geometry__seed11401,fidelity_constrained_matched_geometry,11401,15001,6,0.09643994244758064,0.8989571104969118,0.0,0.6859015645962029,0.23241953332448487,1,4,0
Wall,jepa_wm_wall,54,6,913,development_holdout,fidelity_constrained_matched_geometry__seed11401,fidelity_constrained_matched_geometry,11401,15001,1,0.05210487275347143,0.9378444868511788,0.0,0.6497945964237234,0.1754092315323535,5,1,0
Wall,jepa_wm_wall,54,6,913,development_holdout,fidelity_constrained_matched_geometry__seed11401,fidelity_constrained_matched_geometry,11401,15001,3,0.29411612172776747,0.768166324998991,0.0,1.34853612147928,0.14892684230320877,1,6,0
Wall,jepa_wm_wall,54,6,913,development_holdout,fidelity_constrained_matched_geometry__seed11401,fidelity_constrained_matched_geometry,11401,15001,6,0.2353094206177578,0.7714069643092933,0.0,0.9468132774974071,0.259784515245966,1,2,0
Wall,jepa_wm_wall,55,6,1297,development_holdout,fidelity_constrained_matched_geometry__seed11401,fidelity_constrained_matched_geometry,11401,15001,1,0.12339387776632706,0.9445979743606318,0.0,0.5643124089299747,0.17487823135012848,5,1,0
Wall,jepa_wm_wall,55,6,1297,development_holdout,fidelity_constrained_matched_geometry__seed11401,fidelity_constrained_matched_geometry,11401,15001,3,0.19830582185068493,0.8875535706324044,0.0,0.6790407479527791,0.11021333481104426,1,6,0
Wall,jepa_wm_wall,55,6,1297,development_holdout,fidelity_constrained_matched_geometry__seed11401,fidelity_constrained_matched_geometry,11401,15001,6,0.510367303771342,0.7657798123194529,0.0,0.9326682312624924,0.25449687751836547,1,2,0
Wall,jepa_wm_wall,8,1,913,development_holdout,fidelity_constrained_latent_only__seed11419,fidelity_constrained_latent_only,11419,15001,1,0.12071148770637684,0.9175529058171344,0.0,0.6902452374947249,0.19427272333621334,5,2,0
Wall,jepa_wm_wall,8,1,913,development_holdout,fidelity_constrained_latent_only__seed11419,fidelity_constrained_latent_only,11419,15001,3,0.08482373582968013,0.9327075583252863,0.0,0.5327144945869761,0.1839636367324471,5,4,0
Wall,jepa_wm_wall,8,1,913,development_holdout,fidelity_constrained_latent_only__seed11419,fidelity_constrained_latent_only,11419,15001,6,0.0,0.9590729216917062,1.0,0.7007558483770928,0.2500295920934892,4,4,0
Wall,jepa_wm_wall,9,1,1297,development_holdout,fidelity_constrained_latent_only__seed11419,fidelity_constrained_latent_only,11419,15001,1,0.23978801010775627,0.8619914279417502,0.0,0.699064975610704,0.28084985741052015,2,1,0
Wall,jepa_wm_wall,9,1,1297,development_holdout,fidelity_constrained_latent_only__seed11419,fidelity_constrained_latent_only,11419,15001,3,0.0,0.5110198673217196,1.0,1.3961656056495528,0.3145477957476869,1,1,0
Wall,jepa_wm_wall,9,1,1297,development_holdout,fidelity_constrained_latent_only__seed11419,fidelity_constrained_latent_only,11419,15001,6,0.09552012436264752,0.9023752374445415,0.0,0.7428296007307653,0.22748669202796842,4,2,0
Wall,jepa_wm_wall,10,1,1709,development_holdout,fidelity_constrained_latent_only__seed11419,fidelity_constrained_latent_only,11419,15001,1,0.0,0.9243348338967793,1.0,0.7147623135522299,0.21676815779371186,1,1,0
Wall,jepa_wm_wall,10,1,1709,development_holdout,fidelity_constrained_latent_only__seed11419,fidelity_constrained_latent_only,11419,15001,3,0.20731631818021912,0.8310524357883171,0.0,0.7234767521541985,0.20201975563624847,5,1,0
Wall,jepa_wm_wall,10,1,1709,development_holdout,fidelity_constrained_latent_only__seed11419,fidelity_constrained_latent_only,11419,15001,6,0.0,0.9236929115316475,1.0,0.7098037530732669,0.2988553547531566,1,1,0
Wall,jepa_wm_wall,11,1,913,development_holdout,fidelity_constrained_latent_only__seed11419,fidelity_constrained_latent_only,11419,15001,1,0.12172401676917176,0.9446369330782407,0.0,0.5883317877500878,0.2495178717440946,5,1,0
Wall,jepa_wm_wall,11,1,913,development_holdout,fidelity_constrained_latent_only__seed11419,fidelity_constrained_latent_only,11419,15001,3,0.16557815588742084,0.8392927215545404,0.0,0.8324876977985617,0.2149876379132694,5,1,0
Wall,jepa_wm_wall,11,1,913,development_holdout,fidelity_constrained_latent_only__seed11419,fidelity_constrained_latent_only,11419,15001,6,0.0,0.865187582572151,1.0,0.6960679992827841,0.26592073247613845,1,1,0
Wall,jepa_wm_wall,12,1,1297,development_holdout,fidelity_constrained_latent_only__seed11419,fidelity_constrained_latent_only,11419,15001,1,0.3533429118003197,0.9050512925854303,0.0,0.6730629746888465,0.2629043597941529,7,1,0
Wall,jepa_wm_wall,12,1,1297,development_holdout,fidelity_constrained_latent_only__seed11419,fidelity_constrained_latent_only,11419,15001,3,0.09672679787453937,0.49851175956635707,0.0,1.2547577115398265,0.3040804625511707,7,1,0
Wall,jepa_wm_wall,12,1,1297,development_holdout,fidelity_constrained_latent_only__seed11419,fidelity_constrained_latent_only,11419,15001,6,0.31883657143532496,0.8802640630240807,0.0,0.8397065228810356,0.2343336723089744,1,3,0
Wall,jepa_wm_wall,13,1,1709,development_holdout,fidelity_constrained_latent_only__seed11419,fidelity_constrained_latent_only,11419,15001,1,0.0,0.9764638140996021,1.0,0.4151680906828889,0.2402515597838195,1,1,0
Wall,jepa_wm_wall,13,1,1709,development_holdout,fidelity_constrained_latent_only__seed11419,fidelity_constrained_latent_only,11419,15001,3,0.14527104206009775,0.9106965865643577,0.0,0.5224191400703437,0.21863362141985201,5,4,0
Wall,jepa_wm_wall,13,1,1709,development_holdout,fidelity_constrained_latent_only__seed11419,fidelity_constrained_latent_only,11419,15001,6,0.4162684616699494,0.8884968370245839,0.0,0.7099789973368894,0.25065450248488225,5,4,0
Wall,jepa_wm_wall,14,1,913,development_holdout,fidelity_constrained_latent_only__seed11419,fidelity_constrained_latent_only,11419,15001,1,0.1235923244710162,0.9693019872646668,0.0,0.48398894672031684,0.2677808071285491,6,1,0
Wall,jepa_wm_wall,14,1,913,development_holdout,fidelity_constrained_latent_only__seed11419,fidelity_constrained_latent_only,11419,15001,3,0.02103669177229461,0.7146765762080294,0.0,1.064944586975075,0.25987081020888453,1,4,0
Wall,jepa_wm_wall,14,1,913,development_holdout,fidelity_constrained_latent_only__seed11419,fidelity_constrained_latent_only,11419,15001,6,0.0,0.8749815070972239,1.0,0.7332359642418671,0.23818063469096903,4,4,0
Wall,jepa_wm_wall,15,1,1297,development_holdout,fidelity_constrained_latent_only__seed11419,fidelity_constrained_latent_only,11419,15001,1,0.434934010958611,0.7352998294193701,0.0,0.8029014695045793,0.2754131074474037,8,1,0
Wall,jepa_wm_wall,15,1,1297,development_holdout,fidelity_constrained_latent_only__seed11419,fidelity_constrained_latent_only,11419,15001,3,0.019446629235054986,0.5789819041781022,0.0,1.2918147586271267,0.25509834574838275,1,5,0
Wall,jepa_wm_wall,15,1,1297,development_holdout,fidelity_constrained_latent_only__seed11419,fidelity_constrained_latent_only,11419,15001,6,0.02109195364658048,0.7378128827179554,0.0,0.9554601367575241,0.24561144445495717,4,2,0
Wall,jepa_wm_wall,16,2,913,development_holdout,fidelity_constrained_latent_only__seed11419,fidelity_constrained_latent_only,11419,15001,1,0.1247557700262618,0.9786388839038428,0.0,0.5259374771438536,0.3038492327845409,5,1,0
Wall,jepa_wm_wall,16,2,913,development_holdout,fidelity_constrained_latent_only__seed11419,fidelity_constrained_latent_only,11419,15001,3,0.1362528665233449,0.9018505202889916,0.0,0.7096214599057593,0.22873783563070527,5,2,0
Wall,jepa_wm_wall,16,2,913,development_holdout,fidelity_constrained_latent_only__seed11419,fidelity_constrained_latent_only,11419,15001,6,0.5310357923198618,0.5654061687116466,0.0,1.0302936820316895,0.3022249828177336,5,2,0
Wall,jepa_wm_wall,17,2,1297,development_holdout,fidelity_constrained_latent_only__seed11419,fidelity_constrained_latent_only,11419,15001,1,0.0,0.9753875930010381,1.0,0.5254776964386637,0.27659039003527564,1,1,0
Wall,jepa_wm_wall,17,2,1297,development_holdout,fidelity_constrained_latent_only__seed11419,fidelity_constrained_latent_only,11419,15001,3,0.0,0.9915372188224543,1.0,0.41660919016689507,0.24359589979085103,1,1,0
Wall,jepa_wm_wall,17,2,1297,development_holdout,fidelity_constrained_latent_only__seed11419,fidelity_constrained_latent_only,11419,15001,6,0.5122518561014756,0.8103750429596382,0.0,0.8422943123917972,0.22839083296675938,5,3,0
Wall,jepa_wm_wall,18,2,1709,development_holdout,fidelity_constrained_latent_only__seed11419,fidelity_constrained_latent_only,11419,15001,1,0.42109121773452335,0.47769632548940943,0.0,1.0641271773030079,0.3350041943651709,8,1,0
Wall,jepa_wm_wall,18,2,1709,development_holdout,fidelity_constrained_latent_only__seed11419,fidelity_constrained_latent_only,11419,15001,3,0.0,0.9501941602947326,1.0,0.6542525963759239,0.2853934258341385,1,1,0
Wall,jepa_wm_wall,18,2,1709,development_holdout,fidelity_constrained_latent_only__seed11419,fidelity_constrained_latent_only,11419,15001,6,0.06074535502837518,0.8489212176428251,0.0,0.6821523694883121,0.25429188469883796,1,6,0
Wall,jepa_wm_wall,19,2,913,development_holdout,fidelity_constrained_latent_only__seed11419,fidelity_constrained_latent_only,11419,15001,1,0.007615091005135686,0.9708682818256585,0.0,0.40379387891937907,0.31839879829710116,4,1,0
Wall,jepa_wm_wall,19,2,913,development_holdout,fidelity_constrained_latent_only__seed11419,fidelity_constrained_latent_only,11419,15001,3,0.30787988273780015,0.8053285413904069,0.0,0.7089822215053319,0.2508490625738187,5,1,0
Wall,jepa_wm_wall,19,2,913,development_holdout,fidelity_constrained_latent_only__seed11419,fidelity_constrained_latent_only,11419,15001,6,0.4811349945468107,0.8296043797609589,0.0,0.9140356185908529,0.295007035004064,5,1,0
Wall,jepa_wm_wall,20,2,1297,development_holdout,fidelity_constrained_latent_only__seed11419,fidelity_constrained_latent_only,11419,15001,1,0.0,0.8933376482800861,1.0,0.5916267500223399,0.3094888568793051,1,1,0
Wall,jepa_wm_wall,20,2,1297,development_holdout,fidelity_constrained_latent_only__seed11419,fidelity_constrained_latent_only,11419,15001,3,0.22499358945128464,0.7834516805648241,0.0,0.9067222374076818,0.23730539341856086,5,6,0
Wall,jepa_wm_wall,20,2,1297,development_holdout,fidelity_constrained_latent_only__seed11419,fidelity_constrained_latent_only,11419,15001,6,0.5175256334018074,0.6420751601904641,0.0,0.9670017038196594,0.2859252029654424,5,2,0
Wall,jepa_wm_wall,21,2,1709,development_holdout,fidelity_constrained_latent_only__seed11419,fidelity_constrained_latent_only,11419,15001,1,0.0,0.9258990787746905,1.0,0.9501841319080513,0.29596610634185294,1,1,0
Wall,jepa_wm_wall,21,2,1709,development_holdout,fidelity_constrained_latent_only__seed11419,fidelity_constrained_latent_only,11419,15001,3,0.0,0.9710314159239022,1.0,0.5541269680621174,0.2539947242790526,1,1,0
Wall,jepa_wm_wall,21,2,1709,development_holdout,fidelity_constrained_latent_only__seed11419,fidelity_constrained_latent_only,11419,15001,6,0.48324186008832426,0.7853412789257542,0.0,0.817353079779698,0.2061600077695759,1,3,0
Wall,jepa_wm_wall,22,2,913,development_holdout,fidelity_constrained_latent_only__seed11419,fidelity_constrained_latent_only,11419,15001,1,0.0,0.9751164867263384,1.0,0.5940074641856339,0.27695365090614615,1,1,0
Wall,jepa_wm_wall,22,2,913,development_holdout,fidelity_constrained_latent_only__seed11419,fidelity_constrained_latent_only,11419,15001,3,0.0,0.9923033272229999,1.0,0.40123256334704877,0.24361526747786857,1,1,0
Wall,jepa_wm_wall,22,2,913,development_holdout,fidelity_constrained_latent_only__seed11419,fidelity_constrained_latent_only,11419,15001,6,0.5121504452624783,0.7934953759512181,0.0,0.859485895988194,0.23071407130660182,5,3,0
Wall,jepa_wm_wall,23,2,1297,development_holdout,fidelity_constrained_latent_only__seed11419,fidelity_constrained_latent_only,11419,15001,1,0.0,0.8407043225811847,1.0,0.8734178117804712,0.36259318912526106,1,1,0
Wall,jepa_wm_wall,23,2,1297,development_holdout,fidelity_constrained_latent_only__seed11419,fidelity_constrained_latent_only,11419,15001,3,0.08949224892228795,0.8944700334020245,0.0,0.6731648429763455,0.2679657465060061,1,4,0
Wall,jepa_wm_wall,23,2,1297,development_holdout,fidelity_constrained_latent_only__seed11419,fidelity_constrained_latent_only,11419,15001,6,0.3589817567214553,0.7524860218146928,0.0,0.8882055764921155,0.25030869447042836,1,4,0
Wall,jepa_wm_wall,48,6,913,development_holdout,fidelity_constrained_latent_only__seed11419,fidelity_constrained_latent_only,11419,15001,1,0.1221204240752783,0.7869595543821665,0.0,0.7519402901628507,0.20456020933734287,5,1,0
Wall,jepa_wm_wall,48,6,913,development_holdout,fidelity_constrained_latent_only__seed11419,fidelity_constrained_latent_only,11419,15001,3,0.3045755010194801,0.8772704205937897,0.0,0.6576189563925472,0.14148643148846057,5,1,0
Wall,jepa_wm_wall,48,6,913,development_holdout,fidelity_constrained_latent_only__seed11419,fidelity_constrained_latent_only,11419,15001,6,0.13991464109340168,0.873730582907918,0.0,0.6978692758646321,0.24055250117597513,4,1,0
Wall,jepa_wm_wall,49,6,1297,development_holdout,fidelity_constrained_latent_only__seed11419,fidelity_constrained_latent_only,11419,15001,1,0.12196031285278491,0.9323636214509643,0.0,0.6918839172723623,0.2097969442383422,5,1,0
Wall,jepa_wm_wall,49,6,1297,development_holdout,fidelity_constrained_latent_only__seed11419,fidelity_constrained_latent_only,11419,15001,3,0.0,0.9250545785560955,1.0,0.5829044589583005,0.12966247213296783,1,1,0
Wall,jepa_wm_wall,49,6,1297,development_holdout,fidelity_constrained_latent_only__seed11419,fidelity_constrained_latent_only,11419,15001,6,0.08134523661871648,0.8800203083595046,0.0,0.6942471699434387,0.24458453661255558,4,1,0
Wall,jepa_wm_wall,50,6,1709,development_holdout,fidelity_constrained_latent_only__seed11419,fidelity_constrained_latent_only,11419,15001,1,0.12336195250522808,0.8984402546458038,0.0,0.6445228442688797,0.1593104867909337,5,1,0
Wall,jepa_wm_wall,50,6,1709,development_holdout,fidelity_constrained_latent_only__seed11419,fidelity_constrained_latent_only,11419,15001,3,0.21108969174761585,0.8297285905692208,0.0,0.7337816300002977,0.14554305095645192,5,6,0
Wall,jepa_wm_wall,50,6,1709,development_holdout,fidelity_constrained_latent_only__seed11419,fidelity_constrained_latent_only,11419,15001,6,0.5065871325361062,0.743301854729283,0.0,0.8283306650646841,0.23849445013234888,5,4,0
Wall,jepa_wm_wall,51,6,913,development_holdout,fidelity_constrained_latent_only__seed11419,fidelity_constrained_latent_only,11419,15001,1,0.007931881484607411,0.9079348469346114,0.0,0.6628054813258334,0.20141338687965482,3,1,0
Wall,jepa_wm_wall,51,6,913,development_holdout,fidelity_constrained_latent_only__seed11419,fidelity_constrained_latent_only,11419,15001,3,0.0,0.9873943453473498,1.0,0.4175618368369089,0.1345509987490871,1,1,0
Wall,jepa_wm_wall,51,6,913,development_holdout,fidelity_constrained_latent_only__seed11419,fidelity_constrained_latent_only,11419,15001,6,0.10901940817974191,0.9215286212771843,0.0,0.6645561684226325,0.21383986946176975,4,1,0
Wall,jepa_wm_wall,52,6,1297,development_holdout,fidelity_constrained_latent_only__seed11419,fidelity_constrained_latent_only,11419,15001,1,0.07100282563201721,0.9336894867142677,0.0,0.5437638329740938,0.2193121658953962,5,1,0
Wall,jepa_wm_wall,52,6,1297,development_holdout,fidelity_constrained_latent_only__seed11419,fidelity_constrained_latent_only,11419,15001,3,0.05051972594698755,0.8395269315339857,0.0,0.9442615162223447,0.19477616402975362,1,3,0
Wall,jepa_wm_wall,52,6,1297,development_holdout,fidelity_constrained_latent_only__seed11419,fidelity_constrained_latent_only,11419,15001,6,0.639315568165977,0.5846072001661786,0.0,0.9860473257425674,0.21447791048698184,1,3,0
Wall,jepa_wm_wall,53,6,1709,development_holdout,fidelity_constrained_latent_only__seed11419,fidelity_constrained_latent_only,11419,15001,1,0.12905025338831735,0.9733966357151297,0.0,0.43479668027431806,0.26294911165273366,5,1,0
Wall,jepa_wm_wall,53,6,1709,development_holdout,fidelity_constrained_latent_only__seed11419,fidelity_constrained_latent_only,11419,15001,3,0.0,0.9629257610336921,1.0,0.5550882077660149,0.16758880663260556,4,4,0
Wall,jepa_wm_wall,53,6,1709,development_holdout,fidelity_constrained_latent_only__seed11419,fidelity_constrained_latent_only,11419,15001,6,0.4901310670697422,0.8562305484955498,0.0,0.7254005512006059,0.2448695860692393,5,4,0
Wall,jepa_wm_wall,54,6,913,development_holdout,fidelity_constrained_latent_only__seed11419,fidelity_constrained_latent_only,11419,15001,1,0.05210487275347143,0.9092459303198188,0.0,0.681294909240907,0.18338488744990047,5,1,0
Wall,jepa_wm_wall,54,6,913,development_holdout,fidelity_constrained_latent_only__seed11419,fidelity_constrained_latent_only,11419,15001,3,0.22028967914818534,0.6749465915618984,0.0,1.2062627052794819,0.17196321365441056,5,6,0
Wall,jepa_wm_wall,54,6,913,development_holdout,fidelity_constrained_latent_only__seed11419,fidelity_constrained_latent_only,11419,15001,6,0.2353094206177578,0.5730500576859343,0.0,1.0259674970138541,0.26558850141981927,1,2,0
Wall,jepa_wm_wall,55,6,1297,development_holdout,fidelity_constrained_latent_only__seed11419,fidelity_constrained_latent_only,11419,15001,1,0.12339387776632706,0.9083106591140793,0.0,0.5533926062652204,0.18422269078522624,5,1,0
Wall,jepa_wm_wall,55,6,1297,development_holdout,fidelity_constrained_latent_only__seed11419,fidelity_constrained_latent_only,11419,15001,3,0.1600320766712798,0.8489717686867252,0.0,0.7573927076483657,0.1580471661747233,5,6,0
Wall,jepa_wm_wall,55,6,1297,development_holdout,fidelity_constrained_latent_only__seed11419,fidelity_constrained_latent_only,11419,15001,6,0.510367303771342,0.7708231164672531,0.0,0.8088167365148691,0.24569625802403344,1,2,0
Wall,jepa_wm_wall,8,1,913,development_holdout,fidelity_constrained_shuffled_geometry__seed11419,fidelity_constrained_shuffled_geometry,11419,15001,1,0.12071148770637684,0.8891514326906,0.0,0.6564626917744132,0.11266761858356544,5,2,0
Wall,jepa_wm_wall,8,1,913,development_holdout,fidelity_constrained_shuffled_geometry__seed11419,fidelity_constrained_shuffled_geometry,11419,15001,3,0.08482373582968013,0.8834036552088399,0.0,0.5308882561033369,0.08678042191584306,5,4,0
Wall,jepa_wm_wall,8,1,913,development_holdout,fidelity_constrained_shuffled_geometry__seed11419,fidelity_constrained_shuffled_geometry,11419,15001,6,0.0,0.9791810481020897,1.0,0.480497413580082,0.133141795398257,4,4,0
Wall,jepa_wm_wall,9,1,1297,development_holdout,fidelity_constrained_shuffled_geometry__seed11419,fidelity_constrained_shuffled_geometry,11419,15001,1,0.12507081777279483,0.9030747432753615,0.0,0.5997139035206167,0.18139092687310693,5,1,0
Wall,jepa_wm_wall,9,1,1297,development_holdout,fidelity_constrained_shuffled_geometry__seed11419,fidelity_constrained_shuffled_geometry,11419,15001,3,0.0,0.6263735954222127,1.0,1.1527002847110535,0.1825477196695019,1,1,0
Wall,jepa_wm_wall,9,1,1297,development_holdout,fidelity_constrained_shuffled_geometry__seed11419,fidelity_constrained_shuffled_geometry,11419,15001,6,0.5301166754314394,0.7831249936090331,0.0,0.707422947160638,0.16329659075819122,7,2,0
Wall,jepa_wm_wall,10,1,1709,development_holdout,fidelity_constrained_shuffled_geometry__seed11419,fidelity_constrained_shuffled_geometry,11419,15001,1,0.0,0.9358399747087663,1.0,0.44146771670829693,0.12459076471655708,1,1,0
Wall,jepa_wm_wall,10,1,1709,development_holdout,fidelity_constrained_shuffled_geometry__seed11419,fidelity_constrained_shuffled_geometry,11419,15001,3,0.20731631818021912,0.9258350641542167,0.0,0.6145213284258098,0.1051002158287139,5,1,0
Wall,jepa_wm_wall,10,1,1709,development_holdout,fidelity_constrained_shuffled_geometry__seed11419,fidelity_constrained_shuffled_geometry,11419,15001,6,0.0,0.9543317426997612,1.0,0.549363063578761,0.1805976544525319,1,1,0
Wall,jepa_wm_wall,11,1,913,development_holdout,fidelity_constrained_shuffled_geometry__seed11419,fidelity_constrained_shuffled_geometry,11419,15001,1,0.03012359321854074,0.987731474863774,0.0,0.2714696327157285,0.16203553992830272,2,1,0
Wall,jepa_wm_wall,11,1,913,development_holdout,fidelity_constrained_shuffled_geometry__seed11419,fidelity_constrained_shuffled_geometry,11419,15001,3,0.16557815588742084,0.8476039090125869,0.0,0.7035639105524614,0.11037999838048959,5,1,0
Wall,jepa_wm_wall,11,1,913,development_holdout,fidelity_constrained_shuffled_geometry__seed11419,fidelity_constrained_shuffled_geometry,11419,15001,6,0.0,0.9366823679622773,1.0,0.5281778202364606,0.17511056135033337,1,1,0
Wall,jepa_wm_wall,12,1,1297,development_holdout,fidelity_constrained_shuffled_geometry__seed11419,fidelity_constrained_shuffled_geometry,11419,15001,1,0.0,0.7954878468676778,1.0,0.6373752434632782,0.205270913768421,1,1,0
Wall,jepa_wm_wall,12,1,1297,development_holdout,fidelity_constrained_shuffled_geometry__seed11419,fidelity_constrained_shuffled_geometry,11419,15001,3,0.0775058207984546,0.6717905114608858,0.0,1.071656781400544,0.19961265002440062,5,1,0
Wall,jepa_wm_wall,12,1,1297,development_holdout,fidelity_constrained_shuffled_geometry__seed11419,fidelity_constrained_shuffled_geometry,11419,15001,6,0.31883657143532496,0.8540882274817209,0.0,0.7279736586341795,0.14082463565784023,1,3,0
Wall,jepa_wm_wall,13,1,1709,development_holdout,fidelity_constrained_shuffled_geometry__seed11419,fidelity_constrained_shuffled_geometry,11419,15001,1,0.12114197737824782,0.8990415301766569,0.0,0.4462739198920649,0.130985888508903,5,1,0
Wall,jepa_wm_wall,13,1,1709,development_holdout,fidelity_constrained_shuffled_geometry__seed11419,fidelity_constrained_shuffled_geometry,11419,15001,3,0.32286515354338446,0.9005400878812722,0.0,0.5368504277126271,0.1132455431706055,3,4,0
Wall,jepa_wm_wall,13,1,1709,development_holdout,fidelity_constrained_shuffled_geometry__seed11419,fidelity_constrained_shuffled_geometry,11419,15001,6,0.0,0.9509402202224154,1.0,0.4653873348253739,0.10603842429118526,4,4,0
Wall,jepa_wm_wall,14,1,913,development_holdout,fidelity_constrained_shuffled_geometry__seed11419,fidelity_constrained_shuffled_geometry,11419,15001,1,0.0,0.9194032323491945,1.0,0.8048363533447459,0.15338252087506138,1,1,0
Wall,jepa_wm_wall,14,1,913,development_holdout,fidelity_constrained_shuffled_geometry__seed11419,fidelity_constrained_shuffled_geometry,11419,15001,3,0.02103669177229461,0.6230957062379686,0.0,1.1310712765047777,0.16427470082300616,1,4,0
Wall,jepa_wm_wall,14,1,913,development_holdout,fidelity_constrained_shuffled_geometry__seed11419,fidelity_constrained_shuffled_geometry,11419,15001,6,0.0,0.8892710460408051,1.0,0.6087746996230706,0.18362872379160988,4,4,0
Wall,jepa_wm_wall,15,1,1297,development_holdout,fidelity_constrained_shuffled_geometry__seed11419,fidelity_constrained_shuffled_geometry,11419,15001,1,0.0,0.8841754145233329,1.0,0.7959006796285103,0.13099181605887464,1,1,0
Wall,jepa_wm_wall,15,1,1297,development_holdout,fidelity_constrained_shuffled_geometry__seed11419,fidelity_constrained_shuffled_geometry,11419,15001,3,0.09083780960232728,0.7712345866616558,0.0,1.2840649467310958,0.14666869726375303,7,5,0
Wall,jepa_wm_wall,15,1,1297,development_holdout,fidelity_constrained_shuffled_geometry__seed11419,fidelity_constrained_shuffled_geometry,11419,15001,6,0.02109195364658048,0.8608065381040177,0.0,0.7686032056225995,0.19226315256260523,4,2,0
Wall,jepa_wm_wall,16,2,913,development_holdout,fidelity_constrained_shuffled_geometry__seed11419,fidelity_constrained_shuffled_geometry,11419,15001,1,0.12475547200310898,0.9432330306652371,0.0,0.44733264876706846,0.21656487428393767,6,1,0
Wall,jepa_wm_wall,16,2,913,development_holdout,fidelity_constrained_shuffled_geometry__seed11419,fidelity_constrained_shuffled_geometry,11419,15001,3,0.1362528665233449,0.8612103887996121,0.0,0.6529134536206892,0.13231967432964703,5,2,0
Wall,jepa_wm_wall,16,2,913,development_holdout,fidelity_constrained_shuffled_geometry__seed11419,fidelity_constrained_shuffled_geometry,11419,15001,6,0.47836158155027136,0.6811914039146992,0.0,1.0106987741959843,0.26321261244581656,1,2,0
Wall,jepa_wm_wall,17,2,1297,development_holdout,fidelity_constrained_shuffled_geometry__seed11419,fidelity_constrained_shuffled_geometry,11419,15001,1,0.12688078630405206,0.9141502400832247,0.0,0.48655324118940313,0.1905722609232179,5,1,0
Wall,jepa_wm_wall,17,2,1297,development_holdout,fidelity_constrained_shuffled_geometry__seed11419,fidelity_constrained_shuffled_geometry,11419,15001,3,0.0666852161712895,0.9769121399938127,0.0,0.6245731348095463,0.14865663983802016,5,1,0
Wall,jepa_wm_wall,17,2,1297,development_holdout,fidelity_constrained_shuffled_geometry__seed11419,fidelity_constrained_shuffled_geometry,11419,15001,6,0.5173793022236458,0.6497676888389488,0.0,1.0358201338257007,0.2347962529947218,1,3,0
Wall,jepa_wm_wall,18,2,1709,development_holdout,fidelity_constrained_shuffled_geometry__seed11419,fidelity_constrained_shuffled_geometry,11419,15001,1,0.08790014078613739,0.9629730936955162,0.0,0.5958753614242971,0.23537728658651833,4,1,0
Wall,jepa_wm_wall,18,2,1709,development_holdout,fidelity_constrained_shuffled_geometry__seed11419,fidelity_constrained_shuffled_geometry,11419,15001,3,0.4371025644644271,0.8147171163602961,0.0,0.7337603814689931,0.20370398993012281,7,1,0
Wall,jepa_wm_wall,18,2,1709,development_holdout,fidelity_constrained_shuffled_geometry__seed11419,fidelity_constrained_shuffled_geometry,11419,15001,6,0.08079413840993167,0.916827203907947,0.0,0.5746831596599015,0.21283646678034013,3,6,0
Wall,jepa_wm_wall,19,2,913,development_holdout,fidelity_constrained_shuffled_geometry__seed11419,fidelity_constrained_shuffled_geometry,11419,15001,1,0.4328822502546236,0.8015330233415905,0.0,0.6543762532641281,0.14672389379604686,7,1,0
Wall,jepa_wm_wall,19,2,913,development_holdout,fidelity_constrained_shuffled_geometry__seed11419,fidelity_constrained_shuffled_geometry,11419,15001,3,0.5496849397943441,0.8282911883809341,0.0,0.7167888069667853,0.13896094381617313,7,1,0
Wall,jepa_wm_wall,19,2,913,development_holdout,fidelity_constrained_shuffled_geometry__seed11419,fidelity_constrained_shuffled_geometry,11419,15001,6,0.4811349945468107,0.8330554425884661,0.0,0.9022925673163339,0.28389084814166854,5,1,0
Wall,jepa_wm_wall,20,2,1297,development_holdout,fidelity_constrained_shuffled_geometry__seed11419,fidelity_constrained_shuffled_geometry,11419,15001,1,0.5769228648680464,0.560178432154924,0.0,1.196335343872747,0.17114594994381432,0,1,1
Wall,jepa_wm_wall,20,2,1297,development_holdout,fidelity_constrained_shuffled_geometry__seed11419,fidelity_constrained_shuffled_geometry,11419,15001,3,0.4878714169545492,0.7052399308524725,0.0,0.7981501892801552,0.1337958121218138,0,6,1
Wall,jepa_wm_wall,20,2,1297,development_holdout,fidelity_constrained_shuffled_geometry__seed11419,fidelity_constrained_shuffled_geometry,11419,15001,6,0.7426403137293882,0.5303051846828145,0.0,0.9746524663172834,0.26242631066025024,7,2,0
Wall,jepa_wm_wall,21,2,1709,development_holdout,fidelity_constrained_shuffled_geometry__seed11419,fidelity_constrained_shuffled_geometry,11419,15001,1,0.1135563918087716,0.9793708336774251,0.0,0.4530363690626913,0.2088577837665365,4,1,0
Wall,jepa_wm_wall,21,2,1709,development_holdout,fidelity_constrained_shuffled_geometry__seed11419,fidelity_constrained_shuffled_geometry,11419,15001,3,0.5406366092159697,0.7719730725165869,0.0,0.8270953913185617,0.17132942079372268,7,1,0
Wall,jepa_wm_wall,21,2,1709,development_holdout,fidelity_constrained_shuffled_geometry__seed11419,fidelity_constrained_shuffled_geometry,11419,15001,6,0.48324186008832426,0.6997794362265665,0.0,0.9777177348041995,0.21314811121437946,1,3,0
Wall,jepa_wm_wall,22,2,913,development_holdout,fidelity_constrained_shuffled_geometry__seed11419,fidelity_constrained_shuffled_geometry,11419,15001,1,0.12694286968112253,0.9137892540670293,0.0,0.49150871780911,0.19093209547971646,5,1,0
Wall,jepa_wm_wall,22,2,913,development_holdout,fidelity_constrained_shuffled_geometry__seed11419,fidelity_constrained_shuffled_geometry,11419,15001,3,0.06691081779439773,0.9761328880295504,0.0,0.6151731242883168,0.14823441985742664,5,1,0
Wall,jepa_wm_wall,22,2,913,development_holdout,fidelity_constrained_shuffled_geometry__seed11419,fidelity_constrained_shuffled_geometry,11419,15001,6,0.5449193421845129,0.6438161543020904,0.0,1.0287330506311037,0.234311236331813,1,3,0
Wall,jepa_wm_wall,23,2,1297,development_holdout,fidelity_constrained_shuffled_geometry__seed11419,fidelity_constrained_shuffled_geometry,11419,15001,1,0.14217254114961023,0.9523213950291062,0.0,0.3271993140729817,0.2269775403303655,6,1,0
Wall,jepa_wm_wall,23,2,1297,development_holdout,fidelity_constrained_shuffled_geometry__seed11419,fidelity_constrained_shuffled_geometry,11419,15001,3,0.20090383817171387,0.9702233582802579,0.0,0.5232711714968074,0.14060271924240003,5,4,0
Wall,jepa_wm_wall,23,2,1297,development_holdout,fidelity_constrained_shuffled_geometry__seed11419,fidelity_constrained_shuffled_geometry,11419,15001,6,0.52226012105352,0.6927409290553334,0.0,0.9023427851247161,0.23957964010581229,5,4,0
Wall,jepa_wm_wall,48,6,913,development_holdout,fidelity_constrained_shuffled_geometry__seed11419,fidelity_constrained_shuffled_geometry,11419,15001,1,0.08016261345003133,0.9432769451322627,0.0,0.4523256645414063,0.09090727013329827,3,1,0
Wall,jepa_wm_wall,48,6,913,development_holdout,fidelity_constrained_shuffled_geometry__seed11419,fidelity_constrained_shuffled_geometry,11419,15001,3,0.3045755010194801,0.9225868366266353,0.0,0.6160090649210167,0.11423646180863219,5,1,0
Wall,jepa_wm_wall,48,6,913,development_holdout,fidelity_constrained_shuffled_geometry__seed11419,fidelity_constrained_shuffled_geometry,11419,15001,6,0.0,0.8973397480824546,1.0,0.6957076138265642,0.24835665879188032,1,1,0
Wall,jepa_wm_wall,49,6,1297,development_holdout,fidelity_constrained_shuffled_geometry__seed11419,fidelity_constrained_shuffled_geometry,11419,15001,1,0.12196031285278491,0.9514092816070905,0.0,0.5574626022667898,0.09832619597893041,6,1,0
Wall,jepa_wm_wall,49,6,1297,development_holdout,fidelity_constrained_shuffled_geometry__seed11419,fidelity_constrained_shuffled_geometry,11419,15001,3,0.27278036352730867,0.932915524519175,0.0,0.5801471003468439,0.12187252880118896,5,1,0
Wall,jepa_wm_wall,49,6,1297,development_holdout,fidelity_constrained_shuffled_geometry__seed11419,fidelity_constrained_shuffled_geometry,11419,15001,6,0.0,0.9381847709515553,1.0,0.622785061216208,0.2314530086742926,1,1,0
Wall,jepa_wm_wall,50,6,1709,development_holdout,fidelity_constrained_shuffled_geometry__seed11419,fidelity_constrained_shuffled_geometry,11419,15001,1,0.1250794604468024,0.9552207530177294,0.0,0.4490312350209892,0.13508591878355145,2,1,0
Wall,jepa_wm_wall,50,6,1709,development_holdout,fidelity_constrained_shuffled_geometry__seed11419,fidelity_constrained_shuffled_geometry,11419,15001,3,0.21108969174761585,0.9032686563727621,0.0,0.7374256290639933,0.11734552705256937,5,6,0
Wall,jepa_wm_wall,50,6,1709,development_holdout,fidelity_constrained_shuffled_geometry__seed11419,fidelity_constrained_shuffled_geometry,11419,15001,6,0.19405549575924055,0.823263108814424,0.0,0.7886537613732502,0.22807352441595624,1,4,0
Wall,jepa_wm_wall,51,6,913,development_holdout,fidelity_constrained_shuffled_geometry__seed11419,fidelity_constrained_shuffled_geometry,11419,15001,1,0.01522897403206608,0.9792726886989319,0.0,0.4291626409471788,0.07886802877517615,4,1,0
Wall,jepa_wm_wall,51,6,913,development_holdout,fidelity_constrained_shuffled_geometry__seed11419,fidelity_constrained_shuffled_geometry,11419,15001,3,0.0,0.966768143337086,1.0,0.49499117530092684,0.11234570192893807,1,1,0
Wall,jepa_wm_wall,51,6,913,development_holdout,fidelity_constrained_shuffled_geometry__seed11419,fidelity_constrained_shuffled_geometry,11419,15001,6,0.5176295782823793,0.9040680066717308,0.0,0.8025434382317028,0.2115000328875535,5,1,0
Wall,jepa_wm_wall,52,6,1297,development_holdout,fidelity_constrained_shuffled_geometry__seed11419,fidelity_constrained_shuffled_geometry,11419,15001,1,0.07100282563201721,0.9134698327829776,0.0,0.9431682342030386,0.17288651873503214,5,1,0
Wall,jepa_wm_wall,52,6,1297,development_holdout,fidelity_constrained_shuffled_geometry__seed11419,fidelity_constrained_shuffled_geometry,11419,15001,3,0.025811218253910286,0.9280323110808509,0.0,1.094448352586126,0.14537934323351073,5,3,0
Wall,jepa_wm_wall,52,6,1297,development_holdout,fidelity_constrained_shuffled_geometry__seed11419,fidelity_constrained_shuffled_geometry,11419,15001,6,0.5546787123699543,0.6596234512358808,0.0,0.9891537207203969,0.213777432187976,5,3,0
Wall,jepa_wm_wall,53,6,1709,development_holdout,fidelity_constrained_shuffled_geometry__seed11419,fidelity_constrained_shuffled_geometry,11419,15001,1,0.1290496172936334,0.9308359893772115,0.0,0.43246048610510646,0.12688749306413422,6,1,0
Wall,jepa_wm_wall,53,6,1709,development_holdout,fidelity_constrained_shuffled_geometry__seed11419,fidelity_constrained_shuffled_geometry,11419,15001,3,0.1251960814003341,0.9647469780897661,0.0,0.5660201494665769,0.12973342896755224,5,4,0
Wall,jepa_wm_wall,53,6,1709,development_holdout,fidelity_constrained_shuffled_geometry__seed11419,fidelity_constrained_shuffled_geometry,11419,15001,6,0.09643994244758064,0.9230023562678057,0.0,0.6624885064618605,0.2162587034712276,1,4,0
Wall,jepa_wm_wall,54,6,913,development_holdout,fidelity_constrained_shuffled_geometry__seed11419,fidelity_constrained_shuffled_geometry,11419,15001,1,0.05210487275347143,0.9031491502467411,0.0,0.5720271284636959,0.1471028877428961,5,1,0
Wall,jepa_wm_wall,54,6,913,development_holdout,fidelity_constrained_shuffled_geometry__seed11419,fidelity_constrained_shuffled_geometry,11419,15001,3,0.22028967914818534,0.7274860827140218,0.0,1.2144596622098232,0.13489610656007073,5,6,0
Wall,jepa_wm_wall,54,6,913,development_holdout,fidelity_constrained_shuffled_geometry__seed11419,fidelity_constrained_shuffled_geometry,11419,15001,6,0.2353094206177578,0.7714069643092933,0.0,0.9833755312691014,0.2597767656847666,1,2,0
Wall,jepa_wm_wall,55,6,1297,development_holdout,fidelity_constrained_shuffled_geometry__seed11419,fidelity_constrained_shuffled_geometry,11419,15001,1,0.12339387776632706,0.8926205099676136,0.0,0.5357014269330687,0.1481191234483235,5,1,0
Wall,jepa_wm_wall,55,6,1297,development_holdout,fidelity_constrained_shuffled_geometry__seed11419,fidelity_constrained_shuffled_geometry,11419,15001,3,0.1600320766712798,0.8188928062571664,0.0,0.9647137570693004,0.12586045717213573,5,6,0
Wall,jepa_wm_wall,55,6,1297,development_holdout,fidelity_constrained_shuffled_geometry__seed11419,fidelity_constrained_shuffled_geometry,11419,15001,6,0.510367303771342,0.7277309122500595,0.0,0.9047349291900413,0.24989421434373676,1,2,0
Wall,jepa_wm_wall,8,1,913,development_holdout,fidelity_constrained_matched_geometry__seed11419,fidelity_constrained_matched_geometry,11419,15001,1,0.12071148770637684,0.9141282455372479,0.0,0.5349645110951836,0.1263194495765095,5,2,0
Wall,jepa_wm_wall,8,1,913,development_holdout,fidelity_constrained_matched_geometry__seed11419,fidelity_constrained_matched_geometry,11419,15001,3,0.0,0.9994426076719903,1.0,0.3977339399390608,0.09174756461537893,4,4,0
Wall,jepa_wm_wall,8,1,913,development_holdout,fidelity_constrained_matched_geometry__seed11419,fidelity_constrained_matched_geometry,11419,15001,6,0.0,0.9960577688083526,1.0,0.3831290079179924,0.12172251652517688,4,4,0
Wall,jepa_wm_wall,9,1,1297,development_holdout,fidelity_constrained_matched_geometry__seed11419,fidelity_constrained_matched_geometry,11419,15001,1,0.0,0.9888762235556572,1.0,0.3762188654448013,0.19011443763558716,1,1,0
Wall,jepa_wm_wall,9,1,1297,development_holdout,fidelity_constrained_matched_geometry__seed11419,fidelity_constrained_matched_geometry,11419,15001,3,0.0,0.9905453331237133,1.0,0.5643348486113886,0.18440631442472097,1,1,0
Wall,jepa_wm_wall,9,1,1297,development_holdout,fidelity_constrained_matched_geometry__seed11419,fidelity_constrained_matched_geometry,11419,15001,6,0.09552012436264752,0.9824395599985771,0.0,0.5734196429278958,0.13875411495540213,4,2,0
Wall,jepa_wm_wall,10,1,1709,development_holdout,fidelity_constrained_matched_geometry__seed11419,fidelity_constrained_matched_geometry,11419,15001,1,0.0,0.8901237176503882,1.0,0.47967964554405296,0.12580198502486759,1,1,0
Wall,jepa_wm_wall,10,1,1709,development_holdout,fidelity_constrained_matched_geometry__seed11419,fidelity_constrained_matched_geometry,11419,15001,3,0.0,0.9969611157072459,1.0,0.22891184320674057,0.07856339386849535,1,1,0
Wall,jepa_wm_wall,10,1,1709,development_holdout,fidelity_constrained_matched_geometry__seed11419,fidelity_constrained_matched_geometry,11419,15001,6,0.0,0.9803685592924727,1.0,0.4562963213658349,0.16918808938220478,1,1,0
Wall,jepa_wm_wall,11,1,913,development_holdout,fidelity_constrained_matched_geometry__seed11419,fidelity_constrained_matched_geometry,11419,15001,1,0.12172401676917176,0.934415698157625,0.0,0.48157178958232744,0.14173020601424524,5,1,0
Wall,jepa_wm_wall,11,1,913,development_holdout,fidelity_constrained_matched_geometry__seed11419,fidelity_constrained_matched_geometry,11419,15001,3,0.0,0.9923278114127669,1.0,0.3352853556797358,0.08491116993427786,1,1,0
Wall,jepa_wm_wall,11,1,913,development_holdout,fidelity_constrained_matched_geometry__seed11419,fidelity_constrained_matched_geometry,11419,15001,6,0.0,0.9651219466395834,1.0,0.4316422472124253,0.15848902994312716,1,1,0
Wall,jepa_wm_wall,12,1,1297,development_holdout,fidelity_constrained_matched_geometry__seed11419,fidelity_constrained_matched_geometry,11419,15001,1,0.12456477430848922,0.9097808405228895,0.0,0.4537651253959307,0.21311479028461128,5,1,0
Wall,jepa_wm_wall,12,1,1297,development_holdout,fidelity_constrained_matched_geometry__seed11419,fidelity_constrained_matched_geometry,11419,15001,3,0.0775058207984546,0.9862776384386291,0.0,0.453936312186039,0.19061508354378964,5,1,0
Wall,jepa_wm_wall,12,1,1297,development_holdout,fidelity_constrained_matched_geometry__seed11419,fidelity_constrained_matched_geometry,11419,15001,6,0.35930745806411185,0.8745742730880605,0.0,0.5162877659809745,0.1319052316824201,7,3,0
Wall,jepa_wm_wall,13,1,1709,development_holdout,fidelity_constrained_matched_geometry__seed11419,fidelity_constrained_matched_geometry,11419,15001,1,0.0,0.9179007568630535,1.0,0.6868407462192049,0.1378856270475753,1,1,0
Wall,jepa_wm_wall,13,1,1709,development_holdout,fidelity_constrained_matched_geometry__seed11419,fidelity_constrained_matched_geometry,11419,15001,3,0.0,0.9885389950427032,1.0,0.3125618398909004,0.0976162173170573,4,4,0
Wall,jepa_wm_wall,13,1,1709,development_holdout,fidelity_constrained_matched_geometry__seed11419,fidelity_constrained_matched_geometry,11419,15001,6,0.0,0.9978767266177413,1.0,0.3931742410648533,0.11744177187903904,4,4,0
Wall,jepa_wm_wall,14,1,913,development_holdout,fidelity_constrained_matched_geometry__seed11419,fidelity_constrained_matched_geometry,11419,15001,1,0.0,0.9297077688162608,1.0,0.5393678164178366,0.14786451736515738,1,1,0
Wall,jepa_wm_wall,14,1,913,development_holdout,fidelity_constrained_matched_geometry__seed11419,fidelity_constrained_matched_geometry,11419,15001,3,0.03871608563546807,0.9859760867288949,0.0,0.4549895228832599,0.13907109712865134,5,4,0
Wall,jepa_wm_wall,14,1,913,development_holdout,fidelity_constrained_matched_geometry__seed11419,fidelity_constrained_matched_geometry,11419,15001,6,0.0,0.9371032338362347,1.0,0.49538290139539226,0.16066638086156665,4,4,0
Wall,jepa_wm_wall,15,1,1297,development_holdout,fidelity_constrained_matched_geometry__seed11419,fidelity_constrained_matched_geometry,11419,15001,1,0.0,0.9624693543239298,1.0,0.43977146262034345,0.17653866036535332,1,1,0
Wall,jepa_wm_wall,15,1,1297,development_holdout,fidelity_constrained_matched_geometry__seed11419,fidelity_constrained_matched_geometry,11419,15001,3,0.0,0.9824176360751066,1.0,0.6224189605441782,0.14503240191255623,5,5,0
Wall,jepa_wm_wall,15,1,1297,development_holdout,fidelity_constrained_matched_geometry__seed11419,fidelity_constrained_matched_geometry,11419,15001,6,0.02109195364658048,0.8793024268435591,0.0,0.7007737995764941,0.17139664505269941,4,2,0
Wall,jepa_wm_wall,16,2,913,development_holdout,fidelity_constrained_matched_geometry__seed11419,fidelity_constrained_matched_geometry,11419,15001,1,0.0,0.9630188478561502,1.0,0.55721022817695,0.16626834642985522,1,1,0
Wall,jepa_wm_wall,16,2,913,development_holdout,fidelity_constrained_matched_geometry__seed11419,fidelity_constrained_matched_geometry,11419,15001,3,0.0780943539164202,0.9368708359637032,0.0,0.710660760557676,0.13160622762568172,1,2,0
Wall,jepa_wm_wall,16,2,913,development_holdout,fidelity_constrained_matched_geometry__seed11419,fidelity_constrained_matched_geometry,11419,15001,6,0.47836158155027136,0.6644586417072513,0.0,1.0369648788536043,0.25137868120909385,1,2,0
Wall,jepa_wm_wall,17,2,1297,development_holdout,fidelity_constrained_matched_geometry__seed11419,fidelity_constrained_matched_geometry,11419,15001,1,0.0,0.9980721486458236,1.0,0.21843036848546787,0.16846525538655813,1,1,0
Wall,jepa_wm_wall,17,2,1297,development_holdout,fidelity_constrained_matched_geometry__seed11419,fidelity_constrained_matched_geometry,11419,15001,3,0.0,0.9317137173663276,1.0,0.5095377800542019,0.15462689312396596,1,1,0
Wall,jepa_wm_wall,17,2,1297,development_holdout,fidelity_constrained_matched_geometry__seed11419,fidelity_constrained_matched_geometry,11419,15001,6,0.5173793022236458,0.675236469257271,0.0,1.044506183497752,0.24628309959227282,1,3,0
Wall,jepa_wm_wall,18,2,1709,development_holdout,fidelity_constrained_matched_geometry__seed11419,fidelity_constrained_matched_geometry,11419,15001,1,0.4210909197113705,0.8455166857060733,0.0,0.7684962935712903,0.1841938467837128,7,1,0
Wall,jepa_wm_wall,18,2,1709,development_holdout,fidelity_constrained_matched_geometry__seed11419,fidelity_constrained_matched_geometry,11419,15001,3,0.4371025644644271,0.8678372875174738,0.0,0.5943926148926775,0.19644393910871674,7,1,0
Wall,jepa_wm_wall,18,2,1709,development_holdout,fidelity_constrained_matched_geometry__seed11419,fidelity_constrained_matched_geometry,11419,15001,6,0.079029886739769,0.9292625813227804,0.0,0.573915555458459,0.2179482355984172,4,6,0
Wall,jepa_wm_wall,19,2,913,development_holdout,fidelity_constrained_matched_geometry__seed11419,fidelity_constrained_matched_geometry,11419,15001,1,0.1265250410340812,0.9620298414700267,0.0,0.4433434594046284,0.13087133395718847,5,1,0
Wall,jepa_wm_wall,19,2,913,development_holdout,fidelity_constrained_matched_geometry__seed11419,fidelity_constrained_matched_geometry,11419,15001,3,0.30787988273780015,0.9413799875997915,0.0,0.6330941203918431,0.11068166112889855,5,1,0
Wall,jepa_wm_wall,19,2,913,development_holdout,fidelity_constrained_matched_geometry__seed11419,fidelity_constrained_matched_geometry,11419,15001,6,0.4811349945468107,0.8986699906414402,0.0,0.8649088126332892,0.25780572573006044,5,1,0
Wall,jepa_wm_wall,20,2,1297,development_holdout,fidelity_constrained_matched_geometry__seed11419,fidelity_constrained_matched_geometry,11419,15001,1,0.12873220149056347,0.9041955120480425,0.0,0.6450098201663842,0.16251245268457784,5,1,0
Wall,jepa_wm_wall,20,2,1297,development_holdout,fidelity_constrained_matched_geometry__seed11419,fidelity_constrained_matched_geometry,11419,15001,3,0.22499358945128464,0.8205663908371558,0.0,0.6411402149198488,0.1207325883861359,5,6,0
Wall,jepa_wm_wall,20,2,1297,development_holdout,fidelity_constrained_matched_geometry__seed11419,fidelity_constrained_matched_geometry,11419,15001,6,0.3477921036549551,0.7037407257900908,0.0,0.9298714283757291,0.2531766493868079,1,2,0
Wall,jepa_wm_wall,21,2,1709,development_holdout,fidelity_constrained_matched_geometry__seed11419,fidelity_constrained_matched_geometry,11419,15001,1,0.0,0.9699328888336991,1.0,0.4867549041489441,0.18332761378017545,1,1,0
Wall,jepa_wm_wall,21,2,1709,development_holdout,fidelity_constrained_matched_geometry__seed11419,fidelity_constrained_matched_geometry,11419,15001,3,0.0,0.8561622285402944,1.0,0.7454795840187214,0.18082186619517307,1,1,0
Wall,jepa_wm_wall,21,2,1709,development_holdout,fidelity_constrained_matched_geometry__seed11419,fidelity_constrained_matched_geometry,11419,15001,6,0.48324186008832426,0.6997794362265665,0.0,1.0521764294599505,0.22570867407306486,1,3,0
Wall,jepa_wm_wall,22,2,913,development_holdout,fidelity_constrained_matched_geometry__seed11419,fidelity_constrained_matched_geometry,11419,15001,1,0.0,0.9979461873756895,1.0,0.24727365057104594,0.16777619191283705,1,1,0
Wall,jepa_wm_wall,22,2,913,development_holdout,fidelity_constrained_matched_geometry__seed11419,fidelity_constrained_matched_geometry,11419,15001,3,0.0,0.9325351779221828,1.0,0.5039154772037008,0.15435386064135964,1,1,0
Wall,jepa_wm_wall,22,2,913,development_holdout,fidelity_constrained_matched_geometry__seed11419,fidelity_constrained_matched_geometry,11419,15001,6,0.5449193421845129,0.6690843237225883,0.0,1.065253863536709,0.24908670428658136,1,3,0
Wall,jepa_wm_wall,23,2,1297,development_holdout,fidelity_constrained_matched_geometry__seed11419,fidelity_constrained_matched_geometry,11419,15001,1,0.1421721940639325,0.7804059258726251,0.0,0.7743040259052938,0.17246176210522746,5,1,0
Wall,jepa_wm_wall,23,2,1297,development_holdout,fidelity_constrained_matched_geometry__seed11419,fidelity_constrained_matched_geometry,11419,15001,3,0.08949224892228795,0.9829293233897076,0.0,0.33650735381230096,0.12361947366485918,1,4,0
Wall,jepa_wm_wall,23,2,1297,development_holdout,fidelity_constrained_matched_geometry__seed11419,fidelity_constrained_matched_geometry,11419,15001,6,0.3589817567214553,0.7323063424368912,0.0,0.8562373897968926,0.22745890463257484,1,4,0
Wall,jepa_wm_wall,48,6,913,development_holdout,fidelity_constrained_matched_geometry__seed11419,fidelity_constrained_matched_geometry,11419,15001,1,0.08016261345003133,0.8571662828157619,0.0,0.5786459766275212,0.11569775144843764,3,1,0
Wall,jepa_wm_wall,48,6,913,development_holdout,fidelity_constrained_matched_geometry__seed11419,fidelity_constrained_matched_geometry,11419,15001,3,0.0,0.9687050368441879,1.0,0.4512967962049596,0.12576190005098414,1,1,0
Wall,jepa_wm_wall,48,6,913,development_holdout,fidelity_constrained_matched_geometry__seed11419,fidelity_constrained_matched_geometry,11419,15001,6,0.0,0.8929786673305053,1.0,0.6658659318448672,0.23766591569578202,1,1,0
Wall,jepa_wm_wall,49,6,1297,development_holdout,fidelity_constrained_matched_geometry__seed11419,fidelity_constrained_matched_geometry,11419,15001,1,0.12196031285278491,0.8796331659740952,0.0,0.6052888989664966,0.1204040442498741,5,1,0
Wall,jepa_wm_wall,49,6,1297,development_holdout,fidelity_constrained_matched_geometry__seed11419,fidelity_constrained_matched_geometry,11419,15001,3,0.0,0.9766019306036775,1.0,0.3982007669790667,0.12406588465538874,1,1,0
Wall,jepa_wm_wall,49,6,1297,development_holdout,fidelity_constrained_matched_geometry__seed11419,fidelity_constrained_matched_geometry,11419,15001,6,0.0,0.9131924167985118,1.0,0.633327883850418,0.22537897024494083,1,1,0
Wall,jepa_wm_wall,50,6,1709,development_holdout,fidelity_constrained_matched_geometry__seed11419,fidelity_constrained_matched_geometry,11419,15001,1,0.0,0.9799787680495413,1.0,0.4561329785637925,0.1425559467031698,1,1,0
Wall,jepa_wm_wall,50,6,1709,development_holdout,fidelity_constrained_matched_geometry__seed11419,fidelity_constrained_matched_geometry,11419,15001,3,0.29607003342937677,0.8653173791398868,0.0,0.9434113102036211,0.13881376870218934,1,6,0
Wall,jepa_wm_wall,50,6,1709,development_holdout,fidelity_constrained_matched_geometry__seed11419,fidelity_constrained_matched_geometry,11419,15001,6,0.19405549575924055,0.8166787432514381,0.0,0.7979872623117664,0.2377338332405367,1,4,0
Wall,jepa_wm_wall,51,6,913,development_holdout,fidelity_constrained_matched_geometry__seed11419,fidelity_constrained_matched_geometry,11419,15001,1,0.007931881484607411,0.8815501551766335,0.0,0.7006329719649811,0.10730737220333922,3,1,0
Wall,jepa_wm_wall,51,6,913,development_holdout,fidelity_constrained_matched_geometry__seed11419,fidelity_constrained_matched_geometry,11419,15001,3,0.18236891449751788,0.9701679664991406,0.0,0.38849754378183443,0.1102129108772563,4,1,0
Wall,jepa_wm_wall,51,6,913,development_holdout,fidelity_constrained_matched_geometry__seed11419,fidelity_constrained_matched_geometry,11419,15001,6,0.10901940817974191,0.9186231823670861,0.0,0.709868904331779,0.20500615081593856,4,1,0
Wall,jepa_wm_wall,52,6,1297,development_holdout,fidelity_constrained_matched_geometry__seed11419,fidelity_constrained_matched_geometry,11419,15001,1,0.07100282563201721,0.9329239982552318,0.0,0.9241386382935628,0.21598223287446494,5,1,0
Wall,jepa_wm_wall,52,6,1297,development_holdout,fidelity_constrained_matched_geometry__seed11419,fidelity_constrained_matched_geometry,11419,15001,3,0.025811218253910286,0.8788889001535984,0.0,1.0627853557170683,0.15627272901678788,5,3,0
Wall,jepa_wm_wall,52,6,1297,development_holdout,fidelity_constrained_matched_geometry__seed11419,fidelity_constrained_matched_geometry,11419,15001,6,0.06992941723812081,0.6699487747186952,0.0,1.023548173454019,0.2216926038427655,4,3,0
Wall,jepa_wm_wall,53,6,1709,development_holdout,fidelity_constrained_matched_geometry__seed11419,fidelity_constrained_matched_geometry,11419,15001,1,0.12905025338831735,0.6372094466621325,0.0,0.8469643536865804,0.14062863052411861,5,1,0
Wall,jepa_wm_wall,53,6,1709,development_holdout,fidelity_constrained_matched_geometry__seed11419,fidelity_constrained_matched_geometry,11419,15001,3,0.09916642903112673,0.9864724713509052,0.0,0.40738399851238105,0.12124705338863688,1,4,0
Wall,jepa_wm_wall,53,6,1709,development_holdout,fidelity_constrained_matched_geometry__seed11419,fidelity_constrained_matched_geometry,11419,15001,6,0.09643994244758064,0.8989571104969118,0.0,0.6773136137679979,0.22291658762794458,1,4,0
Wall,jepa_wm_wall,54,6,913,development_holdout,fidelity_constrained_matched_geometry__seed11419,fidelity_constrained_matched_geometry,11419,15001,1,0.05210487275347143,0.9378444868511788,0.0,0.6659253096366784,0.16131245708124436,5,1,0
Wall,jepa_wm_wall,54,6,913,development_holdout,fidelity_constrained_matched_geometry__seed11419,fidelity_constrained_matched_geometry,11419,15001,3,0.29411612172776747,0.768166324998991,0.0,1.3604615500025998,0.14222045610412612,1,6,0
Wall,jepa_wm_wall,54,6,913,development_holdout,fidelity_constrained_matched_geometry__seed11419,fidelity_constrained_matched_geometry,11419,15001,6,0.2353094206177578,0.7995848926755041,0.0,0.9322742653124736,0.25245946826185717,1,2,0
Wall,jepa_wm_wall,55,6,1297,development_holdout,fidelity_constrained_matched_geometry__seed11419,fidelity_constrained_matched_geometry,11419,15001,1,0.12339387776632706,0.9445979743606318,0.0,0.5100586254313224,0.1645573862049059,5,1,0
Wall,jepa_wm_wall,55,6,1297,development_holdout,fidelity_constrained_matched_geometry__seed11419,fidelity_constrained_matched_geometry,11419,15001,3,0.19830582185068493,0.8810838098023908,0.0,0.738290787919376,0.10862502908068387,1,6,0
Wall,jepa_wm_wall,55,6,1297,development_holdout,fidelity_constrained_matched_geometry__seed11419,fidelity_constrained_matched_geometry,11419,15001,6,0.510367303771342,0.7843246971761091,0.0,0.9307770022875957,0.24086004471641226,1,2,0
Wall,jepa_wm_wall,8,1,913,development_holdout,fidelity_constrained_latent_only__seed11437,fidelity_constrained_latent_only,11437,15001,1,0.016152705182870427,0.9240758676013311,0.0,0.6896867229982503,0.2056728849560987,4,2,0
Wall,jepa_wm_wall,8,1,913,development_holdout,fidelity_constrained_latent_only__seed11437,fidelity_constrained_latent_only,11437,15001,3,0.08482373582968013,0.9327075583252863,0.0,0.5295205993474367,0.20316142445613164,5,4,0
Wall,jepa_wm_wall,8,1,913,development_holdout,fidelity_constrained_latent_only__seed11437,fidelity_constrained_latent_only,11437,15001,6,0.0,0.9590729216917062,1.0,0.6693699268010357,0.2537563946881297,4,4,0
Wall,jepa_wm_wall,9,1,1297,development_holdout,fidelity_constrained_latent_only__seed11437,fidelity_constrained_latent_only,11437,15001,1,0.0,0.8519362229720168,1.0,0.7035495682921751,0.29270379164614835,1,1,0
Wall,jepa_wm_wall,9,1,1297,development_holdout,fidelity_constrained_latent_only__seed11437,fidelity_constrained_latent_only,11437,15001,3,0.0,0.5090800146359423,1.0,1.4893811562927306,0.3414504740307709,1,1,0
Wall,jepa_wm_wall,9,1,1297,development_holdout,fidelity_constrained_latent_only__seed11437,fidelity_constrained_latent_only,11437,15001,6,0.09552012436264752,0.9237025809254811,0.0,0.706035098135918,0.21759767244153197,4,2,0
Wall,jepa_wm_wall,10,1,1709,development_holdout,fidelity_constrained_latent_only__seed11437,fidelity_constrained_latent_only,11437,15001,1,0.0,0.9168699764420148,1.0,0.7052598926180639,0.226294385912634,1,1,0
Wall,jepa_wm_wall,10,1,1709,development_holdout,fidelity_constrained_latent_only__seed11437,fidelity_constrained_latent_only,11437,15001,3,0.20731631818021912,0.8516553601490109,0.0,0.73427774753009,0.22446080784936456,5,1,0
Wall,jepa_wm_wall,10,1,1709,development_holdout,fidelity_constrained_latent_only__seed11437,fidelity_constrained_latent_only,11437,15001,6,0.0,0.9236929115316475,1.0,0.6877659875157006,0.2929097311843523,1,1,0
Wall,jepa_wm_wall,11,1,913,development_holdout,fidelity_constrained_latent_only__seed11437,fidelity_constrained_latent_only,11437,15001,1,0.12172401676917176,0.9480212337100279,0.0,0.6051864554620009,0.25436511257350103,5,1,0
Wall,jepa_wm_wall,11,1,913,development_holdout,fidelity_constrained_latent_only__seed11437,fidelity_constrained_latent_only,11437,15001,3,0.16557815588742084,0.8392927215545404,0.0,0.8772685068040539,0.23711151055984395,5,1,0
Wall,jepa_wm_wall,11,1,913,development_holdout,fidelity_constrained_latent_only__seed11437,fidelity_constrained_latent_only,11437,15001,6,0.0,0.8391351693326243,1.0,0.6851069101589425,0.2638196500361093,1,1,0
Wall,jepa_wm_wall,12,1,1297,development_holdout,fidelity_constrained_latent_only__seed11437,fidelity_constrained_latent_only,11437,15001,1,0.3533429118003197,0.9067382424682837,0.0,0.5890704897834712,0.27786947991086725,7,1,0
Wall,jepa_wm_wall,12,1,1297,development_holdout,fidelity_constrained_latent_only__seed11437,fidelity_constrained_latent_only,11437,15001,3,0.0,0.5115872412088136,1.0,1.2529920578302336,0.3282374267432762,1,1,0
Wall,jepa_wm_wall,12,1,1297,development_holdout,fidelity_constrained_latent_only__seed11437,fidelity_constrained_latent_only,11437,15001,6,0.31883657143532496,0.8857716207208025,0.0,0.8456459237741483,0.2526265115030345,1,3,0
Wall,jepa_wm_wall,13,1,1709,development_holdout,fidelity_constrained_latent_only__seed11437,fidelity_constrained_latent_only,11437,15001,1,0.0,0.9764638140996021,1.0,0.39760372915729303,0.2481689105029699,1,1,0
Wall,jepa_wm_wall,13,1,1709,development_holdout,fidelity_constrained_latent_only__seed11437,fidelity_constrained_latent_only,11437,15001,3,0.14527104206009775,0.9227516271444663,0.0,0.48873739497729635,0.23660340898141247,5,4,0
Wall,jepa_wm_wall,13,1,1709,development_holdout,fidelity_constrained_latent_only__seed11437,fidelity_constrained_latent_only,11437,15001,6,0.0,0.9194834834153583,1.0,0.7267170200973786,0.2570425755372207,4,4,0
Wall,jepa_wm_wall,14,1,913,development_holdout,fidelity_constrained_latent_only__seed11437,fidelity_constrained_latent_only,11437,15001,1,0.1235923244710162,0.9766739272044463,0.0,0.43019809140182536,0.27616398792622177,6,1,0
Wall,jepa_wm_wall,14,1,913,development_holdout,fidelity_constrained_latent_only__seed11437,fidelity_constrained_latent_only,11437,15001,3,0.02103669177229461,0.7656172111408523,0.0,1.016029102482983,0.28405773080385865,1,4,0
Wall,jepa_wm_wall,14,1,913,development_holdout,fidelity_constrained_latent_only__seed11437,fidelity_constrained_latent_only,11437,15001,6,0.0,0.8967244510229174,1.0,0.7277976286693454,0.24624945071343102,4,4,0
Wall,jepa_wm_wall,15,1,1297,development_holdout,fidelity_constrained_latent_only__seed11437,fidelity_constrained_latent_only,11437,15001,1,0.2595291799727815,0.7446940251060747,0.0,0.7934129168572812,0.29217289812298985,4,1,0
Wall,jepa_wm_wall,15,1,1297,development_holdout,fidelity_constrained_latent_only__seed11437,fidelity_constrained_latent_only,11437,15001,3,0.019446629235054986,0.6466304083876121,0.0,1.2812572772282185,0.279558501155885,1,5,0
Wall,jepa_wm_wall,15,1,1297,development_holdout,fidelity_constrained_latent_only__seed11437,fidelity_constrained_latent_only,11437,15001,6,0.02109195364658048,0.7685615228994902,0.0,0.9404399764169318,0.24148522979079634,4,2,0
Wall,jepa_wm_wall,16,2,913,development_holdout,fidelity_constrained_latent_only__seed11437,fidelity_constrained_latent_only,11437,15001,1,0.1247557700262618,0.9726958148784272,0.0,0.5917798302870783,0.2831769806259467,5,1,0
Wall,jepa_wm_wall,16,2,913,development_holdout,fidelity_constrained_latent_only__seed11437,fidelity_constrained_latent_only,11437,15001,3,0.1362528665233449,0.9018505202889916,0.0,0.6517004144762791,0.236691289183095,5,2,0
Wall,jepa_wm_wall,16,2,913,development_holdout,fidelity_constrained_latent_only__seed11437,fidelity_constrained_latent_only,11437,15001,6,0.5310357923198618,0.6459311254143186,0.0,0.9925791919650939,0.29150619473468403,5,2,0
Wall,jepa_wm_wall,17,2,1297,development_holdout,fidelity_constrained_latent_only__seed11437,fidelity_constrained_latent_only,11437,15001,1,0.0,0.9839742209743951,1.0,0.5528332601928087,0.26326816447078427,1,1,0
Wall,jepa_wm_wall,17,2,1297,development_holdout,fidelity_constrained_latent_only__seed11437,fidelity_constrained_latent_only,11437,15001,3,0.0,0.9744263214664836,1.0,0.39111714749855603,0.24979561976509643,1,1,0
Wall,jepa_wm_wall,17,2,1297,development_holdout,fidelity_constrained_latent_only__seed11437,fidelity_constrained_latent_only,11437,15001,6,0.5122518561014756,0.8658412059905026,0.0,0.7438955127004838,0.21254745230824362,5,3,0
Wall,jepa_wm_wall,18,2,1709,development_holdout,fidelity_constrained_latent_only__seed11437,fidelity_constrained_latent_only,11437,15001,1,0.42109121773452335,0.2704069606496488,0.0,1.1309864607867655,0.3171226874723168,8,1,0
Wall,jepa_wm_wall,18,2,1709,development_holdout,fidelity_constrained_latent_only__seed11437,fidelity_constrained_latent_only,11437,15001,3,0.0,0.9543440465274611,1.0,0.6047352356528167,0.2720915719006983,1,1,0
Wall,jepa_wm_wall,18,2,1709,development_holdout,fidelity_constrained_latent_only__seed11437,fidelity_constrained_latent_only,11437,15001,6,0.06074535502837518,0.9057052480163981,0.0,0.593380787972621,0.2509767036141817,1,6,0
Wall,jepa_wm_wall,19,2,913,development_holdout,fidelity_constrained_latent_only__seed11437,fidelity_constrained_latent_only,11437,15001,1,0.007615091005135686,0.9708682818256585,0.0,0.3816631663761629,0.31102816825687624,4,1,0
Wall,jepa_wm_wall,19,2,913,development_holdout,fidelity_constrained_latent_only__seed11437,fidelity_constrained_latent_only,11437,15001,3,0.30787988273780015,0.8634008593585947,0.0,0.6533819166654168,0.24814669862140315,5,1,0
Wall,jepa_wm_wall,19,2,913,development_holdout,fidelity_constrained_latent_only__seed11437,fidelity_constrained_latent_only,11437,15001,6,0.4811349945468107,0.8158165886633307,0.0,0.8990770268208853,0.29351373407564696,5,1,0
Wall,jepa_wm_wall,20,2,1297,development_holdout,fidelity_constrained_latent_only__seed11437,fidelity_constrained_latent_only,11437,15001,1,0.0,0.9026910773692506,1.0,0.5587164056327061,0.3011405168598212,1,1,0
Wall,jepa_wm_wall,20,2,1297,development_holdout,fidelity_constrained_latent_only__seed11437,fidelity_constrained_latent_only,11437,15001,3,0.22499358945128464,0.8101948928895415,0.0,0.8696982913765636,0.24103522341729516,5,6,0
Wall,jepa_wm_wall,20,2,1297,development_holdout,fidelity_constrained_latent_only__seed11437,fidelity_constrained_latent_only,11437,15001,6,0.5175256334018074,0.5995522624209265,0.0,1.0002675689294067,0.2933025377048453,5,2,0
Wall,jepa_wm_wall,21,2,1709,development_holdout,fidelity_constrained_latent_only__seed11437,fidelity_constrained_latent_only,11437,15001,1,0.0,0.9258990787746905,1.0,1.012730877640266,0.2764508695072027,1,1,0
Wall,jepa_wm_wall,21,2,1709,development_holdout,fidelity_constrained_latent_only__seed11437,fidelity_constrained_latent_only,11437,15001,3,0.0,0.9752213719583662,1.0,0.5445908962867796,0.2579196843612937,1,1,0
Wall,jepa_wm_wall,21,2,1709,development_holdout,fidelity_constrained_latent_only__seed11437,fidelity_constrained_latent_only,11437,15001,6,0.48324186008832426,0.8818289203664949,0.0,0.6811294305524057,0.1894596765155374,1,3,0
Wall,jepa_wm_wall,22,2,913,development_holdout,fidelity_constrained_latent_only__seed11437,fidelity_constrained_latent_only,11437,15001,1,0.0,0.9774134298809143,1.0,0.6379253865667233,0.2632025924077551,1,1,0
Wall,jepa_wm_wall,22,2,913,development_holdout,fidelity_constrained_latent_only__seed11437,fidelity_constrained_latent_only,11437,15001,3,0.0,0.9748048963354793,1.0,0.3696463784598474,0.24888372923789076,1,1,0
Wall,jepa_wm_wall,22,2,913,development_holdout,fidelity_constrained_latent_only__seed11437,fidelity_constrained_latent_only,11437,15001,6,0.5121504452624783,0.8629871230793581,0.0,0.7366082195688234,0.21271408158287955,5,3,0
Wall,jepa_wm_wall,23,2,1297,development_holdout,fidelity_constrained_latent_only__seed11437,fidelity_constrained_latent_only,11437,15001,1,0.0,0.8460650741001735,1.0,0.8910378086447373,0.3389711649691177,1,1,0
Wall,jepa_wm_wall,23,2,1297,development_holdout,fidelity_constrained_latent_only__seed11437,fidelity_constrained_latent_only,11437,15001,3,0.08949224892228795,0.8944700334020245,0.0,0.6205185397178592,0.2740656516840635,1,4,0
Wall,jepa_wm_wall,23,2,1297,development_holdout,fidelity_constrained_latent_only__seed11437,fidelity_constrained_latent_only,11437,15001,6,0.3589817567214553,0.8265850279032857,0.0,0.8469722816077319,0.24571323277558857,1,4,0
Wall,jepa_wm_wall,48,6,913,development_holdout,fidelity_constrained_latent_only__seed11437,fidelity_constrained_latent_only,11437,15001,1,0.1221204240752783,0.7869595543821665,0.0,0.7663274968297408,0.19900554457503528,5,1,0
Wall,jepa_wm_wall,48,6,913,development_holdout,fidelity_constrained_latent_only__seed11437,fidelity_constrained_latent_only,11437,15001,3,0.3045755010194801,0.9049276955727712,0.0,0.6866599477230233,0.1489310035838837,5,1,0
Wall,jepa_wm_wall,48,6,913,development_holdout,fidelity_constrained_latent_only__seed11437,fidelity_constrained_latent_only,11437,15001,6,0.13991464109340168,0.8819894190460322,0.0,0.6974343656353881,0.24071474809516907,4,1,0
Wall,jepa_wm_wall,49,6,1297,development_holdout,fidelity_constrained_latent_only__seed11437,fidelity_constrained_latent_only,11437,15001,1,0.12196031285278491,0.9343712195795271,0.0,0.6818940898647659,0.20343879919430768,5,1,0
Wall,jepa_wm_wall,49,6,1297,development_holdout,fidelity_constrained_latent_only__seed11437,fidelity_constrained_latent_only,11437,15001,3,0.27278036352730867,0.8860384185427774,0.0,0.6323790492804997,0.1378517754155597,5,1,0
Wall,jepa_wm_wall,49,6,1297,development_holdout,fidelity_constrained_latent_only__seed11437,fidelity_constrained_latent_only,11437,15001,6,0.08134523661871648,0.8627625803803624,0.0,0.6954778153758021,0.24453379845914322,4,1,0
Wall,jepa_wm_wall,50,6,1709,development_holdout,fidelity_constrained_latent_only__seed11437,fidelity_constrained_latent_only,11437,15001,1,0.0,0.9065771180669234,1.0,0.609070654430861,0.15193376842034947,1,1,0
Wall,jepa_wm_wall,50,6,1709,development_holdout,fidelity_constrained_latent_only__seed11437,fidelity_constrained_latent_only,11437,15001,3,0.21108969174761585,0.8297285905692208,0.0,0.7523225504371049,0.1492668168738947,5,6,0
Wall,jepa_wm_wall,50,6,1709,development_holdout,fidelity_constrained_latent_only__seed11437,fidelity_constrained_latent_only,11437,15001,6,0.5065871325361062,0.6941718484046852,0.0,0.8536239392771917,0.23989655501392707,5,4,0
Wall,jepa_wm_wall,51,6,913,development_holdout,fidelity_constrained_latent_only__seed11437,fidelity_constrained_latent_only,11437,15001,1,0.007931881484607411,0.9070555555768527,0.0,0.7020650806716737,0.19533156534255455,3,1,0
Wall,jepa_wm_wall,51,6,913,development_holdout,fidelity_constrained_latent_only__seed11437,fidelity_constrained_latent_only,11437,15001,3,0.0,0.9873943453473498,1.0,0.4283396002025312,0.14137334087422657,1,1,0
Wall,jepa_wm_wall,51,6,913,development_holdout,fidelity_constrained_latent_only__seed11437,fidelity_constrained_latent_only,11437,15001,6,0.10901940817974191,0.9536477678692165,0.0,0.6541267807459271,0.21383133500221896,4,1,0
Wall,jepa_wm_wall,52,6,1297,development_holdout,fidelity_constrained_latent_only__seed11437,fidelity_constrained_latent_only,11437,15001,1,0.07100282563201721,0.9624377255740273,0.0,0.4887543570049194,0.21226524088706,5,1,0
Wall,jepa_wm_wall,52,6,1297,development_holdout,fidelity_constrained_latent_only__seed11437,fidelity_constrained_latent_only,11437,15001,3,0.025811218253910286,0.8242558238331871,0.0,0.9159874697592345,0.19277045524845188,5,3,0
Wall,jepa_wm_wall,52,6,1297,development_holdout,fidelity_constrained_latent_only__seed11437,fidelity_constrained_latent_only,11437,15001,6,0.639315568165977,0.5885210389610313,0.0,1.0163749781139342,0.21900516786226948,1,3,0
Wall,jepa_wm_wall,53,6,1709,development_holdout,fidelity_constrained_latent_only__seed11437,fidelity_constrained_latent_only,11437,15001,1,0.12905025338831735,0.9733966357151297,0.0,0.42633579452979975,0.2511750190680148,5,1,0
Wall,jepa_wm_wall,53,6,1709,development_holdout,fidelity_constrained_latent_only__seed11437,fidelity_constrained_latent_only,11437,15001,3,0.1251960814003341,0.8933457861605356,0.0,0.6201363009030194,0.17786432540875033,5,4,0
Wall,jepa_wm_wall,53,6,1709,development_holdout,fidelity_constrained_latent_only__seed11437,fidelity_constrained_latent_only,11437,15001,6,0.4901310670697422,0.8513167944858404,0.0,0.7307701805271967,0.24045362492219463,5,4,0
Wall,jepa_wm_wall,54,6,913,development_holdout,fidelity_constrained_latent_only__seed11437,fidelity_constrained_latent_only,11437,15001,1,0.05210487275347143,0.9092459303198188,0.0,0.6537883788017146,0.17791174607258137,5,1,0
Wall,jepa_wm_wall,54,6,913,development_holdout,fidelity_constrained_latent_only__seed11437,fidelity_constrained_latent_only,11437,15001,3,0.22028967914818534,0.6749465915618984,0.0,1.198885270824213,0.1736033379679877,5,6,0
Wall,jepa_wm_wall,54,6,913,development_holdout,fidelity_constrained_latent_only__seed11437,fidelity_constrained_latent_only,11437,15001,6,0.2353094206177578,0.6104287909781603,0.0,1.050114829509698,0.26624322459841965,1,2,0
Wall,jepa_wm_wall,55,6,1297,development_holdout,fidelity_constrained_latent_only__seed11437,fidelity_constrained_latent_only,11437,15001,1,0.12339387776632706,0.9392931181297217,0.0,0.5110185384762543,0.17171227262149158,5,1,0
Wall,jepa_wm_wall,55,6,1297,development_holdout,fidelity_constrained_latent_only__seed11437,fidelity_constrained_latent_only,11437,15001,3,0.19830582185068493,0.8465752759956273,0.0,0.7929305688601342,0.1627149066731559,1,6,0
Wall,jepa_wm_wall,55,6,1297,development_holdout,fidelity_constrained_latent_only__seed11437,fidelity_constrained_latent_only,11437,15001,6,0.0,0.8256866354834068,1.0,0.7865210353382378,0.23802724526154403,2,2,0
Wall,jepa_wm_wall,8,1,913,development_holdout,fidelity_constrained_shuffled_geometry__seed11437,fidelity_constrained_shuffled_geometry,11437,15001,1,0.12071148770637684,0.8891514326906,0.0,0.6872128102893283,0.107266334362114,5,2,0
Wall,jepa_wm_wall,8,1,913,development_holdout,fidelity_constrained_shuffled_geometry__seed11437,fidelity_constrained_shuffled_geometry,11437,15001,3,0.08482373582968013,0.8834036552088399,0.0,0.5329071484334199,0.0866485936874877,5,4,0
Wall,jepa_wm_wall,8,1,913,development_holdout,fidelity_constrained_shuffled_geometry__seed11437,fidelity_constrained_shuffled_geometry,11437,15001,6,0.0,0.957537271017675,1.0,0.5079606085169596,0.1363030215484351,4,4,0
Wall,jepa_wm_wall,9,1,1297,development_holdout,fidelity_constrained_shuffled_geometry__seed11437,fidelity_constrained_shuffled_geometry,11437,15001,1,0.12507081777279483,0.9030747432753615,0.0,0.6086633811510754,0.1808098960629965,5,1,0
Wall,jepa_wm_wall,9,1,1297,development_holdout,fidelity_constrained_shuffled_geometry__seed11437,fidelity_constrained_shuffled_geometry,11437,15001,3,0.0,0.6263735954222127,1.0,1.1819592006232007,0.1714514443863123,1,1,0
Wall,jepa_wm_wall,9,1,1297,development_holdout,fidelity_constrained_shuffled_geometry__seed11437,fidelity_constrained_shuffled_geometry,11437,15001,6,0.5301166754314394,0.8099616093815813,0.0,0.6851094043492222,0.15919777785853156,7,2,0
Wall,jepa_wm_wall,10,1,1709,development_holdout,fidelity_constrained_shuffled_geometry__seed11437,fidelity_constrained_shuffled_geometry,11437,15001,1,0.0,0.9358399747087663,1.0,0.441182170956475,0.12020081559210014,1,1,0
Wall,jepa_wm_wall,10,1,1709,development_holdout,fidelity_constrained_shuffled_geometry__seed11437,fidelity_constrained_shuffled_geometry,11437,15001,3,0.20731631818021912,0.8850463873666732,0.0,0.6368028008086843,0.10482946283505831,5,1,0
Wall,jepa_wm_wall,10,1,1709,development_holdout,fidelity_constrained_shuffled_geometry__seed11437,fidelity_constrained_shuffled_geometry,11437,15001,6,0.0,0.9543317426997612,1.0,0.5662424875314673,0.18593882837274883,1,1,0
Wall,jepa_wm_wall,11,1,913,development_holdout,fidelity_constrained_shuffled_geometry__seed11437,fidelity_constrained_shuffled_geometry,11437,15001,1,0.03012359321854074,0.987731474863774,0.0,0.2840462700986068,0.15726162925788917,2,1,0
Wall,jepa_wm_wall,11,1,913,development_holdout,fidelity_constrained_shuffled_geometry__seed11437,fidelity_constrained_shuffled_geometry,11437,15001,3,0.16557815588742084,0.813453116430217,0.0,0.7146074194337426,0.11051255699849834,5,1,0
Wall,jepa_wm_wall,11,1,913,development_holdout,fidelity_constrained_shuffled_geometry__seed11437,fidelity_constrained_shuffled_geometry,11437,15001,6,0.0,0.9374299323574752,1.0,0.5404386567659186,0.17461053480687,1,1,0
Wall,jepa_wm_wall,12,1,1297,development_holdout,fidelity_constrained_shuffled_geometry__seed11437,fidelity_constrained_shuffled_geometry,11437,15001,1,0.0,0.802811445787717,1.0,0.6335649133135361,0.20532779255360553,1,1,0
Wall,jepa_wm_wall,12,1,1297,development_holdout,fidelity_constrained_shuffled_geometry__seed11437,fidelity_constrained_shuffled_geometry,11437,15001,3,0.0775058207984546,0.678328252282114,0.0,1.0679688033914285,0.1939745067320691,5,1,0
Wall,jepa_wm_wall,12,1,1297,development_holdout,fidelity_constrained_shuffled_geometry__seed11437,fidelity_constrained_shuffled_geometry,11437,15001,6,0.35930745806411185,0.8403117831778983,0.0,0.7845776891195062,0.1486485256609528,7,3,0
Wall,jepa_wm_wall,13,1,1709,development_holdout,fidelity_constrained_shuffled_geometry__seed11437,fidelity_constrained_shuffled_geometry,11437,15001,1,0.12114197737824782,0.9233051406246502,0.0,0.44212256457658966,0.126834012909296,5,1,0
Wall,jepa_wm_wall,13,1,1709,development_holdout,fidelity_constrained_shuffled_geometry__seed11437,fidelity_constrained_shuffled_geometry,11437,15001,3,0.2829161925693999,0.9071551170418317,0.0,0.5348099630059812,0.11183546410397907,2,4,0
Wall,jepa_wm_wall,13,1,1709,development_holdout,fidelity_constrained_shuffled_geometry__seed11437,fidelity_constrained_shuffled_geometry,11437,15001,6,0.0,0.9509402202224154,1.0,0.4520639069491572,0.10199929030906776,4,4,0
Wall,jepa_wm_wall,14,1,913,development_holdout,fidelity_constrained_shuffled_geometry__seed11437,fidelity_constrained_shuffled_geometry,11437,15001,1,0.0,0.9194032323491945,1.0,0.8319917735789545,0.14899913613196808,1,1,0
Wall,jepa_wm_wall,14,1,913,development_holdout,fidelity_constrained_shuffled_geometry__seed11437,fidelity_constrained_shuffled_geometry,11437,15001,3,0.02103669177229461,0.610814334699462,0.0,1.112262052933246,0.15923430913293746,1,4,0
Wall,jepa_wm_wall,14,1,913,development_holdout,fidelity_constrained_shuffled_geometry__seed11437,fidelity_constrained_shuffled_geometry,11437,15001,6,0.0,0.8892710460408051,1.0,0.5998004986228479,0.17728917966703248,4,4,0
Wall,jepa_wm_wall,15,1,1297,development_holdout,fidelity_constrained_shuffled_geometry__seed11437,fidelity_constrained_shuffled_geometry,11437,15001,1,0.0,0.8841754145233329,1.0,0.7697785327989823,0.12908895045409588,1,1,0
Wall,jepa_wm_wall,15,1,1297,development_holdout,fidelity_constrained_shuffled_geometry__seed11437,fidelity_constrained_shuffled_geometry,11437,15001,3,0.09083780960232728,0.8453651717878113,0.0,1.2426674420886012,0.14227726661659718,7,5,0
Wall,jepa_wm_wall,15,1,1297,development_holdout,fidelity_constrained_shuffled_geometry__seed11437,fidelity_constrained_shuffled_geometry,11437,15001,6,0.02109195364658048,0.8241408441498185,0.0,0.7861989212558401,0.19294760887469217,4,2,0
Wall,jepa_wm_wall,16,2,913,development_holdout,fidelity_constrained_shuffled_geometry__seed11437,fidelity_constrained_shuffled_geometry,11437,15001,1,0.12475547200310898,0.9348619111252485,0.0,0.48080856271007716,0.22378790597957568,6,1,0
Wall,jepa_wm_wall,16,2,913,development_holdout,fidelity_constrained_shuffled_geometry__seed11437,fidelity_constrained_shuffled_geometry,11437,15001,3,0.1362528665233449,0.9265241958834746,0.0,0.6710422025540929,0.13177007317581002,5,2,0
Wall,jepa_wm_wall,16,2,913,development_holdout,fidelity_constrained_shuffled_geometry__seed11437,fidelity_constrained_shuffled_geometry,11437,15001,6,0.47836158155027136,0.6809612240650088,0.0,1.01943116181435,0.26426556738844825,1,2,0
Wall,jepa_wm_wall,17,2,1297,development_holdout,fidelity_constrained_shuffled_geometry__seed11437,fidelity_constrained_shuffled_geometry,11437,15001,1,0.12688078630405206,0.8843458482330884,0.0,0.5206846701246424,0.19745462167701544,5,1,0
Wall,jepa_wm_wall,17,2,1297,development_holdout,fidelity_constrained_shuffled_geometry__seed11437,fidelity_constrained_shuffled_geometry,11437,15001,3,0.0666852161712895,0.9786932996952933,0.0,0.6132436436055235,0.15066293833843664,5,1,0
Wall,jepa_wm_wall,17,2,1297,development_holdout,fidelity_constrained_shuffled_geometry__seed11437,fidelity_constrained_shuffled_geometry,11437,15001,6,0.5173793022236458,0.6761741781001189,0.0,1.0379239777268159,0.23632142596786335,1,3,0
Wall,jepa_wm_wall,18,2,1709,development_holdout,fidelity_constrained_shuffled_geometry__seed11437,fidelity_constrained_shuffled_geometry,11437,15001,1,0.08790014078613739,0.9629731136728591,0.0,0.6004592521148697,0.24127309395256571,4,1,0
Wall,jepa_wm_wall,18,2,1709,development_holdout,fidelity_constrained_shuffled_geometry__seed11437,fidelity_constrained_shuffled_geometry,11437,15001,3,0.0,0.8813876579077782,1.0,0.6860793628506767,0.2098040226005824,1,1,0
Wall,jepa_wm_wall,18,2,1709,development_holdout,fidelity_constrained_shuffled_geometry__seed11437,fidelity_constrained_shuffled_geometry,11437,15001,6,0.07840913281338716,0.9152130726676659,0.0,0.5708724958279068,0.2254314932329995,2,6,0
Wall,jepa_wm_wall,19,2,913,development_holdout,fidelity_constrained_shuffled_geometry__seed11437,fidelity_constrained_shuffled_geometry,11437,15001,1,0.4328822502546236,0.8015330233415905,0.0,0.6760732704135757,0.15069873596281824,7,1,0
Wall,jepa_wm_wall,19,2,913,development_holdout,fidelity_constrained_shuffled_geometry__seed11437,fidelity_constrained_shuffled_geometry,11437,15001,3,0.5496849397943441,0.8769235206773147,0.0,0.7246847611824666,0.13869868362433083,7,1,0
Wall,jepa_wm_wall,19,2,913,development_holdout,fidelity_constrained_shuffled_geometry__seed11437,fidelity_constrained_shuffled_geometry,11437,15001,6,0.4811349945468107,0.8811287768872708,0.0,0.8760946587904423,0.2792504380117357,5,1,0
Wall,jepa_wm_wall,20,2,1297,development_holdout,fidelity_constrained_shuffled_geometry__seed11437,fidelity_constrained_shuffled_geometry,11437,15001,1,0.5769228648680464,0.4672913032759532,0.0,1.2467758437278498,0.17354702378777892,0,1,1
Wall,jepa_wm_wall,20,2,1297,development_holdout,fidelity_constrained_shuffled_geometry__seed11437,fidelity_constrained_shuffled_geometry,11437,15001,3,0.4878714169545492,0.7052399308524725,0.0,0.8245655376611598,0.1370940392124528,0,6,1
Wall,jepa_wm_wall,20,2,1297,development_holdout,fidelity_constrained_shuffled_geometry__seed11437,fidelity_constrained_shuffled_geometry,11437,15001,6,0.7426403137293882,0.5303051846828145,0.0,0.9680484118681335,0.26377120411637767,7,2,0
Wall,jepa_wm_wall,21,2,1709,development_holdout,fidelity_constrained_shuffled_geometry__seed11437,fidelity_constrained_shuffled_geometry,11437,15001,1,0.1135563918087716,0.9696167703847345,0.0,0.46320870024772026,0.21612594622635947,4,1,0
Wall,jepa_wm_wall,21,2,1709,development_holdout,fidelity_constrained_shuffled_geometry__seed11437,fidelity_constrained_shuffled_geometry,11437,15001,3,0.5406366092159697,0.7695313145108035,0.0,0.82001043382195,0.17361130922374862,7,1,0
Wall,jepa_wm_wall,21,2,1709,development_holdout,fidelity_constrained_shuffled_geometry__seed11437,fidelity_constrained_shuffled_geometry,11437,15001,6,0.48324186008832426,0.6405156546419112,0.0,1.0247106651498175,0.22399397326073797,1,3,0
Wall,jepa_wm_wall,22,2,913,development_holdout,fidelity_constrained_shuffled_geometry__seed11437,fidelity_constrained_shuffled_geometry,11437,15001,1,0.12694286968112253,0.8839639616416046,0.0,0.53361683988479,0.19811859302253695,5,1,0
Wall,jepa_wm_wall,22,2,913,development_holdout,fidelity_constrained_shuffled_geometry__seed11437,fidelity_constrained_shuffled_geometry,11437,15001,3,0.06691081779439773,0.9777932793606097,0.0,0.6097536132293574,0.1503395463217823,5,1,0
Wall,jepa_wm_wall,22,2,913,development_holdout,fidelity_constrained_shuffled_geometry__seed11437,fidelity_constrained_shuffled_geometry,11437,15001,6,0.5449193421845129,0.6438161543020904,0.0,1.0422102426684756,0.23666701704275045,1,3,0
Wall,jepa_wm_wall,23,2,1297,development_holdout,fidelity_constrained_shuffled_geometry__seed11437,fidelity_constrained_shuffled_geometry,11437,15001,1,0.14217254114961023,0.9523213950291062,0.0,0.3300292733907652,0.23239488152881344,6,1,0
Wall,jepa_wm_wall,23,2,1297,development_holdout,fidelity_constrained_shuffled_geometry__seed11437,fidelity_constrained_shuffled_geometry,11437,15001,3,0.20090383817171387,0.9709740667466786,0.0,0.5379758521838939,0.14356341670736245,5,4,0
Wall,jepa_wm_wall,23,2,1297,development_holdout,fidelity_constrained_shuffled_geometry__seed11437,fidelity_constrained_shuffled_geometry,11437,15001,6,0.52226012105352,0.6927409290553334,0.0,0.9120099890929084,0.24199086032983885,5,4,0
Wall,jepa_wm_wall,48,6,913,development_holdout,fidelity_constrained_shuffled_geometry__seed11437,fidelity_constrained_shuffled_geometry,11437,15001,1,0.08016261345003133,0.9432769451322627,0.0,0.4644185942562496,0.09050896191960733,3,1,0
Wall,jepa_wm_wall,48,6,913,development_holdout,fidelity_constrained_shuffled_geometry__seed11437,fidelity_constrained_shuffled_geometry,11437,15001,3,0.3045755010194801,0.8341358097546939,0.0,0.6631569688070007,0.11943754921136751,5,1,0
Wall,jepa_wm_wall,48,6,913,development_holdout,fidelity_constrained_shuffled_geometry__seed11437,fidelity_constrained_shuffled_geometry,11437,15001,6,0.0,0.8973397480824546,1.0,0.7041795605603292,0.2499836972570295,1,1,0
Wall,jepa_wm_wall,49,6,1297,development_holdout,fidelity_constrained_shuffled_geometry__seed11437,fidelity_constrained_shuffled_geometry,11437,15001,1,0.12196031285278491,0.9514092816070905,0.0,0.5622088310955743,0.09841055661355366,6,1,0
Wall,jepa_wm_wall,49,6,1297,development_holdout,fidelity_constrained_shuffled_geometry__seed11437,fidelity_constrained_shuffled_geometry,11437,15001,3,0.27278036352730867,0.9060510454710958,0.0,0.5950891421734817,0.12160028108251739,5,1,0
Wall,jepa_wm_wall,49,6,1297,development_holdout,fidelity_constrained_shuffled_geometry__seed11437,fidelity_constrained_shuffled_geometry,11437,15001,6,0.0,0.8964451581820483,1.0,0.6549399098934972,0.24052728660948047,1,1,0
Wall,jepa_wm_wall,50,6,1709,development_holdout,fidelity_constrained_shuffled_geometry__seed11437,fidelity_constrained_shuffled_geometry,11437,15001,1,0.1250794604468024,0.9552207530177294,0.0,0.49113058612313115,0.13664922833318152,2,1,0
Wall,jepa_wm_wall,50,6,1709,development_holdout,fidelity_constrained_shuffled_geometry__seed11437,fidelity_constrained_shuffled_geometry,11437,15001,3,0.21108969174761585,0.8950395866255667,0.0,0.7370163481536667,0.11769952636518433,5,6,0
Wall,jepa_wm_wall,50,6,1709,development_holdout,fidelity_constrained_shuffled_geometry__seed11437,fidelity_constrained_shuffled_geometry,11437,15001,6,0.19405549575924055,0.823263108814424,0.0,0.786559149226562,0.2284835943935783,1,4,0
Wall,jepa_wm_wall,51,6,913,development_holdout,fidelity_constrained_shuffled_geometry__seed11437,fidelity_constrained_shuffled_geometry,11437,15001,1,0.01522897403206608,0.9792726886989319,0.0,0.4145742064013977,0.07931795750893852,4,1,0
Wall,jepa_wm_wall,51,6,913,development_holdout,fidelity_constrained_shuffled_geometry__seed11437,fidelity_constrained_shuffled_geometry,11437,15001,3,0.0,0.9826476082416367,1.0,0.5065655171185496,0.1125484436809985,1,1,0
Wall,jepa_wm_wall,51,6,913,development_holdout,fidelity_constrained_shuffled_geometry__seed11437,fidelity_constrained_shuffled_geometry,11437,15001,6,0.5176295782823793,0.9040680066717308,0.0,0.8404374981702252,0.2212276894496413,5,1,0
Wall,jepa_wm_wall,52,6,1297,development_holdout,fidelity_constrained_shuffled_geometry__seed11437,fidelity_constrained_shuffled_geometry,11437,15001,1,0.07100282563201721,0.9403744562568853,0.0,0.9383309778459643,0.17492062512746476,5,1,0
Wall,jepa_wm_wall,52,6,1297,development_holdout,fidelity_constrained_shuffled_geometry__seed11437,fidelity_constrained_shuffled_geometry,11437,15001,3,0.025811218253910286,0.9280323110808509,0.0,1.1433036417382245,0.14681932208598322,5,3,0
Wall,jepa_wm_wall,52,6,1297,development_holdout,fidelity_constrained_shuffled_geometry__seed11437,fidelity_constrained_shuffled_geometry,11437,15001,6,0.5546787123699543,0.6596234512358808,0.0,0.9984611980211816,0.21719678718798066,5,3,0
Wall,jepa_wm_wall,53,6,1709,development_holdout,fidelity_constrained_shuffled_geometry__seed11437,fidelity_constrained_shuffled_geometry,11437,15001,1,0.1290496172936334,0.9308359893772115,0.0,0.43248867792055945,0.12898319433698494,6,1,0
Wall,jepa_wm_wall,53,6,1709,development_holdout,fidelity_constrained_shuffled_geometry__seed11437,fidelity_constrained_shuffled_geometry,11437,15001,3,0.1251960814003341,0.905170203654121,0.0,0.5999392547445744,0.13307950609458213,5,4,0
Wall,jepa_wm_wall,53,6,1709,development_holdout,fidelity_constrained_shuffled_geometry__seed11437,fidelity_constrained_shuffled_geometry,11437,15001,6,0.09643994244758064,0.9215937256256612,0.0,0.6786531588371287,0.22291786237449623,1,4,0
Wall,jepa_wm_wall,54,6,913,development_holdout,fidelity_constrained_shuffled_geometry__seed11437,fidelity_constrained_shuffled_geometry,11437,15001,1,0.05210487275347143,0.8328349662467592,0.0,0.606270973453072,0.15035697725354105,5,1,0
Wall,jepa_wm_wall,54,6,913,development_holdout,fidelity_constrained_shuffled_geometry__seed11437,fidelity_constrained_shuffled_geometry,11437,15001,3,0.22028967914818534,0.7274860827140218,0.0,1.2689566599747204,0.13945788837999315,5,6,0
Wall,jepa_wm_wall,54,6,913,development_holdout,fidelity_constrained_shuffled_geometry__seed11437,fidelity_constrained_shuffled_geometry,11437,15001,6,0.2353094206177578,0.7714069643092933,0.0,0.971617218469053,0.26064346412766165,1,2,0
Wall,jepa_wm_wall,55,6,1297,development_holdout,fidelity_constrained_shuffled_geometry__seed11437,fidelity_constrained_shuffled_geometry,11437,15001,1,0.12339387776632706,0.904257649845041,0.0,0.5166921987817849,0.15281018148290065,5,1,0
Wall,jepa_wm_wall,55,6,1297,development_holdout,fidelity_constrained_shuffled_geometry__seed11437,fidelity_constrained_shuffled_geometry,11437,15001,3,0.1600320766712798,0.8188928062571664,0.0,0.9873547961228212,0.12983832024740455,5,6,0
Wall,jepa_wm_wall,55,6,1297,development_holdout,fidelity_constrained_shuffled_geometry__seed11437,fidelity_constrained_shuffled_geometry,11437,15001,6,0.510367303771342,0.7277309122500595,0.0,0.9251284484125343,0.2555640162744751,1,2,0
Wall,jepa_wm_wall,8,1,913,development_holdout,fidelity_constrained_matched_geometry__seed11437,fidelity_constrained_matched_geometry,11437,15001,1,0.016152705182870427,0.9262102510104322,0.0,0.5144116114375213,0.11974735268817056,4,2,0
Wall,jepa_wm_wall,8,1,913,development_holdout,fidelity_constrained_matched_geometry__seed11437,fidelity_constrained_matched_geometry,11437,15001,3,0.07614176734582923,0.9763827819293819,0.0,0.43565844609907906,0.09436017272461075,2,4,0
Wall,jepa_wm_wall,8,1,913,development_holdout,fidelity_constrained_matched_geometry__seed11437,fidelity_constrained_matched_geometry,11437,15001,6,0.0,0.9960577688083526,1.0,0.39348223826568196,0.12822148928478233,4,4,0
Wall,jepa_wm_wall,9,1,1297,development_holdout,fidelity_constrained_matched_geometry__seed11437,fidelity_constrained_matched_geometry,11437,15001,1,0.0,0.9462729370635757,1.0,0.5431904631835138,0.16054561719234833,1,1,0
Wall,jepa_wm_wall,9,1,1297,development_holdout,fidelity_constrained_matched_geometry__seed11437,fidelity_constrained_matched_geometry,11437,15001,3,0.0,0.9929898802288094,1.0,0.5784021838272192,0.184970490210201,1,1,0
Wall,jepa_wm_wall,9,1,1297,development_holdout,fidelity_constrained_matched_geometry__seed11437,fidelity_constrained_matched_geometry,11437,15001,6,0.09552012436264752,0.9816753330109066,0.0,0.5673744106011781,0.13899317059535982,4,2,0
Wall,jepa_wm_wall,10,1,1709,development_holdout,fidelity_constrained_matched_geometry__seed11437,fidelity_constrained_matched_geometry,11437,15001,1,0.12286421707529614,0.9301641896236729,0.0,0.4833587892941374,0.12028465184622991,5,1,0
Wall,jepa_wm_wall,10,1,1709,development_holdout,fidelity_constrained_matched_geometry__seed11437,fidelity_constrained_matched_geometry,11437,15001,3,0.0,0.9969611157072459,1.0,0.21438122665027212,0.08320913264502436,1,1,0
Wall,jepa_wm_wall,10,1,1709,development_holdout,fidelity_constrained_matched_geometry__seed11437,fidelity_constrained_matched_geometry,11437,15001,6,0.0,0.9803685592924727,1.0,0.43733772786318664,0.17014693641622194,1,1,0
Wall,jepa_wm_wall,11,1,913,development_holdout,fidelity_constrained_matched_geometry__seed11437,fidelity_constrained_matched_geometry,11437,15001,1,0.12172401676917176,0.934415698157625,0.0,0.5047597313396686,0.13760258023839403,5,1,0
Wall,jepa_wm_wall,11,1,913,development_holdout,fidelity_constrained_matched_geometry__seed11437,fidelity_constrained_matched_geometry,11437,15001,3,0.0,0.9835535206520024,1.0,0.31454634569512185,0.08783077498288741,1,1,0
Wall,jepa_wm_wall,11,1,913,development_holdout,fidelity_constrained_matched_geometry__seed11437,fidelity_constrained_matched_geometry,11437,15001,6,0.0,0.9651219466395834,1.0,0.41367924398885003,0.15364478294207604,1,1,0
Wall,jepa_wm_wall,12,1,1297,development_holdout,fidelity_constrained_matched_geometry__seed11437,fidelity_constrained_matched_geometry,11437,15001,1,0.12456477430848922,0.8740601082508737,0.0,0.6472508900360693,0.1906859335634557,5,1,0
Wall,jepa_wm_wall,12,1,1297,development_holdout,fidelity_constrained_matched_geometry__seed11437,fidelity_constrained_matched_geometry,11437,15001,3,0.0,0.9937810185909793,1.0,0.40322920415975455,0.19494759481257687,1,1,0
Wall,jepa_wm_wall,12,1,1297,development_holdout,fidelity_constrained_matched_geometry__seed11437,fidelity_constrained_matched_geometry,11437,15001,6,0.31883657143532496,0.8928517242944116,0.0,0.44833319347753214,0.1289996059504645,1,3,0
Wall,jepa_wm_wall,13,1,1709,development_holdout,fidelity_constrained_matched_geometry__seed11437,fidelity_constrained_matched_geometry,11437,15001,1,0.0,0.906338358566885,1.0,0.6758522187256176,0.12682670867695645,1,1,0
Wall,jepa_wm_wall,13,1,1709,development_holdout,fidelity_constrained_matched_geometry__seed11437,fidelity_constrained_matched_geometry,11437,15001,3,0.2829161925693999,0.9720905257405379,0.0,0.33349766964953487,0.09772012401071722,2,4,0
Wall,jepa_wm_wall,13,1,1709,development_holdout,fidelity_constrained_matched_geometry__seed11437,fidelity_constrained_matched_geometry,11437,15001,6,0.0,0.9862914731435182,1.0,0.4084881039616175,0.12030872480983121,4,4,0
Wall,jepa_wm_wall,14,1,913,development_holdout,fidelity_constrained_matched_geometry__seed11437,fidelity_constrained_matched_geometry,11437,15001,1,0.0,0.9989619548351223,1.0,0.3932427414165557,0.1320719935993925,1,1,0
Wall,jepa_wm_wall,14,1,913,development_holdout,fidelity_constrained_matched_geometry__seed11437,fidelity_constrained_matched_geometry,11437,15001,3,0.02103669177229461,0.9832573166779124,0.0,0.4295574985498103,0.1483817503226597,1,4,0
Wall,jepa_wm_wall,14,1,913,development_holdout,fidelity_constrained_matched_geometry__seed11437,fidelity_constrained_matched_geometry,11437,15001,6,0.0,0.9625291546998106,1.0,0.4795754166321878,0.15895716460786274,4,4,0
Wall,jepa_wm_wall,15,1,1297,development_holdout,fidelity_constrained_matched_geometry__seed11437,fidelity_constrained_matched_geometry,11437,15001,1,0.0,0.9907338942905385,1.0,0.4357163299439409,0.1477289362629836,1,1,0
Wall,jepa_wm_wall,15,1,1297,development_holdout,fidelity_constrained_matched_geometry__seed11437,fidelity_constrained_matched_geometry,11437,15001,3,0.0,0.9906335643016031,1.0,0.5753043247890974,0.15196443550600242,5,5,0
Wall,jepa_wm_wall,15,1,1297,development_holdout,fidelity_constrained_matched_geometry__seed11437,fidelity_constrained_matched_geometry,11437,15001,6,0.02109195364658048,0.8810849668971255,0.0,0.6927837138545904,0.17111835553593446,4,2,0
Wall,jepa_wm_wall,16,2,913,development_holdout,fidelity_constrained_matched_geometry__seed11437,fidelity_constrained_matched_geometry,11437,15001,1,0.0,0.938767482822173,1.0,0.6660409618557137,0.1834090327084416,1,1,0
Wall,jepa_wm_wall,16,2,913,development_holdout,fidelity_constrained_matched_geometry__seed11437,fidelity_constrained_matched_geometry,11437,15001,3,0.0780943539164202,0.9331751535221657,0.0,0.7405245243526266,0.12248952337762697,1,2,0
Wall,jepa_wm_wall,16,2,913,development_holdout,fidelity_constrained_matched_geometry__seed11437,fidelity_constrained_matched_geometry,11437,15001,6,0.47836158155027136,0.6643435517824061,0.0,1.0728512002749837,0.2609372253025045,1,2,0
Wall,jepa_wm_wall,17,2,1297,development_holdout,fidelity_constrained_matched_geometry__seed11437,fidelity_constrained_matched_geometry,11437,15001,1,0.0,0.9875576795599621,1.0,0.3308902566808588,0.18213456844348258,1,1,0
Wall,jepa_wm_wall,17,2,1297,development_holdout,fidelity_constrained_matched_geometry__seed11437,fidelity_constrained_matched_geometry,11437,15001,3,0.0,0.9317137173663276,1.0,0.5404773233079052,0.153903123883277,1,1,0
Wall,jepa_wm_wall,17,2,1297,development_holdout,fidelity_constrained_matched_geometry__seed11437,fidelity_constrained_matched_geometry,11437,15001,6,0.5173793022236458,0.6764379376331714,0.0,1.0742713969048252,0.2552617889527531,1,3,0
Wall,jepa_wm_wall,18,2,1709,development_holdout,fidelity_constrained_matched_geometry__seed11437,fidelity_constrained_matched_geometry,11437,15001,1,0.4210909197113705,0.6521525876642265,0.0,0.7534272555141394,0.18304348230790518,7,1,0
Wall,jepa_wm_wall,18,2,1709,development_holdout,fidelity_constrained_matched_geometry__seed11437,fidelity_constrained_matched_geometry,11437,15001,3,0.06357119324461176,0.9071904928419149,0.0,0.49909800359503503,0.20397973436837802,4,1,0
Wall,jepa_wm_wall,18,2,1709,development_holdout,fidelity_constrained_matched_geometry__seed11437,fidelity_constrained_matched_geometry,11437,15001,6,0.079029886739769,0.9292625813227804,0.0,0.5555809264000416,0.21551561371872002,4,6,0
Wall,jepa_wm_wall,19,2,913,development_holdout,fidelity_constrained_matched_geometry__seed11437,fidelity_constrained_matched_geometry,11437,15001,1,0.1265250410340812,0.9687883167346714,0.0,0.5324261251606336,0.12562335471921984,5,1,0
Wall,jepa_wm_wall,19,2,913,development_holdout,fidelity_constrained_matched_geometry__seed11437,fidelity_constrained_matched_geometry,11437,15001,3,0.30787988273780015,0.8663155264907401,0.0,0.6633861586678168,0.1142634417974315,5,1,0
Wall,jepa_wm_wall,19,2,913,development_holdout,fidelity_constrained_matched_geometry__seed11437,fidelity_constrained_matched_geometry,11437,15001,6,0.4811349945468107,0.8992767443159839,0.0,0.8561775388099879,0.2497264468247134,5,1,0
Wall,jepa_wm_wall,20,2,1297,development_holdout,fidelity_constrained_matched_geometry__seed11437,fidelity_constrained_matched_geometry,11437,15001,1,0.12873220149056347,0.9118566058740443,0.0,0.7277214804885317,0.16865687126077927,5,1,0
Wall,jepa_wm_wall,20,2,1297,development_holdout,fidelity_constrained_matched_geometry__seed11437,fidelity_constrained_matched_geometry,11437,15001,3,0.22499358945128464,0.7594493816647093,0.0,0.7187297863834505,0.12556353258899597,5,6,0
Wall,jepa_wm_wall,20,2,1297,development_holdout,fidelity_constrained_matched_geometry__seed11437,fidelity_constrained_matched_geometry,11437,15001,6,0.3477921036549551,0.5992157462574492,0.0,0.9394212178549626,0.25449513888677616,1,2,0
Wall,jepa_wm_wall,21,2,1709,development_holdout,fidelity_constrained_matched_geometry__seed11437,fidelity_constrained_matched_geometry,11437,15001,1,0.0,0.9667814949955986,1.0,0.6201087138928055,0.1919076628647309,1,1,0
Wall,jepa_wm_wall,21,2,1709,development_holdout,fidelity_constrained_matched_geometry__seed11437,fidelity_constrained_matched_geometry,11437,15001,3,0.0,0.8425067691105717,1.0,0.7061677554414105,0.17741224062965238,1,1,0
Wall,jepa_wm_wall,21,2,1709,development_holdout,fidelity_constrained_matched_geometry__seed11437,fidelity_constrained_matched_geometry,11437,15001,6,0.48324186008832426,0.6997794362265665,0.0,1.0731825274551103,0.23140767473444596,1,3,0
Wall,jepa_wm_wall,22,2,913,development_holdout,fidelity_constrained_matched_geometry__seed11437,fidelity_constrained_matched_geometry,11437,15001,1,0.0,0.9872560258641705,1.0,0.3353574408220786,0.180805382505621,1,1,0
Wall,jepa_wm_wall,22,2,913,development_holdout,fidelity_constrained_matched_geometry__seed11437,fidelity_constrained_matched_geometry,11437,15001,3,0.0,0.9501372059380847,1.0,0.5324047386021719,0.153649532405881,1,1,0
Wall,jepa_wm_wall,22,2,913,development_holdout,fidelity_constrained_matched_geometry__seed11437,fidelity_constrained_matched_geometry,11437,15001,6,0.5449193421845129,0.6569810634734722,0.0,1.094145516373172,0.2587696139081831,1,3,0
Wall,jepa_wm_wall,23,2,1297,development_holdout,fidelity_constrained_matched_geometry__seed11437,fidelity_constrained_matched_geometry,11437,15001,1,0.1421721940639325,0.6623871657840111,0.0,0.8162029478720226,0.1803620193307443,5,1,0
Wall,jepa_wm_wall,23,2,1297,development_holdout,fidelity_constrained_matched_geometry__seed11437,fidelity_constrained_matched_geometry,11437,15001,3,0.08949224892228795,0.9794025754001023,0.0,0.41246990569997277,0.12151302005877067,1,4,0
Wall,jepa_wm_wall,23,2,1297,development_holdout,fidelity_constrained_matched_geometry__seed11437,fidelity_constrained_matched_geometry,11437,15001,6,0.3589817567214553,0.6845449589917678,0.0,0.883102555241025,0.23069021916410865,1,4,0
Wall,jepa_wm_wall,48,6,913,development_holdout,fidelity_constrained_matched_geometry__seed11437,fidelity_constrained_matched_geometry,11437,15001,1,0.08016261345003133,0.8465142113335304,0.0,0.5656168131300374,0.12921764340672634,3,1,0
Wall,jepa_wm_wall,48,6,913,development_holdout,fidelity_constrained_matched_geometry__seed11437,fidelity_constrained_matched_geometry,11437,15001,3,0.0,0.9730154790105664,1.0,0.4693478948606147,0.14253334565155457,1,1,0
Wall,jepa_wm_wall,48,6,913,development_holdout,fidelity_constrained_matched_geometry__seed11437,fidelity_constrained_matched_geometry,11437,15001,6,0.0,0.8929786673305053,1.0,0.672627528986889,0.24235491302977588,1,1,0
Wall,jepa_wm_wall,49,6,1297,development_holdout,fidelity_constrained_matched_geometry__seed11437,fidelity_constrained_matched_geometry,11437,15001,1,0.12196031285278491,0.8892761336377739,0.0,0.6148568377434317,0.13399760367825247,5,1,0
Wall,jepa_wm_wall,49,6,1297,development_holdout,fidelity_constrained_matched_geometry__seed11437,fidelity_constrained_matched_geometry,11437,15001,3,0.0,0.9766019306036775,1.0,0.4343369106991388,0.14238200177479826,1,1,0
Wall,jepa_wm_wall,49,6,1297,development_holdout,fidelity_constrained_matched_geometry__seed11437,fidelity_constrained_matched_geometry,11437,15001,6,0.0,0.8949427201658822,1.0,0.6658076926843014,0.2366783948549907,1,1,0
Wall,jepa_wm_wall,50,6,1709,development_holdout,fidelity_constrained_matched_geometry__seed11437,fidelity_constrained_matched_geometry,11437,15001,1,0.0,0.9554568186533723,1.0,0.48221192875708924,0.15966972738315227,1,1,0
Wall,jepa_wm_wall,50,6,1709,development_holdout,fidelity_constrained_matched_geometry__seed11437,fidelity_constrained_matched_geometry,11437,15001,3,0.29607003342937677,0.8653173791398868,0.0,0.9419991860931671,0.15047056099275005,1,6,0
Wall,jepa_wm_wall,50,6,1709,development_holdout,fidelity_constrained_matched_geometry__seed11437,fidelity_constrained_matched_geometry,11437,15001,6,0.19405549575924055,0.7988722954971057,0.0,0.8146169087566746,0.2426927383373246,1,4,0
Wall,jepa_wm_wall,51,6,913,development_holdout,fidelity_constrained_matched_geometry__seed11437,fidelity_constrained_matched_geometry,11437,15001,1,0.007931881484607411,0.8815501551766335,0.0,0.7098567343180724,0.11805825624137842,3,1,0
Wall,jepa_wm_wall,51,6,913,development_holdout,fidelity_constrained_matched_geometry__seed11437,fidelity_constrained_matched_geometry,11437,15001,3,0.18236891449751788,0.9558537863768263,0.0,0.39144622849418015,0.12852371756867947,4,1,0
Wall,jepa_wm_wall,51,6,913,development_holdout,fidelity_constrained_matched_geometry__seed11437,fidelity_constrained_matched_geometry,11437,15001,6,0.10901940817974191,0.9186231823670861,0.0,0.7072979248778228,0.21165266814386272,4,1,0
Wall,jepa_wm_wall,52,6,1297,development_holdout,fidelity_constrained_matched_geometry__seed11437,fidelity_constrained_matched_geometry,11437,15001,1,0.07100282563201721,0.9464109528978397,0.0,0.8664777484323974,0.2188987312001493,5,1,0
Wall,jepa_wm_wall,52,6,1297,development_holdout,fidelity_constrained_matched_geometry__seed11437,fidelity_constrained_matched_geometry,11437,15001,3,0.025811218253910286,0.9022607923665668,0.0,1.0477838732493452,0.16423527360228388,5,3,0
Wall,jepa_wm_wall,52,6,1297,development_holdout,fidelity_constrained_matched_geometry__seed11437,fidelity_constrained_matched_geometry,11437,15001,6,0.06992941723812081,0.6860724517286294,0.0,1.026996596996898,0.23100032061134454,4,3,0
Wall,jepa_wm_wall,53,6,1709,development_holdout,fidelity_constrained_matched_geometry__seed11437,fidelity_constrained_matched_geometry,11437,15001,1,0.12905025338831735,0.5566891677838931,0.0,0.8804744945272639,0.1508316861790832,5,1,0
Wall,jepa_wm_wall,53,6,1709,development_holdout,fidelity_constrained_matched_geometry__seed11437,fidelity_constrained_matched_geometry,11437,15001,3,0.09916642903112673,0.9864724713509052,0.0,0.38269970173143353,0.13248862880321916,1,4,0
Wall,jepa_wm_wall,53,6,1709,development_holdout,fidelity_constrained_matched_geometry__seed11437,fidelity_constrained_matched_geometry,11437,15001,6,0.09643994244758064,0.8777291260103067,0.0,0.7179455213571964,0.23835295909487791,1,4,0
Wall,jepa_wm_wall,54,6,913,development_holdout,fidelity_constrained_matched_geometry__seed11437,fidelity_constrained_matched_geometry,11437,15001,1,0.05210487275347143,0.9378445081887354,0.0,0.6850173303620725,0.1724938953298059,5,1,0
Wall,jepa_wm_wall,54,6,913,development_holdout,fidelity_constrained_matched_geometry__seed11437,fidelity_constrained_matched_geometry,11437,15001,3,0.29411612172776747,0.7881208598525185,0.0,1.4074055809738477,0.15255550399300966,1,6,0
Wall,jepa_wm_wall,54,6,913,development_holdout,fidelity_constrained_matched_geometry__seed11437,fidelity_constrained_matched_geometry,11437,15001,6,0.2353094206177578,0.7545986029072231,0.0,0.9588560306709304,0.2678558935243975,1,2,0
Wall,jepa_wm_wall,55,6,1297,development_holdout,fidelity_constrained_matched_geometry__seed11437,fidelity_constrained_matched_geometry,11437,15001,1,0.0,0.9700031505873886,1.0,0.4346098601132155,0.17530179411556496,1,1,0
Wall,jepa_wm_wall,55,6,1297,development_holdout,fidelity_constrained_matched_geometry__seed11437,fidelity_constrained_matched_geometry,11437,15001,3,0.19830582185068493,0.8847865418377143,0.0,0.6800873020147113,0.11141615444249095,1,6,0
Wall,jepa_wm_wall,55,6,1297,development_holdout,fidelity_constrained_matched_geometry__seed11437,fidelity_constrained_matched_geometry,11437,15001,6,0.510367303771342,0.731589682993893,0.0,0.9777795151755202,0.26386277642856604,1,2,0
