environment,model,state_id,task_id,variant,method,adaptation_seed,horizon,normalized_regret,weighted_pairwise_accuracy,top1_correct,selected_action,oracle_action
PushT,jepa_wm_pusht,8,1,frozen,frozen,-1,1,0.01282478008355127,0.8882608281952827,0.0,6,1
PushT,jepa_wm_pusht,8,1,frozen,frozen,-1,3,0.0,0.6697633664456427,1.0,6,6
PushT,jepa_wm_pusht,8,1,frozen,frozen,-1,6,0.5781148528381919,0.17447280821229272,0.0,8,1
PushT,jepa_wm_pusht,9,1,frozen,frozen,-1,1,0.8274135674934155,0.010384531390538817,0.0,7,0
PushT,jepa_wm_pusht,9,1,frozen,frozen,-1,3,0.7286493483691098,0.08894510686473363,0.0,7,2
PushT,jepa_wm_pusht,9,1,frozen,frozen,-1,6,0.8502269524673542,0.3430177427807483,0.0,7,3
PushT,jepa_wm_pusht,10,1,frozen,frozen,-1,1,0.12049358852617963,0.9787368933195569,0.0,4,1
PushT,jepa_wm_pusht,10,1,frozen,frozen,-1,3,0.6177998268323661,0.7957491777340341,0.0,2,6
PushT,jepa_wm_pusht,10,1,frozen,frozen,-1,6,0.0,0.5717999507807378,1.0,6,6
PushT,jepa_wm_pusht,11,1,frozen,frozen,-1,1,0.49698986494663716,0.2846417085883591,0.0,8,7
PushT,jepa_wm_pusht,11,1,frozen,frozen,-1,3,0.6743631771803672,0.3850664227791001,0.0,5,6
PushT,jepa_wm_pusht,11,1,frozen,frozen,-1,6,0.0,0.3735764386258347,1.0,6,6
PushT,jepa_wm_pusht,12,1,frozen,frozen,-1,1,0.15542731492732748,0.9705102209582386,0.0,8,6
PushT,jepa_wm_pusht,12,1,frozen,frozen,-1,3,0.0,0.5642825487649172,1.0,4,4
PushT,jepa_wm_pusht,12,1,frozen,frozen,-1,6,0.01885074951463251,0.7627165900923765,0.0,4,2
PushT,jepa_wm_pusht,13,1,frozen,frozen,-1,1,0.9488516591828323,0.13809115707252423,0.0,0,6
PushT,jepa_wm_pusht,13,1,frozen,frozen,-1,3,0.0161718104917741,0.8192106822318012,0.0,4,2
PushT,jepa_wm_pusht,13,1,frozen,frozen,-1,6,0.0,0.8860253256663309,1.0,2,2
PushT,jepa_wm_pusht,14,1,frozen,frozen,-1,1,0.0,nan,1.0,7,0
PushT,jepa_wm_pusht,14,1,frozen,frozen,-1,3,1.0,0.7785890759529243,0.0,9,2
PushT,jepa_wm_pusht,14,1,frozen,frozen,-1,6,0.10985312473301036,0.7245726191907192,0.0,3,2
PushT,jepa_wm_pusht,15,1,frozen,frozen,-1,1,0.0,nan,1.0,9,0
PushT,jepa_wm_pusht,15,1,frozen,frozen,-1,3,0.0,0.8901086364602276,1.0,2,2
PushT,jepa_wm_pusht,15,1,frozen,frozen,-1,6,1.0,0.5000267236754532,0.0,7,3
PushT,jepa_wm_pusht,16,2,frozen,frozen,-1,1,0.04667333317829818,0.9759580478347364,0.0,6,4
PushT,jepa_wm_pusht,16,2,frozen,frozen,-1,3,0.0,0.7533667454612822,1.0,6,6
PushT,jepa_wm_pusht,16,2,frozen,frozen,-1,6,0.0,0.4036028971644958,1.0,6,6
PushT,jepa_wm_pusht,17,2,frozen,frozen,-1,1,0.0,nan,1.0,4,0
PushT,jepa_wm_pusht,17,2,frozen,frozen,-1,3,0.5789271149086822,0.6585995212884982,0.0,4,2
PushT,jepa_wm_pusht,17,2,frozen,frozen,-1,6,0.0,0.7513638268287729,1.0,3,3
PushT,jepa_wm_pusht,18,2,frozen,frozen,-1,1,0.0,nan,1.0,5,0
PushT,jepa_wm_pusht,18,2,frozen,frozen,-1,3,0.44201480759003287,0.7492475583310807,0.0,5,2
PushT,jepa_wm_pusht,18,2,frozen,frozen,-1,6,1.0,0.44454359089834045,0.0,7,2
PushT,jepa_wm_pusht,19,2,frozen,frozen,-1,1,0.0,0.883968134000689,1.0,7,7
PushT,jepa_wm_pusht,19,2,frozen,frozen,-1,3,0.0,0.9786737532318673,1.0,7,7
PushT,jepa_wm_pusht,19,2,frozen,frozen,-1,6,0.05206520357815755,0.7588362377497374,0.0,7,5
PushT,jepa_wm_pusht,20,2,frozen,frozen,-1,1,0.071849549171498,0.9934338596660927,0.0,6,8
PushT,jepa_wm_pusht,20,2,frozen,frozen,-1,3,0.06837919317243876,0.8052101366498173,0.0,6,8
PushT,jepa_wm_pusht,20,2,frozen,frozen,-1,6,1.0,0.17225624112499385,0.0,3,8
PushT,jepa_wm_pusht,21,2,frozen,frozen,-1,1,0.0,nan,1.0,4,0
PushT,jepa_wm_pusht,21,2,frozen,frozen,-1,3,0.0,0.6384194387262251,1.0,2,2
PushT,jepa_wm_pusht,21,2,frozen,frozen,-1,6,0.0,0.7585399190099477,1.0,3,3
PushT,jepa_wm_pusht,22,2,frozen,frozen,-1,1,1.0,0.1111111111111111,0.0,5,6
PushT,jepa_wm_pusht,22,2,frozen,frozen,-1,3,0.0,0.9703493748719308,1.0,4,4
PushT,jepa_wm_pusht,22,2,frozen,frozen,-1,6,1.0,0.6524000054310478,0.0,6,4
PushT,jepa_wm_pusht,23,2,frozen,frozen,-1,1,0.06271666156975347,0.5342011799486573,0.0,5,9
PushT,jepa_wm_pusht,23,2,frozen,frozen,-1,3,1.0,0.22403594894565698,0.0,8,9
PushT,jepa_wm_pusht,23,2,frozen,frozen,-1,6,0.01662600440501789,0.5027299885837012,0.0,5,9
PushT,jepa_wm_pusht,48,6,frozen,frozen,-1,1,0.09012243500443963,0.9354043174091249,0.0,0,9
PushT,jepa_wm_pusht,48,6,frozen,frozen,-1,3,0.03292797551033872,0.8026387496899144,0.0,7,5
PushT,jepa_wm_pusht,48,6,frozen,frozen,-1,6,0.0,0.9131311431584099,1.0,5,5
PushT,jepa_wm_pusht,49,6,frozen,frozen,-1,1,1.0,0.157876410526368,0.0,8,5
PushT,jepa_wm_pusht,49,6,frozen,frozen,-1,3,0.0,0.9036693536112518,1.0,5,5
PushT,jepa_wm_pusht,49,6,frozen,frozen,-1,6,0.0,0.9186981442443275,1.0,5,5
PushT,jepa_wm_pusht,50,6,frozen,frozen,-1,1,0.026574968337305327,0.7851432287012197,0.0,4,1
PushT,jepa_wm_pusht,50,6,frozen,frozen,-1,3,0.0,0.9921484727009531,1.0,2,2
PushT,jepa_wm_pusht,50,6,frozen,frozen,-1,6,0.19887118635918416,0.8339630458363178,0.0,1,2
PushT,jepa_wm_pusht,51,6,frozen,frozen,-1,1,0.3905729249325504,0.7278390119008307,0.0,5,9
PushT,jepa_wm_pusht,51,6,frozen,frozen,-1,3,0.9553730609169209,0.38103835528575747,0.0,0,9
PushT,jepa_wm_pusht,51,6,frozen,frozen,-1,6,0.8472560153227433,0.7294760447305756,0.0,3,9
PushT,jepa_wm_pusht,52,6,frozen,frozen,-1,1,0.0,0.6666666666666666,1.0,1,0
PushT,jepa_wm_pusht,52,6,frozen,frozen,-1,3,0.3477543489605677,0.39887962947602984,0.0,4,2
PushT,jepa_wm_pusht,52,6,frozen,frozen,-1,6,1.0,0.4127496191968014,0.0,6,3
PushT,jepa_wm_pusht,53,6,frozen,frozen,-1,1,0.0,0.48988012364937766,1.0,9,9
PushT,jepa_wm_pusht,53,6,frozen,frozen,-1,3,0.0,0.9698544596009091,1.0,5,5
PushT,jepa_wm_pusht,53,6,frozen,frozen,-1,6,0.0,0.8940601405197657,1.0,5,5
PushT,jepa_wm_pusht,54,6,frozen,frozen,-1,1,0.5144474869020803,0.8330901466770251,0.0,7,4
PushT,jepa_wm_pusht,54,6,frozen,frozen,-1,3,0.3056015488280241,0.7874085754631294,0.0,6,4
PushT,jepa_wm_pusht,54,6,frozen,frozen,-1,6,0.0,0.8567130329659911,1.0,4,4
PushT,jepa_wm_pusht,55,6,frozen,frozen,-1,1,1.0,0.0,0.0,6,0
PushT,jepa_wm_pusht,55,6,frozen,frozen,-1,3,1.0,0.1928833415674835,0.0,6,8
PushT,jepa_wm_pusht,55,6,frozen,frozen,-1,6,1.0,0.3132787488924417,0.0,6,3
PushT,jepa_wm_pusht,8,1,fidelity_constrained_latent_only__seed11401,fidelity_constrained_latent_only,11401,1,0.01282478008355127,0.8882608281952827,0.0,6,1
PushT,jepa_wm_pusht,8,1,fidelity_constrained_latent_only__seed11401,fidelity_constrained_latent_only,11401,3,0.0,0.6514399473549798,1.0,6,6
PushT,jepa_wm_pusht,8,1,fidelity_constrained_latent_only__seed11401,fidelity_constrained_latent_only,11401,6,0.5781148528381919,0.22582231298718328,0.0,8,1
PushT,jepa_wm_pusht,9,1,fidelity_constrained_latent_only__seed11401,fidelity_constrained_latent_only,11401,1,0.8274135674934155,0.010384531390538817,0.0,7,0
PushT,jepa_wm_pusht,9,1,fidelity_constrained_latent_only__seed11401,fidelity_constrained_latent_only,11401,3,0.7286493483691098,0.0914810514534828,0.0,7,2
PushT,jepa_wm_pusht,9,1,fidelity_constrained_latent_only__seed11401,fidelity_constrained_latent_only,11401,6,0.8502269524673542,0.26678889987299126,0.0,7,3
PushT,jepa_wm_pusht,10,1,fidelity_constrained_latent_only__seed11401,fidelity_constrained_latent_only,11401,1,0.12049358852617963,0.9787368933195569,0.0,4,1
PushT,jepa_wm_pusht,10,1,fidelity_constrained_latent_only__seed11401,fidelity_constrained_latent_only,11401,3,0.6177998268323661,0.8061538045644067,0.0,2,6
PushT,jepa_wm_pusht,10,1,fidelity_constrained_latent_only__seed11401,fidelity_constrained_latent_only,11401,6,0.6789019354624969,0.5283569538556676,0.0,3,6
PushT,jepa_wm_pusht,11,1,fidelity_constrained_latent_only__seed11401,fidelity_constrained_latent_only,11401,1,0.49698986494663716,0.32932717087006264,0.0,8,7
PushT,jepa_wm_pusht,11,1,fidelity_constrained_latent_only__seed11401,fidelity_constrained_latent_only,11401,3,0.0,0.406943190786347,1.0,6,6
PushT,jepa_wm_pusht,11,1,fidelity_constrained_latent_only__seed11401,fidelity_constrained_latent_only,11401,6,1.0,0.29584552167991374,0.0,3,6
PushT,jepa_wm_pusht,12,1,fidelity_constrained_latent_only__seed11401,fidelity_constrained_latent_only,11401,1,0.15542731492732748,0.8939211199140308,0.0,8,6
PushT,jepa_wm_pusht,12,1,fidelity_constrained_latent_only__seed11401,fidelity_constrained_latent_only,11401,3,0.0,0.5958407010353197,1.0,4,4
PushT,jepa_wm_pusht,12,1,fidelity_constrained_latent_only__seed11401,fidelity_constrained_latent_only,11401,6,0.01885074951463251,0.6823948127241906,0.0,4,2
PushT,jepa_wm_pusht,13,1,fidelity_constrained_latent_only__seed11401,fidelity_constrained_latent_only,11401,1,0.9488516591828323,0.13809115707252423,0.0,0,6
PushT,jepa_wm_pusht,13,1,fidelity_constrained_latent_only__seed11401,fidelity_constrained_latent_only,11401,3,0.0161718104917741,0.7902372084566874,0.0,4,2
PushT,jepa_wm_pusht,13,1,fidelity_constrained_latent_only__seed11401,fidelity_constrained_latent_only,11401,6,0.0,0.8860253256663309,1.0,2,2
PushT,jepa_wm_pusht,14,1,fidelity_constrained_latent_only__seed11401,fidelity_constrained_latent_only,11401,1,0.0,nan,1.0,7,0
PushT,jepa_wm_pusht,14,1,fidelity_constrained_latent_only__seed11401,fidelity_constrained_latent_only,11401,3,0.22439910568143512,0.7470512008670623,0.0,5,2
PushT,jepa_wm_pusht,14,1,fidelity_constrained_latent_only__seed11401,fidelity_constrained_latent_only,11401,6,0.10985312473301036,0.7187589694450498,0.0,3,2
PushT,jepa_wm_pusht,15,1,fidelity_constrained_latent_only__seed11401,fidelity_constrained_latent_only,11401,1,0.0,nan,1.0,9,0
PushT,jepa_wm_pusht,15,1,fidelity_constrained_latent_only__seed11401,fidelity_constrained_latent_only,11401,3,0.0,0.8728815651574486,1.0,2,2
PushT,jepa_wm_pusht,15,1,fidelity_constrained_latent_only__seed11401,fidelity_constrained_latent_only,11401,6,0.0,0.5915498942207866,1.0,3,3
PushT,jepa_wm_pusht,16,2,fidelity_constrained_latent_only__seed11401,fidelity_constrained_latent_only,11401,1,0.04667333317829818,0.9759580478347364,0.0,6,4
PushT,jepa_wm_pusht,16,2,fidelity_constrained_latent_only__seed11401,fidelity_constrained_latent_only,11401,3,0.32628899571658077,0.7348137495418989,0.0,4,6
PushT,jepa_wm_pusht,16,2,fidelity_constrained_latent_only__seed11401,fidelity_constrained_latent_only,11401,6,0.0,0.5020079170827089,1.0,6,6
PushT,jepa_wm_pusht,17,2,fidelity_constrained_latent_only__seed11401,fidelity_constrained_latent_only,11401,1,0.0,nan,1.0,4,0
PushT,jepa_wm_pusht,17,2,fidelity_constrained_latent_only__seed11401,fidelity_constrained_latent_only,11401,3,0.5789271149086822,0.5754669978947097,0.0,4,2
PushT,jepa_wm_pusht,17,2,fidelity_constrained_latent_only__seed11401,fidelity_constrained_latent_only,11401,6,0.0,0.6955131079635546,1.0,3,3
PushT,jepa_wm_pusht,18,2,fidelity_constrained_latent_only__seed11401,fidelity_constrained_latent_only,11401,1,0.0,nan,1.0,5,0
PushT,jepa_wm_pusht,18,2,fidelity_constrained_latent_only__seed11401,fidelity_constrained_latent_only,11401,3,0.44201480759003287,0.7492475583310807,0.0,5,2
PushT,jepa_wm_pusht,18,2,fidelity_constrained_latent_only__seed11401,fidelity_constrained_latent_only,11401,6,1.0,0.4495795409412687,0.0,7,2
PushT,jepa_wm_pusht,19,2,fidelity_constrained_latent_only__seed11401,fidelity_constrained_latent_only,11401,1,0.0,0.9033067783339074,1.0,7,7
PushT,jepa_wm_pusht,19,2,fidelity_constrained_latent_only__seed11401,fidelity_constrained_latent_only,11401,3,0.0,0.9786737532318673,1.0,7,7
PushT,jepa_wm_pusht,19,2,fidelity_constrained_latent_only__seed11401,fidelity_constrained_latent_only,11401,6,0.05206520357815755,0.7529317406830456,0.0,7,5
PushT,jepa_wm_pusht,20,2,fidelity_constrained_latent_only__seed11401,fidelity_constrained_latent_only,11401,1,0.0,0.9739510583341469,1.0,8,8
PushT,jepa_wm_pusht,20,2,fidelity_constrained_latent_only__seed11401,fidelity_constrained_latent_only,11401,3,0.06837919317243876,0.7738572605371317,0.0,6,8
PushT,jepa_wm_pusht,20,2,fidelity_constrained_latent_only__seed11401,fidelity_constrained_latent_only,11401,6,1.0,0.1598567604023869,0.0,3,8
PushT,jepa_wm_pusht,21,2,fidelity_constrained_latent_only__seed11401,fidelity_constrained_latent_only,11401,1,0.0,nan,1.0,4,0
PushT,jepa_wm_pusht,21,2,fidelity_constrained_latent_only__seed11401,fidelity_constrained_latent_only,11401,3,0.7585503102919223,0.5496936158269279,0.0,4,2
PushT,jepa_wm_pusht,21,2,fidelity_constrained_latent_only__seed11401,fidelity_constrained_latent_only,11401,6,0.0,0.7203268319355824,1.0,3,3
PushT,jepa_wm_pusht,22,2,fidelity_constrained_latent_only__seed11401,fidelity_constrained_latent_only,11401,1,1.0,0.1111111111111111,0.0,5,6
PushT,jepa_wm_pusht,22,2,fidelity_constrained_latent_only__seed11401,fidelity_constrained_latent_only,11401,3,0.0,0.9032060641008308,1.0,4,4
PushT,jepa_wm_pusht,22,2,fidelity_constrained_latent_only__seed11401,fidelity_constrained_latent_only,11401,6,1.0,0.6356313457675533,0.0,6,4
PushT,jepa_wm_pusht,23,2,fidelity_constrained_latent_only__seed11401,fidelity_constrained_latent_only,11401,1,0.06271666156975347,0.5342011799486573,0.0,5,9
PushT,jepa_wm_pusht,23,2,fidelity_constrained_latent_only__seed11401,fidelity_constrained_latent_only,11401,3,1.0,0.1850522766331024,0.0,8,9
PushT,jepa_wm_pusht,23,2,fidelity_constrained_latent_only__seed11401,fidelity_constrained_latent_only,11401,6,0.01662600440501789,0.4743411192746593,0.0,5,9
PushT,jepa_wm_pusht,48,6,fidelity_constrained_latent_only__seed11401,fidelity_constrained_latent_only,11401,1,0.09012243500443963,0.9497636011387915,0.0,0,9
PushT,jepa_wm_pusht,48,6,fidelity_constrained_latent_only__seed11401,fidelity_constrained_latent_only,11401,3,0.03292797551033872,0.8094523776068497,0.0,7,5
PushT,jepa_wm_pusht,48,6,fidelity_constrained_latent_only__seed11401,fidelity_constrained_latent_only,11401,6,0.0,0.9131311431584099,1.0,5,5
PushT,jepa_wm_pusht,49,6,fidelity_constrained_latent_only__seed11401,fidelity_constrained_latent_only,11401,1,1.0,0.18566602001709617,0.0,8,5
PushT,jepa_wm_pusht,49,6,fidelity_constrained_latent_only__seed11401,fidelity_constrained_latent_only,11401,3,0.0,0.9036693536112518,1.0,5,5
PushT,jepa_wm_pusht,49,6,fidelity_constrained_latent_only__seed11401,fidelity_constrained_latent_only,11401,6,0.0,0.9050092748314487,1.0,5,5
PushT,jepa_wm_pusht,50,6,fidelity_constrained_latent_only__seed11401,fidelity_constrained_latent_only,11401,1,0.026574968337305327,0.8291348858725336,0.0,4,1
PushT,jepa_wm_pusht,50,6,fidelity_constrained_latent_only__seed11401,fidelity_constrained_latent_only,11401,3,0.0,0.9979207415198539,1.0,2,2
PushT,jepa_wm_pusht,50,6,fidelity_constrained_latent_only__seed11401,fidelity_constrained_latent_only,11401,6,0.11176022326401269,0.9415568148684649,0.0,4,2
PushT,jepa_wm_pusht,51,6,fidelity_constrained_latent_only__seed11401,fidelity_constrained_latent_only,11401,1,0.3905729249325504,0.8319792687884534,0.0,5,9
PushT,jepa_wm_pusht,51,6,fidelity_constrained_latent_only__seed11401,fidelity_constrained_latent_only,11401,3,0.8329904504891641,0.4361684439935352,0.0,1,9
PushT,jepa_wm_pusht,51,6,fidelity_constrained_latent_only__seed11401,fidelity_constrained_latent_only,11401,6,0.8472560153227433,0.7577009773314681,0.0,3,9
PushT,jepa_wm_pusht,52,6,fidelity_constrained_latent_only__seed11401,fidelity_constrained_latent_only,11401,1,0.0,0.7777777777777778,1.0,7,0
PushT,jepa_wm_pusht,52,6,fidelity_constrained_latent_only__seed11401,fidelity_constrained_latent_only,11401,3,0.3477543489605677,0.1922072476469473,0.0,4,2
PushT,jepa_wm_pusht,52,6,fidelity_constrained_latent_only__seed11401,fidelity_constrained_latent_only,11401,6,1.0,0.4127496191968014,0.0,6,3
PushT,jepa_wm_pusht,53,6,fidelity_constrained_latent_only__seed11401,fidelity_constrained_latent_only,11401,1,0.0,0.5510440227703827,1.0,9,9
PushT,jepa_wm_pusht,53,6,fidelity_constrained_latent_only__seed11401,fidelity_constrained_latent_only,11401,3,0.0,0.9856538405971085,1.0,5,5
PushT,jepa_wm_pusht,53,6,fidelity_constrained_latent_only__seed11401,fidelity_constrained_latent_only,11401,6,0.0,0.8505177723300528,1.0,5,5
PushT,jepa_wm_pusht,54,6,fidelity_constrained_latent_only__seed11401,fidelity_constrained_latent_only,11401,1,0.5144474869020803,0.8330901466770251,0.0,7,4
PushT,jepa_wm_pusht,54,6,fidelity_constrained_latent_only__seed11401,fidelity_constrained_latent_only,11401,3,0.3056015488280241,0.7874085754631294,0.0,6,4
PushT,jepa_wm_pusht,54,6,fidelity_constrained_latent_only__seed11401,fidelity_constrained_latent_only,11401,6,0.0,0.8567130329659911,1.0,4,4
PushT,jepa_wm_pusht,55,6,fidelity_constrained_latent_only__seed11401,fidelity_constrained_latent_only,11401,1,1.0,0.0,0.0,6,0
PushT,jepa_wm_pusht,55,6,fidelity_constrained_latent_only__seed11401,fidelity_constrained_latent_only,11401,3,1.0,0.3198842288095905,0.0,6,8
PushT,jepa_wm_pusht,55,6,fidelity_constrained_latent_only__seed11401,fidelity_constrained_latent_only,11401,6,1.0,0.34239571110119144,0.0,6,3
PushT,jepa_wm_pusht,8,1,fidelity_constrained_shuffled_geometry__seed11401,fidelity_constrained_shuffled_geometry,11401,1,0.01282478008355127,0.8882608281952827,0.0,6,1
PushT,jepa_wm_pusht,8,1,fidelity_constrained_shuffled_geometry__seed11401,fidelity_constrained_shuffled_geometry,11401,3,0.0,0.6353265671014008,1.0,6,6
PushT,jepa_wm_pusht,8,1,fidelity_constrained_shuffled_geometry__seed11401,fidelity_constrained_shuffled_geometry,11401,6,0.5781148528381919,0.17204267658312025,0.0,8,1
PushT,jepa_wm_pusht,9,1,fidelity_constrained_shuffled_geometry__seed11401,fidelity_constrained_shuffled_geometry,11401,1,0.8274135674934155,0.010384531390538817,0.0,7,0
PushT,jepa_wm_pusht,9,1,fidelity_constrained_shuffled_geometry__seed11401,fidelity_constrained_shuffled_geometry,11401,3,0.7286493483691098,0.1223815342466599,0.0,7,2
PushT,jepa_wm_pusht,9,1,fidelity_constrained_shuffled_geometry__seed11401,fidelity_constrained_shuffled_geometry,11401,6,0.8502269524673542,0.2801698707998015,0.0,7,3
PushT,jepa_wm_pusht,10,1,fidelity_constrained_shuffled_geometry__seed11401,fidelity_constrained_shuffled_geometry,11401,1,0.12049358852617963,0.9732011083872997,0.0,4,1
PushT,jepa_wm_pusht,10,1,fidelity_constrained_shuffled_geometry__seed11401,fidelity_constrained_shuffled_geometry,11401,3,0.6177998268323661,0.7957491777340341,0.0,2,6
PushT,jepa_wm_pusht,10,1,fidelity_constrained_shuffled_geometry__seed11401,fidelity_constrained_shuffled_geometry,11401,6,0.0,0.5717999507807378,1.0,6,6
PushT,jepa_wm_pusht,11,1,fidelity_constrained_shuffled_geometry__seed11401,fidelity_constrained_shuffled_geometry,11401,1,0.49698986494663716,0.4928671886083223,0.0,8,7
PushT,jepa_wm_pusht,11,1,fidelity_constrained_shuffled_geometry__seed11401,fidelity_constrained_shuffled_geometry,11401,3,0.6743631771803672,0.3679719865328164,0.0,5,6
PushT,jepa_wm_pusht,11,1,fidelity_constrained_shuffled_geometry__seed11401,fidelity_constrained_shuffled_geometry,11401,6,0.0,0.3897544176050021,1.0,6,6
PushT,jepa_wm_pusht,12,1,fidelity_constrained_shuffled_geometry__seed11401,fidelity_constrained_shuffled_geometry,11401,1,0.15542731492732748,0.8939211199140308,0.0,8,6
PushT,jepa_wm_pusht,12,1,fidelity_constrained_shuffled_geometry__seed11401,fidelity_constrained_shuffled_geometry,11401,3,0.0,0.6062040935107881,1.0,4,4
PushT,jepa_wm_pusht,12,1,fidelity_constrained_shuffled_geometry__seed11401,fidelity_constrained_shuffled_geometry,11401,6,0.01885074951463251,0.7610977092607681,0.0,4,2
PushT,jepa_wm_pusht,13,1,fidelity_constrained_shuffled_geometry__seed11401,fidelity_constrained_shuffled_geometry,11401,1,0.9488516591828323,0.18350528915883507,0.0,0,6
PushT,jepa_wm_pusht,13,1,fidelity_constrained_shuffled_geometry__seed11401,fidelity_constrained_shuffled_geometry,11401,3,0.0161718104917741,0.7850071292209969,0.0,4,2
PushT,jepa_wm_pusht,13,1,fidelity_constrained_shuffled_geometry__seed11401,fidelity_constrained_shuffled_geometry,11401,6,0.0,0.8860253256663309,1.0,2,2
PushT,jepa_wm_pusht,14,1,fidelity_constrained_shuffled_geometry__seed11401,fidelity_constrained_shuffled_geometry,11401,1,0.0,nan,1.0,7,0
PushT,jepa_wm_pusht,14,1,fidelity_constrained_shuffled_geometry__seed11401,fidelity_constrained_shuffled_geometry,11401,3,0.22439910568143512,0.7933240616478884,0.0,5,2
PushT,jepa_wm_pusht,14,1,fidelity_constrained_shuffled_geometry__seed11401,fidelity_constrained_shuffled_geometry,11401,6,0.10985312473301036,0.6977237913087923,0.0,3,2
PushT,jepa_wm_pusht,15,1,fidelity_constrained_shuffled_geometry__seed11401,fidelity_constrained_shuffled_geometry,11401,1,0.0,nan,1.0,9,0
PushT,jepa_wm_pusht,15,1,fidelity_constrained_shuffled_geometry__seed11401,fidelity_constrained_shuffled_geometry,11401,3,0.0,0.8728815651574486,1.0,2,2
PushT,jepa_wm_pusht,15,1,fidelity_constrained_shuffled_geometry__seed11401,fidelity_constrained_shuffled_geometry,11401,6,0.0,0.5915498942207866,1.0,3,3
PushT,jepa_wm_pusht,16,2,fidelity_constrained_shuffled_geometry__seed11401,fidelity_constrained_shuffled_geometry,11401,1,0.04667333317829818,0.9759580478347364,0.0,6,4
PushT,jepa_wm_pusht,16,2,fidelity_constrained_shuffled_geometry__seed11401,fidelity_constrained_shuffled_geometry,11401,3,0.0,0.7533667454612822,1.0,6,6
PushT,jepa_wm_pusht,16,2,fidelity_constrained_shuffled_geometry__seed11401,fidelity_constrained_shuffled_geometry,11401,6,0.0,0.4167019799010358,1.0,6,6
PushT,jepa_wm_pusht,17,2,fidelity_constrained_shuffled_geometry__seed11401,fidelity_constrained_shuffled_geometry,11401,1,0.0,nan,1.0,4,0
PushT,jepa_wm_pusht,17,2,fidelity_constrained_shuffled_geometry__seed11401,fidelity_constrained_shuffled_geometry,11401,3,0.5789271149086822,0.5754669978947097,0.0,4,2
PushT,jepa_wm_pusht,17,2,fidelity_constrained_shuffled_geometry__seed11401,fidelity_constrained_shuffled_geometry,11401,6,0.0,0.7513638268287729,1.0,3,3
PushT,jepa_wm_pusht,18,2,fidelity_constrained_shuffled_geometry__seed11401,fidelity_constrained_shuffled_geometry,11401,1,0.0,nan,1.0,5,0
PushT,jepa_wm_pusht,18,2,fidelity_constrained_shuffled_geometry__seed11401,fidelity_constrained_shuffled_geometry,11401,3,0.44201480759003287,0.7889615842867953,0.0,5,2
PushT,jepa_wm_pusht,18,2,fidelity_constrained_shuffled_geometry__seed11401,fidelity_constrained_shuffled_geometry,11401,6,1.0,0.42167637713172834,0.0,7,2
PushT,jepa_wm_pusht,19,2,fidelity_constrained_shuffled_geometry__seed11401,fidelity_constrained_shuffled_geometry,11401,1,0.0,0.883968134000689,1.0,7,7
PushT,jepa_wm_pusht,19,2,fidelity_constrained_shuffled_geometry__seed11401,fidelity_constrained_shuffled_geometry,11401,3,0.0,0.9761165122569129,1.0,7,7
PushT,jepa_wm_pusht,19,2,fidelity_constrained_shuffled_geometry__seed11401,fidelity_constrained_shuffled_geometry,11401,6,0.05206520357815755,0.7588362377497374,0.0,7,5
PushT,jepa_wm_pusht,20,2,fidelity_constrained_shuffled_geometry__seed11401,fidelity_constrained_shuffled_geometry,11401,1,0.071849549171498,0.9832668073084491,0.0,6,8
PushT,jepa_wm_pusht,20,2,fidelity_constrained_shuffled_geometry__seed11401,fidelity_constrained_shuffled_geometry,11401,3,0.06837919317243876,0.8052101366498173,0.0,6,8
PushT,jepa_wm_pusht,20,2,fidelity_constrained_shuffled_geometry__seed11401,fidelity_constrained_shuffled_geometry,11401,6,1.0,0.1598567604023869,0.0,3,8
PushT,jepa_wm_pusht,21,2,fidelity_constrained_shuffled_geometry__seed11401,fidelity_constrained_shuffled_geometry,11401,1,0.0,nan,1.0,4,0
PushT,jepa_wm_pusht,21,2,fidelity_constrained_shuffled_geometry__seed11401,fidelity_constrained_shuffled_geometry,11401,3,0.7585503102919223,0.5058892291896907,0.0,4,2
PushT,jepa_wm_pusht,21,2,fidelity_constrained_shuffled_geometry__seed11401,fidelity_constrained_shuffled_geometry,11401,6,0.0,0.6598881474111782,1.0,3,3
PushT,jepa_wm_pusht,22,2,fidelity_constrained_shuffled_geometry__seed11401,fidelity_constrained_shuffled_geometry,11401,1,1.0,0.1111111111111111,0.0,5,6
PushT,jepa_wm_pusht,22,2,fidelity_constrained_shuffled_geometry__seed11401,fidelity_constrained_shuffled_geometry,11401,3,0.0,0.9258590962450793,1.0,4,4
PushT,jepa_wm_pusht,22,2,fidelity_constrained_shuffled_geometry__seed11401,fidelity_constrained_shuffled_geometry,11401,6,1.0,0.6411414206608341,0.0,6,4
PushT,jepa_wm_pusht,23,2,fidelity_constrained_shuffled_geometry__seed11401,fidelity_constrained_shuffled_geometry,11401,1,0.06271666156975347,0.7584436892769595,0.0,5,9
PushT,jepa_wm_pusht,23,2,fidelity_constrained_shuffled_geometry__seed11401,fidelity_constrained_shuffled_geometry,11401,3,1.0,0.23945179147192724,0.0,8,9
PushT,jepa_wm_pusht,23,2,fidelity_constrained_shuffled_geometry__seed11401,fidelity_constrained_shuffled_geometry,11401,6,0.01662600440501789,0.8045772641139007,0.0,5,9
PushT,jepa_wm_pusht,48,6,fidelity_constrained_shuffled_geometry__seed11401,fidelity_constrained_shuffled_geometry,11401,1,0.09012243500443963,0.810178414751418,0.0,0,9
PushT,jepa_wm_pusht,48,6,fidelity_constrained_shuffled_geometry__seed11401,fidelity_constrained_shuffled_geometry,11401,3,0.03292797551033872,0.8026387496899144,0.0,7,5
PushT,jepa_wm_pusht,48,6,fidelity_constrained_shuffled_geometry__seed11401,fidelity_constrained_shuffled_geometry,11401,6,0.0,0.915825899929403,1.0,5,5
PushT,jepa_wm_pusht,49,6,fidelity_constrained_shuffled_geometry__seed11401,fidelity_constrained_shuffled_geometry,11401,1,1.0,0.13412564757695916,0.0,8,5
PushT,jepa_wm_pusht,49,6,fidelity_constrained_shuffled_geometry__seed11401,fidelity_constrained_shuffled_geometry,11401,3,0.0,0.9036693536112518,1.0,5,5
PushT,jepa_wm_pusht,49,6,fidelity_constrained_shuffled_geometry__seed11401,fidelity_constrained_shuffled_geometry,11401,6,0.0,0.9036049774784389,1.0,5,5
PushT,jepa_wm_pusht,50,6,fidelity_constrained_shuffled_geometry__seed11401,fidelity_constrained_shuffled_geometry,11401,1,0.026574968337305327,0.8664028777287549,0.0,4,1
PushT,jepa_wm_pusht,50,6,fidelity_constrained_shuffled_geometry__seed11401,fidelity_constrained_shuffled_geometry,11401,3,0.0,0.9979207415198539,1.0,2,2
PushT,jepa_wm_pusht,50,6,fidelity_constrained_shuffled_geometry__seed11401,fidelity_constrained_shuffled_geometry,11401,6,0.0,0.9070423725052927,1.0,2,2
PushT,jepa_wm_pusht,51,6,fidelity_constrained_shuffled_geometry__seed11401,fidelity_constrained_shuffled_geometry,11401,1,0.3905729249325504,0.9055636140157496,0.0,5,9
PushT,jepa_wm_pusht,51,6,fidelity_constrained_shuffled_geometry__seed11401,fidelity_constrained_shuffled_geometry,11401,3,0.8329904504891641,0.24061103007733575,0.0,1,9
PushT,jepa_wm_pusht,51,6,fidelity_constrained_shuffled_geometry__seed11401,fidelity_constrained_shuffled_geometry,11401,6,0.8472560153227433,0.8253718989578747,0.0,3,9
PushT,jepa_wm_pusht,52,6,fidelity_constrained_shuffled_geometry__seed11401,fidelity_constrained_shuffled_geometry,11401,1,0.0,0.8888888888888888,1.0,7,0
PushT,jepa_wm_pusht,52,6,fidelity_constrained_shuffled_geometry__seed11401,fidelity_constrained_shuffled_geometry,11401,3,0.13522847553569003,0.2310335193619637,0.0,1,2
PushT,jepa_wm_pusht,52,6,fidelity_constrained_shuffled_geometry__seed11401,fidelity_constrained_shuffled_geometry,11401,6,1.0,0.38227624011187483,0.0,6,3
PushT,jepa_wm_pusht,53,6,fidelity_constrained_shuffled_geometry__seed11401,fidelity_constrained_shuffled_geometry,11401,1,0.0,0.5510440227703827,1.0,9,9
PushT,jepa_wm_pusht,53,6,fidelity_constrained_shuffled_geometry__seed11401,fidelity_constrained_shuffled_geometry,11401,3,0.0,0.9698544596009091,1.0,5,5
PushT,jepa_wm_pusht,53,6,fidelity_constrained_shuffled_geometry__seed11401,fidelity_constrained_shuffled_geometry,11401,6,0.0,0.8940601405197657,1.0,5,5
PushT,jepa_wm_pusht,54,6,fidelity_constrained_shuffled_geometry__seed11401,fidelity_constrained_shuffled_geometry,11401,1,0.5144474869020803,0.8570620036087707,0.0,7,4
PushT,jepa_wm_pusht,54,6,fidelity_constrained_shuffled_geometry__seed11401,fidelity_constrained_shuffled_geometry,11401,3,0.3056015488280241,0.8096293087087817,0.0,6,4
PushT,jepa_wm_pusht,54,6,fidelity_constrained_shuffled_geometry__seed11401,fidelity_constrained_shuffled_geometry,11401,6,0.0,0.7132690920667433,1.0,4,4
PushT,jepa_wm_pusht,55,6,fidelity_constrained_shuffled_geometry__seed11401,fidelity_constrained_shuffled_geometry,11401,1,1.0,0.0,0.0,6,0
PushT,jepa_wm_pusht,55,6,fidelity_constrained_shuffled_geometry__seed11401,fidelity_constrained_shuffled_geometry,11401,3,1.0,0.3565852670756366,0.0,6,8
PushT,jepa_wm_pusht,55,6,fidelity_constrained_shuffled_geometry__seed11401,fidelity_constrained_shuffled_geometry,11401,6,1.0,0.3132787488924417,0.0,6,3
PushT,jepa_wm_pusht,8,1,fidelity_constrained_matched_geometry__seed11401,fidelity_constrained_matched_geometry,11401,1,0.01282478008355127,0.8882608281952827,0.0,6,1
PushT,jepa_wm_pusht,8,1,fidelity_constrained_matched_geometry__seed11401,fidelity_constrained_matched_geometry,11401,3,0.0,0.6514399473549798,1.0,6,6
PushT,jepa_wm_pusht,8,1,fidelity_constrained_matched_geometry__seed11401,fidelity_constrained_matched_geometry,11401,6,0.5781148528381919,0.23706142845540695,0.0,8,1
PushT,jepa_wm_pusht,9,1,fidelity_constrained_matched_geometry__seed11401,fidelity_constrained_matched_geometry,11401,1,0.8274135674934155,0.010384531390538817,0.0,7,0
PushT,jepa_wm_pusht,9,1,fidelity_constrained_matched_geometry__seed11401,fidelity_constrained_matched_geometry,11401,3,0.7286493483691098,0.11232398601712566,0.0,7,2
PushT,jepa_wm_pusht,9,1,fidelity_constrained_matched_geometry__seed11401,fidelity_constrained_matched_geometry,11401,6,0.8502269524673542,0.3791036729080747,0.0,7,3
PushT,jepa_wm_pusht,10,1,fidelity_constrained_matched_geometry__seed11401,fidelity_constrained_matched_geometry,11401,1,0.12049358852617963,0.9787368933195569,0.0,4,1
PushT,jepa_wm_pusht,10,1,fidelity_constrained_matched_geometry__seed11401,fidelity_constrained_matched_geometry,11401,3,0.0,0.8611652164788753,1.0,6,6
PushT,jepa_wm_pusht,10,1,fidelity_constrained_matched_geometry__seed11401,fidelity_constrained_matched_geometry,11401,6,0.0,0.5717999507807378,1.0,6,6
PushT,jepa_wm_pusht,11,1,fidelity_constrained_matched_geometry__seed11401,fidelity_constrained_matched_geometry,11401,1,0.49698986494663716,0.42486576383211727,0.0,8,7
PushT,jepa_wm_pusht,11,1,fidelity_constrained_matched_geometry__seed11401,fidelity_constrained_matched_geometry,11401,3,0.0,0.406943190786347,1.0,6,6
PushT,jepa_wm_pusht,11,1,fidelity_constrained_matched_geometry__seed11401,fidelity_constrained_matched_geometry,11401,6,1.0,0.29584552167991374,0.0,3,6
PushT,jepa_wm_pusht,12,1,fidelity_constrained_matched_geometry__seed11401,fidelity_constrained_matched_geometry,11401,1,0.15542731492732748,0.9765664079723951,0.0,8,6
PushT,jepa_wm_pusht,12,1,fidelity_constrained_matched_geometry__seed11401,fidelity_constrained_matched_geometry,11401,3,0.0,0.671306915240101,1.0,4,4
PushT,jepa_wm_pusht,12,1,fidelity_constrained_matched_geometry__seed11401,fidelity_constrained_matched_geometry,11401,6,0.01885074951463251,0.7895299093493007,0.0,4,2
PushT,jepa_wm_pusht,13,1,fidelity_constrained_matched_geometry__seed11401,fidelity_constrained_matched_geometry,11401,1,0.9488516591828323,0.13809115707252423,0.0,0,6
PushT,jepa_wm_pusht,13,1,fidelity_constrained_matched_geometry__seed11401,fidelity_constrained_matched_geometry,11401,3,0.0161718104917741,0.7902372084566874,0.0,4,2
PushT,jepa_wm_pusht,13,1,fidelity_constrained_matched_geometry__seed11401,fidelity_constrained_matched_geometry,11401,6,0.0,0.8860253256663309,1.0,2,2
PushT,jepa_wm_pusht,14,1,fidelity_constrained_matched_geometry__seed11401,fidelity_constrained_matched_geometry,11401,1,0.0,nan,1.0,7,0
PushT,jepa_wm_pusht,14,1,fidelity_constrained_matched_geometry__seed11401,fidelity_constrained_matched_geometry,11401,3,0.22439910568143512,0.8166862912339234,0.0,5,2
PushT,jepa_wm_pusht,14,1,fidelity_constrained_matched_geometry__seed11401,fidelity_constrained_matched_geometry,11401,6,0.10985312473301036,0.7550156759718953,0.0,3,2
PushT,jepa_wm_pusht,15,1,fidelity_constrained_matched_geometry__seed11401,fidelity_constrained_matched_geometry,11401,1,0.0,nan,1.0,9,0
PushT,jepa_wm_pusht,15,1,fidelity_constrained_matched_geometry__seed11401,fidelity_constrained_matched_geometry,11401,3,0.0,0.8728815651574486,1.0,2,2
PushT,jepa_wm_pusht,15,1,fidelity_constrained_matched_geometry__seed11401,fidelity_constrained_matched_geometry,11401,6,1.0,0.5292387451428294,0.0,7,3
PushT,jepa_wm_pusht,16,2,fidelity_constrained_matched_geometry__seed11401,fidelity_constrained_matched_geometry,11401,1,0.04667333317829818,0.9759580478347364,0.0,6,4
PushT,jepa_wm_pusht,16,2,fidelity_constrained_matched_geometry__seed11401,fidelity_constrained_matched_geometry,11401,3,0.32628899571658077,0.7348137495418989,0.0,4,6
PushT,jepa_wm_pusht,16,2,fidelity_constrained_matched_geometry__seed11401,fidelity_constrained_matched_geometry,11401,6,0.0,0.5121939858858138,1.0,6,6
PushT,jepa_wm_pusht,17,2,fidelity_constrained_matched_geometry__seed11401,fidelity_constrained_matched_geometry,11401,1,0.0,nan,1.0,4,0
PushT,jepa_wm_pusht,17,2,fidelity_constrained_matched_geometry__seed11401,fidelity_constrained_matched_geometry,11401,3,0.5789271149086822,0.6031778390259726,0.0,4,2
PushT,jepa_wm_pusht,17,2,fidelity_constrained_matched_geometry__seed11401,fidelity_constrained_matched_geometry,11401,6,0.0,0.7513638268287729,1.0,3,3
PushT,jepa_wm_pusht,18,2,fidelity_constrained_matched_geometry__seed11401,fidelity_constrained_matched_geometry,11401,1,0.0,nan,1.0,1,0
PushT,jepa_wm_pusht,18,2,fidelity_constrained_matched_geometry__seed11401,fidelity_constrained_matched_geometry,11401,3,0.44201480759003287,0.7492475583310807,0.0,5,2
PushT,jepa_wm_pusht,18,2,fidelity_constrained_matched_geometry__seed11401,fidelity_constrained_matched_geometry,11401,6,1.0,0.41557234180705266,0.0,7,2
PushT,jepa_wm_pusht,19,2,fidelity_constrained_matched_geometry__seed11401,fidelity_constrained_matched_geometry,11401,1,0.0,0.883968134000689,1.0,7,7
PushT,jepa_wm_pusht,19,2,fidelity_constrained_matched_geometry__seed11401,fidelity_constrained_matched_geometry,11401,3,0.0,0.9761165122569129,1.0,7,7
PushT,jepa_wm_pusht,19,2,fidelity_constrained_matched_geometry__seed11401,fidelity_constrained_matched_geometry,11401,6,0.05206520357815755,0.7588362377497374,0.0,7,5
PushT,jepa_wm_pusht,20,2,fidelity_constrained_matched_geometry__seed11401,fidelity_constrained_matched_geometry,11401,1,0.071849549171498,0.9832668073084491,0.0,6,8
PushT,jepa_wm_pusht,20,2,fidelity_constrained_matched_geometry__seed11401,fidelity_constrained_matched_geometry,11401,3,0.06837919317243876,0.8052101366498173,0.0,6,8
PushT,jepa_wm_pusht,20,2,fidelity_constrained_matched_geometry__seed11401,fidelity_constrained_matched_geometry,11401,6,1.0,0.1598567604023869,0.0,3,8
PushT,jepa_wm_pusht,21,2,fidelity_constrained_matched_geometry__seed11401,fidelity_constrained_matched_geometry,11401,1,0.0,nan,1.0,4,0
PushT,jepa_wm_pusht,21,2,fidelity_constrained_matched_geometry__seed11401,fidelity_constrained_matched_geometry,11401,3,0.7585503102919223,0.5812243801753189,0.0,4,2
PushT,jepa_wm_pusht,21,2,fidelity_constrained_matched_geometry__seed11401,fidelity_constrained_matched_geometry,11401,6,0.0,0.7607779340821659,1.0,3,3
PushT,jepa_wm_pusht,22,2,fidelity_constrained_matched_geometry__seed11401,fidelity_constrained_matched_geometry,11401,1,1.0,0.1111111111111111,0.0,5,6
PushT,jepa_wm_pusht,22,2,fidelity_constrained_matched_geometry__seed11401,fidelity_constrained_matched_geometry,11401,3,0.0,0.8773740434814482,1.0,4,4
PushT,jepa_wm_pusht,22,2,fidelity_constrained_matched_geometry__seed11401,fidelity_constrained_matched_geometry,11401,6,1.0,0.6411414206608341,0.0,6,4
PushT,jepa_wm_pusht,23,2,fidelity_constrained_matched_geometry__seed11401,fidelity_constrained_matched_geometry,11401,1,0.06271666156975347,0.7560033329957477,0.0,5,9
PushT,jepa_wm_pusht,23,2,fidelity_constrained_matched_geometry__seed11401,fidelity_constrained_matched_geometry,11401,3,1.0,0.22403594894565698,0.0,8,9
PushT,jepa_wm_pusht,23,2,fidelity_constrained_matched_geometry__seed11401,fidelity_constrained_matched_geometry,11401,6,0.01662600440501789,0.5027299885837012,0.0,5,9
PushT,jepa_wm_pusht,48,6,fidelity_constrained_matched_geometry__seed11401,fidelity_constrained_matched_geometry,11401,1,0.09012243500443963,0.8251479910291066,0.0,0,9
PushT,jepa_wm_pusht,48,6,fidelity_constrained_matched_geometry__seed11401,fidelity_constrained_matched_geometry,11401,3,0.03292797551033872,0.8026387496899144,0.0,7,5
PushT,jepa_wm_pusht,48,6,fidelity_constrained_matched_geometry__seed11401,fidelity_constrained_matched_geometry,11401,6,0.0,0.9131311431584099,1.0,5,5
PushT,jepa_wm_pusht,49,6,fidelity_constrained_matched_geometry__seed11401,fidelity_constrained_matched_geometry,11401,1,1.0,0.18566602001709617,0.0,8,5
PushT,jepa_wm_pusht,49,6,fidelity_constrained_matched_geometry__seed11401,fidelity_constrained_matched_geometry,11401,3,0.0,0.9036693536112518,1.0,5,5
PushT,jepa_wm_pusht,49,6,fidelity_constrained_matched_geometry__seed11401,fidelity_constrained_matched_geometry,11401,6,0.0,0.9075152589567792,1.0,5,5
PushT,jepa_wm_pusht,50,6,fidelity_constrained_matched_geometry__seed11401,fidelity_constrained_matched_geometry,11401,1,0.026574968337305327,0.8697647103863012,0.0,4,1
PushT,jepa_wm_pusht,50,6,fidelity_constrained_matched_geometry__seed11401,fidelity_constrained_matched_geometry,11401,3,0.0,0.9979207415198539,1.0,2,2
PushT,jepa_wm_pusht,50,6,fidelity_constrained_matched_geometry__seed11401,fidelity_constrained_matched_geometry,11401,6,0.11176022326401269,0.9415568148684649,0.0,4,2
PushT,jepa_wm_pusht,51,6,fidelity_constrained_matched_geometry__seed11401,fidelity_constrained_matched_geometry,11401,1,0.3905729249325504,0.8969393844182161,0.0,5,9
PushT,jepa_wm_pusht,51,6,fidelity_constrained_matched_geometry__seed11401,fidelity_constrained_matched_geometry,11401,3,0.8329904504891641,0.2949357268161245,0.0,1,9
PushT,jepa_wm_pusht,51,6,fidelity_constrained_matched_geometry__seed11401,fidelity_constrained_matched_geometry,11401,6,0.8472560153227433,0.7743009338245914,0.0,3,9
PushT,jepa_wm_pusht,52,6,fidelity_constrained_matched_geometry__seed11401,fidelity_constrained_matched_geometry,11401,1,0.0,0.7777777777777778,1.0,7,0
PushT,jepa_wm_pusht,52,6,fidelity_constrained_matched_geometry__seed11401,fidelity_constrained_matched_geometry,11401,3,0.3477543489605677,0.25168347209956365,0.0,4,2
PushT,jepa_wm_pusht,52,6,fidelity_constrained_matched_geometry__seed11401,fidelity_constrained_matched_geometry,11401,6,1.0,0.4127496191968014,0.0,6,3
PushT,jepa_wm_pusht,53,6,fidelity_constrained_matched_geometry__seed11401,fidelity_constrained_matched_geometry,11401,1,0.0,0.5510440227703827,1.0,9,9
PushT,jepa_wm_pusht,53,6,fidelity_constrained_matched_geometry__seed11401,fidelity_constrained_matched_geometry,11401,3,0.0,0.9856538405971085,1.0,5,5
PushT,jepa_wm_pusht,53,6,fidelity_constrained_matched_geometry__seed11401,fidelity_constrained_matched_geometry,11401,6,0.0,0.8940601405197657,1.0,5,5
PushT,jepa_wm_pusht,54,6,fidelity_constrained_matched_geometry__seed11401,fidelity_constrained_matched_geometry,11401,1,0.5144474869020803,0.8330901466770251,0.0,7,4
PushT,jepa_wm_pusht,54,6,fidelity_constrained_matched_geometry__seed11401,fidelity_constrained_matched_geometry,11401,3,0.3056015488280241,0.7874085754631294,0.0,6,4
PushT,jepa_wm_pusht,54,6,fidelity_constrained_matched_geometry__seed11401,fidelity_constrained_matched_geometry,11401,6,0.0,0.8567130329659911,1.0,4,4
PushT,jepa_wm_pusht,55,6,fidelity_constrained_matched_geometry__seed11401,fidelity_constrained_matched_geometry,11401,1,1.0,0.0,0.0,6,0
PushT,jepa_wm_pusht,55,6,fidelity_constrained_matched_geometry__seed11401,fidelity_constrained_matched_geometry,11401,3,1.0,0.22438592653967263,0.0,6,8
PushT,jepa_wm_pusht,55,6,fidelity_constrained_matched_geometry__seed11401,fidelity_constrained_matched_geometry,11401,6,1.0,0.32857390861053837,0.0,6,3
PushT,jepa_wm_pusht,8,1,fidelity_constrained_latent_only__seed11419,fidelity_constrained_latent_only,11419,1,0.01282478008355127,0.8882608281952827,0.0,6,1
PushT,jepa_wm_pusht,8,1,fidelity_constrained_latent_only__seed11419,fidelity_constrained_latent_only,11419,3,0.0,0.6514399473549798,1.0,6,6
PushT,jepa_wm_pusht,8,1,fidelity_constrained_latent_only__seed11419,fidelity_constrained_latent_only,11419,6,0.5781148528381919,0.22582231298718328,0.0,8,1
PushT,jepa_wm_pusht,9,1,fidelity_constrained_latent_only__seed11419,fidelity_constrained_latent_only,11419,1,0.8274135674934155,0.010384531390538817,0.0,7,0
PushT,jepa_wm_pusht,9,1,fidelity_constrained_latent_only__seed11419,fidelity_constrained_latent_only,11419,3,0.7286493483691098,0.10914643344926454,0.0,7,2
PushT,jepa_wm_pusht,9,1,fidelity_constrained_latent_only__seed11419,fidelity_constrained_latent_only,11419,6,0.8502269524673542,0.26678889987299126,0.0,7,3
PushT,jepa_wm_pusht,10,1,fidelity_constrained_latent_only__seed11419,fidelity_constrained_latent_only,11419,1,0.12049358852617963,0.9787368933195569,0.0,4,1
PushT,jepa_wm_pusht,10,1,fidelity_constrained_latent_only__seed11419,fidelity_constrained_latent_only,11419,3,0.6177998268323661,0.8061538045644067,0.0,2,6
PushT,jepa_wm_pusht,10,1,fidelity_constrained_latent_only__seed11419,fidelity_constrained_latent_only,11419,6,0.6789019354624969,0.5283569538556676,0.0,3,6
PushT,jepa_wm_pusht,11,1,fidelity_constrained_latent_only__seed11419,fidelity_constrained_latent_only,11419,1,0.49698986494663716,0.32932717087006264,0.0,8,7
PushT,jepa_wm_pusht,11,1,fidelity_constrained_latent_only__seed11419,fidelity_constrained_latent_only,11419,3,0.0,0.406943190786347,1.0,6,6
PushT,jepa_wm_pusht,11,1,fidelity_constrained_latent_only__seed11419,fidelity_constrained_latent_only,11419,6,1.0,0.29584552167991374,0.0,3,6
PushT,jepa_wm_pusht,12,1,fidelity_constrained_latent_only__seed11419,fidelity_constrained_latent_only,11419,1,0.15542731492732748,0.8939211199140308,0.0,8,6
PushT,jepa_wm_pusht,12,1,fidelity_constrained_latent_only__seed11419,fidelity_constrained_latent_only,11419,3,0.0,0.5958407010353197,1.0,4,4
PushT,jepa_wm_pusht,12,1,fidelity_constrained_latent_only__seed11419,fidelity_constrained_latent_only,11419,6,0.01885074951463251,0.6823948127241906,0.0,4,2
PushT,jepa_wm_pusht,13,1,fidelity_constrained_latent_only__seed11419,fidelity_constrained_latent_only,11419,1,0.9488516591828323,0.13809115707252423,0.0,0,6
PushT,jepa_wm_pusht,13,1,fidelity_constrained_latent_only__seed11419,fidelity_constrained_latent_only,11419,3,0.0161718104917741,0.7902372084566874,0.0,4,2
PushT,jepa_wm_pusht,13,1,fidelity_constrained_latent_only__seed11419,fidelity_constrained_latent_only,11419,6,0.0,0.8860253256663309,1.0,2,2
PushT,jepa_wm_pusht,14,1,fidelity_constrained_latent_only__seed11419,fidelity_constrained_latent_only,11419,1,0.0,nan,1.0,7,0
PushT,jepa_wm_pusht,14,1,fidelity_constrained_latent_only__seed11419,fidelity_constrained_latent_only,11419,3,0.22439910568143512,0.7470512008670623,0.0,5,2
PushT,jepa_wm_pusht,14,1,fidelity_constrained_latent_only__seed11419,fidelity_constrained_latent_only,11419,6,0.10985312473301036,0.7245726191907192,0.0,3,2
PushT,jepa_wm_pusht,15,1,fidelity_constrained_latent_only__seed11419,fidelity_constrained_latent_only,11419,1,0.0,nan,1.0,9,0
PushT,jepa_wm_pusht,15,1,fidelity_constrained_latent_only__seed11419,fidelity_constrained_latent_only,11419,3,0.0,0.8728815651574486,1.0,2,2
PushT,jepa_wm_pusht,15,1,fidelity_constrained_latent_only__seed11419,fidelity_constrained_latent_only,11419,6,0.0,0.5915498942207866,1.0,3,3
PushT,jepa_wm_pusht,16,2,fidelity_constrained_latent_only__seed11419,fidelity_constrained_latent_only,11419,1,0.04667333317829818,0.9759580478347364,0.0,6,4
PushT,jepa_wm_pusht,16,2,fidelity_constrained_latent_only__seed11419,fidelity_constrained_latent_only,11419,3,0.32628899571658077,0.7348137495418989,0.0,4,6
PushT,jepa_wm_pusht,16,2,fidelity_constrained_latent_only__seed11419,fidelity_constrained_latent_only,11419,6,0.0,0.5020079170827089,1.0,6,6
PushT,jepa_wm_pusht,17,2,fidelity_constrained_latent_only__seed11419,fidelity_constrained_latent_only,11419,1,0.0,nan,1.0,4,0
PushT,jepa_wm_pusht,17,2,fidelity_constrained_latent_only__seed11419,fidelity_constrained_latent_only,11419,3,0.5789271149086822,0.5754669978947097,0.0,4,2
PushT,jepa_wm_pusht,17,2,fidelity_constrained_latent_only__seed11419,fidelity_constrained_latent_only,11419,6,0.0,0.6955131079635546,1.0,3,3
PushT,jepa_wm_pusht,18,2,fidelity_constrained_latent_only__seed11419,fidelity_constrained_latent_only,11419,1,0.0,nan,1.0,5,0
PushT,jepa_wm_pusht,18,2,fidelity_constrained_latent_only__seed11419,fidelity_constrained_latent_only,11419,3,0.44201480759003287,0.7492475583310807,0.0,5,2
PushT,jepa_wm_pusht,18,2,fidelity_constrained_latent_only__seed11419,fidelity_constrained_latent_only,11419,6,1.0,0.4495795409412687,0.0,7,2
PushT,jepa_wm_pusht,19,2,fidelity_constrained_latent_only__seed11419,fidelity_constrained_latent_only,11419,1,0.0,0.883968134000689,1.0,7,7
PushT,jepa_wm_pusht,19,2,fidelity_constrained_latent_only__seed11419,fidelity_constrained_latent_only,11419,3,0.0,0.9786737532318673,1.0,7,7
PushT,jepa_wm_pusht,19,2,fidelity_constrained_latent_only__seed11419,fidelity_constrained_latent_only,11419,6,0.05206520357815755,0.7529317406830456,0.0,7,5
PushT,jepa_wm_pusht,20,2,fidelity_constrained_latent_only__seed11419,fidelity_constrained_latent_only,11419,1,0.0,0.9840304649775201,1.0,8,8
PushT,jepa_wm_pusht,20,2,fidelity_constrained_latent_only__seed11419,fidelity_constrained_latent_only,11419,3,0.06837919317243876,0.8052101366498173,0.0,6,8
PushT,jepa_wm_pusht,20,2,fidelity_constrained_latent_only__seed11419,fidelity_constrained_latent_only,11419,6,1.0,0.1598567604023869,0.0,3,8
PushT,jepa_wm_pusht,21,2,fidelity_constrained_latent_only__seed11419,fidelity_constrained_latent_only,11419,1,0.0,nan,1.0,4,0
PushT,jepa_wm_pusht,21,2,fidelity_constrained_latent_only__seed11419,fidelity_constrained_latent_only,11419,3,0.7585503102919223,0.5496936158269279,0.0,4,2
PushT,jepa_wm_pusht,21,2,fidelity_constrained_latent_only__seed11419,fidelity_constrained_latent_only,11419,6,0.0,0.7203268319355824,1.0,3,3
PushT,jepa_wm_pusht,22,2,fidelity_constrained_latent_only__seed11419,fidelity_constrained_latent_only,11419,1,1.0,0.1111111111111111,0.0,5,6
PushT,jepa_wm_pusht,22,2,fidelity_constrained_latent_only__seed11419,fidelity_constrained_latent_only,11419,3,0.0,0.9032060641008308,1.0,4,4
PushT,jepa_wm_pusht,22,2,fidelity_constrained_latent_only__seed11419,fidelity_constrained_latent_only,11419,6,1.0,0.6356313457675533,0.0,6,4
PushT,jepa_wm_pusht,23,2,fidelity_constrained_latent_only__seed11419,fidelity_constrained_latent_only,11419,1,0.06271666156975347,0.5342011799486573,0.0,5,9
PushT,jepa_wm_pusht,23,2,fidelity_constrained_latent_only__seed11419,fidelity_constrained_latent_only,11419,3,1.0,0.1850522766331024,0.0,8,9
PushT,jepa_wm_pusht,23,2,fidelity_constrained_latent_only__seed11419,fidelity_constrained_latent_only,11419,6,0.01662600440501789,0.503532877667193,0.0,5,9
PushT,jepa_wm_pusht,48,6,fidelity_constrained_latent_only__seed11419,fidelity_constrained_latent_only,11419,1,0.09012243500443963,0.9497636011387915,0.0,0,9
PushT,jepa_wm_pusht,48,6,fidelity_constrained_latent_only__seed11419,fidelity_constrained_latent_only,11419,3,0.03292797551033872,0.8094523776068497,0.0,7,5
PushT,jepa_wm_pusht,48,6,fidelity_constrained_latent_only__seed11419,fidelity_constrained_latent_only,11419,6,0.0,0.9131311431584099,1.0,5,5
PushT,jepa_wm_pusht,49,6,fidelity_constrained_latent_only__seed11419,fidelity_constrained_latent_only,11419,1,1.0,0.18566602001709617,0.0,8,5
PushT,jepa_wm_pusht,49,6,fidelity_constrained_latent_only__seed11419,fidelity_constrained_latent_only,11419,3,0.0,0.9036693536112518,1.0,5,5
PushT,jepa_wm_pusht,49,6,fidelity_constrained_latent_only__seed11419,fidelity_constrained_latent_only,11419,6,0.0,0.8948509492094207,1.0,5,5
PushT,jepa_wm_pusht,50,6,fidelity_constrained_latent_only__seed11419,fidelity_constrained_latent_only,11419,1,0.026574968337305327,0.8291348858725336,0.0,4,1
PushT,jepa_wm_pusht,50,6,fidelity_constrained_latent_only__seed11419,fidelity_constrained_latent_only,11419,3,0.0,0.9979207415198539,1.0,2,2
PushT,jepa_wm_pusht,50,6,fidelity_constrained_latent_only__seed11419,fidelity_constrained_latent_only,11419,6,0.11176022326401269,0.9415568148684649,0.0,4,2
PushT,jepa_wm_pusht,51,6,fidelity_constrained_latent_only__seed11419,fidelity_constrained_latent_only,11419,1,0.3905729249325504,0.8319792687884534,0.0,5,9
PushT,jepa_wm_pusht,51,6,fidelity_constrained_latent_only__seed11419,fidelity_constrained_latent_only,11419,3,0.8329904504891641,0.3720766835232338,0.0,1,9
PushT,jepa_wm_pusht,51,6,fidelity_constrained_latent_only__seed11419,fidelity_constrained_latent_only,11419,6,0.8472560153227433,0.7743009338245914,0.0,3,9
PushT,jepa_wm_pusht,52,6,fidelity_constrained_latent_only__seed11419,fidelity_constrained_latent_only,11419,1,0.0,0.7777777777777778,1.0,7,0
PushT,jepa_wm_pusht,52,6,fidelity_constrained_latent_only__seed11419,fidelity_constrained_latent_only,11419,3,0.3477543489605677,0.1922072476469473,0.0,4,2
PushT,jepa_wm_pusht,52,6,fidelity_constrained_latent_only__seed11419,fidelity_constrained_latent_only,11419,6,1.0,0.4127496191968014,0.0,6,3
PushT,jepa_wm_pusht,53,6,fidelity_constrained_latent_only__seed11419,fidelity_constrained_latent_only,11419,1,0.0,0.5510440227703827,1.0,9,9
PushT,jepa_wm_pusht,53,6,fidelity_constrained_latent_only__seed11419,fidelity_constrained_latent_only,11419,3,0.0,0.9856538405971085,1.0,5,5
PushT,jepa_wm_pusht,53,6,fidelity_constrained_latent_only__seed11419,fidelity_constrained_latent_only,11419,6,0.0,0.8505177723300528,1.0,5,5
PushT,jepa_wm_pusht,54,6,fidelity_constrained_latent_only__seed11419,fidelity_constrained_latent_only,11419,1,0.5144474869020803,0.8330901466770251,0.0,7,4
PushT,jepa_wm_pusht,54,6,fidelity_constrained_latent_only__seed11419,fidelity_constrained_latent_only,11419,3,0.3056015488280241,0.7874085754631294,0.0,6,4
PushT,jepa_wm_pusht,54,6,fidelity_constrained_latent_only__seed11419,fidelity_constrained_latent_only,11419,6,0.0,0.8567130329659911,1.0,4,4
PushT,jepa_wm_pusht,55,6,fidelity_constrained_latent_only__seed11419,fidelity_constrained_latent_only,11419,1,1.0,0.0,0.0,6,0
PushT,jepa_wm_pusht,55,6,fidelity_constrained_latent_only__seed11419,fidelity_constrained_latent_only,11419,3,1.0,0.3198842288095905,0.0,6,8
PushT,jepa_wm_pusht,55,6,fidelity_constrained_latent_only__seed11419,fidelity_constrained_latent_only,11419,6,1.0,0.3233205724110186,0.0,6,3
PushT,jepa_wm_pusht,8,1,fidelity_constrained_shuffled_geometry__seed11419,fidelity_constrained_shuffled_geometry,11419,1,0.01282478008355127,0.8882608281952827,0.0,6,1
PushT,jepa_wm_pusht,8,1,fidelity_constrained_shuffled_geometry__seed11419,fidelity_constrained_shuffled_geometry,11419,3,0.0,0.6198276879329236,1.0,6,6
PushT,jepa_wm_pusht,8,1,fidelity_constrained_shuffled_geometry__seed11419,fidelity_constrained_shuffled_geometry,11419,6,0.5781148528381919,0.17204267658312025,0.0,8,1
PushT,jepa_wm_pusht,9,1,fidelity_constrained_shuffled_geometry__seed11419,fidelity_constrained_shuffled_geometry,11419,1,0.8274135674934155,0.010384531390538817,0.0,7,0
PushT,jepa_wm_pusht,9,1,fidelity_constrained_shuffled_geometry__seed11419,fidelity_constrained_shuffled_geometry,11419,3,0.7286493483691098,0.10978804142837649,0.0,7,2
PushT,jepa_wm_pusht,9,1,fidelity_constrained_shuffled_geometry__seed11419,fidelity_constrained_shuffled_geometry,11419,6,0.8502269524673542,0.26678889987299126,0.0,7,3
PushT,jepa_wm_pusht,10,1,fidelity_constrained_shuffled_geometry__seed11419,fidelity_constrained_shuffled_geometry,11419,1,0.12049358852617963,0.9732011083872997,0.0,4,1
PushT,jepa_wm_pusht,10,1,fidelity_constrained_shuffled_geometry__seed11419,fidelity_constrained_shuffled_geometry,11419,3,0.6177998268323661,0.7957491777340341,0.0,2,6
PushT,jepa_wm_pusht,10,1,fidelity_constrained_shuffled_geometry__seed11419,fidelity_constrained_shuffled_geometry,11419,6,0.0,0.5635869441664905,1.0,6,6
PushT,jepa_wm_pusht,11,1,fidelity_constrained_shuffled_geometry__seed11419,fidelity_constrained_shuffled_geometry,11419,1,0.49698986494663716,0.4928671886083223,0.0,8,7
PushT,jepa_wm_pusht,11,1,fidelity_constrained_shuffled_geometry__seed11419,fidelity_constrained_shuffled_geometry,11419,3,0.6743631771803672,0.3679719865328164,0.0,5,6
PushT,jepa_wm_pusht,11,1,fidelity_constrained_shuffled_geometry__seed11419,fidelity_constrained_shuffled_geometry,11419,6,1.0,0.3120235006590812,0.0,3,6
PushT,jepa_wm_pusht,12,1,fidelity_constrained_shuffled_geometry__seed11419,fidelity_constrained_shuffled_geometry,11419,1,0.15542731492732748,0.8939211199140308,0.0,8,6
PushT,jepa_wm_pusht,12,1,fidelity_constrained_shuffled_geometry__seed11419,fidelity_constrained_shuffled_geometry,11419,3,0.0,0.6062040935107881,1.0,4,4
PushT,jepa_wm_pusht,12,1,fidelity_constrained_shuffled_geometry__seed11419,fidelity_constrained_shuffled_geometry,11419,6,0.01885074951463251,0.7610977092607681,0.0,4,2
PushT,jepa_wm_pusht,13,1,fidelity_constrained_shuffled_geometry__seed11419,fidelity_constrained_shuffled_geometry,11419,1,0.9488516591828323,0.20039033048805835,0.0,0,6
PushT,jepa_wm_pusht,13,1,fidelity_constrained_shuffled_geometry__seed11419,fidelity_constrained_shuffled_geometry,11419,3,0.0161718104917741,0.7850071292209969,0.0,4,2
PushT,jepa_wm_pusht,13,1,fidelity_constrained_shuffled_geometry__seed11419,fidelity_constrained_shuffled_geometry,11419,6,0.0,0.8860253256663309,1.0,2,2
PushT,jepa_wm_pusht,14,1,fidelity_constrained_shuffled_geometry__seed11419,fidelity_constrained_shuffled_geometry,11419,1,0.0,nan,1.0,7,0
PushT,jepa_wm_pusht,14,1,fidelity_constrained_shuffled_geometry__seed11419,fidelity_constrained_shuffled_geometry,11419,3,0.22439910568143512,0.7933240616478884,0.0,5,2
PushT,jepa_wm_pusht,14,1,fidelity_constrained_shuffled_geometry__seed11419,fidelity_constrained_shuffled_geometry,11419,6,0.10985312473301036,0.6977237913087923,0.0,3,2
PushT,jepa_wm_pusht,15,1,fidelity_constrained_shuffled_geometry__seed11419,fidelity_constrained_shuffled_geometry,11419,1,0.0,nan,1.0,9,0
PushT,jepa_wm_pusht,15,1,fidelity_constrained_shuffled_geometry__seed11419,fidelity_constrained_shuffled_geometry,11419,3,0.0,0.8728815651574486,1.0,2,2
PushT,jepa_wm_pusht,15,1,fidelity_constrained_shuffled_geometry__seed11419,fidelity_constrained_shuffled_geometry,11419,6,0.0,0.5787671351988283,1.0,3,3
PushT,jepa_wm_pusht,16,2,fidelity_constrained_shuffled_geometry__seed11419,fidelity_constrained_shuffled_geometry,11419,1,0.04667333317829818,0.9759580478347364,0.0,6,4
PushT,jepa_wm_pusht,16,2,fidelity_constrained_shuffled_geometry__seed11419,fidelity_constrained_shuffled_geometry,11419,3,0.0,0.7533667454612822,1.0,6,6
PushT,jepa_wm_pusht,16,2,fidelity_constrained_shuffled_geometry__seed11419,fidelity_constrained_shuffled_geometry,11419,6,0.0,0.4214126516604001,1.0,6,6
PushT,jepa_wm_pusht,17,2,fidelity_constrained_shuffled_geometry__seed11419,fidelity_constrained_shuffled_geometry,11419,1,0.0,nan,1.0,4,0
PushT,jepa_wm_pusht,17,2,fidelity_constrained_shuffled_geometry__seed11419,fidelity_constrained_shuffled_geometry,11419,3,0.5789271149086822,0.5754669978947097,0.0,4,2
PushT,jepa_wm_pusht,17,2,fidelity_constrained_shuffled_geometry__seed11419,fidelity_constrained_shuffled_geometry,11419,6,0.0,0.7513638268287729,1.0,3,3
PushT,jepa_wm_pusht,18,2,fidelity_constrained_shuffled_geometry__seed11419,fidelity_constrained_shuffled_geometry,11419,1,0.0,nan,1.0,5,0
PushT,jepa_wm_pusht,18,2,fidelity_constrained_shuffled_geometry__seed11419,fidelity_constrained_shuffled_geometry,11419,3,0.44201480759003287,0.7889615842867953,0.0,5,2
PushT,jepa_wm_pusht,18,2,fidelity_constrained_shuffled_geometry__seed11419,fidelity_constrained_shuffled_geometry,11419,6,1.0,0.43616200167737224,0.0,7,2
PushT,jepa_wm_pusht,19,2,fidelity_constrained_shuffled_geometry__seed11419,fidelity_constrained_shuffled_geometry,11419,1,0.0,0.883968134000689,1.0,7,7
PushT,jepa_wm_pusht,19,2,fidelity_constrained_shuffled_geometry__seed11419,fidelity_constrained_shuffled_geometry,11419,3,0.0,0.9761165122569129,1.0,7,7
PushT,jepa_wm_pusht,19,2,fidelity_constrained_shuffled_geometry__seed11419,fidelity_constrained_shuffled_geometry,11419,6,0.05206520357815755,0.7588362377497374,0.0,7,5
PushT,jepa_wm_pusht,20,2,fidelity_constrained_shuffled_geometry__seed11419,fidelity_constrained_shuffled_geometry,11419,1,0.071849549171498,0.9832668073084491,0.0,6,8
PushT,jepa_wm_pusht,20,2,fidelity_constrained_shuffled_geometry__seed11419,fidelity_constrained_shuffled_geometry,11419,3,0.06837919317243876,0.8052101366498173,0.0,6,8
PushT,jepa_wm_pusht,20,2,fidelity_constrained_shuffled_geometry__seed11419,fidelity_constrained_shuffled_geometry,11419,6,1.0,0.1598567604023869,0.0,3,8
PushT,jepa_wm_pusht,21,2,fidelity_constrained_shuffled_geometry__seed11419,fidelity_constrained_shuffled_geometry,11419,1,0.0,nan,1.0,4,0
PushT,jepa_wm_pusht,21,2,fidelity_constrained_shuffled_geometry__seed11419,fidelity_constrained_shuffled_geometry,11419,3,0.7585503102919223,0.5574095848853546,0.0,4,2
PushT,jepa_wm_pusht,21,2,fidelity_constrained_shuffled_geometry__seed11419,fidelity_constrained_shuffled_geometry,11419,6,0.0,0.6803359258596641,1.0,3,3
PushT,jepa_wm_pusht,22,2,fidelity_constrained_shuffled_geometry__seed11419,fidelity_constrained_shuffled_geometry,11419,1,1.0,0.1111111111111111,0.0,5,6
PushT,jepa_wm_pusht,22,2,fidelity_constrained_shuffled_geometry__seed11419,fidelity_constrained_shuffled_geometry,11419,3,0.0,0.933969740819781,1.0,4,4
PushT,jepa_wm_pusht,22,2,fidelity_constrained_shuffled_geometry__seed11419,fidelity_constrained_shuffled_geometry,11419,6,1.0,0.6411414206608341,0.0,6,4
PushT,jepa_wm_pusht,23,2,fidelity_constrained_shuffled_geometry__seed11419,fidelity_constrained_shuffled_geometry,11419,1,0.06271666156975347,0.7584436892769595,0.0,5,9
PushT,jepa_wm_pusht,23,2,fidelity_constrained_shuffled_geometry__seed11419,fidelity_constrained_shuffled_geometry,11419,3,1.0,0.23945179147192724,0.0,8,9
PushT,jepa_wm_pusht,23,2,fidelity_constrained_shuffled_geometry__seed11419,fidelity_constrained_shuffled_geometry,11419,6,0.01662600440501789,0.7354009763523341,0.0,5,9
PushT,jepa_wm_pusht,48,6,fidelity_constrained_shuffled_geometry__seed11419,fidelity_constrained_shuffled_geometry,11419,1,0.09012243500443963,0.810178414751418,0.0,0,9
PushT,jepa_wm_pusht,48,6,fidelity_constrained_shuffled_geometry__seed11419,fidelity_constrained_shuffled_geometry,11419,3,0.03292797551033872,0.8026387496899144,0.0,7,5
PushT,jepa_wm_pusht,48,6,fidelity_constrained_shuffled_geometry__seed11419,fidelity_constrained_shuffled_geometry,11419,6,0.0,0.915825899929403,1.0,5,5
PushT,jepa_wm_pusht,49,6,fidelity_constrained_shuffled_geometry__seed11419,fidelity_constrained_shuffled_geometry,11419,1,1.0,0.13412564757695916,0.0,8,5
PushT,jepa_wm_pusht,49,6,fidelity_constrained_shuffled_geometry__seed11419,fidelity_constrained_shuffled_geometry,11419,3,0.0,0.9036693536112518,1.0,5,5
PushT,jepa_wm_pusht,49,6,fidelity_constrained_shuffled_geometry__seed11419,fidelity_constrained_shuffled_geometry,11419,6,0.0,0.8934466518564109,1.0,5,5
PushT,jepa_wm_pusht,50,6,fidelity_constrained_shuffled_geometry__seed11419,fidelity_constrained_shuffled_geometry,11419,1,0.026574968337305327,0.8664028777287549,0.0,4,1
PushT,jepa_wm_pusht,50,6,fidelity_constrained_shuffled_geometry__seed11419,fidelity_constrained_shuffled_geometry,11419,3,0.0,0.9979207415198539,1.0,2,2
PushT,jepa_wm_pusht,50,6,fidelity_constrained_shuffled_geometry__seed11419,fidelity_constrained_shuffled_geometry,11419,6,0.0,0.9070423725052927,1.0,2,2
PushT,jepa_wm_pusht,51,6,fidelity_constrained_shuffled_geometry__seed11419,fidelity_constrained_shuffled_geometry,11419,1,0.3905729249325504,0.9055636140157496,0.0,5,9
PushT,jepa_wm_pusht,51,6,fidelity_constrained_shuffled_geometry__seed11419,fidelity_constrained_shuffled_geometry,11419,3,0.8329904504891641,0.28359504113279144,0.0,1,9
PushT,jepa_wm_pusht,51,6,fidelity_constrained_shuffled_geometry__seed11419,fidelity_constrained_shuffled_geometry,11419,6,0.8472560153227433,0.8130549824226283,0.0,3,9
PushT,jepa_wm_pusht,52,6,fidelity_constrained_shuffled_geometry__seed11419,fidelity_constrained_shuffled_geometry,11419,1,0.0,0.8888888888888888,1.0,7,0
PushT,jepa_wm_pusht,52,6,fidelity_constrained_shuffled_geometry__seed11419,fidelity_constrained_shuffled_geometry,11419,3,0.13522847553569003,0.2310335193619637,0.0,1,2
PushT,jepa_wm_pusht,52,6,fidelity_constrained_shuffled_geometry__seed11419,fidelity_constrained_shuffled_geometry,11419,6,1.0,0.38227624011187483,0.0,6,3
PushT,jepa_wm_pusht,53,6,fidelity_constrained_shuffled_geometry__seed11419,fidelity_constrained_shuffled_geometry,11419,1,0.0,0.5510440227703827,1.0,9,9
PushT,jepa_wm_pusht,53,6,fidelity_constrained_shuffled_geometry__seed11419,fidelity_constrained_shuffled_geometry,11419,3,0.0,0.9698544596009091,1.0,5,5
PushT,jepa_wm_pusht,53,6,fidelity_constrained_shuffled_geometry__seed11419,fidelity_constrained_shuffled_geometry,11419,6,0.0,0.8940601405197657,1.0,5,5
PushT,jepa_wm_pusht,54,6,fidelity_constrained_shuffled_geometry__seed11419,fidelity_constrained_shuffled_geometry,11419,1,0.5144474869020803,0.8570620036087707,0.0,7,4
PushT,jepa_wm_pusht,54,6,fidelity_constrained_shuffled_geometry__seed11419,fidelity_constrained_shuffled_geometry,11419,3,0.3056015488280241,0.8096293087087817,0.0,6,4
PushT,jepa_wm_pusht,54,6,fidelity_constrained_shuffled_geometry__seed11419,fidelity_constrained_shuffled_geometry,11419,6,0.0,0.6813106893870502,1.0,4,4
PushT,jepa_wm_pusht,55,6,fidelity_constrained_shuffled_geometry__seed11419,fidelity_constrained_shuffled_geometry,11419,1,1.0,0.0,0.0,6,0
PushT,jepa_wm_pusht,55,6,fidelity_constrained_shuffled_geometry__seed11419,fidelity_constrained_shuffled_geometry,11419,3,1.0,0.3565852670756366,0.0,6,8
PushT,jepa_wm_pusht,55,6,fidelity_constrained_shuffled_geometry__seed11419,fidelity_constrained_shuffled_geometry,11419,6,1.0,0.3132787488924417,0.0,6,3
PushT,jepa_wm_pusht,8,1,fidelity_constrained_matched_geometry__seed11419,fidelity_constrained_matched_geometry,11419,1,0.01282478008355127,0.8882608281952827,0.0,6,1
PushT,jepa_wm_pusht,8,1,fidelity_constrained_matched_geometry__seed11419,fidelity_constrained_matched_geometry,11419,3,0.0,0.6514399473549798,1.0,6,6
PushT,jepa_wm_pusht,8,1,fidelity_constrained_matched_geometry__seed11419,fidelity_constrained_matched_geometry,11419,6,0.5781148528381919,0.23706142845540695,0.0,8,1
PushT,jepa_wm_pusht,9,1,fidelity_constrained_matched_geometry__seed11419,fidelity_constrained_matched_geometry,11419,1,0.8274135674934155,0.010384531390538817,0.0,7,0
PushT,jepa_wm_pusht,9,1,fidelity_constrained_matched_geometry__seed11419,fidelity_constrained_matched_geometry,11419,3,0.7286493483691098,0.11232398601712566,0.0,7,2
PushT,jepa_wm_pusht,9,1,fidelity_constrained_matched_geometry__seed11419,fidelity_constrained_matched_geometry,11419,6,0.8502269524673542,0.3791036729080747,0.0,7,3
PushT,jepa_wm_pusht,10,1,fidelity_constrained_matched_geometry__seed11419,fidelity_constrained_matched_geometry,11419,1,0.12049358852617963,0.9787368933195569,0.0,4,1
PushT,jepa_wm_pusht,10,1,fidelity_constrained_matched_geometry__seed11419,fidelity_constrained_matched_geometry,11419,3,0.0,0.8611652164788753,1.0,6,6
PushT,jepa_wm_pusht,10,1,fidelity_constrained_matched_geometry__seed11419,fidelity_constrained_matched_geometry,11419,6,0.0,0.5717999507807378,1.0,6,6
PushT,jepa_wm_pusht,11,1,fidelity_constrained_matched_geometry__seed11419,fidelity_constrained_matched_geometry,11419,1,0.49698986494663716,0.42486576383211727,0.0,8,7
PushT,jepa_wm_pusht,11,1,fidelity_constrained_matched_geometry__seed11419,fidelity_constrained_matched_geometry,11419,3,0.0,0.406943190786347,1.0,6,6
PushT,jepa_wm_pusht,11,1,fidelity_constrained_matched_geometry__seed11419,fidelity_constrained_matched_geometry,11419,6,1.0,0.29584552167991374,0.0,3,6
PushT,jepa_wm_pusht,12,1,fidelity_constrained_matched_geometry__seed11419,fidelity_constrained_matched_geometry,11419,1,0.15542731492732748,0.9765664079723951,0.0,8,6
PushT,jepa_wm_pusht,12,1,fidelity_constrained_matched_geometry__seed11419,fidelity_constrained_matched_geometry,11419,3,0.0,0.671306915240101,1.0,4,4
PushT,jepa_wm_pusht,12,1,fidelity_constrained_matched_geometry__seed11419,fidelity_constrained_matched_geometry,11419,6,0.01885074951463251,0.7895299093493007,0.0,4,2
PushT,jepa_wm_pusht,13,1,fidelity_constrained_matched_geometry__seed11419,fidelity_constrained_matched_geometry,11419,1,0.9488516591828323,0.13809115707252423,0.0,0,6
PushT,jepa_wm_pusht,13,1,fidelity_constrained_matched_geometry__seed11419,fidelity_constrained_matched_geometry,11419,3,0.0161718104917741,0.8192106822318012,0.0,4,2
PushT,jepa_wm_pusht,13,1,fidelity_constrained_matched_geometry__seed11419,fidelity_constrained_matched_geometry,11419,6,0.0,0.8860253256663309,1.0,2,2
PushT,jepa_wm_pusht,14,1,fidelity_constrained_matched_geometry__seed11419,fidelity_constrained_matched_geometry,11419,1,0.0,nan,1.0,7,0
PushT,jepa_wm_pusht,14,1,fidelity_constrained_matched_geometry__seed11419,fidelity_constrained_matched_geometry,11419,3,0.22439910568143512,0.8166862912339234,0.0,5,2
PushT,jepa_wm_pusht,14,1,fidelity_constrained_matched_geometry__seed11419,fidelity_constrained_matched_geometry,11419,6,0.10985312473301036,0.7550156759718953,0.0,3,2
PushT,jepa_wm_pusht,15,1,fidelity_constrained_matched_geometry__seed11419,fidelity_constrained_matched_geometry,11419,1,0.0,nan,1.0,9,0
PushT,jepa_wm_pusht,15,1,fidelity_constrained_matched_geometry__seed11419,fidelity_constrained_matched_geometry,11419,3,0.0,0.8728815651574486,1.0,2,2
PushT,jepa_wm_pusht,15,1,fidelity_constrained_matched_geometry__seed11419,fidelity_constrained_matched_geometry,11419,6,1.0,0.5292387451428294,0.0,7,3
PushT,jepa_wm_pusht,16,2,fidelity_constrained_matched_geometry__seed11419,fidelity_constrained_matched_geometry,11419,1,0.04667333317829818,0.9759580478347364,0.0,6,4
PushT,jepa_wm_pusht,16,2,fidelity_constrained_matched_geometry__seed11419,fidelity_constrained_matched_geometry,11419,3,0.32628899571658077,0.7348137495418989,0.0,4,6
PushT,jepa_wm_pusht,16,2,fidelity_constrained_matched_geometry__seed11419,fidelity_constrained_matched_geometry,11419,6,0.0,0.5121939858858138,1.0,6,6
PushT,jepa_wm_pusht,17,2,fidelity_constrained_matched_geometry__seed11419,fidelity_constrained_matched_geometry,11419,1,0.0,nan,1.0,4,0
PushT,jepa_wm_pusht,17,2,fidelity_constrained_matched_geometry__seed11419,fidelity_constrained_matched_geometry,11419,3,0.5789271149086822,0.6031778390259726,0.0,4,2
PushT,jepa_wm_pusht,17,2,fidelity_constrained_matched_geometry__seed11419,fidelity_constrained_matched_geometry,11419,6,0.0,0.7513638268287729,1.0,3,3
PushT,jepa_wm_pusht,18,2,fidelity_constrained_matched_geometry__seed11419,fidelity_constrained_matched_geometry,11419,1,0.0,nan,1.0,1,0
PushT,jepa_wm_pusht,18,2,fidelity_constrained_matched_geometry__seed11419,fidelity_constrained_matched_geometry,11419,3,0.44201480759003287,0.7492475583310807,0.0,5,2
PushT,jepa_wm_pusht,18,2,fidelity_constrained_matched_geometry__seed11419,fidelity_constrained_matched_geometry,11419,6,1.0,0.41557234180705266,0.0,7,2
PushT,jepa_wm_pusht,19,2,fidelity_constrained_matched_geometry__seed11419,fidelity_constrained_matched_geometry,11419,1,0.0,0.883968134000689,1.0,7,7
PushT,jepa_wm_pusht,19,2,fidelity_constrained_matched_geometry__seed11419,fidelity_constrained_matched_geometry,11419,3,0.0,0.9761165122569129,1.0,7,7
PushT,jepa_wm_pusht,19,2,fidelity_constrained_matched_geometry__seed11419,fidelity_constrained_matched_geometry,11419,6,0.05206520357815755,0.7588362377497374,0.0,7,5
PushT,jepa_wm_pusht,20,2,fidelity_constrained_matched_geometry__seed11419,fidelity_constrained_matched_geometry,11419,1,0.071849549171498,0.9832668073084491,0.0,6,8
PushT,jepa_wm_pusht,20,2,fidelity_constrained_matched_geometry__seed11419,fidelity_constrained_matched_geometry,11419,3,0.06837919317243876,0.8052101366498173,0.0,6,8
PushT,jepa_wm_pusht,20,2,fidelity_constrained_matched_geometry__seed11419,fidelity_constrained_matched_geometry,11419,6,1.0,0.1598567604023869,0.0,3,8
PushT,jepa_wm_pusht,21,2,fidelity_constrained_matched_geometry__seed11419,fidelity_constrained_matched_geometry,11419,1,0.0,nan,1.0,4,0
PushT,jepa_wm_pusht,21,2,fidelity_constrained_matched_geometry__seed11419,fidelity_constrained_matched_geometry,11419,3,0.7585503102919223,0.5812243801753189,0.0,4,2
PushT,jepa_wm_pusht,21,2,fidelity_constrained_matched_geometry__seed11419,fidelity_constrained_matched_geometry,11419,6,0.0,0.7607779340821659,1.0,3,3
PushT,jepa_wm_pusht,22,2,fidelity_constrained_matched_geometry__seed11419,fidelity_constrained_matched_geometry,11419,1,1.0,0.1111111111111111,0.0,5,6
PushT,jepa_wm_pusht,22,2,fidelity_constrained_matched_geometry__seed11419,fidelity_constrained_matched_geometry,11419,3,0.0,0.8773740434814482,1.0,4,4
PushT,jepa_wm_pusht,22,2,fidelity_constrained_matched_geometry__seed11419,fidelity_constrained_matched_geometry,11419,6,1.0,0.6571754422485877,0.0,6,4
PushT,jepa_wm_pusht,23,2,fidelity_constrained_matched_geometry__seed11419,fidelity_constrained_matched_geometry,11419,1,0.06271666156975347,0.7560033329957477,0.0,5,9
PushT,jepa_wm_pusht,23,2,fidelity_constrained_matched_geometry__seed11419,fidelity_constrained_matched_geometry,11419,3,1.0,0.22403594894565698,0.0,8,9
PushT,jepa_wm_pusht,23,2,fidelity_constrained_matched_geometry__seed11419,fidelity_constrained_matched_geometry,11419,6,0.01662600440501789,0.5027299885837012,0.0,5,9
PushT,jepa_wm_pusht,48,6,fidelity_constrained_matched_geometry__seed11419,fidelity_constrained_matched_geometry,11419,1,0.09012243500443963,0.8251479910291066,0.0,0,9
PushT,jepa_wm_pusht,48,6,fidelity_constrained_matched_geometry__seed11419,fidelity_constrained_matched_geometry,11419,3,0.03292797551033872,0.8026387496899144,0.0,7,5
PushT,jepa_wm_pusht,48,6,fidelity_constrained_matched_geometry__seed11419,fidelity_constrained_matched_geometry,11419,6,0.0,0.9131311431584099,1.0,5,5
PushT,jepa_wm_pusht,49,6,fidelity_constrained_matched_geometry__seed11419,fidelity_constrained_matched_geometry,11419,1,1.0,0.18566602001709617,0.0,8,5
PushT,jepa_wm_pusht,49,6,fidelity_constrained_matched_geometry__seed11419,fidelity_constrained_matched_geometry,11419,3,0.0,0.9036693536112518,1.0,5,5
PushT,jepa_wm_pusht,49,6,fidelity_constrained_matched_geometry__seed11419,fidelity_constrained_matched_geometry,11419,6,0.0,0.9075152589567792,1.0,5,5
PushT,jepa_wm_pusht,50,6,fidelity_constrained_matched_geometry__seed11419,fidelity_constrained_matched_geometry,11419,1,0.026574968337305327,0.8697647103863012,0.0,4,1
PushT,jepa_wm_pusht,50,6,fidelity_constrained_matched_geometry__seed11419,fidelity_constrained_matched_geometry,11419,3,0.0,0.9979207415198539,1.0,2,2
PushT,jepa_wm_pusht,50,6,fidelity_constrained_matched_geometry__seed11419,fidelity_constrained_matched_geometry,11419,6,0.11176022326401269,0.9415568148684649,0.0,4,2
PushT,jepa_wm_pusht,51,6,fidelity_constrained_matched_geometry__seed11419,fidelity_constrained_matched_geometry,11419,1,0.15725227350300996,0.9097354529452376,0.0,7,9
PushT,jepa_wm_pusht,51,6,fidelity_constrained_matched_geometry__seed11419,fidelity_constrained_matched_geometry,11419,3,0.8329904504891641,0.2949357268161245,0.0,1,9
PushT,jepa_wm_pusht,51,6,fidelity_constrained_matched_geometry__seed11419,fidelity_constrained_matched_geometry,11419,6,0.8472560153227433,0.7743009338245914,0.0,3,9
PushT,jepa_wm_pusht,52,6,fidelity_constrained_matched_geometry__seed11419,fidelity_constrained_matched_geometry,11419,1,0.0,0.7777777777777778,1.0,7,0
PushT,jepa_wm_pusht,52,6,fidelity_constrained_matched_geometry__seed11419,fidelity_constrained_matched_geometry,11419,3,0.3477543489605677,0.25168347209956365,0.0,4,2
PushT,jepa_wm_pusht,52,6,fidelity_constrained_matched_geometry__seed11419,fidelity_constrained_matched_geometry,11419,6,1.0,0.4127496191968014,0.0,6,3
PushT,jepa_wm_pusht,53,6,fidelity_constrained_matched_geometry__seed11419,fidelity_constrained_matched_geometry,11419,1,0.0,0.5510440227703827,1.0,9,9
PushT,jepa_wm_pusht,53,6,fidelity_constrained_matched_geometry__seed11419,fidelity_constrained_matched_geometry,11419,3,0.0,0.9856538405971085,1.0,5,5
PushT,jepa_wm_pusht,53,6,fidelity_constrained_matched_geometry__seed11419,fidelity_constrained_matched_geometry,11419,6,0.0,0.8940601405197657,1.0,5,5
PushT,jepa_wm_pusht,54,6,fidelity_constrained_matched_geometry__seed11419,fidelity_constrained_matched_geometry,11419,1,0.5144474869020803,0.8330901466770251,0.0,7,4
PushT,jepa_wm_pusht,54,6,fidelity_constrained_matched_geometry__seed11419,fidelity_constrained_matched_geometry,11419,3,0.3056015488280241,0.7874085754631294,0.0,6,4
PushT,jepa_wm_pusht,54,6,fidelity_constrained_matched_geometry__seed11419,fidelity_constrained_matched_geometry,11419,6,0.0,0.8567130329659911,1.0,4,4
PushT,jepa_wm_pusht,55,6,fidelity_constrained_matched_geometry__seed11419,fidelity_constrained_matched_geometry,11419,1,1.0,0.0,0.0,6,0
PushT,jepa_wm_pusht,55,6,fidelity_constrained_matched_geometry__seed11419,fidelity_constrained_matched_geometry,11419,3,1.0,0.22438592653967263,0.0,6,8
PushT,jepa_wm_pusht,55,6,fidelity_constrained_matched_geometry__seed11419,fidelity_constrained_matched_geometry,11419,6,1.0,0.32857390861053837,0.0,6,3
PushT,jepa_wm_pusht,8,1,fidelity_constrained_latent_only__seed11437,fidelity_constrained_latent_only,11437,1,0.01282478008355127,0.8882608281952827,0.0,6,1
PushT,jepa_wm_pusht,8,1,fidelity_constrained_latent_only__seed11437,fidelity_constrained_latent_only,11437,3,0.0,0.6514399473549798,1.0,6,6
PushT,jepa_wm_pusht,8,1,fidelity_constrained_latent_only__seed11437,fidelity_constrained_latent_only,11437,6,0.5781148528381919,0.22582231298718328,0.0,8,1
PushT,jepa_wm_pusht,9,1,fidelity_constrained_latent_only__seed11437,fidelity_constrained_latent_only,11437,1,0.8274135674934155,0.010384531390538817,0.0,7,0
PushT,jepa_wm_pusht,9,1,fidelity_constrained_latent_only__seed11437,fidelity_constrained_latent_only,11437,3,0.7286493483691098,0.10914643344926454,0.0,7,2
PushT,jepa_wm_pusht,9,1,fidelity_constrained_latent_only__seed11437,fidelity_constrained_latent_only,11437,6,0.8502269524673542,0.26678889987299126,0.0,7,3
PushT,jepa_wm_pusht,10,1,fidelity_constrained_latent_only__seed11437,fidelity_constrained_latent_only,11437,1,0.12049358852617963,0.9787368933195569,0.0,4,1
PushT,jepa_wm_pusht,10,1,fidelity_constrained_latent_only__seed11437,fidelity_constrained_latent_only,11437,3,0.6177998268323661,0.8061538045644067,0.0,2,6
PushT,jepa_wm_pusht,10,1,fidelity_constrained_latent_only__seed11437,fidelity_constrained_latent_only,11437,6,0.6789019354624969,0.5283569538556676,0.0,3,6
PushT,jepa_wm_pusht,11,1,fidelity_constrained_latent_only__seed11437,fidelity_constrained_latent_only,11437,1,0.49698986494663716,0.32932717087006264,0.0,8,7
PushT,jepa_wm_pusht,11,1,fidelity_constrained_latent_only__seed11437,fidelity_constrained_latent_only,11437,3,0.0,0.406943190786347,1.0,6,6
PushT,jepa_wm_pusht,11,1,fidelity_constrained_latent_only__seed11437,fidelity_constrained_latent_only,11437,6,1.0,0.29584552167991374,0.0,3,6
PushT,jepa_wm_pusht,12,1,fidelity_constrained_latent_only__seed11437,fidelity_constrained_latent_only,11437,1,0.15542731492732748,0.8939211199140308,0.0,8,6
PushT,jepa_wm_pusht,12,1,fidelity_constrained_latent_only__seed11437,fidelity_constrained_latent_only,11437,3,0.0,0.5958407010353197,1.0,4,4
PushT,jepa_wm_pusht,12,1,fidelity_constrained_latent_only__seed11437,fidelity_constrained_latent_only,11437,6,0.01885074951463251,0.6823948127241906,0.0,4,2
PushT,jepa_wm_pusht,13,1,fidelity_constrained_latent_only__seed11437,fidelity_constrained_latent_only,11437,1,0.9488516591828323,0.13809115707252423,0.0,0,6
PushT,jepa_wm_pusht,13,1,fidelity_constrained_latent_only__seed11437,fidelity_constrained_latent_only,11437,3,0.0161718104917741,0.7902372084566874,0.0,4,2
PushT,jepa_wm_pusht,13,1,fidelity_constrained_latent_only__seed11437,fidelity_constrained_latent_only,11437,6,0.0,0.8860253256663309,1.0,2,2
PushT,jepa_wm_pusht,14,1,fidelity_constrained_latent_only__seed11437,fidelity_constrained_latent_only,11437,1,0.0,nan,1.0,7,0
PushT,jepa_wm_pusht,14,1,fidelity_constrained_latent_only__seed11437,fidelity_constrained_latent_only,11437,3,0.22439910568143512,0.7470512008670623,0.0,5,2
PushT,jepa_wm_pusht,14,1,fidelity_constrained_latent_only__seed11437,fidelity_constrained_latent_only,11437,6,0.10985312473301036,0.7245726191907192,0.0,3,2
PushT,jepa_wm_pusht,15,1,fidelity_constrained_latent_only__seed11437,fidelity_constrained_latent_only,11437,1,0.0,nan,1.0,9,0
PushT,jepa_wm_pusht,15,1,fidelity_constrained_latent_only__seed11437,fidelity_constrained_latent_only,11437,3,0.0,0.8728815651574486,1.0,2,2
PushT,jepa_wm_pusht,15,1,fidelity_constrained_latent_only__seed11437,fidelity_constrained_latent_only,11437,6,0.0,0.5915498942207866,1.0,3,3
PushT,jepa_wm_pusht,16,2,fidelity_constrained_latent_only__seed11437,fidelity_constrained_latent_only,11437,1,0.04667333317829818,0.9759580478347364,0.0,6,4
PushT,jepa_wm_pusht,16,2,fidelity_constrained_latent_only__seed11437,fidelity_constrained_latent_only,11437,3,0.32628899571658077,0.7348137495418989,0.0,4,6
PushT,jepa_wm_pusht,16,2,fidelity_constrained_latent_only__seed11437,fidelity_constrained_latent_only,11437,6,0.0,0.5020079170827089,1.0,6,6
PushT,jepa_wm_pusht,17,2,fidelity_constrained_latent_only__seed11437,fidelity_constrained_latent_only,11437,1,0.0,nan,1.0,4,0
PushT,jepa_wm_pusht,17,2,fidelity_constrained_latent_only__seed11437,fidelity_constrained_latent_only,11437,3,0.5789271149086822,0.5754669978947097,0.0,4,2
PushT,jepa_wm_pusht,17,2,fidelity_constrained_latent_only__seed11437,fidelity_constrained_latent_only,11437,6,0.0,0.6955131079635546,1.0,3,3
PushT,jepa_wm_pusht,18,2,fidelity_constrained_latent_only__seed11437,fidelity_constrained_latent_only,11437,1,0.0,nan,1.0,5,0
PushT,jepa_wm_pusht,18,2,fidelity_constrained_latent_only__seed11437,fidelity_constrained_latent_only,11437,3,0.44201480759003287,0.7492475583310807,0.0,5,2
PushT,jepa_wm_pusht,18,2,fidelity_constrained_latent_only__seed11437,fidelity_constrained_latent_only,11437,6,1.0,0.4495795409412687,0.0,7,2
PushT,jepa_wm_pusht,19,2,fidelity_constrained_latent_only__seed11437,fidelity_constrained_latent_only,11437,1,0.0,0.883968134000689,1.0,7,7
PushT,jepa_wm_pusht,19,2,fidelity_constrained_latent_only__seed11437,fidelity_constrained_latent_only,11437,3,0.0,0.9786737532318673,1.0,7,7
PushT,jepa_wm_pusht,19,2,fidelity_constrained_latent_only__seed11437,fidelity_constrained_latent_only,11437,6,0.05206520357815755,0.7529317406830456,0.0,7,5
PushT,jepa_wm_pusht,20,2,fidelity_constrained_latent_only__seed11437,fidelity_constrained_latent_only,11437,1,0.0,0.9840304649775201,1.0,8,8
PushT,jepa_wm_pusht,20,2,fidelity_constrained_latent_only__seed11437,fidelity_constrained_latent_only,11437,3,0.06837919317243876,0.8052101366498173,0.0,6,8
PushT,jepa_wm_pusht,20,2,fidelity_constrained_latent_only__seed11437,fidelity_constrained_latent_only,11437,6,1.0,0.1598567604023869,0.0,3,8
PushT,jepa_wm_pusht,21,2,fidelity_constrained_latent_only__seed11437,fidelity_constrained_latent_only,11437,1,0.0,nan,1.0,4,0
PushT,jepa_wm_pusht,21,2,fidelity_constrained_latent_only__seed11437,fidelity_constrained_latent_only,11437,3,0.7585503102919223,0.5496936158269279,0.0,4,2
PushT,jepa_wm_pusht,21,2,fidelity_constrained_latent_only__seed11437,fidelity_constrained_latent_only,11437,6,0.0,0.7203268319355824,1.0,3,3
PushT,jepa_wm_pusht,22,2,fidelity_constrained_latent_only__seed11437,fidelity_constrained_latent_only,11437,1,1.0,0.1111111111111111,0.0,5,6
PushT,jepa_wm_pusht,22,2,fidelity_constrained_latent_only__seed11437,fidelity_constrained_latent_only,11437,3,0.0,0.9032060641008308,1.0,4,4
PushT,jepa_wm_pusht,22,2,fidelity_constrained_latent_only__seed11437,fidelity_constrained_latent_only,11437,6,1.0,0.6356313457675533,0.0,6,4
PushT,jepa_wm_pusht,23,2,fidelity_constrained_latent_only__seed11437,fidelity_constrained_latent_only,11437,1,0.06271666156975347,0.5342011799486573,0.0,5,9
PushT,jepa_wm_pusht,23,2,fidelity_constrained_latent_only__seed11437,fidelity_constrained_latent_only,11437,3,1.0,0.1850522766331024,0.0,8,9
PushT,jepa_wm_pusht,23,2,fidelity_constrained_latent_only__seed11437,fidelity_constrained_latent_only,11437,6,0.01662600440501789,0.503532877667193,0.0,5,9
PushT,jepa_wm_pusht,48,6,fidelity_constrained_latent_only__seed11437,fidelity_constrained_latent_only,11437,1,0.09012243500443963,0.9497636011387915,0.0,0,9
PushT,jepa_wm_pusht,48,6,fidelity_constrained_latent_only__seed11437,fidelity_constrained_latent_only,11437,3,0.03292797551033872,0.8094523776068497,0.0,7,5
PushT,jepa_wm_pusht,48,6,fidelity_constrained_latent_only__seed11437,fidelity_constrained_latent_only,11437,6,0.0,0.9131311431584099,1.0,5,5
PushT,jepa_wm_pusht,49,6,fidelity_constrained_latent_only__seed11437,fidelity_constrained_latent_only,11437,1,1.0,0.18566602001709617,0.0,8,5
PushT,jepa_wm_pusht,49,6,fidelity_constrained_latent_only__seed11437,fidelity_constrained_latent_only,11437,3,0.0,0.9036693536112518,1.0,5,5
PushT,jepa_wm_pusht,49,6,fidelity_constrained_latent_only__seed11437,fidelity_constrained_latent_only,11437,6,0.0,0.8948509492094207,1.0,5,5
PushT,jepa_wm_pusht,50,6,fidelity_constrained_latent_only__seed11437,fidelity_constrained_latent_only,11437,1,0.026574968337305327,0.8291348858725336,0.0,4,1
PushT,jepa_wm_pusht,50,6,fidelity_constrained_latent_only__seed11437,fidelity_constrained_latent_only,11437,3,0.0,0.9979207415198539,1.0,2,2
PushT,jepa_wm_pusht,50,6,fidelity_constrained_latent_only__seed11437,fidelity_constrained_latent_only,11437,6,0.11176022326401269,0.8732436238589492,0.0,4,2
PushT,jepa_wm_pusht,51,6,fidelity_constrained_latent_only__seed11437,fidelity_constrained_latent_only,11437,1,0.3905729249325504,0.8319792687884534,0.0,5,9
PushT,jepa_wm_pusht,51,6,fidelity_constrained_latent_only__seed11437,fidelity_constrained_latent_only,11437,3,0.8329904504891641,0.3720766835232338,0.0,1,9
PushT,jepa_wm_pusht,51,6,fidelity_constrained_latent_only__seed11437,fidelity_constrained_latent_only,11437,6,0.8472560153227433,0.7743009338245914,0.0,3,9
PushT,jepa_wm_pusht,52,6,fidelity_constrained_latent_only__seed11437,fidelity_constrained_latent_only,11437,1,0.0,0.7777777777777778,1.0,7,0
PushT,jepa_wm_pusht,52,6,fidelity_constrained_latent_only__seed11437,fidelity_constrained_latent_only,11437,3,0.3477543489605677,0.1922072476469473,0.0,4,2
PushT,jepa_wm_pusht,52,6,fidelity_constrained_latent_only__seed11437,fidelity_constrained_latent_only,11437,6,1.0,0.4127496191968014,0.0,6,3
PushT,jepa_wm_pusht,53,6,fidelity_constrained_latent_only__seed11437,fidelity_constrained_latent_only,11437,1,0.0,0.48988012364937766,1.0,9,9
PushT,jepa_wm_pusht,53,6,fidelity_constrained_latent_only__seed11437,fidelity_constrained_latent_only,11437,3,0.0,0.9856538405971085,1.0,5,5
PushT,jepa_wm_pusht,53,6,fidelity_constrained_latent_only__seed11437,fidelity_constrained_latent_only,11437,6,0.0,0.8505177723300528,1.0,5,5
PushT,jepa_wm_pusht,54,6,fidelity_constrained_latent_only__seed11437,fidelity_constrained_latent_only,11437,1,0.5144474869020803,0.8330901466770251,0.0,7,4
PushT,jepa_wm_pusht,54,6,fidelity_constrained_latent_only__seed11437,fidelity_constrained_latent_only,11437,3,0.3056015488280241,0.7874085754631294,0.0,6,4
PushT,jepa_wm_pusht,54,6,fidelity_constrained_latent_only__seed11437,fidelity_constrained_latent_only,11437,6,0.0,0.8567130329659911,1.0,4,4
PushT,jepa_wm_pusht,55,6,fidelity_constrained_latent_only__seed11437,fidelity_constrained_latent_only,11437,1,1.0,0.0,0.0,6,0
PushT,jepa_wm_pusht,55,6,fidelity_constrained_latent_only__seed11437,fidelity_constrained_latent_only,11437,3,1.0,0.3198842288095905,0.0,6,8
PushT,jepa_wm_pusht,55,6,fidelity_constrained_latent_only__seed11437,fidelity_constrained_latent_only,11437,6,1.0,0.3233205724110186,0.0,6,3
PushT,jepa_wm_pusht,8,1,fidelity_constrained_shuffled_geometry__seed11437,fidelity_constrained_shuffled_geometry,11437,1,0.01282478008355127,0.8882608281952827,0.0,6,1
PushT,jepa_wm_pusht,8,1,fidelity_constrained_shuffled_geometry__seed11437,fidelity_constrained_shuffled_geometry,11437,3,0.0,0.6493719275980956,1.0,6,6
PushT,jepa_wm_pusht,8,1,fidelity_constrained_shuffled_geometry__seed11437,fidelity_constrained_shuffled_geometry,11437,6,0.5781148528381919,0.16080356111489658,0.0,8,1
PushT,jepa_wm_pusht,9,1,fidelity_constrained_shuffled_geometry__seed11437,fidelity_constrained_shuffled_geometry,11437,1,0.8274135674934155,0.010384531390538817,0.0,7,0
PushT,jepa_wm_pusht,9,1,fidelity_constrained_shuffled_geometry__seed11437,fidelity_constrained_shuffled_geometry,11437,3,0.7286493483691098,0.10978804142837649,0.0,7,2
PushT,jepa_wm_pusht,9,1,fidelity_constrained_shuffled_geometry__seed11437,fidelity_constrained_shuffled_geometry,11437,6,0.8502269524673542,0.2801698707998015,0.0,7,3
PushT,jepa_wm_pusht,10,1,fidelity_constrained_shuffled_geometry__seed11437,fidelity_constrained_shuffled_geometry,11437,1,0.12049358852617963,0.9732011083872997,0.0,4,1
PushT,jepa_wm_pusht,10,1,fidelity_constrained_shuffled_geometry__seed11437,fidelity_constrained_shuffled_geometry,11437,3,0.6177998268323661,0.7957491777340341,0.0,2,6
PushT,jepa_wm_pusht,10,1,fidelity_constrained_shuffled_geometry__seed11437,fidelity_constrained_shuffled_geometry,11437,6,0.0,0.542963231121066,1.0,6,6
PushT,jepa_wm_pusht,11,1,fidelity_constrained_shuffled_geometry__seed11437,fidelity_constrained_shuffled_geometry,11437,1,0.49698986494663716,0.4928671886083223,0.0,8,7
PushT,jepa_wm_pusht,11,1,fidelity_constrained_shuffled_geometry__seed11437,fidelity_constrained_shuffled_geometry,11437,3,0.6743631771803672,0.3679719865328164,0.0,5,6
PushT,jepa_wm_pusht,11,1,fidelity_constrained_shuffled_geometry__seed11437,fidelity_constrained_shuffled_geometry,11437,6,0.0,0.3897544176050021,1.0,6,6
PushT,jepa_wm_pusht,12,1,fidelity_constrained_shuffled_geometry__seed11437,fidelity_constrained_shuffled_geometry,11437,1,0.15542731492732748,0.8939211199140308,0.0,8,6
PushT,jepa_wm_pusht,12,1,fidelity_constrained_shuffled_geometry__seed11437,fidelity_constrained_shuffled_geometry,11437,3,0.0,0.6062040935107881,1.0,4,4
PushT,jepa_wm_pusht,12,1,fidelity_constrained_shuffled_geometry__seed11437,fidelity_constrained_shuffled_geometry,11437,6,0.01885074951463251,0.7895299093493007,0.0,4,2
PushT,jepa_wm_pusht,13,1,fidelity_constrained_shuffled_geometry__seed11437,fidelity_constrained_shuffled_geometry,11437,1,0.9488516591828323,0.18350528915883507,0.0,0,6
PushT,jepa_wm_pusht,13,1,fidelity_constrained_shuffled_geometry__seed11437,fidelity_constrained_shuffled_geometry,11437,3,0.0161718104917741,0.7850071292209969,0.0,4,2
PushT,jepa_wm_pusht,13,1,fidelity_constrained_shuffled_geometry__seed11437,fidelity_constrained_shuffled_geometry,11437,6,0.0,0.8860253256663309,1.0,2,2
PushT,jepa_wm_pusht,14,1,fidelity_constrained_shuffled_geometry__seed11437,fidelity_constrained_shuffled_geometry,11437,1,0.0,nan,1.0,7,0
PushT,jepa_wm_pusht,14,1,fidelity_constrained_shuffled_geometry__seed11437,fidelity_constrained_shuffled_geometry,11437,3,0.22439910568143512,0.7933240616478884,0.0,5,2
PushT,jepa_wm_pusht,14,1,fidelity_constrained_shuffled_geometry__seed11437,fidelity_constrained_shuffled_geometry,11437,6,0.10985312473301036,0.6977237913087923,0.0,3,2
PushT,jepa_wm_pusht,15,1,fidelity_constrained_shuffled_geometry__seed11437,fidelity_constrained_shuffled_geometry,11437,1,0.0,nan,1.0,9,0
PushT,jepa_wm_pusht,15,1,fidelity_constrained_shuffled_geometry__seed11437,fidelity_constrained_shuffled_geometry,11437,3,0.0,0.8728815651574486,1.0,2,2
PushT,jepa_wm_pusht,15,1,fidelity_constrained_shuffled_geometry__seed11437,fidelity_constrained_shuffled_geometry,11437,6,0.0,0.5915498942207866,1.0,3,3
PushT,jepa_wm_pusht,16,2,fidelity_constrained_shuffled_geometry__seed11437,fidelity_constrained_shuffled_geometry,11437,1,0.04667333317829818,0.9759580478347364,0.0,6,4
PushT,jepa_wm_pusht,16,2,fidelity_constrained_shuffled_geometry__seed11437,fidelity_constrained_shuffled_geometry,11437,3,0.0,0.7533667454612822,1.0,6,6
PushT,jepa_wm_pusht,16,2,fidelity_constrained_shuffled_geometry__seed11437,fidelity_constrained_shuffled_geometry,11437,6,0.0,0.4237916456554305,1.0,6,6
PushT,jepa_wm_pusht,17,2,fidelity_constrained_shuffled_geometry__seed11437,fidelity_constrained_shuffled_geometry,11437,1,0.0,nan,1.0,4,0
PushT,jepa_wm_pusht,17,2,fidelity_constrained_shuffled_geometry__seed11437,fidelity_constrained_shuffled_geometry,11437,3,0.5789271149086822,0.5754669978947097,0.0,4,2
PushT,jepa_wm_pusht,17,2,fidelity_constrained_shuffled_geometry__seed11437,fidelity_constrained_shuffled_geometry,11437,6,0.0,0.7513638268287729,1.0,3,3
PushT,jepa_wm_pusht,18,2,fidelity_constrained_shuffled_geometry__seed11437,fidelity_constrained_shuffled_geometry,11437,1,0.0,nan,1.0,5,0
PushT,jepa_wm_pusht,18,2,fidelity_constrained_shuffled_geometry__seed11437,fidelity_constrained_shuffled_geometry,11437,3,0.44201480759003287,0.7889615842867953,0.0,5,2
PushT,jepa_wm_pusht,18,2,fidelity_constrained_shuffled_geometry__seed11437,fidelity_constrained_shuffled_geometry,11437,6,1.0,0.43616200167737224,0.0,7,2
PushT,jepa_wm_pusht,19,2,fidelity_constrained_shuffled_geometry__seed11437,fidelity_constrained_shuffled_geometry,11437,1,0.0,0.883968134000689,1.0,7,7
PushT,jepa_wm_pusht,19,2,fidelity_constrained_shuffled_geometry__seed11437,fidelity_constrained_shuffled_geometry,11437,3,0.0,0.9459766892494329,1.0,7,7
PushT,jepa_wm_pusht,19,2,fidelity_constrained_shuffled_geometry__seed11437,fidelity_constrained_shuffled_geometry,11437,6,0.05206520357815755,0.7588362377497374,0.0,7,5
PushT,jepa_wm_pusht,20,2,fidelity_constrained_shuffled_geometry__seed11437,fidelity_constrained_shuffled_geometry,11437,1,0.071849549171498,0.9934338596660927,0.0,6,8
PushT,jepa_wm_pusht,20,2,fidelity_constrained_shuffled_geometry__seed11437,fidelity_constrained_shuffled_geometry,11437,3,0.06837919317243876,0.8052101366498173,0.0,6,8
PushT,jepa_wm_pusht,20,2,fidelity_constrained_shuffled_geometry__seed11437,fidelity_constrained_shuffled_geometry,11437,6,1.0,0.1598567604023869,0.0,3,8
PushT,jepa_wm_pusht,21,2,fidelity_constrained_shuffled_geometry__seed11437,fidelity_constrained_shuffled_geometry,11437,1,0.0,nan,1.0,4,0
PushT,jepa_wm_pusht,21,2,fidelity_constrained_shuffled_geometry__seed11437,fidelity_constrained_shuffled_geometry,11437,3,0.7585503102919223,0.5689507578864728,0.0,4,2
PushT,jepa_wm_pusht,21,2,fidelity_constrained_shuffled_geometry__seed11437,fidelity_constrained_shuffled_geometry,11437,6,0.0,0.6803359258596641,1.0,3,3
PushT,jepa_wm_pusht,22,2,fidelity_constrained_shuffled_geometry__seed11437,fidelity_constrained_shuffled_geometry,11437,1,1.0,0.1111111111111111,0.0,5,6
PushT,jepa_wm_pusht,22,2,fidelity_constrained_shuffled_geometry__seed11437,fidelity_constrained_shuffled_geometry,11437,3,0.0,0.933969740819781,1.0,4,4
PushT,jepa_wm_pusht,22,2,fidelity_constrained_shuffled_geometry__seed11437,fidelity_constrained_shuffled_geometry,11437,6,1.0,0.6411414206608341,0.0,6,4
PushT,jepa_wm_pusht,23,2,fidelity_constrained_shuffled_geometry__seed11437,fidelity_constrained_shuffled_geometry,11437,1,0.06271666156975347,0.7584436892769595,0.0,5,9
PushT,jepa_wm_pusht,23,2,fidelity_constrained_shuffled_geometry__seed11437,fidelity_constrained_shuffled_geometry,11437,3,1.0,0.23945179147192724,0.0,8,9
PushT,jepa_wm_pusht,23,2,fidelity_constrained_shuffled_geometry__seed11437,fidelity_constrained_shuffled_geometry,11437,6,0.01662600440501789,0.8045772641139007,0.0,5,9
PushT,jepa_wm_pusht,48,6,fidelity_constrained_shuffled_geometry__seed11437,fidelity_constrained_shuffled_geometry,11437,1,0.09012243500443963,0.810178414751418,0.0,0,9
PushT,jepa_wm_pusht,48,6,fidelity_constrained_shuffled_geometry__seed11437,fidelity_constrained_shuffled_geometry,11437,3,0.03292797551033872,0.8026387496899144,0.0,7,5
PushT,jepa_wm_pusht,48,6,fidelity_constrained_shuffled_geometry__seed11437,fidelity_constrained_shuffled_geometry,11437,6,0.0,0.915825899929403,1.0,5,5
PushT,jepa_wm_pusht,49,6,fidelity_constrained_shuffled_geometry__seed11437,fidelity_constrained_shuffled_geometry,11437,1,1.0,0.13412564757695916,0.0,8,5
PushT,jepa_wm_pusht,49,6,fidelity_constrained_shuffled_geometry__seed11437,fidelity_constrained_shuffled_geometry,11437,3,0.0,0.9036693536112518,1.0,5,5
PushT,jepa_wm_pusht,49,6,fidelity_constrained_shuffled_geometry__seed11437,fidelity_constrained_shuffled_geometry,11437,6,0.0,0.9176735845788072,1.0,5,5
PushT,jepa_wm_pusht,50,6,fidelity_constrained_shuffled_geometry__seed11437,fidelity_constrained_shuffled_geometry,11437,1,0.026574968337305327,0.8664028777287549,0.0,4,1
PushT,jepa_wm_pusht,50,6,fidelity_constrained_shuffled_geometry__seed11437,fidelity_constrained_shuffled_geometry,11437,3,0.0,0.9979207415198539,1.0,2,2
PushT,jepa_wm_pusht,50,6,fidelity_constrained_shuffled_geometry__seed11437,fidelity_constrained_shuffled_geometry,11437,6,0.11176022326401269,0.9018021924944739,0.0,4,2
PushT,jepa_wm_pusht,51,6,fidelity_constrained_shuffled_geometry__seed11437,fidelity_constrained_shuffled_geometry,11437,1,0.3905729249325504,0.8969393844182161,0.0,5,9
PushT,jepa_wm_pusht,51,6,fidelity_constrained_shuffled_geometry__seed11437,fidelity_constrained_shuffled_geometry,11437,3,0.9815381767013404,0.3033956294446647,0.0,4,9
PushT,jepa_wm_pusht,51,6,fidelity_constrained_shuffled_geometry__seed11437,fidelity_constrained_shuffled_geometry,11437,6,0.8472560153227433,0.8253718989578747,0.0,3,9
PushT,jepa_wm_pusht,52,6,fidelity_constrained_shuffled_geometry__seed11437,fidelity_constrained_shuffled_geometry,11437,1,0.0,0.8888888888888888,1.0,7,0
PushT,jepa_wm_pusht,52,6,fidelity_constrained_shuffled_geometry__seed11437,fidelity_constrained_shuffled_geometry,11437,3,0.13522847553569003,0.26393839358574706,0.0,1,2
PushT,jepa_wm_pusht,52,6,fidelity_constrained_shuffled_geometry__seed11437,fidelity_constrained_shuffled_geometry,11437,6,1.0,0.38227624011187483,0.0,6,3
PushT,jepa_wm_pusht,53,6,fidelity_constrained_shuffled_geometry__seed11437,fidelity_constrained_shuffled_geometry,11437,1,0.0,0.5510440227703827,1.0,9,9
PushT,jepa_wm_pusht,53,6,fidelity_constrained_shuffled_geometry__seed11437,fidelity_constrained_shuffled_geometry,11437,3,0.0,0.9698544596009091,1.0,5,5
PushT,jepa_wm_pusht,53,6,fidelity_constrained_shuffled_geometry__seed11437,fidelity_constrained_shuffled_geometry,11437,6,0.0,0.9379889652249924,1.0,5,5
PushT,jepa_wm_pusht,54,6,fidelity_constrained_shuffled_geometry__seed11437,fidelity_constrained_shuffled_geometry,11437,1,0.10298439972869093,0.9195795993879466,0.0,1,4
PushT,jepa_wm_pusht,54,6,fidelity_constrained_shuffled_geometry__seed11437,fidelity_constrained_shuffled_geometry,11437,3,0.3056015488280241,0.8096293087087817,0.0,6,4
PushT,jepa_wm_pusht,54,6,fidelity_constrained_shuffled_geometry__seed11437,fidelity_constrained_shuffled_geometry,11437,6,0.0,0.7171659025355258,1.0,4,4
PushT,jepa_wm_pusht,55,6,fidelity_constrained_shuffled_geometry__seed11437,fidelity_constrained_shuffled_geometry,11437,1,1.0,0.0,0.0,6,0
PushT,jepa_wm_pusht,55,6,fidelity_constrained_shuffled_geometry__seed11437,fidelity_constrained_shuffled_geometry,11437,3,1.0,0.3198842288095905,0.0,6,8
PushT,jepa_wm_pusht,55,6,fidelity_constrained_shuffled_geometry__seed11437,fidelity_constrained_shuffled_geometry,11437,6,1.0,0.3132787488924417,0.0,6,3
PushT,jepa_wm_pusht,8,1,fidelity_constrained_matched_geometry__seed11437,fidelity_constrained_matched_geometry,11437,1,0.01282478008355127,0.8882608281952827,0.0,6,1
PushT,jepa_wm_pusht,8,1,fidelity_constrained_matched_geometry__seed11437,fidelity_constrained_matched_geometry,11437,3,0.0,0.6514399473549798,1.0,6,6
PushT,jepa_wm_pusht,8,1,fidelity_constrained_matched_geometry__seed11437,fidelity_constrained_matched_geometry,11437,6,0.5781148528381919,0.23706142845540695,0.0,8,1
PushT,jepa_wm_pusht,9,1,fidelity_constrained_matched_geometry__seed11437,fidelity_constrained_matched_geometry,11437,1,0.8274135674934155,0.010384531390538817,0.0,7,0
PushT,jepa_wm_pusht,9,1,fidelity_constrained_matched_geometry__seed11437,fidelity_constrained_matched_geometry,11437,3,0.7286493483691098,0.1299893680129074,0.0,7,2
PushT,jepa_wm_pusht,9,1,fidelity_constrained_matched_geometry__seed11437,fidelity_constrained_matched_geometry,11437,6,0.8502269524673542,0.3791036729080747,0.0,7,3
PushT,jepa_wm_pusht,10,1,fidelity_constrained_matched_geometry__seed11437,fidelity_constrained_matched_geometry,11437,1,0.12049358852617963,0.9787368933195569,0.0,4,1
PushT,jepa_wm_pusht,10,1,fidelity_constrained_matched_geometry__seed11437,fidelity_constrained_matched_geometry,11437,3,0.0,0.8611652164788753,1.0,6,6
PushT,jepa_wm_pusht,10,1,fidelity_constrained_matched_geometry__seed11437,fidelity_constrained_matched_geometry,11437,6,0.0,0.5717999507807378,1.0,6,6
PushT,jepa_wm_pusht,11,1,fidelity_constrained_matched_geometry__seed11437,fidelity_constrained_matched_geometry,11437,1,0.49698986494663716,0.42486576383211727,0.0,8,7
PushT,jepa_wm_pusht,11,1,fidelity_constrained_matched_geometry__seed11437,fidelity_constrained_matched_geometry,11437,3,0.0,0.406943190786347,1.0,6,6
PushT,jepa_wm_pusht,11,1,fidelity_constrained_matched_geometry__seed11437,fidelity_constrained_matched_geometry,11437,6,1.0,0.29584552167991374,0.0,3,6
PushT,jepa_wm_pusht,12,1,fidelity_constrained_matched_geometry__seed11437,fidelity_constrained_matched_geometry,11437,1,0.15542731492732748,0.9765664079723951,0.0,8,6
PushT,jepa_wm_pusht,12,1,fidelity_constrained_matched_geometry__seed11437,fidelity_constrained_matched_geometry,11437,3,0.0,0.6459474421989528,1.0,4,4
PushT,jepa_wm_pusht,12,1,fidelity_constrained_matched_geometry__seed11437,fidelity_constrained_matched_geometry,11437,6,0.01885074951463251,0.7895299093493007,0.0,4,2
PushT,jepa_wm_pusht,13,1,fidelity_constrained_matched_geometry__seed11437,fidelity_constrained_matched_geometry,11437,1,0.9488516591828323,0.13809115707252423,0.0,0,6
PushT,jepa_wm_pusht,13,1,fidelity_constrained_matched_geometry__seed11437,fidelity_constrained_matched_geometry,11437,3,0.0161718104917741,0.7902372084566874,0.0,4,2
PushT,jepa_wm_pusht,13,1,fidelity_constrained_matched_geometry__seed11437,fidelity_constrained_matched_geometry,11437,6,0.0,0.8860253256663309,1.0,2,2
PushT,jepa_wm_pusht,14,1,fidelity_constrained_matched_geometry__seed11437,fidelity_constrained_matched_geometry,11437,1,0.0,nan,1.0,7,0
PushT,jepa_wm_pusht,14,1,fidelity_constrained_matched_geometry__seed11437,fidelity_constrained_matched_geometry,11437,3,0.22439910568143512,0.8250987760976368,0.0,5,2
PushT,jepa_wm_pusht,14,1,fidelity_constrained_matched_geometry__seed11437,fidelity_constrained_matched_geometry,11437,6,0.10985312473301036,0.7550156759718953,0.0,3,2
PushT,jepa_wm_pusht,15,1,fidelity_constrained_matched_geometry__seed11437,fidelity_constrained_matched_geometry,11437,1,0.0,nan,1.0,9,0
PushT,jepa_wm_pusht,15,1,fidelity_constrained_matched_geometry__seed11437,fidelity_constrained_matched_geometry,11437,3,0.0,0.8728815651574486,1.0,2,2
PushT,jepa_wm_pusht,15,1,fidelity_constrained_matched_geometry__seed11437,fidelity_constrained_matched_geometry,11437,6,1.0,0.5292387451428294,0.0,7,3
PushT,jepa_wm_pusht,16,2,fidelity_constrained_matched_geometry__seed11437,fidelity_constrained_matched_geometry,11437,1,0.04667333317829818,0.9759580478347364,0.0,6,4
PushT,jepa_wm_pusht,16,2,fidelity_constrained_matched_geometry__seed11437,fidelity_constrained_matched_geometry,11437,3,0.32628899571658077,0.7348137495418989,0.0,4,6
PushT,jepa_wm_pusht,16,2,fidelity_constrained_matched_geometry__seed11437,fidelity_constrained_matched_geometry,11437,6,0.0,0.5121939858858138,1.0,6,6
PushT,jepa_wm_pusht,17,2,fidelity_constrained_matched_geometry__seed11437,fidelity_constrained_matched_geometry,11437,1,0.0,nan,1.0,4,0
PushT,jepa_wm_pusht,17,2,fidelity_constrained_matched_geometry__seed11437,fidelity_constrained_matched_geometry,11437,3,0.5789271149086822,0.6308886801572353,0.0,4,2
PushT,jepa_wm_pusht,17,2,fidelity_constrained_matched_geometry__seed11437,fidelity_constrained_matched_geometry,11437,6,0.0,0.7513638268287729,1.0,3,3
PushT,jepa_wm_pusht,18,2,fidelity_constrained_matched_geometry__seed11437,fidelity_constrained_matched_geometry,11437,1,0.0,nan,1.0,1,0
PushT,jepa_wm_pusht,18,2,fidelity_constrained_matched_geometry__seed11437,fidelity_constrained_matched_geometry,11437,3,0.44201480759003287,0.7492475583310807,0.0,5,2
PushT,jepa_wm_pusht,18,2,fidelity_constrained_matched_geometry__seed11437,fidelity_constrained_matched_geometry,11437,6,1.0,0.41557234180705266,0.0,7,2
PushT,jepa_wm_pusht,19,2,fidelity_constrained_matched_geometry__seed11437,fidelity_constrained_matched_geometry,11437,1,0.0,0.883968134000689,1.0,7,7
PushT,jepa_wm_pusht,19,2,fidelity_constrained_matched_geometry__seed11437,fidelity_constrained_matched_geometry,11437,3,0.0,0.9761165122569129,1.0,7,7
PushT,jepa_wm_pusht,19,2,fidelity_constrained_matched_geometry__seed11437,fidelity_constrained_matched_geometry,11437,6,0.05206520357815755,0.7588362377497374,0.0,7,5
PushT,jepa_wm_pusht,20,2,fidelity_constrained_matched_geometry__seed11437,fidelity_constrained_matched_geometry,11437,1,0.071849549171498,0.9832668073084491,0.0,6,8
PushT,jepa_wm_pusht,20,2,fidelity_constrained_matched_geometry__seed11437,fidelity_constrained_matched_geometry,11437,3,0.06837919317243876,0.7738572605371317,0.0,6,8
PushT,jepa_wm_pusht,20,2,fidelity_constrained_matched_geometry__seed11437,fidelity_constrained_matched_geometry,11437,6,1.0,0.1598567604023869,0.0,3,8
PushT,jepa_wm_pusht,21,2,fidelity_constrained_matched_geometry__seed11437,fidelity_constrained_matched_geometry,11437,1,0.0,nan,1.0,4,0
PushT,jepa_wm_pusht,21,2,fidelity_constrained_matched_geometry__seed11437,fidelity_constrained_matched_geometry,11437,3,0.7585503102919223,0.5812243801753189,0.0,4,2
PushT,jepa_wm_pusht,21,2,fidelity_constrained_matched_geometry__seed11437,fidelity_constrained_matched_geometry,11437,6,0.0,0.7625714944039957,1.0,3,3
PushT,jepa_wm_pusht,22,2,fidelity_constrained_matched_geometry__seed11437,fidelity_constrained_matched_geometry,11437,1,1.0,0.1111111111111111,0.0,5,6
PushT,jepa_wm_pusht,22,2,fidelity_constrained_matched_geometry__seed11437,fidelity_constrained_matched_geometry,11437,3,0.0,0.8635929297669677,1.0,4,4
PushT,jepa_wm_pusht,22,2,fidelity_constrained_matched_geometry__seed11437,fidelity_constrained_matched_geometry,11437,6,1.0,0.6571754422485877,0.0,6,4
PushT,jepa_wm_pusht,23,2,fidelity_constrained_matched_geometry__seed11437,fidelity_constrained_matched_geometry,11437,1,0.06271666156975347,0.6360845587914927,0.0,5,9
PushT,jepa_wm_pusht,23,2,fidelity_constrained_matched_geometry__seed11437,fidelity_constrained_matched_geometry,11437,3,1.0,0.22403594894565698,0.0,8,9
PushT,jepa_wm_pusht,23,2,fidelity_constrained_matched_geometry__seed11437,fidelity_constrained_matched_geometry,11437,6,0.01662600440501789,0.4987654628616029,0.0,5,9
PushT,jepa_wm_pusht,48,6,fidelity_constrained_matched_geometry__seed11437,fidelity_constrained_matched_geometry,11437,1,0.09012243500443963,0.8251479910291066,0.0,0,9
PushT,jepa_wm_pusht,48,6,fidelity_constrained_matched_geometry__seed11437,fidelity_constrained_matched_geometry,11437,3,0.03292797551033872,0.7720037042587548,0.0,7,5
PushT,jepa_wm_pusht,48,6,fidelity_constrained_matched_geometry__seed11437,fidelity_constrained_matched_geometry,11437,6,0.0,0.915825899929403,1.0,5,5
PushT,jepa_wm_pusht,49,6,fidelity_constrained_matched_geometry__seed11437,fidelity_constrained_matched_geometry,11437,1,1.0,0.18566602001709617,0.0,8,5
PushT,jepa_wm_pusht,49,6,fidelity_constrained_matched_geometry__seed11437,fidelity_constrained_matched_geometry,11437,3,0.0,0.9036693536112518,1.0,5,5
PushT,jepa_wm_pusht,49,6,fidelity_constrained_matched_geometry__seed11437,fidelity_constrained_matched_geometry,11437,6,0.0,0.9176735845788072,1.0,5,5
PushT,jepa_wm_pusht,50,6,fidelity_constrained_matched_geometry__seed11437,fidelity_constrained_matched_geometry,11437,1,0.026574968337305327,0.9009825288441866,0.0,4,1
PushT,jepa_wm_pusht,50,6,fidelity_constrained_matched_geometry__seed11437,fidelity_constrained_matched_geometry,11437,3,0.0,0.9979207415198539,1.0,2,2
PushT,jepa_wm_pusht,50,6,fidelity_constrained_matched_geometry__seed11437,fidelity_constrained_matched_geometry,11437,6,0.11176022326401269,0.9415568148684649,0.0,4,2
PushT,jepa_wm_pusht,51,6,fidelity_constrained_matched_geometry__seed11437,fidelity_constrained_matched_geometry,11437,1,0.15725227350300996,0.9097354529452376,0.0,7,9
PushT,jepa_wm_pusht,51,6,fidelity_constrained_matched_geometry__seed11437,fidelity_constrained_matched_geometry,11437,3,0.8329904504891641,0.2949357268161245,0.0,1,9
PushT,jepa_wm_pusht,51,6,fidelity_constrained_matched_geometry__seed11437,fidelity_constrained_matched_geometry,11437,6,0.8472560153227433,0.7743009338245914,0.0,3,9
PushT,jepa_wm_pusht,52,6,fidelity_constrained_matched_geometry__seed11437,fidelity_constrained_matched_geometry,11437,1,0.0,0.7777777777777778,1.0,7,0
PushT,jepa_wm_pusht,52,6,fidelity_constrained_matched_geometry__seed11437,fidelity_constrained_matched_geometry,11437,3,0.3477543489605677,0.25168347209956365,0.0,4,2
PushT,jepa_wm_pusht,52,6,fidelity_constrained_matched_geometry__seed11437,fidelity_constrained_matched_geometry,11437,6,1.0,0.4127496191968014,0.0,6,3
PushT,jepa_wm_pusht,53,6,fidelity_constrained_matched_geometry__seed11437,fidelity_constrained_matched_geometry,11437,1,0.0,0.5510440227703827,1.0,9,9
PushT,jepa_wm_pusht,53,6,fidelity_constrained_matched_geometry__seed11437,fidelity_constrained_matched_geometry,11437,3,0.0,0.9856538405971085,1.0,5,5
PushT,jepa_wm_pusht,53,6,fidelity_constrained_matched_geometry__seed11437,fidelity_constrained_matched_geometry,11437,6,0.0,0.8940601405197657,1.0,5,5
PushT,jepa_wm_pusht,54,6,fidelity_constrained_matched_geometry__seed11437,fidelity_constrained_matched_geometry,11437,1,0.5144474869020803,0.8330901466770251,0.0,7,4
PushT,jepa_wm_pusht,54,6,fidelity_constrained_matched_geometry__seed11437,fidelity_constrained_matched_geometry,11437,3,0.3056015488280241,0.7874085754631294,0.0,6,4
PushT,jepa_wm_pusht,54,6,fidelity_constrained_matched_geometry__seed11437,fidelity_constrained_matched_geometry,11437,6,0.0,0.8348828438466345,1.0,4,4
PushT,jepa_wm_pusht,55,6,fidelity_constrained_matched_geometry__seed11437,fidelity_constrained_matched_geometry,11437,1,1.0,0.0,0.0,6,0
PushT,jepa_wm_pusht,55,6,fidelity_constrained_matched_geometry__seed11437,fidelity_constrained_matched_geometry,11437,3,1.0,0.18768488827362653,0.0,6,8
PushT,jepa_wm_pusht,55,6,fidelity_constrained_matched_geometry__seed11437,fidelity_constrained_matched_geometry,11437,6,1.0,0.32857390861053837,0.0,6,3
Wall,jepa_wm_wall,8,1,frozen,frozen,-1,1,0.0891078101244978,0.9212604451728351,0.0,1,2
Wall,jepa_wm_wall,8,1,frozen,frozen,-1,3,0.08482373582968013,0.8573687804172996,0.0,5,4
Wall,jepa_wm_wall,8,1,frozen,frozen,-1,6,0.0,0.9561637161506199,1.0,4,4
Wall,jepa_wm_wall,9,1,frozen,frozen,-1,1,0.0,0.5980708219283029,1.0,1,1
Wall,jepa_wm_wall,9,1,frozen,frozen,-1,3,0.15382484569233362,0.5670778133007408,0.0,4,1
Wall,jepa_wm_wall,9,1,frozen,frozen,-1,6,0.09552012436264752,0.8898590417364328,0.0,4,2
Wall,jepa_wm_wall,10,1,frozen,frozen,-1,1,0.4249088943221821,0.7954306990712671,0.0,8,1
Wall,jepa_wm_wall,10,1,frozen,frozen,-1,3,0.0,0.9247260253379953,1.0,1,1
Wall,jepa_wm_wall,10,1,frozen,frozen,-1,6,0.0,0.9959079800602231,1.0,1,1
Wall,jepa_wm_wall,11,1,frozen,frozen,-1,1,0.0,0.9190117692414783,1.0,1,1
Wall,jepa_wm_wall,11,1,frozen,frozen,-1,3,0.16557815588742084,0.8233311781219004,0.0,5,1
Wall,jepa_wm_wall,11,1,frozen,frozen,-1,6,0.0,0.9785613338550799,1.0,1,1
Wall,jepa_wm_wall,12,1,frozen,frozen,-1,1,0.12456447628524758,0.8851665466462676,0.0,6,1
Wall,jepa_wm_wall,12,1,frozen,frozen,-1,3,0.09665954609519713,0.7809840719434059,0.0,4,1
Wall,jepa_wm_wall,12,1,frozen,frozen,-1,6,0.051845683435020974,0.6733240896548459,0.0,2,3
Wall,jepa_wm_wall,13,1,frozen,frozen,-1,1,0.0,0.7518988302660271,1.0,1,1
Wall,jepa_wm_wall,13,1,frozen,frozen,-1,3,0.2829161925693999,0.7798501330693516,0.0,2,4
Wall,jepa_wm_wall,13,1,frozen,frozen,-1,6,0.0,0.8570302955831371,1.0,4,4
Wall,jepa_wm_wall,14,1,frozen,frozen,-1,1,0.4265192405294919,0.7807068895845126,0.0,7,1
Wall,jepa_wm_wall,14,1,frozen,frozen,-1,3,0.16386929049128993,0.7540884923137275,0.0,3,4
Wall,jepa_wm_wall,14,1,frozen,frozen,-1,6,0.0,0.9867113447914209,1.0,4,4
Wall,jepa_wm_wall,15,1,frozen,frozen,-1,1,0.0,0.9699810592266241,1.0,1,1
Wall,jepa_wm_wall,15,1,frozen,frozen,-1,3,0.27842786842107053,0.3727876033357836,0.0,8,5
Wall,jepa_wm_wall,15,1,frozen,frozen,-1,6,0.02109195364658048,0.8043217236680251,0.0,4,2
Wall,jepa_wm_wall,16,2,frozen,frozen,-1,1,0.0,0.8439606769827576,1.0,1,1
Wall,jepa_wm_wall,16,2,frozen,frozen,-1,3,0.0780943539164202,0.891709189661589,0.0,1,2
Wall,jepa_wm_wall,16,2,frozen,frozen,-1,6,0.47836158155027136,0.6516645993363457,0.0,1,2
Wall,jepa_wm_wall,17,2,frozen,frozen,-1,1,0.12688078630405206,0.8004617519231914,0.0,5,1
Wall,jepa_wm_wall,17,2,frozen,frozen,-1,3,0.0,0.8896433899760777,1.0,1,1
Wall,jepa_wm_wall,17,2,frozen,frozen,-1,6,0.5173793022236458,0.6648354164892605,0.0,1,3
Wall,jepa_wm_wall,18,2,frozen,frozen,-1,1,0.10368910939953103,0.8979389115628401,0.0,2,1
Wall,jepa_wm_wall,18,2,frozen,frozen,-1,3,0.0,0.8016867901038447,1.0,1,1
Wall,jepa_wm_wall,18,2,frozen,frozen,-1,6,0.079029886739769,0.9822954156322434,0.0,4,6
Wall,jepa_wm_wall,19,2,frozen,frozen,-1,1,0.0012619796047764191,0.7243316835412318,0.0,2,1
Wall,jepa_wm_wall,19,2,frozen,frozen,-1,3,0.23643313898908538,0.871787155049722,0.0,4,1
Wall,jepa_wm_wall,19,2,frozen,frozen,-1,6,0.4811349945468107,0.772534807167549,0.0,5,1
Wall,jepa_wm_wall,20,2,frozen,frozen,-1,1,0.4375463146812976,0.7787683619696057,0.0,8,1
Wall,jepa_wm_wall,20,2,frozen,frozen,-1,3,0.18914274310056906,0.7511333611639591,0.0,4,6
Wall,jepa_wm_wall,20,2,frozen,frozen,-1,6,0.3477921036549551,0.6407182527299423,0.0,1,2
Wall,jepa_wm_wall,21,2,frozen,frozen,-1,1,0.12442798164057622,0.3287347068705279,0.0,5,1
Wall,jepa_wm_wall,21,2,frozen,frozen,-1,3,0.0,0.9418144483677837,1.0,1,1
Wall,jepa_wm_wall,21,2,frozen,frozen,-1,6,0.48324186008832426,0.7809867700182102,0.0,1,3
Wall,jepa_wm_wall,22,2,frozen,frozen,-1,1,0.12694286968112253,0.8302901666056826,0.0,5,1
Wall,jepa_wm_wall,22,2,frozen,frozen,-1,3,0.0,0.8893876622017161,1.0,1,1
Wall,jepa_wm_wall,22,2,frozen,frozen,-1,6,0.5449193421845129,0.6591845800814726,0.0,1,3
Wall,jepa_wm_wall,23,2,frozen,frozen,-1,1,0.492815152927685,0.7585080899072187,0.0,8,1
Wall,jepa_wm_wall,23,2,frozen,frozen,-1,3,0.0,0.8520430695571451,1.0,4,4
Wall,jepa_wm_wall,23,2,frozen,frozen,-1,6,0.3589817567214553,0.7119188336588826,0.0,1,4
Wall,jepa_wm_wall,48,6,frozen,frozen,-1,1,0.12212012605194784,0.771716032444069,0.0,6,1
Wall,jepa_wm_wall,48,6,frozen,frozen,-1,3,0.33885638302503224,0.6745720500071017,0.0,3,1
Wall,jepa_wm_wall,48,6,frozen,frozen,-1,6,0.0,0.8990154253279966,1.0,1,1
Wall,jepa_wm_wall,49,6,frozen,frozen,-1,1,0.08831945936215893,0.8665425350676182,0.0,3,1
Wall,jepa_wm_wall,49,6,frozen,frozen,-1,3,0.28059065837136005,0.6888369568723924,0.0,2,1
Wall,jepa_wm_wall,49,6,frozen,frozen,-1,6,0.0,0.8990371366092855,1.0,1,1
Wall,jepa_wm_wall,50,6,frozen,frozen,-1,1,0.4260117069489781,0.7150921504195527,0.0,8,1
Wall,jepa_wm_wall,50,6,frozen,frozen,-1,3,0.2031904442529546,0.8303878311256148,0.0,2,6
Wall,jepa_wm_wall,50,6,frozen,frozen,-1,6,0.19405549575924055,0.7725485724141804,0.0,1,4
Wall,jepa_wm_wall,51,6,frozen,frozen,-1,1,0.007931881484607411,0.9258140267745387,0.0,3,1
Wall,jepa_wm_wall,51,6,frozen,frozen,-1,3,0.25084205680435046,0.8659778192264523,0.0,2,1
Wall,jepa_wm_wall,51,6,frozen,frozen,-1,6,0.10901940817974191,0.8723725647553566,0.0,4,1
Wall,jepa_wm_wall,52,6,frozen,frozen,-1,1,0.0,0.8426380265174127,1.0,1,1
Wall,jepa_wm_wall,52,6,frozen,frozen,-1,3,0.08652891416874614,0.6883904009696603,0.0,2,3
Wall,jepa_wm_wall,52,6,frozen,frozen,-1,6,0.06992941723812081,0.8886861990168544,0.0,4,3
Wall,jepa_wm_wall,53,6,frozen,frozen,-1,1,0.4488210939174718,0.4695334667945112,0.0,8,1
Wall,jepa_wm_wall,53,6,frozen,frozen,-1,3,0.1509488568966722,0.8236893163448246,0.0,2,4
Wall,jepa_wm_wall,53,6,frozen,frozen,-1,6,0.09643994244758064,0.8542064960560833,0.0,1,4
Wall,jepa_wm_wall,54,6,frozen,frozen,-1,1,0.0,0.8639433102086852,1.0,1,1
Wall,jepa_wm_wall,54,6,frozen,frozen,-1,3,0.26133997006146936,0.7062243046406287,0.0,3,6
Wall,jepa_wm_wall,54,6,frozen,frozen,-1,6,0.2353094206177578,0.8448451410385656,0.0,1,2
Wall,jepa_wm_wall,55,6,frozen,frozen,-1,1,0.19210375265017246,0.8601840777762452,0.0,2,1
Wall,jepa_wm_wall,55,6,frozen,frozen,-1,3,0.2094691332620639,0.7578632487150774,0.0,3,6
Wall,jepa_wm_wall,55,6,frozen,frozen,-1,6,0.510367303771342,0.7056091461260091,0.0,1,2
Wall,jepa_wm_wall,8,1,fidelity_constrained_latent_only__seed11401,fidelity_constrained_latent_only,11401,1,0.0,0.9816889309018635,1.0,2,2
Wall,jepa_wm_wall,8,1,fidelity_constrained_latent_only__seed11401,fidelity_constrained_latent_only,11401,3,0.08482373582968013,0.920818551563131,0.0,5,4
Wall,jepa_wm_wall,8,1,fidelity_constrained_latent_only__seed11401,fidelity_constrained_latent_only,11401,6,0.0,0.9809385707087781,1.0,4,4
Wall,jepa_wm_wall,9,1,fidelity_constrained_latent_only__seed11401,fidelity_constrained_latent_only,11401,1,0.0,0.5383223419564169,1.0,1,1
Wall,jepa_wm_wall,9,1,fidelity_constrained_latent_only__seed11401,fidelity_constrained_latent_only,11401,3,0.15382484569233362,0.8720768675517199,0.0,4,1
Wall,jepa_wm_wall,9,1,fidelity_constrained_latent_only__seed11401,fidelity_constrained_latent_only,11401,6,0.09552012436264752,0.9512617204536877,0.0,4,2
Wall,jepa_wm_wall,10,1,fidelity_constrained_latent_only__seed11401,fidelity_constrained_latent_only,11401,1,0.0372770339782157,0.915183516185314,0.0,3,1
Wall,jepa_wm_wall,10,1,fidelity_constrained_latent_only__seed11401,fidelity_constrained_latent_only,11401,3,0.0,0.9314534492726033,1.0,1,1
Wall,jepa_wm_wall,10,1,fidelity_constrained_latent_only__seed11401,fidelity_constrained_latent_only,11401,6,0.0,0.9806436113034532,1.0,1,1
Wall,jepa_wm_wall,11,1,fidelity_constrained_latent_only__seed11401,fidelity_constrained_latent_only,11401,1,0.07412761891648882,0.9378595969580722,0.0,3,1
Wall,jepa_wm_wall,11,1,fidelity_constrained_latent_only__seed11401,fidelity_constrained_latent_only,11401,3,0.22206290406126403,0.9190629076880595,0.0,3,1
Wall,jepa_wm_wall,11,1,fidelity_constrained_latent_only__seed11401,fidelity_constrained_latent_only,11401,6,0.0,0.9992524356048021,1.0,1,1
Wall,jepa_wm_wall,12,1,fidelity_constrained_latent_only__seed11401,fidelity_constrained_latent_only,11401,1,0.0,0.8923089061443003,1.0,1,1
Wall,jepa_wm_wall,12,1,fidelity_constrained_latent_only__seed11401,fidelity_constrained_latent_only,11401,3,0.06321905065029236,0.9171312517002345,0.0,6,1
Wall,jepa_wm_wall,12,1,fidelity_constrained_latent_only__seed11401,fidelity_constrained_latent_only,11401,6,0.21116622450814518,0.8322738186221027,0.0,4,3
Wall,jepa_wm_wall,13,1,fidelity_constrained_latent_only__seed11401,fidelity_constrained_latent_only,11401,1,0.028695465844599356,0.903609736245911,0.0,4,1
Wall,jepa_wm_wall,13,1,fidelity_constrained_latent_only__seed11401,fidelity_constrained_latent_only,11401,3,0.14527104206009775,0.9410473243263221,0.0,5,4
Wall,jepa_wm_wall,13,1,fidelity_constrained_latent_only__seed11401,fidelity_constrained_latent_only,11401,6,0.0,0.956163992375124,1.0,4,4
Wall,jepa_wm_wall,14,1,fidelity_constrained_latent_only__seed11401,fidelity_constrained_latent_only,11401,1,0.4265192405294919,0.7400101450288287,0.0,7,1
Wall,jepa_wm_wall,14,1,fidelity_constrained_latent_only__seed11401,fidelity_constrained_latent_only,11401,3,0.02103669177229461,0.8180131735824281,0.0,1,4
Wall,jepa_wm_wall,14,1,fidelity_constrained_latent_only__seed11401,fidelity_constrained_latent_only,11401,6,0.0,0.9679816350358362,1.0,4,4
Wall,jepa_wm_wall,15,1,fidelity_constrained_latent_only__seed11401,fidelity_constrained_latent_only,11401,1,0.0,0.985113516487535,1.0,1,1
Wall,jepa_wm_wall,15,1,fidelity_constrained_latent_only__seed11401,fidelity_constrained_latent_only,11401,3,0.019446629235054986,0.8280576592979961,0.0,1,5
Wall,jepa_wm_wall,15,1,fidelity_constrained_latent_only__seed11401,fidelity_constrained_latent_only,11401,6,0.02109195364658048,0.9068452711273918,0.0,4,2
Wall,jepa_wm_wall,16,2,fidelity_constrained_latent_only__seed11401,fidelity_constrained_latent_only,11401,1,0.0,0.928763740219987,1.0,1,1
Wall,jepa_wm_wall,16,2,fidelity_constrained_latent_only__seed11401,fidelity_constrained_latent_only,11401,3,0.0780943539164202,0.7717077678745621,0.0,1,2
Wall,jepa_wm_wall,16,2,fidelity_constrained_latent_only__seed11401,fidelity_constrained_latent_only,11401,6,0.5310357923198618,0.30497333253035064,0.0,5,2
Wall,jepa_wm_wall,17,2,fidelity_constrained_latent_only__seed11401,fidelity_constrained_latent_only,11401,1,0.12688078630405206,0.8903081604371834,0.0,5,1
Wall,jepa_wm_wall,17,2,fidelity_constrained_latent_only__seed11401,fidelity_constrained_latent_only,11401,3,0.0,0.7048359340817311,1.0,1,1
Wall,jepa_wm_wall,17,2,fidelity_constrained_latent_only__seed11401,fidelity_constrained_latent_only,11401,6,0.5122518561014756,0.5587542554469824,0.0,5,3
Wall,jepa_wm_wall,18,2,fidelity_constrained_latent_only__seed11401,fidelity_constrained_latent_only,11401,1,0.12115863057169185,0.5964333011358498,0.0,5,1
Wall,jepa_wm_wall,18,2,fidelity_constrained_latent_only__seed11401,fidelity_constrained_latent_only,11401,3,0.06357119324461176,0.917183106103924,0.0,4,1
Wall,jepa_wm_wall,18,2,fidelity_constrained_latent_only__seed11401,fidelity_constrained_latent_only,11401,6,0.06074535502837518,0.9515216426034108,0.0,1,6
Wall,jepa_wm_wall,19,2,fidelity_constrained_latent_only__seed11401,fidelity_constrained_latent_only,11401,1,0.1265250410340812,0.5355138941755205,0.0,5,1
Wall,jepa_wm_wall,19,2,fidelity_constrained_latent_only__seed11401,fidelity_constrained_latent_only,11401,3,0.30787988273780015,0.8641563885364643,0.0,5,1
Wall,jepa_wm_wall,19,2,fidelity_constrained_latent_only__seed11401,fidelity_constrained_latent_only,11401,6,0.6658034424361426,0.7694261510069529,0.0,0,1
Wall,jepa_wm_wall,20,2,fidelity_constrained_latent_only__seed11401,fidelity_constrained_latent_only,11401,1,0.2428913623165946,0.8084017641294864,0.0,3,1
Wall,jepa_wm_wall,20,2,fidelity_constrained_latent_only__seed11401,fidelity_constrained_latent_only,11401,3,0.22499358945128464,0.627897633910692,0.0,5,6
Wall,jepa_wm_wall,20,2,fidelity_constrained_latent_only__seed11401,fidelity_constrained_latent_only,11401,6,0.5175256334018074,0.4755990040800612,0.0,5,2
Wall,jepa_wm_wall,21,2,fidelity_constrained_latent_only__seed11401,fidelity_constrained_latent_only,11401,1,0.0,0.5507060884109213,1.0,1,1
Wall,jepa_wm_wall,21,2,fidelity_constrained_latent_only__seed11401,fidelity_constrained_latent_only,11401,3,0.0,0.9936347037845579,1.0,1,1
Wall,jepa_wm_wall,21,2,fidelity_constrained_latent_only__seed11401,fidelity_constrained_latent_only,11401,6,0.48324186008832426,0.643984820878705,0.0,1,3
Wall,jepa_wm_wall,22,2,fidelity_constrained_latent_only__seed11401,fidelity_constrained_latent_only,11401,1,0.0,0.8992661546021449,1.0,1,1
Wall,jepa_wm_wall,22,2,fidelity_constrained_latent_only__seed11401,fidelity_constrained_latent_only,11401,3,0.0,0.7066022294288558,1.0,1,1
Wall,jepa_wm_wall,22,2,fidelity_constrained_latent_only__seed11401,fidelity_constrained_latent_only,11401,6,0.5449193421845129,0.552094151512961,0.0,1,3
Wall,jepa_wm_wall,23,2,fidelity_constrained_latent_only__seed11401,fidelity_constrained_latent_only,11401,1,0.0352215604069649,0.8195216698400601,0.0,4,1
Wall,jepa_wm_wall,23,2,fidelity_constrained_latent_only__seed11401,fidelity_constrained_latent_only,11401,3,0.20090383817171387,0.8235637138680366,0.0,5,4
Wall,jepa_wm_wall,23,2,fidelity_constrained_latent_only__seed11401,fidelity_constrained_latent_only,11401,6,0.3589817567214553,0.6884900359261623,0.0,1,4
Wall,jepa_wm_wall,48,6,fidelity_constrained_latent_only__seed11401,fidelity_constrained_latent_only,11401,1,0.024750837594570252,0.8266073678504929,0.0,2,1
Wall,jepa_wm_wall,48,6,fidelity_constrained_latent_only__seed11401,fidelity_constrained_latent_only,11401,3,0.33885638302503224,0.841982879721646,0.0,3,1
Wall,jepa_wm_wall,48,6,fidelity_constrained_latent_only__seed11401,fidelity_constrained_latent_only,11401,6,0.13991464109340168,0.9112350694118931,0.0,4,1
Wall,jepa_wm_wall,49,6,fidelity_constrained_latent_only__seed11401,fidelity_constrained_latent_only,11401,1,0.08831945936215893,0.885382623563811,0.0,3,1
Wall,jepa_wm_wall,49,6,fidelity_constrained_latent_only__seed11401,fidelity_constrained_latent_only,11401,3,0.28059065837136005,0.8944067899292827,0.0,2,1
Wall,jepa_wm_wall,49,6,fidelity_constrained_latent_only__seed11401,fidelity_constrained_latent_only,11401,6,0.08134523661871648,0.9120358635387622,0.0,4,1
Wall,jepa_wm_wall,50,6,fidelity_constrained_latent_only__seed11401,fidelity_constrained_latent_only,11401,1,0.0,0.9001871875273053,1.0,1,1
Wall,jepa_wm_wall,50,6,fidelity_constrained_latent_only__seed11401,fidelity_constrained_latent_only,11401,3,0.29607003342937677,0.7766145960290345,0.0,1,6
Wall,jepa_wm_wall,50,6,fidelity_constrained_latent_only__seed11401,fidelity_constrained_latent_only,11401,6,0.03890834302826281,0.9113426724356595,0.0,2,4
Wall,jepa_wm_wall,51,6,fidelity_constrained_latent_only__seed11401,fidelity_constrained_latent_only,11401,1,0.12171973561785825,0.9273791464064834,0.0,6,1
Wall,jepa_wm_wall,51,6,fidelity_constrained_latent_only__seed11401,fidelity_constrained_latent_only,11401,3,0.43123857483639333,0.8628052865898129,0.0,3,1
Wall,jepa_wm_wall,51,6,fidelity_constrained_latent_only__seed11401,fidelity_constrained_latent_only,11401,6,0.10901940817974191,0.9864590216236403,0.0,4,1
Wall,jepa_wm_wall,52,6,fidelity_constrained_latent_only__seed11401,fidelity_constrained_latent_only,11401,1,0.0,0.9925495419983466,1.0,1,1
Wall,jepa_wm_wall,52,6,fidelity_constrained_latent_only__seed11401,fidelity_constrained_latent_only,11401,3,0.22841602334505987,0.8961747795169549,0.0,8,3
Wall,jepa_wm_wall,52,6,fidelity_constrained_latent_only__seed11401,fidelity_constrained_latent_only,11401,6,0.0384318938477101,0.8847193070024075,0.0,2,3
Wall,jepa_wm_wall,53,6,fidelity_constrained_latent_only__seed11401,fidelity_constrained_latent_only,11401,1,0.4488210939174718,0.7178554493686753,0.0,8,1
Wall,jepa_wm_wall,53,6,fidelity_constrained_latent_only__seed11401,fidelity_constrained_latent_only,11401,3,0.1509488568966722,0.9700995242237007,0.0,2,4
Wall,jepa_wm_wall,53,6,fidelity_constrained_latent_only__seed11401,fidelity_constrained_latent_only,11401,6,0.09643994244758064,0.9094140490651847,0.0,1,4
Wall,jepa_wm_wall,54,6,fidelity_constrained_latent_only__seed11401,fidelity_constrained_latent_only,11401,1,0.0,0.9994976499028437,1.0,1,1
Wall,jepa_wm_wall,54,6,fidelity_constrained_latent_only__seed11401,fidelity_constrained_latent_only,11401,3,0.22028967914818534,0.8501454271128409,0.0,5,6
Wall,jepa_wm_wall,54,6,fidelity_constrained_latent_only__seed11401,fidelity_constrained_latent_only,11401,6,0.2353094206177578,0.8606610432125272,0.0,1,2
Wall,jepa_wm_wall,55,6,fidelity_constrained_latent_only__seed11401,fidelity_constrained_latent_only,11401,1,0.0,0.9819401612347453,1.0,1,1
Wall,jepa_wm_wall,55,6,fidelity_constrained_latent_only__seed11401,fidelity_constrained_latent_only,11401,3,0.1600320766712798,0.8595858373312792,0.0,5,6
Wall,jepa_wm_wall,55,6,fidelity_constrained_latent_only__seed11401,fidelity_constrained_latent_only,11401,6,0.0,0.8942848673434068,1.0,2,2
Wall,jepa_wm_wall,8,1,fidelity_constrained_shuffled_geometry__seed11401,fidelity_constrained_shuffled_geometry,11401,1,0.0,0.8944376282122096,1.0,2,2
Wall,jepa_wm_wall,8,1,fidelity_constrained_shuffled_geometry__seed11401,fidelity_constrained_shuffled_geometry,11401,3,0.08482373582968013,0.9906416050313452,0.0,5,4
Wall,jepa_wm_wall,8,1,fidelity_constrained_shuffled_geometry__seed11401,fidelity_constrained_shuffled_geometry,11401,6,0.0,0.9133969086159165,1.0,4,4
Wall,jepa_wm_wall,9,1,fidelity_constrained_shuffled_geometry__seed11401,fidelity_constrained_shuffled_geometry,11401,1,0.0,0.46286206702366767,1.0,1,1
Wall,jepa_wm_wall,9,1,fidelity_constrained_shuffled_geometry__seed11401,fidelity_constrained_shuffled_geometry,11401,3,0.15382484569233362,0.7328747020201637,0.0,4,1
Wall,jepa_wm_wall,9,1,fidelity_constrained_shuffled_geometry__seed11401,fidelity_constrained_shuffled_geometry,11401,6,0.09552012436264752,0.8395304603976542,0.0,4,2
Wall,jepa_wm_wall,10,1,fidelity_constrained_shuffled_geometry__seed11401,fidelity_constrained_shuffled_geometry,11401,1,0.0372770339782157,0.8600136106462573,0.0,3,1
Wall,jepa_wm_wall,10,1,fidelity_constrained_shuffled_geometry__seed11401,fidelity_constrained_shuffled_geometry,11401,3,0.0,0.922546606783059,1.0,1,1
Wall,jepa_wm_wall,10,1,fidelity_constrained_shuffled_geometry__seed11401,fidelity_constrained_shuffled_geometry,11401,6,0.0,0.9444944909386472,1.0,1,1
Wall,jepa_wm_wall,11,1,fidelity_constrained_shuffled_geometry__seed11401,fidelity_constrained_shuffled_geometry,11401,1,0.1217243147924134,0.9388917813659807,0.0,6,1
Wall,jepa_wm_wall,11,1,fidelity_constrained_shuffled_geometry__seed11401,fidelity_constrained_shuffled_geometry,11401,3,0.16557815588742084,0.9392635930207442,0.0,5,1
Wall,jepa_wm_wall,11,1,fidelity_constrained_shuffled_geometry__seed11401,fidelity_constrained_shuffled_geometry,11401,6,0.0,0.9938413695700254,1.0,1,1
Wall,jepa_wm_wall,12,1,fidelity_constrained_shuffled_geometry__seed11401,fidelity_constrained_shuffled_geometry,11401,1,0.12456447628524758,0.871179702765666,0.0,6,1
Wall,jepa_wm_wall,12,1,fidelity_constrained_shuffled_geometry__seed11401,fidelity_constrained_shuffled_geometry,11401,3,0.06321905065029236,0.790594842777589,0.0,6,1
Wall,jepa_wm_wall,12,1,fidelity_constrained_shuffled_geometry__seed11401,fidelity_constrained_shuffled_geometry,11401,6,0.21116622450814518,0.7615707343134267,0.0,4,3
Wall,jepa_wm_wall,13,1,fidelity_constrained_shuffled_geometry__seed11401,fidelity_constrained_shuffled_geometry,11401,1,0.0032743813559044216,0.9397069910819192,0.0,3,1
Wall,jepa_wm_wall,13,1,fidelity_constrained_shuffled_geometry__seed11401,fidelity_constrained_shuffled_geometry,11401,3,0.14527104206009775,0.9692588780313948,0.0,5,4
Wall,jepa_wm_wall,13,1,fidelity_constrained_shuffled_geometry__seed11401,fidelity_constrained_shuffled_geometry,11401,6,0.0,0.8374394272323447,1.0,4,4
Wall,jepa_wm_wall,14,1,fidelity_constrained_shuffled_geometry__seed11401,fidelity_constrained_shuffled_geometry,11401,1,0.4265192405294919,0.7910114260515789,0.0,7,1
Wall,jepa_wm_wall,14,1,fidelity_constrained_shuffled_geometry__seed11401,fidelity_constrained_shuffled_geometry,11401,3,0.06803300220495927,0.8689657116687413,0.0,6,4
Wall,jepa_wm_wall,14,1,fidelity_constrained_shuffled_geometry__seed11401,fidelity_constrained_shuffled_geometry,11401,6,0.0,0.9867113447914209,1.0,4,4
Wall,jepa_wm_wall,15,1,fidelity_constrained_shuffled_geometry__seed11401,fidelity_constrained_shuffled_geometry,11401,1,0.0,0.972804120914638,1.0,1,1
Wall,jepa_wm_wall,15,1,fidelity_constrained_shuffled_geometry__seed11401,fidelity_constrained_shuffled_geometry,11401,3,0.05718649324046685,0.5281065302234467,0.0,4,5
Wall,jepa_wm_wall,15,1,fidelity_constrained_shuffled_geometry__seed11401,fidelity_constrained_shuffled_geometry,11401,6,0.0,0.9569841855102209,1.0,2,2
Wall,jepa_wm_wall,16,2,fidelity_constrained_shuffled_geometry__seed11401,fidelity_constrained_shuffled_geometry,11401,1,0.0,0.8907501357913273,1.0,1,1
Wall,jepa_wm_wall,16,2,fidelity_constrained_shuffled_geometry__seed11401,fidelity_constrained_shuffled_geometry,11401,3,0.0780943539164202,0.8291361825961571,0.0,1,2
Wall,jepa_wm_wall,16,2,fidelity_constrained_shuffled_geometry__seed11401,fidelity_constrained_shuffled_geometry,11401,6,0.47836158155027136,0.6735005240127802,0.0,1,2
Wall,jepa_wm_wall,17,2,fidelity_constrained_shuffled_geometry__seed11401,fidelity_constrained_shuffled_geometry,11401,1,0.12688078630405206,0.8004617519231914,0.0,5,1
Wall,jepa_wm_wall,17,2,fidelity_constrained_shuffled_geometry__seed11401,fidelity_constrained_shuffled_geometry,11401,3,0.0,0.9322617367403151,1.0,1,1
Wall,jepa_wm_wall,17,2,fidelity_constrained_shuffled_geometry__seed11401,fidelity_constrained_shuffled_geometry,11401,6,0.5173793022236458,0.879612313220475,0.0,1,3
Wall,jepa_wm_wall,18,2,fidelity_constrained_shuffled_geometry__seed11401,fidelity_constrained_shuffled_geometry,11401,1,0.12115863057169185,0.7935921953475685,0.0,6,1
Wall,jepa_wm_wall,18,2,fidelity_constrained_shuffled_geometry__seed11401,fidelity_constrained_shuffled_geometry,11401,3,0.0,0.7960943710554504,1.0,1,1
Wall,jepa_wm_wall,18,2,fidelity_constrained_shuffled_geometry__seed11401,fidelity_constrained_shuffled_geometry,11401,6,0.079029886739769,0.9551959042089184,0.0,4,6
Wall,jepa_wm_wall,19,2,fidelity_constrained_shuffled_geometry__seed11401,fidelity_constrained_shuffled_geometry,11401,1,0.0012619796047764191,0.8264243637754373,0.0,2,1
Wall,jepa_wm_wall,19,2,fidelity_constrained_shuffled_geometry__seed11401,fidelity_constrained_shuffled_geometry,11401,3,0.30787988273780015,0.834733301121612,0.0,5,1
Wall,jepa_wm_wall,19,2,fidelity_constrained_shuffled_geometry__seed11401,fidelity_constrained_shuffled_geometry,11401,6,0.4811349945468107,0.7708416412809007,0.0,5,1
Wall,jepa_wm_wall,20,2,fidelity_constrained_shuffled_geometry__seed11401,fidelity_constrained_shuffled_geometry,11401,1,0.09692983861294002,0.8114221535228975,0.0,4,1
Wall,jepa_wm_wall,20,2,fidelity_constrained_shuffled_geometry__seed11401,fidelity_constrained_shuffled_geometry,11401,3,0.18914274310056906,0.7684311769720429,0.0,4,6
Wall,jepa_wm_wall,20,2,fidelity_constrained_shuffled_geometry__seed11401,fidelity_constrained_shuffled_geometry,11401,6,0.3477921036549551,0.7399594421746212,0.0,1,2
Wall,jepa_wm_wall,21,2,fidelity_constrained_shuffled_geometry__seed11401,fidelity_constrained_shuffled_geometry,11401,1,0.12442798164057622,0.36761618148616576,0.0,5,1
Wall,jepa_wm_wall,21,2,fidelity_constrained_shuffled_geometry__seed11401,fidelity_constrained_shuffled_geometry,11401,3,0.0,0.9127373071650978,1.0,1,1
Wall,jepa_wm_wall,21,2,fidelity_constrained_shuffled_geometry__seed11401,fidelity_constrained_shuffled_geometry,11401,6,0.48324186008832426,0.8191387134000834,0.0,1,3
Wall,jepa_wm_wall,22,2,fidelity_constrained_shuffled_geometry__seed11401,fidelity_constrained_shuffled_geometry,11401,1,0.43377363790319756,0.6613628180346871,0.0,7,1
Wall,jepa_wm_wall,22,2,fidelity_constrained_shuffled_geometry__seed11401,fidelity_constrained_shuffled_geometry,11401,3,0.0,0.9297262400233266,1.0,1,1
Wall,jepa_wm_wall,22,2,fidelity_constrained_shuffled_geometry__seed11401,fidelity_constrained_shuffled_geometry,11401,6,0.5449193421845129,0.872504913229722,0.0,1,3
Wall,jepa_wm_wall,23,2,fidelity_constrained_shuffled_geometry__seed11401,fidelity_constrained_shuffled_geometry,11401,1,0.492815152927685,0.7517291098660988,0.0,8,1
Wall,jepa_wm_wall,23,2,fidelity_constrained_shuffled_geometry__seed11401,fidelity_constrained_shuffled_geometry,11401,3,0.20090414568857137,0.9460784615180262,0.0,6,4
Wall,jepa_wm_wall,23,2,fidelity_constrained_shuffled_geometry__seed11401,fidelity_constrained_shuffled_geometry,11401,6,0.3589817567214553,0.7781159419195831,0.0,1,4
Wall,jepa_wm_wall,48,6,fidelity_constrained_shuffled_geometry__seed11401,fidelity_constrained_shuffled_geometry,11401,1,0.08016261345003133,0.7563869558744933,0.0,3,1
Wall,jepa_wm_wall,48,6,fidelity_constrained_shuffled_geometry__seed11401,fidelity_constrained_shuffled_geometry,11401,3,0.2940029728306955,0.6774353384119297,0.0,2,1
Wall,jepa_wm_wall,48,6,fidelity_constrained_shuffled_geometry__seed11401,fidelity_constrained_shuffled_geometry,11401,6,0.0,0.8932238361885604,1.0,1,1
Wall,jepa_wm_wall,49,6,fidelity_constrained_shuffled_geometry__seed11401,fidelity_constrained_shuffled_geometry,11401,1,0.08831945936215893,0.8797358398572513,0.0,3,1
Wall,jepa_wm_wall,49,6,fidelity_constrained_shuffled_geometry__seed11401,fidelity_constrained_shuffled_geometry,11401,3,0.28059065837136005,0.6547060916211601,0.0,2,1
Wall,jepa_wm_wall,49,6,fidelity_constrained_shuffled_geometry__seed11401,fidelity_constrained_shuffled_geometry,11401,6,0.0,0.9139868230874865,1.0,1,1
Wall,jepa_wm_wall,50,6,fidelity_constrained_shuffled_geometry__seed11401,fidelity_constrained_shuffled_geometry,11401,1,0.4260117069489781,0.7897512248767456,0.0,8,1
Wall,jepa_wm_wall,50,6,fidelity_constrained_shuffled_geometry__seed11401,fidelity_constrained_shuffled_geometry,11401,3,0.2031904442529546,0.8271260540718552,0.0,2,6
Wall,jepa_wm_wall,50,6,fidelity_constrained_shuffled_geometry__seed11401,fidelity_constrained_shuffled_geometry,11401,6,0.19405549575924055,0.9157878322329059,0.0,1,4
Wall,jepa_wm_wall,51,6,fidelity_constrained_shuffled_geometry__seed11401,fidelity_constrained_shuffled_geometry,11401,1,0.007931881484607411,0.9851568287731413,0.0,3,1
Wall,jepa_wm_wall,51,6,fidelity_constrained_shuffled_geometry__seed11401,fidelity_constrained_shuffled_geometry,11401,3,0.25084205680435046,0.8049026756339251,0.0,2,1
Wall,jepa_wm_wall,51,6,fidelity_constrained_shuffled_geometry__seed11401,fidelity_constrained_shuffled_geometry,11401,6,0.10901940817974191,0.8434832556094491,0.0,4,1
Wall,jepa_wm_wall,52,6,fidelity_constrained_shuffled_geometry__seed11401,fidelity_constrained_shuffled_geometry,11401,1,0.0,0.8173917743651776,1.0,1,1
Wall,jepa_wm_wall,52,6,fidelity_constrained_shuffled_geometry__seed11401,fidelity_constrained_shuffled_geometry,11401,3,0.08652891416874614,0.7773163763798022,0.0,2,3
Wall,jepa_wm_wall,52,6,fidelity_constrained_shuffled_geometry__seed11401,fidelity_constrained_shuffled_geometry,11401,6,0.06992941723812081,0.8359829673152015,0.0,4,3
Wall,jepa_wm_wall,53,6,fidelity_constrained_shuffled_geometry__seed11401,fidelity_constrained_shuffled_geometry,11401,1,0.4488210939174718,0.49462542300303125,0.0,8,1
Wall,jepa_wm_wall,53,6,fidelity_constrained_shuffled_geometry__seed11401,fidelity_constrained_shuffled_geometry,11401,3,0.1509488568966722,0.9136029442049757,0.0,2,4
Wall,jepa_wm_wall,53,6,fidelity_constrained_shuffled_geometry__seed11401,fidelity_constrained_shuffled_geometry,11401,6,0.09643994244758064,0.8801850527622332,0.0,1,4
Wall,jepa_wm_wall,54,6,fidelity_constrained_shuffled_geometry__seed11401,fidelity_constrained_shuffled_geometry,11401,1,0.0,0.892398841097551,1.0,1,1
Wall,jepa_wm_wall,54,6,fidelity_constrained_shuffled_geometry__seed11401,fidelity_constrained_shuffled_geometry,11401,3,0.26133997006146936,0.818426831005256,0.0,3,6
Wall,jepa_wm_wall,54,6,fidelity_constrained_shuffled_geometry__seed11401,fidelity_constrained_shuffled_geometry,11401,6,0.2353094206177578,0.7818961621019436,0.0,1,2
Wall,jepa_wm_wall,55,6,fidelity_constrained_shuffled_geometry__seed11401,fidelity_constrained_shuffled_geometry,11401,1,0.19210375265017246,0.8030591949053119,0.0,2,1
Wall,jepa_wm_wall,55,6,fidelity_constrained_shuffled_geometry__seed11401,fidelity_constrained_shuffled_geometry,11401,3,0.2094691332620639,0.8312656932992152,0.0,3,6
Wall,jepa_wm_wall,55,6,fidelity_constrained_shuffled_geometry__seed11401,fidelity_constrained_shuffled_geometry,11401,6,0.510367303771342,0.7763558375318288,0.0,1,2
Wall,jepa_wm_wall,8,1,fidelity_constrained_matched_geometry__seed11401,fidelity_constrained_matched_geometry,11401,1,0.0,0.964082766181482,1.0,2,2
Wall,jepa_wm_wall,8,1,fidelity_constrained_matched_geometry__seed11401,fidelity_constrained_matched_geometry,11401,3,0.08482373582968013,0.9642942800503995,0.0,5,4
Wall,jepa_wm_wall,8,1,fidelity_constrained_matched_geometry__seed11401,fidelity_constrained_matched_geometry,11401,6,0.0,0.9689262454590221,1.0,4,4
Wall,jepa_wm_wall,9,1,fidelity_constrained_matched_geometry__seed11401,fidelity_constrained_matched_geometry,11401,1,0.0,0.4729120734927978,1.0,1,1
Wall,jepa_wm_wall,9,1,fidelity_constrained_matched_geometry__seed11401,fidelity_constrained_matched_geometry,11401,3,0.15382484569233362,0.6958101346092241,0.0,4,1
Wall,jepa_wm_wall,9,1,fidelity_constrained_matched_geometry__seed11401,fidelity_constrained_matched_geometry,11401,6,0.09552012436264752,0.8029088203945521,0.0,4,2
Wall,jepa_wm_wall,10,1,fidelity_constrained_matched_geometry__seed11401,fidelity_constrained_matched_geometry,11401,1,0.0372770339782157,0.8859403809356717,0.0,3,1
Wall,jepa_wm_wall,10,1,fidelity_constrained_matched_geometry__seed11401,fidelity_constrained_matched_geometry,11401,3,0.0,0.9401140458459045,1.0,1,1
Wall,jepa_wm_wall,10,1,fidelity_constrained_matched_geometry__seed11401,fidelity_constrained_matched_geometry,11401,6,0.0,0.9959079800602231,1.0,1,1
Wall,jepa_wm_wall,11,1,fidelity_constrained_matched_geometry__seed11401,fidelity_constrained_matched_geometry,11401,1,0.0,0.9652867859219814,1.0,1,1
Wall,jepa_wm_wall,11,1,fidelity_constrained_matched_geometry__seed11401,fidelity_constrained_matched_geometry,11401,3,0.0,0.9416660948474376,1.0,1,1
Wall,jepa_wm_wall,11,1,fidelity_constrained_matched_geometry__seed11401,fidelity_constrained_matched_geometry,11401,6,0.0,0.9359533573094871,1.0,1,1
Wall,jepa_wm_wall,12,1,fidelity_constrained_matched_geometry__seed11401,fidelity_constrained_matched_geometry,11401,1,0.12456447628524758,0.8851665466462676,0.0,6,1
Wall,jepa_wm_wall,12,1,fidelity_constrained_matched_geometry__seed11401,fidelity_constrained_matched_geometry,11401,3,0.09665954609519713,0.8457636366844011,0.0,4,1
Wall,jepa_wm_wall,12,1,fidelity_constrained_matched_geometry__seed11401,fidelity_constrained_matched_geometry,11401,6,0.21116622450814518,0.6182734087067774,0.0,4,3
Wall,jepa_wm_wall,13,1,fidelity_constrained_matched_geometry__seed11401,fidelity_constrained_matched_geometry,11401,1,0.028695465844599356,0.9081721127304642,0.0,4,1
Wall,jepa_wm_wall,13,1,fidelity_constrained_matched_geometry__seed11401,fidelity_constrained_matched_geometry,11401,3,0.0,0.9531544045060614,1.0,4,4
Wall,jepa_wm_wall,13,1,fidelity_constrained_matched_geometry__seed11401,fidelity_constrained_matched_geometry,11401,6,0.0,0.8924841768588929,1.0,4,4
Wall,jepa_wm_wall,14,1,fidelity_constrained_matched_geometry__seed11401,fidelity_constrained_matched_geometry,11401,1,0.4265192405294919,0.7051829834588823,0.0,7,1
Wall,jepa_wm_wall,14,1,fidelity_constrained_matched_geometry__seed11401,fidelity_constrained_matched_geometry,11401,3,0.0,0.8916158249436177,1.0,4,4
Wall,jepa_wm_wall,14,1,fidelity_constrained_matched_geometry__seed11401,fidelity_constrained_matched_geometry,11401,6,0.0,0.929023522934415,1.0,4,4
Wall,jepa_wm_wall,15,1,fidelity_constrained_matched_geometry__seed11401,fidelity_constrained_matched_geometry,11401,1,0.0,0.9642780278861783,1.0,1,1
Wall,jepa_wm_wall,15,1,fidelity_constrained_matched_geometry__seed11401,fidelity_constrained_matched_geometry,11401,3,0.27842786842107053,0.5506525898693634,0.0,8,5
Wall,jepa_wm_wall,15,1,fidelity_constrained_matched_geometry__seed11401,fidelity_constrained_matched_geometry,11401,6,0.02109195364658048,0.8192296591496728,0.0,4,2
Wall,jepa_wm_wall,16,2,fidelity_constrained_matched_geometry__seed11401,fidelity_constrained_matched_geometry,11401,1,0.0,0.9314267440894671,1.0,1,1
Wall,jepa_wm_wall,16,2,fidelity_constrained_matched_geometry__seed11401,fidelity_constrained_matched_geometry,11401,3,0.0780943539164202,0.9543145598337229,0.0,1,2
Wall,jepa_wm_wall,16,2,fidelity_constrained_matched_geometry__seed11401,fidelity_constrained_matched_geometry,11401,6,0.47836158155027136,0.5886984452466539,0.0,1,2
Wall,jepa_wm_wall,17,2,fidelity_constrained_matched_geometry__seed11401,fidelity_constrained_matched_geometry,11401,1,0.0,0.8389867532986479,1.0,1,1
Wall,jepa_wm_wall,17,2,fidelity_constrained_matched_geometry__seed11401,fidelity_constrained_matched_geometry,11401,3,0.0,0.8240910355385261,1.0,1,1
Wall,jepa_wm_wall,17,2,fidelity_constrained_matched_geometry__seed11401,fidelity_constrained_matched_geometry,11401,6,0.5173793022236458,0.6793368060849595,0.0,1,3
Wall,jepa_wm_wall,18,2,fidelity_constrained_matched_geometry__seed11401,fidelity_constrained_matched_geometry,11401,1,0.5769233520213718,0.700586816467971,0.0,0,1
Wall,jepa_wm_wall,18,2,fidelity_constrained_matched_geometry__seed11401,fidelity_constrained_matched_geometry,11401,3,0.0,0.8129600676057374,1.0,1,1
Wall,jepa_wm_wall,18,2,fidelity_constrained_matched_geometry__seed11401,fidelity_constrained_matched_geometry,11401,6,0.079029886739769,0.9357988624014973,0.0,4,6
Wall,jepa_wm_wall,19,2,fidelity_constrained_matched_geometry__seed11401,fidelity_constrained_matched_geometry,11401,1,0.007615091005135686,0.8256504372067054,0.0,4,1
Wall,jepa_wm_wall,19,2,fidelity_constrained_matched_geometry__seed11401,fidelity_constrained_matched_geometry,11401,3,0.30787988273780015,0.8423880356797384,0.0,5,1
Wall,jepa_wm_wall,19,2,fidelity_constrained_matched_geometry__seed11401,fidelity_constrained_matched_geometry,11401,6,0.4811349945468107,0.7708416412809007,0.0,5,1
Wall,jepa_wm_wall,20,2,fidelity_constrained_matched_geometry__seed11401,fidelity_constrained_matched_geometry,11401,1,0.2428913623165946,0.8139356013397202,0.0,3,1
Wall,jepa_wm_wall,20,2,fidelity_constrained_matched_geometry__seed11401,fidelity_constrained_matched_geometry,11401,3,0.18914274310056906,0.7531700079260194,0.0,4,6
Wall,jepa_wm_wall,20,2,fidelity_constrained_matched_geometry__seed11401,fidelity_constrained_matched_geometry,11401,6,0.3477921036549551,0.6074856594813969,0.0,1,2
Wall,jepa_wm_wall,21,2,fidelity_constrained_matched_geometry__seed11401,fidelity_constrained_matched_geometry,11401,1,0.12442798164057622,0.44695947971626326,0.0,5,1
Wall,jepa_wm_wall,21,2,fidelity_constrained_matched_geometry__seed11401,fidelity_constrained_matched_geometry,11401,3,0.0,0.9127373071650978,1.0,1,1
Wall,jepa_wm_wall,21,2,fidelity_constrained_matched_geometry__seed11401,fidelity_constrained_matched_geometry,11401,6,0.48324186008832426,0.8362442933666903,0.0,1,3
Wall,jepa_wm_wall,22,2,fidelity_constrained_matched_geometry__seed11401,fidelity_constrained_matched_geometry,11401,1,0.0,0.8390184706765882,1.0,1,1
Wall,jepa_wm_wall,22,2,fidelity_constrained_matched_geometry__seed11401,fidelity_constrained_matched_geometry,11401,3,0.0,0.8530481166944932,1.0,1,1
Wall,jepa_wm_wall,22,2,fidelity_constrained_matched_geometry__seed11401,fidelity_constrained_matched_geometry,11401,6,0.5449193421845129,0.7102951760473224,0.0,1,3
Wall,jepa_wm_wall,23,2,fidelity_constrained_matched_geometry__seed11401,fidelity_constrained_matched_geometry,11401,1,0.492815152927685,0.7115397922414416,0.0,8,1
Wall,jepa_wm_wall,23,2,fidelity_constrained_matched_geometry__seed11401,fidelity_constrained_matched_geometry,11401,3,0.08949224892228795,0.9746651886542276,0.0,1,4
Wall,jepa_wm_wall,23,2,fidelity_constrained_matched_geometry__seed11401,fidelity_constrained_matched_geometry,11401,6,0.3589817567214553,0.7119188336588826,0.0,1,4
Wall,jepa_wm_wall,48,6,fidelity_constrained_matched_geometry__seed11401,fidelity_constrained_matched_geometry,11401,1,0.08016261345003133,0.7922520218130148,0.0,3,1
Wall,jepa_wm_wall,48,6,fidelity_constrained_matched_geometry__seed11401,fidelity_constrained_matched_geometry,11401,3,0.33885638302503224,0.7773847322691995,0.0,3,1
Wall,jepa_wm_wall,48,6,fidelity_constrained_matched_geometry__seed11401,fidelity_constrained_matched_geometry,11401,6,0.0,0.811282611489305,1.0,1,1
Wall,jepa_wm_wall,49,6,fidelity_constrained_matched_geometry__seed11401,fidelity_constrained_matched_geometry,11401,1,0.08831945936215893,0.885382623563811,0.0,3,1
Wall,jepa_wm_wall,49,6,fidelity_constrained_matched_geometry__seed11401,fidelity_constrained_matched_geometry,11401,3,0.32867445135719997,0.6861898799364982,0.0,3,1
Wall,jepa_wm_wall,49,6,fidelity_constrained_matched_geometry__seed11401,fidelity_constrained_matched_geometry,11401,6,0.0,0.8266315916056797,1.0,1,1
Wall,jepa_wm_wall,50,6,fidelity_constrained_matched_geometry__seed11401,fidelity_constrained_matched_geometry,11401,1,0.054122212774885464,0.868517908229263,0.0,4,1
Wall,jepa_wm_wall,50,6,fidelity_constrained_matched_geometry__seed11401,fidelity_constrained_matched_geometry,11401,3,0.2031904442529546,0.8541147373493193,0.0,2,6
Wall,jepa_wm_wall,50,6,fidelity_constrained_matched_geometry__seed11401,fidelity_constrained_matched_geometry,11401,6,0.19405549575924055,0.7291546635067091,0.0,1,4
Wall,jepa_wm_wall,51,6,fidelity_constrained_matched_geometry__seed11401,fidelity_constrained_matched_geometry,11401,1,0.007931881484607411,0.9925589548992062,0.0,3,1
Wall,jepa_wm_wall,51,6,fidelity_constrained_matched_geometry__seed11401,fidelity_constrained_matched_geometry,11401,3,0.25084205680435046,0.8481676991009478,0.0,2,1
Wall,jepa_wm_wall,51,6,fidelity_constrained_matched_geometry__seed11401,fidelity_constrained_matched_geometry,11401,6,0.10901940817974191,0.8455627718583247,0.0,4,1
Wall,jepa_wm_wall,52,6,fidelity_constrained_matched_geometry__seed11401,fidelity_constrained_matched_geometry,11401,1,0.0,0.9202489024262225,1.0,1,1
Wall,jepa_wm_wall,52,6,fidelity_constrained_matched_geometry__seed11401,fidelity_constrained_matched_geometry,11401,3,0.22841602334505987,0.7621181113427161,0.0,8,3
Wall,jepa_wm_wall,52,6,fidelity_constrained_matched_geometry__seed11401,fidelity_constrained_matched_geometry,11401,6,0.06992941723812081,0.7374346562200769,0.0,4,3
Wall,jepa_wm_wall,53,6,fidelity_constrained_matched_geometry__seed11401,fidelity_constrained_matched_geometry,11401,1,0.4488210939174718,0.48076799720755437,0.0,8,1
Wall,jepa_wm_wall,53,6,fidelity_constrained_matched_geometry__seed11401,fidelity_constrained_matched_geometry,11401,3,0.1509488568966722,0.8979699807584904,0.0,2,4
Wall,jepa_wm_wall,53,6,fidelity_constrained_matched_geometry__seed11401,fidelity_constrained_matched_geometry,11401,6,0.09643994244758064,0.8339654372726055,0.0,1,4
Wall,jepa_wm_wall,54,6,fidelity_constrained_matched_geometry__seed11401,fidelity_constrained_matched_geometry,11401,1,0.05970364125007021,0.8667684240520183,0.0,4,1
Wall,jepa_wm_wall,54,6,fidelity_constrained_matched_geometry__seed11401,fidelity_constrained_matched_geometry,11401,3,0.29411612172776747,0.7921252192413158,0.0,1,6
Wall,jepa_wm_wall,54,6,fidelity_constrained_matched_geometry__seed11401,fidelity_constrained_matched_geometry,11401,6,0.2353094206177578,0.8136443850700975,0.0,1,2
Wall,jepa_wm_wall,55,6,fidelity_constrained_matched_geometry__seed11401,fidelity_constrained_matched_geometry,11401,1,0.19210375265017246,0.8185857170996477,0.0,2,1
Wall,jepa_wm_wall,55,6,fidelity_constrained_matched_geometry__seed11401,fidelity_constrained_matched_geometry,11401,3,0.5554230187940988,0.7438456611656887,0.0,8,6
Wall,jepa_wm_wall,55,6,fidelity_constrained_matched_geometry__seed11401,fidelity_constrained_matched_geometry,11401,6,0.510367303771342,0.7726558279541031,0.0,1,2
Wall,jepa_wm_wall,8,1,fidelity_constrained_latent_only__seed11419,fidelity_constrained_latent_only,11419,1,0.0,0.9862402784789004,1.0,2,2
Wall,jepa_wm_wall,8,1,fidelity_constrained_latent_only__seed11419,fidelity_constrained_latent_only,11419,3,0.08482373582968013,0.920818551563131,0.0,5,4
Wall,jepa_wm_wall,8,1,fidelity_constrained_latent_only__seed11419,fidelity_constrained_latent_only,11419,6,0.0,0.9809385707087781,1.0,4,4
Wall,jepa_wm_wall,9,1,fidelity_constrained_latent_only__seed11419,fidelity_constrained_latent_only,11419,1,0.0,0.5991256204829871,1.0,1,1
Wall,jepa_wm_wall,9,1,fidelity_constrained_latent_only__seed11419,fidelity_constrained_latent_only,11419,3,0.15382484569233362,0.8720768675517199,0.0,4,1
Wall,jepa_wm_wall,9,1,fidelity_constrained_latent_only__seed11419,fidelity_constrained_latent_only,11419,6,0.09552012436264752,0.9512617204536877,0.0,4,2
Wall,jepa_wm_wall,10,1,fidelity_constrained_latent_only__seed11419,fidelity_constrained_latent_only,11419,1,0.0372770339782157,0.9222167077102924,0.0,3,1
Wall,jepa_wm_wall,10,1,fidelity_constrained_latent_only__seed11419,fidelity_constrained_latent_only,11419,3,0.0,0.9314534492726033,1.0,1,1
Wall,jepa_wm_wall,10,1,fidelity_constrained_latent_only__seed11419,fidelity_constrained_latent_only,11419,6,0.0,0.9806436113034532,1.0,1,1
Wall,jepa_wm_wall,11,1,fidelity_constrained_latent_only__seed11419,fidelity_constrained_latent_only,11419,1,0.07412761891648882,0.9378595969580722,0.0,3,1
Wall,jepa_wm_wall,11,1,fidelity_constrained_latent_only__seed11419,fidelity_constrained_latent_only,11419,3,0.22206290406126403,0.9190629076880595,0.0,3,1
Wall,jepa_wm_wall,11,1,fidelity_constrained_latent_only__seed11419,fidelity_constrained_latent_only,11419,6,0.0,0.9992524356048021,1.0,1,1
Wall,jepa_wm_wall,12,1,fidelity_constrained_latent_only__seed11419,fidelity_constrained_latent_only,11419,1,0.0,0.8923089061443003,1.0,1,1
Wall,jepa_wm_wall,12,1,fidelity_constrained_latent_only__seed11419,fidelity_constrained_latent_only,11419,3,0.09665954609519713,0.9124626179864378,0.0,4,1
Wall,jepa_wm_wall,12,1,fidelity_constrained_latent_only__seed11419,fidelity_constrained_latent_only,11419,6,0.21116622450814518,0.7395017788935484,0.0,4,3
Wall,jepa_wm_wall,13,1,fidelity_constrained_latent_only__seed11419,fidelity_constrained_latent_only,11419,1,0.028695465844599356,0.9100983330759945,0.0,4,1
Wall,jepa_wm_wall,13,1,fidelity_constrained_latent_only__seed11419,fidelity_constrained_latent_only,11419,3,0.14527104206009775,0.9267312158167452,0.0,5,4
Wall,jepa_wm_wall,13,1,fidelity_constrained_latent_only__seed11419,fidelity_constrained_latent_only,11419,6,0.0,0.9574893444151543,1.0,4,4
Wall,jepa_wm_wall,14,1,fidelity_constrained_latent_only__seed11419,fidelity_constrained_latent_only,11419,1,0.4265192405294919,0.792682989329139,0.0,7,1
Wall,jepa_wm_wall,14,1,fidelity_constrained_latent_only__seed11419,fidelity_constrained_latent_only,11419,3,0.02103669177229461,0.8180131735824281,0.0,1,4
Wall,jepa_wm_wall,14,1,fidelity_constrained_latent_only__seed11419,fidelity_constrained_latent_only,11419,6,0.0,0.9679816350358362,1.0,4,4
Wall,jepa_wm_wall,15,1,fidelity_constrained_latent_only__seed11419,fidelity_constrained_latent_only,11419,1,0.0,0.9939682786305961,1.0,1,1
Wall,jepa_wm_wall,15,1,fidelity_constrained_latent_only__seed11419,fidelity_constrained_latent_only,11419,3,0.019446629235054986,0.8280576592979961,0.0,1,5
Wall,jepa_wm_wall,15,1,fidelity_constrained_latent_only__seed11419,fidelity_constrained_latent_only,11419,6,0.02109195364658048,0.9068452711273918,0.0,4,2
Wall,jepa_wm_wall,16,2,fidelity_constrained_latent_only__seed11419,fidelity_constrained_latent_only,11419,1,0.0,0.9084254360709171,1.0,1,1
Wall,jepa_wm_wall,16,2,fidelity_constrained_latent_only__seed11419,fidelity_constrained_latent_only,11419,3,0.0780943539164202,0.6293526752639086,0.0,1,2
Wall,jepa_wm_wall,16,2,fidelity_constrained_latent_only__seed11419,fidelity_constrained_latent_only,11419,6,0.5310357923198618,0.22661899658440746,0.0,5,2
Wall,jepa_wm_wall,17,2,fidelity_constrained_latent_only__seed11419,fidelity_constrained_latent_only,11419,1,0.12688078630405206,0.8903081604371834,0.0,5,1
Wall,jepa_wm_wall,17,2,fidelity_constrained_latent_only__seed11419,fidelity_constrained_latent_only,11419,3,0.0,0.7485943078461414,1.0,1,1
Wall,jepa_wm_wall,17,2,fidelity_constrained_latent_only__seed11419,fidelity_constrained_latent_only,11419,6,0.5122518561014756,0.5585712170646712,0.0,5,3
Wall,jepa_wm_wall,18,2,fidelity_constrained_latent_only__seed11419,fidelity_constrained_latent_only,11419,1,0.12115863057169185,0.5964333011358498,0.0,5,1
Wall,jepa_wm_wall,18,2,fidelity_constrained_latent_only__seed11419,fidelity_constrained_latent_only,11419,3,0.06357119324461176,0.917183106103924,0.0,4,1
Wall,jepa_wm_wall,18,2,fidelity_constrained_latent_only__seed11419,fidelity_constrained_latent_only,11419,6,0.06074535502837518,0.9515216426034108,0.0,1,6
Wall,jepa_wm_wall,19,2,fidelity_constrained_latent_only__seed11419,fidelity_constrained_latent_only,11419,1,0.1265250410340812,0.5004524267590507,0.0,5,1
Wall,jepa_wm_wall,19,2,fidelity_constrained_latent_only__seed11419,fidelity_constrained_latent_only,11419,3,0.30787988273780015,0.8641563885364643,0.0,5,1
Wall,jepa_wm_wall,19,2,fidelity_constrained_latent_only__seed11419,fidelity_constrained_latent_only,11419,6,0.6658034424361426,0.7691715853345753,0.0,0,1
Wall,jepa_wm_wall,20,2,fidelity_constrained_latent_only__seed11419,fidelity_constrained_latent_only,11419,1,0.2428913623165946,0.8367940724295653,0.0,3,1
Wall,jepa_wm_wall,20,2,fidelity_constrained_latent_only__seed11419,fidelity_constrained_latent_only,11419,3,0.22499358945128464,0.627897633910692,0.0,5,6
Wall,jepa_wm_wall,20,2,fidelity_constrained_latent_only__seed11419,fidelity_constrained_latent_only,11419,6,0.5175256334018074,0.4755990040800612,0.0,5,2
Wall,jepa_wm_wall,21,2,fidelity_constrained_latent_only__seed11419,fidelity_constrained_latent_only,11419,1,0.0,0.6264889949225235,1.0,1,1
Wall,jepa_wm_wall,21,2,fidelity_constrained_latent_only__seed11419,fidelity_constrained_latent_only,11419,3,0.0,0.995152999023021,1.0,1,1
Wall,jepa_wm_wall,21,2,fidelity_constrained_latent_only__seed11419,fidelity_constrained_latent_only,11419,6,0.48324186008832426,0.5080130847574493,0.0,1,3
Wall,jepa_wm_wall,22,2,fidelity_constrained_latent_only__seed11419,fidelity_constrained_latent_only,11419,1,0.0,0.8992661546021449,1.0,1,1
Wall,jepa_wm_wall,22,2,fidelity_constrained_latent_only__seed11419,fidelity_constrained_latent_only,11419,3,0.0,0.7270400118246467,1.0,1,1
Wall,jepa_wm_wall,22,2,fidelity_constrained_latent_only__seed11419,fidelity_constrained_latent_only,11419,6,0.5449193421845129,0.5919079164064697,0.0,1,3
Wall,jepa_wm_wall,23,2,fidelity_constrained_latent_only__seed11419,fidelity_constrained_latent_only,11419,1,0.0352215604069649,0.8195216698400601,0.0,4,1
Wall,jepa_wm_wall,23,2,fidelity_constrained_latent_only__seed11419,fidelity_constrained_latent_only,11419,3,0.20090383817171387,0.7891073956059683,0.0,5,4
Wall,jepa_wm_wall,23,2,fidelity_constrained_latent_only__seed11419,fidelity_constrained_latent_only,11419,6,0.3589817567214553,0.7068673991210672,0.0,1,4
Wall,jepa_wm_wall,48,6,fidelity_constrained_latent_only__seed11419,fidelity_constrained_latent_only,11419,1,0.024750837594570252,0.8266073678504929,0.0,2,1
Wall,jepa_wm_wall,48,6,fidelity_constrained_latent_only__seed11419,fidelity_constrained_latent_only,11419,3,0.33885638302503224,0.8485093066524949,0.0,3,1
Wall,jepa_wm_wall,48,6,fidelity_constrained_latent_only__seed11419,fidelity_constrained_latent_only,11419,6,0.13991464109340168,0.902870533912434,0.0,4,1
Wall,jepa_wm_wall,49,6,fidelity_constrained_latent_only__seed11419,fidelity_constrained_latent_only,11419,1,0.08831945936215893,0.885382623563811,0.0,3,1
Wall,jepa_wm_wall,49,6,fidelity_constrained_latent_only__seed11419,fidelity_constrained_latent_only,11419,3,0.32867445135719997,0.8750347937036697,0.0,3,1
Wall,jepa_wm_wall,49,6,fidelity_constrained_latent_only__seed11419,fidelity_constrained_latent_only,11419,6,0.08134523661871648,0.9120358635387622,0.0,4,1
Wall,jepa_wm_wall,50,6,fidelity_constrained_latent_only__seed11419,fidelity_constrained_latent_only,11419,1,0.0,0.9001871875273053,1.0,1,1
Wall,jepa_wm_wall,50,6,fidelity_constrained_latent_only__seed11419,fidelity_constrained_latent_only,11419,3,0.29607003342937677,0.7430589064801932,0.0,1,6
Wall,jepa_wm_wall,50,6,fidelity_constrained_latent_only__seed11419,fidelity_constrained_latent_only,11419,6,0.0,0.9607025066430459,1.0,4,4
Wall,jepa_wm_wall,51,6,fidelity_constrained_latent_only__seed11419,fidelity_constrained_latent_only,11419,1,0.007931881484607411,0.9159343026531149,0.0,3,1
Wall,jepa_wm_wall,51,6,fidelity_constrained_latent_only__seed11419,fidelity_constrained_latent_only,11419,3,0.43123857483639333,0.8629733312908304,0.0,3,1
Wall,jepa_wm_wall,51,6,fidelity_constrained_latent_only__seed11419,fidelity_constrained_latent_only,11419,6,0.10901940817974191,0.9854918983097404,0.0,4,1
Wall,jepa_wm_wall,52,6,fidelity_constrained_latent_only__seed11419,fidelity_constrained_latent_only,11419,1,0.0,0.9925495419983466,1.0,1,1
Wall,jepa_wm_wall,52,6,fidelity_constrained_latent_only__seed11419,fidelity_constrained_latent_only,11419,3,0.22841602334505987,0.9007265333915832,0.0,8,3
Wall,jepa_wm_wall,52,6,fidelity_constrained_latent_only__seed11419,fidelity_constrained_latent_only,11419,6,0.0384318938477101,0.8529276699223142,0.0,2,3
Wall,jepa_wm_wall,53,6,fidelity_constrained_latent_only__seed11419,fidelity_constrained_latent_only,11419,1,0.04052209379470553,0.7428168207904824,0.0,2,1
Wall,jepa_wm_wall,53,6,fidelity_constrained_latent_only__seed11419,fidelity_constrained_latent_only,11419,3,0.1509488568966722,0.9630139877183724,0.0,2,4
Wall,jepa_wm_wall,53,6,fidelity_constrained_latent_only__seed11419,fidelity_constrained_latent_only,11419,6,0.0,0.8386818638739509,1.0,4,4
Wall,jepa_wm_wall,54,6,fidelity_constrained_latent_only__seed11419,fidelity_constrained_latent_only,11419,1,0.0,0.9994976712404003,1.0,1,1
Wall,jepa_wm_wall,54,6,fidelity_constrained_latent_only__seed11419,fidelity_constrained_latent_only,11419,3,0.22028967914818534,0.8697980566754312,0.0,5,6
Wall,jepa_wm_wall,54,6,fidelity_constrained_latent_only__seed11419,fidelity_constrained_latent_only,11419,6,0.2353094206177578,0.8425866419544685,0.0,1,2
Wall,jepa_wm_wall,55,6,fidelity_constrained_latent_only__seed11419,fidelity_constrained_latent_only,11419,1,0.0,0.9819401612347453,1.0,1,1
Wall,jepa_wm_wall,55,6,fidelity_constrained_latent_only__seed11419,fidelity_constrained_latent_only,11419,3,0.1600320766712798,0.8595858373312792,0.0,5,6
Wall,jepa_wm_wall,55,6,fidelity_constrained_latent_only__seed11419,fidelity_constrained_latent_only,11419,6,0.510367303771342,0.8239112545727343,0.0,1,2
Wall,jepa_wm_wall,8,1,fidelity_constrained_shuffled_geometry__seed11419,fidelity_constrained_shuffled_geometry,11419,1,0.0,0.9241756359861637,1.0,2,2
Wall,jepa_wm_wall,8,1,fidelity_constrained_shuffled_geometry__seed11419,fidelity_constrained_shuffled_geometry,11419,3,0.08482373582968013,0.9857666499001314,0.0,5,4
Wall,jepa_wm_wall,8,1,fidelity_constrained_shuffled_geometry__seed11419,fidelity_constrained_shuffled_geometry,11419,6,0.0,0.9558785870044673,1.0,4,4
Wall,jepa_wm_wall,9,1,fidelity_constrained_shuffled_geometry__seed11419,fidelity_constrained_shuffled_geometry,11419,1,0.0,0.46286206702366767,1.0,1,1
Wall,jepa_wm_wall,9,1,fidelity_constrained_shuffled_geometry__seed11419,fidelity_constrained_shuffled_geometry,11419,3,0.15382484569233362,0.7328747020201637,0.0,4,1
Wall,jepa_wm_wall,9,1,fidelity_constrained_shuffled_geometry__seed11419,fidelity_constrained_shuffled_geometry,11419,6,0.09552012436264752,0.8395304603976542,0.0,4,2
Wall,jepa_wm_wall,10,1,fidelity_constrained_shuffled_geometry__seed11419,fidelity_constrained_shuffled_geometry,11419,1,0.0372770339782157,0.8598619422610969,0.0,3,1
Wall,jepa_wm_wall,10,1,fidelity_constrained_shuffled_geometry__seed11419,fidelity_constrained_shuffled_geometry,11419,3,0.0,0.9173352880372933,1.0,1,1
Wall,jepa_wm_wall,10,1,fidelity_constrained_shuffled_geometry__seed11419,fidelity_constrained_shuffled_geometry,11419,6,0.0,0.9444944909386472,1.0,1,1
Wall,jepa_wm_wall,11,1,fidelity_constrained_shuffled_geometry__seed11419,fidelity_constrained_shuffled_geometry,11419,1,0.0,0.9464987239938968,1.0,1,1
Wall,jepa_wm_wall,11,1,fidelity_constrained_shuffled_geometry__seed11419,fidelity_constrained_shuffled_geometry,11419,3,0.16557815588742084,0.9392635930207442,0.0,5,1
Wall,jepa_wm_wall,11,1,fidelity_constrained_shuffled_geometry__seed11419,fidelity_constrained_shuffled_geometry,11419,6,0.0,0.9829245197932585,1.0,1,1
Wall,jepa_wm_wall,12,1,fidelity_constrained_shuffled_geometry__seed11419,fidelity_constrained_shuffled_geometry,11419,1,0.12456447628524758,0.8550413423918987,0.0,6,1
Wall,jepa_wm_wall,12,1,fidelity_constrained_shuffled_geometry__seed11419,fidelity_constrained_shuffled_geometry,11419,3,0.06321905065029236,0.7995409823316543,0.0,6,1
Wall,jepa_wm_wall,12,1,fidelity_constrained_shuffled_geometry__seed11419,fidelity_constrained_shuffled_geometry,11419,6,0.21116622450814518,0.7615707343134267,0.0,4,3
Wall,jepa_wm_wall,13,1,fidelity_constrained_shuffled_geometry__seed11419,fidelity_constrained_shuffled_geometry,11419,1,0.0032743813559044216,0.9397069910819192,0.0,3,1
Wall,jepa_wm_wall,13,1,fidelity_constrained_shuffled_geometry__seed11419,fidelity_constrained_shuffled_geometry,11419,3,0.14527104206009775,0.9692588780313948,0.0,5,4
Wall,jepa_wm_wall,13,1,fidelity_constrained_shuffled_geometry__seed11419,fidelity_constrained_shuffled_geometry,11419,6,0.0,0.8437670175991064,1.0,4,4
Wall,jepa_wm_wall,14,1,fidelity_constrained_shuffled_geometry__seed11419,fidelity_constrained_shuffled_geometry,11419,1,0.4265192405294919,0.7910114260515789,0.0,7,1
Wall,jepa_wm_wall,14,1,fidelity_constrained_shuffled_geometry__seed11419,fidelity_constrained_shuffled_geometry,11419,3,0.06803300220495927,0.8689657116687413,0.0,6,4
Wall,jepa_wm_wall,14,1,fidelity_constrained_shuffled_geometry__seed11419,fidelity_constrained_shuffled_geometry,11419,6,0.0,0.9679194610637643,1.0,4,4
Wall,jepa_wm_wall,15,1,fidelity_constrained_shuffled_geometry__seed11419,fidelity_constrained_shuffled_geometry,11419,1,0.0,0.985113516487535,1.0,1,1
Wall,jepa_wm_wall,15,1,fidelity_constrained_shuffled_geometry__seed11419,fidelity_constrained_shuffled_geometry,11419,3,0.05718649324046685,0.592293163935617,0.0,4,5
Wall,jepa_wm_wall,15,1,fidelity_constrained_shuffled_geometry__seed11419,fidelity_constrained_shuffled_geometry,11419,6,0.02109195364658048,0.9557579396550657,0.0,4,2
Wall,jepa_wm_wall,16,2,fidelity_constrained_shuffled_geometry__seed11419,fidelity_constrained_shuffled_geometry,11419,1,0.0,0.9315965255744815,1.0,1,1
Wall,jepa_wm_wall,16,2,fidelity_constrained_shuffled_geometry__seed11419,fidelity_constrained_shuffled_geometry,11419,3,0.0780943539164202,0.8113682708845462,0.0,1,2
Wall,jepa_wm_wall,16,2,fidelity_constrained_shuffled_geometry__seed11419,fidelity_constrained_shuffled_geometry,11419,6,0.47836158155027136,0.6996225905200647,0.0,1,2
Wall,jepa_wm_wall,17,2,fidelity_constrained_shuffled_geometry__seed11419,fidelity_constrained_shuffled_geometry,11419,1,0.12688078630405206,0.8004617519231914,0.0,5,1
Wall,jepa_wm_wall,17,2,fidelity_constrained_shuffled_geometry__seed11419,fidelity_constrained_shuffled_geometry,11419,3,0.0,0.9484614705025963,1.0,1,1
Wall,jepa_wm_wall,17,2,fidelity_constrained_shuffled_geometry__seed11419,fidelity_constrained_shuffled_geometry,11419,6,0.5173793022236458,0.8662467510760796,0.0,1,3
Wall,jepa_wm_wall,18,2,fidelity_constrained_shuffled_geometry__seed11419,fidelity_constrained_shuffled_geometry,11419,1,0.12115863057169185,0.7935921953475685,0.0,6,1
Wall,jepa_wm_wall,18,2,fidelity_constrained_shuffled_geometry__seed11419,fidelity_constrained_shuffled_geometry,11419,3,0.0,0.7995426834117795,1.0,1,1
Wall,jepa_wm_wall,18,2,fidelity_constrained_shuffled_geometry__seed11419,fidelity_constrained_shuffled_geometry,11419,6,0.079029886739769,0.9319476275935454,0.0,4,6
Wall,jepa_wm_wall,19,2,fidelity_constrained_shuffled_geometry__seed11419,fidelity_constrained_shuffled_geometry,11419,1,0.0012619796047764191,0.8264243637754373,0.0,2,1
Wall,jepa_wm_wall,19,2,fidelity_constrained_shuffled_geometry__seed11419,fidelity_constrained_shuffled_geometry,11419,3,0.30787988273780015,0.8189253685727372,0.0,5,1
Wall,jepa_wm_wall,19,2,fidelity_constrained_shuffled_geometry__seed11419,fidelity_constrained_shuffled_geometry,11419,6,0.4811349945468107,0.7708416412809007,0.0,5,1
Wall,jepa_wm_wall,20,2,fidelity_constrained_shuffled_geometry__seed11419,fidelity_constrained_shuffled_geometry,11419,1,0.09692983861294002,0.8244852641491714,0.0,4,1
Wall,jepa_wm_wall,20,2,fidelity_constrained_shuffled_geometry__seed11419,fidelity_constrained_shuffled_geometry,11419,3,0.18914274310056906,0.7605353113803457,0.0,4,6
Wall,jepa_wm_wall,20,2,fidelity_constrained_shuffled_geometry__seed11419,fidelity_constrained_shuffled_geometry,11419,6,0.3477921036549551,0.7364078968379086,0.0,1,2
Wall,jepa_wm_wall,21,2,fidelity_constrained_shuffled_geometry__seed11419,fidelity_constrained_shuffled_geometry,11419,1,0.12442798164057622,0.4068564844944661,0.0,5,1
Wall,jepa_wm_wall,21,2,fidelity_constrained_shuffled_geometry__seed11419,fidelity_constrained_shuffled_geometry,11419,3,0.0,0.912928809238403,1.0,1,1
Wall,jepa_wm_wall,21,2,fidelity_constrained_shuffled_geometry__seed11419,fidelity_constrained_shuffled_geometry,11419,6,0.48324186008832426,0.8342721202993029,0.0,1,3
Wall,jepa_wm_wall,22,2,fidelity_constrained_shuffled_geometry__seed11419,fidelity_constrained_shuffled_geometry,11419,1,0.12694286968112253,0.6845135985221106,0.0,5,1
Wall,jepa_wm_wall,22,2,fidelity_constrained_shuffled_geometry__seed11419,fidelity_constrained_shuffled_geometry,11419,3,0.0,0.9485036310880582,1.0,1,1
Wall,jepa_wm_wall,22,2,fidelity_constrained_shuffled_geometry__seed11419,fidelity_constrained_shuffled_geometry,11419,6,0.5449193421845129,0.8594984607753133,0.0,1,3
Wall,jepa_wm_wall,23,2,fidelity_constrained_shuffled_geometry__seed11419,fidelity_constrained_shuffled_geometry,11419,1,0.492815152927685,0.7541253440298136,0.0,8,1
Wall,jepa_wm_wall,23,2,fidelity_constrained_shuffled_geometry__seed11419,fidelity_constrained_shuffled_geometry,11419,3,0.20090414568857137,0.9487888858232911,0.0,6,4
Wall,jepa_wm_wall,23,2,fidelity_constrained_shuffled_geometry__seed11419,fidelity_constrained_shuffled_geometry,11419,6,0.3589817567214553,0.7037668375735762,0.0,1,4
Wall,jepa_wm_wall,48,6,fidelity_constrained_shuffled_geometry__seed11419,fidelity_constrained_shuffled_geometry,11419,1,0.08016261345003133,0.7563869558744933,0.0,3,1
Wall,jepa_wm_wall,48,6,fidelity_constrained_shuffled_geometry__seed11419,fidelity_constrained_shuffled_geometry,11419,3,0.33885638302503224,0.646053749959267,0.0,3,1
Wall,jepa_wm_wall,48,6,fidelity_constrained_shuffled_geometry__seed11419,fidelity_constrained_shuffled_geometry,11419,6,0.0,0.8932238361885604,1.0,1,1
Wall,jepa_wm_wall,49,6,fidelity_constrained_shuffled_geometry__seed11419,fidelity_constrained_shuffled_geometry,11419,1,0.08831945936215893,0.88937880752093,0.0,3,1
Wall,jepa_wm_wall,49,6,fidelity_constrained_shuffled_geometry__seed11419,fidelity_constrained_shuffled_geometry,11419,3,0.28059065837136005,0.65913041595141,0.0,2,1
Wall,jepa_wm_wall,49,6,fidelity_constrained_shuffled_geometry__seed11419,fidelity_constrained_shuffled_geometry,11419,6,0.0,0.9236298847092745,1.0,1,1
Wall,jepa_wm_wall,50,6,fidelity_constrained_shuffled_geometry__seed11419,fidelity_constrained_shuffled_geometry,11419,1,0.4260117069489781,0.8331991945579686,0.0,8,1
Wall,jepa_wm_wall,50,6,fidelity_constrained_shuffled_geometry__seed11419,fidelity_constrained_shuffled_geometry,11419,3,0.2031904442529546,0.793570364523014,0.0,2,6
Wall,jepa_wm_wall,50,6,fidelity_constrained_shuffled_geometry__seed11419,fidelity_constrained_shuffled_geometry,11419,6,0.19405549575924055,0.9129793238599508,0.0,1,4
Wall,jepa_wm_wall,51,6,fidelity_constrained_shuffled_geometry__seed11419,fidelity_constrained_shuffled_geometry,11419,1,0.007931881484607411,0.9851568287731413,0.0,3,1
Wall,jepa_wm_wall,51,6,fidelity_constrained_shuffled_geometry__seed11419,fidelity_constrained_shuffled_geometry,11419,3,0.25084205680435046,0.8591623229349392,0.0,2,1
Wall,jepa_wm_wall,51,6,fidelity_constrained_shuffled_geometry__seed11419,fidelity_constrained_shuffled_geometry,11419,6,0.10901940817974191,0.7620309297842844,0.0,4,1
Wall,jepa_wm_wall,52,6,fidelity_constrained_shuffled_geometry__seed11419,fidelity_constrained_shuffled_geometry,11419,1,0.0,0.8501039341113727,1.0,1,1
Wall,jepa_wm_wall,52,6,fidelity_constrained_shuffled_geometry__seed11419,fidelity_constrained_shuffled_geometry,11419,3,0.0,0.7880909180646305,1.0,3,3
Wall,jepa_wm_wall,52,6,fidelity_constrained_shuffled_geometry__seed11419,fidelity_constrained_shuffled_geometry,11419,6,0.06992941723812081,0.8672579359617826,0.0,4,3
Wall,jepa_wm_wall,53,6,fidelity_constrained_shuffled_geometry__seed11419,fidelity_constrained_shuffled_geometry,11419,1,0.4488210939174718,0.5478709614647134,0.0,8,1
Wall,jepa_wm_wall,53,6,fidelity_constrained_shuffled_geometry__seed11419,fidelity_constrained_shuffled_geometry,11419,3,0.1509488568966722,0.884087524373711,0.0,2,4
Wall,jepa_wm_wall,53,6,fidelity_constrained_shuffled_geometry__seed11419,fidelity_constrained_shuffled_geometry,11419,6,0.09643994244758064,0.8839339556283148,0.0,1,4
Wall,jepa_wm_wall,54,6,fidelity_constrained_shuffled_geometry__seed11419,fidelity_constrained_shuffled_geometry,11419,1,0.0,0.892398841097551,1.0,1,1
Wall,jepa_wm_wall,54,6,fidelity_constrained_shuffled_geometry__seed11419,fidelity_constrained_shuffled_geometry,11419,3,0.26133997006146936,0.8233930631357966,0.0,3,6
Wall,jepa_wm_wall,54,6,fidelity_constrained_shuffled_geometry__seed11419,fidelity_constrained_shuffled_geometry,11419,6,0.2353094206177578,0.7945319446646443,0.0,1,2
Wall,jepa_wm_wall,55,6,fidelity_constrained_shuffled_geometry__seed11419,fidelity_constrained_shuffled_geometry,11419,1,0.19210375265017246,0.8030591949053119,0.0,2,1
Wall,jepa_wm_wall,55,6,fidelity_constrained_shuffled_geometry__seed11419,fidelity_constrained_shuffled_geometry,11419,3,0.2094691332620639,0.8001618342509972,0.0,3,6
Wall,jepa_wm_wall,55,6,fidelity_constrained_shuffled_geometry__seed11419,fidelity_constrained_shuffled_geometry,11419,6,0.510367303771342,0.7932646280689143,0.0,1,2
Wall,jepa_wm_wall,8,1,fidelity_constrained_matched_geometry__seed11419,fidelity_constrained_matched_geometry,11419,1,0.0,0.964082766181482,1.0,2,2
Wall,jepa_wm_wall,8,1,fidelity_constrained_matched_geometry__seed11419,fidelity_constrained_matched_geometry,11419,3,0.08482373582968013,0.9642942800503995,0.0,5,4
Wall,jepa_wm_wall,8,1,fidelity_constrained_matched_geometry__seed11419,fidelity_constrained_matched_geometry,11419,6,0.0,0.9539343421665102,1.0,4,4
Wall,jepa_wm_wall,9,1,fidelity_constrained_matched_geometry__seed11419,fidelity_constrained_matched_geometry,11419,1,0.0,0.4729120734927978,1.0,1,1
Wall,jepa_wm_wall,9,1,fidelity_constrained_matched_geometry__seed11419,fidelity_constrained_matched_geometry,11419,3,0.15382484569233362,0.6958101346092241,0.0,4,1
Wall,jepa_wm_wall,9,1,fidelity_constrained_matched_geometry__seed11419,fidelity_constrained_matched_geometry,11419,6,0.09552012436264752,0.8263106002424407,0.0,4,2
Wall,jepa_wm_wall,10,1,fidelity_constrained_matched_geometry__seed11419,fidelity_constrained_matched_geometry,11419,1,0.0372770339782157,0.8859403809356717,0.0,3,1
Wall,jepa_wm_wall,10,1,fidelity_constrained_matched_geometry__seed11419,fidelity_constrained_matched_geometry,11419,3,0.0,0.9401140458459045,1.0,1,1
Wall,jepa_wm_wall,10,1,fidelity_constrained_matched_geometry__seed11419,fidelity_constrained_matched_geometry,11419,6,0.0,0.9959079800602231,1.0,1,1
Wall,jepa_wm_wall,11,1,fidelity_constrained_matched_geometry__seed11419,fidelity_constrained_matched_geometry,11419,1,0.0,0.9652867859219814,1.0,1,1
Wall,jepa_wm_wall,11,1,fidelity_constrained_matched_geometry__seed11419,fidelity_constrained_matched_geometry,11419,3,0.0,0.9416660948474376,1.0,1,1
Wall,jepa_wm_wall,11,1,fidelity_constrained_matched_geometry__seed11419,fidelity_constrained_matched_geometry,11419,6,0.0,0.9305422912747104,1.0,1,1
Wall,jepa_wm_wall,12,1,fidelity_constrained_matched_geometry__seed11419,fidelity_constrained_matched_geometry,11419,1,0.12456447628524758,0.8851665466462676,0.0,6,1
Wall,jepa_wm_wall,12,1,fidelity_constrained_matched_geometry__seed11419,fidelity_constrained_matched_geometry,11419,3,0.09665954609519713,0.8457636366844011,0.0,4,1
Wall,jepa_wm_wall,12,1,fidelity_constrained_matched_geometry__seed11419,fidelity_constrained_matched_geometry,11419,6,0.21116622450814518,0.6182734087067774,0.0,4,3
Wall,jepa_wm_wall,13,1,fidelity_constrained_matched_geometry__seed11419,fidelity_constrained_matched_geometry,11419,1,0.028695465844599356,0.9081721127304642,0.0,4,1
Wall,jepa_wm_wall,13,1,fidelity_constrained_matched_geometry__seed11419,fidelity_constrained_matched_geometry,11419,3,0.0,0.9531544045060614,1.0,4,4
Wall,jepa_wm_wall,13,1,fidelity_constrained_matched_geometry__seed11419,fidelity_constrained_matched_geometry,11419,6,0.0,0.8924841768588929,1.0,4,4
Wall,jepa_wm_wall,14,1,fidelity_constrained_matched_geometry__seed11419,fidelity_constrained_matched_geometry,11419,1,0.4265192405294919,0.7051829834588823,0.0,7,1
Wall,jepa_wm_wall,14,1,fidelity_constrained_matched_geometry__seed11419,fidelity_constrained_matched_geometry,11419,3,0.16386929049128993,0.8819704051029684,0.0,3,4
Wall,jepa_wm_wall,14,1,fidelity_constrained_matched_geometry__seed11419,fidelity_constrained_matched_geometry,11419,6,0.0,0.929023522934415,1.0,4,4
Wall,jepa_wm_wall,15,1,fidelity_constrained_matched_geometry__seed11419,fidelity_constrained_matched_geometry,11419,1,0.0,0.9642780278861783,1.0,1,1
Wall,jepa_wm_wall,15,1,fidelity_constrained_matched_geometry__seed11419,fidelity_constrained_matched_geometry,11419,3,0.27842786842107053,0.5506525898693634,0.0,8,5
Wall,jepa_wm_wall,15,1,fidelity_constrained_matched_geometry__seed11419,fidelity_constrained_matched_geometry,11419,6,0.02109195364658048,0.8192296591496728,0.0,4,2
Wall,jepa_wm_wall,16,2,fidelity_constrained_matched_geometry__seed11419,fidelity_constrained_matched_geometry,11419,1,0.0,0.9314267440894671,1.0,1,1
Wall,jepa_wm_wall,16,2,fidelity_constrained_matched_geometry__seed11419,fidelity_constrained_matched_geometry,11419,3,0.0780943539164202,0.9543145598337229,0.0,1,2
Wall,jepa_wm_wall,16,2,fidelity_constrained_matched_geometry__seed11419,fidelity_constrained_matched_geometry,11419,6,0.47836158155027136,0.6148205117539385,0.0,1,2
Wall,jepa_wm_wall,17,2,fidelity_constrained_matched_geometry__seed11419,fidelity_constrained_matched_geometry,11419,1,0.0,0.8389867532986479,1.0,1,1
Wall,jepa_wm_wall,17,2,fidelity_constrained_matched_geometry__seed11419,fidelity_constrained_matched_geometry,11419,3,0.0,0.8240910355385261,1.0,1,1
Wall,jepa_wm_wall,17,2,fidelity_constrained_matched_geometry__seed11419,fidelity_constrained_matched_geometry,11419,6,0.5173793022236458,0.6793368060849595,0.0,1,3
Wall,jepa_wm_wall,18,2,fidelity_constrained_matched_geometry__seed11419,fidelity_constrained_matched_geometry,11419,1,0.5769233520213718,0.6983574049327695,0.0,0,1
Wall,jepa_wm_wall,18,2,fidelity_constrained_matched_geometry__seed11419,fidelity_constrained_matched_geometry,11419,3,0.0,0.8016867901038447,1.0,1,1
Wall,jepa_wm_wall,18,2,fidelity_constrained_matched_geometry__seed11419,fidelity_constrained_matched_geometry,11419,6,0.079029886739769,0.9357988624014973,0.0,4,6
Wall,jepa_wm_wall,19,2,fidelity_constrained_matched_geometry__seed11419,fidelity_constrained_matched_geometry,11419,1,0.007615091005135686,0.8256504372067054,0.0,4,1
Wall,jepa_wm_wall,19,2,fidelity_constrained_matched_geometry__seed11419,fidelity_constrained_matched_geometry,11419,3,0.30787988273780015,0.8423880356797384,0.0,5,1
Wall,jepa_wm_wall,19,2,fidelity_constrained_matched_geometry__seed11419,fidelity_constrained_matched_geometry,11419,6,0.4811349945468107,0.7708416412809007,0.0,5,1
Wall,jepa_wm_wall,20,2,fidelity_constrained_matched_geometry__seed11419,fidelity_constrained_matched_geometry,11419,1,0.2428913623165946,0.8139356013397202,0.0,3,1
Wall,jepa_wm_wall,20,2,fidelity_constrained_matched_geometry__seed11419,fidelity_constrained_matched_geometry,11419,3,0.18914274310056906,0.7531700079260194,0.0,4,6
Wall,jepa_wm_wall,20,2,fidelity_constrained_matched_geometry__seed11419,fidelity_constrained_matched_geometry,11419,6,0.3477921036549551,0.6074856594813969,0.0,1,2
Wall,jepa_wm_wall,21,2,fidelity_constrained_matched_geometry__seed11419,fidelity_constrained_matched_geometry,11419,1,0.12442798164057622,0.44695947971626326,0.0,5,1
Wall,jepa_wm_wall,21,2,fidelity_constrained_matched_geometry__seed11419,fidelity_constrained_matched_geometry,11419,3,0.0,0.9127373071650978,1.0,1,1
Wall,jepa_wm_wall,21,2,fidelity_constrained_matched_geometry__seed11419,fidelity_constrained_matched_geometry,11419,6,0.48324186008832426,0.8362442933666903,0.0,1,3
Wall,jepa_wm_wall,22,2,fidelity_constrained_matched_geometry__seed11419,fidelity_constrained_matched_geometry,11419,1,0.0,0.8390184706765882,1.0,1,1
Wall,jepa_wm_wall,22,2,fidelity_constrained_matched_geometry__seed11419,fidelity_constrained_matched_geometry,11419,3,0.0,0.8530481166944932,1.0,1,1
Wall,jepa_wm_wall,22,2,fidelity_constrained_matched_geometry__seed11419,fidelity_constrained_matched_geometry,11419,6,0.5449193421845129,0.6836954094364873,0.0,1,3
Wall,jepa_wm_wall,23,2,fidelity_constrained_matched_geometry__seed11419,fidelity_constrained_matched_geometry,11419,1,0.492815152927685,0.7115397922414416,0.0,8,1
Wall,jepa_wm_wall,23,2,fidelity_constrained_matched_geometry__seed11419,fidelity_constrained_matched_geometry,11419,3,0.08949224892228795,0.9471967671474096,0.0,1,4
Wall,jepa_wm_wall,23,2,fidelity_constrained_matched_geometry__seed11419,fidelity_constrained_matched_geometry,11419,6,0.3589817567214553,0.6853107763310187,0.0,1,4
Wall,jepa_wm_wall,48,6,fidelity_constrained_matched_geometry__seed11419,fidelity_constrained_matched_geometry,11419,1,0.08016261345003133,0.7922520218130148,0.0,3,1
Wall,jepa_wm_wall,48,6,fidelity_constrained_matched_geometry__seed11419,fidelity_constrained_matched_geometry,11419,3,0.33885638302503224,0.7525242502201711,0.0,3,1
Wall,jepa_wm_wall,48,6,fidelity_constrained_matched_geometry__seed11419,fidelity_constrained_matched_geometry,11419,6,0.0,0.8607739461052123,1.0,1,1
Wall,jepa_wm_wall,49,6,fidelity_constrained_matched_geometry__seed11419,fidelity_constrained_matched_geometry,11419,1,0.08831945936215893,0.885382623563811,0.0,3,1
Wall,jepa_wm_wall,49,6,fidelity_constrained_matched_geometry__seed11419,fidelity_constrained_matched_geometry,11419,3,0.32867445135719997,0.6622808056326881,0.0,3,1
Wall,jepa_wm_wall,49,6,fidelity_constrained_matched_geometry__seed11419,fidelity_constrained_matched_geometry,11419,6,0.0,0.8266315916056797,1.0,1,1
Wall,jepa_wm_wall,50,6,fidelity_constrained_matched_geometry__seed11419,fidelity_constrained_matched_geometry,11419,1,0.054122212774885464,0.868517908229263,0.0,4,1
Wall,jepa_wm_wall,50,6,fidelity_constrained_matched_geometry__seed11419,fidelity_constrained_matched_geometry,11419,3,0.2031904442529546,0.8541147373493193,0.0,2,6
Wall,jepa_wm_wall,50,6,fidelity_constrained_matched_geometry__seed11419,fidelity_constrained_matched_geometry,11419,6,0.19405549575924055,0.7291546635067091,0.0,1,4
Wall,jepa_wm_wall,51,6,fidelity_constrained_matched_geometry__seed11419,fidelity_constrained_matched_geometry,11419,1,0.007931881484607411,0.9925589548992062,0.0,3,1
Wall,jepa_wm_wall,51,6,fidelity_constrained_matched_geometry__seed11419,fidelity_constrained_matched_geometry,11419,3,0.25084205680435046,0.8481676991009478,0.0,2,1
Wall,jepa_wm_wall,51,6,fidelity_constrained_matched_geometry__seed11419,fidelity_constrained_matched_geometry,11419,6,0.10901940817974191,0.85721625307741,0.0,4,1
Wall,jepa_wm_wall,52,6,fidelity_constrained_matched_geometry__seed11419,fidelity_constrained_matched_geometry,11419,1,0.0,0.927699360427876,1.0,1,1
Wall,jepa_wm_wall,52,6,fidelity_constrained_matched_geometry__seed11419,fidelity_constrained_matched_geometry,11419,3,0.22841602334505987,0.735492392098154,0.0,8,3
Wall,jepa_wm_wall,52,6,fidelity_constrained_matched_geometry__seed11419,fidelity_constrained_matched_geometry,11419,6,0.06992941723812081,0.731125619965156,0.0,4,3
Wall,jepa_wm_wall,53,6,fidelity_constrained_matched_geometry__seed11419,fidelity_constrained_matched_geometry,11419,1,0.4488210939174718,0.48076799720755437,0.0,8,1
Wall,jepa_wm_wall,53,6,fidelity_constrained_matched_geometry__seed11419,fidelity_constrained_matched_geometry,11419,3,0.1509488568966722,0.9044197290487135,0.0,2,4
Wall,jepa_wm_wall,53,6,fidelity_constrained_matched_geometry__seed11419,fidelity_constrained_matched_geometry,11419,6,0.09643994244758064,0.8702329901289996,0.0,1,4
Wall,jepa_wm_wall,54,6,fidelity_constrained_matched_geometry__seed11419,fidelity_constrained_matched_geometry,11419,1,0.05970364125007021,0.8667684240520183,0.0,4,1
Wall,jepa_wm_wall,54,6,fidelity_constrained_matched_geometry__seed11419,fidelity_constrained_matched_geometry,11419,3,0.29411612172776747,0.7510479477655743,0.0,1,6
Wall,jepa_wm_wall,54,6,fidelity_constrained_matched_geometry__seed11419,fidelity_constrained_matched_geometry,11419,6,0.2353094206177578,0.8136443850700975,0.0,1,2
Wall,jepa_wm_wall,55,6,fidelity_constrained_matched_geometry__seed11419,fidelity_constrained_matched_geometry,11419,1,0.19210375265017246,0.8185857170996477,0.0,2,1
Wall,jepa_wm_wall,55,6,fidelity_constrained_matched_geometry__seed11419,fidelity_constrained_matched_geometry,11419,3,0.5554230187940988,0.7438456611656887,0.0,8,6
Wall,jepa_wm_wall,55,6,fidelity_constrained_matched_geometry__seed11419,fidelity_constrained_matched_geometry,11419,6,0.510367303771342,0.6810979732560455,0.0,1,2
Wall,jepa_wm_wall,8,1,fidelity_constrained_latent_only__seed11437,fidelity_constrained_latent_only,11437,1,0.0,0.9816889309018635,1.0,2,2
Wall,jepa_wm_wall,8,1,fidelity_constrained_latent_only__seed11437,fidelity_constrained_latent_only,11437,3,0.08482373582968013,0.920818551563131,0.0,5,4
Wall,jepa_wm_wall,8,1,fidelity_constrained_latent_only__seed11437,fidelity_constrained_latent_only,11437,6,0.0,0.978994325870821,1.0,4,4
Wall,jepa_wm_wall,9,1,fidelity_constrained_latent_only__seed11437,fidelity_constrained_latent_only,11437,1,0.0,0.5991256204829871,1.0,1,1
Wall,jepa_wm_wall,9,1,fidelity_constrained_latent_only__seed11437,fidelity_constrained_latent_only,11437,3,0.15382484569233362,0.8344611017791024,0.0,4,1
Wall,jepa_wm_wall,9,1,fidelity_constrained_latent_only__seed11437,fidelity_constrained_latent_only,11437,6,0.09552012436264752,0.9510708066583714,0.0,4,2
Wall,jepa_wm_wall,10,1,fidelity_constrained_latent_only__seed11437,fidelity_constrained_latent_only,11437,1,0.0372770339782157,0.9077186587305495,0.0,3,1
Wall,jepa_wm_wall,10,1,fidelity_constrained_latent_only__seed11437,fidelity_constrained_latent_only,11437,3,0.0,0.9314534492726033,1.0,1,1
Wall,jepa_wm_wall,10,1,fidelity_constrained_latent_only__seed11437,fidelity_constrained_latent_only,11437,6,0.0,0.9806436113034532,1.0,1,1
Wall,jepa_wm_wall,11,1,fidelity_constrained_latent_only__seed11437,fidelity_constrained_latent_only,11437,1,0.07412761891648882,0.9378595969580722,0.0,3,1
Wall,jepa_wm_wall,11,1,fidelity_constrained_latent_only__seed11437,fidelity_constrained_latent_only,11437,3,0.22206290406126403,0.9186045082174649,0.0,3,1
Wall,jepa_wm_wall,11,1,fidelity_constrained_latent_only__seed11437,fidelity_constrained_latent_only,11437,6,0.0,0.9992524356048021,1.0,1,1
Wall,jepa_wm_wall,12,1,fidelity_constrained_latent_only__seed11437,fidelity_constrained_latent_only,11437,1,0.0,0.8923089061443003,1.0,1,1
Wall,jepa_wm_wall,12,1,fidelity_constrained_latent_only__seed11437,fidelity_constrained_latent_only,11437,3,0.09665954609519713,0.9148710167192748,0.0,4,1
Wall,jepa_wm_wall,12,1,fidelity_constrained_latent_only__seed11437,fidelity_constrained_latent_only,11437,6,0.21116622450814518,0.7944412516037628,0.0,4,3
Wall,jepa_wm_wall,13,1,fidelity_constrained_latent_only__seed11437,fidelity_constrained_latent_only,11437,1,0.028695465844599356,0.9465093092548406,0.0,4,1
Wall,jepa_wm_wall,13,1,fidelity_constrained_latent_only__seed11437,fidelity_constrained_latent_only,11437,3,0.14527104206009775,0.9410473243263221,0.0,5,4
Wall,jepa_wm_wall,13,1,fidelity_constrained_latent_only__seed11437,fidelity_constrained_latent_only,11437,6,0.0,0.9422834000362746,1.0,4,4
Wall,jepa_wm_wall,14,1,fidelity_constrained_latent_only__seed11437,fidelity_constrained_latent_only,11437,1,0.4265192405294919,0.792682989329139,0.0,7,1
Wall,jepa_wm_wall,14,1,fidelity_constrained_latent_only__seed11437,fidelity_constrained_latent_only,11437,3,0.02103669177229461,0.841118180048786,0.0,1,4
Wall,jepa_wm_wall,14,1,fidelity_constrained_latent_only__seed11437,fidelity_constrained_latent_only,11437,6,0.0,0.9823907217271882,1.0,4,4
Wall,jepa_wm_wall,15,1,fidelity_constrained_latent_only__seed11437,fidelity_constrained_latent_only,11437,1,0.0,0.985113516487535,1.0,1,1
Wall,jepa_wm_wall,15,1,fidelity_constrained_latent_only__seed11437,fidelity_constrained_latent_only,11437,3,0.019446629235054986,0.8280576592979961,0.0,1,5
Wall,jepa_wm_wall,15,1,fidelity_constrained_latent_only__seed11437,fidelity_constrained_latent_only,11437,6,0.02109195364658048,0.9068452711273918,0.0,4,2
Wall,jepa_wm_wall,16,2,fidelity_constrained_latent_only__seed11437,fidelity_constrained_latent_only,11437,1,0.0,0.9056578225863153,1.0,1,1
Wall,jepa_wm_wall,16,2,fidelity_constrained_latent_only__seed11437,fidelity_constrained_latent_only,11437,3,0.0780943539164202,0.7440138522518486,0.0,1,2
Wall,jepa_wm_wall,16,2,fidelity_constrained_latent_only__seed11437,fidelity_constrained_latent_only,11437,6,0.5310357923198618,0.30497333253035064,0.0,5,2
Wall,jepa_wm_wall,17,2,fidelity_constrained_latent_only__seed11437,fidelity_constrained_latent_only,11437,1,0.12688078630405206,0.8903081604371834,0.0,5,1
Wall,jepa_wm_wall,17,2,fidelity_constrained_latent_only__seed11437,fidelity_constrained_latent_only,11437,3,0.0,0.7496528747046228,1.0,1,1
Wall,jepa_wm_wall,17,2,fidelity_constrained_latent_only__seed11437,fidelity_constrained_latent_only,11437,6,0.5122518561014756,0.611721109583629,0.0,5,3
Wall,jepa_wm_wall,18,2,fidelity_constrained_latent_only__seed11437,fidelity_constrained_latent_only,11437,1,0.12115863057169185,0.5964333011358498,0.0,5,1
Wall,jepa_wm_wall,18,2,fidelity_constrained_latent_only__seed11437,fidelity_constrained_latent_only,11437,3,0.06357119324461176,0.917183106103924,0.0,4,1
Wall,jepa_wm_wall,18,2,fidelity_constrained_latent_only__seed11437,fidelity_constrained_latent_only,11437,6,0.06074535502837518,0.9747821186423407,0.0,1,6
Wall,jepa_wm_wall,19,2,fidelity_constrained_latent_only__seed11437,fidelity_constrained_latent_only,11437,1,0.1265250410340812,0.5355138941755205,0.0,5,1
Wall,jepa_wm_wall,19,2,fidelity_constrained_latent_only__seed11437,fidelity_constrained_latent_only,11437,3,0.30787988273780015,0.8965892473919778,0.0,5,1
Wall,jepa_wm_wall,19,2,fidelity_constrained_latent_only__seed11437,fidelity_constrained_latent_only,11437,6,0.6658034424361426,0.7722706996194258,0.0,0,1
Wall,jepa_wm_wall,20,2,fidelity_constrained_latent_only__seed11437,fidelity_constrained_latent_only,11437,1,0.2428913623165946,0.8134556298470088,0.0,3,1
Wall,jepa_wm_wall,20,2,fidelity_constrained_latent_only__seed11437,fidelity_constrained_latent_only,11437,3,0.22499358945128464,0.6477213810737448,0.0,5,6
Wall,jepa_wm_wall,20,2,fidelity_constrained_latent_only__seed11437,fidelity_constrained_latent_only,11437,6,0.5175256334018074,0.4755990040800612,0.0,5,2
Wall,jepa_wm_wall,21,2,fidelity_constrained_latent_only__seed11437,fidelity_constrained_latent_only,11437,1,0.0,0.5507060884109213,1.0,1,1
Wall,jepa_wm_wall,21,2,fidelity_constrained_latent_only__seed11437,fidelity_constrained_latent_only,11437,3,0.0,0.9937433010320464,1.0,1,1
Wall,jepa_wm_wall,21,2,fidelity_constrained_latent_only__seed11437,fidelity_constrained_latent_only,11437,6,0.48324186008832426,0.5926003419007966,0.0,1,3
Wall,jepa_wm_wall,22,2,fidelity_constrained_latent_only__seed11437,fidelity_constrained_latent_only,11437,1,0.0,0.8992661546021449,1.0,1,1
Wall,jepa_wm_wall,22,2,fidelity_constrained_latent_only__seed11437,fidelity_constrained_latent_only,11437,3,0.0,0.7053635529660812,1.0,1,1
Wall,jepa_wm_wall,22,2,fidelity_constrained_latent_only__seed11437,fidelity_constrained_latent_only,11437,6,0.5121504452624783,0.6468114650640561,0.0,5,3
Wall,jepa_wm_wall,23,2,fidelity_constrained_latent_only__seed11437,fidelity_constrained_latent_only,11437,1,0.0352215604069649,0.8195216698400601,0.0,4,1
Wall,jepa_wm_wall,23,2,fidelity_constrained_latent_only__seed11437,fidelity_constrained_latent_only,11437,3,0.08949224892228795,0.8152656599434273,0.0,1,4
Wall,jepa_wm_wall,23,2,fidelity_constrained_latent_only__seed11437,fidelity_constrained_latent_only,11437,6,0.3589817567214553,0.6261053894314623,0.0,1,4
Wall,jepa_wm_wall,48,6,fidelity_constrained_latent_only__seed11437,fidelity_constrained_latent_only,11437,1,0.024750837594570252,0.8266073678504929,0.0,2,1
Wall,jepa_wm_wall,48,6,fidelity_constrained_latent_only__seed11437,fidelity_constrained_latent_only,11437,3,0.33885638302503224,0.841982879721646,0.0,3,1
Wall,jepa_wm_wall,48,6,fidelity_constrained_latent_only__seed11437,fidelity_constrained_latent_only,11437,6,0.13991464109340168,0.9413351035033346,0.0,4,1
Wall,jepa_wm_wall,49,6,fidelity_constrained_latent_only__seed11437,fidelity_constrained_latent_only,11437,1,0.08831945936215893,0.885382623563811,0.0,3,1
Wall,jepa_wm_wall,49,6,fidelity_constrained_latent_only__seed11437,fidelity_constrained_latent_only,11437,3,0.28059065837136005,0.8944067899292827,0.0,2,1
Wall,jepa_wm_wall,49,6,fidelity_constrained_latent_only__seed11437,fidelity_constrained_latent_only,11437,6,0.08134523661871648,0.9197704897126633,0.0,4,1
Wall,jepa_wm_wall,50,6,fidelity_constrained_latent_only__seed11437,fidelity_constrained_latent_only,11437,1,0.0,0.9001871875273053,1.0,1,1
Wall,jepa_wm_wall,50,6,fidelity_constrained_latent_only__seed11437,fidelity_constrained_latent_only,11437,3,0.29607003342937677,0.7766145960290345,0.0,1,6
Wall,jepa_wm_wall,50,6,fidelity_constrained_latent_only__seed11437,fidelity_constrained_latent_only,11437,6,0.19405549575924055,0.9343646202729464,0.0,1,4
Wall,jepa_wm_wall,51,6,fidelity_constrained_latent_only__seed11437,fidelity_constrained_latent_only,11437,1,0.007931881484607411,0.9159343026531149,0.0,3,1
Wall,jepa_wm_wall,51,6,fidelity_constrained_latent_only__seed11437,fidelity_constrained_latent_only,11437,3,0.43123857483639333,0.863900497691038,0.0,3,1
Wall,jepa_wm_wall,51,6,fidelity_constrained_latent_only__seed11437,fidelity_constrained_latent_only,11437,6,0.10901940817974191,0.98617337807182,0.0,4,1
Wall,jepa_wm_wall,52,6,fidelity_constrained_latent_only__seed11437,fidelity_constrained_latent_only,11437,1,0.0,0.9818841662501282,1.0,1,1
Wall,jepa_wm_wall,52,6,fidelity_constrained_latent_only__seed11437,fidelity_constrained_latent_only,11437,3,0.22841602334505987,0.8890614196232063,0.0,8,3
Wall,jepa_wm_wall,52,6,fidelity_constrained_latent_only__seed11437,fidelity_constrained_latent_only,11437,6,0.06992941723812081,0.9195566466357853,0.0,4,3
Wall,jepa_wm_wall,53,6,fidelity_constrained_latent_only__seed11437,fidelity_constrained_latent_only,11437,1,0.04052209379470553,0.5835053448279315,0.0,2,1
Wall,jepa_wm_wall,53,6,fidelity_constrained_latent_only__seed11437,fidelity_constrained_latent_only,11437,3,0.1509488568966722,0.9700995242237007,0.0,2,4
Wall,jepa_wm_wall,53,6,fidelity_constrained_latent_only__seed11437,fidelity_constrained_latent_only,11437,6,0.0,0.9143278030748941,1.0,4,4
Wall,jepa_wm_wall,54,6,fidelity_constrained_latent_only__seed11437,fidelity_constrained_latent_only,11437,1,0.0,0.9994976712404003,1.0,1,1
Wall,jepa_wm_wall,54,6,fidelity_constrained_latent_only__seed11437,fidelity_constrained_latent_only,11437,3,0.22028967914818534,0.8697980566754312,0.0,5,6
Wall,jepa_wm_wall,54,6,fidelity_constrained_latent_only__seed11437,fidelity_constrained_latent_only,11437,6,0.2353094206177578,0.8616925606253131,0.0,1,2
Wall,jepa_wm_wall,55,6,fidelity_constrained_latent_only__seed11437,fidelity_constrained_latent_only,11437,1,0.0,0.9819401612347453,1.0,1,1
Wall,jepa_wm_wall,55,6,fidelity_constrained_latent_only__seed11437,fidelity_constrained_latent_only,11437,3,0.1600320766712798,0.8595858373312792,0.0,5,6
Wall,jepa_wm_wall,55,6,fidelity_constrained_latent_only__seed11437,fidelity_constrained_latent_only,11437,6,0.04633499368663333,0.9211900205421761,0.0,4,2
Wall,jepa_wm_wall,8,1,fidelity_constrained_shuffled_geometry__seed11437,fidelity_constrained_shuffled_geometry,11437,1,0.0,0.9287269835632006,1.0,2,2
Wall,jepa_wm_wall,8,1,fidelity_constrained_shuffled_geometry__seed11437,fidelity_constrained_shuffled_geometry,11437,3,0.08482373582968013,0.9906416050313452,0.0,5,4
Wall,jepa_wm_wall,8,1,fidelity_constrained_shuffled_geometry__seed11437,fidelity_constrained_shuffled_geometry,11437,6,0.0,0.9509547641237543,1.0,4,4
Wall,jepa_wm_wall,9,1,fidelity_constrained_shuffled_geometry__seed11437,fidelity_constrained_shuffled_geometry,11437,1,0.0,0.5236653662613956,1.0,1,1
Wall,jepa_wm_wall,9,1,fidelity_constrained_shuffled_geometry__seed11437,fidelity_constrained_shuffled_geometry,11437,3,0.15382484569233362,0.7041194468720455,0.0,4,1
Wall,jepa_wm_wall,9,1,fidelity_constrained_shuffled_geometry__seed11437,fidelity_constrained_shuffled_geometry,11437,6,0.09552012436264752,0.8395304603976542,0.0,4,2
Wall,jepa_wm_wall,10,1,fidelity_constrained_shuffled_geometry__seed11437,fidelity_constrained_shuffled_geometry,11437,1,0.0372770339782157,0.8598619422610969,0.0,3,1
Wall,jepa_wm_wall,10,1,fidelity_constrained_shuffled_geometry__seed11437,fidelity_constrained_shuffled_geometry,11437,3,0.0,0.9401140458459045,1.0,1,1
Wall,jepa_wm_wall,10,1,fidelity_constrained_shuffled_geometry__seed11437,fidelity_constrained_shuffled_geometry,11437,6,0.0,0.9405399970043605,1.0,1,1
Wall,jepa_wm_wall,11,1,fidelity_constrained_shuffled_geometry__seed11437,fidelity_constrained_shuffled_geometry,11437,1,0.1217243147924134,0.9388917813659807,0.0,6,1
Wall,jepa_wm_wall,11,1,fidelity_constrained_shuffled_geometry__seed11437,fidelity_constrained_shuffled_geometry,11437,3,0.05350381994101328,0.9579127111438427,0.0,4,1
Wall,jepa_wm_wall,11,1,fidelity_constrained_shuffled_geometry__seed11437,fidelity_constrained_shuffled_geometry,11437,6,0.0,0.989083150223233,1.0,1,1
Wall,jepa_wm_wall,12,1,fidelity_constrained_shuffled_geometry__seed11437,fidelity_constrained_shuffled_geometry,11437,1,0.12456447628524758,0.8550413423918987,0.0,6,1
Wall,jepa_wm_wall,12,1,fidelity_constrained_shuffled_geometry__seed11437,fidelity_constrained_shuffled_geometry,11437,3,0.06321905065029236,0.7995409823316543,0.0,6,1
Wall,jepa_wm_wall,12,1,fidelity_constrained_shuffled_geometry__seed11437,fidelity_constrained_shuffled_geometry,11437,6,0.0,0.7359139307375517,1.0,3,3
Wall,jepa_wm_wall,13,1,fidelity_constrained_shuffled_geometry__seed11437,fidelity_constrained_shuffled_geometry,11437,1,0.0032743813559044216,0.9397069910819192,0.0,3,1
Wall,jepa_wm_wall,13,1,fidelity_constrained_shuffled_geometry__seed11437,fidelity_constrained_shuffled_geometry,11437,3,0.14527104206009775,0.9526483317833896,0.0,5,4
Wall,jepa_wm_wall,13,1,fidelity_constrained_shuffled_geometry__seed11437,fidelity_constrained_shuffled_geometry,11437,6,0.0,0.8437670175991064,1.0,4,4
Wall,jepa_wm_wall,14,1,fidelity_constrained_shuffled_geometry__seed11437,fidelity_constrained_shuffled_geometry,11437,1,0.4265192405294919,0.7807068895845126,0.0,7,1
Wall,jepa_wm_wall,14,1,fidelity_constrained_shuffled_geometry__seed11437,fidelity_constrained_shuffled_geometry,11437,3,0.06803300220495927,0.8123841098792254,0.0,6,4
Wall,jepa_wm_wall,14,1,fidelity_constrained_shuffled_geometry__seed11437,fidelity_constrained_shuffled_geometry,11437,6,0.0,0.9679194610637643,1.0,4,4
Wall,jepa_wm_wall,15,1,fidelity_constrained_shuffled_geometry__seed11437,fidelity_constrained_shuffled_geometry,11437,1,0.0,0.972804120914638,1.0,1,1
Wall,jepa_wm_wall,15,1,fidelity_constrained_shuffled_geometry__seed11437,fidelity_constrained_shuffled_geometry,11437,3,0.27842786842107053,0.5108020742573777,0.0,8,5
Wall,jepa_wm_wall,15,1,fidelity_constrained_shuffled_geometry__seed11437,fidelity_constrained_shuffled_geometry,11437,6,0.02109195364658048,0.9557579396550657,0.0,4,2
Wall,jepa_wm_wall,16,2,fidelity_constrained_shuffled_geometry__seed11437,fidelity_constrained_shuffled_geometry,11437,1,0.0,0.9315965255744815,1.0,1,1
Wall,jepa_wm_wall,16,2,fidelity_constrained_shuffled_geometry__seed11437,fidelity_constrained_shuffled_geometry,11437,3,0.0780943539164202,0.7963171898122082,0.0,1,2
Wall,jepa_wm_wall,16,2,fidelity_constrained_shuffled_geometry__seed11437,fidelity_constrained_shuffled_geometry,11437,6,0.47836158155027136,0.6948149232115286,0.0,1,2
Wall,jepa_wm_wall,17,2,fidelity_constrained_shuffled_geometry__seed11437,fidelity_constrained_shuffled_geometry,11437,1,0.12688078630405206,0.8004617519231914,0.0,5,1
Wall,jepa_wm_wall,17,2,fidelity_constrained_shuffled_geometry__seed11437,fidelity_constrained_shuffled_geometry,11437,3,0.0,0.9502426302040768,1.0,1,1
Wall,jepa_wm_wall,17,2,fidelity_constrained_shuffled_geometry__seed11437,fidelity_constrained_shuffled_geometry,11437,6,0.5173793022236458,0.7982197359762973,0.0,1,3
Wall,jepa_wm_wall,18,2,fidelity_constrained_shuffled_geometry__seed11437,fidelity_constrained_shuffled_geometry,11437,1,0.12115863057169185,0.7935921953475685,0.0,6,1
Wall,jepa_wm_wall,18,2,fidelity_constrained_shuffled_geometry__seed11437,fidelity_constrained_shuffled_geometry,11437,3,0.0,0.811042727470178,1.0,1,1
Wall,jepa_wm_wall,18,2,fidelity_constrained_shuffled_geometry__seed11437,fidelity_constrained_shuffled_geometry,11437,6,0.079029886739769,0.9551959042089184,0.0,4,6
Wall,jepa_wm_wall,19,2,fidelity_constrained_shuffled_geometry__seed11437,fidelity_constrained_shuffled_geometry,11437,1,0.0,0.8265012264077823,1.0,1,1
Wall,jepa_wm_wall,19,2,fidelity_constrained_shuffled_geometry__seed11437,fidelity_constrained_shuffled_geometry,11437,3,0.30787988273780015,0.8189253685727372,0.0,5,1
Wall,jepa_wm_wall,19,2,fidelity_constrained_shuffled_geometry__seed11437,fidelity_constrained_shuffled_geometry,11437,6,0.4811349945468107,0.7632096087156235,0.0,5,1
Wall,jepa_wm_wall,20,2,fidelity_constrained_shuffled_geometry__seed11437,fidelity_constrained_shuffled_geometry,11437,1,0.09692983861294002,0.8114221535228975,0.0,4,1
Wall,jepa_wm_wall,20,2,fidelity_constrained_shuffled_geometry__seed11437,fidelity_constrained_shuffled_geometry,11437,3,0.18914274310056906,0.7684311769720429,0.0,4,6
Wall,jepa_wm_wall,20,2,fidelity_constrained_shuffled_geometry__seed11437,fidelity_constrained_shuffled_geometry,11437,6,0.3477921036549551,0.6323139556227155,0.0,1,2
Wall,jepa_wm_wall,21,2,fidelity_constrained_shuffled_geometry__seed11437,fidelity_constrained_shuffled_geometry,11437,1,0.12442798164057622,0.36761618148616576,0.0,5,1
Wall,jepa_wm_wall,21,2,fidelity_constrained_shuffled_geometry__seed11437,fidelity_constrained_shuffled_geometry,11437,3,0.0,0.9127373071650978,1.0,1,1
Wall,jepa_wm_wall,21,2,fidelity_constrained_shuffled_geometry__seed11437,fidelity_constrained_shuffled_geometry,11437,6,0.48324186008832426,0.8191387134000834,0.0,1,3
Wall,jepa_wm_wall,22,2,fidelity_constrained_shuffled_geometry__seed11437,fidelity_constrained_shuffled_geometry,11437,1,0.12694286968112253,0.8004648741802579,0.0,5,1
Wall,jepa_wm_wall,22,2,fidelity_constrained_shuffled_geometry__seed11437,fidelity_constrained_shuffled_geometry,11437,3,0.0,0.9472649546252837,1.0,1,1
Wall,jepa_wm_wall,22,2,fidelity_constrained_shuffled_geometry__seed11437,fidelity_constrained_shuffled_geometry,11437,6,0.5449193421845129,0.7911264103439817,0.0,1,3
Wall,jepa_wm_wall,23,2,fidelity_constrained_shuffled_geometry__seed11437,fidelity_constrained_shuffled_geometry,11437,1,0.492815152927685,0.7517291098660988,0.0,8,1
Wall,jepa_wm_wall,23,2,fidelity_constrained_shuffled_geometry__seed11437,fidelity_constrained_shuffled_geometry,11437,3,0.20090414568857137,0.9436917389544978,0.0,6,4
Wall,jepa_wm_wall,23,2,fidelity_constrained_shuffled_geometry__seed11437,fidelity_constrained_shuffled_geometry,11437,6,0.3589817567214553,0.7037668375735762,0.0,1,4
Wall,jepa_wm_wall,48,6,fidelity_constrained_shuffled_geometry__seed11437,fidelity_constrained_shuffled_geometry,11437,1,0.08016261345003133,0.7563869558744933,0.0,3,1
Wall,jepa_wm_wall,48,6,fidelity_constrained_shuffled_geometry__seed11437,fidelity_constrained_shuffled_geometry,11437,3,0.33885638302503224,0.7384086321626648,0.0,3,1
Wall,jepa_wm_wall,48,6,fidelity_constrained_shuffled_geometry__seed11437,fidelity_constrained_shuffled_geometry,11437,6,0.0,0.8932238361885604,1.0,1,1
Wall,jepa_wm_wall,49,6,fidelity_constrained_shuffled_geometry__seed11437,fidelity_constrained_shuffled_geometry,11437,1,0.08831945936215893,0.8797358398572513,0.0,3,1
Wall,jepa_wm_wall,49,6,fidelity_constrained_shuffled_geometry__seed11437,fidelity_constrained_shuffled_geometry,11437,3,0.28059065837136005,0.6547060916211601,0.0,2,1
Wall,jepa_wm_wall,49,6,fidelity_constrained_shuffled_geometry__seed11437,fidelity_constrained_shuffled_geometry,11437,6,0.0,0.9236298847092745,1.0,1,1
Wall,jepa_wm_wall,50,6,fidelity_constrained_shuffled_geometry__seed11437,fidelity_constrained_shuffled_geometry,11437,1,0.4260117069489781,0.8331991945579686,0.0,8,1
Wall,jepa_wm_wall,50,6,fidelity_constrained_shuffled_geometry__seed11437,fidelity_constrained_shuffled_geometry,11437,3,0.2031904442529546,0.8460161697596849,0.0,2,6
Wall,jepa_wm_wall,50,6,fidelity_constrained_shuffled_geometry__seed11437,fidelity_constrained_shuffled_geometry,11437,6,0.19405549575924055,0.8782993968978211,0.0,1,4
Wall,jepa_wm_wall,51,6,fidelity_constrained_shuffled_geometry__seed11437,fidelity_constrained_shuffled_geometry,11437,1,0.007931881484607411,0.9925589548992062,0.0,3,1
Wall,jepa_wm_wall,51,6,fidelity_constrained_shuffled_geometry__seed11437,fidelity_constrained_shuffled_geometry,11437,3,0.43123857483639333,0.7933922320825001,0.0,3,1
Wall,jepa_wm_wall,51,6,fidelity_constrained_shuffled_geometry__seed11437,fidelity_constrained_shuffled_geometry,11437,6,0.10901940817974191,0.7991699144634449,0.0,4,1
Wall,jepa_wm_wall,52,6,fidelity_constrained_shuffled_geometry__seed11437,fidelity_constrained_shuffled_geometry,11437,1,0.0,0.8426534761097193,1.0,1,1
Wall,jepa_wm_wall,52,6,fidelity_constrained_shuffled_geometry__seed11437,fidelity_constrained_shuffled_geometry,11437,3,0.08652891416874614,0.7944654807825705,0.0,2,3
Wall,jepa_wm_wall,52,6,fidelity_constrained_shuffled_geometry__seed11437,fidelity_constrained_shuffled_geometry,11437,6,0.06992941723812081,0.8568426031537887,0.0,4,3
Wall,jepa_wm_wall,53,6,fidelity_constrained_shuffled_geometry__seed11437,fidelity_constrained_shuffled_geometry,11437,1,0.4488210939174718,0.5502176960779862,0.0,8,1
Wall,jepa_wm_wall,53,6,fidelity_constrained_shuffled_geometry__seed11437,fidelity_constrained_shuffled_geometry,11437,3,0.1509488568966722,0.9136029442049757,0.0,2,4
Wall,jepa_wm_wall,53,6,fidelity_constrained_shuffled_geometry__seed11437,fidelity_constrained_shuffled_geometry,11437,6,0.09643994244758064,0.8839339556283148,0.0,1,4
Wall,jepa_wm_wall,54,6,fidelity_constrained_shuffled_geometry__seed11437,fidelity_constrained_shuffled_geometry,11437,1,0.0,0.892398841097551,1.0,1,1
Wall,jepa_wm_wall,54,6,fidelity_constrained_shuffled_geometry__seed11437,fidelity_constrained_shuffled_geometry,11437,3,0.26133997006146936,0.7872820237905956,0.0,3,6
Wall,jepa_wm_wall,54,6,fidelity_constrained_shuffled_geometry__seed11437,fidelity_constrained_shuffled_geometry,11437,6,0.2353094206177578,0.8136378633354888,0.0,1,2
Wall,jepa_wm_wall,55,6,fidelity_constrained_shuffled_geometry__seed11437,fidelity_constrained_shuffled_geometry,11437,1,0.19210375265017246,0.8030591949053119,0.0,2,1
Wall,jepa_wm_wall,55,6,fidelity_constrained_shuffled_geometry__seed11437,fidelity_constrained_shuffled_geometry,11437,3,0.5554230187940988,0.7538659949555031,0.0,8,6
Wall,jepa_wm_wall,55,6,fidelity_constrained_shuffled_geometry__seed11437,fidelity_constrained_shuffled_geometry,11437,6,0.510367303771342,0.7932646280689143,0.0,1,2
Wall,jepa_wm_wall,8,1,fidelity_constrained_matched_geometry__seed11437,fidelity_constrained_matched_geometry,11437,1,0.0,0.964082766181482,1.0,2,2
Wall,jepa_wm_wall,8,1,fidelity_constrained_matched_geometry__seed11437,fidelity_constrained_matched_geometry,11437,3,0.08482373582968013,0.9642942800503995,0.0,5,4
Wall,jepa_wm_wall,8,1,fidelity_constrained_matched_geometry__seed11437,fidelity_constrained_matched_geometry,11437,6,0.0,0.9689262454590221,1.0,4,4
Wall,jepa_wm_wall,9,1,fidelity_constrained_matched_geometry__seed11437,fidelity_constrained_matched_geometry,11437,1,0.0,0.4729120734927978,1.0,1,1
Wall,jepa_wm_wall,9,1,fidelity_constrained_matched_geometry__seed11437,fidelity_constrained_matched_geometry,11437,3,0.15382484569233362,0.7328747020201637,0.0,4,1
Wall,jepa_wm_wall,9,1,fidelity_constrained_matched_geometry__seed11437,fidelity_constrained_matched_geometry,11437,6,0.09552012436264752,0.8029088203945521,0.0,4,2
Wall,jepa_wm_wall,10,1,fidelity_constrained_matched_geometry__seed11437,fidelity_constrained_matched_geometry,11437,1,0.0372770339782157,0.8859403809356717,0.0,3,1
Wall,jepa_wm_wall,10,1,fidelity_constrained_matched_geometry__seed11437,fidelity_constrained_matched_geometry,11437,3,0.0,0.9704758143586919,1.0,1,1
Wall,jepa_wm_wall,10,1,fidelity_constrained_matched_geometry__seed11437,fidelity_constrained_matched_geometry,11437,6,0.0,0.9959079800602231,1.0,1,1
Wall,jepa_wm_wall,11,1,fidelity_constrained_matched_geometry__seed11437,fidelity_constrained_matched_geometry,11437,1,0.0,0.9652867859219814,1.0,1,1
Wall,jepa_wm_wall,11,1,fidelity_constrained_matched_geometry__seed11437,fidelity_constrained_matched_geometry,11437,3,0.0,0.9416660948474376,1.0,1,1
Wall,jepa_wm_wall,11,1,fidelity_constrained_matched_geometry__seed11437,fidelity_constrained_matched_geometry,11437,6,0.0,0.9487657601054628,1.0,1,1
Wall,jepa_wm_wall,12,1,fidelity_constrained_matched_geometry__seed11437,fidelity_constrained_matched_geometry,11437,1,0.12456447628524758,0.8851665466462676,0.0,6,1
Wall,jepa_wm_wall,12,1,fidelity_constrained_matched_geometry__seed11437,fidelity_constrained_matched_geometry,11437,3,0.09665954609519713,0.8492387951427852,0.0,4,1
Wall,jepa_wm_wall,12,1,fidelity_constrained_matched_geometry__seed11437,fidelity_constrained_matched_geometry,11437,6,0.21116622450814518,0.6182734087067774,0.0,4,3
Wall,jepa_wm_wall,13,1,fidelity_constrained_matched_geometry__seed11437,fidelity_constrained_matched_geometry,11437,1,0.028695465844599356,0.9081721127304642,0.0,4,1
Wall,jepa_wm_wall,13,1,fidelity_constrained_matched_geometry__seed11437,fidelity_constrained_matched_geometry,11437,3,0.0,0.9697649507540667,1.0,4,4
Wall,jepa_wm_wall,13,1,fidelity_constrained_matched_geometry__seed11437,fidelity_constrained_matched_geometry,11437,6,0.0,0.8924841768588929,1.0,4,4
Wall,jepa_wm_wall,14,1,fidelity_constrained_matched_geometry__seed11437,fidelity_constrained_matched_geometry,11437,1,0.4265192405294919,0.7051829834588823,0.0,7,1
Wall,jepa_wm_wall,14,1,fidelity_constrained_matched_geometry__seed11437,fidelity_constrained_matched_geometry,11437,3,0.16386929049128993,0.8819704051029684,0.0,3,4
Wall,jepa_wm_wall,14,1,fidelity_constrained_matched_geometry__seed11437,fidelity_constrained_matched_geometry,11437,6,0.0,0.929023522934415,1.0,4,4
Wall,jepa_wm_wall,15,1,fidelity_constrained_matched_geometry__seed11437,fidelity_constrained_matched_geometry,11437,1,0.0,0.9642780278861783,1.0,1,1
Wall,jepa_wm_wall,15,1,fidelity_constrained_matched_geometry__seed11437,fidelity_constrained_matched_geometry,11437,3,0.27842786842107053,0.6183010940788733,0.0,8,5
Wall,jepa_wm_wall,15,1,fidelity_constrained_matched_geometry__seed11437,fidelity_constrained_matched_geometry,11437,6,0.02109195364658048,0.8192296591496728,0.0,4,2
Wall,jepa_wm_wall,16,2,fidelity_constrained_matched_geometry__seed11437,fidelity_constrained_matched_geometry,11437,1,0.0,0.9314267440894671,1.0,1,1
Wall,jepa_wm_wall,16,2,fidelity_constrained_matched_geometry__seed11437,fidelity_constrained_matched_geometry,11437,3,0.0780943539164202,0.9543145598337229,0.0,1,2
Wall,jepa_wm_wall,16,2,fidelity_constrained_matched_geometry__seed11437,fidelity_constrained_matched_geometry,11437,6,0.47836158155027136,0.6977584012544249,0.0,1,2
Wall,jepa_wm_wall,17,2,fidelity_constrained_matched_geometry__seed11437,fidelity_constrained_matched_geometry,11437,1,0.0,0.8779130950713511,1.0,1,1
Wall,jepa_wm_wall,17,2,fidelity_constrained_matched_geometry__seed11437,fidelity_constrained_matched_geometry,11437,3,0.0,0.8240910355385261,1.0,1,1
Wall,jepa_wm_wall,17,2,fidelity_constrained_matched_geometry__seed11437,fidelity_constrained_matched_geometry,11437,6,0.5173793022236458,0.6525795294119534,0.0,1,3
Wall,jepa_wm_wall,18,2,fidelity_constrained_matched_geometry__seed11437,fidelity_constrained_matched_geometry,11437,1,0.5769233520213718,0.6983574049327695,0.0,0,1
Wall,jepa_wm_wall,18,2,fidelity_constrained_matched_geometry__seed11437,fidelity_constrained_matched_geometry,11437,3,0.0,0.8129600676057374,1.0,1,1
Wall,jepa_wm_wall,18,2,fidelity_constrained_matched_geometry__seed11437,fidelity_constrained_matched_geometry,11437,6,0.079029886739769,0.9357988624014973,0.0,4,6
Wall,jepa_wm_wall,19,2,fidelity_constrained_matched_geometry__seed11437,fidelity_constrained_matched_geometry,11437,1,0.007615091005135686,0.8256504372067054,0.0,4,1
Wall,jepa_wm_wall,19,2,fidelity_constrained_matched_geometry__seed11437,fidelity_constrained_matched_geometry,11437,3,0.30787988273780015,0.8423880356797384,0.0,5,1
Wall,jepa_wm_wall,19,2,fidelity_constrained_matched_geometry__seed11437,fidelity_constrained_matched_geometry,11437,6,0.4811349945468107,0.7708416412809007,0.0,5,1
Wall,jepa_wm_wall,20,2,fidelity_constrained_matched_geometry__seed11437,fidelity_constrained_matched_geometry,11437,1,0.2428913623165946,0.8139356013397202,0.0,3,1
Wall,jepa_wm_wall,20,2,fidelity_constrained_matched_geometry__seed11437,fidelity_constrained_matched_geometry,11437,3,0.18914274310056906,0.7531700079260194,0.0,4,6
Wall,jepa_wm_wall,20,2,fidelity_constrained_matched_geometry__seed11437,fidelity_constrained_matched_geometry,11437,6,0.3477921036549551,0.6623963850936048,0.0,1,2
Wall,jepa_wm_wall,21,2,fidelity_constrained_matched_geometry__seed11437,fidelity_constrained_matched_geometry,11437,1,0.12442798164057622,0.4858409746024012,0.0,5,1
Wall,jepa_wm_wall,21,2,fidelity_constrained_matched_geometry__seed11437,fidelity_constrained_matched_geometry,11437,3,0.0,0.9127373071650978,1.0,1,1
Wall,jepa_wm_wall,21,2,fidelity_constrained_matched_geometry__seed11437,fidelity_constrained_matched_geometry,11437,6,0.48324186008832426,0.851235489922522,0.0,1,3
Wall,jepa_wm_wall,22,2,fidelity_constrained_matched_geometry__seed11437,fidelity_constrained_matched_geometry,11437,1,0.0,0.8390184706765882,1.0,1,1
Wall,jepa_wm_wall,22,2,fidelity_constrained_matched_geometry__seed11437,fidelity_constrained_matched_geometry,11437,3,0.0,0.8530481166944932,1.0,1,1
Wall,jepa_wm_wall,22,2,fidelity_constrained_matched_geometry__seed11437,fidelity_constrained_matched_geometry,11437,6,0.5449193421845129,0.6836954094364873,0.0,1,3
Wall,jepa_wm_wall,23,2,fidelity_constrained_matched_geometry__seed11437,fidelity_constrained_matched_geometry,11437,1,0.492815152927685,0.7713192459106756,0.0,8,1
Wall,jepa_wm_wall,23,2,fidelity_constrained_matched_geometry__seed11437,fidelity_constrained_matched_geometry,11437,3,0.08949224892228795,0.9471967671474096,0.0,1,4
Wall,jepa_wm_wall,23,2,fidelity_constrained_matched_geometry__seed11437,fidelity_constrained_matched_geometry,11437,6,0.3589817567214553,0.682103921613549,0.0,1,4
Wall,jepa_wm_wall,48,6,fidelity_constrained_matched_geometry__seed11437,fidelity_constrained_matched_geometry,11437,1,0.08016261345003133,0.7922520218130148,0.0,3,1
Wall,jepa_wm_wall,48,6,fidelity_constrained_matched_geometry__seed11437,fidelity_constrained_matched_geometry,11437,3,0.33885638302503224,0.8079052956530088,0.0,3,1
Wall,jepa_wm_wall,48,6,fidelity_constrained_matched_geometry__seed11437,fidelity_constrained_matched_geometry,11437,6,0.0,0.8867726347925294,1.0,1,1
Wall,jepa_wm_wall,49,6,fidelity_constrained_matched_geometry__seed11437,fidelity_constrained_matched_geometry,11437,1,0.08831945936215893,0.885382623563811,0.0,3,1
Wall,jepa_wm_wall,49,6,fidelity_constrained_matched_geometry__seed11437,fidelity_constrained_matched_geometry,11437,3,0.32867445135719997,0.6846289265952071,0.0,3,1
Wall,jepa_wm_wall,49,6,fidelity_constrained_matched_geometry__seed11437,fidelity_constrained_matched_geometry,11437,6,0.0,0.8877642618540647,1.0,1,1
Wall,jepa_wm_wall,50,6,fidelity_constrained_matched_geometry__seed11437,fidelity_constrained_matched_geometry,11437,1,0.054122212774885464,0.868517908229263,0.0,4,1
Wall,jepa_wm_wall,50,6,fidelity_constrained_matched_geometry__seed11437,fidelity_constrained_matched_geometry,11437,3,0.2031904442529546,0.8541147373493193,0.0,2,6
Wall,jepa_wm_wall,50,6,fidelity_constrained_matched_geometry__seed11437,fidelity_constrained_matched_geometry,11437,6,0.19405549575924055,0.8188388704679894,0.0,1,4
Wall,jepa_wm_wall,51,6,fidelity_constrained_matched_geometry__seed11437,fidelity_constrained_matched_geometry,11437,1,0.007931881484607411,0.9925589548992062,0.0,3,1
Wall,jepa_wm_wall,51,6,fidelity_constrained_matched_geometry__seed11437,fidelity_constrained_matched_geometry,11437,3,0.25084205680435046,0.8481676991009478,0.0,2,1
Wall,jepa_wm_wall,51,6,fidelity_constrained_matched_geometry__seed11437,fidelity_constrained_matched_geometry,11437,6,0.10901940817974191,0.8723725647553566,0.0,4,1
Wall,jepa_wm_wall,52,6,fidelity_constrained_matched_geometry__seed11437,fidelity_constrained_matched_geometry,11437,1,0.0,0.927699360427876,1.0,1,1
Wall,jepa_wm_wall,52,6,fidelity_constrained_matched_geometry__seed11437,fidelity_constrained_matched_geometry,11437,3,0.22841602334505987,0.7780388959580933,0.0,8,3
Wall,jepa_wm_wall,52,6,fidelity_constrained_matched_geometry__seed11437,fidelity_constrained_matched_geometry,11437,6,0.06992941723812081,0.8359829673152015,0.0,4,3
Wall,jepa_wm_wall,53,6,fidelity_constrained_matched_geometry__seed11437,fidelity_constrained_matched_geometry,11437,1,0.4488210939174718,0.5340135745569037,0.0,8,1
Wall,jepa_wm_wall,53,6,fidelity_constrained_matched_geometry__seed11437,fidelity_constrained_matched_geometry,11437,3,0.1509488568966722,0.8979699807584904,0.0,2,4
Wall,jepa_wm_wall,53,6,fidelity_constrained_matched_geometry__seed11437,fidelity_constrained_matched_geometry,11437,6,0.09643994244758064,0.875771414059699,0.0,1,4
Wall,jepa_wm_wall,54,6,fidelity_constrained_matched_geometry__seed11437,fidelity_constrained_matched_geometry,11437,1,0.05970364125007021,0.8866395358210848,0.0,4,1
Wall,jepa_wm_wall,54,6,fidelity_constrained_matched_geometry__seed11437,fidelity_constrained_matched_geometry,11437,3,0.29411612172776747,0.8158819704179963,0.0,1,6
Wall,jepa_wm_wall,54,6,fidelity_constrained_matched_geometry__seed11437,fidelity_constrained_matched_geometry,11437,6,0.2353094206177578,0.8136443850700975,0.0,1,2
Wall,jepa_wm_wall,55,6,fidelity_constrained_matched_geometry__seed11437,fidelity_constrained_matched_geometry,11437,1,0.19210375265017246,0.8309601046056091,0.0,2,1
Wall,jepa_wm_wall,55,6,fidelity_constrained_matched_geometry__seed11437,fidelity_constrained_matched_geometry,11437,3,0.5554230187940988,0.7438456611656887,0.0,8,6
Wall,jepa_wm_wall,55,6,fidelity_constrained_matched_geometry__seed11437,fidelity_constrained_matched_geometry,11437,6,0.510367303771342,0.8116433241536523,0.0,1,2
