environment,model,state_id,task_id,method,variant,adaptation_seed,projection_seed,horizon,whitened_geometry_rmse
PushT,jepa_wm_pusht,8,1,frozen,frozen,-1,15001,1,0.976044984000525
PushT,jepa_wm_pusht,8,1,frozen,frozen,-1,15001,3,0.8578299782374899
PushT,jepa_wm_pusht,8,1,frozen,frozen,-1,15001,6,0.7907298598604706
PushT,jepa_wm_pusht,9,1,frozen,frozen,-1,15001,1,1.1709819525932688
PushT,jepa_wm_pusht,9,1,frozen,frozen,-1,15001,3,0.9361689367345283
PushT,jepa_wm_pusht,9,1,frozen,frozen,-1,15001,6,0.8689102263577568
PushT,jepa_wm_pusht,10,1,frozen,frozen,-1,15001,1,1.452050544438942
PushT,jepa_wm_pusht,10,1,frozen,frozen,-1,15001,3,1.1643791848711846
PushT,jepa_wm_pusht,10,1,frozen,frozen,-1,15001,6,1.0904536620791296
PushT,jepa_wm_pusht,11,1,frozen,frozen,-1,15001,1,1.4933491843079583
PushT,jepa_wm_pusht,11,1,frozen,frozen,-1,15001,3,0.8960791082582387
PushT,jepa_wm_pusht,11,1,frozen,frozen,-1,15001,6,0.8895165658346462
PushT,jepa_wm_pusht,12,1,frozen,frozen,-1,15001,1,1.173650126055401
PushT,jepa_wm_pusht,12,1,frozen,frozen,-1,15001,3,0.880304213505641
PushT,jepa_wm_pusht,12,1,frozen,frozen,-1,15001,6,0.7567030782477608
PushT,jepa_wm_pusht,13,1,frozen,frozen,-1,15001,1,1.2784422023831634
PushT,jepa_wm_pusht,13,1,frozen,frozen,-1,15001,3,0.8805899484201425
PushT,jepa_wm_pusht,13,1,frozen,frozen,-1,15001,6,0.8039396614314563
PushT,jepa_wm_pusht,14,1,frozen,frozen,-1,15001,1,0.48855878126283303
PushT,jepa_wm_pusht,14,1,frozen,frozen,-1,15001,3,0.6094585956086589
PushT,jepa_wm_pusht,14,1,frozen,frozen,-1,15001,6,0.7355419872456787
PushT,jepa_wm_pusht,15,1,frozen,frozen,-1,15001,1,0.5631917512152781
PushT,jepa_wm_pusht,15,1,frozen,frozen,-1,15001,3,0.719159423243449
PushT,jepa_wm_pusht,15,1,frozen,frozen,-1,15001,6,0.7610603849320827
PushT,jepa_wm_pusht,16,2,frozen,frozen,-1,15001,1,1.334945848197396
PushT,jepa_wm_pusht,16,2,frozen,frozen,-1,15001,3,1.1042662797737441
PushT,jepa_wm_pusht,16,2,frozen,frozen,-1,15001,6,1.0940143851209192
PushT,jepa_wm_pusht,17,2,frozen,frozen,-1,15001,1,0.6449850973071259
PushT,jepa_wm_pusht,17,2,frozen,frozen,-1,15001,3,0.8388974420351561
PushT,jepa_wm_pusht,17,2,frozen,frozen,-1,15001,6,0.8522993224469263
PushT,jepa_wm_pusht,18,2,frozen,frozen,-1,15001,1,0.5545992214222782
PushT,jepa_wm_pusht,18,2,frozen,frozen,-1,15001,3,0.650502713581379
PushT,jepa_wm_pusht,18,2,frozen,frozen,-1,15001,6,0.7555546605389879
PushT,jepa_wm_pusht,19,2,frozen,frozen,-1,15001,1,0.776325612025991
PushT,jepa_wm_pusht,19,2,frozen,frozen,-1,15001,3,0.6852945826352251
PushT,jepa_wm_pusht,19,2,frozen,frozen,-1,15001,6,0.6716265971943671
PushT,jepa_wm_pusht,20,2,frozen,frozen,-1,15001,1,1.0367402772028391
PushT,jepa_wm_pusht,20,2,frozen,frozen,-1,15001,3,0.77902625835239
PushT,jepa_wm_pusht,20,2,frozen,frozen,-1,15001,6,0.8743380145833226
PushT,jepa_wm_pusht,21,2,frozen,frozen,-1,15001,1,0.6194161488131107
PushT,jepa_wm_pusht,21,2,frozen,frozen,-1,15001,3,0.8097301699908055
PushT,jepa_wm_pusht,21,2,frozen,frozen,-1,15001,6,0.8718140315864696
PushT,jepa_wm_pusht,22,2,frozen,frozen,-1,15001,1,0.7080029027244971
PushT,jepa_wm_pusht,22,2,frozen,frozen,-1,15001,3,0.8809033726158749
PushT,jepa_wm_pusht,22,2,frozen,frozen,-1,15001,6,0.804150851930922
PushT,jepa_wm_pusht,23,2,frozen,frozen,-1,15001,1,0.8780413426907131
PushT,jepa_wm_pusht,23,2,frozen,frozen,-1,15001,3,0.6269272492058352
PushT,jepa_wm_pusht,23,2,frozen,frozen,-1,15001,6,0.6860725874258841
PushT,jepa_wm_pusht,48,6,frozen,frozen,-1,15001,1,1.6147905106943212
PushT,jepa_wm_pusht,48,6,frozen,frozen,-1,15001,3,0.8393118700202342
PushT,jepa_wm_pusht,48,6,frozen,frozen,-1,15001,6,0.7896308138083039
PushT,jepa_wm_pusht,49,6,frozen,frozen,-1,15001,1,1.2439866517412699
PushT,jepa_wm_pusht,49,6,frozen,frozen,-1,15001,3,0.801830878654213
PushT,jepa_wm_pusht,49,6,frozen,frozen,-1,15001,6,0.7008377329973755
PushT,jepa_wm_pusht,50,6,frozen,frozen,-1,15001,1,1.072965319733613
PushT,jepa_wm_pusht,50,6,frozen,frozen,-1,15001,3,0.8253669527498566
PushT,jepa_wm_pusht,50,6,frozen,frozen,-1,15001,6,0.9984302552315424
PushT,jepa_wm_pusht,51,6,frozen,frozen,-1,15001,1,1.167302451706729
PushT,jepa_wm_pusht,51,6,frozen,frozen,-1,15001,3,0.7602226505264931
PushT,jepa_wm_pusht,51,6,frozen,frozen,-1,15001,6,0.6718320336231244
PushT,jepa_wm_pusht,52,6,frozen,frozen,-1,15001,1,0.7301955707026114
PushT,jepa_wm_pusht,52,6,frozen,frozen,-1,15001,3,0.6661643750257839
PushT,jepa_wm_pusht,52,6,frozen,frozen,-1,15001,6,0.6776553835533871
PushT,jepa_wm_pusht,53,6,frozen,frozen,-1,15001,1,1.0206659910397098
PushT,jepa_wm_pusht,53,6,frozen,frozen,-1,15001,3,0.7083346922331663
PushT,jepa_wm_pusht,53,6,frozen,frozen,-1,15001,6,0.7886074524020925
PushT,jepa_wm_pusht,54,6,frozen,frozen,-1,15001,1,1.5594725431178804
PushT,jepa_wm_pusht,54,6,frozen,frozen,-1,15001,3,1.1811721347682527
PushT,jepa_wm_pusht,54,6,frozen,frozen,-1,15001,6,1.211423477347338
PushT,jepa_wm_pusht,55,6,frozen,frozen,-1,15001,1,0.7243063742951485
PushT,jepa_wm_pusht,55,6,frozen,frozen,-1,15001,3,0.7822282383180558
PushT,jepa_wm_pusht,55,6,frozen,frozen,-1,15001,6,0.7436003114799692
PushT,jepa_wm_pusht,8,1,fidelity_constrained_latent_only,fidelity_constrained_latent_only__seed11401,11401,15001,1,0.9700192905843913
PushT,jepa_wm_pusht,8,1,fidelity_constrained_latent_only,fidelity_constrained_latent_only__seed11401,11401,15001,3,0.8190949495753037
PushT,jepa_wm_pusht,8,1,fidelity_constrained_latent_only,fidelity_constrained_latent_only__seed11401,11401,15001,6,0.7107671461656114
PushT,jepa_wm_pusht,9,1,fidelity_constrained_latent_only,fidelity_constrained_latent_only__seed11401,11401,15001,1,1.190511990178083
PushT,jepa_wm_pusht,9,1,fidelity_constrained_latent_only,fidelity_constrained_latent_only__seed11401,11401,15001,3,0.9127172096539644
PushT,jepa_wm_pusht,9,1,fidelity_constrained_latent_only,fidelity_constrained_latent_only__seed11401,11401,15001,6,0.7863623510709133
PushT,jepa_wm_pusht,10,1,fidelity_constrained_latent_only,fidelity_constrained_latent_only__seed11401,11401,15001,1,1.415974254477724
PushT,jepa_wm_pusht,10,1,fidelity_constrained_latent_only,fidelity_constrained_latent_only__seed11401,11401,15001,3,1.1534859830527995
PushT,jepa_wm_pusht,10,1,fidelity_constrained_latent_only,fidelity_constrained_latent_only__seed11401,11401,15001,6,1.0866433229009937
PushT,jepa_wm_pusht,11,1,fidelity_constrained_latent_only,fidelity_constrained_latent_only__seed11401,11401,15001,1,1.4843780101095103
PushT,jepa_wm_pusht,11,1,fidelity_constrained_latent_only,fidelity_constrained_latent_only__seed11401,11401,15001,3,0.9182738901953791
PushT,jepa_wm_pusht,11,1,fidelity_constrained_latent_only,fidelity_constrained_latent_only__seed11401,11401,15001,6,0.8833432564422441
PushT,jepa_wm_pusht,12,1,fidelity_constrained_latent_only,fidelity_constrained_latent_only__seed11401,11401,15001,1,1.1942451720123755
PushT,jepa_wm_pusht,12,1,fidelity_constrained_latent_only,fidelity_constrained_latent_only__seed11401,11401,15001,3,0.8820716534193966
PushT,jepa_wm_pusht,12,1,fidelity_constrained_latent_only,fidelity_constrained_latent_only__seed11401,11401,15001,6,0.7891390958719892
PushT,jepa_wm_pusht,13,1,fidelity_constrained_latent_only,fidelity_constrained_latent_only__seed11401,11401,15001,1,1.2578785555134993
PushT,jepa_wm_pusht,13,1,fidelity_constrained_latent_only,fidelity_constrained_latent_only__seed11401,11401,15001,3,0.8330599051544157
PushT,jepa_wm_pusht,13,1,fidelity_constrained_latent_only,fidelity_constrained_latent_only__seed11401,11401,15001,6,0.7729477287497907
PushT,jepa_wm_pusht,14,1,fidelity_constrained_latent_only,fidelity_constrained_latent_only__seed11401,11401,15001,1,0.4885766227374528
PushT,jepa_wm_pusht,14,1,fidelity_constrained_latent_only,fidelity_constrained_latent_only__seed11401,11401,15001,3,0.594923801262421
PushT,jepa_wm_pusht,14,1,fidelity_constrained_latent_only,fidelity_constrained_latent_only__seed11401,11401,15001,6,0.6420494234456149
PushT,jepa_wm_pusht,15,1,fidelity_constrained_latent_only,fidelity_constrained_latent_only__seed11401,11401,15001,1,0.5736581769800899
PushT,jepa_wm_pusht,15,1,fidelity_constrained_latent_only,fidelity_constrained_latent_only__seed11401,11401,15001,3,0.703771887261804
PushT,jepa_wm_pusht,15,1,fidelity_constrained_latent_only,fidelity_constrained_latent_only__seed11401,11401,15001,6,0.6966948174197107
PushT,jepa_wm_pusht,16,2,fidelity_constrained_latent_only,fidelity_constrained_latent_only__seed11401,11401,15001,1,1.3077503237105763
PushT,jepa_wm_pusht,16,2,fidelity_constrained_latent_only,fidelity_constrained_latent_only__seed11401,11401,15001,3,1.0469540777050328
PushT,jepa_wm_pusht,16,2,fidelity_constrained_latent_only,fidelity_constrained_latent_only__seed11401,11401,15001,6,1.0174052978130788
PushT,jepa_wm_pusht,17,2,fidelity_constrained_latent_only,fidelity_constrained_latent_only__seed11401,11401,15001,1,0.6338659781101935
PushT,jepa_wm_pusht,17,2,fidelity_constrained_latent_only,fidelity_constrained_latent_only__seed11401,11401,15001,3,0.8230512480650346
PushT,jepa_wm_pusht,17,2,fidelity_constrained_latent_only,fidelity_constrained_latent_only__seed11401,11401,15001,6,0.8189988280562462
PushT,jepa_wm_pusht,18,2,fidelity_constrained_latent_only,fidelity_constrained_latent_only__seed11401,11401,15001,1,0.5562760801135408
PushT,jepa_wm_pusht,18,2,fidelity_constrained_latent_only,fidelity_constrained_latent_only__seed11401,11401,15001,3,0.6361334442404941
PushT,jepa_wm_pusht,18,2,fidelity_constrained_latent_only,fidelity_constrained_latent_only__seed11401,11401,15001,6,0.6777061811623611
PushT,jepa_wm_pusht,19,2,fidelity_constrained_latent_only,fidelity_constrained_latent_only__seed11401,11401,15001,1,0.7861036177665512
PushT,jepa_wm_pusht,19,2,fidelity_constrained_latent_only,fidelity_constrained_latent_only__seed11401,11401,15001,3,0.6638603772214664
PushT,jepa_wm_pusht,19,2,fidelity_constrained_latent_only,fidelity_constrained_latent_only__seed11401,11401,15001,6,0.6298534650068311
PushT,jepa_wm_pusht,20,2,fidelity_constrained_latent_only,fidelity_constrained_latent_only__seed11401,11401,15001,1,1.0229890617624104
PushT,jepa_wm_pusht,20,2,fidelity_constrained_latent_only,fidelity_constrained_latent_only__seed11401,11401,15001,3,0.7558201813455511
PushT,jepa_wm_pusht,20,2,fidelity_constrained_latent_only,fidelity_constrained_latent_only__seed11401,11401,15001,6,0.7916841922732517
PushT,jepa_wm_pusht,21,2,fidelity_constrained_latent_only,fidelity_constrained_latent_only__seed11401,11401,15001,1,0.6114111521496011
PushT,jepa_wm_pusht,21,2,fidelity_constrained_latent_only,fidelity_constrained_latent_only__seed11401,11401,15001,3,0.7776175849196987
PushT,jepa_wm_pusht,21,2,fidelity_constrained_latent_only,fidelity_constrained_latent_only__seed11401,11401,15001,6,0.7964813343590915
PushT,jepa_wm_pusht,22,2,fidelity_constrained_latent_only,fidelity_constrained_latent_only__seed11401,11401,15001,1,0.6761442037297734
PushT,jepa_wm_pusht,22,2,fidelity_constrained_latent_only,fidelity_constrained_latent_only__seed11401,11401,15001,3,0.8388730586840322
PushT,jepa_wm_pusht,22,2,fidelity_constrained_latent_only,fidelity_constrained_latent_only__seed11401,11401,15001,6,0.7165050652729721
PushT,jepa_wm_pusht,23,2,fidelity_constrained_latent_only,fidelity_constrained_latent_only__seed11401,11401,15001,1,0.8645177277127829
PushT,jepa_wm_pusht,23,2,fidelity_constrained_latent_only,fidelity_constrained_latent_only__seed11401,11401,15001,3,0.6159748863012974
PushT,jepa_wm_pusht,23,2,fidelity_constrained_latent_only,fidelity_constrained_latent_only__seed11401,11401,15001,6,0.6692684832303295
PushT,jepa_wm_pusht,48,6,fidelity_constrained_latent_only,fidelity_constrained_latent_only__seed11401,11401,15001,1,1.6004017744658319
PushT,jepa_wm_pusht,48,6,fidelity_constrained_latent_only,fidelity_constrained_latent_only__seed11401,11401,15001,3,0.8584608492448507
PushT,jepa_wm_pusht,48,6,fidelity_constrained_latent_only,fidelity_constrained_latent_only__seed11401,11401,15001,6,0.7786139553336482
PushT,jepa_wm_pusht,49,6,fidelity_constrained_latent_only,fidelity_constrained_latent_only__seed11401,11401,15001,1,1.2250445060217128
PushT,jepa_wm_pusht,49,6,fidelity_constrained_latent_only,fidelity_constrained_latent_only__seed11401,11401,15001,3,0.7928068680013908
PushT,jepa_wm_pusht,49,6,fidelity_constrained_latent_only,fidelity_constrained_latent_only__seed11401,11401,15001,6,0.6295140136563411
PushT,jepa_wm_pusht,50,6,fidelity_constrained_latent_only,fidelity_constrained_latent_only__seed11401,11401,15001,1,1.0614196711842492
PushT,jepa_wm_pusht,50,6,fidelity_constrained_latent_only,fidelity_constrained_latent_only__seed11401,11401,15001,3,0.7962589136152375
PushT,jepa_wm_pusht,50,6,fidelity_constrained_latent_only,fidelity_constrained_latent_only__seed11401,11401,15001,6,0.8678735525096926
PushT,jepa_wm_pusht,51,6,fidelity_constrained_latent_only,fidelity_constrained_latent_only__seed11401,11401,15001,1,1.1772203265640873
PushT,jepa_wm_pusht,51,6,fidelity_constrained_latent_only,fidelity_constrained_latent_only__seed11401,11401,15001,3,0.7814880358226398
PushT,jepa_wm_pusht,51,6,fidelity_constrained_latent_only,fidelity_constrained_latent_only__seed11401,11401,15001,6,0.6862906967694314
PushT,jepa_wm_pusht,52,6,fidelity_constrained_latent_only,fidelity_constrained_latent_only__seed11401,11401,15001,1,0.6942573972875145
PushT,jepa_wm_pusht,52,6,fidelity_constrained_latent_only,fidelity_constrained_latent_only__seed11401,11401,15001,3,0.6561282196524656
PushT,jepa_wm_pusht,52,6,fidelity_constrained_latent_only,fidelity_constrained_latent_only__seed11401,11401,15001,6,0.6585004432273311
PushT,jepa_wm_pusht,53,6,fidelity_constrained_latent_only,fidelity_constrained_latent_only__seed11401,11401,15001,1,1.0112482148831703
PushT,jepa_wm_pusht,53,6,fidelity_constrained_latent_only,fidelity_constrained_latent_only__seed11401,11401,15001,3,0.6929558455310767
PushT,jepa_wm_pusht,53,6,fidelity_constrained_latent_only,fidelity_constrained_latent_only__seed11401,11401,15001,6,0.7413499754814256
PushT,jepa_wm_pusht,54,6,fidelity_constrained_latent_only,fidelity_constrained_latent_only__seed11401,11401,15001,1,1.5771980612402927
PushT,jepa_wm_pusht,54,6,fidelity_constrained_latent_only,fidelity_constrained_latent_only__seed11401,11401,15001,3,1.1792094929241606
PushT,jepa_wm_pusht,54,6,fidelity_constrained_latent_only,fidelity_constrained_latent_only__seed11401,11401,15001,6,1.196533563013115
PushT,jepa_wm_pusht,55,6,fidelity_constrained_latent_only,fidelity_constrained_latent_only__seed11401,11401,15001,1,0.7122440919102699
PushT,jepa_wm_pusht,55,6,fidelity_constrained_latent_only,fidelity_constrained_latent_only__seed11401,11401,15001,3,0.8193383083131641
PushT,jepa_wm_pusht,55,6,fidelity_constrained_latent_only,fidelity_constrained_latent_only__seed11401,11401,15001,6,0.7320018212634136
PushT,jepa_wm_pusht,8,1,fidelity_constrained_shuffled_geometry,fidelity_constrained_shuffled_geometry__seed11401,11401,15001,1,0.9756169241857099
PushT,jepa_wm_pusht,8,1,fidelity_constrained_shuffled_geometry,fidelity_constrained_shuffled_geometry__seed11401,11401,15001,3,0.8506805896522553
PushT,jepa_wm_pusht,8,1,fidelity_constrained_shuffled_geometry,fidelity_constrained_shuffled_geometry__seed11401,11401,15001,6,0.7614170290251532
PushT,jepa_wm_pusht,9,1,fidelity_constrained_shuffled_geometry,fidelity_constrained_shuffled_geometry__seed11401,11401,15001,1,1.2127635377604165
PushT,jepa_wm_pusht,9,1,fidelity_constrained_shuffled_geometry,fidelity_constrained_shuffled_geometry__seed11401,11401,15001,3,0.9349650550253847
PushT,jepa_wm_pusht,9,1,fidelity_constrained_shuffled_geometry,fidelity_constrained_shuffled_geometry__seed11401,11401,15001,6,0.7918212662727885
PushT,jepa_wm_pusht,10,1,fidelity_constrained_shuffled_geometry,fidelity_constrained_shuffled_geometry__seed11401,11401,15001,1,1.4224994350544755
PushT,jepa_wm_pusht,10,1,fidelity_constrained_shuffled_geometry,fidelity_constrained_shuffled_geometry__seed11401,11401,15001,3,1.164376629986909
PushT,jepa_wm_pusht,10,1,fidelity_constrained_shuffled_geometry,fidelity_constrained_shuffled_geometry__seed11401,11401,15001,6,1.0808224342909782
PushT,jepa_wm_pusht,11,1,fidelity_constrained_shuffled_geometry,fidelity_constrained_shuffled_geometry__seed11401,11401,15001,1,1.5038392574301764
PushT,jepa_wm_pusht,11,1,fidelity_constrained_shuffled_geometry,fidelity_constrained_shuffled_geometry__seed11401,11401,15001,3,0.868403779901991
PushT,jepa_wm_pusht,11,1,fidelity_constrained_shuffled_geometry,fidelity_constrained_shuffled_geometry__seed11401,11401,15001,6,0.8917425877598365
PushT,jepa_wm_pusht,12,1,fidelity_constrained_shuffled_geometry,fidelity_constrained_shuffled_geometry__seed11401,11401,15001,1,1.1810382816688458
PushT,jepa_wm_pusht,12,1,fidelity_constrained_shuffled_geometry,fidelity_constrained_shuffled_geometry__seed11401,11401,15001,3,0.854400006876279
PushT,jepa_wm_pusht,12,1,fidelity_constrained_shuffled_geometry,fidelity_constrained_shuffled_geometry__seed11401,11401,15001,6,0.7478787160660024
PushT,jepa_wm_pusht,13,1,fidelity_constrained_shuffled_geometry,fidelity_constrained_shuffled_geometry__seed11401,11401,15001,1,1.3022327937431422
PushT,jepa_wm_pusht,13,1,fidelity_constrained_shuffled_geometry,fidelity_constrained_shuffled_geometry__seed11401,11401,15001,3,0.8873796754436655
PushT,jepa_wm_pusht,13,1,fidelity_constrained_shuffled_geometry,fidelity_constrained_shuffled_geometry__seed11401,11401,15001,6,0.816602508599969
PushT,jepa_wm_pusht,14,1,fidelity_constrained_shuffled_geometry,fidelity_constrained_shuffled_geometry__seed11401,11401,15001,1,0.48482864653532
PushT,jepa_wm_pusht,14,1,fidelity_constrained_shuffled_geometry,fidelity_constrained_shuffled_geometry__seed11401,11401,15001,3,0.6551085161301273
PushT,jepa_wm_pusht,14,1,fidelity_constrained_shuffled_geometry,fidelity_constrained_shuffled_geometry__seed11401,11401,15001,6,0.6769317214593346
PushT,jepa_wm_pusht,15,1,fidelity_constrained_shuffled_geometry,fidelity_constrained_shuffled_geometry__seed11401,11401,15001,1,0.5765728349491784
PushT,jepa_wm_pusht,15,1,fidelity_constrained_shuffled_geometry,fidelity_constrained_shuffled_geometry__seed11401,11401,15001,3,0.7895763546779224
PushT,jepa_wm_pusht,15,1,fidelity_constrained_shuffled_geometry,fidelity_constrained_shuffled_geometry__seed11401,11401,15001,6,0.7558086162814862
PushT,jepa_wm_pusht,16,2,fidelity_constrained_shuffled_geometry,fidelity_constrained_shuffled_geometry__seed11401,11401,15001,1,1.315363468082072
PushT,jepa_wm_pusht,16,2,fidelity_constrained_shuffled_geometry,fidelity_constrained_shuffled_geometry__seed11401,11401,15001,3,1.056632363008783
PushT,jepa_wm_pusht,16,2,fidelity_constrained_shuffled_geometry,fidelity_constrained_shuffled_geometry__seed11401,11401,15001,6,1.0254151704602539
PushT,jepa_wm_pusht,17,2,fidelity_constrained_shuffled_geometry,fidelity_constrained_shuffled_geometry__seed11401,11401,15001,1,0.6496167735484639
PushT,jepa_wm_pusht,17,2,fidelity_constrained_shuffled_geometry,fidelity_constrained_shuffled_geometry__seed11401,11401,15001,3,0.8505458932880214
PushT,jepa_wm_pusht,17,2,fidelity_constrained_shuffled_geometry,fidelity_constrained_shuffled_geometry__seed11401,11401,15001,6,0.7819556822235664
PushT,jepa_wm_pusht,18,2,fidelity_constrained_shuffled_geometry,fidelity_constrained_shuffled_geometry__seed11401,11401,15001,1,0.5816164634540548
PushT,jepa_wm_pusht,18,2,fidelity_constrained_shuffled_geometry,fidelity_constrained_shuffled_geometry__seed11401,11401,15001,3,0.6897277067495043
PushT,jepa_wm_pusht,18,2,fidelity_constrained_shuffled_geometry,fidelity_constrained_shuffled_geometry__seed11401,11401,15001,6,0.7466113977564789
PushT,jepa_wm_pusht,19,2,fidelity_constrained_shuffled_geometry,fidelity_constrained_shuffled_geometry__seed11401,11401,15001,1,0.7984966291374699
PushT,jepa_wm_pusht,19,2,fidelity_constrained_shuffled_geometry,fidelity_constrained_shuffled_geometry__seed11401,11401,15001,3,0.7071061583553079
PushT,jepa_wm_pusht,19,2,fidelity_constrained_shuffled_geometry,fidelity_constrained_shuffled_geometry__seed11401,11401,15001,6,0.6833510360000421
PushT,jepa_wm_pusht,20,2,fidelity_constrained_shuffled_geometry,fidelity_constrained_shuffled_geometry__seed11401,11401,15001,1,1.051524932263867
PushT,jepa_wm_pusht,20,2,fidelity_constrained_shuffled_geometry,fidelity_constrained_shuffled_geometry__seed11401,11401,15001,3,0.8066335396419962
PushT,jepa_wm_pusht,20,2,fidelity_constrained_shuffled_geometry,fidelity_constrained_shuffled_geometry__seed11401,11401,15001,6,0.8306079558508985
PushT,jepa_wm_pusht,21,2,fidelity_constrained_shuffled_geometry,fidelity_constrained_shuffled_geometry__seed11401,11401,15001,1,0.6150813102001088
PushT,jepa_wm_pusht,21,2,fidelity_constrained_shuffled_geometry,fidelity_constrained_shuffled_geometry__seed11401,11401,15001,3,0.8239132710035981
PushT,jepa_wm_pusht,21,2,fidelity_constrained_shuffled_geometry,fidelity_constrained_shuffled_geometry__seed11401,11401,15001,6,0.8588213069631399
PushT,jepa_wm_pusht,22,2,fidelity_constrained_shuffled_geometry,fidelity_constrained_shuffled_geometry__seed11401,11401,15001,1,0.6538701638624067
PushT,jepa_wm_pusht,22,2,fidelity_constrained_shuffled_geometry,fidelity_constrained_shuffled_geometry__seed11401,11401,15001,3,0.8719111213377453
PushT,jepa_wm_pusht,22,2,fidelity_constrained_shuffled_geometry,fidelity_constrained_shuffled_geometry__seed11401,11401,15001,6,0.7573257969997081
PushT,jepa_wm_pusht,23,2,fidelity_constrained_shuffled_geometry,fidelity_constrained_shuffled_geometry__seed11401,11401,15001,1,0.9162698314083094
PushT,jepa_wm_pusht,23,2,fidelity_constrained_shuffled_geometry,fidelity_constrained_shuffled_geometry__seed11401,11401,15001,3,0.6702809217762035
PushT,jepa_wm_pusht,23,2,fidelity_constrained_shuffled_geometry,fidelity_constrained_shuffled_geometry__seed11401,11401,15001,6,0.7688674112040987
PushT,jepa_wm_pusht,48,6,fidelity_constrained_shuffled_geometry,fidelity_constrained_shuffled_geometry__seed11401,11401,15001,1,1.6134609303057743
PushT,jepa_wm_pusht,48,6,fidelity_constrained_shuffled_geometry,fidelity_constrained_shuffled_geometry__seed11401,11401,15001,3,0.8458576354508037
PushT,jepa_wm_pusht,48,6,fidelity_constrained_shuffled_geometry,fidelity_constrained_shuffled_geometry__seed11401,11401,15001,6,0.7872795023862116
PushT,jepa_wm_pusht,49,6,fidelity_constrained_shuffled_geometry,fidelity_constrained_shuffled_geometry__seed11401,11401,15001,1,1.25426062720698
PushT,jepa_wm_pusht,49,6,fidelity_constrained_shuffled_geometry,fidelity_constrained_shuffled_geometry__seed11401,11401,15001,3,0.8310098449703605
PushT,jepa_wm_pusht,49,6,fidelity_constrained_shuffled_geometry,fidelity_constrained_shuffled_geometry__seed11401,11401,15001,6,0.6861693954081963
PushT,jepa_wm_pusht,50,6,fidelity_constrained_shuffled_geometry,fidelity_constrained_shuffled_geometry__seed11401,11401,15001,1,1.103378471253006
PushT,jepa_wm_pusht,50,6,fidelity_constrained_shuffled_geometry,fidelity_constrained_shuffled_geometry__seed11401,11401,15001,3,0.853222395921336
PushT,jepa_wm_pusht,50,6,fidelity_constrained_shuffled_geometry,fidelity_constrained_shuffled_geometry__seed11401,11401,15001,6,1.0595480770903312
PushT,jepa_wm_pusht,51,6,fidelity_constrained_shuffled_geometry,fidelity_constrained_shuffled_geometry__seed11401,11401,15001,1,1.2261472269971894
PushT,jepa_wm_pusht,51,6,fidelity_constrained_shuffled_geometry,fidelity_constrained_shuffled_geometry__seed11401,11401,15001,3,0.8139425776338075
PushT,jepa_wm_pusht,51,6,fidelity_constrained_shuffled_geometry,fidelity_constrained_shuffled_geometry__seed11401,11401,15001,6,0.8131071484487344
PushT,jepa_wm_pusht,52,6,fidelity_constrained_shuffled_geometry,fidelity_constrained_shuffled_geometry__seed11401,11401,15001,1,0.688578811580742
PushT,jepa_wm_pusht,52,6,fidelity_constrained_shuffled_geometry,fidelity_constrained_shuffled_geometry__seed11401,11401,15001,3,0.7539763555964937
PushT,jepa_wm_pusht,52,6,fidelity_constrained_shuffled_geometry,fidelity_constrained_shuffled_geometry__seed11401,11401,15001,6,0.7469610245601352
PushT,jepa_wm_pusht,53,6,fidelity_constrained_shuffled_geometry,fidelity_constrained_shuffled_geometry__seed11401,11401,15001,1,1.0064827966898853
PushT,jepa_wm_pusht,53,6,fidelity_constrained_shuffled_geometry,fidelity_constrained_shuffled_geometry__seed11401,11401,15001,3,0.7424796087865778
PushT,jepa_wm_pusht,53,6,fidelity_constrained_shuffled_geometry,fidelity_constrained_shuffled_geometry__seed11401,11401,15001,6,0.7976170943463227
PushT,jepa_wm_pusht,54,6,fidelity_constrained_shuffled_geometry,fidelity_constrained_shuffled_geometry__seed11401,11401,15001,1,1.539405800700482
PushT,jepa_wm_pusht,54,6,fidelity_constrained_shuffled_geometry,fidelity_constrained_shuffled_geometry__seed11401,11401,15001,3,1.1558204254437094
PushT,jepa_wm_pusht,54,6,fidelity_constrained_shuffled_geometry,fidelity_constrained_shuffled_geometry__seed11401,11401,15001,6,1.1609122190625965
PushT,jepa_wm_pusht,55,6,fidelity_constrained_shuffled_geometry,fidelity_constrained_shuffled_geometry__seed11401,11401,15001,1,0.7269640958177264
PushT,jepa_wm_pusht,55,6,fidelity_constrained_shuffled_geometry,fidelity_constrained_shuffled_geometry__seed11401,11401,15001,3,0.841257099966609
PushT,jepa_wm_pusht,55,6,fidelity_constrained_shuffled_geometry,fidelity_constrained_shuffled_geometry__seed11401,11401,15001,6,0.7245860706611391
PushT,jepa_wm_pusht,8,1,fidelity_constrained_matched_geometry,fidelity_constrained_matched_geometry__seed11401,11401,15001,1,0.9690416094863142
PushT,jepa_wm_pusht,8,1,fidelity_constrained_matched_geometry,fidelity_constrained_matched_geometry__seed11401,11401,15001,3,0.8127297713224129
PushT,jepa_wm_pusht,8,1,fidelity_constrained_matched_geometry,fidelity_constrained_matched_geometry__seed11401,11401,15001,6,0.6997935483277063
PushT,jepa_wm_pusht,9,1,fidelity_constrained_matched_geometry,fidelity_constrained_matched_geometry__seed11401,11401,15001,1,1.1932282647784642
PushT,jepa_wm_pusht,9,1,fidelity_constrained_matched_geometry,fidelity_constrained_matched_geometry__seed11401,11401,15001,3,0.8841712308021777
PushT,jepa_wm_pusht,9,1,fidelity_constrained_matched_geometry,fidelity_constrained_matched_geometry__seed11401,11401,15001,6,0.7494214164816781
PushT,jepa_wm_pusht,10,1,fidelity_constrained_matched_geometry,fidelity_constrained_matched_geometry__seed11401,11401,15001,1,1.4187674169452054
PushT,jepa_wm_pusht,10,1,fidelity_constrained_matched_geometry,fidelity_constrained_matched_geometry__seed11401,11401,15001,3,1.1591621939637942
PushT,jepa_wm_pusht,10,1,fidelity_constrained_matched_geometry,fidelity_constrained_matched_geometry__seed11401,11401,15001,6,1.053601325597443
PushT,jepa_wm_pusht,11,1,fidelity_constrained_matched_geometry,fidelity_constrained_matched_geometry__seed11401,11401,15001,1,1.4816547286234714
PushT,jepa_wm_pusht,11,1,fidelity_constrained_matched_geometry,fidelity_constrained_matched_geometry__seed11401,11401,15001,3,0.8864312553760755
PushT,jepa_wm_pusht,11,1,fidelity_constrained_matched_geometry,fidelity_constrained_matched_geometry__seed11401,11401,15001,6,0.8588309160270502
PushT,jepa_wm_pusht,12,1,fidelity_constrained_matched_geometry,fidelity_constrained_matched_geometry__seed11401,11401,15001,1,1.1829334996783019
PushT,jepa_wm_pusht,12,1,fidelity_constrained_matched_geometry,fidelity_constrained_matched_geometry__seed11401,11401,15001,3,0.8474483962761628
PushT,jepa_wm_pusht,12,1,fidelity_constrained_matched_geometry,fidelity_constrained_matched_geometry__seed11401,11401,15001,6,0.7346485360655627
PushT,jepa_wm_pusht,13,1,fidelity_constrained_matched_geometry,fidelity_constrained_matched_geometry__seed11401,11401,15001,1,1.277417495759127
PushT,jepa_wm_pusht,13,1,fidelity_constrained_matched_geometry,fidelity_constrained_matched_geometry__seed11401,11401,15001,3,0.8477306272875783
PushT,jepa_wm_pusht,13,1,fidelity_constrained_matched_geometry,fidelity_constrained_matched_geometry__seed11401,11401,15001,6,0.7793476715950545
PushT,jepa_wm_pusht,14,1,fidelity_constrained_matched_geometry,fidelity_constrained_matched_geometry__seed11401,11401,15001,1,0.4818851142976096
PushT,jepa_wm_pusht,14,1,fidelity_constrained_matched_geometry,fidelity_constrained_matched_geometry__seed11401,11401,15001,3,0.5969243485533745
PushT,jepa_wm_pusht,14,1,fidelity_constrained_matched_geometry,fidelity_constrained_matched_geometry__seed11401,11401,15001,6,0.632128114357915
PushT,jepa_wm_pusht,15,1,fidelity_constrained_matched_geometry,fidelity_constrained_matched_geometry__seed11401,11401,15001,1,0.5673168420443684
PushT,jepa_wm_pusht,15,1,fidelity_constrained_matched_geometry,fidelity_constrained_matched_geometry__seed11401,11401,15001,3,0.715284466608783
PushT,jepa_wm_pusht,15,1,fidelity_constrained_matched_geometry,fidelity_constrained_matched_geometry__seed11401,11401,15001,6,0.6927188396985317
PushT,jepa_wm_pusht,16,2,fidelity_constrained_matched_geometry,fidelity_constrained_matched_geometry__seed11401,11401,15001,1,1.294899549682655
PushT,jepa_wm_pusht,16,2,fidelity_constrained_matched_geometry,fidelity_constrained_matched_geometry__seed11401,11401,15001,3,1.0288011885478818
PushT,jepa_wm_pusht,16,2,fidelity_constrained_matched_geometry,fidelity_constrained_matched_geometry__seed11401,11401,15001,6,1.0100620781243215
PushT,jepa_wm_pusht,17,2,fidelity_constrained_matched_geometry,fidelity_constrained_matched_geometry__seed11401,11401,15001,1,0.6388968845496464
PushT,jepa_wm_pusht,17,2,fidelity_constrained_matched_geometry,fidelity_constrained_matched_geometry__seed11401,11401,15001,3,0.8204582787364282
PushT,jepa_wm_pusht,17,2,fidelity_constrained_matched_geometry,fidelity_constrained_matched_geometry__seed11401,11401,15001,6,0.80659254543197
PushT,jepa_wm_pusht,18,2,fidelity_constrained_matched_geometry,fidelity_constrained_matched_geometry__seed11401,11401,15001,1,0.564026856362923
PushT,jepa_wm_pusht,18,2,fidelity_constrained_matched_geometry,fidelity_constrained_matched_geometry__seed11401,11401,15001,3,0.6404825732789869
PushT,jepa_wm_pusht,18,2,fidelity_constrained_matched_geometry,fidelity_constrained_matched_geometry__seed11401,11401,15001,6,0.679096098253177
PushT,jepa_wm_pusht,19,2,fidelity_constrained_matched_geometry,fidelity_constrained_matched_geometry__seed11401,11401,15001,1,0.7801080764813582
PushT,jepa_wm_pusht,19,2,fidelity_constrained_matched_geometry,fidelity_constrained_matched_geometry__seed11401,11401,15001,3,0.6704552436980562
PushT,jepa_wm_pusht,19,2,fidelity_constrained_matched_geometry,fidelity_constrained_matched_geometry__seed11401,11401,15001,6,0.6322091122355018
PushT,jepa_wm_pusht,20,2,fidelity_constrained_matched_geometry,fidelity_constrained_matched_geometry__seed11401,11401,15001,1,1.0379956089867983
PushT,jepa_wm_pusht,20,2,fidelity_constrained_matched_geometry,fidelity_constrained_matched_geometry__seed11401,11401,15001,3,0.7576377298756268
PushT,jepa_wm_pusht,20,2,fidelity_constrained_matched_geometry,fidelity_constrained_matched_geometry__seed11401,11401,15001,6,0.7742507574397647
PushT,jepa_wm_pusht,21,2,fidelity_constrained_matched_geometry,fidelity_constrained_matched_geometry__seed11401,11401,15001,1,0.6009004049234535
PushT,jepa_wm_pusht,21,2,fidelity_constrained_matched_geometry,fidelity_constrained_matched_geometry__seed11401,11401,15001,3,0.7811027226088112
PushT,jepa_wm_pusht,21,2,fidelity_constrained_matched_geometry,fidelity_constrained_matched_geometry__seed11401,11401,15001,6,0.7945547238934207
PushT,jepa_wm_pusht,22,2,fidelity_constrained_matched_geometry,fidelity_constrained_matched_geometry__seed11401,11401,15001,1,0.6563166328710512
PushT,jepa_wm_pusht,22,2,fidelity_constrained_matched_geometry,fidelity_constrained_matched_geometry__seed11401,11401,15001,3,0.8278470979340243
PushT,jepa_wm_pusht,22,2,fidelity_constrained_matched_geometry,fidelity_constrained_matched_geometry__seed11401,11401,15001,6,0.6984403245981035
PushT,jepa_wm_pusht,23,2,fidelity_constrained_matched_geometry,fidelity_constrained_matched_geometry__seed11401,11401,15001,1,0.8816261923518554
PushT,jepa_wm_pusht,23,2,fidelity_constrained_matched_geometry,fidelity_constrained_matched_geometry__seed11401,11401,15001,3,0.6228873235560779
PushT,jepa_wm_pusht,23,2,fidelity_constrained_matched_geometry,fidelity_constrained_matched_geometry__seed11401,11401,15001,6,0.6681781623953201
PushT,jepa_wm_pusht,48,6,fidelity_constrained_matched_geometry,fidelity_constrained_matched_geometry__seed11401,11401,15001,1,1.5918276911279754
PushT,jepa_wm_pusht,48,6,fidelity_constrained_matched_geometry,fidelity_constrained_matched_geometry__seed11401,11401,15001,3,0.8261768960655946
PushT,jepa_wm_pusht,48,6,fidelity_constrained_matched_geometry,fidelity_constrained_matched_geometry__seed11401,11401,15001,6,0.7332419113852356
PushT,jepa_wm_pusht,49,6,fidelity_constrained_matched_geometry,fidelity_constrained_matched_geometry__seed11401,11401,15001,1,1.229901802436606
PushT,jepa_wm_pusht,49,6,fidelity_constrained_matched_geometry,fidelity_constrained_matched_geometry__seed11401,11401,15001,3,0.7952208904768834
PushT,jepa_wm_pusht,49,6,fidelity_constrained_matched_geometry,fidelity_constrained_matched_geometry__seed11401,11401,15001,6,0.6268103367619936
PushT,jepa_wm_pusht,50,6,fidelity_constrained_matched_geometry,fidelity_constrained_matched_geometry__seed11401,11401,15001,1,1.070695387022349
PushT,jepa_wm_pusht,50,6,fidelity_constrained_matched_geometry,fidelity_constrained_matched_geometry__seed11401,11401,15001,3,0.7801527024642255
PushT,jepa_wm_pusht,50,6,fidelity_constrained_matched_geometry,fidelity_constrained_matched_geometry__seed11401,11401,15001,6,0.8278204528087967
PushT,jepa_wm_pusht,51,6,fidelity_constrained_matched_geometry,fidelity_constrained_matched_geometry__seed11401,11401,15001,1,1.1923836073405367
PushT,jepa_wm_pusht,51,6,fidelity_constrained_matched_geometry,fidelity_constrained_matched_geometry__seed11401,11401,15001,3,0.7746677478205471
PushT,jepa_wm_pusht,51,6,fidelity_constrained_matched_geometry,fidelity_constrained_matched_geometry__seed11401,11401,15001,6,0.6942078518034616
PushT,jepa_wm_pusht,52,6,fidelity_constrained_matched_geometry,fidelity_constrained_matched_geometry__seed11401,11401,15001,1,0.6847934946205505
PushT,jepa_wm_pusht,52,6,fidelity_constrained_matched_geometry,fidelity_constrained_matched_geometry__seed11401,11401,15001,3,0.682141135111615
PushT,jepa_wm_pusht,52,6,fidelity_constrained_matched_geometry,fidelity_constrained_matched_geometry__seed11401,11401,15001,6,0.6695469878202757
PushT,jepa_wm_pusht,53,6,fidelity_constrained_matched_geometry,fidelity_constrained_matched_geometry__seed11401,11401,15001,1,0.9956952112671202
PushT,jepa_wm_pusht,53,6,fidelity_constrained_matched_geometry,fidelity_constrained_matched_geometry__seed11401,11401,15001,3,0.6961881777115849
PushT,jepa_wm_pusht,53,6,fidelity_constrained_matched_geometry,fidelity_constrained_matched_geometry__seed11401,11401,15001,6,0.7317639352300571
PushT,jepa_wm_pusht,54,6,fidelity_constrained_matched_geometry,fidelity_constrained_matched_geometry__seed11401,11401,15001,1,1.543631292058203
PushT,jepa_wm_pusht,54,6,fidelity_constrained_matched_geometry,fidelity_constrained_matched_geometry__seed11401,11401,15001,3,1.1540690803150773
PushT,jepa_wm_pusht,54,6,fidelity_constrained_matched_geometry,fidelity_constrained_matched_geometry__seed11401,11401,15001,6,1.1691808245699604
PushT,jepa_wm_pusht,55,6,fidelity_constrained_matched_geometry,fidelity_constrained_matched_geometry__seed11401,11401,15001,1,0.710858358382819
PushT,jepa_wm_pusht,55,6,fidelity_constrained_matched_geometry,fidelity_constrained_matched_geometry__seed11401,11401,15001,3,0.8013485186230481
PushT,jepa_wm_pusht,55,6,fidelity_constrained_matched_geometry,fidelity_constrained_matched_geometry__seed11401,11401,15001,6,0.7014918406770474
PushT,jepa_wm_pusht,8,1,fidelity_constrained_latent_only,fidelity_constrained_latent_only__seed11419,11419,15001,1,0.9694285116671478
PushT,jepa_wm_pusht,8,1,fidelity_constrained_latent_only,fidelity_constrained_latent_only__seed11419,11419,15001,3,0.8182470636007823
PushT,jepa_wm_pusht,8,1,fidelity_constrained_latent_only,fidelity_constrained_latent_only__seed11419,11419,15001,6,0.7091346789719272
PushT,jepa_wm_pusht,9,1,fidelity_constrained_latent_only,fidelity_constrained_latent_only__seed11419,11419,15001,1,1.188982695411044
PushT,jepa_wm_pusht,9,1,fidelity_constrained_latent_only,fidelity_constrained_latent_only__seed11419,11419,15001,3,0.9193346276024351
PushT,jepa_wm_pusht,9,1,fidelity_constrained_latent_only,fidelity_constrained_latent_only__seed11419,11419,15001,6,0.7895433367526055
PushT,jepa_wm_pusht,10,1,fidelity_constrained_latent_only,fidelity_constrained_latent_only__seed11419,11419,15001,1,1.4174935370093
PushT,jepa_wm_pusht,10,1,fidelity_constrained_latent_only,fidelity_constrained_latent_only__seed11419,11419,15001,3,1.1548417994281397
PushT,jepa_wm_pusht,10,1,fidelity_constrained_latent_only,fidelity_constrained_latent_only__seed11419,11419,15001,6,1.086097420110336
PushT,jepa_wm_pusht,11,1,fidelity_constrained_latent_only,fidelity_constrained_latent_only__seed11419,11419,15001,1,1.4842601758903087
PushT,jepa_wm_pusht,11,1,fidelity_constrained_latent_only,fidelity_constrained_latent_only__seed11419,11419,15001,3,0.9143395663471097
PushT,jepa_wm_pusht,11,1,fidelity_constrained_latent_only,fidelity_constrained_latent_only__seed11419,11419,15001,6,0.8841434898845119
PushT,jepa_wm_pusht,12,1,fidelity_constrained_latent_only,fidelity_constrained_latent_only__seed11419,11419,15001,1,1.1908135518987821
PushT,jepa_wm_pusht,12,1,fidelity_constrained_latent_only,fidelity_constrained_latent_only__seed11419,11419,15001,3,0.8777804128498347
PushT,jepa_wm_pusht,12,1,fidelity_constrained_latent_only,fidelity_constrained_latent_only__seed11419,11419,15001,6,0.7790997410714507
PushT,jepa_wm_pusht,13,1,fidelity_constrained_latent_only,fidelity_constrained_latent_only__seed11419,11419,15001,1,1.2593297505856103
PushT,jepa_wm_pusht,13,1,fidelity_constrained_latent_only,fidelity_constrained_latent_only__seed11419,11419,15001,3,0.8368042740757959
PushT,jepa_wm_pusht,13,1,fidelity_constrained_latent_only,fidelity_constrained_latent_only__seed11419,11419,15001,6,0.7729331647411406
PushT,jepa_wm_pusht,14,1,fidelity_constrained_latent_only,fidelity_constrained_latent_only__seed11419,11419,15001,1,0.48648367154467526
PushT,jepa_wm_pusht,14,1,fidelity_constrained_latent_only,fidelity_constrained_latent_only__seed11419,11419,15001,3,0.5953670574574095
PushT,jepa_wm_pusht,14,1,fidelity_constrained_latent_only,fidelity_constrained_latent_only__seed11419,11419,15001,6,0.6426950475307553
PushT,jepa_wm_pusht,15,1,fidelity_constrained_latent_only,fidelity_constrained_latent_only__seed11419,11419,15001,1,0.5729510650844505
PushT,jepa_wm_pusht,15,1,fidelity_constrained_latent_only,fidelity_constrained_latent_only__seed11419,11419,15001,3,0.7043506785068432
PushT,jepa_wm_pusht,15,1,fidelity_constrained_latent_only,fidelity_constrained_latent_only__seed11419,11419,15001,6,0.6982984085670318
PushT,jepa_wm_pusht,16,2,fidelity_constrained_latent_only,fidelity_constrained_latent_only__seed11419,11419,15001,1,1.3110944769832553
PushT,jepa_wm_pusht,16,2,fidelity_constrained_latent_only,fidelity_constrained_latent_only__seed11419,11419,15001,3,1.0494794738944453
PushT,jepa_wm_pusht,16,2,fidelity_constrained_latent_only,fidelity_constrained_latent_only__seed11419,11419,15001,6,1.0245114865492482
PushT,jepa_wm_pusht,17,2,fidelity_constrained_latent_only,fidelity_constrained_latent_only__seed11419,11419,15001,1,0.6339877977367238
PushT,jepa_wm_pusht,17,2,fidelity_constrained_latent_only,fidelity_constrained_latent_only__seed11419,11419,15001,3,0.8245079891815738
PushT,jepa_wm_pusht,17,2,fidelity_constrained_latent_only,fidelity_constrained_latent_only__seed11419,11419,15001,6,0.8220557374463685
PushT,jepa_wm_pusht,18,2,fidelity_constrained_latent_only,fidelity_constrained_latent_only__seed11419,11419,15001,1,0.5582219060908215
PushT,jepa_wm_pusht,18,2,fidelity_constrained_latent_only,fidelity_constrained_latent_only__seed11419,11419,15001,3,0.6386220297802991
PushT,jepa_wm_pusht,18,2,fidelity_constrained_latent_only,fidelity_constrained_latent_only__seed11419,11419,15001,6,0.6806990717675913
PushT,jepa_wm_pusht,19,2,fidelity_constrained_latent_only,fidelity_constrained_latent_only__seed11419,11419,15001,1,0.7846447287531304
PushT,jepa_wm_pusht,19,2,fidelity_constrained_latent_only,fidelity_constrained_latent_only__seed11419,11419,15001,3,0.6640272667497382
PushT,jepa_wm_pusht,19,2,fidelity_constrained_latent_only,fidelity_constrained_latent_only__seed11419,11419,15001,6,0.6321314483746963
PushT,jepa_wm_pusht,20,2,fidelity_constrained_latent_only,fidelity_constrained_latent_only__seed11419,11419,15001,1,1.024730394709986
PushT,jepa_wm_pusht,20,2,fidelity_constrained_latent_only,fidelity_constrained_latent_only__seed11419,11419,15001,3,0.7569385919294651
PushT,jepa_wm_pusht,20,2,fidelity_constrained_latent_only,fidelity_constrained_latent_only__seed11419,11419,15001,6,0.796079159979014
PushT,jepa_wm_pusht,21,2,fidelity_constrained_latent_only,fidelity_constrained_latent_only__seed11419,11419,15001,1,0.6106514375575571
PushT,jepa_wm_pusht,21,2,fidelity_constrained_latent_only,fidelity_constrained_latent_only__seed11419,11419,15001,3,0.7776068242627142
PushT,jepa_wm_pusht,21,2,fidelity_constrained_latent_only,fidelity_constrained_latent_only__seed11419,11419,15001,6,0.7972253245300928
PushT,jepa_wm_pusht,22,2,fidelity_constrained_latent_only,fidelity_constrained_latent_only__seed11419,11419,15001,1,0.6753723960552979
PushT,jepa_wm_pusht,22,2,fidelity_constrained_latent_only,fidelity_constrained_latent_only__seed11419,11419,15001,3,0.8397063855677626
PushT,jepa_wm_pusht,22,2,fidelity_constrained_latent_only,fidelity_constrained_latent_only__seed11419,11419,15001,6,0.7189640682722266
PushT,jepa_wm_pusht,23,2,fidelity_constrained_latent_only,fidelity_constrained_latent_only__seed11419,11419,15001,1,0.8658242272946282
PushT,jepa_wm_pusht,23,2,fidelity_constrained_latent_only,fidelity_constrained_latent_only__seed11419,11419,15001,3,0.6156755623210783
PushT,jepa_wm_pusht,23,2,fidelity_constrained_latent_only,fidelity_constrained_latent_only__seed11419,11419,15001,6,0.6670089605916152
PushT,jepa_wm_pusht,48,6,fidelity_constrained_latent_only,fidelity_constrained_latent_only__seed11419,11419,15001,1,1.601464156323348
PushT,jepa_wm_pusht,48,6,fidelity_constrained_latent_only,fidelity_constrained_latent_only__seed11419,11419,15001,3,0.8513196121134492
PushT,jepa_wm_pusht,48,6,fidelity_constrained_latent_only,fidelity_constrained_latent_only__seed11419,11419,15001,6,0.773320681257722
PushT,jepa_wm_pusht,49,6,fidelity_constrained_latent_only,fidelity_constrained_latent_only__seed11419,11419,15001,1,1.229518308101656
PushT,jepa_wm_pusht,49,6,fidelity_constrained_latent_only,fidelity_constrained_latent_only__seed11419,11419,15001,3,0.7931791551933739
PushT,jepa_wm_pusht,49,6,fidelity_constrained_latent_only,fidelity_constrained_latent_only__seed11419,11419,15001,6,0.6293735551339407
PushT,jepa_wm_pusht,50,6,fidelity_constrained_latent_only,fidelity_constrained_latent_only__seed11419,11419,15001,1,1.0624330036162672
PushT,jepa_wm_pusht,50,6,fidelity_constrained_latent_only,fidelity_constrained_latent_only__seed11419,11419,15001,3,0.8021354121862645
PushT,jepa_wm_pusht,50,6,fidelity_constrained_latent_only,fidelity_constrained_latent_only__seed11419,11419,15001,6,0.8761892820999911
PushT,jepa_wm_pusht,51,6,fidelity_constrained_latent_only,fidelity_constrained_latent_only__seed11419,11419,15001,1,1.178069702260155
PushT,jepa_wm_pusht,51,6,fidelity_constrained_latent_only,fidelity_constrained_latent_only__seed11419,11419,15001,3,0.7815069707818977
PushT,jepa_wm_pusht,51,6,fidelity_constrained_latent_only,fidelity_constrained_latent_only__seed11419,11419,15001,6,0.6848073029603311
PushT,jepa_wm_pusht,52,6,fidelity_constrained_latent_only,fidelity_constrained_latent_only__seed11419,11419,15001,1,0.6965334775701274
PushT,jepa_wm_pusht,52,6,fidelity_constrained_latent_only,fidelity_constrained_latent_only__seed11419,11419,15001,3,0.6559891680541076
PushT,jepa_wm_pusht,52,6,fidelity_constrained_latent_only,fidelity_constrained_latent_only__seed11419,11419,15001,6,0.6594358259641951
PushT,jepa_wm_pusht,53,6,fidelity_constrained_latent_only,fidelity_constrained_latent_only__seed11419,11419,15001,1,1.0139642243844365
PushT,jepa_wm_pusht,53,6,fidelity_constrained_latent_only,fidelity_constrained_latent_only__seed11419,11419,15001,3,0.6942576215048267
PushT,jepa_wm_pusht,53,6,fidelity_constrained_latent_only,fidelity_constrained_latent_only__seed11419,11419,15001,6,0.7435276350924186
PushT,jepa_wm_pusht,54,6,fidelity_constrained_latent_only,fidelity_constrained_latent_only__seed11419,11419,15001,1,1.5738035731293734
PushT,jepa_wm_pusht,54,6,fidelity_constrained_latent_only,fidelity_constrained_latent_only__seed11419,11419,15001,3,1.1740909497967815
PushT,jepa_wm_pusht,54,6,fidelity_constrained_latent_only,fidelity_constrained_latent_only__seed11419,11419,15001,6,1.1950095826673854
PushT,jepa_wm_pusht,55,6,fidelity_constrained_latent_only,fidelity_constrained_latent_only__seed11419,11419,15001,1,0.7116297766764786
PushT,jepa_wm_pusht,55,6,fidelity_constrained_latent_only,fidelity_constrained_latent_only__seed11419,11419,15001,3,0.8180354441824791
PushT,jepa_wm_pusht,55,6,fidelity_constrained_latent_only,fidelity_constrained_latent_only__seed11419,11419,15001,6,0.7314631593568673
PushT,jepa_wm_pusht,8,1,fidelity_constrained_shuffled_geometry,fidelity_constrained_shuffled_geometry__seed11419,11419,15001,1,0.9749897426045439
PushT,jepa_wm_pusht,8,1,fidelity_constrained_shuffled_geometry,fidelity_constrained_shuffled_geometry__seed11419,11419,15001,3,0.849982213374782
PushT,jepa_wm_pusht,8,1,fidelity_constrained_shuffled_geometry,fidelity_constrained_shuffled_geometry__seed11419,11419,15001,6,0.7614855225447671
PushT,jepa_wm_pusht,9,1,fidelity_constrained_shuffled_geometry,fidelity_constrained_shuffled_geometry__seed11419,11419,15001,1,1.2145296866371837
PushT,jepa_wm_pusht,9,1,fidelity_constrained_shuffled_geometry,fidelity_constrained_shuffled_geometry__seed11419,11419,15001,3,0.9327515871565479
PushT,jepa_wm_pusht,9,1,fidelity_constrained_shuffled_geometry,fidelity_constrained_shuffled_geometry__seed11419,11419,15001,6,0.7913434647646582
PushT,jepa_wm_pusht,10,1,fidelity_constrained_shuffled_geometry,fidelity_constrained_shuffled_geometry__seed11419,11419,15001,1,1.41731483169311
PushT,jepa_wm_pusht,10,1,fidelity_constrained_shuffled_geometry,fidelity_constrained_shuffled_geometry__seed11419,11419,15001,3,1.153865657324684
PushT,jepa_wm_pusht,10,1,fidelity_constrained_shuffled_geometry,fidelity_constrained_shuffled_geometry__seed11419,11419,15001,6,1.0811368750712826
PushT,jepa_wm_pusht,11,1,fidelity_constrained_shuffled_geometry,fidelity_constrained_shuffled_geometry__seed11419,11419,15001,1,1.499181491679196
PushT,jepa_wm_pusht,11,1,fidelity_constrained_shuffled_geometry,fidelity_constrained_shuffled_geometry__seed11419,11419,15001,3,0.8588890976919048
PushT,jepa_wm_pusht,11,1,fidelity_constrained_shuffled_geometry,fidelity_constrained_shuffled_geometry__seed11419,11419,15001,6,0.8827662515184679
PushT,jepa_wm_pusht,12,1,fidelity_constrained_shuffled_geometry,fidelity_constrained_shuffled_geometry__seed11419,11419,15001,1,1.1799618427908745
PushT,jepa_wm_pusht,12,1,fidelity_constrained_shuffled_geometry,fidelity_constrained_shuffled_geometry__seed11419,11419,15001,3,0.8454858169882955
PushT,jepa_wm_pusht,12,1,fidelity_constrained_shuffled_geometry,fidelity_constrained_shuffled_geometry__seed11419,11419,15001,6,0.7417316330021039
PushT,jepa_wm_pusht,13,1,fidelity_constrained_shuffled_geometry,fidelity_constrained_shuffled_geometry__seed11419,11419,15001,1,1.3002337753940756
PushT,jepa_wm_pusht,13,1,fidelity_constrained_shuffled_geometry,fidelity_constrained_shuffled_geometry__seed11419,11419,15001,3,0.8766075765751444
PushT,jepa_wm_pusht,13,1,fidelity_constrained_shuffled_geometry,fidelity_constrained_shuffled_geometry__seed11419,11419,15001,6,0.8124718276533448
PushT,jepa_wm_pusht,14,1,fidelity_constrained_shuffled_geometry,fidelity_constrained_shuffled_geometry__seed11419,11419,15001,1,0.48367805186965707
PushT,jepa_wm_pusht,14,1,fidelity_constrained_shuffled_geometry,fidelity_constrained_shuffled_geometry__seed11419,11419,15001,3,0.6468511223798984
PushT,jepa_wm_pusht,14,1,fidelity_constrained_shuffled_geometry,fidelity_constrained_shuffled_geometry__seed11419,11419,15001,6,0.6773202526135351
PushT,jepa_wm_pusht,15,1,fidelity_constrained_shuffled_geometry,fidelity_constrained_shuffled_geometry__seed11419,11419,15001,1,0.5778635098143329
PushT,jepa_wm_pusht,15,1,fidelity_constrained_shuffled_geometry,fidelity_constrained_shuffled_geometry__seed11419,11419,15001,3,0.7897950710418825
PushT,jepa_wm_pusht,15,1,fidelity_constrained_shuffled_geometry,fidelity_constrained_shuffled_geometry__seed11419,11419,15001,6,0.7578899347378815
PushT,jepa_wm_pusht,16,2,fidelity_constrained_shuffled_geometry,fidelity_constrained_shuffled_geometry__seed11419,11419,15001,1,1.316045131693295
PushT,jepa_wm_pusht,16,2,fidelity_constrained_shuffled_geometry,fidelity_constrained_shuffled_geometry__seed11419,11419,15001,3,1.0593670145898402
PushT,jepa_wm_pusht,16,2,fidelity_constrained_shuffled_geometry,fidelity_constrained_shuffled_geometry__seed11419,11419,15001,6,1.0277996604102877
PushT,jepa_wm_pusht,17,2,fidelity_constrained_shuffled_geometry,fidelity_constrained_shuffled_geometry__seed11419,11419,15001,1,0.6499774721021644
PushT,jepa_wm_pusht,17,2,fidelity_constrained_shuffled_geometry,fidelity_constrained_shuffled_geometry__seed11419,11419,15001,3,0.8486766176201356
PushT,jepa_wm_pusht,17,2,fidelity_constrained_shuffled_geometry,fidelity_constrained_shuffled_geometry__seed11419,11419,15001,6,0.7824922532261595
PushT,jepa_wm_pusht,18,2,fidelity_constrained_shuffled_geometry,fidelity_constrained_shuffled_geometry__seed11419,11419,15001,1,0.5832834359638595
PushT,jepa_wm_pusht,18,2,fidelity_constrained_shuffled_geometry,fidelity_constrained_shuffled_geometry__seed11419,11419,15001,3,0.6873089775091048
PushT,jepa_wm_pusht,18,2,fidelity_constrained_shuffled_geometry,fidelity_constrained_shuffled_geometry__seed11419,11419,15001,6,0.7367737282507614
PushT,jepa_wm_pusht,19,2,fidelity_constrained_shuffled_geometry,fidelity_constrained_shuffled_geometry__seed11419,11419,15001,1,0.8018295906070826
PushT,jepa_wm_pusht,19,2,fidelity_constrained_shuffled_geometry,fidelity_constrained_shuffled_geometry__seed11419,11419,15001,3,0.7035578499575051
PushT,jepa_wm_pusht,19,2,fidelity_constrained_shuffled_geometry,fidelity_constrained_shuffled_geometry__seed11419,11419,15001,6,0.6791954206232264
PushT,jepa_wm_pusht,20,2,fidelity_constrained_shuffled_geometry,fidelity_constrained_shuffled_geometry__seed11419,11419,15001,1,1.0517015210457412
PushT,jepa_wm_pusht,20,2,fidelity_constrained_shuffled_geometry,fidelity_constrained_shuffled_geometry__seed11419,11419,15001,3,0.805021686459995
PushT,jepa_wm_pusht,20,2,fidelity_constrained_shuffled_geometry,fidelity_constrained_shuffled_geometry__seed11419,11419,15001,6,0.8316089558989912
PushT,jepa_wm_pusht,21,2,fidelity_constrained_shuffled_geometry,fidelity_constrained_shuffled_geometry__seed11419,11419,15001,1,0.6145459472187007
PushT,jepa_wm_pusht,21,2,fidelity_constrained_shuffled_geometry,fidelity_constrained_shuffled_geometry__seed11419,11419,15001,3,0.8178651951227891
PushT,jepa_wm_pusht,21,2,fidelity_constrained_shuffled_geometry,fidelity_constrained_shuffled_geometry__seed11419,11419,15001,6,0.8505241179287467
PushT,jepa_wm_pusht,22,2,fidelity_constrained_shuffled_geometry,fidelity_constrained_shuffled_geometry__seed11419,11419,15001,1,0.6535059213922603
PushT,jepa_wm_pusht,22,2,fidelity_constrained_shuffled_geometry,fidelity_constrained_shuffled_geometry__seed11419,11419,15001,3,0.8650593430084758
PushT,jepa_wm_pusht,22,2,fidelity_constrained_shuffled_geometry,fidelity_constrained_shuffled_geometry__seed11419,11419,15001,6,0.7560073017018609
PushT,jepa_wm_pusht,23,2,fidelity_constrained_shuffled_geometry,fidelity_constrained_shuffled_geometry__seed11419,11419,15001,1,0.9129276446843028
PushT,jepa_wm_pusht,23,2,fidelity_constrained_shuffled_geometry,fidelity_constrained_shuffled_geometry__seed11419,11419,15001,3,0.666063180272256
PushT,jepa_wm_pusht,23,2,fidelity_constrained_shuffled_geometry,fidelity_constrained_shuffled_geometry__seed11419,11419,15001,6,0.7657099290765833
PushT,jepa_wm_pusht,48,6,fidelity_constrained_shuffled_geometry,fidelity_constrained_shuffled_geometry__seed11419,11419,15001,1,1.6145400164074375
PushT,jepa_wm_pusht,48,6,fidelity_constrained_shuffled_geometry,fidelity_constrained_shuffled_geometry__seed11419,11419,15001,3,0.84596561816784
PushT,jepa_wm_pusht,48,6,fidelity_constrained_shuffled_geometry,fidelity_constrained_shuffled_geometry__seed11419,11419,15001,6,0.7912950077992051
PushT,jepa_wm_pusht,49,6,fidelity_constrained_shuffled_geometry,fidelity_constrained_shuffled_geometry__seed11419,11419,15001,1,1.2562730453020319
PushT,jepa_wm_pusht,49,6,fidelity_constrained_shuffled_geometry,fidelity_constrained_shuffled_geometry__seed11419,11419,15001,3,0.8307503890909651
PushT,jepa_wm_pusht,49,6,fidelity_constrained_shuffled_geometry,fidelity_constrained_shuffled_geometry__seed11419,11419,15001,6,0.6890217170734123
PushT,jepa_wm_pusht,50,6,fidelity_constrained_shuffled_geometry,fidelity_constrained_shuffled_geometry__seed11419,11419,15001,1,1.102597385850913
PushT,jepa_wm_pusht,50,6,fidelity_constrained_shuffled_geometry,fidelity_constrained_shuffled_geometry__seed11419,11419,15001,3,0.8501554417964803
PushT,jepa_wm_pusht,50,6,fidelity_constrained_shuffled_geometry,fidelity_constrained_shuffled_geometry__seed11419,11419,15001,6,1.0568502368312438
PushT,jepa_wm_pusht,51,6,fidelity_constrained_shuffled_geometry,fidelity_constrained_shuffled_geometry__seed11419,11419,15001,1,1.2254967730075614
PushT,jepa_wm_pusht,51,6,fidelity_constrained_shuffled_geometry,fidelity_constrained_shuffled_geometry__seed11419,11419,15001,3,0.8060942775092986
PushT,jepa_wm_pusht,51,6,fidelity_constrained_shuffled_geometry,fidelity_constrained_shuffled_geometry__seed11419,11419,15001,6,0.7871705475352853
PushT,jepa_wm_pusht,52,6,fidelity_constrained_shuffled_geometry,fidelity_constrained_shuffled_geometry__seed11419,11419,15001,1,0.6897153082287658
PushT,jepa_wm_pusht,52,6,fidelity_constrained_shuffled_geometry,fidelity_constrained_shuffled_geometry__seed11419,11419,15001,3,0.7537032960490087
PushT,jepa_wm_pusht,52,6,fidelity_constrained_shuffled_geometry,fidelity_constrained_shuffled_geometry__seed11419,11419,15001,6,0.7453421837412663
PushT,jepa_wm_pusht,53,6,fidelity_constrained_shuffled_geometry,fidelity_constrained_shuffled_geometry__seed11419,11419,15001,1,1.0062303991246164
PushT,jepa_wm_pusht,53,6,fidelity_constrained_shuffled_geometry,fidelity_constrained_shuffled_geometry__seed11419,11419,15001,3,0.7445078396116476
PushT,jepa_wm_pusht,53,6,fidelity_constrained_shuffled_geometry,fidelity_constrained_shuffled_geometry__seed11419,11419,15001,6,0.7970216541809242
PushT,jepa_wm_pusht,54,6,fidelity_constrained_shuffled_geometry,fidelity_constrained_shuffled_geometry__seed11419,11419,15001,1,1.53558306097682
PushT,jepa_wm_pusht,54,6,fidelity_constrained_shuffled_geometry,fidelity_constrained_shuffled_geometry__seed11419,11419,15001,3,1.154659122676311
PushT,jepa_wm_pusht,54,6,fidelity_constrained_shuffled_geometry,fidelity_constrained_shuffled_geometry__seed11419,11419,15001,6,1.161245027816906
PushT,jepa_wm_pusht,55,6,fidelity_constrained_shuffled_geometry,fidelity_constrained_shuffled_geometry__seed11419,11419,15001,1,0.724383929040074
PushT,jepa_wm_pusht,55,6,fidelity_constrained_shuffled_geometry,fidelity_constrained_shuffled_geometry__seed11419,11419,15001,3,0.8377728444762174
PushT,jepa_wm_pusht,55,6,fidelity_constrained_shuffled_geometry,fidelity_constrained_shuffled_geometry__seed11419,11419,15001,6,0.7218102753526097
PushT,jepa_wm_pusht,8,1,fidelity_constrained_matched_geometry,fidelity_constrained_matched_geometry__seed11419,11419,15001,1,0.9700243166751935
PushT,jepa_wm_pusht,8,1,fidelity_constrained_matched_geometry,fidelity_constrained_matched_geometry__seed11419,11419,15001,3,0.8137799041423793
PushT,jepa_wm_pusht,8,1,fidelity_constrained_matched_geometry,fidelity_constrained_matched_geometry__seed11419,11419,15001,6,0.6995583163660397
PushT,jepa_wm_pusht,9,1,fidelity_constrained_matched_geometry,fidelity_constrained_matched_geometry__seed11419,11419,15001,1,1.193047753030297
PushT,jepa_wm_pusht,9,1,fidelity_constrained_matched_geometry,fidelity_constrained_matched_geometry__seed11419,11419,15001,3,0.8846974982483821
PushT,jepa_wm_pusht,9,1,fidelity_constrained_matched_geometry,fidelity_constrained_matched_geometry__seed11419,11419,15001,6,0.748839613664525
PushT,jepa_wm_pusht,10,1,fidelity_constrained_matched_geometry,fidelity_constrained_matched_geometry__seed11419,11419,15001,1,1.417714137046303
PushT,jepa_wm_pusht,10,1,fidelity_constrained_matched_geometry,fidelity_constrained_matched_geometry__seed11419,11419,15001,3,1.1582213446985368
PushT,jepa_wm_pusht,10,1,fidelity_constrained_matched_geometry,fidelity_constrained_matched_geometry__seed11419,11419,15001,6,1.0538766183541648
PushT,jepa_wm_pusht,11,1,fidelity_constrained_matched_geometry,fidelity_constrained_matched_geometry__seed11419,11419,15001,1,1.4820068494642398
PushT,jepa_wm_pusht,11,1,fidelity_constrained_matched_geometry,fidelity_constrained_matched_geometry__seed11419,11419,15001,3,0.8866730304305572
PushT,jepa_wm_pusht,11,1,fidelity_constrained_matched_geometry,fidelity_constrained_matched_geometry__seed11419,11419,15001,6,0.8597413687045997
PushT,jepa_wm_pusht,12,1,fidelity_constrained_matched_geometry,fidelity_constrained_matched_geometry__seed11419,11419,15001,1,1.1821777014696826
PushT,jepa_wm_pusht,12,1,fidelity_constrained_matched_geometry,fidelity_constrained_matched_geometry__seed11419,11419,15001,3,0.8480265851751881
PushT,jepa_wm_pusht,12,1,fidelity_constrained_matched_geometry,fidelity_constrained_matched_geometry__seed11419,11419,15001,6,0.7362288878311614
PushT,jepa_wm_pusht,13,1,fidelity_constrained_matched_geometry,fidelity_constrained_matched_geometry__seed11419,11419,15001,1,1.27635125623692
PushT,jepa_wm_pusht,13,1,fidelity_constrained_matched_geometry,fidelity_constrained_matched_geometry__seed11419,11419,15001,3,0.8472817253712117
PushT,jepa_wm_pusht,13,1,fidelity_constrained_matched_geometry,fidelity_constrained_matched_geometry__seed11419,11419,15001,6,0.7798001945442071
PushT,jepa_wm_pusht,14,1,fidelity_constrained_matched_geometry,fidelity_constrained_matched_geometry__seed11419,11419,15001,1,0.4821126845065819
PushT,jepa_wm_pusht,14,1,fidelity_constrained_matched_geometry,fidelity_constrained_matched_geometry__seed11419,11419,15001,3,0.5972980073099518
PushT,jepa_wm_pusht,14,1,fidelity_constrained_matched_geometry,fidelity_constrained_matched_geometry__seed11419,11419,15001,6,0.6314776750636203
PushT,jepa_wm_pusht,15,1,fidelity_constrained_matched_geometry,fidelity_constrained_matched_geometry__seed11419,11419,15001,1,0.5665634206694692
PushT,jepa_wm_pusht,15,1,fidelity_constrained_matched_geometry,fidelity_constrained_matched_geometry__seed11419,11419,15001,3,0.7148405099285466
PushT,jepa_wm_pusht,15,1,fidelity_constrained_matched_geometry,fidelity_constrained_matched_geometry__seed11419,11419,15001,6,0.6936397000793775
PushT,jepa_wm_pusht,16,2,fidelity_constrained_matched_geometry,fidelity_constrained_matched_geometry__seed11419,11419,15001,1,1.2949857435269863
PushT,jepa_wm_pusht,16,2,fidelity_constrained_matched_geometry,fidelity_constrained_matched_geometry__seed11419,11419,15001,3,1.0286347937122962
PushT,jepa_wm_pusht,16,2,fidelity_constrained_matched_geometry,fidelity_constrained_matched_geometry__seed11419,11419,15001,6,1.0098748671144608
PushT,jepa_wm_pusht,17,2,fidelity_constrained_matched_geometry,fidelity_constrained_matched_geometry__seed11419,11419,15001,1,0.6380638534994683
PushT,jepa_wm_pusht,17,2,fidelity_constrained_matched_geometry,fidelity_constrained_matched_geometry__seed11419,11419,15001,3,0.8198687869530862
PushT,jepa_wm_pusht,17,2,fidelity_constrained_matched_geometry,fidelity_constrained_matched_geometry__seed11419,11419,15001,6,0.8029893678773695
PushT,jepa_wm_pusht,18,2,fidelity_constrained_matched_geometry,fidelity_constrained_matched_geometry__seed11419,11419,15001,1,0.5641579209297213
PushT,jepa_wm_pusht,18,2,fidelity_constrained_matched_geometry,fidelity_constrained_matched_geometry__seed11419,11419,15001,3,0.6412430979123784
PushT,jepa_wm_pusht,18,2,fidelity_constrained_matched_geometry,fidelity_constrained_matched_geometry__seed11419,11419,15001,6,0.6795871142972051
PushT,jepa_wm_pusht,19,2,fidelity_constrained_matched_geometry,fidelity_constrained_matched_geometry__seed11419,11419,15001,1,0.7807122231686466
PushT,jepa_wm_pusht,19,2,fidelity_constrained_matched_geometry,fidelity_constrained_matched_geometry__seed11419,11419,15001,3,0.670891271205544
PushT,jepa_wm_pusht,19,2,fidelity_constrained_matched_geometry,fidelity_constrained_matched_geometry__seed11419,11419,15001,6,0.6318365828977512
PushT,jepa_wm_pusht,20,2,fidelity_constrained_matched_geometry,fidelity_constrained_matched_geometry__seed11419,11419,15001,1,1.0380146594365802
PushT,jepa_wm_pusht,20,2,fidelity_constrained_matched_geometry,fidelity_constrained_matched_geometry__seed11419,11419,15001,3,0.7580570407669457
PushT,jepa_wm_pusht,20,2,fidelity_constrained_matched_geometry,fidelity_constrained_matched_geometry__seed11419,11419,15001,6,0.773984813155443
PushT,jepa_wm_pusht,21,2,fidelity_constrained_matched_geometry,fidelity_constrained_matched_geometry__seed11419,11419,15001,1,0.600586803567946
PushT,jepa_wm_pusht,21,2,fidelity_constrained_matched_geometry,fidelity_constrained_matched_geometry__seed11419,11419,15001,3,0.7813409852863883
PushT,jepa_wm_pusht,21,2,fidelity_constrained_matched_geometry,fidelity_constrained_matched_geometry__seed11419,11419,15001,6,0.7948425253700944
PushT,jepa_wm_pusht,22,2,fidelity_constrained_matched_geometry,fidelity_constrained_matched_geometry__seed11419,11419,15001,1,0.6565851658863084
PushT,jepa_wm_pusht,22,2,fidelity_constrained_matched_geometry,fidelity_constrained_matched_geometry__seed11419,11419,15001,3,0.8287156731800738
PushT,jepa_wm_pusht,22,2,fidelity_constrained_matched_geometry,fidelity_constrained_matched_geometry__seed11419,11419,15001,6,0.6993742005993798
PushT,jepa_wm_pusht,23,2,fidelity_constrained_matched_geometry,fidelity_constrained_matched_geometry__seed11419,11419,15001,1,0.8819363372597558
PushT,jepa_wm_pusht,23,2,fidelity_constrained_matched_geometry,fidelity_constrained_matched_geometry__seed11419,11419,15001,3,0.6233409171564984
PushT,jepa_wm_pusht,23,2,fidelity_constrained_matched_geometry,fidelity_constrained_matched_geometry__seed11419,11419,15001,6,0.6692459783732185
PushT,jepa_wm_pusht,48,6,fidelity_constrained_matched_geometry,fidelity_constrained_matched_geometry__seed11419,11419,15001,1,1.5922461134346921
PushT,jepa_wm_pusht,48,6,fidelity_constrained_matched_geometry,fidelity_constrained_matched_geometry__seed11419,11419,15001,3,0.8269605334759472
PushT,jepa_wm_pusht,48,6,fidelity_constrained_matched_geometry,fidelity_constrained_matched_geometry__seed11419,11419,15001,6,0.7337017586820455
PushT,jepa_wm_pusht,49,6,fidelity_constrained_matched_geometry,fidelity_constrained_matched_geometry__seed11419,11419,15001,1,1.2294599129006893
PushT,jepa_wm_pusht,49,6,fidelity_constrained_matched_geometry,fidelity_constrained_matched_geometry__seed11419,11419,15001,3,0.7946864515182831
PushT,jepa_wm_pusht,49,6,fidelity_constrained_matched_geometry,fidelity_constrained_matched_geometry__seed11419,11419,15001,6,0.6258747332923826
PushT,jepa_wm_pusht,50,6,fidelity_constrained_matched_geometry,fidelity_constrained_matched_geometry__seed11419,11419,15001,1,1.0714085783299285
PushT,jepa_wm_pusht,50,6,fidelity_constrained_matched_geometry,fidelity_constrained_matched_geometry__seed11419,11419,15001,3,0.7793623635552964
PushT,jepa_wm_pusht,50,6,fidelity_constrained_matched_geometry,fidelity_constrained_matched_geometry__seed11419,11419,15001,6,0.826864169796561
PushT,jepa_wm_pusht,51,6,fidelity_constrained_matched_geometry,fidelity_constrained_matched_geometry__seed11419,11419,15001,1,1.1931508196930034
PushT,jepa_wm_pusht,51,6,fidelity_constrained_matched_geometry,fidelity_constrained_matched_geometry__seed11419,11419,15001,3,0.776125465104368
PushT,jepa_wm_pusht,51,6,fidelity_constrained_matched_geometry,fidelity_constrained_matched_geometry__seed11419,11419,15001,6,0.6945094440026267
PushT,jepa_wm_pusht,52,6,fidelity_constrained_matched_geometry,fidelity_constrained_matched_geometry__seed11419,11419,15001,1,0.6843208257323588
PushT,jepa_wm_pusht,52,6,fidelity_constrained_matched_geometry,fidelity_constrained_matched_geometry__seed11419,11419,15001,3,0.6814980743086769
PushT,jepa_wm_pusht,52,6,fidelity_constrained_matched_geometry,fidelity_constrained_matched_geometry__seed11419,11419,15001,6,0.6684105047865221
PushT,jepa_wm_pusht,53,6,fidelity_constrained_matched_geometry,fidelity_constrained_matched_geometry__seed11419,11419,15001,1,0.9958638427866111
PushT,jepa_wm_pusht,53,6,fidelity_constrained_matched_geometry,fidelity_constrained_matched_geometry__seed11419,11419,15001,3,0.6960106990595436
PushT,jepa_wm_pusht,53,6,fidelity_constrained_matched_geometry,fidelity_constrained_matched_geometry__seed11419,11419,15001,6,0.7327175377172911
PushT,jepa_wm_pusht,54,6,fidelity_constrained_matched_geometry,fidelity_constrained_matched_geometry__seed11419,11419,15001,1,1.542468473485792
PushT,jepa_wm_pusht,54,6,fidelity_constrained_matched_geometry,fidelity_constrained_matched_geometry__seed11419,11419,15001,3,1.1532294204272737
PushT,jepa_wm_pusht,54,6,fidelity_constrained_matched_geometry,fidelity_constrained_matched_geometry__seed11419,11419,15001,6,1.1685924643288093
PushT,jepa_wm_pusht,55,6,fidelity_constrained_matched_geometry,fidelity_constrained_matched_geometry__seed11419,11419,15001,1,0.711248866745902
PushT,jepa_wm_pusht,55,6,fidelity_constrained_matched_geometry,fidelity_constrained_matched_geometry__seed11419,11419,15001,3,0.7985592885940832
PushT,jepa_wm_pusht,55,6,fidelity_constrained_matched_geometry,fidelity_constrained_matched_geometry__seed11419,11419,15001,6,0.6974659404049142
PushT,jepa_wm_pusht,8,1,fidelity_constrained_latent_only,fidelity_constrained_latent_only__seed11437,11437,15001,1,0.9696910388768311
PushT,jepa_wm_pusht,8,1,fidelity_constrained_latent_only,fidelity_constrained_latent_only__seed11437,11437,15001,3,0.8199413614490632
PushT,jepa_wm_pusht,8,1,fidelity_constrained_latent_only,fidelity_constrained_latent_only__seed11437,11437,15001,6,0.710885381765361
PushT,jepa_wm_pusht,9,1,fidelity_constrained_latent_only,fidelity_constrained_latent_only__seed11437,11437,15001,1,1.189289390334066
PushT,jepa_wm_pusht,9,1,fidelity_constrained_latent_only,fidelity_constrained_latent_only__seed11437,11437,15001,3,0.9206414433467806
PushT,jepa_wm_pusht,9,1,fidelity_constrained_latent_only,fidelity_constrained_latent_only__seed11437,11437,15001,6,0.78805961291797
PushT,jepa_wm_pusht,10,1,fidelity_constrained_latent_only,fidelity_constrained_latent_only__seed11437,11437,15001,1,1.4183346194836284
PushT,jepa_wm_pusht,10,1,fidelity_constrained_latent_only,fidelity_constrained_latent_only__seed11437,11437,15001,3,1.1560570968597523
PushT,jepa_wm_pusht,10,1,fidelity_constrained_latent_only,fidelity_constrained_latent_only__seed11437,11437,15001,6,1.0868475189180802
PushT,jepa_wm_pusht,11,1,fidelity_constrained_latent_only,fidelity_constrained_latent_only__seed11437,11437,15001,1,1.484065219084281
PushT,jepa_wm_pusht,11,1,fidelity_constrained_latent_only,fidelity_constrained_latent_only__seed11437,11437,15001,3,0.9143427259492171
PushT,jepa_wm_pusht,11,1,fidelity_constrained_latent_only,fidelity_constrained_latent_only__seed11437,11437,15001,6,0.8841508127325911
PushT,jepa_wm_pusht,12,1,fidelity_constrained_latent_only,fidelity_constrained_latent_only__seed11437,11437,15001,1,1.1912937373142891
PushT,jepa_wm_pusht,12,1,fidelity_constrained_latent_only,fidelity_constrained_latent_only__seed11437,11437,15001,3,0.8794346391567679
PushT,jepa_wm_pusht,12,1,fidelity_constrained_latent_only,fidelity_constrained_latent_only__seed11437,11437,15001,6,0.7811491230297546
PushT,jepa_wm_pusht,13,1,fidelity_constrained_latent_only,fidelity_constrained_latent_only__seed11437,11437,15001,1,1.2592630253038615
PushT,jepa_wm_pusht,13,1,fidelity_constrained_latent_only,fidelity_constrained_latent_only__seed11437,11437,15001,3,0.8354485889449412
PushT,jepa_wm_pusht,13,1,fidelity_constrained_latent_only,fidelity_constrained_latent_only__seed11437,11437,15001,6,0.7732712125074716
PushT,jepa_wm_pusht,14,1,fidelity_constrained_latent_only,fidelity_constrained_latent_only__seed11437,11437,15001,1,0.4870566008250416
PushT,jepa_wm_pusht,14,1,fidelity_constrained_latent_only,fidelity_constrained_latent_only__seed11437,11437,15001,3,0.5950790027160089
PushT,jepa_wm_pusht,14,1,fidelity_constrained_latent_only,fidelity_constrained_latent_only__seed11437,11437,15001,6,0.6420413211429165
PushT,jepa_wm_pusht,15,1,fidelity_constrained_latent_only,fidelity_constrained_latent_only__seed11437,11437,15001,1,0.5726687199924964
PushT,jepa_wm_pusht,15,1,fidelity_constrained_latent_only,fidelity_constrained_latent_only__seed11437,11437,15001,3,0.70393471244226
PushT,jepa_wm_pusht,15,1,fidelity_constrained_latent_only,fidelity_constrained_latent_only__seed11437,11437,15001,6,0.6977829950347718
PushT,jepa_wm_pusht,16,2,fidelity_constrained_latent_only,fidelity_constrained_latent_only__seed11437,11437,15001,1,1.3116974156686654
PushT,jepa_wm_pusht,16,2,fidelity_constrained_latent_only,fidelity_constrained_latent_only__seed11437,11437,15001,3,1.0505032437294588
PushT,jepa_wm_pusht,16,2,fidelity_constrained_latent_only,fidelity_constrained_latent_only__seed11437,11437,15001,6,1.026018507278322
PushT,jepa_wm_pusht,17,2,fidelity_constrained_latent_only,fidelity_constrained_latent_only__seed11437,11437,15001,1,0.6339814756686151
PushT,jepa_wm_pusht,17,2,fidelity_constrained_latent_only,fidelity_constrained_latent_only__seed11437,11437,15001,3,0.824683033105085
PushT,jepa_wm_pusht,17,2,fidelity_constrained_latent_only,fidelity_constrained_latent_only__seed11437,11437,15001,6,0.821311323939858
PushT,jepa_wm_pusht,18,2,fidelity_constrained_latent_only,fidelity_constrained_latent_only__seed11437,11437,15001,1,0.5582907632525236
PushT,jepa_wm_pusht,18,2,fidelity_constrained_latent_only,fidelity_constrained_latent_only__seed11437,11437,15001,3,0.6389480150822308
PushT,jepa_wm_pusht,18,2,fidelity_constrained_latent_only,fidelity_constrained_latent_only__seed11437,11437,15001,6,0.681214872414113
PushT,jepa_wm_pusht,19,2,fidelity_constrained_latent_only,fidelity_constrained_latent_only__seed11437,11437,15001,1,0.7840740127484674
PushT,jepa_wm_pusht,19,2,fidelity_constrained_latent_only,fidelity_constrained_latent_only__seed11437,11437,15001,3,0.6642675450287117
PushT,jepa_wm_pusht,19,2,fidelity_constrained_latent_only,fidelity_constrained_latent_only__seed11437,11437,15001,6,0.6333686436777036
PushT,jepa_wm_pusht,20,2,fidelity_constrained_latent_only,fidelity_constrained_latent_only__seed11437,11437,15001,1,1.0247305508187898
PushT,jepa_wm_pusht,20,2,fidelity_constrained_latent_only,fidelity_constrained_latent_only__seed11437,11437,15001,3,0.7570098087576175
PushT,jepa_wm_pusht,20,2,fidelity_constrained_latent_only,fidelity_constrained_latent_only__seed11437,11437,15001,6,0.7976763131628708
PushT,jepa_wm_pusht,21,2,fidelity_constrained_latent_only,fidelity_constrained_latent_only__seed11437,11437,15001,1,0.6102578626242948
PushT,jepa_wm_pusht,21,2,fidelity_constrained_latent_only,fidelity_constrained_latent_only__seed11437,11437,15001,3,0.7777236016326683
PushT,jepa_wm_pusht,21,2,fidelity_constrained_latent_only,fidelity_constrained_latent_only__seed11437,11437,15001,6,0.7977786891607527
PushT,jepa_wm_pusht,22,2,fidelity_constrained_latent_only,fidelity_constrained_latent_only__seed11437,11437,15001,1,0.6753306419324971
PushT,jepa_wm_pusht,22,2,fidelity_constrained_latent_only,fidelity_constrained_latent_only__seed11437,11437,15001,3,0.8407989544453294
PushT,jepa_wm_pusht,22,2,fidelity_constrained_latent_only,fidelity_constrained_latent_only__seed11437,11437,15001,6,0.719059593482691
PushT,jepa_wm_pusht,23,2,fidelity_constrained_latent_only,fidelity_constrained_latent_only__seed11437,11437,15001,1,0.8662748301936359
PushT,jepa_wm_pusht,23,2,fidelity_constrained_latent_only,fidelity_constrained_latent_only__seed11437,11437,15001,3,0.6160691602731785
PushT,jepa_wm_pusht,23,2,fidelity_constrained_latent_only,fidelity_constrained_latent_only__seed11437,11437,15001,6,0.667203063302151
PushT,jepa_wm_pusht,48,6,fidelity_constrained_latent_only,fidelity_constrained_latent_only__seed11437,11437,15001,1,1.6019711594398574
PushT,jepa_wm_pusht,48,6,fidelity_constrained_latent_only,fidelity_constrained_latent_only__seed11437,11437,15001,3,0.851671058987801
PushT,jepa_wm_pusht,48,6,fidelity_constrained_latent_only,fidelity_constrained_latent_only__seed11437,11437,15001,6,0.7748837889047727
PushT,jepa_wm_pusht,49,6,fidelity_constrained_latent_only,fidelity_constrained_latent_only__seed11437,11437,15001,1,1.2289655831087882
PushT,jepa_wm_pusht,49,6,fidelity_constrained_latent_only,fidelity_constrained_latent_only__seed11437,11437,15001,3,0.7937512802993967
PushT,jepa_wm_pusht,49,6,fidelity_constrained_latent_only,fidelity_constrained_latent_only__seed11437,11437,15001,6,0.6303115037836244
PushT,jepa_wm_pusht,50,6,fidelity_constrained_latent_only,fidelity_constrained_latent_only__seed11437,11437,15001,1,1.062901993950743
PushT,jepa_wm_pusht,50,6,fidelity_constrained_latent_only,fidelity_constrained_latent_only__seed11437,11437,15001,3,0.8058159162355468
PushT,jepa_wm_pusht,50,6,fidelity_constrained_latent_only,fidelity_constrained_latent_only__seed11437,11437,15001,6,0.9120639644388416
PushT,jepa_wm_pusht,51,6,fidelity_constrained_latent_only,fidelity_constrained_latent_only__seed11437,11437,15001,1,1.1780350659923855
PushT,jepa_wm_pusht,51,6,fidelity_constrained_latent_only,fidelity_constrained_latent_only__seed11437,11437,15001,3,0.7833947004505125
PushT,jepa_wm_pusht,51,6,fidelity_constrained_latent_only,fidelity_constrained_latent_only__seed11437,11437,15001,6,0.6855710414132026
PushT,jepa_wm_pusht,52,6,fidelity_constrained_latent_only,fidelity_constrained_latent_only__seed11437,11437,15001,1,0.6967384020959757
PushT,jepa_wm_pusht,52,6,fidelity_constrained_latent_only,fidelity_constrained_latent_only__seed11437,11437,15001,3,0.6557612520258275
PushT,jepa_wm_pusht,52,6,fidelity_constrained_latent_only,fidelity_constrained_latent_only__seed11437,11437,15001,6,0.6592501240094751
PushT,jepa_wm_pusht,53,6,fidelity_constrained_latent_only,fidelity_constrained_latent_only__seed11437,11437,15001,1,1.014066063195536
PushT,jepa_wm_pusht,53,6,fidelity_constrained_latent_only,fidelity_constrained_latent_only__seed11437,11437,15001,3,0.6938000398086915
PushT,jepa_wm_pusht,53,6,fidelity_constrained_latent_only,fidelity_constrained_latent_only__seed11437,11437,15001,6,0.7446453315743824
PushT,jepa_wm_pusht,54,6,fidelity_constrained_latent_only,fidelity_constrained_latent_only__seed11437,11437,15001,1,1.575330146191924
PushT,jepa_wm_pusht,54,6,fidelity_constrained_latent_only,fidelity_constrained_latent_only__seed11437,11437,15001,3,1.1751815771154914
PushT,jepa_wm_pusht,54,6,fidelity_constrained_latent_only,fidelity_constrained_latent_only__seed11437,11437,15001,6,1.1941912374747083
PushT,jepa_wm_pusht,55,6,fidelity_constrained_latent_only,fidelity_constrained_latent_only__seed11437,11437,15001,1,0.7121985747083479
PushT,jepa_wm_pusht,55,6,fidelity_constrained_latent_only,fidelity_constrained_latent_only__seed11437,11437,15001,3,0.8162980615771623
PushT,jepa_wm_pusht,55,6,fidelity_constrained_latent_only,fidelity_constrained_latent_only__seed11437,11437,15001,6,0.7274558232920498
PushT,jepa_wm_pusht,8,1,fidelity_constrained_shuffled_geometry,fidelity_constrained_shuffled_geometry__seed11437,11437,15001,1,0.9729661455297031
PushT,jepa_wm_pusht,8,1,fidelity_constrained_shuffled_geometry,fidelity_constrained_shuffled_geometry__seed11437,11437,15001,3,0.8542255028216169
PushT,jepa_wm_pusht,8,1,fidelity_constrained_shuffled_geometry,fidelity_constrained_shuffled_geometry__seed11437,11437,15001,6,0.7709824778582149
PushT,jepa_wm_pusht,9,1,fidelity_constrained_shuffled_geometry,fidelity_constrained_shuffled_geometry__seed11437,11437,15001,1,1.2128767321544822
PushT,jepa_wm_pusht,9,1,fidelity_constrained_shuffled_geometry,fidelity_constrained_shuffled_geometry__seed11437,11437,15001,3,0.9261164804554505
PushT,jepa_wm_pusht,9,1,fidelity_constrained_shuffled_geometry,fidelity_constrained_shuffled_geometry__seed11437,11437,15001,6,0.7943452427360331
PushT,jepa_wm_pusht,10,1,fidelity_constrained_shuffled_geometry,fidelity_constrained_shuffled_geometry__seed11437,11437,15001,1,1.4231001797363618
PushT,jepa_wm_pusht,10,1,fidelity_constrained_shuffled_geometry,fidelity_constrained_shuffled_geometry__seed11437,11437,15001,3,1.1615950129266601
PushT,jepa_wm_pusht,10,1,fidelity_constrained_shuffled_geometry,fidelity_constrained_shuffled_geometry__seed11437,11437,15001,6,1.085660365151338
PushT,jepa_wm_pusht,11,1,fidelity_constrained_shuffled_geometry,fidelity_constrained_shuffled_geometry__seed11437,11437,15001,1,1.4988736237757627
PushT,jepa_wm_pusht,11,1,fidelity_constrained_shuffled_geometry,fidelity_constrained_shuffled_geometry__seed11437,11437,15001,3,0.8577278148238122
PushT,jepa_wm_pusht,11,1,fidelity_constrained_shuffled_geometry,fidelity_constrained_shuffled_geometry__seed11437,11437,15001,6,0.8831107985152985
PushT,jepa_wm_pusht,12,1,fidelity_constrained_shuffled_geometry,fidelity_constrained_shuffled_geometry__seed11437,11437,15001,1,1.1853217150838307
PushT,jepa_wm_pusht,12,1,fidelity_constrained_shuffled_geometry,fidelity_constrained_shuffled_geometry__seed11437,11437,15001,3,0.8631698592767835
PushT,jepa_wm_pusht,12,1,fidelity_constrained_shuffled_geometry,fidelity_constrained_shuffled_geometry__seed11437,11437,15001,6,0.7563887330665557
PushT,jepa_wm_pusht,13,1,fidelity_constrained_shuffled_geometry,fidelity_constrained_shuffled_geometry__seed11437,11437,15001,1,1.3097363527022892
PushT,jepa_wm_pusht,13,1,fidelity_constrained_shuffled_geometry,fidelity_constrained_shuffled_geometry__seed11437,11437,15001,3,0.8941739283115766
PushT,jepa_wm_pusht,13,1,fidelity_constrained_shuffled_geometry,fidelity_constrained_shuffled_geometry__seed11437,11437,15001,6,0.81759638462803
PushT,jepa_wm_pusht,14,1,fidelity_constrained_shuffled_geometry,fidelity_constrained_shuffled_geometry__seed11437,11437,15001,1,0.48421486916373535
PushT,jepa_wm_pusht,14,1,fidelity_constrained_shuffled_geometry,fidelity_constrained_shuffled_geometry__seed11437,11437,15001,3,0.6456889102705646
PushT,jepa_wm_pusht,14,1,fidelity_constrained_shuffled_geometry,fidelity_constrained_shuffled_geometry__seed11437,11437,15001,6,0.672218781416969
PushT,jepa_wm_pusht,15,1,fidelity_constrained_shuffled_geometry,fidelity_constrained_shuffled_geometry__seed11437,11437,15001,1,0.5754568574918005
PushT,jepa_wm_pusht,15,1,fidelity_constrained_shuffled_geometry,fidelity_constrained_shuffled_geometry__seed11437,11437,15001,3,0.7910850476333395
PushT,jepa_wm_pusht,15,1,fidelity_constrained_shuffled_geometry,fidelity_constrained_shuffled_geometry__seed11437,11437,15001,6,0.759468613500959
PushT,jepa_wm_pusht,16,2,fidelity_constrained_shuffled_geometry,fidelity_constrained_shuffled_geometry__seed11437,11437,15001,1,1.3129741675366338
PushT,jepa_wm_pusht,16,2,fidelity_constrained_shuffled_geometry,fidelity_constrained_shuffled_geometry__seed11437,11437,15001,3,1.056299840507407
PushT,jepa_wm_pusht,16,2,fidelity_constrained_shuffled_geometry,fidelity_constrained_shuffled_geometry__seed11437,11437,15001,6,1.0258744209446613
PushT,jepa_wm_pusht,17,2,fidelity_constrained_shuffled_geometry,fidelity_constrained_shuffled_geometry__seed11437,11437,15001,1,0.6513732565852065
PushT,jepa_wm_pusht,17,2,fidelity_constrained_shuffled_geometry,fidelity_constrained_shuffled_geometry__seed11437,11437,15001,3,0.8509753622064252
PushT,jepa_wm_pusht,17,2,fidelity_constrained_shuffled_geometry,fidelity_constrained_shuffled_geometry__seed11437,11437,15001,6,0.7757935304236578
PushT,jepa_wm_pusht,18,2,fidelity_constrained_shuffled_geometry,fidelity_constrained_shuffled_geometry__seed11437,11437,15001,1,0.5759779659755213
PushT,jepa_wm_pusht,18,2,fidelity_constrained_shuffled_geometry,fidelity_constrained_shuffled_geometry__seed11437,11437,15001,3,0.6767071435451635
PushT,jepa_wm_pusht,18,2,fidelity_constrained_shuffled_geometry,fidelity_constrained_shuffled_geometry__seed11437,11437,15001,6,0.7204686655527014
PushT,jepa_wm_pusht,19,2,fidelity_constrained_shuffled_geometry,fidelity_constrained_shuffled_geometry__seed11437,11437,15001,1,0.8020195685429928
PushT,jepa_wm_pusht,19,2,fidelity_constrained_shuffled_geometry,fidelity_constrained_shuffled_geometry__seed11437,11437,15001,3,0.701552249555878
PushT,jepa_wm_pusht,19,2,fidelity_constrained_shuffled_geometry,fidelity_constrained_shuffled_geometry__seed11437,11437,15001,6,0.6826980909897646
PushT,jepa_wm_pusht,20,2,fidelity_constrained_shuffled_geometry,fidelity_constrained_shuffled_geometry__seed11437,11437,15001,1,1.0523730481527267
PushT,jepa_wm_pusht,20,2,fidelity_constrained_shuffled_geometry,fidelity_constrained_shuffled_geometry__seed11437,11437,15001,3,0.8096050261215876
PushT,jepa_wm_pusht,20,2,fidelity_constrained_shuffled_geometry,fidelity_constrained_shuffled_geometry__seed11437,11437,15001,6,0.8383467179768876
PushT,jepa_wm_pusht,21,2,fidelity_constrained_shuffled_geometry,fidelity_constrained_shuffled_geometry__seed11437,11437,15001,1,0.6149091517644423
PushT,jepa_wm_pusht,21,2,fidelity_constrained_shuffled_geometry,fidelity_constrained_shuffled_geometry__seed11437,11437,15001,3,0.8213932279536711
PushT,jepa_wm_pusht,21,2,fidelity_constrained_shuffled_geometry,fidelity_constrained_shuffled_geometry__seed11437,11437,15001,6,0.8669472311064723
PushT,jepa_wm_pusht,22,2,fidelity_constrained_shuffled_geometry,fidelity_constrained_shuffled_geometry__seed11437,11437,15001,1,0.6559416688576157
PushT,jepa_wm_pusht,22,2,fidelity_constrained_shuffled_geometry,fidelity_constrained_shuffled_geometry__seed11437,11437,15001,3,0.8561482476833207
PushT,jepa_wm_pusht,22,2,fidelity_constrained_shuffled_geometry,fidelity_constrained_shuffled_geometry__seed11437,11437,15001,6,0.7595012554807838
PushT,jepa_wm_pusht,23,2,fidelity_constrained_shuffled_geometry,fidelity_constrained_shuffled_geometry__seed11437,11437,15001,1,0.9172438476879774
PushT,jepa_wm_pusht,23,2,fidelity_constrained_shuffled_geometry,fidelity_constrained_shuffled_geometry__seed11437,11437,15001,3,0.6714811007270065
PushT,jepa_wm_pusht,23,2,fidelity_constrained_shuffled_geometry,fidelity_constrained_shuffled_geometry__seed11437,11437,15001,6,0.7832925752797679
PushT,jepa_wm_pusht,48,6,fidelity_constrained_shuffled_geometry,fidelity_constrained_shuffled_geometry__seed11437,11437,15001,1,1.6156075594110553
PushT,jepa_wm_pusht,48,6,fidelity_constrained_shuffled_geometry,fidelity_constrained_shuffled_geometry__seed11437,11437,15001,3,0.8518554975990995
PushT,jepa_wm_pusht,48,6,fidelity_constrained_shuffled_geometry,fidelity_constrained_shuffled_geometry__seed11437,11437,15001,6,0.794219592293399
PushT,jepa_wm_pusht,49,6,fidelity_constrained_shuffled_geometry,fidelity_constrained_shuffled_geometry__seed11437,11437,15001,1,1.2598121251462515
PushT,jepa_wm_pusht,49,6,fidelity_constrained_shuffled_geometry,fidelity_constrained_shuffled_geometry__seed11437,11437,15001,3,0.83947289470255
PushT,jepa_wm_pusht,49,6,fidelity_constrained_shuffled_geometry,fidelity_constrained_shuffled_geometry__seed11437,11437,15001,6,0.6912959841233645
PushT,jepa_wm_pusht,50,6,fidelity_constrained_shuffled_geometry,fidelity_constrained_shuffled_geometry__seed11437,11437,15001,1,1.1033532642169421
PushT,jepa_wm_pusht,50,6,fidelity_constrained_shuffled_geometry,fidelity_constrained_shuffled_geometry__seed11437,11437,15001,3,0.8424987176233464
PushT,jepa_wm_pusht,50,6,fidelity_constrained_shuffled_geometry,fidelity_constrained_shuffled_geometry__seed11437,11437,15001,6,1.0383650340980874
PushT,jepa_wm_pusht,51,6,fidelity_constrained_shuffled_geometry,fidelity_constrained_shuffled_geometry__seed11437,11437,15001,1,1.2199341506855714
PushT,jepa_wm_pusht,51,6,fidelity_constrained_shuffled_geometry,fidelity_constrained_shuffled_geometry__seed11437,11437,15001,3,0.7939740694354552
PushT,jepa_wm_pusht,51,6,fidelity_constrained_shuffled_geometry,fidelity_constrained_shuffled_geometry__seed11437,11437,15001,6,0.7659269843168752
PushT,jepa_wm_pusht,52,6,fidelity_constrained_shuffled_geometry,fidelity_constrained_shuffled_geometry__seed11437,11437,15001,1,0.6902945236178292
PushT,jepa_wm_pusht,52,6,fidelity_constrained_shuffled_geometry,fidelity_constrained_shuffled_geometry__seed11437,11437,15001,3,0.7472696459112506
PushT,jepa_wm_pusht,52,6,fidelity_constrained_shuffled_geometry,fidelity_constrained_shuffled_geometry__seed11437,11437,15001,6,0.7356812220993227
PushT,jepa_wm_pusht,53,6,fidelity_constrained_shuffled_geometry,fidelity_constrained_shuffled_geometry__seed11437,11437,15001,1,1.0059674499202327
PushT,jepa_wm_pusht,53,6,fidelity_constrained_shuffled_geometry,fidelity_constrained_shuffled_geometry__seed11437,11437,15001,3,0.7485705517712503
PushT,jepa_wm_pusht,53,6,fidelity_constrained_shuffled_geometry,fidelity_constrained_shuffled_geometry__seed11437,11437,15001,6,0.8057970703253762
PushT,jepa_wm_pusht,54,6,fidelity_constrained_shuffled_geometry,fidelity_constrained_shuffled_geometry__seed11437,11437,15001,1,1.5408750918259946
PushT,jepa_wm_pusht,54,6,fidelity_constrained_shuffled_geometry,fidelity_constrained_shuffled_geometry__seed11437,11437,15001,3,1.158070594288874
PushT,jepa_wm_pusht,54,6,fidelity_constrained_shuffled_geometry,fidelity_constrained_shuffled_geometry__seed11437,11437,15001,6,1.1610144482199973
PushT,jepa_wm_pusht,55,6,fidelity_constrained_shuffled_geometry,fidelity_constrained_shuffled_geometry__seed11437,11437,15001,1,0.7260102262177645
PushT,jepa_wm_pusht,55,6,fidelity_constrained_shuffled_geometry,fidelity_constrained_shuffled_geometry__seed11437,11437,15001,3,0.8407893603215693
PushT,jepa_wm_pusht,55,6,fidelity_constrained_shuffled_geometry,fidelity_constrained_shuffled_geometry__seed11437,11437,15001,6,0.7207229312215385
PushT,jepa_wm_pusht,8,1,fidelity_constrained_matched_geometry,fidelity_constrained_matched_geometry__seed11437,11437,15001,1,0.9710292551639305
PushT,jepa_wm_pusht,8,1,fidelity_constrained_matched_geometry,fidelity_constrained_matched_geometry__seed11437,11437,15001,3,0.8115436084650598
PushT,jepa_wm_pusht,8,1,fidelity_constrained_matched_geometry,fidelity_constrained_matched_geometry__seed11437,11437,15001,6,0.6955316313464449
PushT,jepa_wm_pusht,9,1,fidelity_constrained_matched_geometry,fidelity_constrained_matched_geometry__seed11437,11437,15001,1,1.1948491079271057
PushT,jepa_wm_pusht,9,1,fidelity_constrained_matched_geometry,fidelity_constrained_matched_geometry__seed11437,11437,15001,3,0.8854916488734579
PushT,jepa_wm_pusht,9,1,fidelity_constrained_matched_geometry,fidelity_constrained_matched_geometry__seed11437,11437,15001,6,0.745262507105441
PushT,jepa_wm_pusht,10,1,fidelity_constrained_matched_geometry,fidelity_constrained_matched_geometry__seed11437,11437,15001,1,1.4162386549267845
PushT,jepa_wm_pusht,10,1,fidelity_constrained_matched_geometry,fidelity_constrained_matched_geometry__seed11437,11437,15001,3,1.156675132198519
PushT,jepa_wm_pusht,10,1,fidelity_constrained_matched_geometry,fidelity_constrained_matched_geometry__seed11437,11437,15001,6,1.0517020052509738
PushT,jepa_wm_pusht,11,1,fidelity_constrained_matched_geometry,fidelity_constrained_matched_geometry__seed11437,11437,15001,1,1.4832683758427068
PushT,jepa_wm_pusht,11,1,fidelity_constrained_matched_geometry,fidelity_constrained_matched_geometry__seed11437,11437,15001,3,0.8929491632342561
PushT,jepa_wm_pusht,11,1,fidelity_constrained_matched_geometry,fidelity_constrained_matched_geometry__seed11437,11437,15001,6,0.8594551331116906
PushT,jepa_wm_pusht,12,1,fidelity_constrained_matched_geometry,fidelity_constrained_matched_geometry__seed11437,11437,15001,1,1.1836379077157337
PushT,jepa_wm_pusht,12,1,fidelity_constrained_matched_geometry,fidelity_constrained_matched_geometry__seed11437,11437,15001,3,0.8475608337278545
PushT,jepa_wm_pusht,12,1,fidelity_constrained_matched_geometry,fidelity_constrained_matched_geometry__seed11437,11437,15001,6,0.7406619094985566
PushT,jepa_wm_pusht,13,1,fidelity_constrained_matched_geometry,fidelity_constrained_matched_geometry__seed11437,11437,15001,1,1.278881818125829
PushT,jepa_wm_pusht,13,1,fidelity_constrained_matched_geometry,fidelity_constrained_matched_geometry__seed11437,11437,15001,3,0.8462909021355703
PushT,jepa_wm_pusht,13,1,fidelity_constrained_matched_geometry,fidelity_constrained_matched_geometry__seed11437,11437,15001,6,0.7814601391262752
PushT,jepa_wm_pusht,14,1,fidelity_constrained_matched_geometry,fidelity_constrained_matched_geometry__seed11437,11437,15001,1,0.4822669820899525
PushT,jepa_wm_pusht,14,1,fidelity_constrained_matched_geometry,fidelity_constrained_matched_geometry__seed11437,11437,15001,3,0.5963579945938464
PushT,jepa_wm_pusht,14,1,fidelity_constrained_matched_geometry,fidelity_constrained_matched_geometry__seed11437,11437,15001,6,0.6334870157039669
PushT,jepa_wm_pusht,15,1,fidelity_constrained_matched_geometry,fidelity_constrained_matched_geometry__seed11437,11437,15001,1,0.5682222219901331
PushT,jepa_wm_pusht,15,1,fidelity_constrained_matched_geometry,fidelity_constrained_matched_geometry__seed11437,11437,15001,3,0.7151085939445874
PushT,jepa_wm_pusht,15,1,fidelity_constrained_matched_geometry,fidelity_constrained_matched_geometry__seed11437,11437,15001,6,0.6893570461996573
PushT,jepa_wm_pusht,16,2,fidelity_constrained_matched_geometry,fidelity_constrained_matched_geometry__seed11437,11437,15001,1,1.2925707498711225
PushT,jepa_wm_pusht,16,2,fidelity_constrained_matched_geometry,fidelity_constrained_matched_geometry__seed11437,11437,15001,3,1.0235085461123925
PushT,jepa_wm_pusht,16,2,fidelity_constrained_matched_geometry,fidelity_constrained_matched_geometry__seed11437,11437,15001,6,0.9921441203723754
PushT,jepa_wm_pusht,17,2,fidelity_constrained_matched_geometry,fidelity_constrained_matched_geometry__seed11437,11437,15001,1,0.6396350881526152
PushT,jepa_wm_pusht,17,2,fidelity_constrained_matched_geometry,fidelity_constrained_matched_geometry__seed11437,11437,15001,3,0.8211909455411576
PushT,jepa_wm_pusht,17,2,fidelity_constrained_matched_geometry,fidelity_constrained_matched_geometry__seed11437,11437,15001,6,0.8067132635109184
PushT,jepa_wm_pusht,18,2,fidelity_constrained_matched_geometry,fidelity_constrained_matched_geometry__seed11437,11437,15001,1,0.5656976202331363
PushT,jepa_wm_pusht,18,2,fidelity_constrained_matched_geometry,fidelity_constrained_matched_geometry__seed11437,11437,15001,3,0.6407335306469196
PushT,jepa_wm_pusht,18,2,fidelity_constrained_matched_geometry,fidelity_constrained_matched_geometry__seed11437,11437,15001,6,0.6778720277354141
PushT,jepa_wm_pusht,19,2,fidelity_constrained_matched_geometry,fidelity_constrained_matched_geometry__seed11437,11437,15001,1,0.7800264352290788
PushT,jepa_wm_pusht,19,2,fidelity_constrained_matched_geometry,fidelity_constrained_matched_geometry__seed11437,11437,15001,3,0.6728817711052982
PushT,jepa_wm_pusht,19,2,fidelity_constrained_matched_geometry,fidelity_constrained_matched_geometry__seed11437,11437,15001,6,0.6321982748912834
PushT,jepa_wm_pusht,20,2,fidelity_constrained_matched_geometry,fidelity_constrained_matched_geometry__seed11437,11437,15001,1,1.0407915598262918
PushT,jepa_wm_pusht,20,2,fidelity_constrained_matched_geometry,fidelity_constrained_matched_geometry__seed11437,11437,15001,3,0.7582704340504945
PushT,jepa_wm_pusht,20,2,fidelity_constrained_matched_geometry,fidelity_constrained_matched_geometry__seed11437,11437,15001,6,0.7694509162631694
PushT,jepa_wm_pusht,21,2,fidelity_constrained_matched_geometry,fidelity_constrained_matched_geometry__seed11437,11437,15001,1,0.6010455370368191
PushT,jepa_wm_pusht,21,2,fidelity_constrained_matched_geometry,fidelity_constrained_matched_geometry__seed11437,11437,15001,3,0.7839963149649946
PushT,jepa_wm_pusht,21,2,fidelity_constrained_matched_geometry,fidelity_constrained_matched_geometry__seed11437,11437,15001,6,0.7971563949115033
PushT,jepa_wm_pusht,22,2,fidelity_constrained_matched_geometry,fidelity_constrained_matched_geometry__seed11437,11437,15001,1,0.6558445303829915
PushT,jepa_wm_pusht,22,2,fidelity_constrained_matched_geometry,fidelity_constrained_matched_geometry__seed11437,11437,15001,3,0.8288138027228543
PushT,jepa_wm_pusht,22,2,fidelity_constrained_matched_geometry,fidelity_constrained_matched_geometry__seed11437,11437,15001,6,0.6977442212497698
PushT,jepa_wm_pusht,23,2,fidelity_constrained_matched_geometry,fidelity_constrained_matched_geometry__seed11437,11437,15001,1,0.8814467891840018
PushT,jepa_wm_pusht,23,2,fidelity_constrained_matched_geometry,fidelity_constrained_matched_geometry__seed11437,11437,15001,3,0.6258393109569121
PushT,jepa_wm_pusht,23,2,fidelity_constrained_matched_geometry,fidelity_constrained_matched_geometry__seed11437,11437,15001,6,0.6751419806198543
PushT,jepa_wm_pusht,48,6,fidelity_constrained_matched_geometry,fidelity_constrained_matched_geometry__seed11437,11437,15001,1,1.5901076471828606
PushT,jepa_wm_pusht,48,6,fidelity_constrained_matched_geometry,fidelity_constrained_matched_geometry__seed11437,11437,15001,3,0.8338121949503674
PushT,jepa_wm_pusht,48,6,fidelity_constrained_matched_geometry,fidelity_constrained_matched_geometry__seed11437,11437,15001,6,0.7364688867325085
PushT,jepa_wm_pusht,49,6,fidelity_constrained_matched_geometry,fidelity_constrained_matched_geometry__seed11437,11437,15001,1,1.2252443470383716
PushT,jepa_wm_pusht,49,6,fidelity_constrained_matched_geometry,fidelity_constrained_matched_geometry__seed11437,11437,15001,3,0.7944538195598398
PushT,jepa_wm_pusht,49,6,fidelity_constrained_matched_geometry,fidelity_constrained_matched_geometry__seed11437,11437,15001,6,0.6227688586547528
PushT,jepa_wm_pusht,50,6,fidelity_constrained_matched_geometry,fidelity_constrained_matched_geometry__seed11437,11437,15001,1,1.073664640584728
PushT,jepa_wm_pusht,50,6,fidelity_constrained_matched_geometry,fidelity_constrained_matched_geometry__seed11437,11437,15001,3,0.7878724468312032
PushT,jepa_wm_pusht,50,6,fidelity_constrained_matched_geometry,fidelity_constrained_matched_geometry__seed11437,11437,15001,6,0.86869188136473
PushT,jepa_wm_pusht,51,6,fidelity_constrained_matched_geometry,fidelity_constrained_matched_geometry__seed11437,11437,15001,1,1.1945134593656408
PushT,jepa_wm_pusht,51,6,fidelity_constrained_matched_geometry,fidelity_constrained_matched_geometry__seed11437,11437,15001,3,0.7762812431169372
PushT,jepa_wm_pusht,51,6,fidelity_constrained_matched_geometry,fidelity_constrained_matched_geometry__seed11437,11437,15001,6,0.6967134888611625
PushT,jepa_wm_pusht,52,6,fidelity_constrained_matched_geometry,fidelity_constrained_matched_geometry__seed11437,11437,15001,1,0.6844064565400585
PushT,jepa_wm_pusht,52,6,fidelity_constrained_matched_geometry,fidelity_constrained_matched_geometry__seed11437,11437,15001,3,0.6831454836976438
PushT,jepa_wm_pusht,52,6,fidelity_constrained_matched_geometry,fidelity_constrained_matched_geometry__seed11437,11437,15001,6,0.671586899772495
PushT,jepa_wm_pusht,53,6,fidelity_constrained_matched_geometry,fidelity_constrained_matched_geometry__seed11437,11437,15001,1,0.994570645865076
PushT,jepa_wm_pusht,53,6,fidelity_constrained_matched_geometry,fidelity_constrained_matched_geometry__seed11437,11437,15001,3,0.6957770858800766
PushT,jepa_wm_pusht,53,6,fidelity_constrained_matched_geometry,fidelity_constrained_matched_geometry__seed11437,11437,15001,6,0.7325703941168716
PushT,jepa_wm_pusht,54,6,fidelity_constrained_matched_geometry,fidelity_constrained_matched_geometry__seed11437,11437,15001,1,1.5482044148253198
PushT,jepa_wm_pusht,54,6,fidelity_constrained_matched_geometry,fidelity_constrained_matched_geometry__seed11437,11437,15001,3,1.1610926519708535
PushT,jepa_wm_pusht,54,6,fidelity_constrained_matched_geometry,fidelity_constrained_matched_geometry__seed11437,11437,15001,6,1.1703378424337998
PushT,jepa_wm_pusht,55,6,fidelity_constrained_matched_geometry,fidelity_constrained_matched_geometry__seed11437,11437,15001,1,0.7127391238646441
PushT,jepa_wm_pusht,55,6,fidelity_constrained_matched_geometry,fidelity_constrained_matched_geometry__seed11437,11437,15001,3,0.7969355666465993
PushT,jepa_wm_pusht,55,6,fidelity_constrained_matched_geometry,fidelity_constrained_matched_geometry__seed11437,11437,15001,6,0.6951844786632942
Wall,jepa_wm_wall,8,1,frozen,frozen,-1,15001,1,1.9212700162300431
Wall,jepa_wm_wall,8,1,frozen,frozen,-1,15001,3,1.937565560906762
Wall,jepa_wm_wall,8,1,frozen,frozen,-1,15001,6,2.0250909300994815
Wall,jepa_wm_wall,9,1,frozen,frozen,-1,15001,1,1.0194186201808804
Wall,jepa_wm_wall,9,1,frozen,frozen,-1,15001,3,1.8634474826918277
Wall,jepa_wm_wall,9,1,frozen,frozen,-1,15001,6,2.076822689200345
Wall,jepa_wm_wall,10,1,frozen,frozen,-1,15001,1,1.72132611921895
Wall,jepa_wm_wall,10,1,frozen,frozen,-1,15001,3,2.078666135871556
Wall,jepa_wm_wall,10,1,frozen,frozen,-1,15001,6,1.8744660385453569
Wall,jepa_wm_wall,11,1,frozen,frozen,-1,15001,1,1.160873276579792
Wall,jepa_wm_wall,11,1,frozen,frozen,-1,15001,3,2.26129050636949
Wall,jepa_wm_wall,11,1,frozen,frozen,-1,15001,6,1.9224773883045618
Wall,jepa_wm_wall,12,1,frozen,frozen,-1,15001,1,0.984590861849999
Wall,jepa_wm_wall,12,1,frozen,frozen,-1,15001,3,1.6866047334174723
Wall,jepa_wm_wall,12,1,frozen,frozen,-1,15001,6,2.082363427332415
Wall,jepa_wm_wall,13,1,frozen,frozen,-1,15001,1,1.5875886816277252
Wall,jepa_wm_wall,13,1,frozen,frozen,-1,15001,3,1.9158756296299113
Wall,jepa_wm_wall,13,1,frozen,frozen,-1,15001,6,1.9543334757316404
Wall,jepa_wm_wall,14,1,frozen,frozen,-1,15001,1,0.9089781333387105
Wall,jepa_wm_wall,14,1,frozen,frozen,-1,15001,3,2.0049791661684533
Wall,jepa_wm_wall,14,1,frozen,frozen,-1,15001,6,1.9468657509689231
Wall,jepa_wm_wall,15,1,frozen,frozen,-1,15001,1,1.4509103480922165
Wall,jepa_wm_wall,15,1,frozen,frozen,-1,15001,3,2.215151788128601
Wall,jepa_wm_wall,15,1,frozen,frozen,-1,15001,6,2.3419862959519606
Wall,jepa_wm_wall,16,2,frozen,frozen,-1,15001,1,1.1314284301581812
Wall,jepa_wm_wall,16,2,frozen,frozen,-1,15001,3,1.845167459323856
Wall,jepa_wm_wall,16,2,frozen,frozen,-1,15001,6,2.1700451099321887
Wall,jepa_wm_wall,17,2,frozen,frozen,-1,15001,1,1.2935583208437473
Wall,jepa_wm_wall,17,2,frozen,frozen,-1,15001,3,1.9379102420857293
Wall,jepa_wm_wall,17,2,frozen,frozen,-1,15001,6,2.2094728629031257
Wall,jepa_wm_wall,18,2,frozen,frozen,-1,15001,1,0.8713681934394131
Wall,jepa_wm_wall,18,2,frozen,frozen,-1,15001,3,1.477244544478491
Wall,jepa_wm_wall,18,2,frozen,frozen,-1,15001,6,2.272659086327256
Wall,jepa_wm_wall,19,2,frozen,frozen,-1,15001,1,1.8122503687056282
Wall,jepa_wm_wall,19,2,frozen,frozen,-1,15001,3,2.024691081033241
Wall,jepa_wm_wall,19,2,frozen,frozen,-1,15001,6,1.8871709512983816
Wall,jepa_wm_wall,20,2,frozen,frozen,-1,15001,1,1.7739956882806875
Wall,jepa_wm_wall,20,2,frozen,frozen,-1,15001,3,2.1182268353286906
Wall,jepa_wm_wall,20,2,frozen,frozen,-1,15001,6,2.143945846239121
Wall,jepa_wm_wall,21,2,frozen,frozen,-1,15001,1,1.0310597929154475
Wall,jepa_wm_wall,21,2,frozen,frozen,-1,15001,3,1.8140852101170561
Wall,jepa_wm_wall,21,2,frozen,frozen,-1,15001,6,2.203709832068449
Wall,jepa_wm_wall,22,2,frozen,frozen,-1,15001,1,1.3204804642704746
Wall,jepa_wm_wall,22,2,frozen,frozen,-1,15001,3,1.942573047129476
Wall,jepa_wm_wall,22,2,frozen,frozen,-1,15001,6,2.2331022970653276
Wall,jepa_wm_wall,23,2,frozen,frozen,-1,15001,1,1.0105421458743016
Wall,jepa_wm_wall,23,2,frozen,frozen,-1,15001,3,1.7864031055831135
Wall,jepa_wm_wall,23,2,frozen,frozen,-1,15001,6,2.0476711882185286
Wall,jepa_wm_wall,48,6,frozen,frozen,-1,15001,1,1.7773864131010926
Wall,jepa_wm_wall,48,6,frozen,frozen,-1,15001,3,2.5185446931920454
Wall,jepa_wm_wall,48,6,frozen,frozen,-1,15001,6,2.3977787162174504
Wall,jepa_wm_wall,49,6,frozen,frozen,-1,15001,1,1.6911298690077976
Wall,jepa_wm_wall,49,6,frozen,frozen,-1,15001,3,2.572745859639406
Wall,jepa_wm_wall,49,6,frozen,frozen,-1,15001,6,2.30810627008879
Wall,jepa_wm_wall,50,6,frozen,frozen,-1,15001,1,1.9915208723928037
Wall,jepa_wm_wall,50,6,frozen,frozen,-1,15001,3,2.271883452039341
Wall,jepa_wm_wall,50,6,frozen,frozen,-1,15001,6,2.3776706255604436
Wall,jepa_wm_wall,51,6,frozen,frozen,-1,15001,1,2.0900465771797574
Wall,jepa_wm_wall,51,6,frozen,frozen,-1,15001,3,2.441163024954478
Wall,jepa_wm_wall,51,6,frozen,frozen,-1,15001,6,2.2639486267769375
Wall,jepa_wm_wall,52,6,frozen,frozen,-1,15001,1,1.8244489522935041
Wall,jepa_wm_wall,52,6,frozen,frozen,-1,15001,3,2.3420660777492794
Wall,jepa_wm_wall,52,6,frozen,frozen,-1,15001,6,2.6136969266254138
Wall,jepa_wm_wall,53,6,frozen,frozen,-1,15001,1,1.4015670297533174
Wall,jepa_wm_wall,53,6,frozen,frozen,-1,15001,3,2.276140366050308
Wall,jepa_wm_wall,53,6,frozen,frozen,-1,15001,6,2.2997155599260632
Wall,jepa_wm_wall,54,6,frozen,frozen,-1,15001,1,2.1192860011917043
Wall,jepa_wm_wall,54,6,frozen,frozen,-1,15001,3,2.293984758255514
Wall,jepa_wm_wall,54,6,frozen,frozen,-1,15001,6,2.5753641528077185
Wall,jepa_wm_wall,55,6,frozen,frozen,-1,15001,1,1.7012984912802487
Wall,jepa_wm_wall,55,6,frozen,frozen,-1,15001,3,2.3370537971638776
Wall,jepa_wm_wall,55,6,frozen,frozen,-1,15001,6,2.4932805372766214
Wall,jepa_wm_wall,8,1,fidelity_constrained_latent_only,fidelity_constrained_latent_only__seed11401,11401,15001,1,1.747758041662235
Wall,jepa_wm_wall,8,1,fidelity_constrained_latent_only,fidelity_constrained_latent_only__seed11401,11401,15001,3,1.8706750862747972
Wall,jepa_wm_wall,8,1,fidelity_constrained_latent_only,fidelity_constrained_latent_only__seed11401,11401,15001,6,2.106214760924137
Wall,jepa_wm_wall,9,1,fidelity_constrained_latent_only,fidelity_constrained_latent_only__seed11401,11401,15001,1,0.9774627430043539
Wall,jepa_wm_wall,9,1,fidelity_constrained_latent_only,fidelity_constrained_latent_only__seed11401,11401,15001,3,1.6113713558694482
Wall,jepa_wm_wall,9,1,fidelity_constrained_latent_only,fidelity_constrained_latent_only__seed11401,11401,15001,6,2.041026317903185
Wall,jepa_wm_wall,10,1,fidelity_constrained_latent_only,fidelity_constrained_latent_only__seed11401,11401,15001,1,1.6143625293399848
Wall,jepa_wm_wall,10,1,fidelity_constrained_latent_only,fidelity_constrained_latent_only__seed11401,11401,15001,3,2.0256377799382106
Wall,jepa_wm_wall,10,1,fidelity_constrained_latent_only,fidelity_constrained_latent_only__seed11401,11401,15001,6,1.9690040614739253
Wall,jepa_wm_wall,11,1,fidelity_constrained_latent_only,fidelity_constrained_latent_only__seed11401,11401,15001,1,1.1194689163634084
Wall,jepa_wm_wall,11,1,fidelity_constrained_latent_only,fidelity_constrained_latent_only__seed11401,11401,15001,3,2.040454777443468
Wall,jepa_wm_wall,11,1,fidelity_constrained_latent_only,fidelity_constrained_latent_only__seed11401,11401,15001,6,1.9622075336612168
Wall,jepa_wm_wall,12,1,fidelity_constrained_latent_only,fidelity_constrained_latent_only__seed11401,11401,15001,1,0.9377537701635315
Wall,jepa_wm_wall,12,1,fidelity_constrained_latent_only,fidelity_constrained_latent_only__seed11401,11401,15001,3,1.528827325257462
Wall,jepa_wm_wall,12,1,fidelity_constrained_latent_only,fidelity_constrained_latent_only__seed11401,11401,15001,6,2.135342780151217
Wall,jepa_wm_wall,13,1,fidelity_constrained_latent_only,fidelity_constrained_latent_only__seed11401,11401,15001,1,1.3025731887452865
Wall,jepa_wm_wall,13,1,fidelity_constrained_latent_only,fidelity_constrained_latent_only__seed11401,11401,15001,3,1.8551543814733265
Wall,jepa_wm_wall,13,1,fidelity_constrained_latent_only,fidelity_constrained_latent_only__seed11401,11401,15001,6,2.0538286968781088
Wall,jepa_wm_wall,14,1,fidelity_constrained_latent_only,fidelity_constrained_latent_only__seed11401,11401,15001,1,0.9552228725661692
Wall,jepa_wm_wall,14,1,fidelity_constrained_latent_only,fidelity_constrained_latent_only__seed11401,11401,15001,3,1.8766588286058157
Wall,jepa_wm_wall,14,1,fidelity_constrained_latent_only,fidelity_constrained_latent_only__seed11401,11401,15001,6,1.915466638703069
Wall,jepa_wm_wall,15,1,fidelity_constrained_latent_only,fidelity_constrained_latent_only__seed11401,11401,15001,1,1.3028536378073388
Wall,jepa_wm_wall,15,1,fidelity_constrained_latent_only,fidelity_constrained_latent_only__seed11401,11401,15001,3,1.9240045993165829
Wall,jepa_wm_wall,15,1,fidelity_constrained_latent_only,fidelity_constrained_latent_only__seed11401,11401,15001,6,2.4876842193518467
Wall,jepa_wm_wall,16,2,fidelity_constrained_latent_only,fidelity_constrained_latent_only__seed11401,11401,15001,1,1.1298583691337443
Wall,jepa_wm_wall,16,2,fidelity_constrained_latent_only,fidelity_constrained_latent_only__seed11401,11401,15001,3,1.6917506677249485
Wall,jepa_wm_wall,16,2,fidelity_constrained_latent_only,fidelity_constrained_latent_only__seed11401,11401,15001,6,2.145753594341339
Wall,jepa_wm_wall,17,2,fidelity_constrained_latent_only,fidelity_constrained_latent_only__seed11401,11401,15001,1,1.258414384055665
Wall,jepa_wm_wall,17,2,fidelity_constrained_latent_only,fidelity_constrained_latent_only__seed11401,11401,15001,3,1.6228378479422823
Wall,jepa_wm_wall,17,2,fidelity_constrained_latent_only,fidelity_constrained_latent_only__seed11401,11401,15001,6,2.2013205759304655
Wall,jepa_wm_wall,18,2,fidelity_constrained_latent_only,fidelity_constrained_latent_only__seed11401,11401,15001,1,0.9007640884706882
Wall,jepa_wm_wall,18,2,fidelity_constrained_latent_only,fidelity_constrained_latent_only__seed11401,11401,15001,3,1.5135605819565119
Wall,jepa_wm_wall,18,2,fidelity_constrained_latent_only,fidelity_constrained_latent_only__seed11401,11401,15001,6,2.0739383302631116
Wall,jepa_wm_wall,19,2,fidelity_constrained_latent_only,fidelity_constrained_latent_only__seed11401,11401,15001,1,1.6874440074454287
Wall,jepa_wm_wall,19,2,fidelity_constrained_latent_only,fidelity_constrained_latent_only__seed11401,11401,15001,3,1.8589535180280756
Wall,jepa_wm_wall,19,2,fidelity_constrained_latent_only,fidelity_constrained_latent_only__seed11401,11401,15001,6,1.9250245596835376
Wall,jepa_wm_wall,20,2,fidelity_constrained_latent_only,fidelity_constrained_latent_only__seed11401,11401,15001,1,1.5792351445707034
Wall,jepa_wm_wall,20,2,fidelity_constrained_latent_only,fidelity_constrained_latent_only__seed11401,11401,15001,3,2.0176316498170848
Wall,jepa_wm_wall,20,2,fidelity_constrained_latent_only,fidelity_constrained_latent_only__seed11401,11401,15001,6,2.179032116576392
Wall,jepa_wm_wall,21,2,fidelity_constrained_latent_only,fidelity_constrained_latent_only__seed11401,11401,15001,1,1.022291351272495
Wall,jepa_wm_wall,21,2,fidelity_constrained_latent_only,fidelity_constrained_latent_only__seed11401,11401,15001,3,1.5677401381553133
Wall,jepa_wm_wall,21,2,fidelity_constrained_latent_only,fidelity_constrained_latent_only__seed11401,11401,15001,6,2.23722331770365
Wall,jepa_wm_wall,22,2,fidelity_constrained_latent_only,fidelity_constrained_latent_only__seed11401,11401,15001,1,1.2844695466156035
Wall,jepa_wm_wall,22,2,fidelity_constrained_latent_only,fidelity_constrained_latent_only__seed11401,11401,15001,3,1.6474799297245828
Wall,jepa_wm_wall,22,2,fidelity_constrained_latent_only,fidelity_constrained_latent_only__seed11401,11401,15001,6,2.2094915527237284
Wall,jepa_wm_wall,23,2,fidelity_constrained_latent_only,fidelity_constrained_latent_only__seed11401,11401,15001,1,0.999392726411057
Wall,jepa_wm_wall,23,2,fidelity_constrained_latent_only,fidelity_constrained_latent_only__seed11401,11401,15001,3,1.6567443928907728
Wall,jepa_wm_wall,23,2,fidelity_constrained_latent_only,fidelity_constrained_latent_only__seed11401,11401,15001,6,2.050854316321917
Wall,jepa_wm_wall,48,6,fidelity_constrained_latent_only,fidelity_constrained_latent_only__seed11401,11401,15001,1,1.545472963847272
Wall,jepa_wm_wall,48,6,fidelity_constrained_latent_only,fidelity_constrained_latent_only__seed11401,11401,15001,3,2.2344960058668604
Wall,jepa_wm_wall,48,6,fidelity_constrained_latent_only,fidelity_constrained_latent_only__seed11401,11401,15001,6,2.6829188709364122
Wall,jepa_wm_wall,49,6,fidelity_constrained_latent_only,fidelity_constrained_latent_only__seed11401,11401,15001,1,1.512233654834743
Wall,jepa_wm_wall,49,6,fidelity_constrained_latent_only,fidelity_constrained_latent_only__seed11401,11401,15001,3,2.2777805740372736
Wall,jepa_wm_wall,49,6,fidelity_constrained_latent_only,fidelity_constrained_latent_only__seed11401,11401,15001,6,2.6468858278935516
Wall,jepa_wm_wall,50,6,fidelity_constrained_latent_only,fidelity_constrained_latent_only__seed11401,11401,15001,1,1.711259664800152
Wall,jepa_wm_wall,50,6,fidelity_constrained_latent_only,fidelity_constrained_latent_only__seed11401,11401,15001,3,2.077874509231147
Wall,jepa_wm_wall,50,6,fidelity_constrained_latent_only,fidelity_constrained_latent_only__seed11401,11401,15001,6,2.612131205943784
Wall,jepa_wm_wall,51,6,fidelity_constrained_latent_only,fidelity_constrained_latent_only__seed11401,11401,15001,1,1.8082840483191394
Wall,jepa_wm_wall,51,6,fidelity_constrained_latent_only,fidelity_constrained_latent_only__seed11401,11401,15001,3,2.201132198530997
Wall,jepa_wm_wall,51,6,fidelity_constrained_latent_only,fidelity_constrained_latent_only__seed11401,11401,15001,6,2.5057669739302755
Wall,jepa_wm_wall,52,6,fidelity_constrained_latent_only,fidelity_constrained_latent_only__seed11401,11401,15001,1,1.487199752051214
Wall,jepa_wm_wall,52,6,fidelity_constrained_latent_only,fidelity_constrained_latent_only__seed11401,11401,15001,3,2.128717496462338
Wall,jepa_wm_wall,52,6,fidelity_constrained_latent_only,fidelity_constrained_latent_only__seed11401,11401,15001,6,2.659569652840501
Wall,jepa_wm_wall,53,6,fidelity_constrained_latent_only,fidelity_constrained_latent_only__seed11401,11401,15001,1,1.1817027409688026
Wall,jepa_wm_wall,53,6,fidelity_constrained_latent_only,fidelity_constrained_latent_only__seed11401,11401,15001,3,2.0165316256484154
Wall,jepa_wm_wall,53,6,fidelity_constrained_latent_only,fidelity_constrained_latent_only__seed11401,11401,15001,6,2.4667960757598926
Wall,jepa_wm_wall,54,6,fidelity_constrained_latent_only,fidelity_constrained_latent_only__seed11401,11401,15001,1,1.753706783571264
Wall,jepa_wm_wall,54,6,fidelity_constrained_latent_only,fidelity_constrained_latent_only__seed11401,11401,15001,3,2.1282867824281286
Wall,jepa_wm_wall,54,6,fidelity_constrained_latent_only,fidelity_constrained_latent_only__seed11401,11401,15001,6,2.6654092586570632
Wall,jepa_wm_wall,55,6,fidelity_constrained_latent_only,fidelity_constrained_latent_only__seed11401,11401,15001,1,1.4652180131438228
Wall,jepa_wm_wall,55,6,fidelity_constrained_latent_only,fidelity_constrained_latent_only__seed11401,11401,15001,3,1.96212302512452
Wall,jepa_wm_wall,55,6,fidelity_constrained_latent_only,fidelity_constrained_latent_only__seed11401,11401,15001,6,2.5164871603588987
Wall,jepa_wm_wall,8,1,fidelity_constrained_shuffled_geometry,fidelity_constrained_shuffled_geometry__seed11401,11401,15001,1,1.8265363386501385
Wall,jepa_wm_wall,8,1,fidelity_constrained_shuffled_geometry,fidelity_constrained_shuffled_geometry__seed11401,11401,15001,3,1.893862630005599
Wall,jepa_wm_wall,8,1,fidelity_constrained_shuffled_geometry,fidelity_constrained_shuffled_geometry__seed11401,11401,15001,6,1.8909311781046425
Wall,jepa_wm_wall,9,1,fidelity_constrained_shuffled_geometry,fidelity_constrained_shuffled_geometry__seed11401,11401,15001,1,0.9299957124676379
Wall,jepa_wm_wall,9,1,fidelity_constrained_shuffled_geometry,fidelity_constrained_shuffled_geometry__seed11401,11401,15001,3,1.7604347502143016
Wall,jepa_wm_wall,9,1,fidelity_constrained_shuffled_geometry,fidelity_constrained_shuffled_geometry__seed11401,11401,15001,6,1.9136078920198878
Wall,jepa_wm_wall,10,1,fidelity_constrained_shuffled_geometry,fidelity_constrained_shuffled_geometry__seed11401,11401,15001,1,1.6555471592536593
Wall,jepa_wm_wall,10,1,fidelity_constrained_shuffled_geometry,fidelity_constrained_shuffled_geometry__seed11401,11401,15001,3,2.039607122644423
Wall,jepa_wm_wall,10,1,fidelity_constrained_shuffled_geometry,fidelity_constrained_shuffled_geometry__seed11401,11401,15001,6,1.8220477278634981
Wall,jepa_wm_wall,11,1,fidelity_constrained_shuffled_geometry,fidelity_constrained_shuffled_geometry__seed11401,11401,15001,1,1.1313188069089244
Wall,jepa_wm_wall,11,1,fidelity_constrained_shuffled_geometry,fidelity_constrained_shuffled_geometry__seed11401,11401,15001,3,2.127135736713972
Wall,jepa_wm_wall,11,1,fidelity_constrained_shuffled_geometry,fidelity_constrained_shuffled_geometry__seed11401,11401,15001,6,1.8375246478414864
Wall,jepa_wm_wall,12,1,fidelity_constrained_shuffled_geometry,fidelity_constrained_shuffled_geometry__seed11401,11401,15001,1,0.9929447014052174
Wall,jepa_wm_wall,12,1,fidelity_constrained_shuffled_geometry,fidelity_constrained_shuffled_geometry__seed11401,11401,15001,3,1.6449411119188797
Wall,jepa_wm_wall,12,1,fidelity_constrained_shuffled_geometry,fidelity_constrained_shuffled_geometry__seed11401,11401,15001,6,1.9855913366665965
Wall,jepa_wm_wall,13,1,fidelity_constrained_shuffled_geometry,fidelity_constrained_shuffled_geometry__seed11401,11401,15001,1,1.457878804376246
Wall,jepa_wm_wall,13,1,fidelity_constrained_shuffled_geometry,fidelity_constrained_shuffled_geometry__seed11401,11401,15001,3,1.8116664770053557
Wall,jepa_wm_wall,13,1,fidelity_constrained_shuffled_geometry,fidelity_constrained_shuffled_geometry__seed11401,11401,15001,6,1.7246601922350633
Wall,jepa_wm_wall,14,1,fidelity_constrained_shuffled_geometry,fidelity_constrained_shuffled_geometry__seed11401,11401,15001,1,0.8621427771116043
Wall,jepa_wm_wall,14,1,fidelity_constrained_shuffled_geometry,fidelity_constrained_shuffled_geometry__seed11401,11401,15001,3,1.8930746764001574
Wall,jepa_wm_wall,14,1,fidelity_constrained_shuffled_geometry,fidelity_constrained_shuffled_geometry__seed11401,11401,15001,6,1.842820001890149
Wall,jepa_wm_wall,15,1,fidelity_constrained_shuffled_geometry,fidelity_constrained_shuffled_geometry__seed11401,11401,15001,1,1.3287303879365564
Wall,jepa_wm_wall,15,1,fidelity_constrained_shuffled_geometry,fidelity_constrained_shuffled_geometry__seed11401,11401,15001,3,2.1157505147148257
Wall,jepa_wm_wall,15,1,fidelity_constrained_shuffled_geometry,fidelity_constrained_shuffled_geometry__seed11401,11401,15001,6,2.079078643565998
Wall,jepa_wm_wall,16,2,fidelity_constrained_shuffled_geometry,fidelity_constrained_shuffled_geometry__seed11401,11401,15001,1,1.0366644163223009
Wall,jepa_wm_wall,16,2,fidelity_constrained_shuffled_geometry,fidelity_constrained_shuffled_geometry__seed11401,11401,15001,3,1.7885116208787382
Wall,jepa_wm_wall,16,2,fidelity_constrained_shuffled_geometry,fidelity_constrained_shuffled_geometry__seed11401,11401,15001,6,2.084832633142073
Wall,jepa_wm_wall,17,2,fidelity_constrained_shuffled_geometry,fidelity_constrained_shuffled_geometry__seed11401,11401,15001,1,1.232170742511223
Wall,jepa_wm_wall,17,2,fidelity_constrained_shuffled_geometry,fidelity_constrained_shuffled_geometry__seed11401,11401,15001,3,1.821708779016152
Wall,jepa_wm_wall,17,2,fidelity_constrained_shuffled_geometry,fidelity_constrained_shuffled_geometry__seed11401,11401,15001,6,2.1000998969060634
Wall,jepa_wm_wall,18,2,fidelity_constrained_shuffled_geometry,fidelity_constrained_shuffled_geometry__seed11401,11401,15001,1,0.8388262585729415
Wall,jepa_wm_wall,18,2,fidelity_constrained_shuffled_geometry,fidelity_constrained_shuffled_geometry__seed11401,11401,15001,3,1.4033741021309039
Wall,jepa_wm_wall,18,2,fidelity_constrained_shuffled_geometry,fidelity_constrained_shuffled_geometry__seed11401,11401,15001,6,2.222958472235791
Wall,jepa_wm_wall,19,2,fidelity_constrained_shuffled_geometry,fidelity_constrained_shuffled_geometry__seed11401,11401,15001,1,1.7333689656811013
Wall,jepa_wm_wall,19,2,fidelity_constrained_shuffled_geometry,fidelity_constrained_shuffled_geometry__seed11401,11401,15001,3,1.9692737628006247
Wall,jepa_wm_wall,19,2,fidelity_constrained_shuffled_geometry,fidelity_constrained_shuffled_geometry__seed11401,11401,15001,6,1.8928424294280983
Wall,jepa_wm_wall,20,2,fidelity_constrained_shuffled_geometry,fidelity_constrained_shuffled_geometry__seed11401,11401,15001,1,1.702341306080897
Wall,jepa_wm_wall,20,2,fidelity_constrained_shuffled_geometry,fidelity_constrained_shuffled_geometry__seed11401,11401,15001,3,2.0270598171757306
Wall,jepa_wm_wall,20,2,fidelity_constrained_shuffled_geometry,fidelity_constrained_shuffled_geometry__seed11401,11401,15001,6,2.027219910747344
Wall,jepa_wm_wall,21,2,fidelity_constrained_shuffled_geometry,fidelity_constrained_shuffled_geometry__seed11401,11401,15001,1,1.0161045679235108
Wall,jepa_wm_wall,21,2,fidelity_constrained_shuffled_geometry,fidelity_constrained_shuffled_geometry__seed11401,11401,15001,3,1.7911362911931956
Wall,jepa_wm_wall,21,2,fidelity_constrained_shuffled_geometry,fidelity_constrained_shuffled_geometry__seed11401,11401,15001,6,2.1185552841057658
Wall,jepa_wm_wall,22,2,fidelity_constrained_shuffled_geometry,fidelity_constrained_shuffled_geometry__seed11401,11401,15001,1,1.2708543310810458
Wall,jepa_wm_wall,22,2,fidelity_constrained_shuffled_geometry,fidelity_constrained_shuffled_geometry__seed11401,11401,15001,3,1.827106347476515
Wall,jepa_wm_wall,22,2,fidelity_constrained_shuffled_geometry,fidelity_constrained_shuffled_geometry__seed11401,11401,15001,6,2.1079752866439696
Wall,jepa_wm_wall,23,2,fidelity_constrained_shuffled_geometry,fidelity_constrained_shuffled_geometry__seed11401,11401,15001,1,1.0023356401705752
Wall,jepa_wm_wall,23,2,fidelity_constrained_shuffled_geometry,fidelity_constrained_shuffled_geometry__seed11401,11401,15001,3,1.6824312227397338
Wall,jepa_wm_wall,23,2,fidelity_constrained_shuffled_geometry,fidelity_constrained_shuffled_geometry__seed11401,11401,15001,6,1.9393158137926219
Wall,jepa_wm_wall,48,6,fidelity_constrained_shuffled_geometry,fidelity_constrained_shuffled_geometry__seed11401,11401,15001,1,1.6591131207670404
Wall,jepa_wm_wall,48,6,fidelity_constrained_shuffled_geometry,fidelity_constrained_shuffled_geometry__seed11401,11401,15001,3,2.39273707716546
Wall,jepa_wm_wall,48,6,fidelity_constrained_shuffled_geometry,fidelity_constrained_shuffled_geometry__seed11401,11401,15001,6,2.272230118513804
Wall,jepa_wm_wall,49,6,fidelity_constrained_shuffled_geometry,fidelity_constrained_shuffled_geometry__seed11401,11401,15001,1,1.5771345432116408
Wall,jepa_wm_wall,49,6,fidelity_constrained_shuffled_geometry,fidelity_constrained_shuffled_geometry__seed11401,11401,15001,3,2.481410697020077
Wall,jepa_wm_wall,49,6,fidelity_constrained_shuffled_geometry,fidelity_constrained_shuffled_geometry__seed11401,11401,15001,6,2.190727487864774
Wall,jepa_wm_wall,50,6,fidelity_constrained_shuffled_geometry,fidelity_constrained_shuffled_geometry__seed11401,11401,15001,1,1.8333584589336938
Wall,jepa_wm_wall,50,6,fidelity_constrained_shuffled_geometry,fidelity_constrained_shuffled_geometry__seed11401,11401,15001,3,2.202877255081506
Wall,jepa_wm_wall,50,6,fidelity_constrained_shuffled_geometry,fidelity_constrained_shuffled_geometry__seed11401,11401,15001,6,2.2706645070892004
Wall,jepa_wm_wall,51,6,fidelity_constrained_shuffled_geometry,fidelity_constrained_shuffled_geometry__seed11401,11401,15001,1,2.02630821326915
Wall,jepa_wm_wall,51,6,fidelity_constrained_shuffled_geometry,fidelity_constrained_shuffled_geometry__seed11401,11401,15001,3,2.355057422368584
Wall,jepa_wm_wall,51,6,fidelity_constrained_shuffled_geometry,fidelity_constrained_shuffled_geometry__seed11401,11401,15001,6,2.1510278392800686
Wall,jepa_wm_wall,52,6,fidelity_constrained_shuffled_geometry,fidelity_constrained_shuffled_geometry__seed11401,11401,15001,1,1.5961801412471495
Wall,jepa_wm_wall,52,6,fidelity_constrained_shuffled_geometry,fidelity_constrained_shuffled_geometry__seed11401,11401,15001,3,2.2278460950808316
Wall,jepa_wm_wall,52,6,fidelity_constrained_shuffled_geometry,fidelity_constrained_shuffled_geometry__seed11401,11401,15001,6,2.559575232442552
Wall,jepa_wm_wall,53,6,fidelity_constrained_shuffled_geometry,fidelity_constrained_shuffled_geometry__seed11401,11401,15001,1,1.3150667382958618
Wall,jepa_wm_wall,53,6,fidelity_constrained_shuffled_geometry,fidelity_constrained_shuffled_geometry__seed11401,11401,15001,3,2.1749860693690275
Wall,jepa_wm_wall,53,6,fidelity_constrained_shuffled_geometry,fidelity_constrained_shuffled_geometry__seed11401,11401,15001,6,2.1949665648403514
Wall,jepa_wm_wall,54,6,fidelity_constrained_shuffled_geometry,fidelity_constrained_shuffled_geometry__seed11401,11401,15001,1,1.9911214024467607
Wall,jepa_wm_wall,54,6,fidelity_constrained_shuffled_geometry,fidelity_constrained_shuffled_geometry__seed11401,11401,15001,3,2.237432075674904
Wall,jepa_wm_wall,54,6,fidelity_constrained_shuffled_geometry,fidelity_constrained_shuffled_geometry__seed11401,11401,15001,6,2.435419564390662
Wall,jepa_wm_wall,55,6,fidelity_constrained_shuffled_geometry,fidelity_constrained_shuffled_geometry__seed11401,11401,15001,1,1.554681712694961
Wall,jepa_wm_wall,55,6,fidelity_constrained_shuffled_geometry,fidelity_constrained_shuffled_geometry__seed11401,11401,15001,3,2.225410888533527
Wall,jepa_wm_wall,55,6,fidelity_constrained_shuffled_geometry,fidelity_constrained_shuffled_geometry__seed11401,11401,15001,6,2.3205017266983274
Wall,jepa_wm_wall,8,1,fidelity_constrained_matched_geometry,fidelity_constrained_matched_geometry__seed11401,11401,15001,1,1.799310322285398
Wall,jepa_wm_wall,8,1,fidelity_constrained_matched_geometry,fidelity_constrained_matched_geometry__seed11401,11401,15001,3,1.834271097125581
Wall,jepa_wm_wall,8,1,fidelity_constrained_matched_geometry,fidelity_constrained_matched_geometry__seed11401,11401,15001,6,1.895892357917564
Wall,jepa_wm_wall,9,1,fidelity_constrained_matched_geometry,fidelity_constrained_matched_geometry__seed11401,11401,15001,1,0.9222159507078725
Wall,jepa_wm_wall,9,1,fidelity_constrained_matched_geometry,fidelity_constrained_matched_geometry__seed11401,11401,15001,3,1.6850215928807473
Wall,jepa_wm_wall,9,1,fidelity_constrained_matched_geometry,fidelity_constrained_matched_geometry__seed11401,11401,15001,6,1.898176568960465
Wall,jepa_wm_wall,10,1,fidelity_constrained_matched_geometry,fidelity_constrained_matched_geometry__seed11401,11401,15001,1,1.655854804481553
Wall,jepa_wm_wall,10,1,fidelity_constrained_matched_geometry,fidelity_constrained_matched_geometry__seed11401,11401,15001,3,1.9232129427688278
Wall,jepa_wm_wall,10,1,fidelity_constrained_matched_geometry,fidelity_constrained_matched_geometry__seed11401,11401,15001,6,1.8437126356372764
Wall,jepa_wm_wall,11,1,fidelity_constrained_matched_geometry,fidelity_constrained_matched_geometry__seed11401,11401,15001,1,1.132756209281437
Wall,jepa_wm_wall,11,1,fidelity_constrained_matched_geometry,fidelity_constrained_matched_geometry__seed11401,11401,15001,3,2.037382422171475
Wall,jepa_wm_wall,11,1,fidelity_constrained_matched_geometry,fidelity_constrained_matched_geometry__seed11401,11401,15001,6,1.789302066563444
Wall,jepa_wm_wall,12,1,fidelity_constrained_matched_geometry,fidelity_constrained_matched_geometry__seed11401,11401,15001,1,0.9757833669074603
Wall,jepa_wm_wall,12,1,fidelity_constrained_matched_geometry,fidelity_constrained_matched_geometry__seed11401,11401,15001,3,1.5707910972568582
Wall,jepa_wm_wall,12,1,fidelity_constrained_matched_geometry,fidelity_constrained_matched_geometry__seed11401,11401,15001,6,1.947130325995715
Wall,jepa_wm_wall,13,1,fidelity_constrained_matched_geometry,fidelity_constrained_matched_geometry__seed11401,11401,15001,1,1.4033192595629613
Wall,jepa_wm_wall,13,1,fidelity_constrained_matched_geometry,fidelity_constrained_matched_geometry__seed11401,11401,15001,3,1.7382924262504078
Wall,jepa_wm_wall,13,1,fidelity_constrained_matched_geometry,fidelity_constrained_matched_geometry__seed11401,11401,15001,6,1.803208573913761
Wall,jepa_wm_wall,14,1,fidelity_constrained_matched_geometry,fidelity_constrained_matched_geometry__seed11401,11401,15001,1,0.8235368210251288
Wall,jepa_wm_wall,14,1,fidelity_constrained_matched_geometry,fidelity_constrained_matched_geometry__seed11401,11401,15001,3,1.8413678813186138
Wall,jepa_wm_wall,14,1,fidelity_constrained_matched_geometry,fidelity_constrained_matched_geometry__seed11401,11401,15001,6,1.7919115307549769
Wall,jepa_wm_wall,15,1,fidelity_constrained_matched_geometry,fidelity_constrained_matched_geometry__seed11401,11401,15001,1,1.3016394036440349
Wall,jepa_wm_wall,15,1,fidelity_constrained_matched_geometry,fidelity_constrained_matched_geometry__seed11401,11401,15001,3,2.0528248149002817
Wall,jepa_wm_wall,15,1,fidelity_constrained_matched_geometry,fidelity_constrained_matched_geometry__seed11401,11401,15001,6,2.193186070752484
Wall,jepa_wm_wall,16,2,fidelity_constrained_matched_geometry,fidelity_constrained_matched_geometry__seed11401,11401,15001,1,1.0420762968629413
Wall,jepa_wm_wall,16,2,fidelity_constrained_matched_geometry,fidelity_constrained_matched_geometry__seed11401,11401,15001,3,1.7132879207831895
Wall,jepa_wm_wall,16,2,fidelity_constrained_matched_geometry,fidelity_constrained_matched_geometry__seed11401,11401,15001,6,2.074853714960185
Wall,jepa_wm_wall,17,2,fidelity_constrained_matched_geometry,fidelity_constrained_matched_geometry__seed11401,11401,15001,1,1.259508057882065
Wall,jepa_wm_wall,17,2,fidelity_constrained_matched_geometry,fidelity_constrained_matched_geometry__seed11401,11401,15001,3,1.7610155461352364
Wall,jepa_wm_wall,17,2,fidelity_constrained_matched_geometry,fidelity_constrained_matched_geometry__seed11401,11401,15001,6,2.0526857011780635
Wall,jepa_wm_wall,18,2,fidelity_constrained_matched_geometry,fidelity_constrained_matched_geometry__seed11401,11401,15001,1,0.8368026124537727
Wall,jepa_wm_wall,18,2,fidelity_constrained_matched_geometry,fidelity_constrained_matched_geometry__seed11401,11401,15001,3,1.3855152031097757
Wall,jepa_wm_wall,18,2,fidelity_constrained_matched_geometry,fidelity_constrained_matched_geometry__seed11401,11401,15001,6,2.2642494681618888
Wall,jepa_wm_wall,19,2,fidelity_constrained_matched_geometry,fidelity_constrained_matched_geometry__seed11401,11401,15001,1,1.7062794600901663
Wall,jepa_wm_wall,19,2,fidelity_constrained_matched_geometry,fidelity_constrained_matched_geometry__seed11401,11401,15001,3,1.9177846312199458
Wall,jepa_wm_wall,19,2,fidelity_constrained_matched_geometry,fidelity_constrained_matched_geometry__seed11401,11401,15001,6,1.8153001029604912
Wall,jepa_wm_wall,20,2,fidelity_constrained_matched_geometry,fidelity_constrained_matched_geometry__seed11401,11401,15001,1,1.7118499157963238
Wall,jepa_wm_wall,20,2,fidelity_constrained_matched_geometry,fidelity_constrained_matched_geometry__seed11401,11401,15001,3,1.9856813363101666
Wall,jepa_wm_wall,20,2,fidelity_constrained_matched_geometry,fidelity_constrained_matched_geometry__seed11401,11401,15001,6,2.0125408949825507
Wall,jepa_wm_wall,21,2,fidelity_constrained_matched_geometry,fidelity_constrained_matched_geometry__seed11401,11401,15001,1,1.0196647447150726
Wall,jepa_wm_wall,21,2,fidelity_constrained_matched_geometry,fidelity_constrained_matched_geometry__seed11401,11401,15001,3,1.7154562486966725
Wall,jepa_wm_wall,21,2,fidelity_constrained_matched_geometry,fidelity_constrained_matched_geometry__seed11401,11401,15001,6,2.0735921115299827
Wall,jepa_wm_wall,22,2,fidelity_constrained_matched_geometry,fidelity_constrained_matched_geometry__seed11401,11401,15001,1,1.2930126902873331
Wall,jepa_wm_wall,22,2,fidelity_constrained_matched_geometry,fidelity_constrained_matched_geometry__seed11401,11401,15001,3,1.766623958931538
Wall,jepa_wm_wall,22,2,fidelity_constrained_matched_geometry,fidelity_constrained_matched_geometry__seed11401,11401,15001,6,2.0611372314466125
Wall,jepa_wm_wall,23,2,fidelity_constrained_matched_geometry,fidelity_constrained_matched_geometry__seed11401,11401,15001,1,1.0086422690201264
Wall,jepa_wm_wall,23,2,fidelity_constrained_matched_geometry,fidelity_constrained_matched_geometry__seed11401,11401,15001,3,1.6548833959755578
Wall,jepa_wm_wall,23,2,fidelity_constrained_matched_geometry,fidelity_constrained_matched_geometry__seed11401,11401,15001,6,1.9548701086218216
Wall,jepa_wm_wall,48,6,fidelity_constrained_matched_geometry,fidelity_constrained_matched_geometry__seed11401,11401,15001,1,1.6079207799894792
Wall,jepa_wm_wall,48,6,fidelity_constrained_matched_geometry,fidelity_constrained_matched_geometry__seed11401,11401,15001,3,2.2995992922493644
Wall,jepa_wm_wall,48,6,fidelity_constrained_matched_geometry,fidelity_constrained_matched_geometry__seed11401,11401,15001,6,2.2756249202131813
Wall,jepa_wm_wall,49,6,fidelity_constrained_matched_geometry,fidelity_constrained_matched_geometry__seed11401,11401,15001,1,1.5506082411636068
Wall,jepa_wm_wall,49,6,fidelity_constrained_matched_geometry,fidelity_constrained_matched_geometry__seed11401,11401,15001,3,2.3670327506377946
Wall,jepa_wm_wall,49,6,fidelity_constrained_matched_geometry,fidelity_constrained_matched_geometry__seed11401,11401,15001,6,2.1996539492491904
Wall,jepa_wm_wall,50,6,fidelity_constrained_matched_geometry,fidelity_constrained_matched_geometry__seed11401,11401,15001,1,1.7899207075918495
Wall,jepa_wm_wall,50,6,fidelity_constrained_matched_geometry,fidelity_constrained_matched_geometry__seed11401,11401,15001,3,2.1395055913485783
Wall,jepa_wm_wall,50,6,fidelity_constrained_matched_geometry,fidelity_constrained_matched_geometry__seed11401,11401,15001,6,2.313990407285553
Wall,jepa_wm_wall,51,6,fidelity_constrained_matched_geometry,fidelity_constrained_matched_geometry__seed11401,11401,15001,1,2.0320100261498553
Wall,jepa_wm_wall,51,6,fidelity_constrained_matched_geometry,fidelity_constrained_matched_geometry__seed11401,11401,15001,3,2.2720638088832326
Wall,jepa_wm_wall,51,6,fidelity_constrained_matched_geometry,fidelity_constrained_matched_geometry__seed11401,11401,15001,6,2.127687832669158
Wall,jepa_wm_wall,52,6,fidelity_constrained_matched_geometry,fidelity_constrained_matched_geometry__seed11401,11401,15001,1,1.5197431226473017
Wall,jepa_wm_wall,52,6,fidelity_constrained_matched_geometry,fidelity_constrained_matched_geometry__seed11401,11401,15001,3,2.121756421016878
Wall,jepa_wm_wall,52,6,fidelity_constrained_matched_geometry,fidelity_constrained_matched_geometry__seed11401,11401,15001,6,2.5635541023887285
Wall,jepa_wm_wall,53,6,fidelity_constrained_matched_geometry,fidelity_constrained_matched_geometry__seed11401,11401,15001,1,1.2878482091100982
Wall,jepa_wm_wall,53,6,fidelity_constrained_matched_geometry,fidelity_constrained_matched_geometry__seed11401,11401,15001,3,2.079915775550329
Wall,jepa_wm_wall,53,6,fidelity_constrained_matched_geometry,fidelity_constrained_matched_geometry__seed11401,11401,15001,6,2.235417549879666
Wall,jepa_wm_wall,54,6,fidelity_constrained_matched_geometry,fidelity_constrained_matched_geometry__seed11401,11401,15001,1,1.9607784341616936
Wall,jepa_wm_wall,54,6,fidelity_constrained_matched_geometry,fidelity_constrained_matched_geometry__seed11401,11401,15001,3,2.1278171864873077
Wall,jepa_wm_wall,54,6,fidelity_constrained_matched_geometry,fidelity_constrained_matched_geometry__seed11401,11401,15001,6,2.4753926732497287
Wall,jepa_wm_wall,55,6,fidelity_constrained_matched_geometry,fidelity_constrained_matched_geometry__seed11401,11401,15001,1,1.5084143165017523
Wall,jepa_wm_wall,55,6,fidelity_constrained_matched_geometry,fidelity_constrained_matched_geometry__seed11401,11401,15001,3,2.1477435564439116
Wall,jepa_wm_wall,55,6,fidelity_constrained_matched_geometry,fidelity_constrained_matched_geometry__seed11401,11401,15001,6,2.3914130764954344
Wall,jepa_wm_wall,8,1,fidelity_constrained_latent_only,fidelity_constrained_latent_only__seed11419,11419,15001,1,1.7657489624003344
Wall,jepa_wm_wall,8,1,fidelity_constrained_latent_only,fidelity_constrained_latent_only__seed11419,11419,15001,3,1.8659974679768265
Wall,jepa_wm_wall,8,1,fidelity_constrained_latent_only,fidelity_constrained_latent_only__seed11419,11419,15001,6,2.087749791142544
Wall,jepa_wm_wall,9,1,fidelity_constrained_latent_only,fidelity_constrained_latent_only__seed11419,11419,15001,1,0.9796897565794885
Wall,jepa_wm_wall,9,1,fidelity_constrained_latent_only,fidelity_constrained_latent_only__seed11419,11419,15001,3,1.6163194911057628
Wall,jepa_wm_wall,9,1,fidelity_constrained_latent_only,fidelity_constrained_latent_only__seed11419,11419,15001,6,2.016946186364027
Wall,jepa_wm_wall,10,1,fidelity_constrained_latent_only,fidelity_constrained_latent_only__seed11419,11419,15001,1,1.6204055192282236
Wall,jepa_wm_wall,10,1,fidelity_constrained_latent_only,fidelity_constrained_latent_only__seed11419,11419,15001,3,2.0281474814306413
Wall,jepa_wm_wall,10,1,fidelity_constrained_latent_only,fidelity_constrained_latent_only__seed11419,11419,15001,6,1.9653134610567453
Wall,jepa_wm_wall,11,1,fidelity_constrained_latent_only,fidelity_constrained_latent_only__seed11419,11419,15001,1,1.125398683770551
Wall,jepa_wm_wall,11,1,fidelity_constrained_latent_only,fidelity_constrained_latent_only__seed11419,11419,15001,3,2.0501861353398345
Wall,jepa_wm_wall,11,1,fidelity_constrained_latent_only,fidelity_constrained_latent_only__seed11419,11419,15001,6,1.9925251361487986
Wall,jepa_wm_wall,12,1,fidelity_constrained_latent_only,fidelity_constrained_latent_only__seed11419,11419,15001,1,0.9396388878608162
Wall,jepa_wm_wall,12,1,fidelity_constrained_latent_only,fidelity_constrained_latent_only__seed11419,11419,15001,3,1.5274613546444793
Wall,jepa_wm_wall,12,1,fidelity_constrained_latent_only,fidelity_constrained_latent_only__seed11419,11419,15001,6,2.1136598753513662
Wall,jepa_wm_wall,13,1,fidelity_constrained_latent_only,fidelity_constrained_latent_only__seed11419,11419,15001,1,1.3054212592876215
Wall,jepa_wm_wall,13,1,fidelity_constrained_latent_only,fidelity_constrained_latent_only__seed11419,11419,15001,3,1.8714067124614946
Wall,jepa_wm_wall,13,1,fidelity_constrained_latent_only,fidelity_constrained_latent_only__seed11419,11419,15001,6,2.096998180009313
Wall,jepa_wm_wall,14,1,fidelity_constrained_latent_only,fidelity_constrained_latent_only__seed11419,11419,15001,1,0.961258565546802
Wall,jepa_wm_wall,14,1,fidelity_constrained_latent_only,fidelity_constrained_latent_only__seed11419,11419,15001,3,1.887788231523402
Wall,jepa_wm_wall,14,1,fidelity_constrained_latent_only,fidelity_constrained_latent_only__seed11419,11419,15001,6,1.9102168859400106
Wall,jepa_wm_wall,15,1,fidelity_constrained_latent_only,fidelity_constrained_latent_only__seed11419,11419,15001,1,1.2968797754707981
Wall,jepa_wm_wall,15,1,fidelity_constrained_latent_only,fidelity_constrained_latent_only__seed11419,11419,15001,3,1.9228592881694222
Wall,jepa_wm_wall,15,1,fidelity_constrained_latent_only,fidelity_constrained_latent_only__seed11419,11419,15001,6,2.4703357432895237
Wall,jepa_wm_wall,16,2,fidelity_constrained_latent_only,fidelity_constrained_latent_only__seed11419,11419,15001,1,1.1259902394661712
Wall,jepa_wm_wall,16,2,fidelity_constrained_latent_only,fidelity_constrained_latent_only__seed11419,11419,15001,3,1.7065746297012387
Wall,jepa_wm_wall,16,2,fidelity_constrained_latent_only,fidelity_constrained_latent_only__seed11419,11419,15001,6,2.191623610605214
Wall,jepa_wm_wall,17,2,fidelity_constrained_latent_only,fidelity_constrained_latent_only__seed11419,11419,15001,1,1.249059566447821
Wall,jepa_wm_wall,17,2,fidelity_constrained_latent_only,fidelity_constrained_latent_only__seed11419,11419,15001,3,1.6250655945132997
Wall,jepa_wm_wall,17,2,fidelity_constrained_latent_only,fidelity_constrained_latent_only__seed11419,11419,15001,6,2.197340084772745
Wall,jepa_wm_wall,18,2,fidelity_constrained_latent_only,fidelity_constrained_latent_only__seed11419,11419,15001,1,0.902461073938676
Wall,jepa_wm_wall,18,2,fidelity_constrained_latent_only,fidelity_constrained_latent_only__seed11419,11419,15001,3,1.5154104937761548
Wall,jepa_wm_wall,18,2,fidelity_constrained_latent_only,fidelity_constrained_latent_only__seed11419,11419,15001,6,2.0720418475672813
Wall,jepa_wm_wall,19,2,fidelity_constrained_latent_only,fidelity_constrained_latent_only__seed11419,11419,15001,1,1.6829982675504136
Wall,jepa_wm_wall,19,2,fidelity_constrained_latent_only,fidelity_constrained_latent_only__seed11419,11419,15001,3,1.86449409456085
Wall,jepa_wm_wall,19,2,fidelity_constrained_latent_only,fidelity_constrained_latent_only__seed11419,11419,15001,6,1.9767710749922918
Wall,jepa_wm_wall,20,2,fidelity_constrained_latent_only,fidelity_constrained_latent_only__seed11419,11419,15001,1,1.586118982085625
Wall,jepa_wm_wall,20,2,fidelity_constrained_latent_only,fidelity_constrained_latent_only__seed11419,11419,15001,3,2.0167159442648708
Wall,jepa_wm_wall,20,2,fidelity_constrained_latent_only,fidelity_constrained_latent_only__seed11419,11419,15001,6,2.201336982562796
Wall,jepa_wm_wall,21,2,fidelity_constrained_latent_only,fidelity_constrained_latent_only__seed11419,11419,15001,1,1.0253677528451752
Wall,jepa_wm_wall,21,2,fidelity_constrained_latent_only,fidelity_constrained_latent_only__seed11419,11419,15001,3,1.5527352883332712
Wall,jepa_wm_wall,21,2,fidelity_constrained_latent_only,fidelity_constrained_latent_only__seed11419,11419,15001,6,2.220668075928474
Wall,jepa_wm_wall,22,2,fidelity_constrained_latent_only,fidelity_constrained_latent_only__seed11419,11419,15001,1,1.274280351898536
Wall,jepa_wm_wall,22,2,fidelity_constrained_latent_only,fidelity_constrained_latent_only__seed11419,11419,15001,3,1.6462885147295747
Wall,jepa_wm_wall,22,2,fidelity_constrained_latent_only,fidelity_constrained_latent_only__seed11419,11419,15001,6,2.2017601554088553
Wall,jepa_wm_wall,23,2,fidelity_constrained_latent_only,fidelity_constrained_latent_only__seed11419,11419,15001,1,1.00269108030332
Wall,jepa_wm_wall,23,2,fidelity_constrained_latent_only,fidelity_constrained_latent_only__seed11419,11419,15001,3,1.6652734542933774
Wall,jepa_wm_wall,23,2,fidelity_constrained_latent_only,fidelity_constrained_latent_only__seed11419,11419,15001,6,2.057112185615961
Wall,jepa_wm_wall,48,6,fidelity_constrained_latent_only,fidelity_constrained_latent_only__seed11419,11419,15001,1,1.5470725749570724
Wall,jepa_wm_wall,48,6,fidelity_constrained_latent_only,fidelity_constrained_latent_only__seed11419,11419,15001,3,2.2332133410901904
Wall,jepa_wm_wall,48,6,fidelity_constrained_latent_only,fidelity_constrained_latent_only__seed11419,11419,15001,6,2.7030264782191584
Wall,jepa_wm_wall,49,6,fidelity_constrained_latent_only,fidelity_constrained_latent_only__seed11419,11419,15001,1,1.5171719168236029
Wall,jepa_wm_wall,49,6,fidelity_constrained_latent_only,fidelity_constrained_latent_only__seed11419,11419,15001,3,2.2673066871626775
Wall,jepa_wm_wall,49,6,fidelity_constrained_latent_only,fidelity_constrained_latent_only__seed11419,11419,15001,6,2.6218422255359575
Wall,jepa_wm_wall,50,6,fidelity_constrained_latent_only,fidelity_constrained_latent_only__seed11419,11419,15001,1,1.7125972598736905
Wall,jepa_wm_wall,50,6,fidelity_constrained_latent_only,fidelity_constrained_latent_only__seed11419,11419,15001,3,2.069598451223468
Wall,jepa_wm_wall,50,6,fidelity_constrained_latent_only,fidelity_constrained_latent_only__seed11419,11419,15001,6,2.6140608037406547
Wall,jepa_wm_wall,51,6,fidelity_constrained_latent_only,fidelity_constrained_latent_only__seed11419,11419,15001,1,1.8131071966778753
Wall,jepa_wm_wall,51,6,fidelity_constrained_latent_only,fidelity_constrained_latent_only__seed11419,11419,15001,3,2.185342184634581
Wall,jepa_wm_wall,51,6,fidelity_constrained_latent_only,fidelity_constrained_latent_only__seed11419,11419,15001,6,2.445630925852674
Wall,jepa_wm_wall,52,6,fidelity_constrained_latent_only,fidelity_constrained_latent_only__seed11419,11419,15001,1,1.4877587688640903
Wall,jepa_wm_wall,52,6,fidelity_constrained_latent_only,fidelity_constrained_latent_only__seed11419,11419,15001,3,2.1636074344240583
Wall,jepa_wm_wall,52,6,fidelity_constrained_latent_only,fidelity_constrained_latent_only__seed11419,11419,15001,6,2.6849200215056284
Wall,jepa_wm_wall,53,6,fidelity_constrained_latent_only,fidelity_constrained_latent_only__seed11419,11419,15001,1,1.1889514380523132
Wall,jepa_wm_wall,53,6,fidelity_constrained_latent_only,fidelity_constrained_latent_only__seed11419,11419,15001,3,2.025859969849209
Wall,jepa_wm_wall,53,6,fidelity_constrained_latent_only,fidelity_constrained_latent_only__seed11419,11419,15001,6,2.4791819271647277
Wall,jepa_wm_wall,54,6,fidelity_constrained_latent_only,fidelity_constrained_latent_only__seed11419,11419,15001,1,1.76256368596385
Wall,jepa_wm_wall,54,6,fidelity_constrained_latent_only,fidelity_constrained_latent_only__seed11419,11419,15001,3,2.1484387790133286
Wall,jepa_wm_wall,54,6,fidelity_constrained_latent_only,fidelity_constrained_latent_only__seed11419,11419,15001,6,2.7217739646742296
Wall,jepa_wm_wall,55,6,fidelity_constrained_latent_only,fidelity_constrained_latent_only__seed11419,11419,15001,1,1.4668839914029785
Wall,jepa_wm_wall,55,6,fidelity_constrained_latent_only,fidelity_constrained_latent_only__seed11419,11419,15001,3,1.980733438254109
Wall,jepa_wm_wall,55,6,fidelity_constrained_latent_only,fidelity_constrained_latent_only__seed11419,11419,15001,6,2.483928631109725
Wall,jepa_wm_wall,8,1,fidelity_constrained_shuffled_geometry,fidelity_constrained_shuffled_geometry__seed11419,11419,15001,1,1.8254448650170259
Wall,jepa_wm_wall,8,1,fidelity_constrained_shuffled_geometry,fidelity_constrained_shuffled_geometry__seed11419,11419,15001,3,1.9046676035331531
Wall,jepa_wm_wall,8,1,fidelity_constrained_shuffled_geometry,fidelity_constrained_shuffled_geometry__seed11419,11419,15001,6,1.8577225642969164
Wall,jepa_wm_wall,9,1,fidelity_constrained_shuffled_geometry,fidelity_constrained_shuffled_geometry__seed11419,11419,15001,1,0.9326408367394394
Wall,jepa_wm_wall,9,1,fidelity_constrained_shuffled_geometry,fidelity_constrained_shuffled_geometry__seed11419,11419,15001,3,1.7571647623995592
Wall,jepa_wm_wall,9,1,fidelity_constrained_shuffled_geometry,fidelity_constrained_shuffled_geometry__seed11419,11419,15001,6,1.9192061896239405
Wall,jepa_wm_wall,10,1,fidelity_constrained_shuffled_geometry,fidelity_constrained_shuffled_geometry__seed11419,11419,15001,1,1.6504428868003245
Wall,jepa_wm_wall,10,1,fidelity_constrained_shuffled_geometry,fidelity_constrained_shuffled_geometry__seed11419,11419,15001,3,2.051243700785724
Wall,jepa_wm_wall,10,1,fidelity_constrained_shuffled_geometry,fidelity_constrained_shuffled_geometry__seed11419,11419,15001,6,1.7669897085493182
Wall,jepa_wm_wall,11,1,fidelity_constrained_shuffled_geometry,fidelity_constrained_shuffled_geometry__seed11419,11419,15001,1,1.1356920176011815
Wall,jepa_wm_wall,11,1,fidelity_constrained_shuffled_geometry,fidelity_constrained_shuffled_geometry__seed11419,11419,15001,3,2.1367612054313447
Wall,jepa_wm_wall,11,1,fidelity_constrained_shuffled_geometry,fidelity_constrained_shuffled_geometry__seed11419,11419,15001,6,1.8156394635861715
Wall,jepa_wm_wall,12,1,fidelity_constrained_shuffled_geometry,fidelity_constrained_shuffled_geometry__seed11419,11419,15001,1,0.9911659836536313
Wall,jepa_wm_wall,12,1,fidelity_constrained_shuffled_geometry,fidelity_constrained_shuffled_geometry__seed11419,11419,15001,3,1.651481761036469
Wall,jepa_wm_wall,12,1,fidelity_constrained_shuffled_geometry,fidelity_constrained_shuffled_geometry__seed11419,11419,15001,6,1.9938362058067471
Wall,jepa_wm_wall,13,1,fidelity_constrained_shuffled_geometry,fidelity_constrained_shuffled_geometry__seed11419,11419,15001,1,1.4687443817511023
Wall,jepa_wm_wall,13,1,fidelity_constrained_shuffled_geometry,fidelity_constrained_shuffled_geometry__seed11419,11419,15001,3,1.8333892662504852
Wall,jepa_wm_wall,13,1,fidelity_constrained_shuffled_geometry,fidelity_constrained_shuffled_geometry__seed11419,11419,15001,6,1.722921237142926
Wall,jepa_wm_wall,14,1,fidelity_constrained_shuffled_geometry,fidelity_constrained_shuffled_geometry__seed11419,11419,15001,1,0.8705375135826136
Wall,jepa_wm_wall,14,1,fidelity_constrained_shuffled_geometry,fidelity_constrained_shuffled_geometry__seed11419,11419,15001,3,1.8860087718593972
Wall,jepa_wm_wall,14,1,fidelity_constrained_shuffled_geometry,fidelity_constrained_shuffled_geometry__seed11419,11419,15001,6,1.8539446574293557
Wall,jepa_wm_wall,15,1,fidelity_constrained_shuffled_geometry,fidelity_constrained_shuffled_geometry__seed11419,11419,15001,1,1.3330022554933658
Wall,jepa_wm_wall,15,1,fidelity_constrained_shuffled_geometry,fidelity_constrained_shuffled_geometry__seed11419,11419,15001,3,2.111426437453194
Wall,jepa_wm_wall,15,1,fidelity_constrained_shuffled_geometry,fidelity_constrained_shuffled_geometry__seed11419,11419,15001,6,2.0510766528806235
Wall,jepa_wm_wall,16,2,fidelity_constrained_shuffled_geometry,fidelity_constrained_shuffled_geometry__seed11419,11419,15001,1,1.033373787942437
Wall,jepa_wm_wall,16,2,fidelity_constrained_shuffled_geometry,fidelity_constrained_shuffled_geometry__seed11419,11419,15001,3,1.8009021461443566
Wall,jepa_wm_wall,16,2,fidelity_constrained_shuffled_geometry,fidelity_constrained_shuffled_geometry__seed11419,11419,15001,6,2.0746527684735847
Wall,jepa_wm_wall,17,2,fidelity_constrained_shuffled_geometry,fidelity_constrained_shuffled_geometry__seed11419,11419,15001,1,1.2338575712293816
Wall,jepa_wm_wall,17,2,fidelity_constrained_shuffled_geometry,fidelity_constrained_shuffled_geometry__seed11419,11419,15001,3,1.8143011119236636
Wall,jepa_wm_wall,17,2,fidelity_constrained_shuffled_geometry,fidelity_constrained_shuffled_geometry__seed11419,11419,15001,6,2.1059222900060397
Wall,jepa_wm_wall,18,2,fidelity_constrained_shuffled_geometry,fidelity_constrained_shuffled_geometry__seed11419,11419,15001,1,0.8404718301727384
Wall,jepa_wm_wall,18,2,fidelity_constrained_shuffled_geometry,fidelity_constrained_shuffled_geometry__seed11419,11419,15001,3,1.4098414621862023
Wall,jepa_wm_wall,18,2,fidelity_constrained_shuffled_geometry,fidelity_constrained_shuffled_geometry__seed11419,11419,15001,6,2.233998284978997
Wall,jepa_wm_wall,19,2,fidelity_constrained_shuffled_geometry,fidelity_constrained_shuffled_geometry__seed11419,11419,15001,1,1.7320190703984748
Wall,jepa_wm_wall,19,2,fidelity_constrained_shuffled_geometry,fidelity_constrained_shuffled_geometry__seed11419,11419,15001,3,1.961464131169715
Wall,jepa_wm_wall,19,2,fidelity_constrained_shuffled_geometry,fidelity_constrained_shuffled_geometry__seed11419,11419,15001,6,1.9055283222846684
Wall,jepa_wm_wall,20,2,fidelity_constrained_shuffled_geometry,fidelity_constrained_shuffled_geometry__seed11419,11419,15001,1,1.7011306170787182
Wall,jepa_wm_wall,20,2,fidelity_constrained_shuffled_geometry,fidelity_constrained_shuffled_geometry__seed11419,11419,15001,3,2.0323901037279124
Wall,jepa_wm_wall,20,2,fidelity_constrained_shuffled_geometry,fidelity_constrained_shuffled_geometry__seed11419,11419,15001,6,2.024493849743767
Wall,jepa_wm_wall,21,2,fidelity_constrained_shuffled_geometry,fidelity_constrained_shuffled_geometry__seed11419,11419,15001,1,1.0163594894443861
Wall,jepa_wm_wall,21,2,fidelity_constrained_shuffled_geometry,fidelity_constrained_shuffled_geometry__seed11419,11419,15001,3,1.7918998658955911
Wall,jepa_wm_wall,21,2,fidelity_constrained_shuffled_geometry,fidelity_constrained_shuffled_geometry__seed11419,11419,15001,6,2.128764133387364
Wall,jepa_wm_wall,22,2,fidelity_constrained_shuffled_geometry,fidelity_constrained_shuffled_geometry__seed11419,11419,15001,1,1.272443322416948
Wall,jepa_wm_wall,22,2,fidelity_constrained_shuffled_geometry,fidelity_constrained_shuffled_geometry__seed11419,11419,15001,3,1.8222929872266522
Wall,jepa_wm_wall,22,2,fidelity_constrained_shuffled_geometry,fidelity_constrained_shuffled_geometry__seed11419,11419,15001,6,2.1207705185263888
Wall,jepa_wm_wall,23,2,fidelity_constrained_shuffled_geometry,fidelity_constrained_shuffled_geometry__seed11419,11419,15001,1,1.0054902696101882
Wall,jepa_wm_wall,23,2,fidelity_constrained_shuffled_geometry,fidelity_constrained_shuffled_geometry__seed11419,11419,15001,3,1.6854464062315528
Wall,jepa_wm_wall,23,2,fidelity_constrained_shuffled_geometry,fidelity_constrained_shuffled_geometry__seed11419,11419,15001,6,1.9394130440504638
Wall,jepa_wm_wall,48,6,fidelity_constrained_shuffled_geometry,fidelity_constrained_shuffled_geometry__seed11419,11419,15001,1,1.653527195817006
Wall,jepa_wm_wall,48,6,fidelity_constrained_shuffled_geometry,fidelity_constrained_shuffled_geometry__seed11419,11419,15001,3,2.385172736282975
Wall,jepa_wm_wall,48,6,fidelity_constrained_shuffled_geometry,fidelity_constrained_shuffled_geometry__seed11419,11419,15001,6,2.262227314424905
Wall,jepa_wm_wall,49,6,fidelity_constrained_shuffled_geometry,fidelity_constrained_shuffled_geometry__seed11419,11419,15001,1,1.5710336888498724
Wall,jepa_wm_wall,49,6,fidelity_constrained_shuffled_geometry,fidelity_constrained_shuffled_geometry__seed11419,11419,15001,3,2.470031058570726
Wall,jepa_wm_wall,49,6,fidelity_constrained_shuffled_geometry,fidelity_constrained_shuffled_geometry__seed11419,11419,15001,6,2.1760187252799983
Wall,jepa_wm_wall,50,6,fidelity_constrained_shuffled_geometry,fidelity_constrained_shuffled_geometry__seed11419,11419,15001,1,1.8327056410166838
Wall,jepa_wm_wall,50,6,fidelity_constrained_shuffled_geometry,fidelity_constrained_shuffled_geometry__seed11419,11419,15001,3,2.201870244637324
Wall,jepa_wm_wall,50,6,fidelity_constrained_shuffled_geometry,fidelity_constrained_shuffled_geometry__seed11419,11419,15001,6,2.2668827324029075
Wall,jepa_wm_wall,51,6,fidelity_constrained_shuffled_geometry,fidelity_constrained_shuffled_geometry__seed11419,11419,15001,1,2.027179064218619
Wall,jepa_wm_wall,51,6,fidelity_constrained_shuffled_geometry,fidelity_constrained_shuffled_geometry__seed11419,11419,15001,3,2.353672925922999
Wall,jepa_wm_wall,51,6,fidelity_constrained_shuffled_geometry,fidelity_constrained_shuffled_geometry__seed11419,11419,15001,6,2.182962294212186
Wall,jepa_wm_wall,52,6,fidelity_constrained_shuffled_geometry,fidelity_constrained_shuffled_geometry__seed11419,11419,15001,1,1.5929180055815058
Wall,jepa_wm_wall,52,6,fidelity_constrained_shuffled_geometry,fidelity_constrained_shuffled_geometry__seed11419,11419,15001,3,2.227325091980403
Wall,jepa_wm_wall,52,6,fidelity_constrained_shuffled_geometry,fidelity_constrained_shuffled_geometry__seed11419,11419,15001,6,2.5481420515514563
Wall,jepa_wm_wall,53,6,fidelity_constrained_shuffled_geometry,fidelity_constrained_shuffled_geometry__seed11419,11419,15001,1,1.3154694877190742
Wall,jepa_wm_wall,53,6,fidelity_constrained_shuffled_geometry,fidelity_constrained_shuffled_geometry__seed11419,11419,15001,3,2.1587321202858205
Wall,jepa_wm_wall,53,6,fidelity_constrained_shuffled_geometry,fidelity_constrained_shuffled_geometry__seed11419,11419,15001,6,2.2064875897469287
Wall,jepa_wm_wall,54,6,fidelity_constrained_shuffled_geometry,fidelity_constrained_shuffled_geometry__seed11419,11419,15001,1,1.989156875176931
Wall,jepa_wm_wall,54,6,fidelity_constrained_shuffled_geometry,fidelity_constrained_shuffled_geometry__seed11419,11419,15001,3,2.230262241783749
Wall,jepa_wm_wall,54,6,fidelity_constrained_shuffled_geometry,fidelity_constrained_shuffled_geometry__seed11419,11419,15001,6,2.4042742118948164
Wall,jepa_wm_wall,55,6,fidelity_constrained_shuffled_geometry,fidelity_constrained_shuffled_geometry__seed11419,11419,15001,1,1.5524555107340678
Wall,jepa_wm_wall,55,6,fidelity_constrained_shuffled_geometry,fidelity_constrained_shuffled_geometry__seed11419,11419,15001,3,2.237728148995781
Wall,jepa_wm_wall,55,6,fidelity_constrained_shuffled_geometry,fidelity_constrained_shuffled_geometry__seed11419,11419,15001,6,2.3047809640326546
Wall,jepa_wm_wall,8,1,fidelity_constrained_matched_geometry,fidelity_constrained_matched_geometry__seed11419,11419,15001,1,1.8006823115618085
Wall,jepa_wm_wall,8,1,fidelity_constrained_matched_geometry,fidelity_constrained_matched_geometry__seed11419,11419,15001,3,1.833865216932536
Wall,jepa_wm_wall,8,1,fidelity_constrained_matched_geometry,fidelity_constrained_matched_geometry__seed11419,11419,15001,6,1.8924604419910078
Wall,jepa_wm_wall,9,1,fidelity_constrained_matched_geometry,fidelity_constrained_matched_geometry__seed11419,11419,15001,1,0.9217622592742087
Wall,jepa_wm_wall,9,1,fidelity_constrained_matched_geometry,fidelity_constrained_matched_geometry__seed11419,11419,15001,3,1.6846509839658064
Wall,jepa_wm_wall,9,1,fidelity_constrained_matched_geometry,fidelity_constrained_matched_geometry__seed11419,11419,15001,6,1.8984990019307812
Wall,jepa_wm_wall,10,1,fidelity_constrained_matched_geometry,fidelity_constrained_matched_geometry__seed11419,11419,15001,1,1.6565270926386721
Wall,jepa_wm_wall,10,1,fidelity_constrained_matched_geometry,fidelity_constrained_matched_geometry__seed11419,11419,15001,3,1.9231403506246594
Wall,jepa_wm_wall,10,1,fidelity_constrained_matched_geometry,fidelity_constrained_matched_geometry__seed11419,11419,15001,6,1.840437831251137
Wall,jepa_wm_wall,11,1,fidelity_constrained_matched_geometry,fidelity_constrained_matched_geometry__seed11419,11419,15001,1,1.128982942807745
Wall,jepa_wm_wall,11,1,fidelity_constrained_matched_geometry,fidelity_constrained_matched_geometry__seed11419,11419,15001,3,2.0401993989447678
Wall,jepa_wm_wall,11,1,fidelity_constrained_matched_geometry,fidelity_constrained_matched_geometry__seed11419,11419,15001,6,1.7978703493411674
Wall,jepa_wm_wall,12,1,fidelity_constrained_matched_geometry,fidelity_constrained_matched_geometry__seed11419,11419,15001,1,0.9724580694784934
Wall,jepa_wm_wall,12,1,fidelity_constrained_matched_geometry,fidelity_constrained_matched_geometry__seed11419,11419,15001,3,1.5693287600733103
Wall,jepa_wm_wall,12,1,fidelity_constrained_matched_geometry,fidelity_constrained_matched_geometry__seed11419,11419,15001,6,1.9519441760974465
Wall,jepa_wm_wall,13,1,fidelity_constrained_matched_geometry,fidelity_constrained_matched_geometry__seed11419,11419,15001,1,1.4036462290240466
Wall,jepa_wm_wall,13,1,fidelity_constrained_matched_geometry,fidelity_constrained_matched_geometry__seed11419,11419,15001,3,1.7412768863484382
Wall,jepa_wm_wall,13,1,fidelity_constrained_matched_geometry,fidelity_constrained_matched_geometry__seed11419,11419,15001,6,1.8069047703991976
Wall,jepa_wm_wall,14,1,fidelity_constrained_matched_geometry,fidelity_constrained_matched_geometry__seed11419,11419,15001,1,0.8174049146027494
Wall,jepa_wm_wall,14,1,fidelity_constrained_matched_geometry,fidelity_constrained_matched_geometry__seed11419,11419,15001,3,1.8441150563426365
Wall,jepa_wm_wall,14,1,fidelity_constrained_matched_geometry,fidelity_constrained_matched_geometry__seed11419,11419,15001,6,1.7946469065656512
Wall,jepa_wm_wall,15,1,fidelity_constrained_matched_geometry,fidelity_constrained_matched_geometry__seed11419,11419,15001,1,1.3008343714765926
Wall,jepa_wm_wall,15,1,fidelity_constrained_matched_geometry,fidelity_constrained_matched_geometry__seed11419,11419,15001,3,2.0527705448259073
Wall,jepa_wm_wall,15,1,fidelity_constrained_matched_geometry,fidelity_constrained_matched_geometry__seed11419,11419,15001,6,2.187438596910734
Wall,jepa_wm_wall,16,2,fidelity_constrained_matched_geometry,fidelity_constrained_matched_geometry__seed11419,11419,15001,1,1.0392017352875695
Wall,jepa_wm_wall,16,2,fidelity_constrained_matched_geometry,fidelity_constrained_matched_geometry__seed11419,11419,15001,3,1.714212959042526
Wall,jepa_wm_wall,16,2,fidelity_constrained_matched_geometry,fidelity_constrained_matched_geometry__seed11419,11419,15001,6,2.0710721915669525
Wall,jepa_wm_wall,17,2,fidelity_constrained_matched_geometry,fidelity_constrained_matched_geometry__seed11419,11419,15001,1,1.2605378108435574
Wall,jepa_wm_wall,17,2,fidelity_constrained_matched_geometry,fidelity_constrained_matched_geometry__seed11419,11419,15001,3,1.764176410458222
Wall,jepa_wm_wall,17,2,fidelity_constrained_matched_geometry,fidelity_constrained_matched_geometry__seed11419,11419,15001,6,2.0546874491151756
Wall,jepa_wm_wall,18,2,fidelity_constrained_matched_geometry,fidelity_constrained_matched_geometry__seed11419,11419,15001,1,0.8356238330783304
Wall,jepa_wm_wall,18,2,fidelity_constrained_matched_geometry,fidelity_constrained_matched_geometry__seed11419,11419,15001,3,1.3839622231165198
Wall,jepa_wm_wall,18,2,fidelity_constrained_matched_geometry,fidelity_constrained_matched_geometry__seed11419,11419,15001,6,2.2541533939575293
Wall,jepa_wm_wall,19,2,fidelity_constrained_matched_geometry,fidelity_constrained_matched_geometry__seed11419,11419,15001,1,1.706037116087987
Wall,jepa_wm_wall,19,2,fidelity_constrained_matched_geometry,fidelity_constrained_matched_geometry__seed11419,11419,15001,3,1.917683820089006
Wall,jepa_wm_wall,19,2,fidelity_constrained_matched_geometry,fidelity_constrained_matched_geometry__seed11419,11419,15001,6,1.829322863234458
Wall,jepa_wm_wall,20,2,fidelity_constrained_matched_geometry,fidelity_constrained_matched_geometry__seed11419,11419,15001,1,1.7099216212653505
Wall,jepa_wm_wall,20,2,fidelity_constrained_matched_geometry,fidelity_constrained_matched_geometry__seed11419,11419,15001,3,1.9848924694930774
Wall,jepa_wm_wall,20,2,fidelity_constrained_matched_geometry,fidelity_constrained_matched_geometry__seed11419,11419,15001,6,2.0111574182960594
Wall,jepa_wm_wall,21,2,fidelity_constrained_matched_geometry,fidelity_constrained_matched_geometry__seed11419,11419,15001,1,1.0166303162378363
Wall,jepa_wm_wall,21,2,fidelity_constrained_matched_geometry,fidelity_constrained_matched_geometry__seed11419,11419,15001,3,1.7159138911158376
Wall,jepa_wm_wall,21,2,fidelity_constrained_matched_geometry,fidelity_constrained_matched_geometry__seed11419,11419,15001,6,2.078174441284322
Wall,jepa_wm_wall,22,2,fidelity_constrained_matched_geometry,fidelity_constrained_matched_geometry__seed11419,11419,15001,1,1.2933232960752143
Wall,jepa_wm_wall,22,2,fidelity_constrained_matched_geometry,fidelity_constrained_matched_geometry__seed11419,11419,15001,3,1.7690172915291698
Wall,jepa_wm_wall,22,2,fidelity_constrained_matched_geometry,fidelity_constrained_matched_geometry__seed11419,11419,15001,6,2.0628536070423027
Wall,jepa_wm_wall,23,2,fidelity_constrained_matched_geometry,fidelity_constrained_matched_geometry__seed11419,11419,15001,1,1.0049443517966097
Wall,jepa_wm_wall,23,2,fidelity_constrained_matched_geometry,fidelity_constrained_matched_geometry__seed11419,11419,15001,3,1.6553869423558805
Wall,jepa_wm_wall,23,2,fidelity_constrained_matched_geometry,fidelity_constrained_matched_geometry__seed11419,11419,15001,6,1.9527804907557786
Wall,jepa_wm_wall,48,6,fidelity_constrained_matched_geometry,fidelity_constrained_matched_geometry__seed11419,11419,15001,1,1.6092776404520521
Wall,jepa_wm_wall,48,6,fidelity_constrained_matched_geometry,fidelity_constrained_matched_geometry__seed11419,11419,15001,3,2.30319207952115
Wall,jepa_wm_wall,48,6,fidelity_constrained_matched_geometry,fidelity_constrained_matched_geometry__seed11419,11419,15001,6,2.2839031872898232
Wall,jepa_wm_wall,49,6,fidelity_constrained_matched_geometry,fidelity_constrained_matched_geometry__seed11419,11419,15001,1,1.5503697423411753
Wall,jepa_wm_wall,49,6,fidelity_constrained_matched_geometry,fidelity_constrained_matched_geometry__seed11419,11419,15001,3,2.3695872989631805
Wall,jepa_wm_wall,49,6,fidelity_constrained_matched_geometry,fidelity_constrained_matched_geometry__seed11419,11419,15001,6,2.2119618010329645
Wall,jepa_wm_wall,50,6,fidelity_constrained_matched_geometry,fidelity_constrained_matched_geometry__seed11419,11419,15001,1,1.789945455444982
Wall,jepa_wm_wall,50,6,fidelity_constrained_matched_geometry,fidelity_constrained_matched_geometry__seed11419,11419,15001,3,2.1388694387804237
Wall,jepa_wm_wall,50,6,fidelity_constrained_matched_geometry,fidelity_constrained_matched_geometry__seed11419,11419,15001,6,2.31909754358513
Wall,jepa_wm_wall,51,6,fidelity_constrained_matched_geometry,fidelity_constrained_matched_geometry__seed11419,11419,15001,1,2.0350839900928137
Wall,jepa_wm_wall,51,6,fidelity_constrained_matched_geometry,fidelity_constrained_matched_geometry__seed11419,11419,15001,3,2.2698895599313174
Wall,jepa_wm_wall,51,6,fidelity_constrained_matched_geometry,fidelity_constrained_matched_geometry__seed11419,11419,15001,6,2.1393236649328844
Wall,jepa_wm_wall,52,6,fidelity_constrained_matched_geometry,fidelity_constrained_matched_geometry__seed11419,11419,15001,1,1.5181233320174932
Wall,jepa_wm_wall,52,6,fidelity_constrained_matched_geometry,fidelity_constrained_matched_geometry__seed11419,11419,15001,3,2.1377631722058026
Wall,jepa_wm_wall,52,6,fidelity_constrained_matched_geometry,fidelity_constrained_matched_geometry__seed11419,11419,15001,6,2.585719262358442
Wall,jepa_wm_wall,53,6,fidelity_constrained_matched_geometry,fidelity_constrained_matched_geometry__seed11419,11419,15001,1,1.2876846836593974
Wall,jepa_wm_wall,53,6,fidelity_constrained_matched_geometry,fidelity_constrained_matched_geometry__seed11419,11419,15001,3,2.0809973955835694
Wall,jepa_wm_wall,53,6,fidelity_constrained_matched_geometry,fidelity_constrained_matched_geometry__seed11419,11419,15001,6,2.2428442983458163
Wall,jepa_wm_wall,54,6,fidelity_constrained_matched_geometry,fidelity_constrained_matched_geometry__seed11419,11419,15001,1,1.9615370040303715
Wall,jepa_wm_wall,54,6,fidelity_constrained_matched_geometry,fidelity_constrained_matched_geometry__seed11419,11419,15001,3,2.1292216303906453
Wall,jepa_wm_wall,54,6,fidelity_constrained_matched_geometry,fidelity_constrained_matched_geometry__seed11419,11419,15001,6,2.4891719516688218
Wall,jepa_wm_wall,55,6,fidelity_constrained_matched_geometry,fidelity_constrained_matched_geometry__seed11419,11419,15001,1,1.5075896892308402
Wall,jepa_wm_wall,55,6,fidelity_constrained_matched_geometry,fidelity_constrained_matched_geometry__seed11419,11419,15001,3,2.154348930595538
Wall,jepa_wm_wall,55,6,fidelity_constrained_matched_geometry,fidelity_constrained_matched_geometry__seed11419,11419,15001,6,2.4191112059905757
Wall,jepa_wm_wall,8,1,fidelity_constrained_latent_only,fidelity_constrained_latent_only__seed11437,11437,15001,1,1.7605805033977509
Wall,jepa_wm_wall,8,1,fidelity_constrained_latent_only,fidelity_constrained_latent_only__seed11437,11437,15001,3,1.8805674513066377
Wall,jepa_wm_wall,8,1,fidelity_constrained_latent_only,fidelity_constrained_latent_only__seed11437,11437,15001,6,2.087646010461899
Wall,jepa_wm_wall,9,1,fidelity_constrained_latent_only,fidelity_constrained_latent_only__seed11437,11437,15001,1,0.9736364771126481
Wall,jepa_wm_wall,9,1,fidelity_constrained_latent_only,fidelity_constrained_latent_only__seed11437,11437,15001,3,1.6204903886414679
Wall,jepa_wm_wall,9,1,fidelity_constrained_latent_only,fidelity_constrained_latent_only__seed11437,11437,15001,6,2.0226884748730436
Wall,jepa_wm_wall,10,1,fidelity_constrained_latent_only,fidelity_constrained_latent_only__seed11437,11437,15001,1,1.6240742461795254
Wall,jepa_wm_wall,10,1,fidelity_constrained_latent_only,fidelity_constrained_latent_only__seed11437,11437,15001,3,2.029677581414448
Wall,jepa_wm_wall,10,1,fidelity_constrained_latent_only,fidelity_constrained_latent_only__seed11437,11437,15001,6,1.973487723743431
Wall,jepa_wm_wall,11,1,fidelity_constrained_latent_only,fidelity_constrained_latent_only__seed11437,11437,15001,1,1.1136394242630128
Wall,jepa_wm_wall,11,1,fidelity_constrained_latent_only,fidelity_constrained_latent_only__seed11437,11437,15001,3,2.0435209885027557
Wall,jepa_wm_wall,11,1,fidelity_constrained_latent_only,fidelity_constrained_latent_only__seed11437,11437,15001,6,1.9750542597546872
Wall,jepa_wm_wall,12,1,fidelity_constrained_latent_only,fidelity_constrained_latent_only__seed11437,11437,15001,1,0.9358760901978699
Wall,jepa_wm_wall,12,1,fidelity_constrained_latent_only,fidelity_constrained_latent_only__seed11437,11437,15001,3,1.5200802618612115
Wall,jepa_wm_wall,12,1,fidelity_constrained_latent_only,fidelity_constrained_latent_only__seed11437,11437,15001,6,2.1220617698852893
Wall,jepa_wm_wall,13,1,fidelity_constrained_latent_only,fidelity_constrained_latent_only__seed11437,11437,15001,1,1.3097337626971286
Wall,jepa_wm_wall,13,1,fidelity_constrained_latent_only,fidelity_constrained_latent_only__seed11437,11437,15001,3,1.8656136872659679
Wall,jepa_wm_wall,13,1,fidelity_constrained_latent_only,fidelity_constrained_latent_only__seed11437,11437,15001,6,2.052452545659361
Wall,jepa_wm_wall,14,1,fidelity_constrained_latent_only,fidelity_constrained_latent_only__seed11437,11437,15001,1,0.9475883998138561
Wall,jepa_wm_wall,14,1,fidelity_constrained_latent_only,fidelity_constrained_latent_only__seed11437,11437,15001,3,1.8829321422092633
Wall,jepa_wm_wall,14,1,fidelity_constrained_latent_only,fidelity_constrained_latent_only__seed11437,11437,15001,6,1.922156452935726
Wall,jepa_wm_wall,15,1,fidelity_constrained_latent_only,fidelity_constrained_latent_only__seed11437,11437,15001,1,1.3003100073746388
Wall,jepa_wm_wall,15,1,fidelity_constrained_latent_only,fidelity_constrained_latent_only__seed11437,11437,15001,3,1.922218860960349
Wall,jepa_wm_wall,15,1,fidelity_constrained_latent_only,fidelity_constrained_latent_only__seed11437,11437,15001,6,2.489103369563635
Wall,jepa_wm_wall,16,2,fidelity_constrained_latent_only,fidelity_constrained_latent_only__seed11437,11437,15001,1,1.1223634611270727
Wall,jepa_wm_wall,16,2,fidelity_constrained_latent_only,fidelity_constrained_latent_only__seed11437,11437,15001,3,1.701906722508888
Wall,jepa_wm_wall,16,2,fidelity_constrained_latent_only,fidelity_constrained_latent_only__seed11437,11437,15001,6,2.2046090052976637
Wall,jepa_wm_wall,17,2,fidelity_constrained_latent_only,fidelity_constrained_latent_only__seed11437,11437,15001,1,1.2433950880738138
Wall,jepa_wm_wall,17,2,fidelity_constrained_latent_only,fidelity_constrained_latent_only__seed11437,11437,15001,3,1.6200811519653944
Wall,jepa_wm_wall,17,2,fidelity_constrained_latent_only,fidelity_constrained_latent_only__seed11437,11437,15001,6,2.187946655628773
Wall,jepa_wm_wall,18,2,fidelity_constrained_latent_only,fidelity_constrained_latent_only__seed11437,11437,15001,1,0.8869139489915487
Wall,jepa_wm_wall,18,2,fidelity_constrained_latent_only,fidelity_constrained_latent_only__seed11437,11437,15001,3,1.50040202412151
Wall,jepa_wm_wall,18,2,fidelity_constrained_latent_only,fidelity_constrained_latent_only__seed11437,11437,15001,6,2.077789061839061
Wall,jepa_wm_wall,19,2,fidelity_constrained_latent_only,fidelity_constrained_latent_only__seed11437,11437,15001,1,1.6892124628105778
Wall,jepa_wm_wall,19,2,fidelity_constrained_latent_only,fidelity_constrained_latent_only__seed11437,11437,15001,3,1.8601899257189318
Wall,jepa_wm_wall,19,2,fidelity_constrained_latent_only,fidelity_constrained_latent_only__seed11437,11437,15001,6,1.9491081611208887
Wall,jepa_wm_wall,20,2,fidelity_constrained_latent_only,fidelity_constrained_latent_only__seed11437,11437,15001,1,1.5764168368906046
Wall,jepa_wm_wall,20,2,fidelity_constrained_latent_only,fidelity_constrained_latent_only__seed11437,11437,15001,3,1.998305319773315
Wall,jepa_wm_wall,20,2,fidelity_constrained_latent_only,fidelity_constrained_latent_only__seed11437,11437,15001,6,2.1804813986824216
Wall,jepa_wm_wall,21,2,fidelity_constrained_latent_only,fidelity_constrained_latent_only__seed11437,11437,15001,1,1.021943613978674
Wall,jepa_wm_wall,21,2,fidelity_constrained_latent_only,fidelity_constrained_latent_only__seed11437,11437,15001,3,1.5428859869747709
Wall,jepa_wm_wall,21,2,fidelity_constrained_latent_only,fidelity_constrained_latent_only__seed11437,11437,15001,6,2.2398439437721867
Wall,jepa_wm_wall,22,2,fidelity_constrained_latent_only,fidelity_constrained_latent_only__seed11437,11437,15001,1,1.2699162382036493
Wall,jepa_wm_wall,22,2,fidelity_constrained_latent_only,fidelity_constrained_latent_only__seed11437,11437,15001,3,1.6419043867035676
Wall,jepa_wm_wall,22,2,fidelity_constrained_latent_only,fidelity_constrained_latent_only__seed11437,11437,15001,6,2.19347547347729
Wall,jepa_wm_wall,23,2,fidelity_constrained_latent_only,fidelity_constrained_latent_only__seed11437,11437,15001,1,0.9923660304848175
Wall,jepa_wm_wall,23,2,fidelity_constrained_latent_only,fidelity_constrained_latent_only__seed11437,11437,15001,3,1.6512277867598688
Wall,jepa_wm_wall,23,2,fidelity_constrained_latent_only,fidelity_constrained_latent_only__seed11437,11437,15001,6,2.0600280084198537
Wall,jepa_wm_wall,48,6,fidelity_constrained_latent_only,fidelity_constrained_latent_only__seed11437,11437,15001,1,1.5580414823148756
Wall,jepa_wm_wall,48,6,fidelity_constrained_latent_only,fidelity_constrained_latent_only__seed11437,11437,15001,3,2.2368017521698986
Wall,jepa_wm_wall,48,6,fidelity_constrained_latent_only,fidelity_constrained_latent_only__seed11437,11437,15001,6,2.7475807363038918
Wall,jepa_wm_wall,49,6,fidelity_constrained_latent_only,fidelity_constrained_latent_only__seed11437,11437,15001,1,1.5245910883930796
Wall,jepa_wm_wall,49,6,fidelity_constrained_latent_only,fidelity_constrained_latent_only__seed11437,11437,15001,3,2.2743593915457976
Wall,jepa_wm_wall,49,6,fidelity_constrained_latent_only,fidelity_constrained_latent_only__seed11437,11437,15001,6,2.6113182001661577
Wall,jepa_wm_wall,50,6,fidelity_constrained_latent_only,fidelity_constrained_latent_only__seed11437,11437,15001,1,1.7236505690247041
Wall,jepa_wm_wall,50,6,fidelity_constrained_latent_only,fidelity_constrained_latent_only__seed11437,11437,15001,3,2.0552817474449707
Wall,jepa_wm_wall,50,6,fidelity_constrained_latent_only,fidelity_constrained_latent_only__seed11437,11437,15001,6,2.538067939519508
Wall,jepa_wm_wall,51,6,fidelity_constrained_latent_only,fidelity_constrained_latent_only__seed11437,11437,15001,1,1.826150886216149
Wall,jepa_wm_wall,51,6,fidelity_constrained_latent_only,fidelity_constrained_latent_only__seed11437,11437,15001,3,2.191981861301713
Wall,jepa_wm_wall,51,6,fidelity_constrained_latent_only,fidelity_constrained_latent_only__seed11437,11437,15001,6,2.4066249141886726
Wall,jepa_wm_wall,52,6,fidelity_constrained_latent_only,fidelity_constrained_latent_only__seed11437,11437,15001,1,1.4877152569361674
Wall,jepa_wm_wall,52,6,fidelity_constrained_latent_only,fidelity_constrained_latent_only__seed11437,11437,15001,3,2.1587060248674823
Wall,jepa_wm_wall,52,6,fidelity_constrained_latent_only,fidelity_constrained_latent_only__seed11437,11437,15001,6,2.669290348336433
Wall,jepa_wm_wall,53,6,fidelity_constrained_latent_only,fidelity_constrained_latent_only__seed11437,11437,15001,1,1.186055750318179
Wall,jepa_wm_wall,53,6,fidelity_constrained_latent_only,fidelity_constrained_latent_only__seed11437,11437,15001,3,2.0022955321443003
Wall,jepa_wm_wall,53,6,fidelity_constrained_latent_only,fidelity_constrained_latent_only__seed11437,11437,15001,6,2.4508530705346216
Wall,jepa_wm_wall,54,6,fidelity_constrained_latent_only,fidelity_constrained_latent_only__seed11437,11437,15001,1,1.7718083845896566
Wall,jepa_wm_wall,54,6,fidelity_constrained_latent_only,fidelity_constrained_latent_only__seed11437,11437,15001,3,2.117525158360473
Wall,jepa_wm_wall,54,6,fidelity_constrained_latent_only,fidelity_constrained_latent_only__seed11437,11437,15001,6,2.6730468930676325
Wall,jepa_wm_wall,55,6,fidelity_constrained_latent_only,fidelity_constrained_latent_only__seed11437,11437,15001,1,1.4675451602505518
Wall,jepa_wm_wall,55,6,fidelity_constrained_latent_only,fidelity_constrained_latent_only__seed11437,11437,15001,3,1.963830613362353
Wall,jepa_wm_wall,55,6,fidelity_constrained_latent_only,fidelity_constrained_latent_only__seed11437,11437,15001,6,2.5471635365433776
Wall,jepa_wm_wall,8,1,fidelity_constrained_shuffled_geometry,fidelity_constrained_shuffled_geometry__seed11437,11437,15001,1,1.8262687926525007
Wall,jepa_wm_wall,8,1,fidelity_constrained_shuffled_geometry,fidelity_constrained_shuffled_geometry__seed11437,11437,15001,3,1.9055263490116552
Wall,jepa_wm_wall,8,1,fidelity_constrained_shuffled_geometry,fidelity_constrained_shuffled_geometry__seed11437,11437,15001,6,1.8567370951029187
Wall,jepa_wm_wall,9,1,fidelity_constrained_shuffled_geometry,fidelity_constrained_shuffled_geometry__seed11437,11437,15001,1,0.9293015473882742
Wall,jepa_wm_wall,9,1,fidelity_constrained_shuffled_geometry,fidelity_constrained_shuffled_geometry__seed11437,11437,15001,3,1.7596999679116645
Wall,jepa_wm_wall,9,1,fidelity_constrained_shuffled_geometry,fidelity_constrained_shuffled_geometry__seed11437,11437,15001,6,1.8837361911037966
Wall,jepa_wm_wall,10,1,fidelity_constrained_shuffled_geometry,fidelity_constrained_shuffled_geometry__seed11437,11437,15001,1,1.657209084419572
Wall,jepa_wm_wall,10,1,fidelity_constrained_shuffled_geometry,fidelity_constrained_shuffled_geometry__seed11437,11437,15001,3,2.0611785260861013
Wall,jepa_wm_wall,10,1,fidelity_constrained_shuffled_geometry,fidelity_constrained_shuffled_geometry__seed11437,11437,15001,6,1.7808983104754266
Wall,jepa_wm_wall,11,1,fidelity_constrained_shuffled_geometry,fidelity_constrained_shuffled_geometry__seed11437,11437,15001,1,1.1406959983616107
Wall,jepa_wm_wall,11,1,fidelity_constrained_shuffled_geometry,fidelity_constrained_shuffled_geometry__seed11437,11437,15001,3,2.1311317552188864
Wall,jepa_wm_wall,11,1,fidelity_constrained_shuffled_geometry,fidelity_constrained_shuffled_geometry__seed11437,11437,15001,6,1.8094407625488553
Wall,jepa_wm_wall,12,1,fidelity_constrained_shuffled_geometry,fidelity_constrained_shuffled_geometry__seed11437,11437,15001,1,0.987431247633709
Wall,jepa_wm_wall,12,1,fidelity_constrained_shuffled_geometry,fidelity_constrained_shuffled_geometry__seed11437,11437,15001,3,1.6343388627978517
Wall,jepa_wm_wall,12,1,fidelity_constrained_shuffled_geometry,fidelity_constrained_shuffled_geometry__seed11437,11437,15001,6,1.9926221954044803
Wall,jepa_wm_wall,13,1,fidelity_constrained_shuffled_geometry,fidelity_constrained_shuffled_geometry__seed11437,11437,15001,1,1.470675598390515
Wall,jepa_wm_wall,13,1,fidelity_constrained_shuffled_geometry,fidelity_constrained_shuffled_geometry__seed11437,11437,15001,3,1.8309781667763774
Wall,jepa_wm_wall,13,1,fidelity_constrained_shuffled_geometry,fidelity_constrained_shuffled_geometry__seed11437,11437,15001,6,1.7329156235070844
Wall,jepa_wm_wall,14,1,fidelity_constrained_shuffled_geometry,fidelity_constrained_shuffled_geometry__seed11437,11437,15001,1,0.8551314699304005
Wall,jepa_wm_wall,14,1,fidelity_constrained_shuffled_geometry,fidelity_constrained_shuffled_geometry__seed11437,11437,15001,3,1.872908098212343
Wall,jepa_wm_wall,14,1,fidelity_constrained_shuffled_geometry,fidelity_constrained_shuffled_geometry__seed11437,11437,15001,6,1.8319634243896599
Wall,jepa_wm_wall,15,1,fidelity_constrained_shuffled_geometry,fidelity_constrained_shuffled_geometry__seed11437,11437,15001,1,1.327917078012227
Wall,jepa_wm_wall,15,1,fidelity_constrained_shuffled_geometry,fidelity_constrained_shuffled_geometry__seed11437,11437,15001,3,2.109872438620239
Wall,jepa_wm_wall,15,1,fidelity_constrained_shuffled_geometry,fidelity_constrained_shuffled_geometry__seed11437,11437,15001,6,2.0899754470738157
Wall,jepa_wm_wall,16,2,fidelity_constrained_shuffled_geometry,fidelity_constrained_shuffled_geometry__seed11437,11437,15001,1,1.0425185442050604
Wall,jepa_wm_wall,16,2,fidelity_constrained_shuffled_geometry,fidelity_constrained_shuffled_geometry__seed11437,11437,15001,3,1.8017401336623258
Wall,jepa_wm_wall,16,2,fidelity_constrained_shuffled_geometry,fidelity_constrained_shuffled_geometry__seed11437,11437,15001,6,2.0839144676003554
Wall,jepa_wm_wall,17,2,fidelity_constrained_shuffled_geometry,fidelity_constrained_shuffled_geometry__seed11437,11437,15001,1,1.2386062461115395
Wall,jepa_wm_wall,17,2,fidelity_constrained_shuffled_geometry,fidelity_constrained_shuffled_geometry__seed11437,11437,15001,3,1.8045094779081567
Wall,jepa_wm_wall,17,2,fidelity_constrained_shuffled_geometry,fidelity_constrained_shuffled_geometry__seed11437,11437,15001,6,2.0832130007432257
Wall,jepa_wm_wall,18,2,fidelity_constrained_shuffled_geometry,fidelity_constrained_shuffled_geometry__seed11437,11437,15001,1,0.837848536150765
Wall,jepa_wm_wall,18,2,fidelity_constrained_shuffled_geometry,fidelity_constrained_shuffled_geometry__seed11437,11437,15001,3,1.395333886917858
Wall,jepa_wm_wall,18,2,fidelity_constrained_shuffled_geometry,fidelity_constrained_shuffled_geometry__seed11437,11437,15001,6,2.2209991097800175
Wall,jepa_wm_wall,19,2,fidelity_constrained_shuffled_geometry,fidelity_constrained_shuffled_geometry__seed11437,11437,15001,1,1.730332913179558
Wall,jepa_wm_wall,19,2,fidelity_constrained_shuffled_geometry,fidelity_constrained_shuffled_geometry__seed11437,11437,15001,3,1.9624343183850195
Wall,jepa_wm_wall,19,2,fidelity_constrained_shuffled_geometry,fidelity_constrained_shuffled_geometry__seed11437,11437,15001,6,1.8997429428509316
Wall,jepa_wm_wall,20,2,fidelity_constrained_shuffled_geometry,fidelity_constrained_shuffled_geometry__seed11437,11437,15001,1,1.7051956191468043
Wall,jepa_wm_wall,20,2,fidelity_constrained_shuffled_geometry,fidelity_constrained_shuffled_geometry__seed11437,11437,15001,3,2.029247526240276
Wall,jepa_wm_wall,20,2,fidelity_constrained_shuffled_geometry,fidelity_constrained_shuffled_geometry__seed11437,11437,15001,6,2.034762342845891
Wall,jepa_wm_wall,21,2,fidelity_constrained_shuffled_geometry,fidelity_constrained_shuffled_geometry__seed11437,11437,15001,1,1.0158966511595222
Wall,jepa_wm_wall,21,2,fidelity_constrained_shuffled_geometry,fidelity_constrained_shuffled_geometry__seed11437,11437,15001,3,1.7872040901775184
Wall,jepa_wm_wall,21,2,fidelity_constrained_shuffled_geometry,fidelity_constrained_shuffled_geometry__seed11437,11437,15001,6,2.114633423090518
Wall,jepa_wm_wall,22,2,fidelity_constrained_shuffled_geometry,fidelity_constrained_shuffled_geometry__seed11437,11437,15001,1,1.2773218794401031
Wall,jepa_wm_wall,22,2,fidelity_constrained_shuffled_geometry,fidelity_constrained_shuffled_geometry__seed11437,11437,15001,3,1.8136301263877028
Wall,jepa_wm_wall,22,2,fidelity_constrained_shuffled_geometry,fidelity_constrained_shuffled_geometry__seed11437,11437,15001,6,2.092507300310261
Wall,jepa_wm_wall,23,2,fidelity_constrained_shuffled_geometry,fidelity_constrained_shuffled_geometry__seed11437,11437,15001,1,1.0056006265128787
Wall,jepa_wm_wall,23,2,fidelity_constrained_shuffled_geometry,fidelity_constrained_shuffled_geometry__seed11437,11437,15001,3,1.6797190384571212
Wall,jepa_wm_wall,23,2,fidelity_constrained_shuffled_geometry,fidelity_constrained_shuffled_geometry__seed11437,11437,15001,6,1.931082936608413
Wall,jepa_wm_wall,48,6,fidelity_constrained_shuffled_geometry,fidelity_constrained_shuffled_geometry__seed11437,11437,15001,1,1.6494751280083413
Wall,jepa_wm_wall,48,6,fidelity_constrained_shuffled_geometry,fidelity_constrained_shuffled_geometry__seed11437,11437,15001,3,2.3898060315897562
Wall,jepa_wm_wall,48,6,fidelity_constrained_shuffled_geometry,fidelity_constrained_shuffled_geometry__seed11437,11437,15001,6,2.273672792450211
Wall,jepa_wm_wall,49,6,fidelity_constrained_shuffled_geometry,fidelity_constrained_shuffled_geometry__seed11437,11437,15001,1,1.5689883341746258
Wall,jepa_wm_wall,49,6,fidelity_constrained_shuffled_geometry,fidelity_constrained_shuffled_geometry__seed11437,11437,15001,3,2.458866429283092
Wall,jepa_wm_wall,49,6,fidelity_constrained_shuffled_geometry,fidelity_constrained_shuffled_geometry__seed11437,11437,15001,6,2.1913842829054384
Wall,jepa_wm_wall,50,6,fidelity_constrained_shuffled_geometry,fidelity_constrained_shuffled_geometry__seed11437,11437,15001,1,1.8344515121854443
Wall,jepa_wm_wall,50,6,fidelity_constrained_shuffled_geometry,fidelity_constrained_shuffled_geometry__seed11437,11437,15001,3,2.2106117672604166
Wall,jepa_wm_wall,50,6,fidelity_constrained_shuffled_geometry,fidelity_constrained_shuffled_geometry__seed11437,11437,15001,6,2.2722626581059377
Wall,jepa_wm_wall,51,6,fidelity_constrained_shuffled_geometry,fidelity_constrained_shuffled_geometry__seed11437,11437,15001,1,2.018243338697055
Wall,jepa_wm_wall,51,6,fidelity_constrained_shuffled_geometry,fidelity_constrained_shuffled_geometry__seed11437,11437,15001,3,2.3561103664778105
Wall,jepa_wm_wall,51,6,fidelity_constrained_shuffled_geometry,fidelity_constrained_shuffled_geometry__seed11437,11437,15001,6,2.1909891339337393
Wall,jepa_wm_wall,52,6,fidelity_constrained_shuffled_geometry,fidelity_constrained_shuffled_geometry__seed11437,11437,15001,1,1.5898721583841149
Wall,jepa_wm_wall,52,6,fidelity_constrained_shuffled_geometry,fidelity_constrained_shuffled_geometry__seed11437,11437,15001,3,2.222283020507493
Wall,jepa_wm_wall,52,6,fidelity_constrained_shuffled_geometry,fidelity_constrained_shuffled_geometry__seed11437,11437,15001,6,2.5553154787753707
Wall,jepa_wm_wall,53,6,fidelity_constrained_shuffled_geometry,fidelity_constrained_shuffled_geometry__seed11437,11437,15001,1,1.3180429826223772
Wall,jepa_wm_wall,53,6,fidelity_constrained_shuffled_geometry,fidelity_constrained_shuffled_geometry__seed11437,11437,15001,3,2.1715680666953756
Wall,jepa_wm_wall,53,6,fidelity_constrained_shuffled_geometry,fidelity_constrained_shuffled_geometry__seed11437,11437,15001,6,2.214897456430823
Wall,jepa_wm_wall,54,6,fidelity_constrained_shuffled_geometry,fidelity_constrained_shuffled_geometry__seed11437,11437,15001,1,1.9881479095815977
Wall,jepa_wm_wall,54,6,fidelity_constrained_shuffled_geometry,fidelity_constrained_shuffled_geometry__seed11437,11437,15001,3,2.2153376869061088
Wall,jepa_wm_wall,54,6,fidelity_constrained_shuffled_geometry,fidelity_constrained_shuffled_geometry__seed11437,11437,15001,6,2.417183142414267
Wall,jepa_wm_wall,55,6,fidelity_constrained_shuffled_geometry,fidelity_constrained_shuffled_geometry__seed11437,11437,15001,1,1.5453722831239114
Wall,jepa_wm_wall,55,6,fidelity_constrained_shuffled_geometry,fidelity_constrained_shuffled_geometry__seed11437,11437,15001,3,2.2423143213169725
Wall,jepa_wm_wall,55,6,fidelity_constrained_shuffled_geometry,fidelity_constrained_shuffled_geometry__seed11437,11437,15001,6,2.3333317265254676
Wall,jepa_wm_wall,8,1,fidelity_constrained_matched_geometry,fidelity_constrained_matched_geometry__seed11437,11437,15001,1,1.7976325044929264
Wall,jepa_wm_wall,8,1,fidelity_constrained_matched_geometry,fidelity_constrained_matched_geometry__seed11437,11437,15001,3,1.8388868039329735
Wall,jepa_wm_wall,8,1,fidelity_constrained_matched_geometry,fidelity_constrained_matched_geometry__seed11437,11437,15001,6,1.8779053928273517
Wall,jepa_wm_wall,9,1,fidelity_constrained_matched_geometry,fidelity_constrained_matched_geometry__seed11437,11437,15001,1,0.921261235643488
Wall,jepa_wm_wall,9,1,fidelity_constrained_matched_geometry,fidelity_constrained_matched_geometry__seed11437,11437,15001,3,1.6786465912095514
Wall,jepa_wm_wall,9,1,fidelity_constrained_matched_geometry,fidelity_constrained_matched_geometry__seed11437,11437,15001,6,1.8864863126884808
Wall,jepa_wm_wall,10,1,fidelity_constrained_matched_geometry,fidelity_constrained_matched_geometry__seed11437,11437,15001,1,1.6524745784237187
Wall,jepa_wm_wall,10,1,fidelity_constrained_matched_geometry,fidelity_constrained_matched_geometry__seed11437,11437,15001,3,1.9190632553902707
Wall,jepa_wm_wall,10,1,fidelity_constrained_matched_geometry,fidelity_constrained_matched_geometry__seed11437,11437,15001,6,1.83223181739394
Wall,jepa_wm_wall,11,1,fidelity_constrained_matched_geometry,fidelity_constrained_matched_geometry__seed11437,11437,15001,1,1.1330853058001384
Wall,jepa_wm_wall,11,1,fidelity_constrained_matched_geometry,fidelity_constrained_matched_geometry__seed11437,11437,15001,3,2.0322580840192845
Wall,jepa_wm_wall,11,1,fidelity_constrained_matched_geometry,fidelity_constrained_matched_geometry__seed11437,11437,15001,6,1.7741280879396528
Wall,jepa_wm_wall,12,1,fidelity_constrained_matched_geometry,fidelity_constrained_matched_geometry__seed11437,11437,15001,1,0.9714547025216285
Wall,jepa_wm_wall,12,1,fidelity_constrained_matched_geometry,fidelity_constrained_matched_geometry__seed11437,11437,15001,3,1.56448990364692
Wall,jepa_wm_wall,12,1,fidelity_constrained_matched_geometry,fidelity_constrained_matched_geometry__seed11437,11437,15001,6,1.9565988199665365
Wall,jepa_wm_wall,13,1,fidelity_constrained_matched_geometry,fidelity_constrained_matched_geometry__seed11437,11437,15001,1,1.4009016384647441
Wall,jepa_wm_wall,13,1,fidelity_constrained_matched_geometry,fidelity_constrained_matched_geometry__seed11437,11437,15001,3,1.7407785623751015
Wall,jepa_wm_wall,13,1,fidelity_constrained_matched_geometry,fidelity_constrained_matched_geometry__seed11437,11437,15001,6,1.7934364360817996
Wall,jepa_wm_wall,14,1,fidelity_constrained_matched_geometry,fidelity_constrained_matched_geometry__seed11437,11437,15001,1,0.8242044770783838
Wall,jepa_wm_wall,14,1,fidelity_constrained_matched_geometry,fidelity_constrained_matched_geometry__seed11437,11437,15001,3,1.8424065884394023
Wall,jepa_wm_wall,14,1,fidelity_constrained_matched_geometry,fidelity_constrained_matched_geometry__seed11437,11437,15001,6,1.7802908080668842
Wall,jepa_wm_wall,15,1,fidelity_constrained_matched_geometry,fidelity_constrained_matched_geometry__seed11437,11437,15001,1,1.2984524178119052
Wall,jepa_wm_wall,15,1,fidelity_constrained_matched_geometry,fidelity_constrained_matched_geometry__seed11437,11437,15001,3,2.045358666657911
Wall,jepa_wm_wall,15,1,fidelity_constrained_matched_geometry,fidelity_constrained_matched_geometry__seed11437,11437,15001,6,2.175226984378823
Wall,jepa_wm_wall,16,2,fidelity_constrained_matched_geometry,fidelity_constrained_matched_geometry__seed11437,11437,15001,1,1.0425433467754264
Wall,jepa_wm_wall,16,2,fidelity_constrained_matched_geometry,fidelity_constrained_matched_geometry__seed11437,11437,15001,3,1.7135009641297128
Wall,jepa_wm_wall,16,2,fidelity_constrained_matched_geometry,fidelity_constrained_matched_geometry__seed11437,11437,15001,6,2.063794340732981
Wall,jepa_wm_wall,17,2,fidelity_constrained_matched_geometry,fidelity_constrained_matched_geometry__seed11437,11437,15001,1,1.2676462556967618
Wall,jepa_wm_wall,17,2,fidelity_constrained_matched_geometry,fidelity_constrained_matched_geometry__seed11437,11437,15001,3,1.7649817127032013
Wall,jepa_wm_wall,17,2,fidelity_constrained_matched_geometry,fidelity_constrained_matched_geometry__seed11437,11437,15001,6,2.0443141650585885
Wall,jepa_wm_wall,18,2,fidelity_constrained_matched_geometry,fidelity_constrained_matched_geometry__seed11437,11437,15001,1,0.8387566012696586
Wall,jepa_wm_wall,18,2,fidelity_constrained_matched_geometry,fidelity_constrained_matched_geometry__seed11437,11437,15001,3,1.3866237122671152
Wall,jepa_wm_wall,18,2,fidelity_constrained_matched_geometry,fidelity_constrained_matched_geometry__seed11437,11437,15001,6,2.247075999107601
Wall,jepa_wm_wall,19,2,fidelity_constrained_matched_geometry,fidelity_constrained_matched_geometry__seed11437,11437,15001,1,1.7084652939304623
Wall,jepa_wm_wall,19,2,fidelity_constrained_matched_geometry,fidelity_constrained_matched_geometry__seed11437,11437,15001,3,1.9147003408834997
Wall,jepa_wm_wall,19,2,fidelity_constrained_matched_geometry,fidelity_constrained_matched_geometry__seed11437,11437,15001,6,1.8255572519243617
Wall,jepa_wm_wall,20,2,fidelity_constrained_matched_geometry,fidelity_constrained_matched_geometry__seed11437,11437,15001,1,1.7107148261023246
Wall,jepa_wm_wall,20,2,fidelity_constrained_matched_geometry,fidelity_constrained_matched_geometry__seed11437,11437,15001,3,1.9830206799566976
Wall,jepa_wm_wall,20,2,fidelity_constrained_matched_geometry,fidelity_constrained_matched_geometry__seed11437,11437,15001,6,2.0042027727288896
Wall,jepa_wm_wall,21,2,fidelity_constrained_matched_geometry,fidelity_constrained_matched_geometry__seed11437,11437,15001,1,1.0169970947027902
Wall,jepa_wm_wall,21,2,fidelity_constrained_matched_geometry,fidelity_constrained_matched_geometry__seed11437,11437,15001,3,1.716351750739799
Wall,jepa_wm_wall,21,2,fidelity_constrained_matched_geometry,fidelity_constrained_matched_geometry__seed11437,11437,15001,6,2.068870221139686
Wall,jepa_wm_wall,22,2,fidelity_constrained_matched_geometry,fidelity_constrained_matched_geometry__seed11437,11437,15001,1,1.3031402814962256
Wall,jepa_wm_wall,22,2,fidelity_constrained_matched_geometry,fidelity_constrained_matched_geometry__seed11437,11437,15001,3,1.7694953892535588
Wall,jepa_wm_wall,22,2,fidelity_constrained_matched_geometry,fidelity_constrained_matched_geometry__seed11437,11437,15001,6,2.052588013058607
Wall,jepa_wm_wall,23,2,fidelity_constrained_matched_geometry,fidelity_constrained_matched_geometry__seed11437,11437,15001,1,1.008797093471794
Wall,jepa_wm_wall,23,2,fidelity_constrained_matched_geometry,fidelity_constrained_matched_geometry__seed11437,11437,15001,3,1.6504625718285735
Wall,jepa_wm_wall,23,2,fidelity_constrained_matched_geometry,fidelity_constrained_matched_geometry__seed11437,11437,15001,6,1.9430726964661431
Wall,jepa_wm_wall,48,6,fidelity_constrained_matched_geometry,fidelity_constrained_matched_geometry__seed11437,11437,15001,1,1.5979023134593777
Wall,jepa_wm_wall,48,6,fidelity_constrained_matched_geometry,fidelity_constrained_matched_geometry__seed11437,11437,15001,3,2.2884674819293953
Wall,jepa_wm_wall,48,6,fidelity_constrained_matched_geometry,fidelity_constrained_matched_geometry__seed11437,11437,15001,6,2.264283939294328
Wall,jepa_wm_wall,49,6,fidelity_constrained_matched_geometry,fidelity_constrained_matched_geometry__seed11437,11437,15001,1,1.543534691180253
Wall,jepa_wm_wall,49,6,fidelity_constrained_matched_geometry,fidelity_constrained_matched_geometry__seed11437,11437,15001,3,2.3519533010853215
Wall,jepa_wm_wall,49,6,fidelity_constrained_matched_geometry,fidelity_constrained_matched_geometry__seed11437,11437,15001,6,2.1942932206504495
Wall,jepa_wm_wall,50,6,fidelity_constrained_matched_geometry,fidelity_constrained_matched_geometry__seed11437,11437,15001,1,1.781002874337519
Wall,jepa_wm_wall,50,6,fidelity_constrained_matched_geometry,fidelity_constrained_matched_geometry__seed11437,11437,15001,3,2.139436629442377
Wall,jepa_wm_wall,50,6,fidelity_constrained_matched_geometry,fidelity_constrained_matched_geometry__seed11437,11437,15001,6,2.3035155515272923
Wall,jepa_wm_wall,51,6,fidelity_constrained_matched_geometry,fidelity_constrained_matched_geometry__seed11437,11437,15001,1,2.0309366491948952
Wall,jepa_wm_wall,51,6,fidelity_constrained_matched_geometry,fidelity_constrained_matched_geometry__seed11437,11437,15001,3,2.2710620398211288
Wall,jepa_wm_wall,51,6,fidelity_constrained_matched_geometry,fidelity_constrained_matched_geometry__seed11437,11437,15001,6,2.1268254944003253
Wall,jepa_wm_wall,52,6,fidelity_constrained_matched_geometry,fidelity_constrained_matched_geometry__seed11437,11437,15001,1,1.5184955701683613
Wall,jepa_wm_wall,52,6,fidelity_constrained_matched_geometry,fidelity_constrained_matched_geometry__seed11437,11437,15001,3,2.12037208488179
Wall,jepa_wm_wall,52,6,fidelity_constrained_matched_geometry,fidelity_constrained_matched_geometry__seed11437,11437,15001,6,2.5577796467316527
Wall,jepa_wm_wall,53,6,fidelity_constrained_matched_geometry,fidelity_constrained_matched_geometry__seed11437,11437,15001,1,1.2820728559238963
Wall,jepa_wm_wall,53,6,fidelity_constrained_matched_geometry,fidelity_constrained_matched_geometry__seed11437,11437,15001,3,2.08030054593961
Wall,jepa_wm_wall,53,6,fidelity_constrained_matched_geometry,fidelity_constrained_matched_geometry__seed11437,11437,15001,6,2.235083393688086
Wall,jepa_wm_wall,54,6,fidelity_constrained_matched_geometry,fidelity_constrained_matched_geometry__seed11437,11437,15001,1,1.9461374493493688
Wall,jepa_wm_wall,54,6,fidelity_constrained_matched_geometry,fidelity_constrained_matched_geometry__seed11437,11437,15001,3,2.123957829435307
Wall,jepa_wm_wall,54,6,fidelity_constrained_matched_geometry,fidelity_constrained_matched_geometry__seed11437,11437,15001,6,2.4742341778333463
Wall,jepa_wm_wall,55,6,fidelity_constrained_matched_geometry,fidelity_constrained_matched_geometry__seed11437,11437,15001,1,1.5055275315624055
Wall,jepa_wm_wall,55,6,fidelity_constrained_matched_geometry,fidelity_constrained_matched_geometry__seed11437,11437,15001,3,2.152584394987366
Wall,jepa_wm_wall,55,6,fidelity_constrained_matched_geometry,fidelity_constrained_matched_geometry__seed11437,11437,15001,6,2.3984183569830653
