environment,model,state_id,task_id,variant,method,adaptation_seed,horizon,native_anchor
PushT,jepa_wm_pusht,8,1,frozen,frozen,-1,1,0.037590671330690384
PushT,jepa_wm_pusht,8,1,frozen,frozen,-1,3,0.05511542409658432
PushT,jepa_wm_pusht,8,1,frozen,frozen,-1,6,0.0763002559542656
PushT,jepa_wm_pusht,9,1,frozen,frozen,-1,1,0.04999617114663124
PushT,jepa_wm_pusht,9,1,frozen,frozen,-1,3,0.0699891448020935
PushT,jepa_wm_pusht,9,1,frozen,frozen,-1,6,0.07771334797143936
PushT,jepa_wm_pusht,10,1,frozen,frozen,-1,1,0.05979752913117409
PushT,jepa_wm_pusht,10,1,frozen,frozen,-1,3,0.11318425089120865
PushT,jepa_wm_pusht,10,1,frozen,frozen,-1,6,0.12992599606513977
PushT,jepa_wm_pusht,11,1,frozen,frozen,-1,1,0.08038286119699478
PushT,jepa_wm_pusht,11,1,frozen,frozen,-1,3,0.07276362180709839
PushT,jepa_wm_pusht,11,1,frozen,frozen,-1,6,0.08045974373817444
PushT,jepa_wm_pusht,12,1,frozen,frozen,-1,1,0.04473087936639786
PushT,jepa_wm_pusht,12,1,frozen,frozen,-1,3,0.058466892689466476
PushT,jepa_wm_pusht,12,1,frozen,frozen,-1,6,0.06247500330209732
PushT,jepa_wm_pusht,13,1,frozen,frozen,-1,1,0.06240770220756531
PushT,jepa_wm_pusht,13,1,frozen,frozen,-1,3,0.0787787064909935
PushT,jepa_wm_pusht,13,1,frozen,frozen,-1,6,0.07257605344057083
PushT,jepa_wm_pusht,14,1,frozen,frozen,-1,1,0.017284490168094635
PushT,jepa_wm_pusht,14,1,frozen,frozen,-1,3,0.037157442420721054
PushT,jepa_wm_pusht,14,1,frozen,frozen,-1,6,0.0553031861782074
PushT,jepa_wm_pusht,15,1,frozen,frozen,-1,1,0.02010764181613922
PushT,jepa_wm_pusht,15,1,frozen,frozen,-1,3,0.05297539010643959
PushT,jepa_wm_pusht,15,1,frozen,frozen,-1,6,0.06897220760583878
PushT,jepa_wm_pusht,16,2,frozen,frozen,-1,1,0.06261518597602844
PushT,jepa_wm_pusht,16,2,frozen,frozen,-1,3,0.14818163216114044
PushT,jepa_wm_pusht,16,2,frozen,frozen,-1,6,0.16724038124084473
PushT,jepa_wm_pusht,17,2,frozen,frozen,-1,1,0.027963120490312576
PushT,jepa_wm_pusht,17,2,frozen,frozen,-1,3,0.05596189945936203
PushT,jepa_wm_pusht,17,2,frozen,frozen,-1,6,0.07809613645076752
PushT,jepa_wm_pusht,18,2,frozen,frozen,-1,1,0.01794116571545601
PushT,jepa_wm_pusht,18,2,frozen,frozen,-1,3,0.03608283773064613
PushT,jepa_wm_pusht,18,2,frozen,frozen,-1,6,0.05735453963279724
PushT,jepa_wm_pusht,19,2,frozen,frozen,-1,1,0.028265323489904404
PushT,jepa_wm_pusht,19,2,frozen,frozen,-1,3,0.04199257120490074
PushT,jepa_wm_pusht,19,2,frozen,frozen,-1,6,0.056058306246995926
PushT,jepa_wm_pusht,20,2,frozen,frozen,-1,1,0.033102814108133316
PushT,jepa_wm_pusht,20,2,frozen,frozen,-1,3,0.044894028455019
PushT,jepa_wm_pusht,20,2,frozen,frozen,-1,6,0.0660930648446083
PushT,jepa_wm_pusht,21,2,frozen,frozen,-1,1,0.025655314326286316
PushT,jepa_wm_pusht,21,2,frozen,frozen,-1,3,0.05223233997821808
PushT,jepa_wm_pusht,21,2,frozen,frozen,-1,6,0.0791235864162445
PushT,jepa_wm_pusht,22,2,frozen,frozen,-1,1,0.02106950618326664
PushT,jepa_wm_pusht,22,2,frozen,frozen,-1,3,0.06792990863323212
PushT,jepa_wm_pusht,22,2,frozen,frozen,-1,6,0.07130510360002518
PushT,jepa_wm_pusht,23,2,frozen,frozen,-1,1,0.02814650721848011
PushT,jepa_wm_pusht,23,2,frozen,frozen,-1,3,0.03318455442786217
PushT,jepa_wm_pusht,23,2,frozen,frozen,-1,6,0.04668523743748665
PushT,jepa_wm_pusht,48,6,frozen,frozen,-1,1,0.09011293947696686
PushT,jepa_wm_pusht,48,6,frozen,frozen,-1,3,0.048242587596178055
PushT,jepa_wm_pusht,48,6,frozen,frozen,-1,6,0.05652670934796333
PushT,jepa_wm_pusht,49,6,frozen,frozen,-1,1,0.04527951776981354
PushT,jepa_wm_pusht,49,6,frozen,frozen,-1,3,0.0515633150935173
PushT,jepa_wm_pusht,49,6,frozen,frozen,-1,6,0.04793805629014969
PushT,jepa_wm_pusht,50,6,frozen,frozen,-1,1,0.039166223257780075
PushT,jepa_wm_pusht,50,6,frozen,frozen,-1,3,0.05766601487994194
PushT,jepa_wm_pusht,50,6,frozen,frozen,-1,6,0.10485390573740005
PushT,jepa_wm_pusht,51,6,frozen,frozen,-1,1,0.043099869042634964
PushT,jepa_wm_pusht,51,6,frozen,frozen,-1,3,0.04750138521194458
PushT,jepa_wm_pusht,51,6,frozen,frozen,-1,6,0.05088319256901741
PushT,jepa_wm_pusht,52,6,frozen,frozen,-1,1,0.022184796631336212
PushT,jepa_wm_pusht,52,6,frozen,frozen,-1,3,0.03796421363949776
PushT,jepa_wm_pusht,52,6,frozen,frozen,-1,6,0.04757561907172203
PushT,jepa_wm_pusht,53,6,frozen,frozen,-1,1,0.03689003735780716
PushT,jepa_wm_pusht,53,6,frozen,frozen,-1,3,0.043311432003974915
PushT,jepa_wm_pusht,53,6,frozen,frozen,-1,6,0.06029747426509857
PushT,jepa_wm_pusht,54,6,frozen,frozen,-1,1,0.07904428243637085
PushT,jepa_wm_pusht,54,6,frozen,frozen,-1,3,0.11596650630235672
PushT,jepa_wm_pusht,54,6,frozen,frozen,-1,6,0.13542601466178894
PushT,jepa_wm_pusht,55,6,frozen,frozen,-1,1,0.026073088869452477
PushT,jepa_wm_pusht,55,6,frozen,frozen,-1,3,0.05593234300613403
PushT,jepa_wm_pusht,55,6,frozen,frozen,-1,6,0.06148688495159149
PushT,jepa_wm_pusht,8,1,fidelity_constrained_latent_only__seed11401,fidelity_constrained_latent_only,11401,1,0.03057163767516613
PushT,jepa_wm_pusht,8,1,fidelity_constrained_latent_only__seed11401,fidelity_constrained_latent_only,11401,3,0.04482299089431763
PushT,jepa_wm_pusht,8,1,fidelity_constrained_latent_only__seed11401,fidelity_constrained_latent_only,11401,6,0.05260300263762474
PushT,jepa_wm_pusht,9,1,fidelity_constrained_latent_only__seed11401,fidelity_constrained_latent_only,11401,1,0.045825205743312836
PushT,jepa_wm_pusht,9,1,fidelity_constrained_latent_only__seed11401,fidelity_constrained_latent_only,11401,3,0.057460613548755646
PushT,jepa_wm_pusht,9,1,fidelity_constrained_latent_only__seed11401,fidelity_constrained_latent_only,11401,6,0.05595674365758896
PushT,jepa_wm_pusht,10,1,fidelity_constrained_latent_only__seed11401,fidelity_constrained_latent_only,11401,1,0.052619609981775284
PushT,jepa_wm_pusht,10,1,fidelity_constrained_latent_only__seed11401,fidelity_constrained_latent_only,11401,3,0.1038610190153122
PushT,jepa_wm_pusht,10,1,fidelity_constrained_latent_only__seed11401,fidelity_constrained_latent_only,11401,6,0.12358082085847855
PushT,jepa_wm_pusht,11,1,fidelity_constrained_latent_only__seed11401,fidelity_constrained_latent_only,11401,1,0.07619085907936096
PushT,jepa_wm_pusht,11,1,fidelity_constrained_latent_only__seed11401,fidelity_constrained_latent_only,11401,3,0.07005981355905533
PushT,jepa_wm_pusht,11,1,fidelity_constrained_latent_only__seed11401,fidelity_constrained_latent_only,11401,6,0.08054819703102112
PushT,jepa_wm_pusht,12,1,fidelity_constrained_latent_only__seed11401,fidelity_constrained_latent_only,11401,1,0.038473211228847504
PushT,jepa_wm_pusht,12,1,fidelity_constrained_latent_only__seed11401,fidelity_constrained_latent_only,11401,3,0.053160957992076874
PushT,jepa_wm_pusht,12,1,fidelity_constrained_latent_only__seed11401,fidelity_constrained_latent_only,11401,6,0.06635240465402603
PushT,jepa_wm_pusht,13,1,fidelity_constrained_latent_only__seed11401,fidelity_constrained_latent_only,11401,1,0.05112442374229431
PushT,jepa_wm_pusht,13,1,fidelity_constrained_latent_only__seed11401,fidelity_constrained_latent_only,11401,3,0.060244616121053696
PushT,jepa_wm_pusht,13,1,fidelity_constrained_latent_only__seed11401,fidelity_constrained_latent_only,11401,6,0.061041269451379776
PushT,jepa_wm_pusht,14,1,fidelity_constrained_latent_only__seed11401,fidelity_constrained_latent_only,11401,1,0.015112423337996006
PushT,jepa_wm_pusht,14,1,fidelity_constrained_latent_only__seed11401,fidelity_constrained_latent_only,11401,3,0.02884085476398468
PushT,jepa_wm_pusht,14,1,fidelity_constrained_latent_only__seed11401,fidelity_constrained_latent_only,11401,6,0.03715260326862335
PushT,jepa_wm_pusht,15,1,fidelity_constrained_latent_only__seed11401,fidelity_constrained_latent_only,11401,1,0.016200367361307144
PushT,jepa_wm_pusht,15,1,fidelity_constrained_latent_only__seed11401,fidelity_constrained_latent_only,11401,3,0.04222089797258377
PushT,jepa_wm_pusht,15,1,fidelity_constrained_latent_only__seed11401,fidelity_constrained_latent_only,11401,6,0.050760239362716675
PushT,jepa_wm_pusht,16,2,fidelity_constrained_latent_only__seed11401,fidelity_constrained_latent_only,11401,1,0.05185052007436752
PushT,jepa_wm_pusht,16,2,fidelity_constrained_latent_only__seed11401,fidelity_constrained_latent_only,11401,3,0.12058445811271667
PushT,jepa_wm_pusht,16,2,fidelity_constrained_latent_only__seed11401,fidelity_constrained_latent_only,11401,6,0.13661667704582214
PushT,jepa_wm_pusht,17,2,fidelity_constrained_latent_only__seed11401,fidelity_constrained_latent_only,11401,1,0.026928728446364403
PushT,jepa_wm_pusht,17,2,fidelity_constrained_latent_only__seed11401,fidelity_constrained_latent_only,11401,3,0.05242345109581947
PushT,jepa_wm_pusht,17,2,fidelity_constrained_latent_only__seed11401,fidelity_constrained_latent_only,11401,6,0.06887917220592499
PushT,jepa_wm_pusht,18,2,fidelity_constrained_latent_only__seed11401,fidelity_constrained_latent_only,11401,1,0.015775788575410843
PushT,jepa_wm_pusht,18,2,fidelity_constrained_latent_only__seed11401,fidelity_constrained_latent_only,11401,3,0.02972935512661934
PushT,jepa_wm_pusht,18,2,fidelity_constrained_latent_only__seed11401,fidelity_constrained_latent_only,11401,6,0.039283525198698044
PushT,jepa_wm_pusht,19,2,fidelity_constrained_latent_only__seed11401,fidelity_constrained_latent_only,11401,1,0.02602594904601574
PushT,jepa_wm_pusht,19,2,fidelity_constrained_latent_only__seed11401,fidelity_constrained_latent_only,11401,3,0.035450175404548645
PushT,jepa_wm_pusht,19,2,fidelity_constrained_latent_only__seed11401,fidelity_constrained_latent_only,11401,6,0.0394674688577652
PushT,jepa_wm_pusht,20,2,fidelity_constrained_latent_only__seed11401,fidelity_constrained_latent_only,11401,1,0.02725824899971485
PushT,jepa_wm_pusht,20,2,fidelity_constrained_latent_only__seed11401,fidelity_constrained_latent_only,11401,3,0.0361231192946434
PushT,jepa_wm_pusht,20,2,fidelity_constrained_latent_only__seed11401,fidelity_constrained_latent_only,11401,6,0.04875601828098297
PushT,jepa_wm_pusht,21,2,fidelity_constrained_latent_only__seed11401,fidelity_constrained_latent_only,11401,1,0.023204855620861053
PushT,jepa_wm_pusht,21,2,fidelity_constrained_latent_only__seed11401,fidelity_constrained_latent_only,11401,3,0.044432055205106735
PushT,jepa_wm_pusht,21,2,fidelity_constrained_latent_only__seed11401,fidelity_constrained_latent_only,11401,6,0.05466378852725029
PushT,jepa_wm_pusht,22,2,fidelity_constrained_latent_only__seed11401,fidelity_constrained_latent_only,11401,1,0.018861867487430573
PushT,jepa_wm_pusht,22,2,fidelity_constrained_latent_only__seed11401,fidelity_constrained_latent_only,11401,3,0.05361028015613556
PushT,jepa_wm_pusht,22,2,fidelity_constrained_latent_only__seed11401,fidelity_constrained_latent_only,11401,6,0.048194799572229385
PushT,jepa_wm_pusht,23,2,fidelity_constrained_latent_only__seed11401,fidelity_constrained_latent_only,11401,1,0.02406325377523899
PushT,jepa_wm_pusht,23,2,fidelity_constrained_latent_only__seed11401,fidelity_constrained_latent_only,11401,3,0.027462229132652283
PushT,jepa_wm_pusht,23,2,fidelity_constrained_latent_only__seed11401,fidelity_constrained_latent_only,11401,6,0.03957228735089302
PushT,jepa_wm_pusht,48,6,fidelity_constrained_latent_only__seed11401,fidelity_constrained_latent_only,11401,1,0.08372281491756439
PushT,jepa_wm_pusht,48,6,fidelity_constrained_latent_only__seed11401,fidelity_constrained_latent_only,11401,3,0.04460718110203743
PushT,jepa_wm_pusht,48,6,fidelity_constrained_latent_only__seed11401,fidelity_constrained_latent_only,11401,6,0.04915609583258629
PushT,jepa_wm_pusht,49,6,fidelity_constrained_latent_only__seed11401,fidelity_constrained_latent_only,11401,1,0.04009060561656952
PushT,jepa_wm_pusht,49,6,fidelity_constrained_latent_only__seed11401,fidelity_constrained_latent_only,11401,3,0.04259754344820976
PushT,jepa_wm_pusht,49,6,fidelity_constrained_latent_only__seed11401,fidelity_constrained_latent_only,11401,6,0.034749746322631836
PushT,jepa_wm_pusht,50,6,fidelity_constrained_latent_only__seed11401,fidelity_constrained_latent_only,11401,1,0.03348066285252571
PushT,jepa_wm_pusht,50,6,fidelity_constrained_latent_only__seed11401,fidelity_constrained_latent_only,11401,3,0.04838845506310463
PushT,jepa_wm_pusht,50,6,fidelity_constrained_latent_only__seed11401,fidelity_constrained_latent_only,11401,6,0.07192548364400864
PushT,jepa_wm_pusht,51,6,fidelity_constrained_latent_only__seed11401,fidelity_constrained_latent_only,11401,1,0.03999413922429085
PushT,jepa_wm_pusht,51,6,fidelity_constrained_latent_only__seed11401,fidelity_constrained_latent_only,11401,3,0.04427483305335045
PushT,jepa_wm_pusht,51,6,fidelity_constrained_latent_only__seed11401,fidelity_constrained_latent_only,11401,6,0.045425642281770706
PushT,jepa_wm_pusht,52,6,fidelity_constrained_latent_only__seed11401,fidelity_constrained_latent_only,11401,1,0.01839708723127842
PushT,jepa_wm_pusht,52,6,fidelity_constrained_latent_only__seed11401,fidelity_constrained_latent_only,11401,3,0.03132806345820427
PushT,jepa_wm_pusht,52,6,fidelity_constrained_latent_only__seed11401,fidelity_constrained_latent_only,11401,6,0.03908572345972061
PushT,jepa_wm_pusht,53,6,fidelity_constrained_latent_only__seed11401,fidelity_constrained_latent_only,11401,1,0.03258746117353439
PushT,jepa_wm_pusht,53,6,fidelity_constrained_latent_only__seed11401,fidelity_constrained_latent_only,11401,3,0.03466739505529404
PushT,jepa_wm_pusht,53,6,fidelity_constrained_latent_only__seed11401,fidelity_constrained_latent_only,11401,6,0.04803693667054176
PushT,jepa_wm_pusht,54,6,fidelity_constrained_latent_only__seed11401,fidelity_constrained_latent_only,11401,1,0.07733725756406784
PushT,jepa_wm_pusht,54,6,fidelity_constrained_latent_only__seed11401,fidelity_constrained_latent_only,11401,3,0.11045531928539276
PushT,jepa_wm_pusht,54,6,fidelity_constrained_latent_only__seed11401,fidelity_constrained_latent_only,11401,6,0.1281735897064209
PushT,jepa_wm_pusht,55,6,fidelity_constrained_latent_only__seed11401,fidelity_constrained_latent_only,11401,1,0.021381134167313576
PushT,jepa_wm_pusht,55,6,fidelity_constrained_latent_only__seed11401,fidelity_constrained_latent_only,11401,3,0.057870958000421524
PushT,jepa_wm_pusht,55,6,fidelity_constrained_latent_only__seed11401,fidelity_constrained_latent_only,11401,6,0.057880595326423645
PushT,jepa_wm_pusht,8,1,fidelity_constrained_shuffled_geometry__seed11401,fidelity_constrained_shuffled_geometry,11401,1,0.03655000030994415
PushT,jepa_wm_pusht,8,1,fidelity_constrained_shuffled_geometry__seed11401,fidelity_constrained_shuffled_geometry,11401,3,0.05902547761797905
PushT,jepa_wm_pusht,8,1,fidelity_constrained_shuffled_geometry__seed11401,fidelity_constrained_shuffled_geometry,11401,6,0.07779275625944138
PushT,jepa_wm_pusht,9,1,fidelity_constrained_shuffled_geometry__seed11401,fidelity_constrained_shuffled_geometry,11401,1,0.05312279984354973
PushT,jepa_wm_pusht,9,1,fidelity_constrained_shuffled_geometry__seed11401,fidelity_constrained_shuffled_geometry,11401,3,0.06784796714782715
PushT,jepa_wm_pusht,9,1,fidelity_constrained_shuffled_geometry__seed11401,fidelity_constrained_shuffled_geometry,11401,6,0.07390491664409637
PushT,jepa_wm_pusht,10,1,fidelity_constrained_shuffled_geometry__seed11401,fidelity_constrained_shuffled_geometry,11401,1,0.05921567603945732
PushT,jepa_wm_pusht,10,1,fidelity_constrained_shuffled_geometry__seed11401,fidelity_constrained_shuffled_geometry,11401,3,0.11320264637470245
PushT,jepa_wm_pusht,10,1,fidelity_constrained_shuffled_geometry__seed11401,fidelity_constrained_shuffled_geometry,11401,6,0.1272103637456894
PushT,jepa_wm_pusht,11,1,fidelity_constrained_shuffled_geometry__seed11401,fidelity_constrained_shuffled_geometry,11401,1,0.08160132169723511
PushT,jepa_wm_pusht,11,1,fidelity_constrained_shuffled_geometry__seed11401,fidelity_constrained_shuffled_geometry,11401,3,0.0685632973909378
PushT,jepa_wm_pusht,11,1,fidelity_constrained_shuffled_geometry__seed11401,fidelity_constrained_shuffled_geometry,11401,6,0.07901067286729813
PushT,jepa_wm_pusht,12,1,fidelity_constrained_shuffled_geometry__seed11401,fidelity_constrained_shuffled_geometry,11401,1,0.046000659465789795
PushT,jepa_wm_pusht,12,1,fidelity_constrained_shuffled_geometry__seed11401,fidelity_constrained_shuffled_geometry,11401,3,0.055299900472164154
PushT,jepa_wm_pusht,12,1,fidelity_constrained_shuffled_geometry__seed11401,fidelity_constrained_shuffled_geometry,11401,6,0.06192621961236
PushT,jepa_wm_pusht,13,1,fidelity_constrained_shuffled_geometry__seed11401,fidelity_constrained_shuffled_geometry,11401,1,0.06416413187980652
PushT,jepa_wm_pusht,13,1,fidelity_constrained_shuffled_geometry__seed11401,fidelity_constrained_shuffled_geometry,11401,3,0.08368042856454849
PushT,jepa_wm_pusht,13,1,fidelity_constrained_shuffled_geometry__seed11401,fidelity_constrained_shuffled_geometry,11401,6,0.0722522884607315
PushT,jepa_wm_pusht,14,1,fidelity_constrained_shuffled_geometry__seed11401,fidelity_constrained_shuffled_geometry,11401,1,0.01990923471748829
PushT,jepa_wm_pusht,14,1,fidelity_constrained_shuffled_geometry__seed11401,fidelity_constrained_shuffled_geometry,11401,3,0.04246211424469948
PushT,jepa_wm_pusht,14,1,fidelity_constrained_shuffled_geometry__seed11401,fidelity_constrained_shuffled_geometry,11401,6,0.05293407291173935
PushT,jepa_wm_pusht,15,1,fidelity_constrained_shuffled_geometry__seed11401,fidelity_constrained_shuffled_geometry,11401,1,0.02250216156244278
PushT,jepa_wm_pusht,15,1,fidelity_constrained_shuffled_geometry__seed11401,fidelity_constrained_shuffled_geometry,11401,3,0.06773167103528976
PushT,jepa_wm_pusht,15,1,fidelity_constrained_shuffled_geometry__seed11401,fidelity_constrained_shuffled_geometry,11401,6,0.07496244460344315
PushT,jepa_wm_pusht,16,2,fidelity_constrained_shuffled_geometry__seed11401,fidelity_constrained_shuffled_geometry,11401,1,0.06195099279284477
PushT,jepa_wm_pusht,16,2,fidelity_constrained_shuffled_geometry__seed11401,fidelity_constrained_shuffled_geometry,11401,3,0.1404324322938919
PushT,jepa_wm_pusht,16,2,fidelity_constrained_shuffled_geometry__seed11401,fidelity_constrained_shuffled_geometry,11401,6,0.15463311970233917
PushT,jepa_wm_pusht,17,2,fidelity_constrained_shuffled_geometry__seed11401,fidelity_constrained_shuffled_geometry,11401,1,0.028573598712682724
PushT,jepa_wm_pusht,17,2,fidelity_constrained_shuffled_geometry__seed11401,fidelity_constrained_shuffled_geometry,11401,3,0.059391796588897705
PushT,jepa_wm_pusht,17,2,fidelity_constrained_shuffled_geometry__seed11401,fidelity_constrained_shuffled_geometry,11401,6,0.060337476432323456
PushT,jepa_wm_pusht,18,2,fidelity_constrained_shuffled_geometry__seed11401,fidelity_constrained_shuffled_geometry,11401,1,0.019786367192864418
PushT,jepa_wm_pusht,18,2,fidelity_constrained_shuffled_geometry__seed11401,fidelity_constrained_shuffled_geometry,11401,3,0.03972792997956276
PushT,jepa_wm_pusht,18,2,fidelity_constrained_shuffled_geometry__seed11401,fidelity_constrained_shuffled_geometry,11401,6,0.05467677116394043
PushT,jepa_wm_pusht,19,2,fidelity_constrained_shuffled_geometry__seed11401,fidelity_constrained_shuffled_geometry,11401,1,0.03063972480595112
PushT,jepa_wm_pusht,19,2,fidelity_constrained_shuffled_geometry__seed11401,fidelity_constrained_shuffled_geometry,11401,3,0.04861990362405777
PushT,jepa_wm_pusht,19,2,fidelity_constrained_shuffled_geometry__seed11401,fidelity_constrained_shuffled_geometry,11401,6,0.057682428508996964
PushT,jepa_wm_pusht,20,2,fidelity_constrained_shuffled_geometry__seed11401,fidelity_constrained_shuffled_geometry,11401,1,0.03460845723748207
PushT,jepa_wm_pusht,20,2,fidelity_constrained_shuffled_geometry__seed11401,fidelity_constrained_shuffled_geometry,11401,3,0.04739022254943848
PushT,jepa_wm_pusht,20,2,fidelity_constrained_shuffled_geometry__seed11401,fidelity_constrained_shuffled_geometry,11401,6,0.05794471129775047
PushT,jepa_wm_pusht,21,2,fidelity_constrained_shuffled_geometry__seed11401,fidelity_constrained_shuffled_geometry,11401,1,0.02680012583732605
PushT,jepa_wm_pusht,21,2,fidelity_constrained_shuffled_geometry__seed11401,fidelity_constrained_shuffled_geometry,11401,3,0.055121153593063354
PushT,jepa_wm_pusht,21,2,fidelity_constrained_shuffled_geometry__seed11401,fidelity_constrained_shuffled_geometry,11401,6,0.074217788875103
PushT,jepa_wm_pusht,22,2,fidelity_constrained_shuffled_geometry__seed11401,fidelity_constrained_shuffled_geometry,11401,1,0.02037563920021057
PushT,jepa_wm_pusht,22,2,fidelity_constrained_shuffled_geometry__seed11401,fidelity_constrained_shuffled_geometry,11401,3,0.06738823652267456
PushT,jepa_wm_pusht,22,2,fidelity_constrained_shuffled_geometry__seed11401,fidelity_constrained_shuffled_geometry,11401,6,0.06011657416820526
PushT,jepa_wm_pusht,23,2,fidelity_constrained_shuffled_geometry__seed11401,fidelity_constrained_shuffled_geometry,11401,1,0.031275928020477295
PushT,jepa_wm_pusht,23,2,fidelity_constrained_shuffled_geometry__seed11401,fidelity_constrained_shuffled_geometry,11401,3,0.036171890795230865
PushT,jepa_wm_pusht,23,2,fidelity_constrained_shuffled_geometry__seed11401,fidelity_constrained_shuffled_geometry,11401,6,0.05885937809944153
PushT,jepa_wm_pusht,48,6,fidelity_constrained_shuffled_geometry__seed11401,fidelity_constrained_shuffled_geometry,11401,1,0.0898493304848671
PushT,jepa_wm_pusht,48,6,fidelity_constrained_shuffled_geometry__seed11401,fidelity_constrained_shuffled_geometry,11401,3,0.05075575038790703
PushT,jepa_wm_pusht,48,6,fidelity_constrained_shuffled_geometry__seed11401,fidelity_constrained_shuffled_geometry,11401,6,0.055579278618097305
PushT,jepa_wm_pusht,49,6,fidelity_constrained_shuffled_geometry__seed11401,fidelity_constrained_shuffled_geometry,11401,1,0.04532336816191673
PushT,jepa_wm_pusht,49,6,fidelity_constrained_shuffled_geometry__seed11401,fidelity_constrained_shuffled_geometry,11401,3,0.05556214973330498
PushT,jepa_wm_pusht,49,6,fidelity_constrained_shuffled_geometry__seed11401,fidelity_constrained_shuffled_geometry,11401,6,0.04788050800561905
PushT,jepa_wm_pusht,50,6,fidelity_constrained_shuffled_geometry__seed11401,fidelity_constrained_shuffled_geometry,11401,1,0.04057072848081589
PushT,jepa_wm_pusht,50,6,fidelity_constrained_shuffled_geometry__seed11401,fidelity_constrained_shuffled_geometry,11401,3,0.0604802742600441
PushT,jepa_wm_pusht,50,6,fidelity_constrained_shuffled_geometry__seed11401,fidelity_constrained_shuffled_geometry,11401,6,0.11123711615800858
PushT,jepa_wm_pusht,51,6,fidelity_constrained_shuffled_geometry__seed11401,fidelity_constrained_shuffled_geometry,11401,1,0.053414568305015564
PushT,jepa_wm_pusht,51,6,fidelity_constrained_shuffled_geometry__seed11401,fidelity_constrained_shuffled_geometry,11401,3,0.05502256751060486
PushT,jepa_wm_pusht,51,6,fidelity_constrained_shuffled_geometry__seed11401,fidelity_constrained_shuffled_geometry,11401,6,0.06806140393018723
PushT,jepa_wm_pusht,52,6,fidelity_constrained_shuffled_geometry__seed11401,fidelity_constrained_shuffled_geometry,11401,1,0.021602695807814598
PushT,jepa_wm_pusht,52,6,fidelity_constrained_shuffled_geometry__seed11401,fidelity_constrained_shuffled_geometry,11401,3,0.04394116625189781
PushT,jepa_wm_pusht,52,6,fidelity_constrained_shuffled_geometry__seed11401,fidelity_constrained_shuffled_geometry,11401,6,0.05565088987350464
PushT,jepa_wm_pusht,53,6,fidelity_constrained_shuffled_geometry__seed11401,fidelity_constrained_shuffled_geometry,11401,1,0.03895864263176918
PushT,jepa_wm_pusht,53,6,fidelity_constrained_shuffled_geometry__seed11401,fidelity_constrained_shuffled_geometry,11401,3,0.047573816031217575
PushT,jepa_wm_pusht,53,6,fidelity_constrained_shuffled_geometry__seed11401,fidelity_constrained_shuffled_geometry,11401,6,0.06585635989904404
PushT,jepa_wm_pusht,54,6,fidelity_constrained_shuffled_geometry__seed11401,fidelity_constrained_shuffled_geometry,11401,1,0.07723530381917953
PushT,jepa_wm_pusht,54,6,fidelity_constrained_shuffled_geometry__seed11401,fidelity_constrained_shuffled_geometry,11401,3,0.1141100749373436
PushT,jepa_wm_pusht,54,6,fidelity_constrained_shuffled_geometry__seed11401,fidelity_constrained_shuffled_geometry,11401,6,0.12916819751262665
PushT,jepa_wm_pusht,55,6,fidelity_constrained_shuffled_geometry__seed11401,fidelity_constrained_shuffled_geometry,11401,1,0.027174971997737885
PushT,jepa_wm_pusht,55,6,fidelity_constrained_shuffled_geometry__seed11401,fidelity_constrained_shuffled_geometry,11401,3,0.06678479164838791
PushT,jepa_wm_pusht,55,6,fidelity_constrained_shuffled_geometry__seed11401,fidelity_constrained_shuffled_geometry,11401,6,0.06229265034198761
PushT,jepa_wm_pusht,8,1,fidelity_constrained_matched_geometry__seed11401,fidelity_constrained_matched_geometry,11401,1,0.036750152707099915
PushT,jepa_wm_pusht,8,1,fidelity_constrained_matched_geometry__seed11401,fidelity_constrained_matched_geometry,11401,3,0.05529298633337021
PushT,jepa_wm_pusht,8,1,fidelity_constrained_matched_geometry__seed11401,fidelity_constrained_matched_geometry,11401,6,0.06486628949642181
PushT,jepa_wm_pusht,9,1,fidelity_constrained_matched_geometry__seed11401,fidelity_constrained_matched_geometry,11401,1,0.051426324993371964
PushT,jepa_wm_pusht,9,1,fidelity_constrained_matched_geometry__seed11401,fidelity_constrained_matched_geometry,11401,3,0.06107132509350777
PushT,jepa_wm_pusht,9,1,fidelity_constrained_matched_geometry__seed11401,fidelity_constrained_matched_geometry,11401,6,0.06166556105017662
PushT,jepa_wm_pusht,10,1,fidelity_constrained_matched_geometry__seed11401,fidelity_constrained_matched_geometry,11401,1,0.05932197719812393
PushT,jepa_wm_pusht,10,1,fidelity_constrained_matched_geometry__seed11401,fidelity_constrained_matched_geometry,11401,3,0.11388106644153595
PushT,jepa_wm_pusht,10,1,fidelity_constrained_matched_geometry__seed11401,fidelity_constrained_matched_geometry,11401,6,0.1267540007829666
PushT,jepa_wm_pusht,11,1,fidelity_constrained_matched_geometry__seed11401,fidelity_constrained_matched_geometry,11401,1,0.07715031504631042
PushT,jepa_wm_pusht,11,1,fidelity_constrained_matched_geometry__seed11401,fidelity_constrained_matched_geometry,11401,3,0.0711464136838913
PushT,jepa_wm_pusht,11,1,fidelity_constrained_matched_geometry__seed11401,fidelity_constrained_matched_geometry,11401,6,0.0794500857591629
PushT,jepa_wm_pusht,12,1,fidelity_constrained_matched_geometry__seed11401,fidelity_constrained_matched_geometry,11401,1,0.045440614223480225
PushT,jepa_wm_pusht,12,1,fidelity_constrained_matched_geometry__seed11401,fidelity_constrained_matched_geometry,11401,3,0.055679045617580414
PushT,jepa_wm_pusht,12,1,fidelity_constrained_matched_geometry__seed11401,fidelity_constrained_matched_geometry,11401,6,0.06242475286126137
PushT,jepa_wm_pusht,13,1,fidelity_constrained_matched_geometry__seed11401,fidelity_constrained_matched_geometry,11401,1,0.0619480162858963
PushT,jepa_wm_pusht,13,1,fidelity_constrained_matched_geometry__seed11401,fidelity_constrained_matched_geometry,11401,3,0.07278488576412201
PushT,jepa_wm_pusht,13,1,fidelity_constrained_matched_geometry__seed11401,fidelity_constrained_matched_geometry,11401,6,0.06963400542736053
PushT,jepa_wm_pusht,14,1,fidelity_constrained_matched_geometry__seed11401,fidelity_constrained_matched_geometry,11401,1,0.01898207515478134
PushT,jepa_wm_pusht,14,1,fidelity_constrained_matched_geometry__seed11401,fidelity_constrained_matched_geometry,11401,3,0.0364791676402092
PushT,jepa_wm_pusht,14,1,fidelity_constrained_matched_geometry__seed11401,fidelity_constrained_matched_geometry,11401,6,0.0441092923283577
PushT,jepa_wm_pusht,15,1,fidelity_constrained_matched_geometry__seed11401,fidelity_constrained_matched_geometry,11401,1,0.021129891276359558
PushT,jepa_wm_pusht,15,1,fidelity_constrained_matched_geometry__seed11401,fidelity_constrained_matched_geometry,11401,3,0.05271247774362564
PushT,jepa_wm_pusht,15,1,fidelity_constrained_matched_geometry__seed11401,fidelity_constrained_matched_geometry,11401,6,0.060198914259672165
PushT,jepa_wm_pusht,16,2,fidelity_constrained_matched_geometry__seed11401,fidelity_constrained_matched_geometry,11401,1,0.05680090934038162
PushT,jepa_wm_pusht,16,2,fidelity_constrained_matched_geometry__seed11401,fidelity_constrained_matched_geometry,11401,3,0.1212896779179573
PushT,jepa_wm_pusht,16,2,fidelity_constrained_matched_geometry__seed11401,fidelity_constrained_matched_geometry,11401,6,0.130703866481781
PushT,jepa_wm_pusht,17,2,fidelity_constrained_matched_geometry__seed11401,fidelity_constrained_matched_geometry,11401,1,0.029230395331978798
PushT,jepa_wm_pusht,17,2,fidelity_constrained_matched_geometry__seed11401,fidelity_constrained_matched_geometry,11401,3,0.05449396371841431
PushT,jepa_wm_pusht,17,2,fidelity_constrained_matched_geometry__seed11401,fidelity_constrained_matched_geometry,11401,6,0.06722329556941986
PushT,jepa_wm_pusht,18,2,fidelity_constrained_matched_geometry__seed11401,fidelity_constrained_matched_geometry,11401,1,0.019080914556980133
PushT,jepa_wm_pusht,18,2,fidelity_constrained_matched_geometry__seed11401,fidelity_constrained_matched_geometry,11401,3,0.03566331788897514
PushT,jepa_wm_pusht,18,2,fidelity_constrained_matched_geometry__seed11401,fidelity_constrained_matched_geometry,11401,6,0.04651348292827606
PushT,jepa_wm_pusht,19,2,fidelity_constrained_matched_geometry__seed11401,fidelity_constrained_matched_geometry,11401,1,0.029748136177659035
PushT,jepa_wm_pusht,19,2,fidelity_constrained_matched_geometry__seed11401,fidelity_constrained_matched_geometry,11401,3,0.04288781061768532
PushT,jepa_wm_pusht,19,2,fidelity_constrained_matched_geometry__seed11401,fidelity_constrained_matched_geometry,11401,6,0.049019042402505875
PushT,jepa_wm_pusht,20,2,fidelity_constrained_matched_geometry__seed11401,fidelity_constrained_matched_geometry,11401,1,0.03376663476228714
PushT,jepa_wm_pusht,20,2,fidelity_constrained_matched_geometry__seed11401,fidelity_constrained_matched_geometry,11401,3,0.04338403046131134
PushT,jepa_wm_pusht,20,2,fidelity_constrained_matched_geometry__seed11401,fidelity_constrained_matched_geometry,11401,6,0.053955141454935074
PushT,jepa_wm_pusht,21,2,fidelity_constrained_matched_geometry__seed11401,fidelity_constrained_matched_geometry,11401,1,0.02623334713280201
PushT,jepa_wm_pusht,21,2,fidelity_constrained_matched_geometry__seed11401,fidelity_constrained_matched_geometry,11401,3,0.04907102882862091
PushT,jepa_wm_pusht,21,2,fidelity_constrained_matched_geometry__seed11401,fidelity_constrained_matched_geometry,11401,6,0.0591605044901371
PushT,jepa_wm_pusht,22,2,fidelity_constrained_matched_geometry__seed11401,fidelity_constrained_matched_geometry,11401,1,0.019732646644115448
PushT,jepa_wm_pusht,22,2,fidelity_constrained_matched_geometry__seed11401,fidelity_constrained_matched_geometry,11401,3,0.057478856295347214
PushT,jepa_wm_pusht,22,2,fidelity_constrained_matched_geometry__seed11401,fidelity_constrained_matched_geometry,11401,6,0.05112440139055252
PushT,jepa_wm_pusht,23,2,fidelity_constrained_matched_geometry__seed11401,fidelity_constrained_matched_geometry,11401,1,0.030145583674311638
PushT,jepa_wm_pusht,23,2,fidelity_constrained_matched_geometry__seed11401,fidelity_constrained_matched_geometry,11401,3,0.03389628604054451
PushT,jepa_wm_pusht,23,2,fidelity_constrained_matched_geometry__seed11401,fidelity_constrained_matched_geometry,11401,6,0.04567921534180641
PushT,jepa_wm_pusht,48,6,fidelity_constrained_matched_geometry__seed11401,fidelity_constrained_matched_geometry,11401,1,0.08879662305116653
PushT,jepa_wm_pusht,48,6,fidelity_constrained_matched_geometry__seed11401,fidelity_constrained_matched_geometry,11401,3,0.04813766852021217
PushT,jepa_wm_pusht,48,6,fidelity_constrained_matched_geometry__seed11401,fidelity_constrained_matched_geometry,11401,6,0.05028427019715309
PushT,jepa_wm_pusht,49,6,fidelity_constrained_matched_geometry__seed11401,fidelity_constrained_matched_geometry,11401,1,0.04420364275574684
PushT,jepa_wm_pusht,49,6,fidelity_constrained_matched_geometry__seed11401,fidelity_constrained_matched_geometry,11401,3,0.051385100930929184
PushT,jepa_wm_pusht,49,6,fidelity_constrained_matched_geometry__seed11401,fidelity_constrained_matched_geometry,11401,6,0.04241328686475754
PushT,jepa_wm_pusht,50,6,fidelity_constrained_matched_geometry__seed11401,fidelity_constrained_matched_geometry,11401,1,0.03936311602592468
PushT,jepa_wm_pusht,50,6,fidelity_constrained_matched_geometry__seed11401,fidelity_constrained_matched_geometry,11401,3,0.05282151699066162
PushT,jepa_wm_pusht,50,6,fidelity_constrained_matched_geometry__seed11401,fidelity_constrained_matched_geometry,11401,6,0.0730639100074768
PushT,jepa_wm_pusht,51,6,fidelity_constrained_matched_geometry__seed11401,fidelity_constrained_matched_geometry,11401,1,0.04636121168732643
PushT,jepa_wm_pusht,51,6,fidelity_constrained_matched_geometry__seed11401,fidelity_constrained_matched_geometry,11401,3,0.04997337982058525
PushT,jepa_wm_pusht,51,6,fidelity_constrained_matched_geometry__seed11401,fidelity_constrained_matched_geometry,11401,6,0.053753435611724854
PushT,jepa_wm_pusht,52,6,fidelity_constrained_matched_geometry__seed11401,fidelity_constrained_matched_geometry,11401,1,0.021044636145234108
PushT,jepa_wm_pusht,52,6,fidelity_constrained_matched_geometry__seed11401,fidelity_constrained_matched_geometry,11401,3,0.03881815820932388
PushT,jepa_wm_pusht,52,6,fidelity_constrained_matched_geometry__seed11401,fidelity_constrained_matched_geometry,11401,6,0.04669422656297684
PushT,jepa_wm_pusht,53,6,fidelity_constrained_matched_geometry__seed11401,fidelity_constrained_matched_geometry,11401,1,0.037715185433626175
PushT,jepa_wm_pusht,53,6,fidelity_constrained_matched_geometry__seed11401,fidelity_constrained_matched_geometry,11401,3,0.04276867210865021
PushT,jepa_wm_pusht,53,6,fidelity_constrained_matched_geometry__seed11401,fidelity_constrained_matched_geometry,11401,6,0.05581237003207207
PushT,jepa_wm_pusht,54,6,fidelity_constrained_matched_geometry__seed11401,fidelity_constrained_matched_geometry,11401,1,0.07906737923622131
PushT,jepa_wm_pusht,54,6,fidelity_constrained_matched_geometry__seed11401,fidelity_constrained_matched_geometry,11401,3,0.11348818242549896
PushT,jepa_wm_pusht,54,6,fidelity_constrained_matched_geometry__seed11401,fidelity_constrained_matched_geometry,11401,6,0.13048700988292694
PushT,jepa_wm_pusht,55,6,fidelity_constrained_matched_geometry__seed11401,fidelity_constrained_matched_geometry,11401,1,0.026534486562013626
PushT,jepa_wm_pusht,55,6,fidelity_constrained_matched_geometry__seed11401,fidelity_constrained_matched_geometry,11401,3,0.061817288398742676
PushT,jepa_wm_pusht,55,6,fidelity_constrained_matched_geometry__seed11401,fidelity_constrained_matched_geometry,11401,6,0.05914606526494026
PushT,jepa_wm_pusht,8,1,fidelity_constrained_latent_only__seed11419,fidelity_constrained_latent_only,11419,1,0.031131284311413765
PushT,jepa_wm_pusht,8,1,fidelity_constrained_latent_only__seed11419,fidelity_constrained_latent_only,11419,3,0.045127224177122116
PushT,jepa_wm_pusht,8,1,fidelity_constrained_latent_only__seed11419,fidelity_constrained_latent_only,11419,6,0.053078971803188324
PushT,jepa_wm_pusht,9,1,fidelity_constrained_latent_only__seed11419,fidelity_constrained_latent_only,11419,1,0.04589767009019852
PushT,jepa_wm_pusht,9,1,fidelity_constrained_latent_only__seed11419,fidelity_constrained_latent_only,11419,3,0.059150632470846176
PushT,jepa_wm_pusht,9,1,fidelity_constrained_latent_only__seed11419,fidelity_constrained_latent_only,11419,6,0.05700639262795448
PushT,jepa_wm_pusht,10,1,fidelity_constrained_latent_only__seed11419,fidelity_constrained_latent_only,11419,1,0.053119342774152756
PushT,jepa_wm_pusht,10,1,fidelity_constrained_latent_only__seed11419,fidelity_constrained_latent_only,11419,3,0.10433809459209442
PushT,jepa_wm_pusht,10,1,fidelity_constrained_latent_only__seed11419,fidelity_constrained_latent_only,11419,6,0.12405140697956085
PushT,jepa_wm_pusht,11,1,fidelity_constrained_latent_only__seed11419,fidelity_constrained_latent_only,11419,1,0.0759558230638504
PushT,jepa_wm_pusht,11,1,fidelity_constrained_latent_only__seed11419,fidelity_constrained_latent_only,11419,3,0.06979799270629883
PushT,jepa_wm_pusht,11,1,fidelity_constrained_latent_only__seed11419,fidelity_constrained_latent_only,11419,6,0.08066179603338242
PushT,jepa_wm_pusht,12,1,fidelity_constrained_latent_only__seed11419,fidelity_constrained_latent_only,11419,1,0.0386824794113636
PushT,jepa_wm_pusht,12,1,fidelity_constrained_latent_only__seed11419,fidelity_constrained_latent_only,11419,3,0.05189336836338043
PushT,jepa_wm_pusht,12,1,fidelity_constrained_latent_only__seed11419,fidelity_constrained_latent_only,11419,6,0.06369175016880035
PushT,jepa_wm_pusht,13,1,fidelity_constrained_latent_only__seed11419,fidelity_constrained_latent_only,11419,1,0.052043020725250244
PushT,jepa_wm_pusht,13,1,fidelity_constrained_latent_only__seed11419,fidelity_constrained_latent_only,11419,3,0.062083322554826736
PushT,jepa_wm_pusht,13,1,fidelity_constrained_latent_only__seed11419,fidelity_constrained_latent_only,11419,6,0.06146732345223427
PushT,jepa_wm_pusht,14,1,fidelity_constrained_latent_only__seed11419,fidelity_constrained_latent_only,11419,1,0.015136663801968098
PushT,jepa_wm_pusht,14,1,fidelity_constrained_latent_only__seed11419,fidelity_constrained_latent_only,11419,3,0.029084255918860435
PushT,jepa_wm_pusht,14,1,fidelity_constrained_latent_only__seed11419,fidelity_constrained_latent_only,11419,6,0.037348128855228424
PushT,jepa_wm_pusht,15,1,fidelity_constrained_latent_only__seed11419,fidelity_constrained_latent_only,11419,1,0.01632712222635746
PushT,jepa_wm_pusht,15,1,fidelity_constrained_latent_only__seed11419,fidelity_constrained_latent_only,11419,3,0.042793404310941696
PushT,jepa_wm_pusht,15,1,fidelity_constrained_latent_only__seed11419,fidelity_constrained_latent_only,11419,6,0.051490768790245056
PushT,jepa_wm_pusht,16,2,fidelity_constrained_latent_only__seed11419,fidelity_constrained_latent_only,11419,1,0.05273563414812088
PushT,jepa_wm_pusht,16,2,fidelity_constrained_latent_only__seed11419,fidelity_constrained_latent_only,11419,3,0.12447068095207214
PushT,jepa_wm_pusht,16,2,fidelity_constrained_latent_only__seed11419,fidelity_constrained_latent_only,11419,6,0.14394086599349976
PushT,jepa_wm_pusht,17,2,fidelity_constrained_latent_only__seed11419,fidelity_constrained_latent_only,11419,1,0.02693508192896843
PushT,jepa_wm_pusht,17,2,fidelity_constrained_latent_only__seed11419,fidelity_constrained_latent_only,11419,3,0.05286369472742081
PushT,jepa_wm_pusht,17,2,fidelity_constrained_latent_only__seed11419,fidelity_constrained_latent_only,11419,6,0.0688682273030281
PushT,jepa_wm_pusht,18,2,fidelity_constrained_latent_only__seed11419,fidelity_constrained_latent_only,11419,1,0.015825413167476654
PushT,jepa_wm_pusht,18,2,fidelity_constrained_latent_only__seed11419,fidelity_constrained_latent_only,11419,3,0.029963893815875053
PushT,jepa_wm_pusht,18,2,fidelity_constrained_latent_only__seed11419,fidelity_constrained_latent_only,11419,6,0.039726387709379196
PushT,jepa_wm_pusht,19,2,fidelity_constrained_latent_only__seed11419,fidelity_constrained_latent_only,11419,1,0.025937482714653015
PushT,jepa_wm_pusht,19,2,fidelity_constrained_latent_only__seed11419,fidelity_constrained_latent_only,11419,3,0.03571349009871483
PushT,jepa_wm_pusht,19,2,fidelity_constrained_latent_only__seed11419,fidelity_constrained_latent_only,11419,6,0.04003214091062546
PushT,jepa_wm_pusht,20,2,fidelity_constrained_latent_only__seed11419,fidelity_constrained_latent_only,11419,1,0.027512548491358757
PushT,jepa_wm_pusht,20,2,fidelity_constrained_latent_only__seed11419,fidelity_constrained_latent_only,11419,3,0.036502961069345474
PushT,jepa_wm_pusht,20,2,fidelity_constrained_latent_only__seed11419,fidelity_constrained_latent_only,11419,6,0.0495728924870491
PushT,jepa_wm_pusht,21,2,fidelity_constrained_latent_only__seed11419,fidelity_constrained_latent_only,11419,1,0.023231782019138336
PushT,jepa_wm_pusht,21,2,fidelity_constrained_latent_only__seed11419,fidelity_constrained_latent_only,11419,3,0.04465842247009277
PushT,jepa_wm_pusht,21,2,fidelity_constrained_latent_only__seed11419,fidelity_constrained_latent_only,11419,6,0.05463119596242905
PushT,jepa_wm_pusht,22,2,fidelity_constrained_latent_only__seed11419,fidelity_constrained_latent_only,11419,1,0.018799321725964546
PushT,jepa_wm_pusht,22,2,fidelity_constrained_latent_only__seed11419,fidelity_constrained_latent_only,11419,3,0.05401721969246864
PushT,jepa_wm_pusht,22,2,fidelity_constrained_latent_only__seed11419,fidelity_constrained_latent_only,11419,6,0.04895956814289093
PushT,jepa_wm_pusht,23,2,fidelity_constrained_latent_only__seed11419,fidelity_constrained_latent_only,11419,1,0.02443864196538925
PushT,jepa_wm_pusht,23,2,fidelity_constrained_latent_only__seed11419,fidelity_constrained_latent_only,11419,3,0.02760249935090542
PushT,jepa_wm_pusht,23,2,fidelity_constrained_latent_only__seed11419,fidelity_constrained_latent_only,11419,6,0.03965579718351364
PushT,jepa_wm_pusht,48,6,fidelity_constrained_latent_only__seed11419,fidelity_constrained_latent_only,11419,1,0.08411703258752823
PushT,jepa_wm_pusht,48,6,fidelity_constrained_latent_only__seed11419,fidelity_constrained_latent_only,11419,3,0.044442933052778244
PushT,jepa_wm_pusht,48,6,fidelity_constrained_latent_only__seed11419,fidelity_constrained_latent_only,11419,6,0.04891674593091011
PushT,jepa_wm_pusht,49,6,fidelity_constrained_latent_only__seed11419,fidelity_constrained_latent_only,11419,1,0.04062791168689728
PushT,jepa_wm_pusht,49,6,fidelity_constrained_latent_only__seed11419,fidelity_constrained_latent_only,11419,3,0.04302072897553444
PushT,jepa_wm_pusht,49,6,fidelity_constrained_latent_only__seed11419,fidelity_constrained_latent_only,11419,6,0.03516653552651405
PushT,jepa_wm_pusht,50,6,fidelity_constrained_latent_only__seed11419,fidelity_constrained_latent_only,11419,1,0.03381134569644928
PushT,jepa_wm_pusht,50,6,fidelity_constrained_latent_only__seed11419,fidelity_constrained_latent_only,11419,3,0.04898795112967491
PushT,jepa_wm_pusht,50,6,fidelity_constrained_latent_only__seed11419,fidelity_constrained_latent_only,11419,6,0.07365687936544418
PushT,jepa_wm_pusht,51,6,fidelity_constrained_latent_only__seed11419,fidelity_constrained_latent_only,11419,1,0.04057015851140022
PushT,jepa_wm_pusht,51,6,fidelity_constrained_latent_only__seed11419,fidelity_constrained_latent_only,11419,3,0.0445471927523613
PushT,jepa_wm_pusht,51,6,fidelity_constrained_latent_only__seed11419,fidelity_constrained_latent_only,11419,6,0.045730575919151306
PushT,jepa_wm_pusht,52,6,fidelity_constrained_latent_only__seed11419,fidelity_constrained_latent_only,11419,1,0.018554532900452614
PushT,jepa_wm_pusht,52,6,fidelity_constrained_latent_only__seed11419,fidelity_constrained_latent_only,11419,3,0.03153865039348602
PushT,jepa_wm_pusht,52,6,fidelity_constrained_latent_only__seed11419,fidelity_constrained_latent_only,11419,6,0.03926042467355728
PushT,jepa_wm_pusht,53,6,fidelity_constrained_latent_only__seed11419,fidelity_constrained_latent_only,11419,1,0.03272194415330887
PushT,jepa_wm_pusht,53,6,fidelity_constrained_latent_only__seed11419,fidelity_constrained_latent_only,11419,3,0.03505625203251839
PushT,jepa_wm_pusht,53,6,fidelity_constrained_latent_only__seed11419,fidelity_constrained_latent_only,11419,6,0.04865492880344391
PushT,jepa_wm_pusht,54,6,fidelity_constrained_latent_only__seed11419,fidelity_constrained_latent_only,11419,1,0.07737435400485992
PushT,jepa_wm_pusht,54,6,fidelity_constrained_latent_only__seed11419,fidelity_constrained_latent_only,11419,3,0.11035960167646408
PushT,jepa_wm_pusht,54,6,fidelity_constrained_latent_only__seed11419,fidelity_constrained_latent_only,11419,6,0.1279839426279068
PushT,jepa_wm_pusht,55,6,fidelity_constrained_latent_only__seed11419,fidelity_constrained_latent_only,11419,1,0.02157784439623356
PushT,jepa_wm_pusht,55,6,fidelity_constrained_latent_only__seed11419,fidelity_constrained_latent_only,11419,3,0.05790844187140465
PushT,jepa_wm_pusht,55,6,fidelity_constrained_latent_only__seed11419,fidelity_constrained_latent_only,11419,6,0.058007169514894485
PushT,jepa_wm_pusht,8,1,fidelity_constrained_shuffled_geometry__seed11419,fidelity_constrained_shuffled_geometry,11419,1,0.03664199635386467
PushT,jepa_wm_pusht,8,1,fidelity_constrained_shuffled_geometry__seed11419,fidelity_constrained_shuffled_geometry,11419,3,0.058475904166698456
PushT,jepa_wm_pusht,8,1,fidelity_constrained_shuffled_geometry__seed11419,fidelity_constrained_shuffled_geometry,11419,6,0.07677393406629562
PushT,jepa_wm_pusht,9,1,fidelity_constrained_shuffled_geometry__seed11419,fidelity_constrained_shuffled_geometry,11419,1,0.053080324083566666
PushT,jepa_wm_pusht,9,1,fidelity_constrained_shuffled_geometry__seed11419,fidelity_constrained_shuffled_geometry,11419,3,0.06776219606399536
PushT,jepa_wm_pusht,9,1,fidelity_constrained_shuffled_geometry__seed11419,fidelity_constrained_shuffled_geometry,11419,6,0.07349513471126556
PushT,jepa_wm_pusht,10,1,fidelity_constrained_shuffled_geometry__seed11419,fidelity_constrained_shuffled_geometry,11419,1,0.05895784869790077
PushT,jepa_wm_pusht,10,1,fidelity_constrained_shuffled_geometry__seed11419,fidelity_constrained_shuffled_geometry,11419,3,0.11000394076108932
PushT,jepa_wm_pusht,10,1,fidelity_constrained_shuffled_geometry__seed11419,fidelity_constrained_shuffled_geometry,11419,6,0.12676207721233368
PushT,jepa_wm_pusht,11,1,fidelity_constrained_shuffled_geometry__seed11419,fidelity_constrained_shuffled_geometry,11419,1,0.08134540915489197
PushT,jepa_wm_pusht,11,1,fidelity_constrained_shuffled_geometry__seed11419,fidelity_constrained_shuffled_geometry,11419,3,0.06705086678266525
PushT,jepa_wm_pusht,11,1,fidelity_constrained_shuffled_geometry__seed11419,fidelity_constrained_shuffled_geometry,11419,6,0.07642018049955368
PushT,jepa_wm_pusht,12,1,fidelity_constrained_shuffled_geometry__seed11419,fidelity_constrained_shuffled_geometry,11419,1,0.045815981924533844
PushT,jepa_wm_pusht,12,1,fidelity_constrained_shuffled_geometry__seed11419,fidelity_constrained_shuffled_geometry,11419,3,0.054276738315820694
PushT,jepa_wm_pusht,12,1,fidelity_constrained_shuffled_geometry__seed11419,fidelity_constrained_shuffled_geometry,11419,6,0.06095310300588608
PushT,jepa_wm_pusht,13,1,fidelity_constrained_shuffled_geometry__seed11419,fidelity_constrained_shuffled_geometry,11419,1,0.06407508254051208
PushT,jepa_wm_pusht,13,1,fidelity_constrained_shuffled_geometry__seed11419,fidelity_constrained_shuffled_geometry,11419,3,0.08016832917928696
PushT,jepa_wm_pusht,13,1,fidelity_constrained_shuffled_geometry__seed11419,fidelity_constrained_shuffled_geometry,11419,6,0.07129975408315659
PushT,jepa_wm_pusht,14,1,fidelity_constrained_shuffled_geometry__seed11419,fidelity_constrained_shuffled_geometry,11419,1,0.01971251331269741
PushT,jepa_wm_pusht,14,1,fidelity_constrained_shuffled_geometry__seed11419,fidelity_constrained_shuffled_geometry,11419,3,0.04199161380529404
PushT,jepa_wm_pusht,14,1,fidelity_constrained_shuffled_geometry__seed11419,fidelity_constrained_shuffled_geometry,11419,6,0.05265200510621071
PushT,jepa_wm_pusht,15,1,fidelity_constrained_shuffled_geometry__seed11419,fidelity_constrained_shuffled_geometry,11419,1,0.022355172783136368
PushT,jepa_wm_pusht,15,1,fidelity_constrained_shuffled_geometry__seed11419,fidelity_constrained_shuffled_geometry,11419,3,0.06808753311634064
PushT,jepa_wm_pusht,15,1,fidelity_constrained_shuffled_geometry__seed11419,fidelity_constrained_shuffled_geometry,11419,6,0.07425481826066971
PushT,jepa_wm_pusht,16,2,fidelity_constrained_shuffled_geometry__seed11419,fidelity_constrained_shuffled_geometry,11419,1,0.06196719780564308
PushT,jepa_wm_pusht,16,2,fidelity_constrained_shuffled_geometry__seed11419,fidelity_constrained_shuffled_geometry,11419,3,0.14064215123653412
PushT,jepa_wm_pusht,16,2,fidelity_constrained_shuffled_geometry__seed11419,fidelity_constrained_shuffled_geometry,11419,6,0.1550423800945282
PushT,jepa_wm_pusht,17,2,fidelity_constrained_shuffled_geometry__seed11419,fidelity_constrained_shuffled_geometry,11419,1,0.02862486243247986
PushT,jepa_wm_pusht,17,2,fidelity_constrained_shuffled_geometry__seed11419,fidelity_constrained_shuffled_geometry,11419,3,0.05940302088856697
PushT,jepa_wm_pusht,17,2,fidelity_constrained_shuffled_geometry__seed11419,fidelity_constrained_shuffled_geometry,11419,6,0.06157061457633972
PushT,jepa_wm_pusht,18,2,fidelity_constrained_shuffled_geometry__seed11419,fidelity_constrained_shuffled_geometry,11419,1,0.019668111577630043
PushT,jepa_wm_pusht,18,2,fidelity_constrained_shuffled_geometry__seed11419,fidelity_constrained_shuffled_geometry,11419,3,0.03948517143726349
PushT,jepa_wm_pusht,18,2,fidelity_constrained_shuffled_geometry__seed11419,fidelity_constrained_shuffled_geometry,11419,6,0.05386873707175255
PushT,jepa_wm_pusht,19,2,fidelity_constrained_shuffled_geometry__seed11419,fidelity_constrained_shuffled_geometry,11419,1,0.0308039840310812
PushT,jepa_wm_pusht,19,2,fidelity_constrained_shuffled_geometry__seed11419,fidelity_constrained_shuffled_geometry,11419,3,0.04818107560276985
PushT,jepa_wm_pusht,19,2,fidelity_constrained_shuffled_geometry__seed11419,fidelity_constrained_shuffled_geometry,11419,6,0.05748066306114197
PushT,jepa_wm_pusht,20,2,fidelity_constrained_shuffled_geometry__seed11419,fidelity_constrained_shuffled_geometry,11419,1,0.03467319905757904
PushT,jepa_wm_pusht,20,2,fidelity_constrained_shuffled_geometry__seed11419,fidelity_constrained_shuffled_geometry,11419,3,0.047580037266016006
PushT,jepa_wm_pusht,20,2,fidelity_constrained_shuffled_geometry__seed11419,fidelity_constrained_shuffled_geometry,11419,6,0.05782126262784004
PushT,jepa_wm_pusht,21,2,fidelity_constrained_shuffled_geometry__seed11419,fidelity_constrained_shuffled_geometry,11419,1,0.026686500757932663
PushT,jepa_wm_pusht,21,2,fidelity_constrained_shuffled_geometry__seed11419,fidelity_constrained_shuffled_geometry,11419,3,0.05469788238406181
PushT,jepa_wm_pusht,21,2,fidelity_constrained_shuffled_geometry__seed11419,fidelity_constrained_shuffled_geometry,11419,6,0.07201878726482391
PushT,jepa_wm_pusht,22,2,fidelity_constrained_shuffled_geometry__seed11419,fidelity_constrained_shuffled_geometry,11419,1,0.020162200555205345
PushT,jepa_wm_pusht,22,2,fidelity_constrained_shuffled_geometry__seed11419,fidelity_constrained_shuffled_geometry,11419,3,0.06540098041296005
PushT,jepa_wm_pusht,22,2,fidelity_constrained_shuffled_geometry__seed11419,fidelity_constrained_shuffled_geometry,11419,6,0.05910472944378853
PushT,jepa_wm_pusht,23,2,fidelity_constrained_shuffled_geometry__seed11419,fidelity_constrained_shuffled_geometry,11419,1,0.03127570077776909
PushT,jepa_wm_pusht,23,2,fidelity_constrained_shuffled_geometry__seed11419,fidelity_constrained_shuffled_geometry,11419,3,0.03566309064626694
PushT,jepa_wm_pusht,23,2,fidelity_constrained_shuffled_geometry__seed11419,fidelity_constrained_shuffled_geometry,11419,6,0.057773392647504807
PushT,jepa_wm_pusht,48,6,fidelity_constrained_shuffled_geometry__seed11419,fidelity_constrained_shuffled_geometry,11419,1,0.09023482352495193
PushT,jepa_wm_pusht,48,6,fidelity_constrained_shuffled_geometry__seed11419,fidelity_constrained_shuffled_geometry,11419,3,0.050849974155426025
PushT,jepa_wm_pusht,48,6,fidelity_constrained_shuffled_geometry__seed11419,fidelity_constrained_shuffled_geometry,11419,6,0.05589974671602249
PushT,jepa_wm_pusht,49,6,fidelity_constrained_shuffled_geometry__seed11419,fidelity_constrained_shuffled_geometry,11419,1,0.045495640486478806
PushT,jepa_wm_pusht,49,6,fidelity_constrained_shuffled_geometry__seed11419,fidelity_constrained_shuffled_geometry,11419,3,0.05530833080410957
PushT,jepa_wm_pusht,49,6,fidelity_constrained_shuffled_geometry__seed11419,fidelity_constrained_shuffled_geometry,11419,6,0.04808340221643448
PushT,jepa_wm_pusht,50,6,fidelity_constrained_shuffled_geometry__seed11419,fidelity_constrained_shuffled_geometry,11419,1,0.04053260013461113
PushT,jepa_wm_pusht,50,6,fidelity_constrained_shuffled_geometry__seed11419,fidelity_constrained_shuffled_geometry,11419,3,0.060308102518320084
PushT,jepa_wm_pusht,50,6,fidelity_constrained_shuffled_geometry__seed11419,fidelity_constrained_shuffled_geometry,11419,6,0.1102134957909584
PushT,jepa_wm_pusht,51,6,fidelity_constrained_shuffled_geometry__seed11419,fidelity_constrained_shuffled_geometry,11419,1,0.0532512366771698
PushT,jepa_wm_pusht,51,6,fidelity_constrained_shuffled_geometry__seed11419,fidelity_constrained_shuffled_geometry,11419,3,0.0542626716196537
PushT,jepa_wm_pusht,51,6,fidelity_constrained_shuffled_geometry__seed11419,fidelity_constrained_shuffled_geometry,11419,6,0.06474270671606064
PushT,jepa_wm_pusht,52,6,fidelity_constrained_shuffled_geometry__seed11419,fidelity_constrained_shuffled_geometry,11419,1,0.021539844572544098
PushT,jepa_wm_pusht,52,6,fidelity_constrained_shuffled_geometry__seed11419,fidelity_constrained_shuffled_geometry,11419,3,0.04364648088812828
PushT,jepa_wm_pusht,52,6,fidelity_constrained_shuffled_geometry__seed11419,fidelity_constrained_shuffled_geometry,11419,6,0.055457133799791336
PushT,jepa_wm_pusht,53,6,fidelity_constrained_shuffled_geometry__seed11419,fidelity_constrained_shuffled_geometry,11419,1,0.038809891790151596
PushT,jepa_wm_pusht,53,6,fidelity_constrained_shuffled_geometry__seed11419,fidelity_constrained_shuffled_geometry,11419,3,0.047820866107940674
PushT,jepa_wm_pusht,53,6,fidelity_constrained_shuffled_geometry__seed11419,fidelity_constrained_shuffled_geometry,11419,6,0.0655159130692482
PushT,jepa_wm_pusht,54,6,fidelity_constrained_shuffled_geometry__seed11419,fidelity_constrained_shuffled_geometry,11419,1,0.0766892284154892
PushT,jepa_wm_pusht,54,6,fidelity_constrained_shuffled_geometry__seed11419,fidelity_constrained_shuffled_geometry,11419,3,0.113096222281456
PushT,jepa_wm_pusht,54,6,fidelity_constrained_shuffled_geometry__seed11419,fidelity_constrained_shuffled_geometry,11419,6,0.12917017936706543
PushT,jepa_wm_pusht,55,6,fidelity_constrained_shuffled_geometry__seed11419,fidelity_constrained_shuffled_geometry,11419,1,0.026974739506840706
PushT,jepa_wm_pusht,55,6,fidelity_constrained_shuffled_geometry__seed11419,fidelity_constrained_shuffled_geometry,11419,3,0.0663990005850792
PushT,jepa_wm_pusht,55,6,fidelity_constrained_shuffled_geometry__seed11419,fidelity_constrained_shuffled_geometry,11419,6,0.061861082911491394
PushT,jepa_wm_pusht,8,1,fidelity_constrained_matched_geometry__seed11419,fidelity_constrained_matched_geometry,11419,1,0.03677705302834511
PushT,jepa_wm_pusht,8,1,fidelity_constrained_matched_geometry__seed11419,fidelity_constrained_matched_geometry,11419,3,0.055171191692352295
PushT,jepa_wm_pusht,8,1,fidelity_constrained_matched_geometry__seed11419,fidelity_constrained_matched_geometry,11419,6,0.06452801823616028
PushT,jepa_wm_pusht,9,1,fidelity_constrained_matched_geometry__seed11419,fidelity_constrained_matched_geometry,11419,1,0.051365647464990616
PushT,jepa_wm_pusht,9,1,fidelity_constrained_matched_geometry__seed11419,fidelity_constrained_matched_geometry,11419,3,0.061186887323856354
PushT,jepa_wm_pusht,9,1,fidelity_constrained_matched_geometry__seed11419,fidelity_constrained_matched_geometry,11419,6,0.06145235151052475
PushT,jepa_wm_pusht,10,1,fidelity_constrained_matched_geometry__seed11419,fidelity_constrained_matched_geometry,11419,1,0.05922042205929756
PushT,jepa_wm_pusht,10,1,fidelity_constrained_matched_geometry__seed11419,fidelity_constrained_matched_geometry,11419,3,0.11367485672235489
PushT,jepa_wm_pusht,10,1,fidelity_constrained_matched_geometry__seed11419,fidelity_constrained_matched_geometry,11419,6,0.12663602828979492
PushT,jepa_wm_pusht,11,1,fidelity_constrained_matched_geometry__seed11419,fidelity_constrained_matched_geometry,11419,1,0.07734183222055435
PushT,jepa_wm_pusht,11,1,fidelity_constrained_matched_geometry__seed11419,fidelity_constrained_matched_geometry,11419,3,0.0713343545794487
PushT,jepa_wm_pusht,11,1,fidelity_constrained_matched_geometry__seed11419,fidelity_constrained_matched_geometry,11419,6,0.079545758664608
PushT,jepa_wm_pusht,12,1,fidelity_constrained_matched_geometry__seed11419,fidelity_constrained_matched_geometry,11419,1,0.04546528682112694
PushT,jepa_wm_pusht,12,1,fidelity_constrained_matched_geometry__seed11419,fidelity_constrained_matched_geometry,11419,3,0.055932141840457916
PushT,jepa_wm_pusht,12,1,fidelity_constrained_matched_geometry__seed11419,fidelity_constrained_matched_geometry,11419,6,0.0628887265920639
PushT,jepa_wm_pusht,13,1,fidelity_constrained_matched_geometry__seed11419,fidelity_constrained_matched_geometry,11419,1,0.06190258264541626
PushT,jepa_wm_pusht,13,1,fidelity_constrained_matched_geometry__seed11419,fidelity_constrained_matched_geometry,11419,3,0.07262012362480164
PushT,jepa_wm_pusht,13,1,fidelity_constrained_matched_geometry__seed11419,fidelity_constrained_matched_geometry,11419,6,0.06973642110824585
PushT,jepa_wm_pusht,14,1,fidelity_constrained_matched_geometry__seed11419,fidelity_constrained_matched_geometry,11419,1,0.01900341734290123
PushT,jepa_wm_pusht,14,1,fidelity_constrained_matched_geometry__seed11419,fidelity_constrained_matched_geometry,11419,3,0.03653261065483093
PushT,jepa_wm_pusht,14,1,fidelity_constrained_matched_geometry__seed11419,fidelity_constrained_matched_geometry,11419,6,0.04407120868563652
PushT,jepa_wm_pusht,15,1,fidelity_constrained_matched_geometry__seed11419,fidelity_constrained_matched_geometry,11419,1,0.021143635734915733
PushT,jepa_wm_pusht,15,1,fidelity_constrained_matched_geometry__seed11419,fidelity_constrained_matched_geometry,11419,3,0.05230281502008438
PushT,jepa_wm_pusht,15,1,fidelity_constrained_matched_geometry__seed11419,fidelity_constrained_matched_geometry,11419,6,0.06079120188951492
PushT,jepa_wm_pusht,16,2,fidelity_constrained_matched_geometry__seed11419,fidelity_constrained_matched_geometry,11419,1,0.056810412555933
PushT,jepa_wm_pusht,16,2,fidelity_constrained_matched_geometry__seed11419,fidelity_constrained_matched_geometry,11419,3,0.12126857787370682
PushT,jepa_wm_pusht,16,2,fidelity_constrained_matched_geometry__seed11419,fidelity_constrained_matched_geometry,11419,6,0.13068068027496338
PushT,jepa_wm_pusht,17,2,fidelity_constrained_matched_geometry__seed11419,fidelity_constrained_matched_geometry,11419,1,0.029210062697529793
PushT,jepa_wm_pusht,17,2,fidelity_constrained_matched_geometry__seed11419,fidelity_constrained_matched_geometry,11419,3,0.054555635899305344
PushT,jepa_wm_pusht,17,2,fidelity_constrained_matched_geometry__seed11419,fidelity_constrained_matched_geometry,11419,6,0.06674914807081223
PushT,jepa_wm_pusht,18,2,fidelity_constrained_matched_geometry__seed11419,fidelity_constrained_matched_geometry,11419,1,0.01910777948796749
PushT,jepa_wm_pusht,18,2,fidelity_constrained_matched_geometry__seed11419,fidelity_constrained_matched_geometry,11419,3,0.035758938640356064
PushT,jepa_wm_pusht,18,2,fidelity_constrained_matched_geometry__seed11419,fidelity_constrained_matched_geometry,11419,6,0.04660966247320175
PushT,jepa_wm_pusht,19,2,fidelity_constrained_matched_geometry__seed11419,fidelity_constrained_matched_geometry,11419,1,0.029754837974905968
PushT,jepa_wm_pusht,19,2,fidelity_constrained_matched_geometry__seed11419,fidelity_constrained_matched_geometry,11419,3,0.0429656095802784
PushT,jepa_wm_pusht,19,2,fidelity_constrained_matched_geometry__seed11419,fidelity_constrained_matched_geometry,11419,6,0.04899051412940025
PushT,jepa_wm_pusht,20,2,fidelity_constrained_matched_geometry__seed11419,fidelity_constrained_matched_geometry,11419,1,0.03378330543637276
PushT,jepa_wm_pusht,20,2,fidelity_constrained_matched_geometry__seed11419,fidelity_constrained_matched_geometry,11419,3,0.043440163135528564
PushT,jepa_wm_pusht,20,2,fidelity_constrained_matched_geometry__seed11419,fidelity_constrained_matched_geometry,11419,6,0.05393749102950096
PushT,jepa_wm_pusht,21,2,fidelity_constrained_matched_geometry__seed11419,fidelity_constrained_matched_geometry,11419,1,0.02622748352587223
PushT,jepa_wm_pusht,21,2,fidelity_constrained_matched_geometry__seed11419,fidelity_constrained_matched_geometry,11419,3,0.049212951213121414
PushT,jepa_wm_pusht,21,2,fidelity_constrained_matched_geometry__seed11419,fidelity_constrained_matched_geometry,11419,6,0.05943901091814041
PushT,jepa_wm_pusht,22,2,fidelity_constrained_matched_geometry__seed11419,fidelity_constrained_matched_geometry,11419,1,0.019743118435144424
PushT,jepa_wm_pusht,22,2,fidelity_constrained_matched_geometry__seed11419,fidelity_constrained_matched_geometry,11419,3,0.0579652264714241
PushT,jepa_wm_pusht,22,2,fidelity_constrained_matched_geometry__seed11419,fidelity_constrained_matched_geometry,11419,6,0.05107899755239487
PushT,jepa_wm_pusht,23,2,fidelity_constrained_matched_geometry__seed11419,fidelity_constrained_matched_geometry,11419,1,0.030159663408994675
PushT,jepa_wm_pusht,23,2,fidelity_constrained_matched_geometry__seed11419,fidelity_constrained_matched_geometry,11419,3,0.03395502641797066
PushT,jepa_wm_pusht,23,2,fidelity_constrained_matched_geometry__seed11419,fidelity_constrained_matched_geometry,11419,6,0.045826613903045654
PushT,jepa_wm_pusht,48,6,fidelity_constrained_matched_geometry__seed11419,fidelity_constrained_matched_geometry,11419,1,0.08882172405719757
PushT,jepa_wm_pusht,48,6,fidelity_constrained_matched_geometry__seed11419,fidelity_constrained_matched_geometry,11419,3,0.048176903277635574
PushT,jepa_wm_pusht,48,6,fidelity_constrained_matched_geometry__seed11419,fidelity_constrained_matched_geometry,11419,6,0.05055995285511017
PushT,jepa_wm_pusht,49,6,fidelity_constrained_matched_geometry__seed11419,fidelity_constrained_matched_geometry,11419,1,0.04418965429067612
PushT,jepa_wm_pusht,49,6,fidelity_constrained_matched_geometry__seed11419,fidelity_constrained_matched_geometry,11419,3,0.05132543295621872
PushT,jepa_wm_pusht,49,6,fidelity_constrained_matched_geometry__seed11419,fidelity_constrained_matched_geometry,11419,6,0.04239983856678009
PushT,jepa_wm_pusht,50,6,fidelity_constrained_matched_geometry__seed11419,fidelity_constrained_matched_geometry,11419,1,0.03935803845524788
PushT,jepa_wm_pusht,50,6,fidelity_constrained_matched_geometry__seed11419,fidelity_constrained_matched_geometry,11419,3,0.05273487791419029
PushT,jepa_wm_pusht,50,6,fidelity_constrained_matched_geometry__seed11419,fidelity_constrained_matched_geometry,11419,6,0.07289274036884308
PushT,jepa_wm_pusht,51,6,fidelity_constrained_matched_geometry__seed11419,fidelity_constrained_matched_geometry,11419,1,0.04658139869570732
PushT,jepa_wm_pusht,51,6,fidelity_constrained_matched_geometry__seed11419,fidelity_constrained_matched_geometry,11419,3,0.05013693496584892
PushT,jepa_wm_pusht,51,6,fidelity_constrained_matched_geometry__seed11419,fidelity_constrained_matched_geometry,11419,6,0.053872279822826385
PushT,jepa_wm_pusht,52,6,fidelity_constrained_matched_geometry__seed11419,fidelity_constrained_matched_geometry,11419,1,0.021039213985204697
PushT,jepa_wm_pusht,52,6,fidelity_constrained_matched_geometry__seed11419,fidelity_constrained_matched_geometry,11419,3,0.038789477199316025
PushT,jepa_wm_pusht,52,6,fidelity_constrained_matched_geometry__seed11419,fidelity_constrained_matched_geometry,11419,6,0.04654298722743988
PushT,jepa_wm_pusht,53,6,fidelity_constrained_matched_geometry__seed11419,fidelity_constrained_matched_geometry,11419,1,0.03773711249232292
PushT,jepa_wm_pusht,53,6,fidelity_constrained_matched_geometry__seed11419,fidelity_constrained_matched_geometry,11419,3,0.04280543327331543
PushT,jepa_wm_pusht,53,6,fidelity_constrained_matched_geometry__seed11419,fidelity_constrained_matched_geometry,11419,6,0.05599874258041382
PushT,jepa_wm_pusht,54,6,fidelity_constrained_matched_geometry__seed11419,fidelity_constrained_matched_geometry,11419,1,0.0789916068315506
PushT,jepa_wm_pusht,54,6,fidelity_constrained_matched_geometry__seed11419,fidelity_constrained_matched_geometry,11419,3,0.11335238069295883
PushT,jepa_wm_pusht,54,6,fidelity_constrained_matched_geometry__seed11419,fidelity_constrained_matched_geometry,11419,6,0.13035543262958527
PushT,jepa_wm_pusht,55,6,fidelity_constrained_matched_geometry__seed11419,fidelity_constrained_matched_geometry,11419,1,0.02655823342502117
PushT,jepa_wm_pusht,55,6,fidelity_constrained_matched_geometry__seed11419,fidelity_constrained_matched_geometry,11419,3,0.06155966594815254
PushT,jepa_wm_pusht,55,6,fidelity_constrained_matched_geometry__seed11419,fidelity_constrained_matched_geometry,11419,6,0.058252256363630295
PushT,jepa_wm_pusht,8,1,fidelity_constrained_latent_only__seed11437,fidelity_constrained_latent_only,11437,1,0.031172361224889755
PushT,jepa_wm_pusht,8,1,fidelity_constrained_latent_only__seed11437,fidelity_constrained_latent_only,11437,3,0.04525480419397354
PushT,jepa_wm_pusht,8,1,fidelity_constrained_latent_only__seed11437,fidelity_constrained_latent_only,11437,6,0.05343789607286453
PushT,jepa_wm_pusht,9,1,fidelity_constrained_latent_only__seed11437,fidelity_constrained_latent_only,11437,1,0.045868419110774994
PushT,jepa_wm_pusht,9,1,fidelity_constrained_latent_only__seed11437,fidelity_constrained_latent_only,11437,3,0.05942118540406227
PushT,jepa_wm_pusht,9,1,fidelity_constrained_latent_only__seed11437,fidelity_constrained_latent_only,11437,6,0.05683515593409538
PushT,jepa_wm_pusht,10,1,fidelity_constrained_latent_only__seed11437,fidelity_constrained_latent_only,11437,1,0.05317889153957367
PushT,jepa_wm_pusht,10,1,fidelity_constrained_latent_only__seed11437,fidelity_constrained_latent_only,11437,3,0.10460331290960312
PushT,jepa_wm_pusht,10,1,fidelity_constrained_latent_only__seed11437,fidelity_constrained_latent_only,11437,6,0.12445104122161865
PushT,jepa_wm_pusht,11,1,fidelity_constrained_latent_only__seed11437,fidelity_constrained_latent_only,11437,1,0.07600311934947968
PushT,jepa_wm_pusht,11,1,fidelity_constrained_latent_only__seed11437,fidelity_constrained_latent_only,11437,3,0.06970534473657608
PushT,jepa_wm_pusht,11,1,fidelity_constrained_latent_only__seed11437,fidelity_constrained_latent_only,11437,6,0.08064037561416626
PushT,jepa_wm_pusht,12,1,fidelity_constrained_latent_only__seed11437,fidelity_constrained_latent_only,11437,1,0.03873618692159653
PushT,jepa_wm_pusht,12,1,fidelity_constrained_latent_only__seed11437,fidelity_constrained_latent_only,11437,3,0.052485983818769455
PushT,jepa_wm_pusht,12,1,fidelity_constrained_latent_only__seed11437,fidelity_constrained_latent_only,11437,6,0.06428036838769913
PushT,jepa_wm_pusht,13,1,fidelity_constrained_latent_only__seed11437,fidelity_constrained_latent_only,11437,1,0.05208154767751694
PushT,jepa_wm_pusht,13,1,fidelity_constrained_latent_only__seed11437,fidelity_constrained_latent_only,11437,3,0.061489857733249664
PushT,jepa_wm_pusht,13,1,fidelity_constrained_latent_only__seed11437,fidelity_constrained_latent_only,11437,6,0.06147124618291855
PushT,jepa_wm_pusht,14,1,fidelity_constrained_latent_only__seed11437,fidelity_constrained_latent_only,11437,1,0.015153368934988976
PushT,jepa_wm_pusht,14,1,fidelity_constrained_latent_only__seed11437,fidelity_constrained_latent_only,11437,3,0.029084250330924988
PushT,jepa_wm_pusht,14,1,fidelity_constrained_latent_only__seed11437,fidelity_constrained_latent_only,11437,6,0.037343211472034454
PushT,jepa_wm_pusht,15,1,fidelity_constrained_latent_only__seed11437,fidelity_constrained_latent_only,11437,1,0.01634231023490429
PushT,jepa_wm_pusht,15,1,fidelity_constrained_latent_only__seed11437,fidelity_constrained_latent_only,11437,3,0.04273955896496773
PushT,jepa_wm_pusht,15,1,fidelity_constrained_latent_only__seed11437,fidelity_constrained_latent_only,11437,6,0.05153149366378784
PushT,jepa_wm_pusht,16,2,fidelity_constrained_latent_only__seed11437,fidelity_constrained_latent_only,11437,1,0.05296257883310318
PushT,jepa_wm_pusht,16,2,fidelity_constrained_latent_only__seed11437,fidelity_constrained_latent_only,11437,3,0.12560983002185822
PushT,jepa_wm_pusht,16,2,fidelity_constrained_latent_only__seed11437,fidelity_constrained_latent_only,11437,6,0.14550180733203888
PushT,jepa_wm_pusht,17,2,fidelity_constrained_latent_only__seed11437,fidelity_constrained_latent_only,11437,1,0.026905711740255356
PushT,jepa_wm_pusht,17,2,fidelity_constrained_latent_only__seed11437,fidelity_constrained_latent_only,11437,3,0.05275300517678261
PushT,jepa_wm_pusht,17,2,fidelity_constrained_latent_only__seed11437,fidelity_constrained_latent_only,11437,6,0.06908735632896423
PushT,jepa_wm_pusht,18,2,fidelity_constrained_latent_only__seed11437,fidelity_constrained_latent_only,11437,1,0.01585545763373375
PushT,jepa_wm_pusht,18,2,fidelity_constrained_latent_only__seed11437,fidelity_constrained_latent_only,11437,3,0.030017683282494545
PushT,jepa_wm_pusht,18,2,fidelity_constrained_latent_only__seed11437,fidelity_constrained_latent_only,11437,6,0.03987020626664162
PushT,jepa_wm_pusht,19,2,fidelity_constrained_latent_only__seed11437,fidelity_constrained_latent_only,11437,1,0.025947360321879387
PushT,jepa_wm_pusht,19,2,fidelity_constrained_latent_only__seed11437,fidelity_constrained_latent_only,11437,3,0.03577062487602234
PushT,jepa_wm_pusht,19,2,fidelity_constrained_latent_only__seed11437,fidelity_constrained_latent_only,11437,6,0.040133215487003326
PushT,jepa_wm_pusht,20,2,fidelity_constrained_latent_only__seed11437,fidelity_constrained_latent_only,11437,1,0.02757003903388977
PushT,jepa_wm_pusht,20,2,fidelity_constrained_latent_only__seed11437,fidelity_constrained_latent_only,11437,3,0.03650876134634018
PushT,jepa_wm_pusht,20,2,fidelity_constrained_latent_only__seed11437,fidelity_constrained_latent_only,11437,6,0.04993470758199692
PushT,jepa_wm_pusht,21,2,fidelity_constrained_latent_only__seed11437,fidelity_constrained_latent_only,11437,1,0.023211119696497917
PushT,jepa_wm_pusht,21,2,fidelity_constrained_latent_only__seed11437,fidelity_constrained_latent_only,11437,3,0.044671788811683655
PushT,jepa_wm_pusht,21,2,fidelity_constrained_latent_only__seed11437,fidelity_constrained_latent_only,11437,6,0.05487462133169174
PushT,jepa_wm_pusht,22,2,fidelity_constrained_latent_only__seed11437,fidelity_constrained_latent_only,11437,1,0.01880544237792492
PushT,jepa_wm_pusht,22,2,fidelity_constrained_latent_only__seed11437,fidelity_constrained_latent_only,11437,3,0.05442090332508087
PushT,jepa_wm_pusht,22,2,fidelity_constrained_latent_only__seed11437,fidelity_constrained_latent_only,11437,6,0.04888409376144409
PushT,jepa_wm_pusht,23,2,fidelity_constrained_latent_only__seed11437,fidelity_constrained_latent_only,11437,1,0.024475261569023132
PushT,jepa_wm_pusht,23,2,fidelity_constrained_latent_only__seed11437,fidelity_constrained_latent_only,11437,3,0.02768123336136341
PushT,jepa_wm_pusht,23,2,fidelity_constrained_latent_only__seed11437,fidelity_constrained_latent_only,11437,6,0.03969580680131912
PushT,jepa_wm_pusht,48,6,fidelity_constrained_latent_only__seed11437,fidelity_constrained_latent_only,11437,1,0.08417781442403793
PushT,jepa_wm_pusht,48,6,fidelity_constrained_latent_only__seed11437,fidelity_constrained_latent_only,11437,3,0.04456522315740585
PushT,jepa_wm_pusht,48,6,fidelity_constrained_latent_only__seed11437,fidelity_constrained_latent_only,11437,6,0.04917402192950249
PushT,jepa_wm_pusht,49,6,fidelity_constrained_latent_only__seed11437,fidelity_constrained_latent_only,11437,1,0.040648192167282104
PushT,jepa_wm_pusht,49,6,fidelity_constrained_latent_only__seed11437,fidelity_constrained_latent_only,11437,3,0.04313576593995094
PushT,jepa_wm_pusht,49,6,fidelity_constrained_latent_only__seed11437,fidelity_constrained_latent_only,11437,6,0.03523531183600426
PushT,jepa_wm_pusht,50,6,fidelity_constrained_latent_only__seed11437,fidelity_constrained_latent_only,11437,1,0.03389042243361473
PushT,jepa_wm_pusht,50,6,fidelity_constrained_latent_only__seed11437,fidelity_constrained_latent_only,11437,3,0.049682002514600754
PushT,jepa_wm_pusht,50,6,fidelity_constrained_latent_only__seed11437,fidelity_constrained_latent_only,11437,6,0.0806480124592781
PushT,jepa_wm_pusht,51,6,fidelity_constrained_latent_only__seed11437,fidelity_constrained_latent_only,11437,1,0.040566496551036835
PushT,jepa_wm_pusht,51,6,fidelity_constrained_latent_only__seed11437,fidelity_constrained_latent_only,11437,3,0.0447150319814682
PushT,jepa_wm_pusht,51,6,fidelity_constrained_latent_only__seed11437,fidelity_constrained_latent_only,11437,6,0.045893922448158264
PushT,jepa_wm_pusht,52,6,fidelity_constrained_latent_only__seed11437,fidelity_constrained_latent_only,11437,1,0.018565604463219643
PushT,jepa_wm_pusht,52,6,fidelity_constrained_latent_only__seed11437,fidelity_constrained_latent_only,11437,3,0.031544070690870285
PushT,jepa_wm_pusht,52,6,fidelity_constrained_latent_only__seed11437,fidelity_constrained_latent_only,11437,6,0.039218492805957794
PushT,jepa_wm_pusht,53,6,fidelity_constrained_latent_only__seed11437,fidelity_constrained_latent_only,11437,1,0.032720256596803665
PushT,jepa_wm_pusht,53,6,fidelity_constrained_latent_only__seed11437,fidelity_constrained_latent_only,11437,3,0.035135380923748016
PushT,jepa_wm_pusht,53,6,fidelity_constrained_latent_only__seed11437,fidelity_constrained_latent_only,11437,6,0.04896524176001549
PushT,jepa_wm_pusht,54,6,fidelity_constrained_latent_only__seed11437,fidelity_constrained_latent_only,11437,1,0.07749586552381516
PushT,jepa_wm_pusht,54,6,fidelity_constrained_latent_only__seed11437,fidelity_constrained_latent_only,11437,3,0.11065882444381714
PushT,jepa_wm_pusht,54,6,fidelity_constrained_latent_only__seed11437,fidelity_constrained_latent_only,11437,6,0.12807518243789673
PushT,jepa_wm_pusht,55,6,fidelity_constrained_latent_only__seed11437,fidelity_constrained_latent_only,11437,1,0.021640107035636902
PushT,jepa_wm_pusht,55,6,fidelity_constrained_latent_only__seed11437,fidelity_constrained_latent_only,11437,3,0.0576479472219944
PushT,jepa_wm_pusht,55,6,fidelity_constrained_latent_only__seed11437,fidelity_constrained_latent_only,11437,6,0.05704396963119507
PushT,jepa_wm_pusht,8,1,fidelity_constrained_shuffled_geometry__seed11437,fidelity_constrained_shuffled_geometry,11437,1,0.03637710586190224
PushT,jepa_wm_pusht,8,1,fidelity_constrained_shuffled_geometry__seed11437,fidelity_constrained_shuffled_geometry,11437,3,0.06017192825675011
PushT,jepa_wm_pusht,8,1,fidelity_constrained_shuffled_geometry__seed11437,fidelity_constrained_shuffled_geometry,11437,6,0.07779545336961746
PushT,jepa_wm_pusht,9,1,fidelity_constrained_shuffled_geometry__seed11437,fidelity_constrained_shuffled_geometry,11437,1,0.05327647551894188
PushT,jepa_wm_pusht,9,1,fidelity_constrained_shuffled_geometry__seed11437,fidelity_constrained_shuffled_geometry,11437,3,0.06716440618038177
PushT,jepa_wm_pusht,9,1,fidelity_constrained_shuffled_geometry__seed11437,fidelity_constrained_shuffled_geometry,11437,6,0.0743773803114891
PushT,jepa_wm_pusht,10,1,fidelity_constrained_shuffled_geometry__seed11437,fidelity_constrained_shuffled_geometry,11437,1,0.05920484662055969
PushT,jepa_wm_pusht,10,1,fidelity_constrained_shuffled_geometry__seed11437,fidelity_constrained_shuffled_geometry,11437,3,0.11093031615018845
PushT,jepa_wm_pusht,10,1,fidelity_constrained_shuffled_geometry__seed11437,fidelity_constrained_shuffled_geometry,11437,6,0.1275671273469925
PushT,jepa_wm_pusht,11,1,fidelity_constrained_shuffled_geometry__seed11437,fidelity_constrained_shuffled_geometry,11437,1,0.08117064088582993
PushT,jepa_wm_pusht,11,1,fidelity_constrained_shuffled_geometry__seed11437,fidelity_constrained_shuffled_geometry,11437,3,0.06627171486616135
PushT,jepa_wm_pusht,11,1,fidelity_constrained_shuffled_geometry__seed11437,fidelity_constrained_shuffled_geometry,11437,6,0.07583644241094589
PushT,jepa_wm_pusht,12,1,fidelity_constrained_shuffled_geometry__seed11437,fidelity_constrained_shuffled_geometry,11437,1,0.04616348072886467
PushT,jepa_wm_pusht,12,1,fidelity_constrained_shuffled_geometry__seed11437,fidelity_constrained_shuffled_geometry,11437,3,0.056292228400707245
PushT,jepa_wm_pusht,12,1,fidelity_constrained_shuffled_geometry__seed11437,fidelity_constrained_shuffled_geometry,11437,6,0.06283904612064362
PushT,jepa_wm_pusht,13,1,fidelity_constrained_shuffled_geometry__seed11437,fidelity_constrained_shuffled_geometry,11437,1,0.0647202730178833
PushT,jepa_wm_pusht,13,1,fidelity_constrained_shuffled_geometry__seed11437,fidelity_constrained_shuffled_geometry,11437,3,0.08624757826328278
PushT,jepa_wm_pusht,13,1,fidelity_constrained_shuffled_geometry__seed11437,fidelity_constrained_shuffled_geometry,11437,6,0.07258290797472
PushT,jepa_wm_pusht,14,1,fidelity_constrained_shuffled_geometry__seed11437,fidelity_constrained_shuffled_geometry,11437,1,0.01995428092777729
PushT,jepa_wm_pusht,14,1,fidelity_constrained_shuffled_geometry__seed11437,fidelity_constrained_shuffled_geometry,11437,3,0.04214422404766083
PushT,jepa_wm_pusht,14,1,fidelity_constrained_shuffled_geometry__seed11437,fidelity_constrained_shuffled_geometry,11437,6,0.05231495201587677
PushT,jepa_wm_pusht,15,1,fidelity_constrained_shuffled_geometry__seed11437,fidelity_constrained_shuffled_geometry,11437,1,0.022461188957095146
PushT,jepa_wm_pusht,15,1,fidelity_constrained_shuffled_geometry__seed11437,fidelity_constrained_shuffled_geometry,11437,3,0.06800387799739838
PushT,jepa_wm_pusht,15,1,fidelity_constrained_shuffled_geometry__seed11437,fidelity_constrained_shuffled_geometry,11437,6,0.07437648624181747
PushT,jepa_wm_pusht,16,2,fidelity_constrained_shuffled_geometry__seed11437,fidelity_constrained_shuffled_geometry,11437,1,0.06190996617078781
PushT,jepa_wm_pusht,16,2,fidelity_constrained_shuffled_geometry__seed11437,fidelity_constrained_shuffled_geometry,11437,3,0.13994137942790985
PushT,jepa_wm_pusht,16,2,fidelity_constrained_shuffled_geometry__seed11437,fidelity_constrained_shuffled_geometry,11437,6,0.1546882688999176
PushT,jepa_wm_pusht,17,2,fidelity_constrained_shuffled_geometry__seed11437,fidelity_constrained_shuffled_geometry,11437,1,0.028646839782595634
PushT,jepa_wm_pusht,17,2,fidelity_constrained_shuffled_geometry__seed11437,fidelity_constrained_shuffled_geometry,11437,3,0.059504393488168716
PushT,jepa_wm_pusht,17,2,fidelity_constrained_shuffled_geometry__seed11437,fidelity_constrained_shuffled_geometry,11437,6,0.05990995094180107
PushT,jepa_wm_pusht,18,2,fidelity_constrained_shuffled_geometry__seed11437,fidelity_constrained_shuffled_geometry,11437,1,0.01974482648074627
PushT,jepa_wm_pusht,18,2,fidelity_constrained_shuffled_geometry__seed11437,fidelity_constrained_shuffled_geometry,11437,3,0.03908408060669899
PushT,jepa_wm_pusht,18,2,fidelity_constrained_shuffled_geometry__seed11437,fidelity_constrained_shuffled_geometry,11437,6,0.053191013634204865
PushT,jepa_wm_pusht,19,2,fidelity_constrained_shuffled_geometry__seed11437,fidelity_constrained_shuffled_geometry,11437,1,0.03087378293275833
PushT,jepa_wm_pusht,19,2,fidelity_constrained_shuffled_geometry__seed11437,fidelity_constrained_shuffled_geometry,11437,3,0.0476459339261055
PushT,jepa_wm_pusht,19,2,fidelity_constrained_shuffled_geometry__seed11437,fidelity_constrained_shuffled_geometry,11437,6,0.05788680166006088
PushT,jepa_wm_pusht,20,2,fidelity_constrained_shuffled_geometry__seed11437,fidelity_constrained_shuffled_geometry,11437,1,0.03469841554760933
PushT,jepa_wm_pusht,20,2,fidelity_constrained_shuffled_geometry__seed11437,fidelity_constrained_shuffled_geometry,11437,3,0.04747554659843445
PushT,jepa_wm_pusht,20,2,fidelity_constrained_shuffled_geometry__seed11437,fidelity_constrained_shuffled_geometry,11437,6,0.0593230202794075
PushT,jepa_wm_pusht,21,2,fidelity_constrained_shuffled_geometry__seed11437,fidelity_constrained_shuffled_geometry,11437,1,0.026833057403564453
PushT,jepa_wm_pusht,21,2,fidelity_constrained_shuffled_geometry__seed11437,fidelity_constrained_shuffled_geometry,11437,3,0.05543658509850502
PushT,jepa_wm_pusht,21,2,fidelity_constrained_shuffled_geometry__seed11437,fidelity_constrained_shuffled_geometry,11437,6,0.07763341814279556
PushT,jepa_wm_pusht,22,2,fidelity_constrained_shuffled_geometry__seed11437,fidelity_constrained_shuffled_geometry,11437,1,0.02040790021419525
PushT,jepa_wm_pusht,22,2,fidelity_constrained_shuffled_geometry__seed11437,fidelity_constrained_shuffled_geometry,11437,3,0.061909884214401245
PushT,jepa_wm_pusht,22,2,fidelity_constrained_shuffled_geometry__seed11437,fidelity_constrained_shuffled_geometry,11437,6,0.06047689542174339
PushT,jepa_wm_pusht,23,2,fidelity_constrained_shuffled_geometry__seed11437,fidelity_constrained_shuffled_geometry,11437,1,0.03141114488244057
PushT,jepa_wm_pusht,23,2,fidelity_constrained_shuffled_geometry__seed11437,fidelity_constrained_shuffled_geometry,11437,3,0.036001160740852356
PushT,jepa_wm_pusht,23,2,fidelity_constrained_shuffled_geometry__seed11437,fidelity_constrained_shuffled_geometry,11437,6,0.0600707121193409
PushT,jepa_wm_pusht,48,6,fidelity_constrained_shuffled_geometry__seed11437,fidelity_constrained_shuffled_geometry,11437,1,0.09015245735645294
PushT,jepa_wm_pusht,48,6,fidelity_constrained_shuffled_geometry__seed11437,fidelity_constrained_shuffled_geometry,11437,3,0.051674194633960724
PushT,jepa_wm_pusht,48,6,fidelity_constrained_shuffled_geometry__seed11437,fidelity_constrained_shuffled_geometry,11437,6,0.0561041384935379
PushT,jepa_wm_pusht,49,6,fidelity_constrained_shuffled_geometry__seed11437,fidelity_constrained_shuffled_geometry,11437,1,0.04562273249030113
PushT,jepa_wm_pusht,49,6,fidelity_constrained_shuffled_geometry__seed11437,fidelity_constrained_shuffled_geometry,11437,3,0.057080574333667755
PushT,jepa_wm_pusht,49,6,fidelity_constrained_shuffled_geometry__seed11437,fidelity_constrained_shuffled_geometry,11437,6,0.04801475629210472
PushT,jepa_wm_pusht,50,6,fidelity_constrained_shuffled_geometry__seed11437,fidelity_constrained_shuffled_geometry,11437,1,0.04055914655327797
PushT,jepa_wm_pusht,50,6,fidelity_constrained_shuffled_geometry__seed11437,fidelity_constrained_shuffled_geometry,11437,3,0.05837070196866989
PushT,jepa_wm_pusht,50,6,fidelity_constrained_shuffled_geometry__seed11437,fidelity_constrained_shuffled_geometry,11437,6,0.1062248945236206
PushT,jepa_wm_pusht,51,6,fidelity_constrained_shuffled_geometry__seed11437,fidelity_constrained_shuffled_geometry,11437,1,0.05209691449999809
PushT,jepa_wm_pusht,51,6,fidelity_constrained_shuffled_geometry__seed11437,fidelity_constrained_shuffled_geometry,11437,3,0.05274815484881401
PushT,jepa_wm_pusht,51,6,fidelity_constrained_shuffled_geometry__seed11437,fidelity_constrained_shuffled_geometry,11437,6,0.06263286620378494
PushT,jepa_wm_pusht,52,6,fidelity_constrained_shuffled_geometry__seed11437,fidelity_constrained_shuffled_geometry,11437,1,0.021820086985826492
PushT,jepa_wm_pusht,52,6,fidelity_constrained_shuffled_geometry__seed11437,fidelity_constrained_shuffled_geometry,11437,3,0.04318094998598099
PushT,jepa_wm_pusht,52,6,fidelity_constrained_shuffled_geometry__seed11437,fidelity_constrained_shuffled_geometry,11437,6,0.053891949355602264
PushT,jepa_wm_pusht,53,6,fidelity_constrained_shuffled_geometry__seed11437,fidelity_constrained_shuffled_geometry,11437,1,0.03874305263161659
PushT,jepa_wm_pusht,53,6,fidelity_constrained_shuffled_geometry__seed11437,fidelity_constrained_shuffled_geometry,11437,3,0.04817131534218788
PushT,jepa_wm_pusht,53,6,fidelity_constrained_shuffled_geometry__seed11437,fidelity_constrained_shuffled_geometry,11437,6,0.06693744659423828
PushT,jepa_wm_pusht,54,6,fidelity_constrained_shuffled_geometry__seed11437,fidelity_constrained_shuffled_geometry,11437,1,0.07712078839540482
PushT,jepa_wm_pusht,54,6,fidelity_constrained_shuffled_geometry__seed11437,fidelity_constrained_shuffled_geometry,11437,3,0.1140204668045044
PushT,jepa_wm_pusht,54,6,fidelity_constrained_shuffled_geometry__seed11437,fidelity_constrained_shuffled_geometry,11437,6,0.12988847494125366
PushT,jepa_wm_pusht,55,6,fidelity_constrained_shuffled_geometry__seed11437,fidelity_constrained_shuffled_geometry,11437,1,0.027149273082613945
PushT,jepa_wm_pusht,55,6,fidelity_constrained_shuffled_geometry__seed11437,fidelity_constrained_shuffled_geometry,11437,3,0.06635783612728119
PushT,jepa_wm_pusht,55,6,fidelity_constrained_shuffled_geometry__seed11437,fidelity_constrained_shuffled_geometry,11437,6,0.06114227697253227
PushT,jepa_wm_pusht,8,1,fidelity_constrained_matched_geometry__seed11437,fidelity_constrained_matched_geometry,11437,1,0.03672090545296669
PushT,jepa_wm_pusht,8,1,fidelity_constrained_matched_geometry__seed11437,fidelity_constrained_matched_geometry,11437,3,0.05521819740533829
PushT,jepa_wm_pusht,8,1,fidelity_constrained_matched_geometry__seed11437,fidelity_constrained_matched_geometry,11437,6,0.06345624476671219
PushT,jepa_wm_pusht,9,1,fidelity_constrained_matched_geometry__seed11437,fidelity_constrained_matched_geometry,11437,1,0.05153952166438103
PushT,jepa_wm_pusht,9,1,fidelity_constrained_matched_geometry__seed11437,fidelity_constrained_matched_geometry,11437,3,0.0607624277472496
PushT,jepa_wm_pusht,9,1,fidelity_constrained_matched_geometry__seed11437,fidelity_constrained_matched_geometry,11437,6,0.06019951030611992
PushT,jepa_wm_pusht,10,1,fidelity_constrained_matched_geometry__seed11437,fidelity_constrained_matched_geometry,11437,1,0.059238798916339874
PushT,jepa_wm_pusht,10,1,fidelity_constrained_matched_geometry__seed11437,fidelity_constrained_matched_geometry,11437,3,0.11380165070295334
PushT,jepa_wm_pusht,10,1,fidelity_constrained_matched_geometry__seed11437,fidelity_constrained_matched_geometry,11437,6,0.1264754980802536
PushT,jepa_wm_pusht,11,1,fidelity_constrained_matched_geometry__seed11437,fidelity_constrained_matched_geometry,11437,1,0.07764571905136108
PushT,jepa_wm_pusht,11,1,fidelity_constrained_matched_geometry__seed11437,fidelity_constrained_matched_geometry,11437,3,0.07221661508083344
PushT,jepa_wm_pusht,11,1,fidelity_constrained_matched_geometry__seed11437,fidelity_constrained_matched_geometry,11437,6,0.08097507059574127
PushT,jepa_wm_pusht,12,1,fidelity_constrained_matched_geometry__seed11437,fidelity_constrained_matched_geometry,11437,1,0.04580095782876015
PushT,jepa_wm_pusht,12,1,fidelity_constrained_matched_geometry__seed11437,fidelity_constrained_matched_geometry,11437,3,0.05648459866642952
PushT,jepa_wm_pusht,12,1,fidelity_constrained_matched_geometry__seed11437,fidelity_constrained_matched_geometry,11437,6,0.06438034772872925
PushT,jepa_wm_pusht,13,1,fidelity_constrained_matched_geometry__seed11437,fidelity_constrained_matched_geometry,11437,1,0.06190131977200508
PushT,jepa_wm_pusht,13,1,fidelity_constrained_matched_geometry__seed11437,fidelity_constrained_matched_geometry,11437,3,0.07166606932878494
PushT,jepa_wm_pusht,13,1,fidelity_constrained_matched_geometry__seed11437,fidelity_constrained_matched_geometry,11437,6,0.06995747983455658
PushT,jepa_wm_pusht,14,1,fidelity_constrained_matched_geometry__seed11437,fidelity_constrained_matched_geometry,11437,1,0.018987728282809258
PushT,jepa_wm_pusht,14,1,fidelity_constrained_matched_geometry__seed11437,fidelity_constrained_matched_geometry,11437,3,0.036185313016176224
PushT,jepa_wm_pusht,14,1,fidelity_constrained_matched_geometry__seed11437,fidelity_constrained_matched_geometry,11437,6,0.04395841807126999
PushT,jepa_wm_pusht,15,1,fidelity_constrained_matched_geometry__seed11437,fidelity_constrained_matched_geometry,11437,1,0.021046359091997147
PushT,jepa_wm_pusht,15,1,fidelity_constrained_matched_geometry__seed11437,fidelity_constrained_matched_geometry,11437,3,0.05245402827858925
PushT,jepa_wm_pusht,15,1,fidelity_constrained_matched_geometry__seed11437,fidelity_constrained_matched_geometry,11437,6,0.0590151883661747
PushT,jepa_wm_pusht,16,2,fidelity_constrained_matched_geometry__seed11437,fidelity_constrained_matched_geometry,11437,1,0.05627908930182457
PushT,jepa_wm_pusht,16,2,fidelity_constrained_matched_geometry__seed11437,fidelity_constrained_matched_geometry,11437,3,0.11927313357591629
PushT,jepa_wm_pusht,16,2,fidelity_constrained_matched_geometry__seed11437,fidelity_constrained_matched_geometry,11437,6,0.12710067629814148
PushT,jepa_wm_pusht,17,2,fidelity_constrained_matched_geometry__seed11437,fidelity_constrained_matched_geometry,11437,1,0.029644327238202095
PushT,jepa_wm_pusht,17,2,fidelity_constrained_matched_geometry__seed11437,fidelity_constrained_matched_geometry,11437,3,0.054399486631155014
PushT,jepa_wm_pusht,17,2,fidelity_constrained_matched_geometry__seed11437,fidelity_constrained_matched_geometry,11437,6,0.06752828508615494
PushT,jepa_wm_pusht,18,2,fidelity_constrained_matched_geometry__seed11437,fidelity_constrained_matched_geometry,11437,1,0.01915319450199604
PushT,jepa_wm_pusht,18,2,fidelity_constrained_matched_geometry__seed11437,fidelity_constrained_matched_geometry,11437,3,0.03551514819264412
PushT,jepa_wm_pusht,18,2,fidelity_constrained_matched_geometry__seed11437,fidelity_constrained_matched_geometry,11437,6,0.04601864144206047
PushT,jepa_wm_pusht,19,2,fidelity_constrained_matched_geometry__seed11437,fidelity_constrained_matched_geometry,11437,1,0.02973303571343422
PushT,jepa_wm_pusht,19,2,fidelity_constrained_matched_geometry__seed11437,fidelity_constrained_matched_geometry,11437,3,0.04293975234031677
PushT,jepa_wm_pusht,19,2,fidelity_constrained_matched_geometry__seed11437,fidelity_constrained_matched_geometry,11437,6,0.0485057458281517
PushT,jepa_wm_pusht,20,2,fidelity_constrained_matched_geometry__seed11437,fidelity_constrained_matched_geometry,11437,1,0.03403182700276375
PushT,jepa_wm_pusht,20,2,fidelity_constrained_matched_geometry__seed11437,fidelity_constrained_matched_geometry,11437,3,0.04364670813083649
PushT,jepa_wm_pusht,20,2,fidelity_constrained_matched_geometry__seed11437,fidelity_constrained_matched_geometry,11437,6,0.05328599736094475
PushT,jepa_wm_pusht,21,2,fidelity_constrained_matched_geometry__seed11437,fidelity_constrained_matched_geometry,11437,1,0.026527434587478638
PushT,jepa_wm_pusht,21,2,fidelity_constrained_matched_geometry__seed11437,fidelity_constrained_matched_geometry,11437,3,0.04939371719956398
PushT,jepa_wm_pusht,21,2,fidelity_constrained_matched_geometry__seed11437,fidelity_constrained_matched_geometry,11437,6,0.05958458036184311
PushT,jepa_wm_pusht,22,2,fidelity_constrained_matched_geometry__seed11437,fidelity_constrained_matched_geometry,11437,1,0.019922111183404922
PushT,jepa_wm_pusht,22,2,fidelity_constrained_matched_geometry__seed11437,fidelity_constrained_matched_geometry,11437,3,0.057566531002521515
PushT,jepa_wm_pusht,22,2,fidelity_constrained_matched_geometry__seed11437,fidelity_constrained_matched_geometry,11437,6,0.050572045147418976
PushT,jepa_wm_pusht,23,2,fidelity_constrained_matched_geometry__seed11437,fidelity_constrained_matched_geometry,11437,1,0.030249232426285744
PushT,jepa_wm_pusht,23,2,fidelity_constrained_matched_geometry__seed11437,fidelity_constrained_matched_geometry,11437,3,0.034129586070775986
PushT,jepa_wm_pusht,23,2,fidelity_constrained_matched_geometry__seed11437,fidelity_constrained_matched_geometry,11437,6,0.04607238620519638
PushT,jepa_wm_pusht,48,6,fidelity_constrained_matched_geometry__seed11437,fidelity_constrained_matched_geometry,11437,1,0.08861766010522842
PushT,jepa_wm_pusht,48,6,fidelity_constrained_matched_geometry__seed11437,fidelity_constrained_matched_geometry,11437,3,0.04873070865869522
PushT,jepa_wm_pusht,48,6,fidelity_constrained_matched_geometry__seed11437,fidelity_constrained_matched_geometry,11437,6,0.05113492161035538
PushT,jepa_wm_pusht,49,6,fidelity_constrained_matched_geometry__seed11437,fidelity_constrained_matched_geometry,11437,1,0.044008538126945496
PushT,jepa_wm_pusht,49,6,fidelity_constrained_matched_geometry__seed11437,fidelity_constrained_matched_geometry,11437,3,0.05164742469787598
PushT,jepa_wm_pusht,49,6,fidelity_constrained_matched_geometry__seed11437,fidelity_constrained_matched_geometry,11437,6,0.042339496314525604
PushT,jepa_wm_pusht,50,6,fidelity_constrained_matched_geometry__seed11437,fidelity_constrained_matched_geometry,11437,1,0.03956689313054085
PushT,jepa_wm_pusht,50,6,fidelity_constrained_matched_geometry__seed11437,fidelity_constrained_matched_geometry,11437,3,0.05460565537214279
PushT,jepa_wm_pusht,50,6,fidelity_constrained_matched_geometry__seed11437,fidelity_constrained_matched_geometry,11437,6,0.082313671708107
PushT,jepa_wm_pusht,51,6,fidelity_constrained_matched_geometry__seed11437,fidelity_constrained_matched_geometry,11437,1,0.04621482267975807
PushT,jepa_wm_pusht,51,6,fidelity_constrained_matched_geometry__seed11437,fidelity_constrained_matched_geometry,11437,3,0.050052762031555176
PushT,jepa_wm_pusht,51,6,fidelity_constrained_matched_geometry__seed11437,fidelity_constrained_matched_geometry,11437,6,0.05377264320850372
PushT,jepa_wm_pusht,52,6,fidelity_constrained_matched_geometry__seed11437,fidelity_constrained_matched_geometry,11437,1,0.021049341186881065
PushT,jepa_wm_pusht,52,6,fidelity_constrained_matched_geometry__seed11437,fidelity_constrained_matched_geometry,11437,3,0.038900069892406464
PushT,jepa_wm_pusht,52,6,fidelity_constrained_matched_geometry__seed11437,fidelity_constrained_matched_geometry,11437,6,0.04684239625930786
PushT,jepa_wm_pusht,53,6,fidelity_constrained_matched_geometry__seed11437,fidelity_constrained_matched_geometry,11437,1,0.037827152758836746
PushT,jepa_wm_pusht,53,6,fidelity_constrained_matched_geometry__seed11437,fidelity_constrained_matched_geometry,11437,3,0.04298737272620201
PushT,jepa_wm_pusht,53,6,fidelity_constrained_matched_geometry__seed11437,fidelity_constrained_matched_geometry,11437,6,0.05579252541065216
PushT,jepa_wm_pusht,54,6,fidelity_constrained_matched_geometry__seed11437,fidelity_constrained_matched_geometry,11437,1,0.07971430569887161
PushT,jepa_wm_pusht,54,6,fidelity_constrained_matched_geometry__seed11437,fidelity_constrained_matched_geometry,11437,3,0.11548154056072235
PushT,jepa_wm_pusht,54,6,fidelity_constrained_matched_geometry__seed11437,fidelity_constrained_matched_geometry,11437,6,0.1316530704498291
PushT,jepa_wm_pusht,55,6,fidelity_constrained_matched_geometry__seed11437,fidelity_constrained_matched_geometry,11437,1,0.02641766145825386
PushT,jepa_wm_pusht,55,6,fidelity_constrained_matched_geometry__seed11437,fidelity_constrained_matched_geometry,11437,3,0.06106293573975563
PushT,jepa_wm_pusht,55,6,fidelity_constrained_matched_geometry__seed11437,fidelity_constrained_matched_geometry,11437,6,0.05759734660387039
Wall,jepa_wm_wall,8,1,frozen,frozen,-1,1,0.18163539469242096
Wall,jepa_wm_wall,8,1,frozen,frozen,-1,3,0.24956461787223816
Wall,jepa_wm_wall,8,1,frozen,frozen,-1,6,0.2461923062801361
Wall,jepa_wm_wall,9,1,frozen,frozen,-1,1,0.12509046494960785
Wall,jepa_wm_wall,9,1,frozen,frozen,-1,3,0.24802018702030182
Wall,jepa_wm_wall,9,1,frozen,frozen,-1,6,0.249117910861969
Wall,jepa_wm_wall,10,1,frozen,frozen,-1,1,0.16781273484230042
Wall,jepa_wm_wall,10,1,frozen,frozen,-1,3,0.26846182346343994
Wall,jepa_wm_wall,10,1,frozen,frozen,-1,6,0.260271817445755
Wall,jepa_wm_wall,11,1,frozen,frozen,-1,1,0.1295298933982849
Wall,jepa_wm_wall,11,1,frozen,frozen,-1,3,0.27998030185699463
Wall,jepa_wm_wall,11,1,frozen,frozen,-1,6,0.2656834125518799
Wall,jepa_wm_wall,12,1,frozen,frozen,-1,1,0.12557493150234222
Wall,jepa_wm_wall,12,1,frozen,frozen,-1,3,0.24169042706489563
Wall,jepa_wm_wall,12,1,frozen,frozen,-1,6,0.2741686701774597
Wall,jepa_wm_wall,13,1,frozen,frozen,-1,1,0.15678806602954865
Wall,jepa_wm_wall,13,1,frozen,frozen,-1,3,0.2410159856081009
Wall,jepa_wm_wall,13,1,frozen,frozen,-1,6,0.25146692991256714
Wall,jepa_wm_wall,14,1,frozen,frozen,-1,1,0.11994487047195435
Wall,jepa_wm_wall,14,1,frozen,frozen,-1,3,0.2816717028617859
Wall,jepa_wm_wall,14,1,frozen,frozen,-1,6,0.2405790090560913
Wall,jepa_wm_wall,15,1,frozen,frozen,-1,1,0.14706890285015106
Wall,jepa_wm_wall,15,1,frozen,frozen,-1,3,0.3024957478046417
Wall,jepa_wm_wall,15,1,frozen,frozen,-1,6,0.28746312856674194
Wall,jepa_wm_wall,16,2,frozen,frozen,-1,1,0.16529376804828644
Wall,jepa_wm_wall,16,2,frozen,frozen,-1,3,0.307748943567276
Wall,jepa_wm_wall,16,2,frozen,frozen,-1,6,0.3632548451423645
Wall,jepa_wm_wall,17,2,frozen,frozen,-1,1,0.17818689346313477
Wall,jepa_wm_wall,17,2,frozen,frozen,-1,3,0.2885800898075104
Wall,jepa_wm_wall,17,2,frozen,frozen,-1,6,0.3557746708393097
Wall,jepa_wm_wall,18,2,frozen,frozen,-1,1,0.16364218294620514
Wall,jepa_wm_wall,18,2,frozen,frozen,-1,3,0.2360246479511261
Wall,jepa_wm_wall,18,2,frozen,frozen,-1,6,0.3342507779598236
Wall,jepa_wm_wall,19,2,frozen,frozen,-1,1,0.20641684532165527
Wall,jepa_wm_wall,19,2,frozen,frozen,-1,3,0.32022958993911743
Wall,jepa_wm_wall,19,2,frozen,frozen,-1,6,0.35319870710372925
Wall,jepa_wm_wall,20,2,frozen,frozen,-1,1,0.19538110494613647
Wall,jepa_wm_wall,20,2,frozen,frozen,-1,3,0.3153989017009735
Wall,jepa_wm_wall,20,2,frozen,frozen,-1,6,0.3481871485710144
Wall,jepa_wm_wall,21,2,frozen,frozen,-1,1,0.16327837109565735
Wall,jepa_wm_wall,21,2,frozen,frozen,-1,3,0.26187896728515625
Wall,jepa_wm_wall,21,2,frozen,frozen,-1,6,0.3371407389640808
Wall,jepa_wm_wall,22,2,frozen,frozen,-1,1,0.18065589666366577
Wall,jepa_wm_wall,22,2,frozen,frozen,-1,3,0.2874952554702759
Wall,jepa_wm_wall,22,2,frozen,frozen,-1,6,0.3574832081794739
Wall,jepa_wm_wall,23,2,frozen,frozen,-1,1,0.16254019737243652
Wall,jepa_wm_wall,23,2,frozen,frozen,-1,3,0.29619187116622925
Wall,jepa_wm_wall,23,2,frozen,frozen,-1,6,0.34477749466896057
Wall,jepa_wm_wall,48,6,frozen,frozen,-1,1,0.22123287618160248
Wall,jepa_wm_wall,48,6,frozen,frozen,-1,3,0.39892181754112244
Wall,jepa_wm_wall,48,6,frozen,frozen,-1,6,0.4322173595428467
Wall,jepa_wm_wall,49,6,frozen,frozen,-1,1,0.21516846120357513
Wall,jepa_wm_wall,49,6,frozen,frozen,-1,3,0.4038798213005066
Wall,jepa_wm_wall,49,6,frozen,frozen,-1,6,0.4266209006309509
Wall,jepa_wm_wall,50,6,frozen,frozen,-1,1,0.2221996784210205
Wall,jepa_wm_wall,50,6,frozen,frozen,-1,3,0.37928932905197144
Wall,jepa_wm_wall,50,6,frozen,frozen,-1,6,0.4343102276325226
Wall,jepa_wm_wall,51,6,frozen,frozen,-1,1,0.2425987720489502
Wall,jepa_wm_wall,51,6,frozen,frozen,-1,3,0.38227224349975586
Wall,jepa_wm_wall,51,6,frozen,frozen,-1,6,0.420322984457016
Wall,jepa_wm_wall,52,6,frozen,frozen,-1,1,0.21909727156162262
Wall,jepa_wm_wall,52,6,frozen,frozen,-1,3,0.386377215385437
Wall,jepa_wm_wall,52,6,frozen,frozen,-1,6,0.430467426776886
Wall,jepa_wm_wall,53,6,frozen,frozen,-1,1,0.19996996223926544
Wall,jepa_wm_wall,53,6,frozen,frozen,-1,3,0.37982308864593506
Wall,jepa_wm_wall,53,6,frozen,frozen,-1,6,0.4340800940990448
Wall,jepa_wm_wall,54,6,frozen,frozen,-1,1,0.23973117768764496
Wall,jepa_wm_wall,54,6,frozen,frozen,-1,3,0.39410707354545593
Wall,jepa_wm_wall,54,6,frozen,frozen,-1,6,0.4469086229801178
Wall,jepa_wm_wall,55,6,frozen,frozen,-1,1,0.20410196483135223
Wall,jepa_wm_wall,55,6,frozen,frozen,-1,3,0.3787933588027954
Wall,jepa_wm_wall,55,6,frozen,frozen,-1,6,0.44625213742256165
Wall,jepa_wm_wall,8,1,fidelity_constrained_latent_only__seed11401,fidelity_constrained_latent_only,11401,1,0.1203598901629448
Wall,jepa_wm_wall,8,1,fidelity_constrained_latent_only__seed11401,fidelity_constrained_latent_only,11401,3,0.17984434962272644
Wall,jepa_wm_wall,8,1,fidelity_constrained_latent_only__seed11401,fidelity_constrained_latent_only,11401,6,0.1924147754907608
Wall,jepa_wm_wall,9,1,fidelity_constrained_latent_only__seed11401,fidelity_constrained_latent_only,11401,1,0.07298358529806137
Wall,jepa_wm_wall,9,1,fidelity_constrained_latent_only__seed11401,fidelity_constrained_latent_only,11401,3,0.16337597370147705
Wall,jepa_wm_wall,9,1,fidelity_constrained_latent_only__seed11401,fidelity_constrained_latent_only,11401,6,0.18060095608234406
Wall,jepa_wm_wall,10,1,fidelity_constrained_latent_only__seed11401,fidelity_constrained_latent_only,11401,1,0.11209550499916077
Wall,jepa_wm_wall,10,1,fidelity_constrained_latent_only__seed11401,fidelity_constrained_latent_only,11401,3,0.19367201626300812
Wall,jepa_wm_wall,10,1,fidelity_constrained_latent_only__seed11401,fidelity_constrained_latent_only,11401,6,0.20363743603229523
Wall,jepa_wm_wall,11,1,fidelity_constrained_latent_only__seed11401,fidelity_constrained_latent_only,11401,1,0.08134925365447998
Wall,jepa_wm_wall,11,1,fidelity_constrained_latent_only__seed11401,fidelity_constrained_latent_only,11401,3,0.19733890891075134
Wall,jepa_wm_wall,11,1,fidelity_constrained_latent_only__seed11401,fidelity_constrained_latent_only,11401,6,0.2021976262331009
Wall,jepa_wm_wall,12,1,fidelity_constrained_latent_only__seed11401,fidelity_constrained_latent_only,11401,1,0.07529406994581223
Wall,jepa_wm_wall,12,1,fidelity_constrained_latent_only__seed11401,fidelity_constrained_latent_only,11401,3,0.15712448954582214
Wall,jepa_wm_wall,12,1,fidelity_constrained_latent_only__seed11401,fidelity_constrained_latent_only,11401,6,0.20447489619255066
Wall,jepa_wm_wall,13,1,fidelity_constrained_latent_only__seed11401,fidelity_constrained_latent_only,11401,1,0.09055572748184204
Wall,jepa_wm_wall,13,1,fidelity_constrained_latent_only__seed11401,fidelity_constrained_latent_only,11401,3,0.1626940816640854
Wall,jepa_wm_wall,13,1,fidelity_constrained_latent_only__seed11401,fidelity_constrained_latent_only,11401,6,0.2094375342130661
Wall,jepa_wm_wall,14,1,fidelity_constrained_latent_only__seed11401,fidelity_constrained_latent_only,11401,1,0.07195566594600677
Wall,jepa_wm_wall,14,1,fidelity_constrained_latent_only__seed11401,fidelity_constrained_latent_only,11401,3,0.1924319565296173
Wall,jepa_wm_wall,14,1,fidelity_constrained_latent_only__seed11401,fidelity_constrained_latent_only,11401,6,0.18126368522644043
Wall,jepa_wm_wall,15,1,fidelity_constrained_latent_only__seed11401,fidelity_constrained_latent_only,11401,1,0.08450000733137131
Wall,jepa_wm_wall,15,1,fidelity_constrained_latent_only__seed11401,fidelity_constrained_latent_only,11401,3,0.20803725719451904
Wall,jepa_wm_wall,15,1,fidelity_constrained_latent_only__seed11401,fidelity_constrained_latent_only,11401,6,0.22145593166351318
Wall,jepa_wm_wall,16,2,fidelity_constrained_latent_only__seed11401,fidelity_constrained_latent_only,11401,1,0.11524930596351624
Wall,jepa_wm_wall,16,2,fidelity_constrained_latent_only__seed11401,fidelity_constrained_latent_only,11401,3,0.24041059613227844
Wall,jepa_wm_wall,16,2,fidelity_constrained_latent_only__seed11401,fidelity_constrained_latent_only,11401,6,0.29997938871383667
Wall,jepa_wm_wall,17,2,fidelity_constrained_latent_only__seed11401,fidelity_constrained_latent_only,11401,1,0.1237683817744255
Wall,jepa_wm_wall,17,2,fidelity_constrained_latent_only__seed11401,fidelity_constrained_latent_only,11401,3,0.21067506074905396
Wall,jepa_wm_wall,17,2,fidelity_constrained_latent_only__seed11401,fidelity_constrained_latent_only,11401,6,0.2804209887981415
Wall,jepa_wm_wall,18,2,fidelity_constrained_latent_only__seed11401,fidelity_constrained_latent_only,11401,1,0.11346550285816193
Wall,jepa_wm_wall,18,2,fidelity_constrained_latent_only__seed11401,fidelity_constrained_latent_only,11401,3,0.16913354396820068
Wall,jepa_wm_wall,18,2,fidelity_constrained_latent_only__seed11401,fidelity_constrained_latent_only,11401,6,0.21582189202308655
Wall,jepa_wm_wall,19,2,fidelity_constrained_latent_only__seed11401,fidelity_constrained_latent_only,11401,1,0.1533452421426773
Wall,jepa_wm_wall,19,2,fidelity_constrained_latent_only__seed11401,fidelity_constrained_latent_only,11401,3,0.24616284668445587
Wall,jepa_wm_wall,19,2,fidelity_constrained_latent_only__seed11401,fidelity_constrained_latent_only,11401,6,0.2807551324367523
Wall,jepa_wm_wall,20,2,fidelity_constrained_latent_only__seed11401,fidelity_constrained_latent_only,11401,1,0.1362917721271515
Wall,jepa_wm_wall,20,2,fidelity_constrained_latent_only__seed11401,fidelity_constrained_latent_only,11401,3,0.25067800283432007
Wall,jepa_wm_wall,20,2,fidelity_constrained_latent_only__seed11401,fidelity_constrained_latent_only,11401,6,0.2910125255584717
Wall,jepa_wm_wall,21,2,fidelity_constrained_latent_only__seed11401,fidelity_constrained_latent_only,11401,1,0.11160415410995483
Wall,jepa_wm_wall,21,2,fidelity_constrained_latent_only__seed11401,fidelity_constrained_latent_only,11401,3,0.18887139856815338
Wall,jepa_wm_wall,21,2,fidelity_constrained_latent_only__seed11401,fidelity_constrained_latent_only,11401,6,0.2714496850967407
Wall,jepa_wm_wall,22,2,fidelity_constrained_latent_only__seed11401,fidelity_constrained_latent_only,11401,1,0.12594211101531982
Wall,jepa_wm_wall,22,2,fidelity_constrained_latent_only__seed11401,fidelity_constrained_latent_only,11401,3,0.21108819544315338
Wall,jepa_wm_wall,22,2,fidelity_constrained_latent_only__seed11401,fidelity_constrained_latent_only,11401,6,0.28128892183303833
Wall,jepa_wm_wall,23,2,fidelity_constrained_latent_only__seed11401,fidelity_constrained_latent_only,11401,1,0.11414709687232971
Wall,jepa_wm_wall,23,2,fidelity_constrained_latent_only__seed11401,fidelity_constrained_latent_only,11401,3,0.23012575507164001
Wall,jepa_wm_wall,23,2,fidelity_constrained_latent_only__seed11401,fidelity_constrained_latent_only,11401,6,0.2836994230747223
Wall,jepa_wm_wall,48,6,fidelity_constrained_latent_only__seed11401,fidelity_constrained_latent_only,11401,1,0.138412743806839
Wall,jepa_wm_wall,48,6,fidelity_constrained_latent_only__seed11401,fidelity_constrained_latent_only,11401,3,0.26118430495262146
Wall,jepa_wm_wall,48,6,fidelity_constrained_latent_only__seed11401,fidelity_constrained_latent_only,11401,6,0.30819469690322876
Wall,jepa_wm_wall,49,6,fidelity_constrained_latent_only__seed11401,fidelity_constrained_latent_only,11401,1,0.13798564672470093
Wall,jepa_wm_wall,49,6,fidelity_constrained_latent_only__seed11401,fidelity_constrained_latent_only,11401,3,0.26235994696617126
Wall,jepa_wm_wall,49,6,fidelity_constrained_latent_only__seed11401,fidelity_constrained_latent_only,11401,6,0.3044796288013458
Wall,jepa_wm_wall,50,6,fidelity_constrained_latent_only__seed11401,fidelity_constrained_latent_only,11401,1,0.13835567235946655
Wall,jepa_wm_wall,50,6,fidelity_constrained_latent_only__seed11401,fidelity_constrained_latent_only,11401,3,0.25147998332977295
Wall,jepa_wm_wall,50,6,fidelity_constrained_latent_only__seed11401,fidelity_constrained_latent_only,11401,6,0.3037300407886505
Wall,jepa_wm_wall,51,6,fidelity_constrained_latent_only__seed11401,fidelity_constrained_latent_only,11401,1,0.15660664439201355
Wall,jepa_wm_wall,51,6,fidelity_constrained_latent_only__seed11401,fidelity_constrained_latent_only,11401,3,0.247689351439476
Wall,jepa_wm_wall,51,6,fidelity_constrained_latent_only__seed11401,fidelity_constrained_latent_only,11401,6,0.2880313992500305
Wall,jepa_wm_wall,52,6,fidelity_constrained_latent_only__seed11401,fidelity_constrained_latent_only,11401,1,0.12813150882720947
Wall,jepa_wm_wall,52,6,fidelity_constrained_latent_only__seed11401,fidelity_constrained_latent_only,11401,3,0.2490222156047821
Wall,jepa_wm_wall,52,6,fidelity_constrained_latent_only__seed11401,fidelity_constrained_latent_only,11401,6,0.29186880588531494
Wall,jepa_wm_wall,53,6,fidelity_constrained_latent_only__seed11401,fidelity_constrained_latent_only,11401,1,0.1250537484884262
Wall,jepa_wm_wall,53,6,fidelity_constrained_latent_only__seed11401,fidelity_constrained_latent_only,11401,3,0.24412594735622406
Wall,jepa_wm_wall,53,6,fidelity_constrained_latent_only__seed11401,fidelity_constrained_latent_only,11401,6,0.3060954511165619
Wall,jepa_wm_wall,54,6,fidelity_constrained_latent_only__seed11401,fidelity_constrained_latent_only,11401,1,0.14978186786174774
Wall,jepa_wm_wall,54,6,fidelity_constrained_latent_only__seed11401,fidelity_constrained_latent_only,11401,3,0.265908420085907
Wall,jepa_wm_wall,54,6,fidelity_constrained_latent_only__seed11401,fidelity_constrained_latent_only,11401,6,0.3138884902000427
Wall,jepa_wm_wall,55,6,fidelity_constrained_latent_only__seed11401,fidelity_constrained_latent_only,11401,1,0.12603159248828888
Wall,jepa_wm_wall,55,6,fidelity_constrained_latent_only__seed11401,fidelity_constrained_latent_only,11401,3,0.23972463607788086
Wall,jepa_wm_wall,55,6,fidelity_constrained_latent_only__seed11401,fidelity_constrained_latent_only,11401,6,0.30019086599349976
Wall,jepa_wm_wall,8,1,fidelity_constrained_shuffled_geometry__seed11401,fidelity_constrained_shuffled_geometry,11401,1,0.18464016914367676
Wall,jepa_wm_wall,8,1,fidelity_constrained_shuffled_geometry__seed11401,fidelity_constrained_shuffled_geometry,11401,3,0.24401935935020447
Wall,jepa_wm_wall,8,1,fidelity_constrained_shuffled_geometry__seed11401,fidelity_constrained_shuffled_geometry,11401,6,0.2389264553785324
Wall,jepa_wm_wall,9,1,fidelity_constrained_shuffled_geometry__seed11401,fidelity_constrained_shuffled_geometry,11401,1,0.13015764951705933
Wall,jepa_wm_wall,9,1,fidelity_constrained_shuffled_geometry__seed11401,fidelity_constrained_shuffled_geometry,11401,3,0.24404625594615936
Wall,jepa_wm_wall,9,1,fidelity_constrained_shuffled_geometry__seed11401,fidelity_constrained_shuffled_geometry,11401,6,0.24387548863887787
Wall,jepa_wm_wall,10,1,fidelity_constrained_shuffled_geometry__seed11401,fidelity_constrained_shuffled_geometry,11401,1,0.16905029118061066
Wall,jepa_wm_wall,10,1,fidelity_constrained_shuffled_geometry__seed11401,fidelity_constrained_shuffled_geometry,11401,3,0.2609427273273468
Wall,jepa_wm_wall,10,1,fidelity_constrained_shuffled_geometry__seed11401,fidelity_constrained_shuffled_geometry,11401,6,0.2526027262210846
Wall,jepa_wm_wall,11,1,fidelity_constrained_shuffled_geometry__seed11401,fidelity_constrained_shuffled_geometry,11401,1,0.1371787190437317
Wall,jepa_wm_wall,11,1,fidelity_constrained_shuffled_geometry__seed11401,fidelity_constrained_shuffled_geometry,11401,3,0.2682463824748993
Wall,jepa_wm_wall,11,1,fidelity_constrained_shuffled_geometry__seed11401,fidelity_constrained_shuffled_geometry,11401,6,0.2593076825141907
Wall,jepa_wm_wall,12,1,fidelity_constrained_shuffled_geometry__seed11401,fidelity_constrained_shuffled_geometry,11401,1,0.1324470490217209
Wall,jepa_wm_wall,12,1,fidelity_constrained_shuffled_geometry__seed11401,fidelity_constrained_shuffled_geometry,11401,3,0.2398756742477417
Wall,jepa_wm_wall,12,1,fidelity_constrained_shuffled_geometry__seed11401,fidelity_constrained_shuffled_geometry,11401,6,0.24334771931171417
Wall,jepa_wm_wall,13,1,fidelity_constrained_shuffled_geometry__seed11401,fidelity_constrained_shuffled_geometry,11401,1,0.1589503139257431
Wall,jepa_wm_wall,13,1,fidelity_constrained_shuffled_geometry__seed11401,fidelity_constrained_shuffled_geometry,11401,3,0.22804728150367737
Wall,jepa_wm_wall,13,1,fidelity_constrained_shuffled_geometry__seed11401,fidelity_constrained_shuffled_geometry,11401,6,0.24303707480430603
Wall,jepa_wm_wall,14,1,fidelity_constrained_shuffled_geometry__seed11401,fidelity_constrained_shuffled_geometry,11401,1,0.12662380933761597
Wall,jepa_wm_wall,14,1,fidelity_constrained_shuffled_geometry__seed11401,fidelity_constrained_shuffled_geometry,11401,3,0.2651246190071106
Wall,jepa_wm_wall,14,1,fidelity_constrained_shuffled_geometry__seed11401,fidelity_constrained_shuffled_geometry,11401,6,0.23520050942897797
Wall,jepa_wm_wall,15,1,fidelity_constrained_shuffled_geometry__seed11401,fidelity_constrained_shuffled_geometry,11401,1,0.14776284992694855
Wall,jepa_wm_wall,15,1,fidelity_constrained_shuffled_geometry__seed11401,fidelity_constrained_shuffled_geometry,11401,3,0.2860047519207001
Wall,jepa_wm_wall,15,1,fidelity_constrained_shuffled_geometry__seed11401,fidelity_constrained_shuffled_geometry,11401,6,0.2513919472694397
Wall,jepa_wm_wall,16,2,fidelity_constrained_shuffled_geometry__seed11401,fidelity_constrained_shuffled_geometry,11401,1,0.1666051298379898
Wall,jepa_wm_wall,16,2,fidelity_constrained_shuffled_geometry__seed11401,fidelity_constrained_shuffled_geometry,11401,3,0.3011838495731354
Wall,jepa_wm_wall,16,2,fidelity_constrained_shuffled_geometry__seed11401,fidelity_constrained_shuffled_geometry,11401,6,0.35127824544906616
Wall,jepa_wm_wall,17,2,fidelity_constrained_shuffled_geometry__seed11401,fidelity_constrained_shuffled_geometry,11401,1,0.17621877789497375
Wall,jepa_wm_wall,17,2,fidelity_constrained_shuffled_geometry__seed11401,fidelity_constrained_shuffled_geometry,11401,3,0.27166104316711426
Wall,jepa_wm_wall,17,2,fidelity_constrained_shuffled_geometry__seed11401,fidelity_constrained_shuffled_geometry,11401,6,0.3383643329143524
Wall,jepa_wm_wall,18,2,fidelity_constrained_shuffled_geometry__seed11401,fidelity_constrained_shuffled_geometry,11401,1,0.1664735972881317
Wall,jepa_wm_wall,18,2,fidelity_constrained_shuffled_geometry__seed11401,fidelity_constrained_shuffled_geometry,11401,3,0.2325739562511444
Wall,jepa_wm_wall,18,2,fidelity_constrained_shuffled_geometry__seed11401,fidelity_constrained_shuffled_geometry,11401,6,0.3294124901294708
Wall,jepa_wm_wall,19,2,fidelity_constrained_shuffled_geometry__seed11401,fidelity_constrained_shuffled_geometry,11401,1,0.20560118556022644
Wall,jepa_wm_wall,19,2,fidelity_constrained_shuffled_geometry__seed11401,fidelity_constrained_shuffled_geometry,11401,3,0.31226685643196106
Wall,jepa_wm_wall,19,2,fidelity_constrained_shuffled_geometry__seed11401,fidelity_constrained_shuffled_geometry,11401,6,0.3432474136352539
Wall,jepa_wm_wall,20,2,fidelity_constrained_shuffled_geometry__seed11401,fidelity_constrained_shuffled_geometry,11401,1,0.19304397702217102
Wall,jepa_wm_wall,20,2,fidelity_constrained_shuffled_geometry__seed11401,fidelity_constrained_shuffled_geometry,11401,3,0.3022678792476654
Wall,jepa_wm_wall,20,2,fidelity_constrained_shuffled_geometry__seed11401,fidelity_constrained_shuffled_geometry,11401,6,0.3379272520542145
Wall,jepa_wm_wall,21,2,fidelity_constrained_shuffled_geometry__seed11401,fidelity_constrained_shuffled_geometry,11401,1,0.16423919796943665
Wall,jepa_wm_wall,21,2,fidelity_constrained_shuffled_geometry__seed11401,fidelity_constrained_shuffled_geometry,11401,3,0.25466009974479675
Wall,jepa_wm_wall,21,2,fidelity_constrained_shuffled_geometry__seed11401,fidelity_constrained_shuffled_geometry,11401,6,0.32664811611175537
Wall,jepa_wm_wall,22,2,fidelity_constrained_shuffled_geometry__seed11401,fidelity_constrained_shuffled_geometry,11401,1,0.17924250662326813
Wall,jepa_wm_wall,22,2,fidelity_constrained_shuffled_geometry__seed11401,fidelity_constrained_shuffled_geometry,11401,3,0.2715432047843933
Wall,jepa_wm_wall,22,2,fidelity_constrained_shuffled_geometry__seed11401,fidelity_constrained_shuffled_geometry,11401,6,0.34025874733924866
Wall,jepa_wm_wall,23,2,fidelity_constrained_shuffled_geometry__seed11401,fidelity_constrained_shuffled_geometry,11401,1,0.16531877219676971
Wall,jepa_wm_wall,23,2,fidelity_constrained_shuffled_geometry__seed11401,fidelity_constrained_shuffled_geometry,11401,3,0.2872529625892639
Wall,jepa_wm_wall,23,2,fidelity_constrained_shuffled_geometry__seed11401,fidelity_constrained_shuffled_geometry,11401,6,0.33971738815307617
Wall,jepa_wm_wall,48,6,fidelity_constrained_shuffled_geometry__seed11401,fidelity_constrained_shuffled_geometry,11401,1,0.2231091558933258
Wall,jepa_wm_wall,48,6,fidelity_constrained_shuffled_geometry__seed11401,fidelity_constrained_shuffled_geometry,11401,3,0.39977169036865234
Wall,jepa_wm_wall,48,6,fidelity_constrained_shuffled_geometry__seed11401,fidelity_constrained_shuffled_geometry,11401,6,0.4194986820220947
Wall,jepa_wm_wall,49,6,fidelity_constrained_shuffled_geometry__seed11401,fidelity_constrained_shuffled_geometry,11401,1,0.21831576526165009
Wall,jepa_wm_wall,49,6,fidelity_constrained_shuffled_geometry__seed11401,fidelity_constrained_shuffled_geometry,11401,3,0.4050235450267792
Wall,jepa_wm_wall,49,6,fidelity_constrained_shuffled_geometry__seed11401,fidelity_constrained_shuffled_geometry,11401,6,0.41596540808677673
Wall,jepa_wm_wall,50,6,fidelity_constrained_shuffled_geometry__seed11401,fidelity_constrained_shuffled_geometry,11401,1,0.22501060366630554
Wall,jepa_wm_wall,50,6,fidelity_constrained_shuffled_geometry__seed11401,fidelity_constrained_shuffled_geometry,11401,3,0.3872610330581665
Wall,jepa_wm_wall,50,6,fidelity_constrained_shuffled_geometry__seed11401,fidelity_constrained_shuffled_geometry,11401,6,0.42320388555526733
Wall,jepa_wm_wall,51,6,fidelity_constrained_shuffled_geometry__seed11401,fidelity_constrained_shuffled_geometry,11401,1,0.24646708369255066
Wall,jepa_wm_wall,51,6,fidelity_constrained_shuffled_geometry__seed11401,fidelity_constrained_shuffled_geometry,11401,3,0.38516002893447876
Wall,jepa_wm_wall,51,6,fidelity_constrained_shuffled_geometry__seed11401,fidelity_constrained_shuffled_geometry,11401,6,0.41137728095054626
Wall,jepa_wm_wall,52,6,fidelity_constrained_shuffled_geometry__seed11401,fidelity_constrained_shuffled_geometry,11401,1,0.218891903758049
Wall,jepa_wm_wall,52,6,fidelity_constrained_shuffled_geometry__seed11401,fidelity_constrained_shuffled_geometry,11401,3,0.38677000999450684
Wall,jepa_wm_wall,52,6,fidelity_constrained_shuffled_geometry__seed11401,fidelity_constrained_shuffled_geometry,11401,6,0.4177900552749634
Wall,jepa_wm_wall,53,6,fidelity_constrained_shuffled_geometry__seed11401,fidelity_constrained_shuffled_geometry,11401,1,0.2068386822938919
Wall,jepa_wm_wall,53,6,fidelity_constrained_shuffled_geometry__seed11401,fidelity_constrained_shuffled_geometry,11401,3,0.3820789158344269
Wall,jepa_wm_wall,53,6,fidelity_constrained_shuffled_geometry__seed11401,fidelity_constrained_shuffled_geometry,11401,6,0.4200197458267212
Wall,jepa_wm_wall,54,6,fidelity_constrained_shuffled_geometry__seed11401,fidelity_constrained_shuffled_geometry,11401,1,0.23955568671226501
Wall,jepa_wm_wall,54,6,fidelity_constrained_shuffled_geometry__seed11401,fidelity_constrained_shuffled_geometry,11401,3,0.39327800273895264
Wall,jepa_wm_wall,54,6,fidelity_constrained_shuffled_geometry__seed11401,fidelity_constrained_shuffled_geometry,11401,6,0.438496857881546
Wall,jepa_wm_wall,55,6,fidelity_constrained_shuffled_geometry__seed11401,fidelity_constrained_shuffled_geometry,11401,1,0.20668701827526093
Wall,jepa_wm_wall,55,6,fidelity_constrained_shuffled_geometry__seed11401,fidelity_constrained_shuffled_geometry,11401,3,0.3806980848312378
Wall,jepa_wm_wall,55,6,fidelity_constrained_shuffled_geometry__seed11401,fidelity_constrained_shuffled_geometry,11401,6,0.43450629711151123
Wall,jepa_wm_wall,8,1,fidelity_constrained_matched_geometry__seed11401,fidelity_constrained_matched_geometry,11401,1,0.18031521141529083
Wall,jepa_wm_wall,8,1,fidelity_constrained_matched_geometry__seed11401,fidelity_constrained_matched_geometry,11401,3,0.24150541424751282
Wall,jepa_wm_wall,8,1,fidelity_constrained_matched_geometry__seed11401,fidelity_constrained_matched_geometry,11401,6,0.23556110262870789
Wall,jepa_wm_wall,9,1,fidelity_constrained_matched_geometry__seed11401,fidelity_constrained_matched_geometry,11401,1,0.12961767613887787
Wall,jepa_wm_wall,9,1,fidelity_constrained_matched_geometry__seed11401,fidelity_constrained_matched_geometry,11401,3,0.23599164187908173
Wall,jepa_wm_wall,9,1,fidelity_constrained_matched_geometry__seed11401,fidelity_constrained_matched_geometry,11401,6,0.24517908692359924
Wall,jepa_wm_wall,10,1,fidelity_constrained_matched_geometry__seed11401,fidelity_constrained_matched_geometry,11401,1,0.165690615773201
Wall,jepa_wm_wall,10,1,fidelity_constrained_matched_geometry__seed11401,fidelity_constrained_matched_geometry,11401,3,0.25439563393592834
Wall,jepa_wm_wall,10,1,fidelity_constrained_matched_geometry__seed11401,fidelity_constrained_matched_geometry,11401,6,0.2542940080165863
Wall,jepa_wm_wall,11,1,fidelity_constrained_matched_geometry__seed11401,fidelity_constrained_matched_geometry,11401,1,0.13817736506462097
Wall,jepa_wm_wall,11,1,fidelity_constrained_matched_geometry__seed11401,fidelity_constrained_matched_geometry,11401,3,0.26254186034202576
Wall,jepa_wm_wall,11,1,fidelity_constrained_matched_geometry__seed11401,fidelity_constrained_matched_geometry,11401,6,0.2569220960140228
Wall,jepa_wm_wall,12,1,fidelity_constrained_matched_geometry__seed11401,fidelity_constrained_matched_geometry,11401,1,0.13278093934059143
Wall,jepa_wm_wall,12,1,fidelity_constrained_matched_geometry__seed11401,fidelity_constrained_matched_geometry,11401,3,0.23135210573673248
Wall,jepa_wm_wall,12,1,fidelity_constrained_matched_geometry__seed11401,fidelity_constrained_matched_geometry,11401,6,0.2635471224784851
Wall,jepa_wm_wall,13,1,fidelity_constrained_matched_geometry__seed11401,fidelity_constrained_matched_geometry,11401,1,0.15377400815486908
Wall,jepa_wm_wall,13,1,fidelity_constrained_matched_geometry__seed11401,fidelity_constrained_matched_geometry,11401,3,0.2221440076828003
Wall,jepa_wm_wall,13,1,fidelity_constrained_matched_geometry__seed11401,fidelity_constrained_matched_geometry,11401,6,0.2563995122909546
Wall,jepa_wm_wall,14,1,fidelity_constrained_matched_geometry__seed11401,fidelity_constrained_matched_geometry,11401,1,0.1267087757587433
Wall,jepa_wm_wall,14,1,fidelity_constrained_matched_geometry__seed11401,fidelity_constrained_matched_geometry,11401,3,0.2654784917831421
Wall,jepa_wm_wall,14,1,fidelity_constrained_matched_geometry__seed11401,fidelity_constrained_matched_geometry,11401,6,0.23874373733997345
Wall,jepa_wm_wall,15,1,fidelity_constrained_matched_geometry__seed11401,fidelity_constrained_matched_geometry,11401,1,0.14480295777320862
Wall,jepa_wm_wall,15,1,fidelity_constrained_matched_geometry__seed11401,fidelity_constrained_matched_geometry,11401,3,0.284533828496933
Wall,jepa_wm_wall,15,1,fidelity_constrained_matched_geometry__seed11401,fidelity_constrained_matched_geometry,11401,6,0.27271342277526855
Wall,jepa_wm_wall,16,2,fidelity_constrained_matched_geometry__seed11401,fidelity_constrained_matched_geometry,11401,1,0.16639842092990875
Wall,jepa_wm_wall,16,2,fidelity_constrained_matched_geometry__seed11401,fidelity_constrained_matched_geometry,11401,3,0.292645126581192
Wall,jepa_wm_wall,16,2,fidelity_constrained_matched_geometry__seed11401,fidelity_constrained_matched_geometry,11401,6,0.3447738289833069
Wall,jepa_wm_wall,17,2,fidelity_constrained_matched_geometry__seed11401,fidelity_constrained_matched_geometry,11401,1,0.17481747269630432
Wall,jepa_wm_wall,17,2,fidelity_constrained_matched_geometry__seed11401,fidelity_constrained_matched_geometry,11401,3,0.27157849073410034
Wall,jepa_wm_wall,17,2,fidelity_constrained_matched_geometry__seed11401,fidelity_constrained_matched_geometry,11401,6,0.3351956307888031
Wall,jepa_wm_wall,18,2,fidelity_constrained_matched_geometry__seed11401,fidelity_constrained_matched_geometry,11401,1,0.16781039535999298
Wall,jepa_wm_wall,18,2,fidelity_constrained_matched_geometry__seed11401,fidelity_constrained_matched_geometry,11401,3,0.22862198948860168
Wall,jepa_wm_wall,18,2,fidelity_constrained_matched_geometry__seed11401,fidelity_constrained_matched_geometry,11401,6,0.32665133476257324
Wall,jepa_wm_wall,19,2,fidelity_constrained_matched_geometry__seed11401,fidelity_constrained_matched_geometry,11401,1,0.20455306768417358
Wall,jepa_wm_wall,19,2,fidelity_constrained_matched_geometry__seed11401,fidelity_constrained_matched_geometry,11401,3,0.3040068447589874
Wall,jepa_wm_wall,19,2,fidelity_constrained_matched_geometry__seed11401,fidelity_constrained_matched_geometry,11401,6,0.3277805745601654
Wall,jepa_wm_wall,20,2,fidelity_constrained_matched_geometry__seed11401,fidelity_constrained_matched_geometry,11401,1,0.18836461007595062
Wall,jepa_wm_wall,20,2,fidelity_constrained_matched_geometry__seed11401,fidelity_constrained_matched_geometry,11401,3,0.2980692684650421
Wall,jepa_wm_wall,20,2,fidelity_constrained_matched_geometry__seed11401,fidelity_constrained_matched_geometry,11401,6,0.3326398432254791
Wall,jepa_wm_wall,21,2,fidelity_constrained_matched_geometry__seed11401,fidelity_constrained_matched_geometry,11401,1,0.16383814811706543
Wall,jepa_wm_wall,21,2,fidelity_constrained_matched_geometry__seed11401,fidelity_constrained_matched_geometry,11401,3,0.24909542500972748
Wall,jepa_wm_wall,21,2,fidelity_constrained_matched_geometry__seed11401,fidelity_constrained_matched_geometry,11401,6,0.3239055275917053
Wall,jepa_wm_wall,22,2,fidelity_constrained_matched_geometry__seed11401,fidelity_constrained_matched_geometry,11401,1,0.17763486504554749
Wall,jepa_wm_wall,22,2,fidelity_constrained_matched_geometry__seed11401,fidelity_constrained_matched_geometry,11401,3,0.27120471000671387
Wall,jepa_wm_wall,22,2,fidelity_constrained_matched_geometry__seed11401,fidelity_constrained_matched_geometry,11401,6,0.33617985248565674
Wall,jepa_wm_wall,23,2,fidelity_constrained_matched_geometry__seed11401,fidelity_constrained_matched_geometry,11401,1,0.16625627875328064
Wall,jepa_wm_wall,23,2,fidelity_constrained_matched_geometry__seed11401,fidelity_constrained_matched_geometry,11401,3,0.28361836075782776
Wall,jepa_wm_wall,23,2,fidelity_constrained_matched_geometry__seed11401,fidelity_constrained_matched_geometry,11401,6,0.3329299986362457
Wall,jepa_wm_wall,48,6,fidelity_constrained_matched_geometry__seed11401,fidelity_constrained_matched_geometry,11401,1,0.21755386888980865
Wall,jepa_wm_wall,48,6,fidelity_constrained_matched_geometry__seed11401,fidelity_constrained_matched_geometry,11401,3,0.3872542381286621
Wall,jepa_wm_wall,48,6,fidelity_constrained_matched_geometry__seed11401,fidelity_constrained_matched_geometry,11401,6,0.41589078307151794
Wall,jepa_wm_wall,49,6,fidelity_constrained_matched_geometry__seed11401,fidelity_constrained_matched_geometry,11401,1,0.21444463729858398
Wall,jepa_wm_wall,49,6,fidelity_constrained_matched_geometry__seed11401,fidelity_constrained_matched_geometry,11401,3,0.39123374223709106
Wall,jepa_wm_wall,49,6,fidelity_constrained_matched_geometry__seed11401,fidelity_constrained_matched_geometry,11401,6,0.4124842584133148
Wall,jepa_wm_wall,50,6,fidelity_constrained_matched_geometry__seed11401,fidelity_constrained_matched_geometry,11401,1,0.21781684458255768
Wall,jepa_wm_wall,50,6,fidelity_constrained_matched_geometry__seed11401,fidelity_constrained_matched_geometry,11401,3,0.3766748905181885
Wall,jepa_wm_wall,50,6,fidelity_constrained_matched_geometry__seed11401,fidelity_constrained_matched_geometry,11401,6,0.420269250869751
Wall,jepa_wm_wall,51,6,fidelity_constrained_matched_geometry__seed11401,fidelity_constrained_matched_geometry,11401,1,0.23945677280426025
Wall,jepa_wm_wall,51,6,fidelity_constrained_matched_geometry__seed11401,fidelity_constrained_matched_geometry,11401,3,0.3737280070781708
Wall,jepa_wm_wall,51,6,fidelity_constrained_matched_geometry__seed11401,fidelity_constrained_matched_geometry,11401,6,0.40512996912002563
Wall,jepa_wm_wall,52,6,fidelity_constrained_matched_geometry__seed11401,fidelity_constrained_matched_geometry,11401,1,0.21216601133346558
Wall,jepa_wm_wall,52,6,fidelity_constrained_matched_geometry__seed11401,fidelity_constrained_matched_geometry,11401,3,0.37826889753341675
Wall,jepa_wm_wall,52,6,fidelity_constrained_matched_geometry__seed11401,fidelity_constrained_matched_geometry,11401,6,0.41354015469551086
Wall,jepa_wm_wall,53,6,fidelity_constrained_matched_geometry__seed11401,fidelity_constrained_matched_geometry,11401,1,0.20372003316879272
Wall,jepa_wm_wall,53,6,fidelity_constrained_matched_geometry__seed11401,fidelity_constrained_matched_geometry,11401,3,0.37242382764816284
Wall,jepa_wm_wall,53,6,fidelity_constrained_matched_geometry__seed11401,fidelity_constrained_matched_geometry,11401,6,0.4155881404876709
Wall,jepa_wm_wall,54,6,fidelity_constrained_matched_geometry__seed11401,fidelity_constrained_matched_geometry,11401,1,0.23111213743686676
Wall,jepa_wm_wall,54,6,fidelity_constrained_matched_geometry__seed11401,fidelity_constrained_matched_geometry,11401,3,0.38639405369758606
Wall,jepa_wm_wall,54,6,fidelity_constrained_matched_geometry__seed11401,fidelity_constrained_matched_geometry,11401,6,0.4303208589553833
Wall,jepa_wm_wall,55,6,fidelity_constrained_matched_geometry__seed11401,fidelity_constrained_matched_geometry,11401,1,0.20283792912960052
Wall,jepa_wm_wall,55,6,fidelity_constrained_matched_geometry__seed11401,fidelity_constrained_matched_geometry,11401,3,0.37304726243019104
Wall,jepa_wm_wall,55,6,fidelity_constrained_matched_geometry__seed11401,fidelity_constrained_matched_geometry,11401,6,0.4295651614665985
Wall,jepa_wm_wall,8,1,fidelity_constrained_latent_only__seed11419,fidelity_constrained_latent_only,11419,1,0.11957249045372009
Wall,jepa_wm_wall,8,1,fidelity_constrained_latent_only__seed11419,fidelity_constrained_latent_only,11419,3,0.17847982048988342
Wall,jepa_wm_wall,8,1,fidelity_constrained_latent_only__seed11419,fidelity_constrained_latent_only,11419,6,0.1886327564716339
Wall,jepa_wm_wall,9,1,fidelity_constrained_latent_only__seed11419,fidelity_constrained_latent_only,11419,1,0.07230318337678909
Wall,jepa_wm_wall,9,1,fidelity_constrained_latent_only__seed11419,fidelity_constrained_latent_only,11419,3,0.1617230623960495
Wall,jepa_wm_wall,9,1,fidelity_constrained_latent_only__seed11419,fidelity_constrained_latent_only,11419,6,0.1786656528711319
Wall,jepa_wm_wall,10,1,fidelity_constrained_latent_only__seed11419,fidelity_constrained_latent_only,11419,1,0.1111757829785347
Wall,jepa_wm_wall,10,1,fidelity_constrained_latent_only__seed11419,fidelity_constrained_latent_only,11419,3,0.1917038857936859
Wall,jepa_wm_wall,10,1,fidelity_constrained_latent_only__seed11419,fidelity_constrained_latent_only,11419,6,0.20096731185913086
Wall,jepa_wm_wall,11,1,fidelity_constrained_latent_only__seed11419,fidelity_constrained_latent_only,11419,1,0.0808279737830162
Wall,jepa_wm_wall,11,1,fidelity_constrained_latent_only__seed11419,fidelity_constrained_latent_only,11419,3,0.19608533382415771
Wall,jepa_wm_wall,11,1,fidelity_constrained_latent_only__seed11419,fidelity_constrained_latent_only,11419,6,0.20161888003349304
Wall,jepa_wm_wall,12,1,fidelity_constrained_latent_only__seed11419,fidelity_constrained_latent_only,11419,1,0.07473697513341904
Wall,jepa_wm_wall,12,1,fidelity_constrained_latent_only__seed11419,fidelity_constrained_latent_only,11419,3,0.15510956943035126
Wall,jepa_wm_wall,12,1,fidelity_constrained_latent_only__seed11419,fidelity_constrained_latent_only,11419,6,0.203113853931427
Wall,jepa_wm_wall,13,1,fidelity_constrained_latent_only__seed11419,fidelity_constrained_latent_only,11419,1,0.08977008610963821
Wall,jepa_wm_wall,13,1,fidelity_constrained_latent_only__seed11419,fidelity_constrained_latent_only,11419,3,0.16102130711078644
Wall,jepa_wm_wall,13,1,fidelity_constrained_latent_only__seed11419,fidelity_constrained_latent_only,11419,6,0.20718629658222198
Wall,jepa_wm_wall,14,1,fidelity_constrained_latent_only__seed11419,fidelity_constrained_latent_only,11419,1,0.07148367166519165
Wall,jepa_wm_wall,14,1,fidelity_constrained_latent_only__seed11419,fidelity_constrained_latent_only,11419,3,0.1908387988805771
Wall,jepa_wm_wall,14,1,fidelity_constrained_latent_only__seed11419,fidelity_constrained_latent_only,11419,6,0.17976120114326477
Wall,jepa_wm_wall,15,1,fidelity_constrained_latent_only__seed11419,fidelity_constrained_latent_only,11419,1,0.08352991938591003
Wall,jepa_wm_wall,15,1,fidelity_constrained_latent_only__seed11419,fidelity_constrained_latent_only,11419,3,0.20507122576236725
Wall,jepa_wm_wall,15,1,fidelity_constrained_latent_only__seed11419,fidelity_constrained_latent_only,11419,6,0.2197922021150589
Wall,jepa_wm_wall,16,2,fidelity_constrained_latent_only__seed11419,fidelity_constrained_latent_only,11419,1,0.1144431009888649
Wall,jepa_wm_wall,16,2,fidelity_constrained_latent_only__seed11419,fidelity_constrained_latent_only,11419,3,0.23958459496498108
Wall,jepa_wm_wall,16,2,fidelity_constrained_latent_only__seed11419,fidelity_constrained_latent_only,11419,6,0.3009015917778015
Wall,jepa_wm_wall,17,2,fidelity_constrained_latent_only__seed11419,fidelity_constrained_latent_only,11419,1,0.12262851744890213
Wall,jepa_wm_wall,17,2,fidelity_constrained_latent_only__seed11419,fidelity_constrained_latent_only,11419,3,0.2096070498228073
Wall,jepa_wm_wall,17,2,fidelity_constrained_latent_only__seed11419,fidelity_constrained_latent_only,11419,6,0.27979928255081177
Wall,jepa_wm_wall,18,2,fidelity_constrained_latent_only__seed11419,fidelity_constrained_latent_only,11419,1,0.11249282211065292
Wall,jepa_wm_wall,18,2,fidelity_constrained_latent_only__seed11419,fidelity_constrained_latent_only,11419,3,0.16787554323673248
Wall,jepa_wm_wall,18,2,fidelity_constrained_latent_only__seed11419,fidelity_constrained_latent_only,11419,6,0.2142740935087204
Wall,jepa_wm_wall,19,2,fidelity_constrained_latent_only__seed11419,fidelity_constrained_latent_only,11419,1,0.15240953862667084
Wall,jepa_wm_wall,19,2,fidelity_constrained_latent_only__seed11419,fidelity_constrained_latent_only,11419,3,0.24463436007499695
Wall,jepa_wm_wall,19,2,fidelity_constrained_latent_only__seed11419,fidelity_constrained_latent_only,11419,6,0.2793467342853546
Wall,jepa_wm_wall,20,2,fidelity_constrained_latent_only__seed11419,fidelity_constrained_latent_only,11419,1,0.13514181971549988
Wall,jepa_wm_wall,20,2,fidelity_constrained_latent_only__seed11419,fidelity_constrained_latent_only,11419,3,0.24892711639404297
Wall,jepa_wm_wall,20,2,fidelity_constrained_latent_only__seed11419,fidelity_constrained_latent_only,11419,6,0.2911657989025116
Wall,jepa_wm_wall,21,2,fidelity_constrained_latent_only__seed11419,fidelity_constrained_latent_only,11419,1,0.11080904304981232
Wall,jepa_wm_wall,21,2,fidelity_constrained_latent_only__seed11419,fidelity_constrained_latent_only,11419,3,0.18716393411159515
Wall,jepa_wm_wall,21,2,fidelity_constrained_latent_only__seed11419,fidelity_constrained_latent_only,11419,6,0.26824402809143066
Wall,jepa_wm_wall,22,2,fidelity_constrained_latent_only__seed11419,fidelity_constrained_latent_only,11419,1,0.12480945885181427
Wall,jepa_wm_wall,22,2,fidelity_constrained_latent_only__seed11419,fidelity_constrained_latent_only,11419,3,0.20971563458442688
Wall,jepa_wm_wall,22,2,fidelity_constrained_latent_only__seed11419,fidelity_constrained_latent_only,11419,6,0.2800217568874359
Wall,jepa_wm_wall,23,2,fidelity_constrained_latent_only__seed11419,fidelity_constrained_latent_only,11419,1,0.11320812255144119
Wall,jepa_wm_wall,23,2,fidelity_constrained_latent_only__seed11419,fidelity_constrained_latent_only,11419,3,0.2293206751346588
Wall,jepa_wm_wall,23,2,fidelity_constrained_latent_only__seed11419,fidelity_constrained_latent_only,11419,6,0.2825160622596741
Wall,jepa_wm_wall,48,6,fidelity_constrained_latent_only__seed11419,fidelity_constrained_latent_only,11419,1,0.13734377920627594
Wall,jepa_wm_wall,48,6,fidelity_constrained_latent_only__seed11419,fidelity_constrained_latent_only,11419,3,0.2591169774532318
Wall,jepa_wm_wall,48,6,fidelity_constrained_latent_only__seed11419,fidelity_constrained_latent_only,11419,6,0.3075879216194153
Wall,jepa_wm_wall,49,6,fidelity_constrained_latent_only__seed11419,fidelity_constrained_latent_only,11419,1,0.1370696723461151
Wall,jepa_wm_wall,49,6,fidelity_constrained_latent_only__seed11419,fidelity_constrained_latent_only,11419,3,0.25993096828460693
Wall,jepa_wm_wall,49,6,fidelity_constrained_latent_only__seed11419,fidelity_constrained_latent_only,11419,6,0.3030450642108917
Wall,jepa_wm_wall,50,6,fidelity_constrained_latent_only__seed11419,fidelity_constrained_latent_only,11419,1,0.13710492849349976
Wall,jepa_wm_wall,50,6,fidelity_constrained_latent_only__seed11419,fidelity_constrained_latent_only,11419,3,0.24865491688251495
Wall,jepa_wm_wall,50,6,fidelity_constrained_latent_only__seed11419,fidelity_constrained_latent_only,11419,6,0.2964242994785309
Wall,jepa_wm_wall,51,6,fidelity_constrained_latent_only__seed11419,fidelity_constrained_latent_only,11419,1,0.15544313192367554
Wall,jepa_wm_wall,51,6,fidelity_constrained_latent_only__seed11419,fidelity_constrained_latent_only,11419,3,0.24573098123073578
Wall,jepa_wm_wall,51,6,fidelity_constrained_latent_only__seed11419,fidelity_constrained_latent_only,11419,6,0.2838827669620514
Wall,jepa_wm_wall,52,6,fidelity_constrained_latent_only__seed11419,fidelity_constrained_latent_only,11419,1,0.12684714794158936
Wall,jepa_wm_wall,52,6,fidelity_constrained_latent_only__seed11419,fidelity_constrained_latent_only,11419,3,0.24637311697006226
Wall,jepa_wm_wall,52,6,fidelity_constrained_latent_only__seed11419,fidelity_constrained_latent_only,11419,6,0.28903040289878845
Wall,jepa_wm_wall,53,6,fidelity_constrained_latent_only__seed11419,fidelity_constrained_latent_only,11419,1,0.12426972389221191
Wall,jepa_wm_wall,53,6,fidelity_constrained_latent_only__seed11419,fidelity_constrained_latent_only,11419,3,0.24146640300750732
Wall,jepa_wm_wall,53,6,fidelity_constrained_latent_only__seed11419,fidelity_constrained_latent_only,11419,6,0.30122148990631104
Wall,jepa_wm_wall,54,6,fidelity_constrained_latent_only__seed11419,fidelity_constrained_latent_only,11419,1,0.14831502735614777
Wall,jepa_wm_wall,54,6,fidelity_constrained_latent_only__seed11419,fidelity_constrained_latent_only,11419,3,0.2636619508266449
Wall,jepa_wm_wall,54,6,fidelity_constrained_latent_only__seed11419,fidelity_constrained_latent_only,11419,6,0.3121175169944763
Wall,jepa_wm_wall,55,6,fidelity_constrained_latent_only__seed11419,fidelity_constrained_latent_only,11419,1,0.12495963275432587
Wall,jepa_wm_wall,55,6,fidelity_constrained_latent_only__seed11419,fidelity_constrained_latent_only,11419,3,0.2374541014432907
Wall,jepa_wm_wall,55,6,fidelity_constrained_latent_only__seed11419,fidelity_constrained_latent_only,11419,6,0.2990340292453766
Wall,jepa_wm_wall,8,1,fidelity_constrained_shuffled_geometry__seed11419,fidelity_constrained_shuffled_geometry,11419,1,0.1845487505197525
Wall,jepa_wm_wall,8,1,fidelity_constrained_shuffled_geometry__seed11419,fidelity_constrained_shuffled_geometry,11419,3,0.2450905293226242
Wall,jepa_wm_wall,8,1,fidelity_constrained_shuffled_geometry__seed11419,fidelity_constrained_shuffled_geometry,11419,6,0.2356351763010025
Wall,jepa_wm_wall,9,1,fidelity_constrained_shuffled_geometry__seed11419,fidelity_constrained_shuffled_geometry,11419,1,0.13014636933803558
Wall,jepa_wm_wall,9,1,fidelity_constrained_shuffled_geometry__seed11419,fidelity_constrained_shuffled_geometry,11419,3,0.2434583455324173
Wall,jepa_wm_wall,9,1,fidelity_constrained_shuffled_geometry__seed11419,fidelity_constrained_shuffled_geometry,11419,6,0.2440577745437622
Wall,jepa_wm_wall,10,1,fidelity_constrained_shuffled_geometry__seed11419,fidelity_constrained_shuffled_geometry,11419,1,0.16899427771568298
Wall,jepa_wm_wall,10,1,fidelity_constrained_shuffled_geometry__seed11419,fidelity_constrained_shuffled_geometry,11419,3,0.2610143721103668
Wall,jepa_wm_wall,10,1,fidelity_constrained_shuffled_geometry__seed11419,fidelity_constrained_shuffled_geometry,11419,6,0.2511313855648041
Wall,jepa_wm_wall,11,1,fidelity_constrained_shuffled_geometry__seed11419,fidelity_constrained_shuffled_geometry,11419,1,0.13729409873485565
Wall,jepa_wm_wall,11,1,fidelity_constrained_shuffled_geometry__seed11419,fidelity_constrained_shuffled_geometry,11419,3,0.2698363959789276
Wall,jepa_wm_wall,11,1,fidelity_constrained_shuffled_geometry__seed11419,fidelity_constrained_shuffled_geometry,11419,6,0.2571660280227661
Wall,jepa_wm_wall,12,1,fidelity_constrained_shuffled_geometry__seed11419,fidelity_constrained_shuffled_geometry,11419,1,0.13236333429813385
Wall,jepa_wm_wall,12,1,fidelity_constrained_shuffled_geometry__seed11419,fidelity_constrained_shuffled_geometry,11419,3,0.2399364858865738
Wall,jepa_wm_wall,12,1,fidelity_constrained_shuffled_geometry__seed11419,fidelity_constrained_shuffled_geometry,11419,6,0.24428638815879822
Wall,jepa_wm_wall,13,1,fidelity_constrained_shuffled_geometry__seed11419,fidelity_constrained_shuffled_geometry,11419,1,0.1589130163192749
Wall,jepa_wm_wall,13,1,fidelity_constrained_shuffled_geometry__seed11419,fidelity_constrained_shuffled_geometry,11419,3,0.22834978997707367
Wall,jepa_wm_wall,13,1,fidelity_constrained_shuffled_geometry__seed11419,fidelity_constrained_shuffled_geometry,11419,6,0.24105601012706757
Wall,jepa_wm_wall,14,1,fidelity_constrained_shuffled_geometry__seed11419,fidelity_constrained_shuffled_geometry,11419,1,0.12664669752120972
Wall,jepa_wm_wall,14,1,fidelity_constrained_shuffled_geometry__seed11419,fidelity_constrained_shuffled_geometry,11419,3,0.2653011679649353
Wall,jepa_wm_wall,14,1,fidelity_constrained_shuffled_geometry__seed11419,fidelity_constrained_shuffled_geometry,11419,6,0.23602443933486938
Wall,jepa_wm_wall,15,1,fidelity_constrained_shuffled_geometry__seed11419,fidelity_constrained_shuffled_geometry,11419,1,0.14769043028354645
Wall,jepa_wm_wall,15,1,fidelity_constrained_shuffled_geometry__seed11419,fidelity_constrained_shuffled_geometry,11419,3,0.28308749198913574
Wall,jepa_wm_wall,15,1,fidelity_constrained_shuffled_geometry__seed11419,fidelity_constrained_shuffled_geometry,11419,6,0.24996137619018555
Wall,jepa_wm_wall,16,2,fidelity_constrained_shuffled_geometry__seed11419,fidelity_constrained_shuffled_geometry,11419,1,0.16662096977233887
Wall,jepa_wm_wall,16,2,fidelity_constrained_shuffled_geometry__seed11419,fidelity_constrained_shuffled_geometry,11419,3,0.3010483980178833
Wall,jepa_wm_wall,16,2,fidelity_constrained_shuffled_geometry__seed11419,fidelity_constrained_shuffled_geometry,11419,6,0.3517054617404938
Wall,jepa_wm_wall,17,2,fidelity_constrained_shuffled_geometry__seed11419,fidelity_constrained_shuffled_geometry,11419,1,0.17620043456554413
Wall,jepa_wm_wall,17,2,fidelity_constrained_shuffled_geometry__seed11419,fidelity_constrained_shuffled_geometry,11419,3,0.2705079913139343
Wall,jepa_wm_wall,17,2,fidelity_constrained_shuffled_geometry__seed11419,fidelity_constrained_shuffled_geometry,11419,6,0.338469535112381
Wall,jepa_wm_wall,18,2,fidelity_constrained_shuffled_geometry__seed11419,fidelity_constrained_shuffled_geometry,11419,1,0.16646139323711395
Wall,jepa_wm_wall,18,2,fidelity_constrained_shuffled_geometry__seed11419,fidelity_constrained_shuffled_geometry,11419,3,0.23332323133945465
Wall,jepa_wm_wall,18,2,fidelity_constrained_shuffled_geometry__seed11419,fidelity_constrained_shuffled_geometry,11419,6,0.3306637704372406
Wall,jepa_wm_wall,19,2,fidelity_constrained_shuffled_geometry__seed11419,fidelity_constrained_shuffled_geometry,11419,1,0.2061823457479477
Wall,jepa_wm_wall,19,2,fidelity_constrained_shuffled_geometry__seed11419,fidelity_constrained_shuffled_geometry,11419,3,0.3127395212650299
Wall,jepa_wm_wall,19,2,fidelity_constrained_shuffled_geometry__seed11419,fidelity_constrained_shuffled_geometry,11419,6,0.34326478838920593
Wall,jepa_wm_wall,20,2,fidelity_constrained_shuffled_geometry__seed11419,fidelity_constrained_shuffled_geometry,11419,1,0.19280165433883667
Wall,jepa_wm_wall,20,2,fidelity_constrained_shuffled_geometry__seed11419,fidelity_constrained_shuffled_geometry,11419,3,0.30172643065452576
Wall,jepa_wm_wall,20,2,fidelity_constrained_shuffled_geometry__seed11419,fidelity_constrained_shuffled_geometry,11419,6,0.3377141058444977
Wall,jepa_wm_wall,21,2,fidelity_constrained_shuffled_geometry__seed11419,fidelity_constrained_shuffled_geometry,11419,1,0.16426745057106018
Wall,jepa_wm_wall,21,2,fidelity_constrained_shuffled_geometry__seed11419,fidelity_constrained_shuffled_geometry,11419,3,0.2538701593875885
Wall,jepa_wm_wall,21,2,fidelity_constrained_shuffled_geometry__seed11419,fidelity_constrained_shuffled_geometry,11419,6,0.32668864727020264
Wall,jepa_wm_wall,22,2,fidelity_constrained_shuffled_geometry__seed11419,fidelity_constrained_shuffled_geometry,11419,1,0.17915166914463043
Wall,jepa_wm_wall,22,2,fidelity_constrained_shuffled_geometry__seed11419,fidelity_constrained_shuffled_geometry,11419,3,0.27047866582870483
Wall,jepa_wm_wall,22,2,fidelity_constrained_shuffled_geometry__seed11419,fidelity_constrained_shuffled_geometry,11419,6,0.3404272496700287
Wall,jepa_wm_wall,23,2,fidelity_constrained_shuffled_geometry__seed11419,fidelity_constrained_shuffled_geometry,11419,1,0.1656249463558197
Wall,jepa_wm_wall,23,2,fidelity_constrained_shuffled_geometry__seed11419,fidelity_constrained_shuffled_geometry,11419,3,0.2880297303199768
Wall,jepa_wm_wall,23,2,fidelity_constrained_shuffled_geometry__seed11419,fidelity_constrained_shuffled_geometry,11419,6,0.3397003710269928
Wall,jepa_wm_wall,48,6,fidelity_constrained_shuffled_geometry__seed11419,fidelity_constrained_shuffled_geometry,11419,1,0.22286131978034973
Wall,jepa_wm_wall,48,6,fidelity_constrained_shuffled_geometry__seed11419,fidelity_constrained_shuffled_geometry,11419,3,0.39960724115371704
Wall,jepa_wm_wall,48,6,fidelity_constrained_shuffled_geometry__seed11419,fidelity_constrained_shuffled_geometry,11419,6,0.4187629222869873
Wall,jepa_wm_wall,49,6,fidelity_constrained_shuffled_geometry__seed11419,fidelity_constrained_shuffled_geometry,11419,1,0.21814611554145813
Wall,jepa_wm_wall,49,6,fidelity_constrained_shuffled_geometry__seed11419,fidelity_constrained_shuffled_geometry,11419,3,0.40421703457832336
Wall,jepa_wm_wall,49,6,fidelity_constrained_shuffled_geometry__seed11419,fidelity_constrained_shuffled_geometry,11419,6,0.4152618646621704
Wall,jepa_wm_wall,50,6,fidelity_constrained_shuffled_geometry__seed11419,fidelity_constrained_shuffled_geometry,11419,1,0.22466377913951874
Wall,jepa_wm_wall,50,6,fidelity_constrained_shuffled_geometry__seed11419,fidelity_constrained_shuffled_geometry,11419,3,0.38711488246917725
Wall,jepa_wm_wall,50,6,fidelity_constrained_shuffled_geometry__seed11419,fidelity_constrained_shuffled_geometry,11419,6,0.4231674075126648
Wall,jepa_wm_wall,51,6,fidelity_constrained_shuffled_geometry__seed11419,fidelity_constrained_shuffled_geometry,11419,1,0.24626904726028442
Wall,jepa_wm_wall,51,6,fidelity_constrained_shuffled_geometry__seed11419,fidelity_constrained_shuffled_geometry,11419,3,0.38581761717796326
Wall,jepa_wm_wall,51,6,fidelity_constrained_shuffled_geometry__seed11419,fidelity_constrained_shuffled_geometry,11419,6,0.4123528301715851
Wall,jepa_wm_wall,52,6,fidelity_constrained_shuffled_geometry__seed11419,fidelity_constrained_shuffled_geometry,11419,1,0.21856282651424408
Wall,jepa_wm_wall,52,6,fidelity_constrained_shuffled_geometry__seed11419,fidelity_constrained_shuffled_geometry,11419,3,0.38625338673591614
Wall,jepa_wm_wall,52,6,fidelity_constrained_shuffled_geometry__seed11419,fidelity_constrained_shuffled_geometry,11419,6,0.41771483421325684
Wall,jepa_wm_wall,53,6,fidelity_constrained_shuffled_geometry__seed11419,fidelity_constrained_shuffled_geometry,11419,1,0.206726536154747
Wall,jepa_wm_wall,53,6,fidelity_constrained_shuffled_geometry__seed11419,fidelity_constrained_shuffled_geometry,11419,3,0.3823406398296356
Wall,jepa_wm_wall,53,6,fidelity_constrained_shuffled_geometry__seed11419,fidelity_constrained_shuffled_geometry,11419,6,0.4195692241191864
Wall,jepa_wm_wall,54,6,fidelity_constrained_shuffled_geometry__seed11419,fidelity_constrained_shuffled_geometry,11419,1,0.2394716590642929
Wall,jepa_wm_wall,54,6,fidelity_constrained_shuffled_geometry__seed11419,fidelity_constrained_shuffled_geometry,11419,3,0.3935282230377197
Wall,jepa_wm_wall,54,6,fidelity_constrained_shuffled_geometry__seed11419,fidelity_constrained_shuffled_geometry,11419,6,0.4382106065750122
Wall,jepa_wm_wall,55,6,fidelity_constrained_shuffled_geometry__seed11419,fidelity_constrained_shuffled_geometry,11419,1,0.2068452090024948
Wall,jepa_wm_wall,55,6,fidelity_constrained_shuffled_geometry__seed11419,fidelity_constrained_shuffled_geometry,11419,3,0.3815334737300873
Wall,jepa_wm_wall,55,6,fidelity_constrained_shuffled_geometry__seed11419,fidelity_constrained_shuffled_geometry,11419,6,0.4335787296295166
Wall,jepa_wm_wall,8,1,fidelity_constrained_matched_geometry__seed11419,fidelity_constrained_matched_geometry,11419,1,0.18008042871952057
Wall,jepa_wm_wall,8,1,fidelity_constrained_matched_geometry__seed11419,fidelity_constrained_matched_geometry,11419,3,0.2413465827703476
Wall,jepa_wm_wall,8,1,fidelity_constrained_matched_geometry__seed11419,fidelity_constrained_matched_geometry,11419,6,0.2353532314300537
Wall,jepa_wm_wall,9,1,fidelity_constrained_matched_geometry__seed11419,fidelity_constrained_matched_geometry,11419,1,0.12937304377555847
Wall,jepa_wm_wall,9,1,fidelity_constrained_matched_geometry__seed11419,fidelity_constrained_matched_geometry,11419,3,0.23557566106319427
Wall,jepa_wm_wall,9,1,fidelity_constrained_matched_geometry__seed11419,fidelity_constrained_matched_geometry,11419,6,0.24468277394771576
Wall,jepa_wm_wall,10,1,fidelity_constrained_matched_geometry__seed11419,fidelity_constrained_matched_geometry,11419,1,0.16545379161834717
Wall,jepa_wm_wall,10,1,fidelity_constrained_matched_geometry__seed11419,fidelity_constrained_matched_geometry,11419,3,0.2542680501937866
Wall,jepa_wm_wall,10,1,fidelity_constrained_matched_geometry__seed11419,fidelity_constrained_matched_geometry,11419,6,0.2540258467197418
Wall,jepa_wm_wall,11,1,fidelity_constrained_matched_geometry__seed11419,fidelity_constrained_matched_geometry,11419,1,0.13777832686901093
Wall,jepa_wm_wall,11,1,fidelity_constrained_matched_geometry__seed11419,fidelity_constrained_matched_geometry,11419,3,0.26253658533096313
Wall,jepa_wm_wall,11,1,fidelity_constrained_matched_geometry__seed11419,fidelity_constrained_matched_geometry,11419,6,0.25630128383636475
Wall,jepa_wm_wall,12,1,fidelity_constrained_matched_geometry__seed11419,fidelity_constrained_matched_geometry,11419,1,0.1324840635061264
Wall,jepa_wm_wall,12,1,fidelity_constrained_matched_geometry__seed11419,fidelity_constrained_matched_geometry,11419,3,0.2309027761220932
Wall,jepa_wm_wall,12,1,fidelity_constrained_matched_geometry__seed11419,fidelity_constrained_matched_geometry,11419,6,0.26321691274642944
Wall,jepa_wm_wall,13,1,fidelity_constrained_matched_geometry__seed11419,fidelity_constrained_matched_geometry,11419,1,0.1534690260887146
Wall,jepa_wm_wall,13,1,fidelity_constrained_matched_geometry__seed11419,fidelity_constrained_matched_geometry,11419,3,0.22192110121250153
Wall,jepa_wm_wall,13,1,fidelity_constrained_matched_geometry__seed11419,fidelity_constrained_matched_geometry,11419,6,0.25514280796051025
Wall,jepa_wm_wall,14,1,fidelity_constrained_matched_geometry__seed11419,fidelity_constrained_matched_geometry,11419,1,0.12633423507213593
Wall,jepa_wm_wall,14,1,fidelity_constrained_matched_geometry__seed11419,fidelity_constrained_matched_geometry,11419,3,0.26547884941101074
Wall,jepa_wm_wall,14,1,fidelity_constrained_matched_geometry__seed11419,fidelity_constrained_matched_geometry,11419,6,0.23825904726982117
Wall,jepa_wm_wall,15,1,fidelity_constrained_matched_geometry__seed11419,fidelity_constrained_matched_geometry,11419,1,0.1445186883211136
Wall,jepa_wm_wall,15,1,fidelity_constrained_matched_geometry__seed11419,fidelity_constrained_matched_geometry,11419,3,0.2842749357223511
Wall,jepa_wm_wall,15,1,fidelity_constrained_matched_geometry__seed11419,fidelity_constrained_matched_geometry,11419,6,0.27217310667037964
Wall,jepa_wm_wall,16,2,fidelity_constrained_matched_geometry__seed11419,fidelity_constrained_matched_geometry,11419,1,0.16615109145641327
Wall,jepa_wm_wall,16,2,fidelity_constrained_matched_geometry__seed11419,fidelity_constrained_matched_geometry,11419,3,0.29273340106010437
Wall,jepa_wm_wall,16,2,fidelity_constrained_matched_geometry__seed11419,fidelity_constrained_matched_geometry,11419,6,0.3447361886501312
Wall,jepa_wm_wall,17,2,fidelity_constrained_matched_geometry__seed11419,fidelity_constrained_matched_geometry,11419,1,0.1746615618467331
Wall,jepa_wm_wall,17,2,fidelity_constrained_matched_geometry__seed11419,fidelity_constrained_matched_geometry,11419,3,0.2716255187988281
Wall,jepa_wm_wall,17,2,fidelity_constrained_matched_geometry__seed11419,fidelity_constrained_matched_geometry,11419,6,0.3351534605026245
Wall,jepa_wm_wall,18,2,fidelity_constrained_matched_geometry__seed11419,fidelity_constrained_matched_geometry,11419,1,0.1676226109266281
Wall,jepa_wm_wall,18,2,fidelity_constrained_matched_geometry__seed11419,fidelity_constrained_matched_geometry,11419,3,0.22853365540504456
Wall,jepa_wm_wall,18,2,fidelity_constrained_matched_geometry__seed11419,fidelity_constrained_matched_geometry,11419,6,0.3262691795825958
Wall,jepa_wm_wall,19,2,fidelity_constrained_matched_geometry__seed11419,fidelity_constrained_matched_geometry,11419,1,0.20453064143657684
Wall,jepa_wm_wall,19,2,fidelity_constrained_matched_geometry__seed11419,fidelity_constrained_matched_geometry,11419,3,0.3041800856590271
Wall,jepa_wm_wall,19,2,fidelity_constrained_matched_geometry__seed11419,fidelity_constrained_matched_geometry,11419,6,0.33028703927993774
Wall,jepa_wm_wall,20,2,fidelity_constrained_matched_geometry__seed11419,fidelity_constrained_matched_geometry,11419,1,0.18817880749702454
Wall,jepa_wm_wall,20,2,fidelity_constrained_matched_geometry__seed11419,fidelity_constrained_matched_geometry,11419,3,0.29819464683532715
Wall,jepa_wm_wall,20,2,fidelity_constrained_matched_geometry__seed11419,fidelity_constrained_matched_geometry,11419,6,0.33253467082977295
Wall,jepa_wm_wall,21,2,fidelity_constrained_matched_geometry__seed11419,fidelity_constrained_matched_geometry,11419,1,0.1636623591184616
Wall,jepa_wm_wall,21,2,fidelity_constrained_matched_geometry__seed11419,fidelity_constrained_matched_geometry,11419,3,0.24909056723117828
Wall,jepa_wm_wall,21,2,fidelity_constrained_matched_geometry__seed11419,fidelity_constrained_matched_geometry,11419,6,0.32460516691207886
Wall,jepa_wm_wall,22,2,fidelity_constrained_matched_geometry__seed11419,fidelity_constrained_matched_geometry,11419,1,0.1774706244468689
Wall,jepa_wm_wall,22,2,fidelity_constrained_matched_geometry__seed11419,fidelity_constrained_matched_geometry,11419,3,0.27123114466667175
Wall,jepa_wm_wall,22,2,fidelity_constrained_matched_geometry__seed11419,fidelity_constrained_matched_geometry,11419,6,0.3361082971096039
Wall,jepa_wm_wall,23,2,fidelity_constrained_matched_geometry__seed11419,fidelity_constrained_matched_geometry,11419,1,0.16602060198783875
Wall,jepa_wm_wall,23,2,fidelity_constrained_matched_geometry__seed11419,fidelity_constrained_matched_geometry,11419,3,0.28360694646835327
Wall,jepa_wm_wall,23,2,fidelity_constrained_matched_geometry__seed11419,fidelity_constrained_matched_geometry,11419,6,0.3328534662723541
Wall,jepa_wm_wall,48,6,fidelity_constrained_matched_geometry__seed11419,fidelity_constrained_matched_geometry,11419,1,0.21673952043056488
Wall,jepa_wm_wall,48,6,fidelity_constrained_matched_geometry__seed11419,fidelity_constrained_matched_geometry,11419,3,0.38674724102020264
Wall,jepa_wm_wall,48,6,fidelity_constrained_matched_geometry__seed11419,fidelity_constrained_matched_geometry,11419,6,0.4153256416320801
Wall,jepa_wm_wall,49,6,fidelity_constrained_matched_geometry__seed11419,fidelity_constrained_matched_geometry,11419,1,0.21367286145687103
Wall,jepa_wm_wall,49,6,fidelity_constrained_matched_geometry__seed11419,fidelity_constrained_matched_geometry,11419,3,0.39078283309936523
Wall,jepa_wm_wall,49,6,fidelity_constrained_matched_geometry__seed11419,fidelity_constrained_matched_geometry,11419,6,0.4119955003261566
Wall,jepa_wm_wall,50,6,fidelity_constrained_matched_geometry__seed11419,fidelity_constrained_matched_geometry,11419,1,0.217026948928833
Wall,jepa_wm_wall,50,6,fidelity_constrained_matched_geometry__seed11419,fidelity_constrained_matched_geometry,11419,3,0.37590447068214417
Wall,jepa_wm_wall,50,6,fidelity_constrained_matched_geometry__seed11419,fidelity_constrained_matched_geometry,11419,6,0.4196470379829407
Wall,jepa_wm_wall,51,6,fidelity_constrained_matched_geometry__seed11419,fidelity_constrained_matched_geometry,11419,1,0.23872427642345428
Wall,jepa_wm_wall,51,6,fidelity_constrained_matched_geometry__seed11419,fidelity_constrained_matched_geometry,11419,3,0.37315833568573
Wall,jepa_wm_wall,51,6,fidelity_constrained_matched_geometry__seed11419,fidelity_constrained_matched_geometry,11419,6,0.40505489706993103
Wall,jepa_wm_wall,52,6,fidelity_constrained_matched_geometry__seed11419,fidelity_constrained_matched_geometry,11419,1,0.2114611715078354
Wall,jepa_wm_wall,52,6,fidelity_constrained_matched_geometry__seed11419,fidelity_constrained_matched_geometry,11419,3,0.3773646354675293
Wall,jepa_wm_wall,52,6,fidelity_constrained_matched_geometry__seed11419,fidelity_constrained_matched_geometry,11419,6,0.41385436058044434
Wall,jepa_wm_wall,53,6,fidelity_constrained_matched_geometry__seed11419,fidelity_constrained_matched_geometry,11419,1,0.20295439660549164
Wall,jepa_wm_wall,53,6,fidelity_constrained_matched_geometry__seed11419,fidelity_constrained_matched_geometry,11419,3,0.3717687726020813
Wall,jepa_wm_wall,53,6,fidelity_constrained_matched_geometry__seed11419,fidelity_constrained_matched_geometry,11419,6,0.4151647686958313
Wall,jepa_wm_wall,54,6,fidelity_constrained_matched_geometry__seed11419,fidelity_constrained_matched_geometry,11419,1,0.23032288253307343
Wall,jepa_wm_wall,54,6,fidelity_constrained_matched_geometry__seed11419,fidelity_constrained_matched_geometry,11419,3,0.38570019602775574
Wall,jepa_wm_wall,54,6,fidelity_constrained_matched_geometry__seed11419,fidelity_constrained_matched_geometry,11419,6,0.43021732568740845
Wall,jepa_wm_wall,55,6,fidelity_constrained_matched_geometry__seed11419,fidelity_constrained_matched_geometry,11419,1,0.20213204622268677
Wall,jepa_wm_wall,55,6,fidelity_constrained_matched_geometry__seed11419,fidelity_constrained_matched_geometry,11419,3,0.3721230924129486
Wall,jepa_wm_wall,55,6,fidelity_constrained_matched_geometry__seed11419,fidelity_constrained_matched_geometry,11419,6,0.4288545846939087
Wall,jepa_wm_wall,8,1,fidelity_constrained_latent_only__seed11437,fidelity_constrained_latent_only,11437,1,0.12041512131690979
Wall,jepa_wm_wall,8,1,fidelity_constrained_latent_only__seed11437,fidelity_constrained_latent_only,11437,3,0.18046505749225616
Wall,jepa_wm_wall,8,1,fidelity_constrained_latent_only__seed11437,fidelity_constrained_latent_only,11437,6,0.19173817336559296
Wall,jepa_wm_wall,9,1,fidelity_constrained_latent_only__seed11437,fidelity_constrained_latent_only,11437,1,0.0729019045829773
Wall,jepa_wm_wall,9,1,fidelity_constrained_latent_only__seed11437,fidelity_constrained_latent_only,11437,3,0.16455316543579102
Wall,jepa_wm_wall,9,1,fidelity_constrained_latent_only__seed11437,fidelity_constrained_latent_only,11437,6,0.18099386990070343
Wall,jepa_wm_wall,10,1,fidelity_constrained_latent_only__seed11437,fidelity_constrained_latent_only,11437,1,0.11221975088119507
Wall,jepa_wm_wall,10,1,fidelity_constrained_latent_only__seed11437,fidelity_constrained_latent_only,11437,3,0.1941579282283783
Wall,jepa_wm_wall,10,1,fidelity_constrained_latent_only__seed11437,fidelity_constrained_latent_only,11437,6,0.2032639980316162
Wall,jepa_wm_wall,11,1,fidelity_constrained_latent_only__seed11437,fidelity_constrained_latent_only,11437,1,0.0812923014163971
Wall,jepa_wm_wall,11,1,fidelity_constrained_latent_only__seed11437,fidelity_constrained_latent_only,11437,3,0.1978592723608017
Wall,jepa_wm_wall,11,1,fidelity_constrained_latent_only__seed11437,fidelity_constrained_latent_only,11437,6,0.2025676816701889
Wall,jepa_wm_wall,12,1,fidelity_constrained_latent_only__seed11437,fidelity_constrained_latent_only,11437,1,0.07524064928293228
Wall,jepa_wm_wall,12,1,fidelity_constrained_latent_only__seed11437,fidelity_constrained_latent_only,11437,3,0.15713714063167572
Wall,jepa_wm_wall,12,1,fidelity_constrained_latent_only__seed11437,fidelity_constrained_latent_only,11437,6,0.2052527517080307
Wall,jepa_wm_wall,13,1,fidelity_constrained_latent_only__seed11437,fidelity_constrained_latent_only,11437,1,0.09090925008058548
Wall,jepa_wm_wall,13,1,fidelity_constrained_latent_only__seed11437,fidelity_constrained_latent_only,11437,3,0.16300718486309052
Wall,jepa_wm_wall,13,1,fidelity_constrained_latent_only__seed11437,fidelity_constrained_latent_only,11437,6,0.21035608649253845
Wall,jepa_wm_wall,14,1,fidelity_constrained_latent_only__seed11437,fidelity_constrained_latent_only,11437,1,0.07179007679224014
Wall,jepa_wm_wall,14,1,fidelity_constrained_latent_only__seed11437,fidelity_constrained_latent_only,11437,3,0.1938878446817398
Wall,jepa_wm_wall,14,1,fidelity_constrained_latent_only__seed11437,fidelity_constrained_latent_only,11437,6,0.18067516386508942
Wall,jepa_wm_wall,15,1,fidelity_constrained_latent_only__seed11437,fidelity_constrained_latent_only,11437,1,0.08452943712472916
Wall,jepa_wm_wall,15,1,fidelity_constrained_latent_only__seed11437,fidelity_constrained_latent_only,11437,3,0.20928451418876648
Wall,jepa_wm_wall,15,1,fidelity_constrained_latent_only__seed11437,fidelity_constrained_latent_only,11437,6,0.22243720293045044
Wall,jepa_wm_wall,16,2,fidelity_constrained_latent_only__seed11437,fidelity_constrained_latent_only,11437,1,0.11560367792844772
Wall,jepa_wm_wall,16,2,fidelity_constrained_latent_only__seed11437,fidelity_constrained_latent_only,11437,3,0.24117597937583923
Wall,jepa_wm_wall,16,2,fidelity_constrained_latent_only__seed11437,fidelity_constrained_latent_only,11437,6,0.30075839161872864
Wall,jepa_wm_wall,17,2,fidelity_constrained_latent_only__seed11437,fidelity_constrained_latent_only,11437,1,0.12420380860567093
Wall,jepa_wm_wall,17,2,fidelity_constrained_latent_only__seed11437,fidelity_constrained_latent_only,11437,3,0.21173769235610962
Wall,jepa_wm_wall,17,2,fidelity_constrained_latent_only__seed11437,fidelity_constrained_latent_only,11437,6,0.280886173248291
Wall,jepa_wm_wall,18,2,fidelity_constrained_latent_only__seed11437,fidelity_constrained_latent_only,11437,1,0.11377660930156708
Wall,jepa_wm_wall,18,2,fidelity_constrained_latent_only__seed11437,fidelity_constrained_latent_only,11437,3,0.16955794394016266
Wall,jepa_wm_wall,18,2,fidelity_constrained_latent_only__seed11437,fidelity_constrained_latent_only,11437,6,0.21670497953891754
Wall,jepa_wm_wall,19,2,fidelity_constrained_latent_only__seed11437,fidelity_constrained_latent_only,11437,1,0.15397946536540985
Wall,jepa_wm_wall,19,2,fidelity_constrained_latent_only__seed11437,fidelity_constrained_latent_only,11437,3,0.24643944203853607
Wall,jepa_wm_wall,19,2,fidelity_constrained_latent_only__seed11437,fidelity_constrained_latent_only,11437,6,0.2817685604095459
Wall,jepa_wm_wall,20,2,fidelity_constrained_latent_only__seed11437,fidelity_constrained_latent_only,11437,1,0.13666985929012299
Wall,jepa_wm_wall,20,2,fidelity_constrained_latent_only__seed11437,fidelity_constrained_latent_only,11437,3,0.2510896623134613
Wall,jepa_wm_wall,20,2,fidelity_constrained_latent_only__seed11437,fidelity_constrained_latent_only,11437,6,0.2920624017715454
Wall,jepa_wm_wall,21,2,fidelity_constrained_latent_only__seed11437,fidelity_constrained_latent_only,11437,1,0.11209280788898468
Wall,jepa_wm_wall,21,2,fidelity_constrained_latent_only__seed11437,fidelity_constrained_latent_only,11437,3,0.18847310543060303
Wall,jepa_wm_wall,21,2,fidelity_constrained_latent_only__seed11437,fidelity_constrained_latent_only,11437,6,0.2703776955604553
Wall,jepa_wm_wall,22,2,fidelity_constrained_latent_only__seed11437,fidelity_constrained_latent_only,11437,1,0.12640003859996796
Wall,jepa_wm_wall,22,2,fidelity_constrained_latent_only__seed11437,fidelity_constrained_latent_only,11437,3,0.21198496222496033
Wall,jepa_wm_wall,22,2,fidelity_constrained_latent_only__seed11437,fidelity_constrained_latent_only,11437,6,0.2812451720237732
Wall,jepa_wm_wall,23,2,fidelity_constrained_latent_only__seed11437,fidelity_constrained_latent_only,11437,1,0.11425846815109253
Wall,jepa_wm_wall,23,2,fidelity_constrained_latent_only__seed11437,fidelity_constrained_latent_only,11437,3,0.23012962937355042
Wall,jepa_wm_wall,23,2,fidelity_constrained_latent_only__seed11437,fidelity_constrained_latent_only,11437,6,0.28464266657829285
Wall,jepa_wm_wall,48,6,fidelity_constrained_latent_only__seed11437,fidelity_constrained_latent_only,11437,1,0.13839633762836456
Wall,jepa_wm_wall,48,6,fidelity_constrained_latent_only__seed11437,fidelity_constrained_latent_only,11437,3,0.26084715127944946
Wall,jepa_wm_wall,48,6,fidelity_constrained_latent_only__seed11437,fidelity_constrained_latent_only,11437,6,0.3102426826953888
Wall,jepa_wm_wall,49,6,fidelity_constrained_latent_only__seed11437,fidelity_constrained_latent_only,11437,1,0.1380319595336914
Wall,jepa_wm_wall,49,6,fidelity_constrained_latent_only__seed11437,fidelity_constrained_latent_only,11437,3,0.2614303529262543
Wall,jepa_wm_wall,49,6,fidelity_constrained_latent_only__seed11437,fidelity_constrained_latent_only,11437,6,0.30631667375564575
Wall,jepa_wm_wall,50,6,fidelity_constrained_latent_only__seed11437,fidelity_constrained_latent_only,11437,1,0.1384284347295761
Wall,jepa_wm_wall,50,6,fidelity_constrained_latent_only__seed11437,fidelity_constrained_latent_only,11437,3,0.25023066997528076
Wall,jepa_wm_wall,50,6,fidelity_constrained_latent_only__seed11437,fidelity_constrained_latent_only,11437,6,0.3025014102458954
Wall,jepa_wm_wall,51,6,fidelity_constrained_latent_only__seed11437,fidelity_constrained_latent_only,11437,1,0.15675358474254608
Wall,jepa_wm_wall,51,6,fidelity_constrained_latent_only__seed11437,fidelity_constrained_latent_only,11437,3,0.2476041615009308
Wall,jepa_wm_wall,51,6,fidelity_constrained_latent_only__seed11437,fidelity_constrained_latent_only,11437,6,0.28581005334854126
Wall,jepa_wm_wall,52,6,fidelity_constrained_latent_only__seed11437,fidelity_constrained_latent_only,11437,1,0.12806424498558044
Wall,jepa_wm_wall,52,6,fidelity_constrained_latent_only__seed11437,fidelity_constrained_latent_only,11437,3,0.24864357709884644
Wall,jepa_wm_wall,52,6,fidelity_constrained_latent_only__seed11437,fidelity_constrained_latent_only,11437,6,0.29257747530937195
Wall,jepa_wm_wall,53,6,fidelity_constrained_latent_only__seed11437,fidelity_constrained_latent_only,11437,1,0.12493537366390228
Wall,jepa_wm_wall,53,6,fidelity_constrained_latent_only__seed11437,fidelity_constrained_latent_only,11437,3,0.24332384765148163
Wall,jepa_wm_wall,53,6,fidelity_constrained_latent_only__seed11437,fidelity_constrained_latent_only,11437,6,0.3055155277252197
Wall,jepa_wm_wall,54,6,fidelity_constrained_latent_only__seed11437,fidelity_constrained_latent_only,11437,1,0.15013252198696136
Wall,jepa_wm_wall,54,6,fidelity_constrained_latent_only__seed11437,fidelity_constrained_latent_only,11437,3,0.2652599513530731
Wall,jepa_wm_wall,54,6,fidelity_constrained_latent_only__seed11437,fidelity_constrained_latent_only,11437,6,0.3145010471343994
Wall,jepa_wm_wall,55,6,fidelity_constrained_latent_only__seed11437,fidelity_constrained_latent_only,11437,1,0.12598103284835815
Wall,jepa_wm_wall,55,6,fidelity_constrained_latent_only__seed11437,fidelity_constrained_latent_only,11437,3,0.23982226848602295
Wall,jepa_wm_wall,55,6,fidelity_constrained_latent_only__seed11437,fidelity_constrained_latent_only,11437,6,0.3002298176288605
Wall,jepa_wm_wall,8,1,fidelity_constrained_shuffled_geometry__seed11437,fidelity_constrained_shuffled_geometry,11437,1,0.18431340157985687
Wall,jepa_wm_wall,8,1,fidelity_constrained_shuffled_geometry__seed11437,fidelity_constrained_shuffled_geometry,11437,3,0.24510835111141205
Wall,jepa_wm_wall,8,1,fidelity_constrained_shuffled_geometry__seed11437,fidelity_constrained_shuffled_geometry,11437,6,0.2378874123096466
Wall,jepa_wm_wall,9,1,fidelity_constrained_shuffled_geometry__seed11437,fidelity_constrained_shuffled_geometry,11437,1,0.1295766830444336
Wall,jepa_wm_wall,9,1,fidelity_constrained_shuffled_geometry__seed11437,fidelity_constrained_shuffled_geometry,11437,3,0.24348419904708862
Wall,jepa_wm_wall,9,1,fidelity_constrained_shuffled_geometry__seed11437,fidelity_constrained_shuffled_geometry,11437,6,0.24451683461666107
Wall,jepa_wm_wall,10,1,fidelity_constrained_shuffled_geometry__seed11437,fidelity_constrained_shuffled_geometry,11437,1,0.16889816522598267
Wall,jepa_wm_wall,10,1,fidelity_constrained_shuffled_geometry__seed11437,fidelity_constrained_shuffled_geometry,11437,3,0.2612769603729248
Wall,jepa_wm_wall,10,1,fidelity_constrained_shuffled_geometry__seed11437,fidelity_constrained_shuffled_geometry,11437,6,0.2538704574108124
Wall,jepa_wm_wall,11,1,fidelity_constrained_shuffled_geometry__seed11437,fidelity_constrained_shuffled_geometry,11437,1,0.13698600232601166
Wall,jepa_wm_wall,11,1,fidelity_constrained_shuffled_geometry__seed11437,fidelity_constrained_shuffled_geometry,11437,3,0.2703338861465454
Wall,jepa_wm_wall,11,1,fidelity_constrained_shuffled_geometry__seed11437,fidelity_constrained_shuffled_geometry,11437,6,0.2592576742172241
Wall,jepa_wm_wall,12,1,fidelity_constrained_shuffled_geometry__seed11437,fidelity_constrained_shuffled_geometry,11437,1,0.13186907768249512
Wall,jepa_wm_wall,12,1,fidelity_constrained_shuffled_geometry__seed11437,fidelity_constrained_shuffled_geometry,11437,3,0.23897676169872284
Wall,jepa_wm_wall,12,1,fidelity_constrained_shuffled_geometry__seed11437,fidelity_constrained_shuffled_geometry,11437,6,0.24424108862876892
Wall,jepa_wm_wall,13,1,fidelity_constrained_shuffled_geometry__seed11437,fidelity_constrained_shuffled_geometry,11437,1,0.15851953625679016
Wall,jepa_wm_wall,13,1,fidelity_constrained_shuffled_geometry__seed11437,fidelity_constrained_shuffled_geometry,11437,3,0.22728635370731354
Wall,jepa_wm_wall,13,1,fidelity_constrained_shuffled_geometry__seed11437,fidelity_constrained_shuffled_geometry,11437,6,0.24070248007774353
Wall,jepa_wm_wall,14,1,fidelity_constrained_shuffled_geometry__seed11437,fidelity_constrained_shuffled_geometry,11437,1,0.12599429488182068
Wall,jepa_wm_wall,14,1,fidelity_constrained_shuffled_geometry__seed11437,fidelity_constrained_shuffled_geometry,11437,3,0.26458802819252014
Wall,jepa_wm_wall,14,1,fidelity_constrained_shuffled_geometry__seed11437,fidelity_constrained_shuffled_geometry,11437,6,0.2348911464214325
Wall,jepa_wm_wall,15,1,fidelity_constrained_shuffled_geometry__seed11437,fidelity_constrained_shuffled_geometry,11437,1,0.14716701209545135
Wall,jepa_wm_wall,15,1,fidelity_constrained_shuffled_geometry__seed11437,fidelity_constrained_shuffled_geometry,11437,3,0.2854337692260742
Wall,jepa_wm_wall,15,1,fidelity_constrained_shuffled_geometry__seed11437,fidelity_constrained_shuffled_geometry,11437,6,0.2510516047477722
Wall,jepa_wm_wall,16,2,fidelity_constrained_shuffled_geometry__seed11437,fidelity_constrained_shuffled_geometry,11437,1,0.16631686687469482
Wall,jepa_wm_wall,16,2,fidelity_constrained_shuffled_geometry__seed11437,fidelity_constrained_shuffled_geometry,11437,3,0.30170926451683044
Wall,jepa_wm_wall,16,2,fidelity_constrained_shuffled_geometry__seed11437,fidelity_constrained_shuffled_geometry,11437,6,0.3521668612957001
Wall,jepa_wm_wall,17,2,fidelity_constrained_shuffled_geometry__seed11437,fidelity_constrained_shuffled_geometry,11437,1,0.1759611815214157
Wall,jepa_wm_wall,17,2,fidelity_constrained_shuffled_geometry__seed11437,fidelity_constrained_shuffled_geometry,11437,3,0.2704937160015106
Wall,jepa_wm_wall,17,2,fidelity_constrained_shuffled_geometry__seed11437,fidelity_constrained_shuffled_geometry,11437,6,0.3383345603942871
Wall,jepa_wm_wall,18,2,fidelity_constrained_shuffled_geometry__seed11437,fidelity_constrained_shuffled_geometry,11437,1,0.16598334908485413
Wall,jepa_wm_wall,18,2,fidelity_constrained_shuffled_geometry__seed11437,fidelity_constrained_shuffled_geometry,11437,3,0.23221252858638763
Wall,jepa_wm_wall,18,2,fidelity_constrained_shuffled_geometry__seed11437,fidelity_constrained_shuffled_geometry,11437,6,0.3297373652458191
Wall,jepa_wm_wall,19,2,fidelity_constrained_shuffled_geometry__seed11437,fidelity_constrained_shuffled_geometry,11437,1,0.20543330907821655
Wall,jepa_wm_wall,19,2,fidelity_constrained_shuffled_geometry__seed11437,fidelity_constrained_shuffled_geometry,11437,3,0.31275540590286255
Wall,jepa_wm_wall,19,2,fidelity_constrained_shuffled_geometry__seed11437,fidelity_constrained_shuffled_geometry,11437,6,0.341328889131546
Wall,jepa_wm_wall,20,2,fidelity_constrained_shuffled_geometry__seed11437,fidelity_constrained_shuffled_geometry,11437,1,0.19215042889118195
Wall,jepa_wm_wall,20,2,fidelity_constrained_shuffled_geometry__seed11437,fidelity_constrained_shuffled_geometry,11437,3,0.302156537771225
Wall,jepa_wm_wall,20,2,fidelity_constrained_shuffled_geometry__seed11437,fidelity_constrained_shuffled_geometry,11437,6,0.3376471996307373
Wall,jepa_wm_wall,21,2,fidelity_constrained_shuffled_geometry__seed11437,fidelity_constrained_shuffled_geometry,11437,1,0.16374054551124573
Wall,jepa_wm_wall,21,2,fidelity_constrained_shuffled_geometry__seed11437,fidelity_constrained_shuffled_geometry,11437,3,0.2545332908630371
Wall,jepa_wm_wall,21,2,fidelity_constrained_shuffled_geometry__seed11437,fidelity_constrained_shuffled_geometry,11437,6,0.3294389545917511
Wall,jepa_wm_wall,22,2,fidelity_constrained_shuffled_geometry__seed11437,fidelity_constrained_shuffled_geometry,11437,1,0.17901068925857544
Wall,jepa_wm_wall,22,2,fidelity_constrained_shuffled_geometry__seed11437,fidelity_constrained_shuffled_geometry,11437,3,0.27037879824638367
Wall,jepa_wm_wall,22,2,fidelity_constrained_shuffled_geometry__seed11437,fidelity_constrained_shuffled_geometry,11437,6,0.3396373391151428
Wall,jepa_wm_wall,23,2,fidelity_constrained_shuffled_geometry__seed11437,fidelity_constrained_shuffled_geometry,11437,1,0.16512852907180786
Wall,jepa_wm_wall,23,2,fidelity_constrained_shuffled_geometry__seed11437,fidelity_constrained_shuffled_geometry,11437,3,0.28709375858306885
Wall,jepa_wm_wall,23,2,fidelity_constrained_shuffled_geometry__seed11437,fidelity_constrained_shuffled_geometry,11437,6,0.34056442975997925
Wall,jepa_wm_wall,48,6,fidelity_constrained_shuffled_geometry__seed11437,fidelity_constrained_shuffled_geometry,11437,1,0.22237823903560638
Wall,jepa_wm_wall,48,6,fidelity_constrained_shuffled_geometry__seed11437,fidelity_constrained_shuffled_geometry,11437,3,0.40011462569236755
Wall,jepa_wm_wall,48,6,fidelity_constrained_shuffled_geometry__seed11437,fidelity_constrained_shuffled_geometry,11437,6,0.42119601368904114
Wall,jepa_wm_wall,49,6,fidelity_constrained_shuffled_geometry__seed11437,fidelity_constrained_shuffled_geometry,11437,1,0.2176544964313507
Wall,jepa_wm_wall,49,6,fidelity_constrained_shuffled_geometry__seed11437,fidelity_constrained_shuffled_geometry,11437,3,0.4019162654876709
Wall,jepa_wm_wall,49,6,fidelity_constrained_shuffled_geometry__seed11437,fidelity_constrained_shuffled_geometry,11437,6,0.4178944528102875
Wall,jepa_wm_wall,50,6,fidelity_constrained_shuffled_geometry__seed11437,fidelity_constrained_shuffled_geometry,11437,1,0.2237457036972046
Wall,jepa_wm_wall,50,6,fidelity_constrained_shuffled_geometry__seed11437,fidelity_constrained_shuffled_geometry,11437,3,0.3867360055446625
Wall,jepa_wm_wall,50,6,fidelity_constrained_shuffled_geometry__seed11437,fidelity_constrained_shuffled_geometry,11437,6,0.42367327213287354
Wall,jepa_wm_wall,51,6,fidelity_constrained_shuffled_geometry__seed11437,fidelity_constrained_shuffled_geometry,11437,1,0.2457657903432846
Wall,jepa_wm_wall,51,6,fidelity_constrained_shuffled_geometry__seed11437,fidelity_constrained_shuffled_geometry,11437,3,0.3850453495979309
Wall,jepa_wm_wall,51,6,fidelity_constrained_shuffled_geometry__seed11437,fidelity_constrained_shuffled_geometry,11437,6,0.4247536361217499
Wall,jepa_wm_wall,52,6,fidelity_constrained_shuffled_geometry__seed11437,fidelity_constrained_shuffled_geometry,11437,1,0.21794462203979492
Wall,jepa_wm_wall,52,6,fidelity_constrained_shuffled_geometry__seed11437,fidelity_constrained_shuffled_geometry,11437,3,0.3853492736816406
Wall,jepa_wm_wall,52,6,fidelity_constrained_shuffled_geometry__seed11437,fidelity_constrained_shuffled_geometry,11437,6,0.4171517789363861
Wall,jepa_wm_wall,53,6,fidelity_constrained_shuffled_geometry__seed11437,fidelity_constrained_shuffled_geometry,11437,1,0.2061198651790619
Wall,jepa_wm_wall,53,6,fidelity_constrained_shuffled_geometry__seed11437,fidelity_constrained_shuffled_geometry,11437,3,0.38138067722320557
Wall,jepa_wm_wall,53,6,fidelity_constrained_shuffled_geometry__seed11437,fidelity_constrained_shuffled_geometry,11437,6,0.4194721579551697
Wall,jepa_wm_wall,54,6,fidelity_constrained_shuffled_geometry__seed11437,fidelity_constrained_shuffled_geometry,11437,1,0.23877765238285065
Wall,jepa_wm_wall,54,6,fidelity_constrained_shuffled_geometry__seed11437,fidelity_constrained_shuffled_geometry,11437,3,0.3930559456348419
Wall,jepa_wm_wall,54,6,fidelity_constrained_shuffled_geometry__seed11437,fidelity_constrained_shuffled_geometry,11437,6,0.4368373155593872
Wall,jepa_wm_wall,55,6,fidelity_constrained_shuffled_geometry__seed11437,fidelity_constrained_shuffled_geometry,11437,1,0.20596221089363098
Wall,jepa_wm_wall,55,6,fidelity_constrained_shuffled_geometry__seed11437,fidelity_constrained_shuffled_geometry,11437,3,0.3817483186721802
Wall,jepa_wm_wall,55,6,fidelity_constrained_shuffled_geometry__seed11437,fidelity_constrained_shuffled_geometry,11437,6,0.4331595003604889
Wall,jepa_wm_wall,8,1,fidelity_constrained_matched_geometry__seed11437,fidelity_constrained_matched_geometry,11437,1,0.18029217422008514
Wall,jepa_wm_wall,8,1,fidelity_constrained_matched_geometry__seed11437,fidelity_constrained_matched_geometry,11437,3,0.24248281121253967
Wall,jepa_wm_wall,8,1,fidelity_constrained_matched_geometry__seed11437,fidelity_constrained_matched_geometry,11437,6,0.23544003069400787
Wall,jepa_wm_wall,9,1,fidelity_constrained_matched_geometry__seed11437,fidelity_constrained_matched_geometry,11437,1,0.12967237830162048
Wall,jepa_wm_wall,9,1,fidelity_constrained_matched_geometry__seed11437,fidelity_constrained_matched_geometry,11437,3,0.2361832857131958
Wall,jepa_wm_wall,9,1,fidelity_constrained_matched_geometry__seed11437,fidelity_constrained_matched_geometry,11437,6,0.24502551555633545
Wall,jepa_wm_wall,10,1,fidelity_constrained_matched_geometry__seed11437,fidelity_constrained_matched_geometry,11437,1,0.16561344265937805
Wall,jepa_wm_wall,10,1,fidelity_constrained_matched_geometry__seed11437,fidelity_constrained_matched_geometry,11437,3,0.2546107769012451
Wall,jepa_wm_wall,10,1,fidelity_constrained_matched_geometry__seed11437,fidelity_constrained_matched_geometry,11437,6,0.25405681133270264
Wall,jepa_wm_wall,11,1,fidelity_constrained_matched_geometry__seed11437,fidelity_constrained_matched_geometry,11437,1,0.1384153813123703
Wall,jepa_wm_wall,11,1,fidelity_constrained_matched_geometry__seed11437,fidelity_constrained_matched_geometry,11437,3,0.26266515254974365
Wall,jepa_wm_wall,11,1,fidelity_constrained_matched_geometry__seed11437,fidelity_constrained_matched_geometry,11437,6,0.25660884380340576
Wall,jepa_wm_wall,12,1,fidelity_constrained_matched_geometry__seed11437,fidelity_constrained_matched_geometry,11437,1,0.13290748000144958
Wall,jepa_wm_wall,12,1,fidelity_constrained_matched_geometry__seed11437,fidelity_constrained_matched_geometry,11437,3,0.23130455613136292
Wall,jepa_wm_wall,12,1,fidelity_constrained_matched_geometry__seed11437,fidelity_constrained_matched_geometry,11437,6,0.2634536325931549
Wall,jepa_wm_wall,13,1,fidelity_constrained_matched_geometry__seed11437,fidelity_constrained_matched_geometry,11437,1,0.1536300927400589
Wall,jepa_wm_wall,13,1,fidelity_constrained_matched_geometry__seed11437,fidelity_constrained_matched_geometry,11437,3,0.2227095663547516
Wall,jepa_wm_wall,13,1,fidelity_constrained_matched_geometry__seed11437,fidelity_constrained_matched_geometry,11437,6,0.2555655539035797
Wall,jepa_wm_wall,14,1,fidelity_constrained_matched_geometry__seed11437,fidelity_constrained_matched_geometry,11437,1,0.12681220471858978
Wall,jepa_wm_wall,14,1,fidelity_constrained_matched_geometry__seed11437,fidelity_constrained_matched_geometry,11437,3,0.2656227648258209
Wall,jepa_wm_wall,14,1,fidelity_constrained_matched_geometry__seed11437,fidelity_constrained_matched_geometry,11437,6,0.2386282980442047
Wall,jepa_wm_wall,15,1,fidelity_constrained_matched_geometry__seed11437,fidelity_constrained_matched_geometry,11437,1,0.1446252465248108
Wall,jepa_wm_wall,15,1,fidelity_constrained_matched_geometry__seed11437,fidelity_constrained_matched_geometry,11437,3,0.2843930721282959
Wall,jepa_wm_wall,15,1,fidelity_constrained_matched_geometry__seed11437,fidelity_constrained_matched_geometry,11437,6,0.2713313102722168
Wall,jepa_wm_wall,16,2,fidelity_constrained_matched_geometry__seed11437,fidelity_constrained_matched_geometry,11437,1,0.16624696552753448
Wall,jepa_wm_wall,16,2,fidelity_constrained_matched_geometry__seed11437,fidelity_constrained_matched_geometry,11437,3,0.2924063801765442
Wall,jepa_wm_wall,16,2,fidelity_constrained_matched_geometry__seed11437,fidelity_constrained_matched_geometry,11437,6,0.3447176218032837
Wall,jepa_wm_wall,17,2,fidelity_constrained_matched_geometry__seed11437,fidelity_constrained_matched_geometry,11437,1,0.17475634813308716
Wall,jepa_wm_wall,17,2,fidelity_constrained_matched_geometry__seed11437,fidelity_constrained_matched_geometry,11437,3,0.2710585594177246
Wall,jepa_wm_wall,17,2,fidelity_constrained_matched_geometry__seed11437,fidelity_constrained_matched_geometry,11437,6,0.33429083228111267
Wall,jepa_wm_wall,18,2,fidelity_constrained_matched_geometry__seed11437,fidelity_constrained_matched_geometry,11437,1,0.16774316132068634
Wall,jepa_wm_wall,18,2,fidelity_constrained_matched_geometry__seed11437,fidelity_constrained_matched_geometry,11437,3,0.2287956178188324
Wall,jepa_wm_wall,18,2,fidelity_constrained_matched_geometry__seed11437,fidelity_constrained_matched_geometry,11437,6,0.3263881802558899
Wall,jepa_wm_wall,19,2,fidelity_constrained_matched_geometry__seed11437,fidelity_constrained_matched_geometry,11437,1,0.2044905722141266
Wall,jepa_wm_wall,19,2,fidelity_constrained_matched_geometry__seed11437,fidelity_constrained_matched_geometry,11437,3,0.3032422661781311
Wall,jepa_wm_wall,19,2,fidelity_constrained_matched_geometry__seed11437,fidelity_constrained_matched_geometry,11437,6,0.3270787000656128
Wall,jepa_wm_wall,20,2,fidelity_constrained_matched_geometry__seed11437,fidelity_constrained_matched_geometry,11437,1,0.1878947764635086
Wall,jepa_wm_wall,20,2,fidelity_constrained_matched_geometry__seed11437,fidelity_constrained_matched_geometry,11437,3,0.29748275876045227
Wall,jepa_wm_wall,20,2,fidelity_constrained_matched_geometry__seed11437,fidelity_constrained_matched_geometry,11437,6,0.3315506875514984
Wall,jepa_wm_wall,21,2,fidelity_constrained_matched_geometry__seed11437,fidelity_constrained_matched_geometry,11437,1,0.1636909693479538
Wall,jepa_wm_wall,21,2,fidelity_constrained_matched_geometry__seed11437,fidelity_constrained_matched_geometry,11437,3,0.24885715544223785
Wall,jepa_wm_wall,21,2,fidelity_constrained_matched_geometry__seed11437,fidelity_constrained_matched_geometry,11437,6,0.3241494596004486
Wall,jepa_wm_wall,22,2,fidelity_constrained_matched_geometry__seed11437,fidelity_constrained_matched_geometry,11437,1,0.1775585114955902
Wall,jepa_wm_wall,22,2,fidelity_constrained_matched_geometry__seed11437,fidelity_constrained_matched_geometry,11437,3,0.27066150307655334
Wall,jepa_wm_wall,22,2,fidelity_constrained_matched_geometry__seed11437,fidelity_constrained_matched_geometry,11437,6,0.3352331221103668
Wall,jepa_wm_wall,23,2,fidelity_constrained_matched_geometry__seed11437,fidelity_constrained_matched_geometry,11437,1,0.16617104411125183
Wall,jepa_wm_wall,23,2,fidelity_constrained_matched_geometry__seed11437,fidelity_constrained_matched_geometry,11437,3,0.2832256257534027
Wall,jepa_wm_wall,23,2,fidelity_constrained_matched_geometry__seed11437,fidelity_constrained_matched_geometry,11437,6,0.3327268958091736
Wall,jepa_wm_wall,48,6,fidelity_constrained_matched_geometry__seed11437,fidelity_constrained_matched_geometry,11437,1,0.21718144416809082
Wall,jepa_wm_wall,48,6,fidelity_constrained_matched_geometry__seed11437,fidelity_constrained_matched_geometry,11437,3,0.38593780994415283
Wall,jepa_wm_wall,48,6,fidelity_constrained_matched_geometry__seed11437,fidelity_constrained_matched_geometry,11437,6,0.4148775637149811
Wall,jepa_wm_wall,49,6,fidelity_constrained_matched_geometry__seed11437,fidelity_constrained_matched_geometry,11437,1,0.21416214108467102
Wall,jepa_wm_wall,49,6,fidelity_constrained_matched_geometry__seed11437,fidelity_constrained_matched_geometry,11437,3,0.39013394713401794
Wall,jepa_wm_wall,49,6,fidelity_constrained_matched_geometry__seed11437,fidelity_constrained_matched_geometry,11437,6,0.4113142788410187
Wall,jepa_wm_wall,50,6,fidelity_constrained_matched_geometry__seed11437,fidelity_constrained_matched_geometry,11437,1,0.21755258738994598
Wall,jepa_wm_wall,50,6,fidelity_constrained_matched_geometry__seed11437,fidelity_constrained_matched_geometry,11437,3,0.37579965591430664
Wall,jepa_wm_wall,50,6,fidelity_constrained_matched_geometry__seed11437,fidelity_constrained_matched_geometry,11437,6,0.4194691479206085
Wall,jepa_wm_wall,51,6,fidelity_constrained_matched_geometry__seed11437,fidelity_constrained_matched_geometry,11437,1,0.2390470951795578
Wall,jepa_wm_wall,51,6,fidelity_constrained_matched_geometry__seed11437,fidelity_constrained_matched_geometry,11437,3,0.37335142493247986
Wall,jepa_wm_wall,51,6,fidelity_constrained_matched_geometry__seed11437,fidelity_constrained_matched_geometry,11437,6,0.40518951416015625
Wall,jepa_wm_wall,52,6,fidelity_constrained_matched_geometry__seed11437,fidelity_constrained_matched_geometry,11437,1,0.2117735594511032
Wall,jepa_wm_wall,52,6,fidelity_constrained_matched_geometry__seed11437,fidelity_constrained_matched_geometry,11437,3,0.37737661600112915
Wall,jepa_wm_wall,52,6,fidelity_constrained_matched_geometry__seed11437,fidelity_constrained_matched_geometry,11437,6,0.41348326206207275
Wall,jepa_wm_wall,53,6,fidelity_constrained_matched_geometry__seed11437,fidelity_constrained_matched_geometry,11437,1,0.20352761447429657
Wall,jepa_wm_wall,53,6,fidelity_constrained_matched_geometry__seed11437,fidelity_constrained_matched_geometry,11437,3,0.3716345727443695
Wall,jepa_wm_wall,53,6,fidelity_constrained_matched_geometry__seed11437,fidelity_constrained_matched_geometry,11437,6,0.4143529534339905
Wall,jepa_wm_wall,54,6,fidelity_constrained_matched_geometry__seed11437,fidelity_constrained_matched_geometry,11437,1,0.23060397803783417
Wall,jepa_wm_wall,54,6,fidelity_constrained_matched_geometry__seed11437,fidelity_constrained_matched_geometry,11437,3,0.38530123233795166
Wall,jepa_wm_wall,54,6,fidelity_constrained_matched_geometry__seed11437,fidelity_constrained_matched_geometry,11437,6,0.42982348799705505
Wall,jepa_wm_wall,55,6,fidelity_constrained_matched_geometry__seed11437,fidelity_constrained_matched_geometry,11437,1,0.20271359384059906
Wall,jepa_wm_wall,55,6,fidelity_constrained_matched_geometry__seed11437,fidelity_constrained_matched_geometry,11437,3,0.3725007474422455
Wall,jepa_wm_wall,55,6,fidelity_constrained_matched_geometry__seed11437,fidelity_constrained_matched_geometry,11437,6,0.4267612099647522
