environment,model,state_id,task_id,method,variant,adaptation_seed,projection_seed,horizon,whitened_geometry_rmse
PushT,jepa_wm_pusht,8,1,frozen,frozen,-1,14011,1,1.001583489042115
PushT,jepa_wm_pusht,8,1,frozen,frozen,-1,14011,3,0.856746390305693
PushT,jepa_wm_pusht,8,1,frozen,frozen,-1,14011,6,0.8209525429632967
PushT,jepa_wm_pusht,9,1,frozen,frozen,-1,14011,1,1.241463300912498
PushT,jepa_wm_pusht,9,1,frozen,frozen,-1,14011,3,0.9148335664283752
PushT,jepa_wm_pusht,9,1,frozen,frozen,-1,14011,6,0.8849812688168341
PushT,jepa_wm_pusht,10,1,frozen,frozen,-1,14011,1,1.339332821382058
PushT,jepa_wm_pusht,10,1,frozen,frozen,-1,14011,3,1.1598093695722922
PushT,jepa_wm_pusht,10,1,frozen,frozen,-1,14011,6,1.010109904488277
PushT,jepa_wm_pusht,11,1,frozen,frozen,-1,14011,1,1.6175545341725683
PushT,jepa_wm_pusht,11,1,frozen,frozen,-1,14011,3,0.9507123906880707
PushT,jepa_wm_pusht,11,1,frozen,frozen,-1,14011,6,0.8807773424528383
PushT,jepa_wm_pusht,12,1,frozen,frozen,-1,14011,1,1.1669857198099185
PushT,jepa_wm_pusht,12,1,frozen,frozen,-1,14011,3,0.8977412559586561
PushT,jepa_wm_pusht,12,1,frozen,frozen,-1,14011,6,0.7770918077201366
PushT,jepa_wm_pusht,13,1,frozen,frozen,-1,14011,1,1.253164545795426
PushT,jepa_wm_pusht,13,1,frozen,frozen,-1,14011,3,0.8919511226732847
PushT,jepa_wm_pusht,13,1,frozen,frozen,-1,14011,6,0.821019440355503
PushT,jepa_wm_pusht,14,1,frozen,frozen,-1,14011,1,0.5001497070166461
PushT,jepa_wm_pusht,14,1,frozen,frozen,-1,14011,3,0.6113823169375033
PushT,jepa_wm_pusht,14,1,frozen,frozen,-1,14011,6,0.7092168047218697
PushT,jepa_wm_pusht,15,1,frozen,frozen,-1,14011,1,0.5929158479697505
PushT,jepa_wm_pusht,15,1,frozen,frozen,-1,14011,3,0.7346182629221548
PushT,jepa_wm_pusht,15,1,frozen,frozen,-1,14011,6,0.7425347673373917
PushT,jepa_wm_pusht,16,2,frozen,frozen,-1,14011,1,1.2619167787980983
PushT,jepa_wm_pusht,16,2,frozen,frozen,-1,14011,3,1.0924227794845702
PushT,jepa_wm_pusht,16,2,frozen,frozen,-1,14011,6,1.0983264820464178
PushT,jepa_wm_pusht,17,2,frozen,frozen,-1,14011,1,0.6376260182871049
PushT,jepa_wm_pusht,17,2,frozen,frozen,-1,14011,3,0.8841794255165393
PushT,jepa_wm_pusht,17,2,frozen,frozen,-1,14011,6,0.8863787410339694
PushT,jepa_wm_pusht,18,2,frozen,frozen,-1,14011,1,0.5620293199876452
PushT,jepa_wm_pusht,18,2,frozen,frozen,-1,14011,3,0.6176270595779012
PushT,jepa_wm_pusht,18,2,frozen,frozen,-1,14011,6,0.6972455946309714
PushT,jepa_wm_pusht,19,2,frozen,frozen,-1,14011,1,0.8034859111693499
PushT,jepa_wm_pusht,19,2,frozen,frozen,-1,14011,3,0.6693173531245054
PushT,jepa_wm_pusht,19,2,frozen,frozen,-1,14011,6,0.6826843249466304
PushT,jepa_wm_pusht,20,2,frozen,frozen,-1,14011,1,1.000462653877592
PushT,jepa_wm_pusht,20,2,frozen,frozen,-1,14011,3,0.7222137474847706
PushT,jepa_wm_pusht,20,2,frozen,frozen,-1,14011,6,0.8507428857397276
PushT,jepa_wm_pusht,21,2,frozen,frozen,-1,14011,1,0.6185775966001789
PushT,jepa_wm_pusht,21,2,frozen,frozen,-1,14011,3,0.8660080943168192
PushT,jepa_wm_pusht,21,2,frozen,frozen,-1,14011,6,0.8661345182060995
PushT,jepa_wm_pusht,22,2,frozen,frozen,-1,14011,1,0.6994558016263843
PushT,jepa_wm_pusht,22,2,frozen,frozen,-1,14011,3,0.8069207651626765
PushT,jepa_wm_pusht,22,2,frozen,frozen,-1,14011,6,0.7945319571464841
PushT,jepa_wm_pusht,23,2,frozen,frozen,-1,14011,1,0.8908703744243208
PushT,jepa_wm_pusht,23,2,frozen,frozen,-1,14011,3,0.6221571982271983
PushT,jepa_wm_pusht,23,2,frozen,frozen,-1,14011,6,0.6344602208859124
PushT,jepa_wm_pusht,48,6,frozen,frozen,-1,14011,1,1.7627169661749926
PushT,jepa_wm_pusht,48,6,frozen,frozen,-1,14011,3,0.8441591781145478
PushT,jepa_wm_pusht,48,6,frozen,frozen,-1,14011,6,0.8129114491126939
PushT,jepa_wm_pusht,49,6,frozen,frozen,-1,14011,1,1.2020113577126574
PushT,jepa_wm_pusht,49,6,frozen,frozen,-1,14011,3,0.8112158621117882
PushT,jepa_wm_pusht,49,6,frozen,frozen,-1,14011,6,0.7290522277572458
PushT,jepa_wm_pusht,50,6,frozen,frozen,-1,14011,1,1.1248753821109196
PushT,jepa_wm_pusht,50,6,frozen,frozen,-1,14011,3,0.8085496232114993
PushT,jepa_wm_pusht,50,6,frozen,frozen,-1,14011,6,0.9528414950698484
PushT,jepa_wm_pusht,51,6,frozen,frozen,-1,14011,1,1.2018321079874952
PushT,jepa_wm_pusht,51,6,frozen,frozen,-1,14011,3,0.7628662547466921
PushT,jepa_wm_pusht,51,6,frozen,frozen,-1,14011,6,0.7393647669678535
PushT,jepa_wm_pusht,52,6,frozen,frozen,-1,14011,1,0.7109046918926584
PushT,jepa_wm_pusht,52,6,frozen,frozen,-1,14011,3,0.6549972547216992
PushT,jepa_wm_pusht,52,6,frozen,frozen,-1,14011,6,0.6648171933543572
PushT,jepa_wm_pusht,53,6,frozen,frozen,-1,14011,1,1.0260320540356678
PushT,jepa_wm_pusht,53,6,frozen,frozen,-1,14011,3,0.7485640723859728
PushT,jepa_wm_pusht,53,6,frozen,frozen,-1,14011,6,0.8059862924493716
PushT,jepa_wm_pusht,54,6,frozen,frozen,-1,14011,1,1.5214306963500275
PushT,jepa_wm_pusht,54,6,frozen,frozen,-1,14011,3,1.2333460368563651
PushT,jepa_wm_pusht,54,6,frozen,frozen,-1,14011,6,1.1879219228159006
PushT,jepa_wm_pusht,55,6,frozen,frozen,-1,14011,1,0.7129002363594374
PushT,jepa_wm_pusht,55,6,frozen,frozen,-1,14011,3,0.7327772724390491
PushT,jepa_wm_pusht,55,6,frozen,frozen,-1,14011,6,0.7369232222741424
PushT,jepa_wm_pusht,8,1,fidelity_constrained_latent_only,fidelity_constrained_latent_only__seed11401,11401,14011,1,0.989667573380333
PushT,jepa_wm_pusht,8,1,fidelity_constrained_latent_only,fidelity_constrained_latent_only__seed11401,11401,14011,3,0.8220907289415467
PushT,jepa_wm_pusht,8,1,fidelity_constrained_latent_only,fidelity_constrained_latent_only__seed11401,11401,14011,6,0.7544168339502892
PushT,jepa_wm_pusht,9,1,fidelity_constrained_latent_only,fidelity_constrained_latent_only__seed11401,11401,14011,1,1.2394914398579027
PushT,jepa_wm_pusht,9,1,fidelity_constrained_latent_only,fidelity_constrained_latent_only__seed11401,11401,14011,3,0.8911004280083854
PushT,jepa_wm_pusht,9,1,fidelity_constrained_latent_only,fidelity_constrained_latent_only__seed11401,11401,14011,6,0.8064436716454239
PushT,jepa_wm_pusht,10,1,fidelity_constrained_latent_only,fidelity_constrained_latent_only__seed11401,11401,14011,1,1.3165524675742932
PushT,jepa_wm_pusht,10,1,fidelity_constrained_latent_only,fidelity_constrained_latent_only__seed11401,11401,14011,3,1.1837122990557447
PushT,jepa_wm_pusht,10,1,fidelity_constrained_latent_only,fidelity_constrained_latent_only__seed11401,11401,14011,6,1.0234622023558035
PushT,jepa_wm_pusht,11,1,fidelity_constrained_latent_only,fidelity_constrained_latent_only__seed11401,11401,14011,1,1.5902829809717725
PushT,jepa_wm_pusht,11,1,fidelity_constrained_latent_only,fidelity_constrained_latent_only__seed11401,11401,14011,3,0.9667522399147687
PushT,jepa_wm_pusht,11,1,fidelity_constrained_latent_only,fidelity_constrained_latent_only__seed11401,11401,14011,6,0.8884175721047877
PushT,jepa_wm_pusht,12,1,fidelity_constrained_latent_only,fidelity_constrained_latent_only__seed11401,11401,14011,1,1.1618127631577686
PushT,jepa_wm_pusht,12,1,fidelity_constrained_latent_only,fidelity_constrained_latent_only__seed11401,11401,14011,3,0.8924697887672405
PushT,jepa_wm_pusht,12,1,fidelity_constrained_latent_only,fidelity_constrained_latent_only__seed11401,11401,14011,6,0.7958134676720896
PushT,jepa_wm_pusht,13,1,fidelity_constrained_latent_only,fidelity_constrained_latent_only__seed11401,11401,14011,1,1.232464746523569
PushT,jepa_wm_pusht,13,1,fidelity_constrained_latent_only,fidelity_constrained_latent_only__seed11401,11401,14011,3,0.8331577217965876
PushT,jepa_wm_pusht,13,1,fidelity_constrained_latent_only,fidelity_constrained_latent_only__seed11401,11401,14011,6,0.8086487174108572
PushT,jepa_wm_pusht,14,1,fidelity_constrained_latent_only,fidelity_constrained_latent_only__seed11401,11401,14011,1,0.4995794156181209
PushT,jepa_wm_pusht,14,1,fidelity_constrained_latent_only,fidelity_constrained_latent_only__seed11401,11401,14011,3,0.585450522355584
PushT,jepa_wm_pusht,14,1,fidelity_constrained_latent_only,fidelity_constrained_latent_only__seed11401,11401,14011,6,0.6400244112608661
PushT,jepa_wm_pusht,15,1,fidelity_constrained_latent_only,fidelity_constrained_latent_only__seed11401,11401,14011,1,0.599306821673273
PushT,jepa_wm_pusht,15,1,fidelity_constrained_latent_only,fidelity_constrained_latent_only__seed11401,11401,14011,3,0.7006039702480187
PushT,jepa_wm_pusht,15,1,fidelity_constrained_latent_only,fidelity_constrained_latent_only__seed11401,11401,14011,6,0.6815790798232785
PushT,jepa_wm_pusht,16,2,fidelity_constrained_latent_only,fidelity_constrained_latent_only__seed11401,11401,14011,1,1.2420516661532561
PushT,jepa_wm_pusht,16,2,fidelity_constrained_latent_only,fidelity_constrained_latent_only__seed11401,11401,14011,3,1.0239033357547807
PushT,jepa_wm_pusht,16,2,fidelity_constrained_latent_only,fidelity_constrained_latent_only__seed11401,11401,14011,6,1.020977283108344
PushT,jepa_wm_pusht,17,2,fidelity_constrained_latent_only,fidelity_constrained_latent_only__seed11401,11401,14011,1,0.6217406186973459
PushT,jepa_wm_pusht,17,2,fidelity_constrained_latent_only,fidelity_constrained_latent_only__seed11401,11401,14011,3,0.8696365375756226
PushT,jepa_wm_pusht,17,2,fidelity_constrained_latent_only,fidelity_constrained_latent_only__seed11401,11401,14011,6,0.8255038387506409
PushT,jepa_wm_pusht,18,2,fidelity_constrained_latent_only,fidelity_constrained_latent_only__seed11401,11401,14011,1,0.5661843427007114
PushT,jepa_wm_pusht,18,2,fidelity_constrained_latent_only,fidelity_constrained_latent_only__seed11401,11401,14011,3,0.6117889875596071
PushT,jepa_wm_pusht,18,2,fidelity_constrained_latent_only,fidelity_constrained_latent_only__seed11401,11401,14011,6,0.6301667907485772
PushT,jepa_wm_pusht,19,2,fidelity_constrained_latent_only,fidelity_constrained_latent_only__seed11401,11401,14011,1,0.8266920218625342
PushT,jepa_wm_pusht,19,2,fidelity_constrained_latent_only,fidelity_constrained_latent_only__seed11401,11401,14011,3,0.673149345728537
PushT,jepa_wm_pusht,19,2,fidelity_constrained_latent_only,fidelity_constrained_latent_only__seed11401,11401,14011,6,0.6261246766112415
PushT,jepa_wm_pusht,20,2,fidelity_constrained_latent_only,fidelity_constrained_latent_only__seed11401,11401,14011,1,1.0003845051544835
PushT,jepa_wm_pusht,20,2,fidelity_constrained_latent_only,fidelity_constrained_latent_only__seed11401,11401,14011,3,0.6992491210175148
PushT,jepa_wm_pusht,20,2,fidelity_constrained_latent_only,fidelity_constrained_latent_only__seed11401,11401,14011,6,0.7861830607348116
PushT,jepa_wm_pusht,21,2,fidelity_constrained_latent_only,fidelity_constrained_latent_only__seed11401,11401,14011,1,0.610743002576453
PushT,jepa_wm_pusht,21,2,fidelity_constrained_latent_only,fidelity_constrained_latent_only__seed11401,11401,14011,3,0.833808973561674
PushT,jepa_wm_pusht,21,2,fidelity_constrained_latent_only,fidelity_constrained_latent_only__seed11401,11401,14011,6,0.7686446527886035
PushT,jepa_wm_pusht,22,2,fidelity_constrained_latent_only,fidelity_constrained_latent_only__seed11401,11401,14011,1,0.6613955849735388
PushT,jepa_wm_pusht,22,2,fidelity_constrained_latent_only,fidelity_constrained_latent_only__seed11401,11401,14011,3,0.7594701381119204
PushT,jepa_wm_pusht,22,2,fidelity_constrained_latent_only,fidelity_constrained_latent_only__seed11401,11401,14011,6,0.6881384391822307
PushT,jepa_wm_pusht,23,2,fidelity_constrained_latent_only,fidelity_constrained_latent_only__seed11401,11401,14011,1,0.8911744797332453
PushT,jepa_wm_pusht,23,2,fidelity_constrained_latent_only,fidelity_constrained_latent_only__seed11401,11401,14011,3,0.6112695025718818
PushT,jepa_wm_pusht,23,2,fidelity_constrained_latent_only,fidelity_constrained_latent_only__seed11401,11401,14011,6,0.6126188796957477
PushT,jepa_wm_pusht,48,6,fidelity_constrained_latent_only,fidelity_constrained_latent_only__seed11401,11401,14011,1,1.7657728174113319
PushT,jepa_wm_pusht,48,6,fidelity_constrained_latent_only,fidelity_constrained_latent_only__seed11401,11401,14011,3,0.8670716574512844
PushT,jepa_wm_pusht,48,6,fidelity_constrained_latent_only,fidelity_constrained_latent_only__seed11401,11401,14011,6,0.8237046111435025
PushT,jepa_wm_pusht,49,6,fidelity_constrained_latent_only,fidelity_constrained_latent_only__seed11401,11401,14011,1,1.206195604129214
PushT,jepa_wm_pusht,49,6,fidelity_constrained_latent_only,fidelity_constrained_latent_only__seed11401,11401,14011,3,0.7906776845078127
PushT,jepa_wm_pusht,49,6,fidelity_constrained_latent_only,fidelity_constrained_latent_only__seed11401,11401,14011,6,0.6636058546904057
PushT,jepa_wm_pusht,50,6,fidelity_constrained_latent_only,fidelity_constrained_latent_only__seed11401,11401,14011,1,1.1090893871635386
PushT,jepa_wm_pusht,50,6,fidelity_constrained_latent_only,fidelity_constrained_latent_only__seed11401,11401,14011,3,0.8034438209485293
PushT,jepa_wm_pusht,50,6,fidelity_constrained_latent_only,fidelity_constrained_latent_only__seed11401,11401,14011,6,0.8751731586933349
PushT,jepa_wm_pusht,51,6,fidelity_constrained_latent_only,fidelity_constrained_latent_only__seed11401,11401,14011,1,1.2134078333700575
PushT,jepa_wm_pusht,51,6,fidelity_constrained_latent_only,fidelity_constrained_latent_only__seed11401,11401,14011,3,0.7720584840990549
PushT,jepa_wm_pusht,51,6,fidelity_constrained_latent_only,fidelity_constrained_latent_only__seed11401,11401,14011,6,0.7358410169406953
PushT,jepa_wm_pusht,52,6,fidelity_constrained_latent_only,fidelity_constrained_latent_only__seed11401,11401,14011,1,0.6763210690136052
PushT,jepa_wm_pusht,52,6,fidelity_constrained_latent_only,fidelity_constrained_latent_only__seed11401,11401,14011,3,0.6480773424146138
PushT,jepa_wm_pusht,52,6,fidelity_constrained_latent_only,fidelity_constrained_latent_only__seed11401,11401,14011,6,0.6333233028302633
PushT,jepa_wm_pusht,53,6,fidelity_constrained_latent_only,fidelity_constrained_latent_only__seed11401,11401,14011,1,1.0219401151518848
PushT,jepa_wm_pusht,53,6,fidelity_constrained_latent_only,fidelity_constrained_latent_only__seed11401,11401,14011,3,0.7242315983836239
PushT,jepa_wm_pusht,53,6,fidelity_constrained_latent_only,fidelity_constrained_latent_only__seed11401,11401,14011,6,0.7642379332588087
PushT,jepa_wm_pusht,54,6,fidelity_constrained_latent_only,fidelity_constrained_latent_only__seed11401,11401,14011,1,1.538778307447784
PushT,jepa_wm_pusht,54,6,fidelity_constrained_latent_only,fidelity_constrained_latent_only__seed11401,11401,14011,3,1.2286284030708854
PushT,jepa_wm_pusht,54,6,fidelity_constrained_latent_only,fidelity_constrained_latent_only__seed11401,11401,14011,6,1.155676856152187
PushT,jepa_wm_pusht,55,6,fidelity_constrained_latent_only,fidelity_constrained_latent_only__seed11401,11401,14011,1,0.6757408854811466
PushT,jepa_wm_pusht,55,6,fidelity_constrained_latent_only,fidelity_constrained_latent_only__seed11401,11401,14011,3,0.7315601487221267
PushT,jepa_wm_pusht,55,6,fidelity_constrained_latent_only,fidelity_constrained_latent_only__seed11401,11401,14011,6,0.7078213358744673
PushT,jepa_wm_pusht,8,1,fidelity_constrained_shuffled_geometry,fidelity_constrained_shuffled_geometry__seed11401,11401,14011,1,0.9614909810950488
PushT,jepa_wm_pusht,8,1,fidelity_constrained_shuffled_geometry,fidelity_constrained_shuffled_geometry__seed11401,11401,14011,3,0.889438307670525
PushT,jepa_wm_pusht,8,1,fidelity_constrained_shuffled_geometry,fidelity_constrained_shuffled_geometry__seed11401,11401,14011,6,0.809060708667799
PushT,jepa_wm_pusht,9,1,fidelity_constrained_shuffled_geometry,fidelity_constrained_shuffled_geometry__seed11401,11401,14011,1,1.2672138312791217
PushT,jepa_wm_pusht,9,1,fidelity_constrained_shuffled_geometry,fidelity_constrained_shuffled_geometry__seed11401,11401,14011,3,0.9125797718767563
PushT,jepa_wm_pusht,9,1,fidelity_constrained_shuffled_geometry,fidelity_constrained_shuffled_geometry__seed11401,11401,14011,6,0.8427127021058587
PushT,jepa_wm_pusht,10,1,fidelity_constrained_shuffled_geometry,fidelity_constrained_shuffled_geometry__seed11401,11401,14011,1,1.3312665393142227
PushT,jepa_wm_pusht,10,1,fidelity_constrained_shuffled_geometry,fidelity_constrained_shuffled_geometry__seed11401,11401,14011,3,1.1684693265134292
PushT,jepa_wm_pusht,10,1,fidelity_constrained_shuffled_geometry,fidelity_constrained_shuffled_geometry__seed11401,11401,14011,6,0.9929397958392921
PushT,jepa_wm_pusht,11,1,fidelity_constrained_shuffled_geometry,fidelity_constrained_shuffled_geometry__seed11401,11401,14011,1,1.5926055903088707
PushT,jepa_wm_pusht,11,1,fidelity_constrained_shuffled_geometry,fidelity_constrained_shuffled_geometry__seed11401,11401,14011,3,0.9139736841136922
PushT,jepa_wm_pusht,11,1,fidelity_constrained_shuffled_geometry,fidelity_constrained_shuffled_geometry__seed11401,11401,14011,6,0.8636931136583101
PushT,jepa_wm_pusht,12,1,fidelity_constrained_shuffled_geometry,fidelity_constrained_shuffled_geometry__seed11401,11401,14011,1,1.1604301337854042
PushT,jepa_wm_pusht,12,1,fidelity_constrained_shuffled_geometry,fidelity_constrained_shuffled_geometry__seed11401,11401,14011,3,0.8632627223234214
PushT,jepa_wm_pusht,12,1,fidelity_constrained_shuffled_geometry,fidelity_constrained_shuffled_geometry__seed11401,11401,14011,6,0.7527040456736701
PushT,jepa_wm_pusht,13,1,fidelity_constrained_shuffled_geometry,fidelity_constrained_shuffled_geometry__seed11401,11401,14011,1,1.2758411375985772
PushT,jepa_wm_pusht,13,1,fidelity_constrained_shuffled_geometry,fidelity_constrained_shuffled_geometry__seed11401,11401,14011,3,0.9154345467191799
PushT,jepa_wm_pusht,13,1,fidelity_constrained_shuffled_geometry,fidelity_constrained_shuffled_geometry__seed11401,11401,14011,6,0.8249369006328898
PushT,jepa_wm_pusht,14,1,fidelity_constrained_shuffled_geometry,fidelity_constrained_shuffled_geometry__seed11401,11401,14011,1,0.5128153058817897
PushT,jepa_wm_pusht,14,1,fidelity_constrained_shuffled_geometry,fidelity_constrained_shuffled_geometry__seed11401,11401,14011,3,0.6393595605091319
PushT,jepa_wm_pusht,14,1,fidelity_constrained_shuffled_geometry,fidelity_constrained_shuffled_geometry__seed11401,11401,14011,6,0.6944512620964771
PushT,jepa_wm_pusht,15,1,fidelity_constrained_shuffled_geometry,fidelity_constrained_shuffled_geometry__seed11401,11401,14011,1,0.618968493955899
PushT,jepa_wm_pusht,15,1,fidelity_constrained_shuffled_geometry,fidelity_constrained_shuffled_geometry__seed11401,11401,14011,3,0.7604286572545356
PushT,jepa_wm_pusht,15,1,fidelity_constrained_shuffled_geometry,fidelity_constrained_shuffled_geometry__seed11401,11401,14011,6,0.7620138791980624
PushT,jepa_wm_pusht,16,2,fidelity_constrained_shuffled_geometry,fidelity_constrained_shuffled_geometry__seed11401,11401,14011,1,1.239625864250672
PushT,jepa_wm_pusht,16,2,fidelity_constrained_shuffled_geometry,fidelity_constrained_shuffled_geometry__seed11401,11401,14011,3,1.047572448913185
PushT,jepa_wm_pusht,16,2,fidelity_constrained_shuffled_geometry,fidelity_constrained_shuffled_geometry__seed11401,11401,14011,6,1.067316403931
PushT,jepa_wm_pusht,17,2,fidelity_constrained_shuffled_geometry,fidelity_constrained_shuffled_geometry__seed11401,11401,14011,1,0.6192062561992
PushT,jepa_wm_pusht,17,2,fidelity_constrained_shuffled_geometry,fidelity_constrained_shuffled_geometry__seed11401,11401,14011,3,0.8740632989624231
PushT,jepa_wm_pusht,17,2,fidelity_constrained_shuffled_geometry,fidelity_constrained_shuffled_geometry__seed11401,11401,14011,6,0.7904936125376316
PushT,jepa_wm_pusht,18,2,fidelity_constrained_shuffled_geometry,fidelity_constrained_shuffled_geometry__seed11401,11401,14011,1,0.5942154068004958
PushT,jepa_wm_pusht,18,2,fidelity_constrained_shuffled_geometry,fidelity_constrained_shuffled_geometry__seed11401,11401,14011,3,0.6932822594724212
PushT,jepa_wm_pusht,18,2,fidelity_constrained_shuffled_geometry,fidelity_constrained_shuffled_geometry__seed11401,11401,14011,6,0.7292720970120286
PushT,jepa_wm_pusht,19,2,fidelity_constrained_shuffled_geometry,fidelity_constrained_shuffled_geometry__seed11401,11401,14011,1,0.8234974753121252
PushT,jepa_wm_pusht,19,2,fidelity_constrained_shuffled_geometry,fidelity_constrained_shuffled_geometry__seed11401,11401,14011,3,0.7430049947472553
PushT,jepa_wm_pusht,19,2,fidelity_constrained_shuffled_geometry,fidelity_constrained_shuffled_geometry__seed11401,11401,14011,6,0.6863526671113961
PushT,jepa_wm_pusht,20,2,fidelity_constrained_shuffled_geometry,fidelity_constrained_shuffled_geometry__seed11401,11401,14011,1,0.9969881126792751
PushT,jepa_wm_pusht,20,2,fidelity_constrained_shuffled_geometry,fidelity_constrained_shuffled_geometry__seed11401,11401,14011,3,0.769205345731675
PushT,jepa_wm_pusht,20,2,fidelity_constrained_shuffled_geometry,fidelity_constrained_shuffled_geometry__seed11401,11401,14011,6,0.7955058717039374
PushT,jepa_wm_pusht,21,2,fidelity_constrained_shuffled_geometry,fidelity_constrained_shuffled_geometry__seed11401,11401,14011,1,0.6328588876573699
PushT,jepa_wm_pusht,21,2,fidelity_constrained_shuffled_geometry,fidelity_constrained_shuffled_geometry__seed11401,11401,14011,3,0.8537912893223538
PushT,jepa_wm_pusht,21,2,fidelity_constrained_shuffled_geometry,fidelity_constrained_shuffled_geometry__seed11401,11401,14011,6,0.8345529216569064
PushT,jepa_wm_pusht,22,2,fidelity_constrained_shuffled_geometry,fidelity_constrained_shuffled_geometry__seed11401,11401,14011,1,0.6769016801293581
PushT,jepa_wm_pusht,22,2,fidelity_constrained_shuffled_geometry,fidelity_constrained_shuffled_geometry__seed11401,11401,14011,3,0.8324445494510614
PushT,jepa_wm_pusht,22,2,fidelity_constrained_shuffled_geometry,fidelity_constrained_shuffled_geometry__seed11401,11401,14011,6,0.7338113639276714
PushT,jepa_wm_pusht,23,2,fidelity_constrained_shuffled_geometry,fidelity_constrained_shuffled_geometry__seed11401,11401,14011,1,0.9138631212524578
PushT,jepa_wm_pusht,23,2,fidelity_constrained_shuffled_geometry,fidelity_constrained_shuffled_geometry__seed11401,11401,14011,3,0.6516366285458586
PushT,jepa_wm_pusht,23,2,fidelity_constrained_shuffled_geometry,fidelity_constrained_shuffled_geometry__seed11401,11401,14011,6,0.7227990119048775
PushT,jepa_wm_pusht,48,6,fidelity_constrained_shuffled_geometry,fidelity_constrained_shuffled_geometry__seed11401,11401,14011,1,1.7643467909573385
PushT,jepa_wm_pusht,48,6,fidelity_constrained_shuffled_geometry,fidelity_constrained_shuffled_geometry__seed11401,11401,14011,3,0.8516628381298473
PushT,jepa_wm_pusht,48,6,fidelity_constrained_shuffled_geometry,fidelity_constrained_shuffled_geometry__seed11401,11401,14011,6,0.783393263806054
PushT,jepa_wm_pusht,49,6,fidelity_constrained_shuffled_geometry,fidelity_constrained_shuffled_geometry__seed11401,11401,14011,1,1.2125782435354913
PushT,jepa_wm_pusht,49,6,fidelity_constrained_shuffled_geometry,fidelity_constrained_shuffled_geometry__seed11401,11401,14011,3,0.83796969406037
PushT,jepa_wm_pusht,49,6,fidelity_constrained_shuffled_geometry,fidelity_constrained_shuffled_geometry__seed11401,11401,14011,6,0.7253291132052985
PushT,jepa_wm_pusht,50,6,fidelity_constrained_shuffled_geometry,fidelity_constrained_shuffled_geometry__seed11401,11401,14011,1,1.1257582499005407
PushT,jepa_wm_pusht,50,6,fidelity_constrained_shuffled_geometry,fidelity_constrained_shuffled_geometry__seed11401,11401,14011,3,0.8321092225952093
PushT,jepa_wm_pusht,50,6,fidelity_constrained_shuffled_geometry,fidelity_constrained_shuffled_geometry__seed11401,11401,14011,6,1.0044428160306493
PushT,jepa_wm_pusht,51,6,fidelity_constrained_shuffled_geometry,fidelity_constrained_shuffled_geometry__seed11401,11401,14011,1,1.2642013782908958
PushT,jepa_wm_pusht,51,6,fidelity_constrained_shuffled_geometry,fidelity_constrained_shuffled_geometry__seed11401,11401,14011,3,0.8340718572648065
PushT,jepa_wm_pusht,51,6,fidelity_constrained_shuffled_geometry,fidelity_constrained_shuffled_geometry__seed11401,11401,14011,6,0.8592603620105574
PushT,jepa_wm_pusht,52,6,fidelity_constrained_shuffled_geometry,fidelity_constrained_shuffled_geometry__seed11401,11401,14011,1,0.6768014007599009
PushT,jepa_wm_pusht,52,6,fidelity_constrained_shuffled_geometry,fidelity_constrained_shuffled_geometry__seed11401,11401,14011,3,0.7269610309956014
PushT,jepa_wm_pusht,52,6,fidelity_constrained_shuffled_geometry,fidelity_constrained_shuffled_geometry__seed11401,11401,14011,6,0.7376246302817744
PushT,jepa_wm_pusht,53,6,fidelity_constrained_shuffled_geometry,fidelity_constrained_shuffled_geometry__seed11401,11401,14011,1,1.0456355804657036
PushT,jepa_wm_pusht,53,6,fidelity_constrained_shuffled_geometry,fidelity_constrained_shuffled_geometry__seed11401,11401,14011,3,0.7684629096016817
PushT,jepa_wm_pusht,53,6,fidelity_constrained_shuffled_geometry,fidelity_constrained_shuffled_geometry__seed11401,11401,14011,6,0.8246114555375957
PushT,jepa_wm_pusht,54,6,fidelity_constrained_shuffled_geometry,fidelity_constrained_shuffled_geometry__seed11401,11401,14011,1,1.4969323407198307
PushT,jepa_wm_pusht,54,6,fidelity_constrained_shuffled_geometry,fidelity_constrained_shuffled_geometry__seed11401,11401,14011,3,1.1850938841349754
PushT,jepa_wm_pusht,54,6,fidelity_constrained_shuffled_geometry,fidelity_constrained_shuffled_geometry__seed11401,11401,14011,6,1.1104876121408849
PushT,jepa_wm_pusht,55,6,fidelity_constrained_shuffled_geometry,fidelity_constrained_shuffled_geometry__seed11401,11401,14011,1,0.6853989290688203
PushT,jepa_wm_pusht,55,6,fidelity_constrained_shuffled_geometry,fidelity_constrained_shuffled_geometry__seed11401,11401,14011,3,0.7524637371212163
PushT,jepa_wm_pusht,55,6,fidelity_constrained_shuffled_geometry,fidelity_constrained_shuffled_geometry__seed11401,11401,14011,6,0.7246908940565716
PushT,jepa_wm_pusht,8,1,fidelity_constrained_matched_geometry,fidelity_constrained_matched_geometry__seed11401,11401,14011,1,0.9630902772591996
PushT,jepa_wm_pusht,8,1,fidelity_constrained_matched_geometry,fidelity_constrained_matched_geometry__seed11401,11401,14011,3,0.8315673601963235
PushT,jepa_wm_pusht,8,1,fidelity_constrained_matched_geometry,fidelity_constrained_matched_geometry__seed11401,11401,14011,6,0.7615736292973427
PushT,jepa_wm_pusht,9,1,fidelity_constrained_matched_geometry,fidelity_constrained_matched_geometry__seed11401,11401,14011,1,1.241156044335596
PushT,jepa_wm_pusht,9,1,fidelity_constrained_matched_geometry,fidelity_constrained_matched_geometry__seed11401,11401,14011,3,0.8607340348416043
PushT,jepa_wm_pusht,9,1,fidelity_constrained_matched_geometry,fidelity_constrained_matched_geometry__seed11401,11401,14011,6,0.783856370651036
PushT,jepa_wm_pusht,10,1,fidelity_constrained_matched_geometry,fidelity_constrained_matched_geometry__seed11401,11401,14011,1,1.3223980955258015
PushT,jepa_wm_pusht,10,1,fidelity_constrained_matched_geometry,fidelity_constrained_matched_geometry__seed11401,11401,14011,3,1.1731602701329182
PushT,jepa_wm_pusht,10,1,fidelity_constrained_matched_geometry,fidelity_constrained_matched_geometry__seed11401,11401,14011,6,0.9903656665618854
PushT,jepa_wm_pusht,11,1,fidelity_constrained_matched_geometry,fidelity_constrained_matched_geometry__seed11401,11401,14011,1,1.569064364420027
PushT,jepa_wm_pusht,11,1,fidelity_constrained_matched_geometry,fidelity_constrained_matched_geometry__seed11401,11401,14011,3,0.9324178926800907
PushT,jepa_wm_pusht,11,1,fidelity_constrained_matched_geometry,fidelity_constrained_matched_geometry__seed11401,11401,14011,6,0.8598918506984545
PushT,jepa_wm_pusht,12,1,fidelity_constrained_matched_geometry,fidelity_constrained_matched_geometry__seed11401,11401,14011,1,1.148569668355384
PushT,jepa_wm_pusht,12,1,fidelity_constrained_matched_geometry,fidelity_constrained_matched_geometry__seed11401,11401,14011,3,0.8544413739779507
PushT,jepa_wm_pusht,12,1,fidelity_constrained_matched_geometry,fidelity_constrained_matched_geometry__seed11401,11401,14011,6,0.7437601710800336
PushT,jepa_wm_pusht,13,1,fidelity_constrained_matched_geometry,fidelity_constrained_matched_geometry__seed11401,11401,14011,1,1.2573464273739736
PushT,jepa_wm_pusht,13,1,fidelity_constrained_matched_geometry,fidelity_constrained_matched_geometry__seed11401,11401,14011,3,0.8551706956116453
PushT,jepa_wm_pusht,13,1,fidelity_constrained_matched_geometry,fidelity_constrained_matched_geometry__seed11401,11401,14011,6,0.796892077087833
PushT,jepa_wm_pusht,14,1,fidelity_constrained_matched_geometry,fidelity_constrained_matched_geometry__seed11401,11401,14011,1,0.5048783273672951
PushT,jepa_wm_pusht,14,1,fidelity_constrained_matched_geometry,fidelity_constrained_matched_geometry__seed11401,11401,14011,3,0.5904625141086695
PushT,jepa_wm_pusht,14,1,fidelity_constrained_matched_geometry,fidelity_constrained_matched_geometry__seed11401,11401,14011,6,0.6365761402834684
PushT,jepa_wm_pusht,15,1,fidelity_constrained_matched_geometry,fidelity_constrained_matched_geometry__seed11401,11401,14011,1,0.6052054740741734
PushT,jepa_wm_pusht,15,1,fidelity_constrained_matched_geometry,fidelity_constrained_matched_geometry__seed11401,11401,14011,3,0.69675689987703
PushT,jepa_wm_pusht,15,1,fidelity_constrained_matched_geometry,fidelity_constrained_matched_geometry__seed11401,11401,14011,6,0.6736527955073979
PushT,jepa_wm_pusht,16,2,fidelity_constrained_matched_geometry,fidelity_constrained_matched_geometry__seed11401,11401,14011,1,1.2175069586532135
PushT,jepa_wm_pusht,16,2,fidelity_constrained_matched_geometry,fidelity_constrained_matched_geometry__seed11401,11401,14011,3,1.002719893721129
PushT,jepa_wm_pusht,16,2,fidelity_constrained_matched_geometry,fidelity_constrained_matched_geometry__seed11401,11401,14011,6,0.9887183066175865
PushT,jepa_wm_pusht,17,2,fidelity_constrained_matched_geometry,fidelity_constrained_matched_geometry__seed11401,11401,14011,1,0.6182755839473054
PushT,jepa_wm_pusht,17,2,fidelity_constrained_matched_geometry,fidelity_constrained_matched_geometry__seed11401,11401,14011,3,0.8652072170218625
PushT,jepa_wm_pusht,17,2,fidelity_constrained_matched_geometry,fidelity_constrained_matched_geometry__seed11401,11401,14011,6,0.8113270912047973
PushT,jepa_wm_pusht,18,2,fidelity_constrained_matched_geometry,fidelity_constrained_matched_geometry__seed11401,11401,14011,1,0.5726579870967715
PushT,jepa_wm_pusht,18,2,fidelity_constrained_matched_geometry,fidelity_constrained_matched_geometry__seed11401,11401,14011,3,0.6279510089597938
PushT,jepa_wm_pusht,18,2,fidelity_constrained_matched_geometry,fidelity_constrained_matched_geometry__seed11401,11401,14011,6,0.6347856214865466
PushT,jepa_wm_pusht,19,2,fidelity_constrained_matched_geometry,fidelity_constrained_matched_geometry__seed11401,11401,14011,1,0.8130685879181159
PushT,jepa_wm_pusht,19,2,fidelity_constrained_matched_geometry,fidelity_constrained_matched_geometry__seed11401,11401,14011,3,0.6779478345873625
PushT,jepa_wm_pusht,19,2,fidelity_constrained_matched_geometry,fidelity_constrained_matched_geometry__seed11401,11401,14011,6,0.6291484090648718
PushT,jepa_wm_pusht,20,2,fidelity_constrained_matched_geometry,fidelity_constrained_matched_geometry__seed11401,11401,14011,1,0.9806529467611411
PushT,jepa_wm_pusht,20,2,fidelity_constrained_matched_geometry,fidelity_constrained_matched_geometry__seed11401,11401,14011,3,0.7134689654731596
PushT,jepa_wm_pusht,20,2,fidelity_constrained_matched_geometry,fidelity_constrained_matched_geometry__seed11401,11401,14011,6,0.765702795774759
PushT,jepa_wm_pusht,21,2,fidelity_constrained_matched_geometry,fidelity_constrained_matched_geometry__seed11401,11401,14011,1,0.6169716630520858
PushT,jepa_wm_pusht,21,2,fidelity_constrained_matched_geometry,fidelity_constrained_matched_geometry__seed11401,11401,14011,3,0.8374753352189339
PushT,jepa_wm_pusht,21,2,fidelity_constrained_matched_geometry,fidelity_constrained_matched_geometry__seed11401,11401,14011,6,0.7708570024829018
PushT,jepa_wm_pusht,22,2,fidelity_constrained_matched_geometry,fidelity_constrained_matched_geometry__seed11401,11401,14011,1,0.6661222750627499
PushT,jepa_wm_pusht,22,2,fidelity_constrained_matched_geometry,fidelity_constrained_matched_geometry__seed11401,11401,14011,3,0.7556630503637269
PushT,jepa_wm_pusht,22,2,fidelity_constrained_matched_geometry,fidelity_constrained_matched_geometry__seed11401,11401,14011,6,0.6828904185367645
PushT,jepa_wm_pusht,23,2,fidelity_constrained_matched_geometry,fidelity_constrained_matched_geometry__seed11401,11401,14011,1,0.8823938200336724
PushT,jepa_wm_pusht,23,2,fidelity_constrained_matched_geometry,fidelity_constrained_matched_geometry__seed11401,11401,14011,3,0.620366369538159
PushT,jepa_wm_pusht,23,2,fidelity_constrained_matched_geometry,fidelity_constrained_matched_geometry__seed11401,11401,14011,6,0.6130728133974123
PushT,jepa_wm_pusht,48,6,fidelity_constrained_matched_geometry,fidelity_constrained_matched_geometry__seed11401,11401,14011,1,1.7508575891170493
PushT,jepa_wm_pusht,48,6,fidelity_constrained_matched_geometry,fidelity_constrained_matched_geometry__seed11401,11401,14011,3,0.8319873396714229
PushT,jepa_wm_pusht,48,6,fidelity_constrained_matched_geometry,fidelity_constrained_matched_geometry__seed11401,11401,14011,6,0.7571576387099315
PushT,jepa_wm_pusht,49,6,fidelity_constrained_matched_geometry,fidelity_constrained_matched_geometry__seed11401,11401,14011,1,1.1922423149062897
PushT,jepa_wm_pusht,49,6,fidelity_constrained_matched_geometry,fidelity_constrained_matched_geometry__seed11401,11401,14011,3,0.8011703229946252
PushT,jepa_wm_pusht,49,6,fidelity_constrained_matched_geometry,fidelity_constrained_matched_geometry__seed11401,11401,14011,6,0.6650723272795172
PushT,jepa_wm_pusht,50,6,fidelity_constrained_matched_geometry,fidelity_constrained_matched_geometry__seed11401,11401,14011,1,1.1112648306930433
PushT,jepa_wm_pusht,50,6,fidelity_constrained_matched_geometry,fidelity_constrained_matched_geometry__seed11401,11401,14011,3,0.7695569908286042
PushT,jepa_wm_pusht,50,6,fidelity_constrained_matched_geometry,fidelity_constrained_matched_geometry__seed11401,11401,14011,6,0.8192877944716657
PushT,jepa_wm_pusht,51,6,fidelity_constrained_matched_geometry,fidelity_constrained_matched_geometry__seed11401,11401,14011,1,1.2313741192270093
PushT,jepa_wm_pusht,51,6,fidelity_constrained_matched_geometry,fidelity_constrained_matched_geometry__seed11401,11401,14011,3,0.7770016910622761
PushT,jepa_wm_pusht,51,6,fidelity_constrained_matched_geometry,fidelity_constrained_matched_geometry__seed11401,11401,14011,6,0.7527986708969271
PushT,jepa_wm_pusht,52,6,fidelity_constrained_matched_geometry,fidelity_constrained_matched_geometry__seed11401,11401,14011,1,0.6680562169211556
PushT,jepa_wm_pusht,52,6,fidelity_constrained_matched_geometry,fidelity_constrained_matched_geometry__seed11401,11401,14011,3,0.6562146351810051
PushT,jepa_wm_pusht,52,6,fidelity_constrained_matched_geometry,fidelity_constrained_matched_geometry__seed11401,11401,14011,6,0.6604785006777533
PushT,jepa_wm_pusht,53,6,fidelity_constrained_matched_geometry,fidelity_constrained_matched_geometry__seed11401,11401,14011,1,1.0242541932489966
PushT,jepa_wm_pusht,53,6,fidelity_constrained_matched_geometry,fidelity_constrained_matched_geometry__seed11401,11401,14011,3,0.7347961949833376
PushT,jepa_wm_pusht,53,6,fidelity_constrained_matched_geometry,fidelity_constrained_matched_geometry__seed11401,11401,14011,6,0.7554207339866884
PushT,jepa_wm_pusht,54,6,fidelity_constrained_matched_geometry,fidelity_constrained_matched_geometry__seed11401,11401,14011,1,1.5075717400448216
PushT,jepa_wm_pusht,54,6,fidelity_constrained_matched_geometry,fidelity_constrained_matched_geometry__seed11401,11401,14011,3,1.197356223465252
PushT,jepa_wm_pusht,54,6,fidelity_constrained_matched_geometry,fidelity_constrained_matched_geometry__seed11401,11401,14011,6,1.1252868545995103
PushT,jepa_wm_pusht,55,6,fidelity_constrained_matched_geometry,fidelity_constrained_matched_geometry__seed11401,11401,14011,1,0.6721146571362884
PushT,jepa_wm_pusht,55,6,fidelity_constrained_matched_geometry,fidelity_constrained_matched_geometry__seed11401,11401,14011,3,0.7152931970379653
PushT,jepa_wm_pusht,55,6,fidelity_constrained_matched_geometry,fidelity_constrained_matched_geometry__seed11401,11401,14011,6,0.6826337480570634
PushT,jepa_wm_pusht,8,1,fidelity_constrained_latent_only,fidelity_constrained_latent_only__seed11419,11419,14011,1,0.9904563539763479
PushT,jepa_wm_pusht,8,1,fidelity_constrained_latent_only,fidelity_constrained_latent_only__seed11419,11419,14011,3,0.8195631377436856
PushT,jepa_wm_pusht,8,1,fidelity_constrained_latent_only,fidelity_constrained_latent_only__seed11419,11419,14011,6,0.7525743164224398
PushT,jepa_wm_pusht,9,1,fidelity_constrained_latent_only,fidelity_constrained_latent_only__seed11419,11419,14011,1,1.2405614811412697
PushT,jepa_wm_pusht,9,1,fidelity_constrained_latent_only,fidelity_constrained_latent_only__seed11419,11419,14011,3,0.8950963683430875
PushT,jepa_wm_pusht,9,1,fidelity_constrained_latent_only,fidelity_constrained_latent_only__seed11419,11419,14011,6,0.8098453130402254
PushT,jepa_wm_pusht,10,1,fidelity_constrained_latent_only,fidelity_constrained_latent_only__seed11419,11419,14011,1,1.3180598190895878
PushT,jepa_wm_pusht,10,1,fidelity_constrained_latent_only,fidelity_constrained_latent_only__seed11419,11419,14011,3,1.1804736462569025
PushT,jepa_wm_pusht,10,1,fidelity_constrained_latent_only,fidelity_constrained_latent_only__seed11419,11419,14011,6,1.022723524960755
PushT,jepa_wm_pusht,11,1,fidelity_constrained_latent_only,fidelity_constrained_latent_only__seed11419,11419,14011,1,1.5913085113103649
PushT,jepa_wm_pusht,11,1,fidelity_constrained_latent_only,fidelity_constrained_latent_only__seed11419,11419,14011,3,0.9660062156576996
PushT,jepa_wm_pusht,11,1,fidelity_constrained_latent_only,fidelity_constrained_latent_only__seed11419,11419,14011,6,0.8897535455603341
PushT,jepa_wm_pusht,12,1,fidelity_constrained_latent_only,fidelity_constrained_latent_only__seed11419,11419,14011,1,1.1610417701458555
PushT,jepa_wm_pusht,12,1,fidelity_constrained_latent_only,fidelity_constrained_latent_only__seed11419,11419,14011,3,0.8898159309624887
PushT,jepa_wm_pusht,12,1,fidelity_constrained_latent_only,fidelity_constrained_latent_only__seed11419,11419,14011,6,0.7875319301715609
PushT,jepa_wm_pusht,13,1,fidelity_constrained_latent_only,fidelity_constrained_latent_only__seed11419,11419,14011,1,1.233934340508598
PushT,jepa_wm_pusht,13,1,fidelity_constrained_latent_only,fidelity_constrained_latent_only__seed11419,11419,14011,3,0.8395597842253583
PushT,jepa_wm_pusht,13,1,fidelity_constrained_latent_only,fidelity_constrained_latent_only__seed11419,11419,14011,6,0.8088268348141356
PushT,jepa_wm_pusht,14,1,fidelity_constrained_latent_only,fidelity_constrained_latent_only__seed11419,11419,14011,1,0.49831326074324334
PushT,jepa_wm_pusht,14,1,fidelity_constrained_latent_only,fidelity_constrained_latent_only__seed11419,11419,14011,3,0.5846994180675283
PushT,jepa_wm_pusht,14,1,fidelity_constrained_latent_only,fidelity_constrained_latent_only__seed11419,11419,14011,6,0.6391726760546759
PushT,jepa_wm_pusht,15,1,fidelity_constrained_latent_only,fidelity_constrained_latent_only__seed11419,11419,14011,1,0.598501103786875
PushT,jepa_wm_pusht,15,1,fidelity_constrained_latent_only,fidelity_constrained_latent_only__seed11419,11419,14011,3,0.7022441213803555
PushT,jepa_wm_pusht,15,1,fidelity_constrained_latent_only,fidelity_constrained_latent_only__seed11419,11419,14011,6,0.685500840945878
PushT,jepa_wm_pusht,16,2,fidelity_constrained_latent_only,fidelity_constrained_latent_only__seed11419,11419,14011,1,1.246214528774729
PushT,jepa_wm_pusht,16,2,fidelity_constrained_latent_only,fidelity_constrained_latent_only__seed11419,11419,14011,3,1.0333022642312737
PushT,jepa_wm_pusht,16,2,fidelity_constrained_latent_only,fidelity_constrained_latent_only__seed11419,11419,14011,6,1.0360493884517097
PushT,jepa_wm_pusht,17,2,fidelity_constrained_latent_only,fidelity_constrained_latent_only__seed11419,11419,14011,1,0.6215855601222857
PushT,jepa_wm_pusht,17,2,fidelity_constrained_latent_only,fidelity_constrained_latent_only__seed11419,11419,14011,3,0.8694396304274682
PushT,jepa_wm_pusht,17,2,fidelity_constrained_latent_only,fidelity_constrained_latent_only__seed11419,11419,14011,6,0.8274103991761046
PushT,jepa_wm_pusht,18,2,fidelity_constrained_latent_only,fidelity_constrained_latent_only__seed11419,11419,14011,1,0.5676796281358067
PushT,jepa_wm_pusht,18,2,fidelity_constrained_latent_only,fidelity_constrained_latent_only__seed11419,11419,14011,3,0.6148578754513875
PushT,jepa_wm_pusht,18,2,fidelity_constrained_latent_only,fidelity_constrained_latent_only__seed11419,11419,14011,6,0.633891496948132
PushT,jepa_wm_pusht,19,2,fidelity_constrained_latent_only,fidelity_constrained_latent_only__seed11419,11419,14011,1,0.8228661905522077
PushT,jepa_wm_pusht,19,2,fidelity_constrained_latent_only,fidelity_constrained_latent_only__seed11419,11419,14011,3,0.673347885471219
PushT,jepa_wm_pusht,19,2,fidelity_constrained_latent_only,fidelity_constrained_latent_only__seed11419,11419,14011,6,0.62954384008058
PushT,jepa_wm_pusht,20,2,fidelity_constrained_latent_only,fidelity_constrained_latent_only__seed11419,11419,14011,1,1.0006103347850153
PushT,jepa_wm_pusht,20,2,fidelity_constrained_latent_only,fidelity_constrained_latent_only__seed11419,11419,14011,3,0.701186907704031
PushT,jepa_wm_pusht,20,2,fidelity_constrained_latent_only,fidelity_constrained_latent_only__seed11419,11419,14011,6,0.7893052333553084
PushT,jepa_wm_pusht,21,2,fidelity_constrained_latent_only,fidelity_constrained_latent_only__seed11419,11419,14011,1,0.6109304833687742
PushT,jepa_wm_pusht,21,2,fidelity_constrained_latent_only,fidelity_constrained_latent_only__seed11419,11419,14011,3,0.8333361087884796
PushT,jepa_wm_pusht,21,2,fidelity_constrained_latent_only,fidelity_constrained_latent_only__seed11419,11419,14011,6,0.7703656819007677
PushT,jepa_wm_pusht,22,2,fidelity_constrained_latent_only,fidelity_constrained_latent_only__seed11419,11419,14011,1,0.6622589608158757
PushT,jepa_wm_pusht,22,2,fidelity_constrained_latent_only,fidelity_constrained_latent_only__seed11419,11419,14011,3,0.7618095763506819
PushT,jepa_wm_pusht,22,2,fidelity_constrained_latent_only,fidelity_constrained_latent_only__seed11419,11419,14011,6,0.6917426660002147
PushT,jepa_wm_pusht,23,2,fidelity_constrained_latent_only,fidelity_constrained_latent_only__seed11419,11419,14011,1,0.8930508969500136
PushT,jepa_wm_pusht,23,2,fidelity_constrained_latent_only,fidelity_constrained_latent_only__seed11419,11419,14011,3,0.6117161481600998
PushT,jepa_wm_pusht,23,2,fidelity_constrained_latent_only,fidelity_constrained_latent_only__seed11419,11419,14011,6,0.6130714991936193
PushT,jepa_wm_pusht,48,6,fidelity_constrained_latent_only,fidelity_constrained_latent_only__seed11419,11419,14011,1,1.7652469445049235
PushT,jepa_wm_pusht,48,6,fidelity_constrained_latent_only,fidelity_constrained_latent_only__seed11419,11419,14011,3,0.8607044214690889
PushT,jepa_wm_pusht,48,6,fidelity_constrained_latent_only,fidelity_constrained_latent_only__seed11419,11419,14011,6,0.8163512261085255
PushT,jepa_wm_pusht,49,6,fidelity_constrained_latent_only,fidelity_constrained_latent_only__seed11419,11419,14011,1,1.2085099646125872
PushT,jepa_wm_pusht,49,6,fidelity_constrained_latent_only,fidelity_constrained_latent_only__seed11419,11419,14011,3,0.7924900150440422
PushT,jepa_wm_pusht,49,6,fidelity_constrained_latent_only,fidelity_constrained_latent_only__seed11419,11419,14011,6,0.6647545795968275
PushT,jepa_wm_pusht,50,6,fidelity_constrained_latent_only,fidelity_constrained_latent_only__seed11419,11419,14011,1,1.1093119390968234
PushT,jepa_wm_pusht,50,6,fidelity_constrained_latent_only,fidelity_constrained_latent_only__seed11419,11419,14011,3,0.8057184421436688
PushT,jepa_wm_pusht,50,6,fidelity_constrained_latent_only,fidelity_constrained_latent_only__seed11419,11419,14011,6,0.8781646789306321
PushT,jepa_wm_pusht,51,6,fidelity_constrained_latent_only,fidelity_constrained_latent_only__seed11419,11419,14011,1,1.2161004122511336
PushT,jepa_wm_pusht,51,6,fidelity_constrained_latent_only,fidelity_constrained_latent_only__seed11419,11419,14011,3,0.7749392253359154
PushT,jepa_wm_pusht,51,6,fidelity_constrained_latent_only,fidelity_constrained_latent_only__seed11419,11419,14011,6,0.7368059970450767
PushT,jepa_wm_pusht,52,6,fidelity_constrained_latent_only,fidelity_constrained_latent_only__seed11419,11419,14011,1,0.6786939908934382
PushT,jepa_wm_pusht,52,6,fidelity_constrained_latent_only,fidelity_constrained_latent_only__seed11419,11419,14011,3,0.6480326648269789
PushT,jepa_wm_pusht,52,6,fidelity_constrained_latent_only,fidelity_constrained_latent_only__seed11419,11419,14011,6,0.6338286136001169
PushT,jepa_wm_pusht,53,6,fidelity_constrained_latent_only,fidelity_constrained_latent_only__seed11419,11419,14011,1,1.0243586851559816
PushT,jepa_wm_pusht,53,6,fidelity_constrained_latent_only,fidelity_constrained_latent_only__seed11419,11419,14011,3,0.7254288314480035
PushT,jepa_wm_pusht,53,6,fidelity_constrained_latent_only,fidelity_constrained_latent_only__seed11419,11419,14011,6,0.7676922384228031
PushT,jepa_wm_pusht,54,6,fidelity_constrained_latent_only,fidelity_constrained_latent_only__seed11419,11419,14011,1,1.534329039790316
PushT,jepa_wm_pusht,54,6,fidelity_constrained_latent_only,fidelity_constrained_latent_only__seed11419,11419,14011,3,1.2231004285472054
PushT,jepa_wm_pusht,54,6,fidelity_constrained_latent_only,fidelity_constrained_latent_only__seed11419,11419,14011,6,1.1519459906368574
PushT,jepa_wm_pusht,55,6,fidelity_constrained_latent_only,fidelity_constrained_latent_only__seed11419,11419,14011,1,0.6748728061148471
PushT,jepa_wm_pusht,55,6,fidelity_constrained_latent_only,fidelity_constrained_latent_only__seed11419,11419,14011,3,0.7311827307219575
PushT,jepa_wm_pusht,55,6,fidelity_constrained_latent_only,fidelity_constrained_latent_only__seed11419,11419,14011,6,0.7084255844749553
PushT,jepa_wm_pusht,8,1,fidelity_constrained_shuffled_geometry,fidelity_constrained_shuffled_geometry__seed11419,11419,14011,1,0.9630730837945103
PushT,jepa_wm_pusht,8,1,fidelity_constrained_shuffled_geometry,fidelity_constrained_shuffled_geometry__seed11419,11419,14011,3,0.8885951876310115
PushT,jepa_wm_pusht,8,1,fidelity_constrained_shuffled_geometry,fidelity_constrained_shuffled_geometry__seed11419,11419,14011,6,0.8079108582760156
PushT,jepa_wm_pusht,9,1,fidelity_constrained_shuffled_geometry,fidelity_constrained_shuffled_geometry__seed11419,11419,14011,1,1.267076634947053
PushT,jepa_wm_pusht,9,1,fidelity_constrained_shuffled_geometry,fidelity_constrained_shuffled_geometry__seed11419,11419,14011,3,0.9112249489051509
PushT,jepa_wm_pusht,9,1,fidelity_constrained_shuffled_geometry,fidelity_constrained_shuffled_geometry__seed11419,11419,14011,6,0.8438568666624245
PushT,jepa_wm_pusht,10,1,fidelity_constrained_shuffled_geometry,fidelity_constrained_shuffled_geometry__seed11419,11419,14011,1,1.329158324300405
PushT,jepa_wm_pusht,10,1,fidelity_constrained_shuffled_geometry,fidelity_constrained_shuffled_geometry__seed11419,11419,14011,3,1.149388809935019
PushT,jepa_wm_pusht,10,1,fidelity_constrained_shuffled_geometry,fidelity_constrained_shuffled_geometry__seed11419,11419,14011,6,0.9823097449043318
PushT,jepa_wm_pusht,11,1,fidelity_constrained_shuffled_geometry,fidelity_constrained_shuffled_geometry__seed11419,11419,14011,1,1.5918533319476682
PushT,jepa_wm_pusht,11,1,fidelity_constrained_shuffled_geometry,fidelity_constrained_shuffled_geometry__seed11419,11419,14011,3,0.9049860144824291
PushT,jepa_wm_pusht,11,1,fidelity_constrained_shuffled_geometry,fidelity_constrained_shuffled_geometry__seed11419,11419,14011,6,0.8564482733412222
PushT,jepa_wm_pusht,12,1,fidelity_constrained_shuffled_geometry,fidelity_constrained_shuffled_geometry__seed11419,11419,14011,1,1.1580521081267303
PushT,jepa_wm_pusht,12,1,fidelity_constrained_shuffled_geometry,fidelity_constrained_shuffled_geometry__seed11419,11419,14011,3,0.8572738530442789
PushT,jepa_wm_pusht,12,1,fidelity_constrained_shuffled_geometry,fidelity_constrained_shuffled_geometry__seed11419,11419,14011,6,0.7462591163483586
PushT,jepa_wm_pusht,13,1,fidelity_constrained_shuffled_geometry,fidelity_constrained_shuffled_geometry__seed11419,11419,14011,1,1.2739684772560047
PushT,jepa_wm_pusht,13,1,fidelity_constrained_shuffled_geometry,fidelity_constrained_shuffled_geometry__seed11419,11419,14011,3,0.9003158512159123
PushT,jepa_wm_pusht,13,1,fidelity_constrained_shuffled_geometry,fidelity_constrained_shuffled_geometry__seed11419,11419,14011,6,0.8189307638120182
PushT,jepa_wm_pusht,14,1,fidelity_constrained_shuffled_geometry,fidelity_constrained_shuffled_geometry__seed11419,11419,14011,1,0.5090303866090001
PushT,jepa_wm_pusht,14,1,fidelity_constrained_shuffled_geometry,fidelity_constrained_shuffled_geometry__seed11419,11419,14011,3,0.6318951964499518
PushT,jepa_wm_pusht,14,1,fidelity_constrained_shuffled_geometry,fidelity_constrained_shuffled_geometry__seed11419,11419,14011,6,0.689003760901649
PushT,jepa_wm_pusht,15,1,fidelity_constrained_shuffled_geometry,fidelity_constrained_shuffled_geometry__seed11419,11419,14011,1,0.6182797531355367
PushT,jepa_wm_pusht,15,1,fidelity_constrained_shuffled_geometry,fidelity_constrained_shuffled_geometry__seed11419,11419,14011,3,0.7575682532097876
PushT,jepa_wm_pusht,15,1,fidelity_constrained_shuffled_geometry,fidelity_constrained_shuffled_geometry__seed11419,11419,14011,6,0.7617812944285348
PushT,jepa_wm_pusht,16,2,fidelity_constrained_shuffled_geometry,fidelity_constrained_shuffled_geometry__seed11419,11419,14011,1,1.2411572841651017
PushT,jepa_wm_pusht,16,2,fidelity_constrained_shuffled_geometry,fidelity_constrained_shuffled_geometry__seed11419,11419,14011,3,1.0485442274481405
PushT,jepa_wm_pusht,16,2,fidelity_constrained_shuffled_geometry,fidelity_constrained_shuffled_geometry__seed11419,11419,14011,6,1.0692454781659804
PushT,jepa_wm_pusht,17,2,fidelity_constrained_shuffled_geometry,fidelity_constrained_shuffled_geometry__seed11419,11419,14011,1,0.6182512040426879
PushT,jepa_wm_pusht,17,2,fidelity_constrained_shuffled_geometry,fidelity_constrained_shuffled_geometry__seed11419,11419,14011,3,0.8751583288885108
PushT,jepa_wm_pusht,17,2,fidelity_constrained_shuffled_geometry,fidelity_constrained_shuffled_geometry__seed11419,11419,14011,6,0.7978349257841368
PushT,jepa_wm_pusht,18,2,fidelity_constrained_shuffled_geometry,fidelity_constrained_shuffled_geometry__seed11419,11419,14011,1,0.595309405612423
PushT,jepa_wm_pusht,18,2,fidelity_constrained_shuffled_geometry,fidelity_constrained_shuffled_geometry__seed11419,11419,14011,3,0.6903428615741913
PushT,jepa_wm_pusht,18,2,fidelity_constrained_shuffled_geometry,fidelity_constrained_shuffled_geometry__seed11419,11419,14011,6,0.7171212919907969
PushT,jepa_wm_pusht,19,2,fidelity_constrained_shuffled_geometry,fidelity_constrained_shuffled_geometry__seed11419,11419,14011,1,0.8267200184447356
PushT,jepa_wm_pusht,19,2,fidelity_constrained_shuffled_geometry,fidelity_constrained_shuffled_geometry__seed11419,11419,14011,3,0.7380299319599957
PushT,jepa_wm_pusht,19,2,fidelity_constrained_shuffled_geometry,fidelity_constrained_shuffled_geometry__seed11419,11419,14011,6,0.684060651540287
PushT,jepa_wm_pusht,20,2,fidelity_constrained_shuffled_geometry,fidelity_constrained_shuffled_geometry__seed11419,11419,14011,1,0.998327630685588
PushT,jepa_wm_pusht,20,2,fidelity_constrained_shuffled_geometry,fidelity_constrained_shuffled_geometry__seed11419,11419,14011,3,0.7701308113235454
PushT,jepa_wm_pusht,20,2,fidelity_constrained_shuffled_geometry,fidelity_constrained_shuffled_geometry__seed11419,11419,14011,6,0.7938706905527712
PushT,jepa_wm_pusht,21,2,fidelity_constrained_shuffled_geometry,fidelity_constrained_shuffled_geometry__seed11419,11419,14011,1,0.6332716948405719
PushT,jepa_wm_pusht,21,2,fidelity_constrained_shuffled_geometry,fidelity_constrained_shuffled_geometry__seed11419,11419,14011,3,0.8545043718409459
PushT,jepa_wm_pusht,21,2,fidelity_constrained_shuffled_geometry,fidelity_constrained_shuffled_geometry__seed11419,11419,14011,6,0.8292707342699598
PushT,jepa_wm_pusht,22,2,fidelity_constrained_shuffled_geometry,fidelity_constrained_shuffled_geometry__seed11419,11419,14011,1,0.6738636646260094
PushT,jepa_wm_pusht,22,2,fidelity_constrained_shuffled_geometry,fidelity_constrained_shuffled_geometry__seed11419,11419,14011,3,0.8235814597570827
PushT,jepa_wm_pusht,22,2,fidelity_constrained_shuffled_geometry,fidelity_constrained_shuffled_geometry__seed11419,11419,14011,6,0.7311295015018491
PushT,jepa_wm_pusht,23,2,fidelity_constrained_shuffled_geometry,fidelity_constrained_shuffled_geometry__seed11419,11419,14011,1,0.9144832632086993
PushT,jepa_wm_pusht,23,2,fidelity_constrained_shuffled_geometry,fidelity_constrained_shuffled_geometry__seed11419,11419,14011,3,0.6480342750593403
PushT,jepa_wm_pusht,23,2,fidelity_constrained_shuffled_geometry,fidelity_constrained_shuffled_geometry__seed11419,11419,14011,6,0.7217739472905881
PushT,jepa_wm_pusht,48,6,fidelity_constrained_shuffled_geometry,fidelity_constrained_shuffled_geometry__seed11419,11419,14011,1,1.765861580685648
PushT,jepa_wm_pusht,48,6,fidelity_constrained_shuffled_geometry,fidelity_constrained_shuffled_geometry__seed11419,11419,14011,3,0.8557631149045009
PushT,jepa_wm_pusht,48,6,fidelity_constrained_shuffled_geometry,fidelity_constrained_shuffled_geometry__seed11419,11419,14011,6,0.7850219367703657
PushT,jepa_wm_pusht,49,6,fidelity_constrained_shuffled_geometry,fidelity_constrained_shuffled_geometry__seed11419,11419,14011,1,1.2146414119261266
PushT,jepa_wm_pusht,49,6,fidelity_constrained_shuffled_geometry,fidelity_constrained_shuffled_geometry__seed11419,11419,14011,3,0.8369856993900499
PushT,jepa_wm_pusht,49,6,fidelity_constrained_shuffled_geometry,fidelity_constrained_shuffled_geometry__seed11419,11419,14011,6,0.729018851233537
PushT,jepa_wm_pusht,50,6,fidelity_constrained_shuffled_geometry,fidelity_constrained_shuffled_geometry__seed11419,11419,14011,1,1.124815957946651
PushT,jepa_wm_pusht,50,6,fidelity_constrained_shuffled_geometry,fidelity_constrained_shuffled_geometry__seed11419,11419,14011,3,0.8305855858722483
PushT,jepa_wm_pusht,50,6,fidelity_constrained_shuffled_geometry,fidelity_constrained_shuffled_geometry__seed11419,11419,14011,6,1.0030184093283105
PushT,jepa_wm_pusht,51,6,fidelity_constrained_shuffled_geometry,fidelity_constrained_shuffled_geometry__seed11419,11419,14011,1,1.2615655272898638
PushT,jepa_wm_pusht,51,6,fidelity_constrained_shuffled_geometry,fidelity_constrained_shuffled_geometry__seed11419,11419,14011,3,0.8276163767884996
PushT,jepa_wm_pusht,51,6,fidelity_constrained_shuffled_geometry,fidelity_constrained_shuffled_geometry__seed11419,11419,14011,6,0.8385605049946593
PushT,jepa_wm_pusht,52,6,fidelity_constrained_shuffled_geometry,fidelity_constrained_shuffled_geometry__seed11419,11419,14011,1,0.6783237187957408
PushT,jepa_wm_pusht,52,6,fidelity_constrained_shuffled_geometry,fidelity_constrained_shuffled_geometry__seed11419,11419,14011,3,0.721946743859189
PushT,jepa_wm_pusht,52,6,fidelity_constrained_shuffled_geometry,fidelity_constrained_shuffled_geometry__seed11419,11419,14011,6,0.7318623177021701
PushT,jepa_wm_pusht,53,6,fidelity_constrained_shuffled_geometry,fidelity_constrained_shuffled_geometry__seed11419,11419,14011,1,1.0441498542709893
PushT,jepa_wm_pusht,53,6,fidelity_constrained_shuffled_geometry,fidelity_constrained_shuffled_geometry__seed11419,11419,14011,3,0.7677845644978792
PushT,jepa_wm_pusht,53,6,fidelity_constrained_shuffled_geometry,fidelity_constrained_shuffled_geometry__seed11419,11419,14011,6,0.8236700855314301
PushT,jepa_wm_pusht,54,6,fidelity_constrained_shuffled_geometry,fidelity_constrained_shuffled_geometry__seed11419,11419,14011,1,1.4962609532830333
PushT,jepa_wm_pusht,54,6,fidelity_constrained_shuffled_geometry,fidelity_constrained_shuffled_geometry__seed11419,11419,14011,3,1.183001541588245
PushT,jepa_wm_pusht,54,6,fidelity_constrained_shuffled_geometry,fidelity_constrained_shuffled_geometry__seed11419,11419,14011,6,1.1116996972545508
PushT,jepa_wm_pusht,55,6,fidelity_constrained_shuffled_geometry,fidelity_constrained_shuffled_geometry__seed11419,11419,14011,1,0.6839710979870205
PushT,jepa_wm_pusht,55,6,fidelity_constrained_shuffled_geometry,fidelity_constrained_shuffled_geometry__seed11419,11419,14011,3,0.7490669198235984
PushT,jepa_wm_pusht,55,6,fidelity_constrained_shuffled_geometry,fidelity_constrained_shuffled_geometry__seed11419,11419,14011,6,0.7218576346231449
PushT,jepa_wm_pusht,8,1,fidelity_constrained_matched_geometry,fidelity_constrained_matched_geometry__seed11419,11419,14011,1,0.9632073931549969
PushT,jepa_wm_pusht,8,1,fidelity_constrained_matched_geometry,fidelity_constrained_matched_geometry__seed11419,11419,14011,3,0.8310810592817401
PushT,jepa_wm_pusht,8,1,fidelity_constrained_matched_geometry,fidelity_constrained_matched_geometry__seed11419,11419,14011,6,0.7593888017487976
PushT,jepa_wm_pusht,9,1,fidelity_constrained_matched_geometry,fidelity_constrained_matched_geometry__seed11419,11419,14011,1,1.2408763237926286
PushT,jepa_wm_pusht,9,1,fidelity_constrained_matched_geometry,fidelity_constrained_matched_geometry__seed11419,11419,14011,3,0.860408106002042
PushT,jepa_wm_pusht,9,1,fidelity_constrained_matched_geometry,fidelity_constrained_matched_geometry__seed11419,11419,14011,6,0.7819992144597684
PushT,jepa_wm_pusht,10,1,fidelity_constrained_matched_geometry,fidelity_constrained_matched_geometry__seed11419,11419,14011,1,1.3212865470234136
PushT,jepa_wm_pusht,10,1,fidelity_constrained_matched_geometry,fidelity_constrained_matched_geometry__seed11419,11419,14011,3,1.1715331794720083
PushT,jepa_wm_pusht,10,1,fidelity_constrained_matched_geometry,fidelity_constrained_matched_geometry__seed11419,11419,14011,6,0.9892036224945813
PushT,jepa_wm_pusht,11,1,fidelity_constrained_matched_geometry,fidelity_constrained_matched_geometry__seed11419,11419,14011,1,1.5697631505340828
PushT,jepa_wm_pusht,11,1,fidelity_constrained_matched_geometry,fidelity_constrained_matched_geometry__seed11419,11419,14011,3,0.9330534898015619
PushT,jepa_wm_pusht,11,1,fidelity_constrained_matched_geometry,fidelity_constrained_matched_geometry__seed11419,11419,14011,6,0.8609727035713571
PushT,jepa_wm_pusht,12,1,fidelity_constrained_matched_geometry,fidelity_constrained_matched_geometry__seed11419,11419,14011,1,1.1490494910072313
PushT,jepa_wm_pusht,12,1,fidelity_constrained_matched_geometry,fidelity_constrained_matched_geometry__seed11419,11419,14011,3,0.8556822625053341
PushT,jepa_wm_pusht,12,1,fidelity_constrained_matched_geometry,fidelity_constrained_matched_geometry__seed11419,11419,14011,6,0.7455582622118107
PushT,jepa_wm_pusht,13,1,fidelity_constrained_matched_geometry,fidelity_constrained_matched_geometry__seed11419,11419,14011,1,1.255989737394722
PushT,jepa_wm_pusht,13,1,fidelity_constrained_matched_geometry,fidelity_constrained_matched_geometry__seed11419,11419,14011,3,0.8543557102233144
PushT,jepa_wm_pusht,13,1,fidelity_constrained_matched_geometry,fidelity_constrained_matched_geometry__seed11419,11419,14011,6,0.7984536665874578
PushT,jepa_wm_pusht,14,1,fidelity_constrained_matched_geometry,fidelity_constrained_matched_geometry__seed11419,11419,14011,1,0.5045453630887439
PushT,jepa_wm_pusht,14,1,fidelity_constrained_matched_geometry,fidelity_constrained_matched_geometry__seed11419,11419,14011,3,0.5908637038689599
PushT,jepa_wm_pusht,14,1,fidelity_constrained_matched_geometry,fidelity_constrained_matched_geometry__seed11419,11419,14011,6,0.6359142869868855
PushT,jepa_wm_pusht,15,1,fidelity_constrained_matched_geometry,fidelity_constrained_matched_geometry__seed11419,11419,14011,1,0.6051856527457588
PushT,jepa_wm_pusht,15,1,fidelity_constrained_matched_geometry,fidelity_constrained_matched_geometry__seed11419,11419,14011,3,0.6955478131322091
PushT,jepa_wm_pusht,15,1,fidelity_constrained_matched_geometry,fidelity_constrained_matched_geometry__seed11419,11419,14011,6,0.6755560302446003
PushT,jepa_wm_pusht,16,2,fidelity_constrained_matched_geometry,fidelity_constrained_matched_geometry__seed11419,11419,14011,1,1.2177738805146117
PushT,jepa_wm_pusht,16,2,fidelity_constrained_matched_geometry,fidelity_constrained_matched_geometry__seed11419,11419,14011,3,1.0029994858557867
PushT,jepa_wm_pusht,16,2,fidelity_constrained_matched_geometry,fidelity_constrained_matched_geometry__seed11419,11419,14011,6,0.9888080058367129
PushT,jepa_wm_pusht,17,2,fidelity_constrained_matched_geometry,fidelity_constrained_matched_geometry__seed11419,11419,14011,1,0.6181991524324425
PushT,jepa_wm_pusht,17,2,fidelity_constrained_matched_geometry,fidelity_constrained_matched_geometry__seed11419,11419,14011,3,0.8646015819372346
PushT,jepa_wm_pusht,17,2,fidelity_constrained_matched_geometry,fidelity_constrained_matched_geometry__seed11419,11419,14011,6,0.8084040391248895
PushT,jepa_wm_pusht,18,2,fidelity_constrained_matched_geometry,fidelity_constrained_matched_geometry__seed11419,11419,14011,1,0.573167112042416
PushT,jepa_wm_pusht,18,2,fidelity_constrained_matched_geometry,fidelity_constrained_matched_geometry__seed11419,11419,14011,3,0.6290087102331853
PushT,jepa_wm_pusht,18,2,fidelity_constrained_matched_geometry,fidelity_constrained_matched_geometry__seed11419,11419,14011,6,0.635405317329129
PushT,jepa_wm_pusht,19,2,fidelity_constrained_matched_geometry,fidelity_constrained_matched_geometry__seed11419,11419,14011,1,0.8132506832320588
PushT,jepa_wm_pusht,19,2,fidelity_constrained_matched_geometry,fidelity_constrained_matched_geometry__seed11419,11419,14011,3,0.6785484624032172
PushT,jepa_wm_pusht,19,2,fidelity_constrained_matched_geometry,fidelity_constrained_matched_geometry__seed11419,11419,14011,6,0.6289281482348854
PushT,jepa_wm_pusht,20,2,fidelity_constrained_matched_geometry,fidelity_constrained_matched_geometry__seed11419,11419,14011,1,0.980590712709114
PushT,jepa_wm_pusht,20,2,fidelity_constrained_matched_geometry,fidelity_constrained_matched_geometry__seed11419,11419,14011,3,0.7134285644769939
PushT,jepa_wm_pusht,20,2,fidelity_constrained_matched_geometry,fidelity_constrained_matched_geometry__seed11419,11419,14011,6,0.7645940989007833
PushT,jepa_wm_pusht,21,2,fidelity_constrained_matched_geometry,fidelity_constrained_matched_geometry__seed11419,11419,14011,1,0.6170095050746262
PushT,jepa_wm_pusht,21,2,fidelity_constrained_matched_geometry,fidelity_constrained_matched_geometry__seed11419,11419,14011,3,0.8374208604735677
PushT,jepa_wm_pusht,21,2,fidelity_constrained_matched_geometry,fidelity_constrained_matched_geometry__seed11419,11419,14011,6,0.7717545971184846
PushT,jepa_wm_pusht,22,2,fidelity_constrained_matched_geometry,fidelity_constrained_matched_geometry__seed11419,11419,14011,1,0.6669489600736437
PushT,jepa_wm_pusht,22,2,fidelity_constrained_matched_geometry,fidelity_constrained_matched_geometry__seed11419,11419,14011,3,0.7562938380849209
PushT,jepa_wm_pusht,22,2,fidelity_constrained_matched_geometry,fidelity_constrained_matched_geometry__seed11419,11419,14011,6,0.6830933451494545
PushT,jepa_wm_pusht,23,2,fidelity_constrained_matched_geometry,fidelity_constrained_matched_geometry__seed11419,11419,14011,1,0.8824065946251732
PushT,jepa_wm_pusht,23,2,fidelity_constrained_matched_geometry,fidelity_constrained_matched_geometry__seed11419,11419,14011,3,0.621147829895432
PushT,jepa_wm_pusht,23,2,fidelity_constrained_matched_geometry,fidelity_constrained_matched_geometry__seed11419,11419,14011,6,0.6144025818494604
PushT,jepa_wm_pusht,48,6,fidelity_constrained_matched_geometry,fidelity_constrained_matched_geometry__seed11419,11419,14011,1,1.751420423546065
PushT,jepa_wm_pusht,48,6,fidelity_constrained_matched_geometry,fidelity_constrained_matched_geometry__seed11419,11419,14011,3,0.8320003196052992
PushT,jepa_wm_pusht,48,6,fidelity_constrained_matched_geometry,fidelity_constrained_matched_geometry__seed11419,11419,14011,6,0.7596314457414834
PushT,jepa_wm_pusht,49,6,fidelity_constrained_matched_geometry,fidelity_constrained_matched_geometry__seed11419,11419,14011,1,1.19208587146453
PushT,jepa_wm_pusht,49,6,fidelity_constrained_matched_geometry,fidelity_constrained_matched_geometry__seed11419,11419,14011,3,0.8009151744600667
PushT,jepa_wm_pusht,49,6,fidelity_constrained_matched_geometry,fidelity_constrained_matched_geometry__seed11419,11419,14011,6,0.6648313839069294
PushT,jepa_wm_pusht,50,6,fidelity_constrained_matched_geometry,fidelity_constrained_matched_geometry__seed11419,11419,14011,1,1.1107027288524274
PushT,jepa_wm_pusht,50,6,fidelity_constrained_matched_geometry,fidelity_constrained_matched_geometry__seed11419,11419,14011,3,0.7689847656727996
PushT,jepa_wm_pusht,50,6,fidelity_constrained_matched_geometry,fidelity_constrained_matched_geometry__seed11419,11419,14011,6,0.8180663487717895
PushT,jepa_wm_pusht,51,6,fidelity_constrained_matched_geometry,fidelity_constrained_matched_geometry__seed11419,11419,14011,1,1.2324092187936422
PushT,jepa_wm_pusht,51,6,fidelity_constrained_matched_geometry,fidelity_constrained_matched_geometry__seed11419,11419,14011,3,0.7782238800784513
PushT,jepa_wm_pusht,51,6,fidelity_constrained_matched_geometry,fidelity_constrained_matched_geometry__seed11419,11419,14011,6,0.7538540857328003
PushT,jepa_wm_pusht,52,6,fidelity_constrained_matched_geometry,fidelity_constrained_matched_geometry__seed11419,11419,14011,1,0.6682210233733562
PushT,jepa_wm_pusht,52,6,fidelity_constrained_matched_geometry,fidelity_constrained_matched_geometry__seed11419,11419,14011,3,0.6552680219360685
PushT,jepa_wm_pusht,52,6,fidelity_constrained_matched_geometry,fidelity_constrained_matched_geometry__seed11419,11419,14011,6,0.6590949100478952
PushT,jepa_wm_pusht,53,6,fidelity_constrained_matched_geometry,fidelity_constrained_matched_geometry__seed11419,11419,14011,1,1.0245712478944269
PushT,jepa_wm_pusht,53,6,fidelity_constrained_matched_geometry,fidelity_constrained_matched_geometry__seed11419,11419,14011,3,0.7349959699488359
PushT,jepa_wm_pusht,53,6,fidelity_constrained_matched_geometry,fidelity_constrained_matched_geometry__seed11419,11419,14011,6,0.7569278080954933
PushT,jepa_wm_pusht,54,6,fidelity_constrained_matched_geometry,fidelity_constrained_matched_geometry__seed11419,11419,14011,1,1.5068565981189406
PushT,jepa_wm_pusht,54,6,fidelity_constrained_matched_geometry,fidelity_constrained_matched_geometry__seed11419,11419,14011,3,1.1963707206859089
PushT,jepa_wm_pusht,54,6,fidelity_constrained_matched_geometry,fidelity_constrained_matched_geometry__seed11419,11419,14011,6,1.124192379099472
PushT,jepa_wm_pusht,55,6,fidelity_constrained_matched_geometry,fidelity_constrained_matched_geometry__seed11419,11419,14011,1,0.6725415945142355
PushT,jepa_wm_pusht,55,6,fidelity_constrained_matched_geometry,fidelity_constrained_matched_geometry__seed11419,11419,14011,3,0.7133975976956626
PushT,jepa_wm_pusht,55,6,fidelity_constrained_matched_geometry,fidelity_constrained_matched_geometry__seed11419,11419,14011,6,0.6793879562461541
PushT,jepa_wm_pusht,8,1,fidelity_constrained_latent_only,fidelity_constrained_latent_only__seed11437,11437,14011,1,0.9908170084785778
PushT,jepa_wm_pusht,8,1,fidelity_constrained_latent_only,fidelity_constrained_latent_only__seed11437,11437,14011,3,0.8203944498312736
PushT,jepa_wm_pusht,8,1,fidelity_constrained_latent_only,fidelity_constrained_latent_only__seed11437,11437,14011,6,0.754643942676565
PushT,jepa_wm_pusht,9,1,fidelity_constrained_latent_only,fidelity_constrained_latent_only__seed11437,11437,14011,1,1.240215349929217
PushT,jepa_wm_pusht,9,1,fidelity_constrained_latent_only,fidelity_constrained_latent_only__seed11437,11437,14011,3,0.8949859272910798
PushT,jepa_wm_pusht,9,1,fidelity_constrained_latent_only,fidelity_constrained_latent_only__seed11437,11437,14011,6,0.8079068739747199
PushT,jepa_wm_pusht,10,1,fidelity_constrained_latent_only,fidelity_constrained_latent_only__seed11437,11437,14011,1,1.3188035421112656
PushT,jepa_wm_pusht,10,1,fidelity_constrained_latent_only,fidelity_constrained_latent_only__seed11437,11437,14011,3,1.1822544450067625
PushT,jepa_wm_pusht,10,1,fidelity_constrained_latent_only,fidelity_constrained_latent_only__seed11437,11437,14011,6,1.0251097936009725
PushT,jepa_wm_pusht,11,1,fidelity_constrained_latent_only,fidelity_constrained_latent_only__seed11437,11437,14011,1,1.5915092070921888
PushT,jepa_wm_pusht,11,1,fidelity_constrained_latent_only,fidelity_constrained_latent_only__seed11437,11437,14011,3,0.9656033776424335
PushT,jepa_wm_pusht,11,1,fidelity_constrained_latent_only,fidelity_constrained_latent_only__seed11437,11437,14011,6,0.8896016729820238
PushT,jepa_wm_pusht,12,1,fidelity_constrained_latent_only,fidelity_constrained_latent_only__seed11437,11437,14011,1,1.1617256989407063
PushT,jepa_wm_pusht,12,1,fidelity_constrained_latent_only,fidelity_constrained_latent_only__seed11437,11437,14011,3,0.8913942770254649
PushT,jepa_wm_pusht,12,1,fidelity_constrained_latent_only,fidelity_constrained_latent_only__seed11437,11437,14011,6,0.7898875146817669
PushT,jepa_wm_pusht,13,1,fidelity_constrained_latent_only,fidelity_constrained_latent_only__seed11437,11437,14011,1,1.2343678799938198
PushT,jepa_wm_pusht,13,1,fidelity_constrained_latent_only,fidelity_constrained_latent_only__seed11437,11437,14011,3,0.8375433608175358
PushT,jepa_wm_pusht,13,1,fidelity_constrained_latent_only,fidelity_constrained_latent_only__seed11437,11437,14011,6,0.8089234813181221
PushT,jepa_wm_pusht,14,1,fidelity_constrained_latent_only,fidelity_constrained_latent_only__seed11437,11437,14011,1,0.4983006567147346
PushT,jepa_wm_pusht,14,1,fidelity_constrained_latent_only,fidelity_constrained_latent_only__seed11437,11437,14011,3,0.5848953341006033
PushT,jepa_wm_pusht,14,1,fidelity_constrained_latent_only,fidelity_constrained_latent_only__seed11437,11437,14011,6,0.6391652471405852
PushT,jepa_wm_pusht,15,1,fidelity_constrained_latent_only,fidelity_constrained_latent_only__seed11437,11437,14011,1,0.5982040314061052
PushT,jepa_wm_pusht,15,1,fidelity_constrained_latent_only,fidelity_constrained_latent_only__seed11437,11437,14011,3,0.7015618562415743
PushT,jepa_wm_pusht,15,1,fidelity_constrained_latent_only,fidelity_constrained_latent_only__seed11437,11437,14011,6,0.6854719109196755
PushT,jepa_wm_pusht,16,2,fidelity_constrained_latent_only,fidelity_constrained_latent_only__seed11437,11437,14011,1,1.2470181098269393
PushT,jepa_wm_pusht,16,2,fidelity_constrained_latent_only,fidelity_constrained_latent_only__seed11437,11437,14011,3,1.0361606700223656
PushT,jepa_wm_pusht,16,2,fidelity_constrained_latent_only,fidelity_constrained_latent_only__seed11437,11437,14011,6,1.0424033675415425
PushT,jepa_wm_pusht,17,2,fidelity_constrained_latent_only,fidelity_constrained_latent_only__seed11437,11437,14011,1,0.6216908533749123
PushT,jepa_wm_pusht,17,2,fidelity_constrained_latent_only,fidelity_constrained_latent_only__seed11437,11437,14011,3,0.8686873878534623
PushT,jepa_wm_pusht,17,2,fidelity_constrained_latent_only,fidelity_constrained_latent_only__seed11437,11437,14011,6,0.827502819521926
PushT,jepa_wm_pusht,18,2,fidelity_constrained_latent_only,fidelity_constrained_latent_only__seed11437,11437,14011,1,0.5675681245541135
PushT,jepa_wm_pusht,18,2,fidelity_constrained_latent_only,fidelity_constrained_latent_only__seed11437,11437,14011,3,0.6154286721153494
PushT,jepa_wm_pusht,18,2,fidelity_constrained_latent_only,fidelity_constrained_latent_only__seed11437,11437,14011,6,0.6346870188077481
PushT,jepa_wm_pusht,19,2,fidelity_constrained_latent_only,fidelity_constrained_latent_only__seed11437,11437,14011,1,0.8220451427355139
PushT,jepa_wm_pusht,19,2,fidelity_constrained_latent_only,fidelity_constrained_latent_only__seed11437,11437,14011,3,0.6734594278551984
PushT,jepa_wm_pusht,19,2,fidelity_constrained_latent_only,fidelity_constrained_latent_only__seed11437,11437,14011,6,0.6299940286985337
PushT,jepa_wm_pusht,20,2,fidelity_constrained_latent_only,fidelity_constrained_latent_only__seed11437,11437,14011,1,1.0005603673020123
PushT,jepa_wm_pusht,20,2,fidelity_constrained_latent_only,fidelity_constrained_latent_only__seed11437,11437,14011,3,0.7010297714240004
PushT,jepa_wm_pusht,20,2,fidelity_constrained_latent_only,fidelity_constrained_latent_only__seed11437,11437,14011,6,0.7924324240214354
PushT,jepa_wm_pusht,21,2,fidelity_constrained_latent_only,fidelity_constrained_latent_only__seed11437,11437,14011,1,0.6106326409370101
PushT,jepa_wm_pusht,21,2,fidelity_constrained_latent_only,fidelity_constrained_latent_only__seed11437,11437,14011,3,0.8333116252204263
PushT,jepa_wm_pusht,21,2,fidelity_constrained_latent_only,fidelity_constrained_latent_only__seed11437,11437,14011,6,0.771068220466018
PushT,jepa_wm_pusht,22,2,fidelity_constrained_latent_only,fidelity_constrained_latent_only__seed11437,11437,14011,1,0.663333536168775
PushT,jepa_wm_pusht,22,2,fidelity_constrained_latent_only,fidelity_constrained_latent_only__seed11437,11437,14011,3,0.7628448135141113
PushT,jepa_wm_pusht,22,2,fidelity_constrained_latent_only,fidelity_constrained_latent_only__seed11437,11437,14011,6,0.6919342051614701
PushT,jepa_wm_pusht,23,2,fidelity_constrained_latent_only,fidelity_constrained_latent_only__seed11437,11437,14011,1,0.8931251609882985
PushT,jepa_wm_pusht,23,2,fidelity_constrained_latent_only,fidelity_constrained_latent_only__seed11437,11437,14011,3,0.6117681342926691
PushT,jepa_wm_pusht,23,2,fidelity_constrained_latent_only,fidelity_constrained_latent_only__seed11437,11437,14011,6,0.612363832829196
PushT,jepa_wm_pusht,48,6,fidelity_constrained_latent_only,fidelity_constrained_latent_only__seed11437,11437,14011,1,1.7659136506161712
PushT,jepa_wm_pusht,48,6,fidelity_constrained_latent_only,fidelity_constrained_latent_only__seed11437,11437,14011,3,0.86124436091097
PushT,jepa_wm_pusht,48,6,fidelity_constrained_latent_only,fidelity_constrained_latent_only__seed11437,11437,14011,6,0.8181295507425531
PushT,jepa_wm_pusht,49,6,fidelity_constrained_latent_only,fidelity_constrained_latent_only__seed11437,11437,14011,1,1.208460362547786
PushT,jepa_wm_pusht,49,6,fidelity_constrained_latent_only,fidelity_constrained_latent_only__seed11437,11437,14011,3,0.7923950404482801
PushT,jepa_wm_pusht,49,6,fidelity_constrained_latent_only,fidelity_constrained_latent_only__seed11437,11437,14011,6,0.6655868776239877
PushT,jepa_wm_pusht,50,6,fidelity_constrained_latent_only,fidelity_constrained_latent_only__seed11437,11437,14011,1,1.1100789953057282
PushT,jepa_wm_pusht,50,6,fidelity_constrained_latent_only,fidelity_constrained_latent_only__seed11437,11437,14011,3,0.8099913602348232
PushT,jepa_wm_pusht,50,6,fidelity_constrained_latent_only,fidelity_constrained_latent_only__seed11437,11437,14011,6,0.9001092560454322
PushT,jepa_wm_pusht,51,6,fidelity_constrained_latent_only,fidelity_constrained_latent_only__seed11437,11437,14011,1,1.2163745574678781
PushT,jepa_wm_pusht,51,6,fidelity_constrained_latent_only,fidelity_constrained_latent_only__seed11437,11437,14011,3,0.7764169263901294
PushT,jepa_wm_pusht,51,6,fidelity_constrained_latent_only,fidelity_constrained_latent_only__seed11437,11437,14011,6,0.7378273866862852
PushT,jepa_wm_pusht,52,6,fidelity_constrained_latent_only,fidelity_constrained_latent_only__seed11437,11437,14011,1,0.6791642943744101
PushT,jepa_wm_pusht,52,6,fidelity_constrained_latent_only,fidelity_constrained_latent_only__seed11437,11437,14011,3,0.6477666591255535
PushT,jepa_wm_pusht,52,6,fidelity_constrained_latent_only,fidelity_constrained_latent_only__seed11437,11437,14011,6,0.6338263162912295
PushT,jepa_wm_pusht,53,6,fidelity_constrained_latent_only,fidelity_constrained_latent_only__seed11437,11437,14011,1,1.0247065607892587
PushT,jepa_wm_pusht,53,6,fidelity_constrained_latent_only,fidelity_constrained_latent_only__seed11437,11437,14011,3,0.7254616871188445
PushT,jepa_wm_pusht,53,6,fidelity_constrained_latent_only,fidelity_constrained_latent_only__seed11437,11437,14011,6,0.7689428544007619
PushT,jepa_wm_pusht,54,6,fidelity_constrained_latent_only,fidelity_constrained_latent_only__seed11437,11437,14011,1,1.5354651464612323
PushT,jepa_wm_pusht,54,6,fidelity_constrained_latent_only,fidelity_constrained_latent_only__seed11437,11437,14011,3,1.224667318099307
PushT,jepa_wm_pusht,54,6,fidelity_constrained_latent_only,fidelity_constrained_latent_only__seed11437,11437,14011,6,1.1523244845242169
PushT,jepa_wm_pusht,55,6,fidelity_constrained_latent_only,fidelity_constrained_latent_only__seed11437,11437,14011,1,0.6754516467540229
PushT,jepa_wm_pusht,55,6,fidelity_constrained_latent_only,fidelity_constrained_latent_only__seed11437,11437,14011,3,0.7300191136066634
PushT,jepa_wm_pusht,55,6,fidelity_constrained_latent_only,fidelity_constrained_latent_only__seed11437,11437,14011,6,0.7048318547674626
PushT,jepa_wm_pusht,8,1,fidelity_constrained_shuffled_geometry,fidelity_constrained_shuffled_geometry__seed11437,11437,14011,1,0.964210061745256
PushT,jepa_wm_pusht,8,1,fidelity_constrained_shuffled_geometry,fidelity_constrained_shuffled_geometry__seed11437,11437,14011,3,0.9014658336556398
PushT,jepa_wm_pusht,8,1,fidelity_constrained_shuffled_geometry,fidelity_constrained_shuffled_geometry__seed11437,11437,14011,6,0.815776246147134
PushT,jepa_wm_pusht,9,1,fidelity_constrained_shuffled_geometry,fidelity_constrained_shuffled_geometry__seed11437,11437,14011,1,1.2666152823459447
PushT,jepa_wm_pusht,9,1,fidelity_constrained_shuffled_geometry,fidelity_constrained_shuffled_geometry__seed11437,11437,14011,3,0.9113543500297129
PushT,jepa_wm_pusht,9,1,fidelity_constrained_shuffled_geometry,fidelity_constrained_shuffled_geometry__seed11437,11437,14011,6,0.8536901837349794
PushT,jepa_wm_pusht,10,1,fidelity_constrained_shuffled_geometry,fidelity_constrained_shuffled_geometry__seed11437,11437,14011,1,1.3325844132137104
PushT,jepa_wm_pusht,10,1,fidelity_constrained_shuffled_geometry,fidelity_constrained_shuffled_geometry__seed11437,11437,14011,3,1.1600308162309008
PushT,jepa_wm_pusht,10,1,fidelity_constrained_shuffled_geometry,fidelity_constrained_shuffled_geometry__seed11437,11437,14011,6,0.9907540609141455
PushT,jepa_wm_pusht,11,1,fidelity_constrained_shuffled_geometry,fidelity_constrained_shuffled_geometry__seed11437,11437,14011,1,1.5947780016928197
PushT,jepa_wm_pusht,11,1,fidelity_constrained_shuffled_geometry,fidelity_constrained_shuffled_geometry__seed11437,11437,14011,3,0.9016697858464542
PushT,jepa_wm_pusht,11,1,fidelity_constrained_shuffled_geometry,fidelity_constrained_shuffled_geometry__seed11437,11437,14011,6,0.8555794180773026
PushT,jepa_wm_pusht,12,1,fidelity_constrained_shuffled_geometry,fidelity_constrained_shuffled_geometry__seed11437,11437,14011,1,1.1607227524618635
PushT,jepa_wm_pusht,12,1,fidelity_constrained_shuffled_geometry,fidelity_constrained_shuffled_geometry__seed11437,11437,14011,3,0.8702869179010434
PushT,jepa_wm_pusht,12,1,fidelity_constrained_shuffled_geometry,fidelity_constrained_shuffled_geometry__seed11437,11437,14011,6,0.7605663318905677
PushT,jepa_wm_pusht,13,1,fidelity_constrained_shuffled_geometry,fidelity_constrained_shuffled_geometry__seed11437,11437,14011,1,1.2813576151959072
PushT,jepa_wm_pusht,13,1,fidelity_constrained_shuffled_geometry,fidelity_constrained_shuffled_geometry__seed11437,11437,14011,3,0.9322931689106174
PushT,jepa_wm_pusht,13,1,fidelity_constrained_shuffled_geometry,fidelity_constrained_shuffled_geometry__seed11437,11437,14011,6,0.8299609962944464
PushT,jepa_wm_pusht,14,1,fidelity_constrained_shuffled_geometry,fidelity_constrained_shuffled_geometry__seed11437,11437,14011,1,0.5105107359933279
PushT,jepa_wm_pusht,14,1,fidelity_constrained_shuffled_geometry,fidelity_constrained_shuffled_geometry__seed11437,11437,14011,3,0.631657714539117
PushT,jepa_wm_pusht,14,1,fidelity_constrained_shuffled_geometry,fidelity_constrained_shuffled_geometry__seed11437,11437,14011,6,0.68588260864194
PushT,jepa_wm_pusht,15,1,fidelity_constrained_shuffled_geometry,fidelity_constrained_shuffled_geometry__seed11437,11437,14011,1,0.619391596211802
PushT,jepa_wm_pusht,15,1,fidelity_constrained_shuffled_geometry,fidelity_constrained_shuffled_geometry__seed11437,11437,14011,3,0.755859682550055
PushT,jepa_wm_pusht,15,1,fidelity_constrained_shuffled_geometry,fidelity_constrained_shuffled_geometry__seed11437,11437,14011,6,0.7600354626690112
PushT,jepa_wm_pusht,16,2,fidelity_constrained_shuffled_geometry,fidelity_constrained_shuffled_geometry__seed11437,11437,14011,1,1.238691796972552
PushT,jepa_wm_pusht,16,2,fidelity_constrained_shuffled_geometry,fidelity_constrained_shuffled_geometry__seed11437,11437,14011,3,1.042798531297147
PushT,jepa_wm_pusht,16,2,fidelity_constrained_shuffled_geometry,fidelity_constrained_shuffled_geometry__seed11437,11437,14011,6,1.0669233165554628
PushT,jepa_wm_pusht,17,2,fidelity_constrained_shuffled_geometry,fidelity_constrained_shuffled_geometry__seed11437,11437,14011,1,0.6207705517872955
PushT,jepa_wm_pusht,17,2,fidelity_constrained_shuffled_geometry,fidelity_constrained_shuffled_geometry__seed11437,11437,14011,3,0.8731536267775183
PushT,jepa_wm_pusht,17,2,fidelity_constrained_shuffled_geometry,fidelity_constrained_shuffled_geometry__seed11437,11437,14011,6,0.787979809689567
PushT,jepa_wm_pusht,18,2,fidelity_constrained_shuffled_geometry,fidelity_constrained_shuffled_geometry__seed11437,11437,14011,1,0.5893780632392404
PushT,jepa_wm_pusht,18,2,fidelity_constrained_shuffled_geometry,fidelity_constrained_shuffled_geometry__seed11437,11437,14011,3,0.682081998830441
PushT,jepa_wm_pusht,18,2,fidelity_constrained_shuffled_geometry,fidelity_constrained_shuffled_geometry__seed11437,11437,14011,6,0.6939856102815156
PushT,jepa_wm_pusht,19,2,fidelity_constrained_shuffled_geometry,fidelity_constrained_shuffled_geometry__seed11437,11437,14011,1,0.8283311820112732
PushT,jepa_wm_pusht,19,2,fidelity_constrained_shuffled_geometry,fidelity_constrained_shuffled_geometry__seed11437,11437,14011,3,0.7330329172346153
PushT,jepa_wm_pusht,19,2,fidelity_constrained_shuffled_geometry,fidelity_constrained_shuffled_geometry__seed11437,11437,14011,6,0.6885418224796116
PushT,jepa_wm_pusht,20,2,fidelity_constrained_shuffled_geometry,fidelity_constrained_shuffled_geometry__seed11437,11437,14011,1,0.9989613167944524
PushT,jepa_wm_pusht,20,2,fidelity_constrained_shuffled_geometry,fidelity_constrained_shuffled_geometry__seed11437,11437,14011,3,0.7725813471475232
PushT,jepa_wm_pusht,20,2,fidelity_constrained_shuffled_geometry,fidelity_constrained_shuffled_geometry__seed11437,11437,14011,6,0.8053669466255271
PushT,jepa_wm_pusht,21,2,fidelity_constrained_shuffled_geometry,fidelity_constrained_shuffled_geometry__seed11437,11437,14011,1,0.6330485187282596
PushT,jepa_wm_pusht,21,2,fidelity_constrained_shuffled_geometry,fidelity_constrained_shuffled_geometry__seed11437,11437,14011,3,0.8590799829330126
PushT,jepa_wm_pusht,21,2,fidelity_constrained_shuffled_geometry,fidelity_constrained_shuffled_geometry__seed11437,11437,14011,6,0.8417990957181689
PushT,jepa_wm_pusht,22,2,fidelity_constrained_shuffled_geometry,fidelity_constrained_shuffled_geometry__seed11437,11437,14011,1,0.6758086597621645
PushT,jepa_wm_pusht,22,2,fidelity_constrained_shuffled_geometry,fidelity_constrained_shuffled_geometry__seed11437,11437,14011,3,0.81495326528024
PushT,jepa_wm_pusht,22,2,fidelity_constrained_shuffled_geometry,fidelity_constrained_shuffled_geometry__seed11437,11437,14011,6,0.7363553971201158
PushT,jepa_wm_pusht,23,2,fidelity_constrained_shuffled_geometry,fidelity_constrained_shuffled_geometry__seed11437,11437,14011,1,0.9163575482029149
PushT,jepa_wm_pusht,23,2,fidelity_constrained_shuffled_geometry,fidelity_constrained_shuffled_geometry__seed11437,11437,14011,3,0.6535529381244768
PushT,jepa_wm_pusht,23,2,fidelity_constrained_shuffled_geometry,fidelity_constrained_shuffled_geometry__seed11437,11437,14011,6,0.7372175544877844
PushT,jepa_wm_pusht,48,6,fidelity_constrained_shuffled_geometry,fidelity_constrained_shuffled_geometry__seed11437,11437,14011,1,1.7665210165488798
PushT,jepa_wm_pusht,48,6,fidelity_constrained_shuffled_geometry,fidelity_constrained_shuffled_geometry__seed11437,11437,14011,3,0.8621182725694699
PushT,jepa_wm_pusht,48,6,fidelity_constrained_shuffled_geometry,fidelity_constrained_shuffled_geometry__seed11437,11437,14011,6,0.7863687996675399
PushT,jepa_wm_pusht,49,6,fidelity_constrained_shuffled_geometry,fidelity_constrained_shuffled_geometry__seed11437,11437,14011,1,1.2179923413213956
PushT,jepa_wm_pusht,49,6,fidelity_constrained_shuffled_geometry,fidelity_constrained_shuffled_geometry__seed11437,11437,14011,3,0.8480764624889637
PushT,jepa_wm_pusht,49,6,fidelity_constrained_shuffled_geometry,fidelity_constrained_shuffled_geometry__seed11437,11437,14011,6,0.7277930775224892
PushT,jepa_wm_pusht,50,6,fidelity_constrained_shuffled_geometry,fidelity_constrained_shuffled_geometry__seed11437,11437,14011,1,1.1257918741943456
PushT,jepa_wm_pusht,50,6,fidelity_constrained_shuffled_geometry,fidelity_constrained_shuffled_geometry__seed11437,11437,14011,3,0.8192562961810216
PushT,jepa_wm_pusht,50,6,fidelity_constrained_shuffled_geometry,fidelity_constrained_shuffled_geometry__seed11437,11437,14011,6,0.9837832195272387
PushT,jepa_wm_pusht,51,6,fidelity_constrained_shuffled_geometry,fidelity_constrained_shuffled_geometry__seed11437,11437,14011,1,1.2504678943141356
PushT,jepa_wm_pusht,51,6,fidelity_constrained_shuffled_geometry,fidelity_constrained_shuffled_geometry__seed11437,11437,14011,3,0.8167422704428591
PushT,jepa_wm_pusht,51,6,fidelity_constrained_shuffled_geometry,fidelity_constrained_shuffled_geometry__seed11437,11437,14011,6,0.8195485127488221
PushT,jepa_wm_pusht,52,6,fidelity_constrained_shuffled_geometry,fidelity_constrained_shuffled_geometry__seed11437,11437,14011,1,0.6825462718820755
PushT,jepa_wm_pusht,52,6,fidelity_constrained_shuffled_geometry,fidelity_constrained_shuffled_geometry__seed11437,11437,14011,3,0.7194467099534028
PushT,jepa_wm_pusht,52,6,fidelity_constrained_shuffled_geometry,fidelity_constrained_shuffled_geometry__seed11437,11437,14011,6,0.7228581058168728
PushT,jepa_wm_pusht,53,6,fidelity_constrained_shuffled_geometry,fidelity_constrained_shuffled_geometry__seed11437,11437,14011,1,1.0454943339470788
PushT,jepa_wm_pusht,53,6,fidelity_constrained_shuffled_geometry,fidelity_constrained_shuffled_geometry__seed11437,11437,14011,3,0.7710078775024034
PushT,jepa_wm_pusht,53,6,fidelity_constrained_shuffled_geometry,fidelity_constrained_shuffled_geometry__seed11437,11437,14011,6,0.8331548303255878
PushT,jepa_wm_pusht,54,6,fidelity_constrained_shuffled_geometry,fidelity_constrained_shuffled_geometry__seed11437,11437,14011,1,1.4953555821985316
PushT,jepa_wm_pusht,54,6,fidelity_constrained_shuffled_geometry,fidelity_constrained_shuffled_geometry__seed11437,11437,14011,3,1.1871482220610565
PushT,jepa_wm_pusht,54,6,fidelity_constrained_shuffled_geometry,fidelity_constrained_shuffled_geometry__seed11437,11437,14011,6,1.1129250956782648
PushT,jepa_wm_pusht,55,6,fidelity_constrained_shuffled_geometry,fidelity_constrained_shuffled_geometry__seed11437,11437,14011,1,0.6879129105403671
PushT,jepa_wm_pusht,55,6,fidelity_constrained_shuffled_geometry,fidelity_constrained_shuffled_geometry__seed11437,11437,14011,3,0.751078041420477
PushT,jepa_wm_pusht,55,6,fidelity_constrained_shuffled_geometry,fidelity_constrained_shuffled_geometry__seed11437,11437,14011,6,0.7213687332946493
PushT,jepa_wm_pusht,8,1,fidelity_constrained_matched_geometry,fidelity_constrained_matched_geometry__seed11437,11437,14011,1,0.959824668369721
PushT,jepa_wm_pusht,8,1,fidelity_constrained_matched_geometry,fidelity_constrained_matched_geometry__seed11437,11437,14011,3,0.8311972139950972
PushT,jepa_wm_pusht,8,1,fidelity_constrained_matched_geometry,fidelity_constrained_matched_geometry__seed11437,11437,14011,6,0.7568033792635873
PushT,jepa_wm_pusht,9,1,fidelity_constrained_matched_geometry,fidelity_constrained_matched_geometry__seed11437,11437,14011,1,1.23993939005351
PushT,jepa_wm_pusht,9,1,fidelity_constrained_matched_geometry,fidelity_constrained_matched_geometry__seed11437,11437,14011,3,0.8601485926686836
PushT,jepa_wm_pusht,9,1,fidelity_constrained_matched_geometry,fidelity_constrained_matched_geometry__seed11437,11437,14011,6,0.7820291370207719
PushT,jepa_wm_pusht,10,1,fidelity_constrained_matched_geometry,fidelity_constrained_matched_geometry__seed11437,11437,14011,1,1.3225678628157875
PushT,jepa_wm_pusht,10,1,fidelity_constrained_matched_geometry,fidelity_constrained_matched_geometry__seed11437,11437,14011,3,1.1770882369813105
PushT,jepa_wm_pusht,10,1,fidelity_constrained_matched_geometry,fidelity_constrained_matched_geometry__seed11437,11437,14011,6,0.9923957087332199
PushT,jepa_wm_pusht,11,1,fidelity_constrained_matched_geometry,fidelity_constrained_matched_geometry__seed11437,11437,14011,1,1.568676082696533
PushT,jepa_wm_pusht,11,1,fidelity_constrained_matched_geometry,fidelity_constrained_matched_geometry__seed11437,11437,14011,3,0.9367843172337006
PushT,jepa_wm_pusht,11,1,fidelity_constrained_matched_geometry,fidelity_constrained_matched_geometry__seed11437,11437,14011,6,0.8636070243575146
PushT,jepa_wm_pusht,12,1,fidelity_constrained_matched_geometry,fidelity_constrained_matched_geometry__seed11437,11437,14011,1,1.1508925257588771
PushT,jepa_wm_pusht,12,1,fidelity_constrained_matched_geometry,fidelity_constrained_matched_geometry__seed11437,11437,14011,3,0.8548793004687759
PushT,jepa_wm_pusht,12,1,fidelity_constrained_matched_geometry,fidelity_constrained_matched_geometry__seed11437,11437,14011,6,0.7498716250792276
PushT,jepa_wm_pusht,13,1,fidelity_constrained_matched_geometry,fidelity_constrained_matched_geometry__seed11437,11437,14011,1,1.2598647120246715
PushT,jepa_wm_pusht,13,1,fidelity_constrained_matched_geometry,fidelity_constrained_matched_geometry__seed11437,11437,14011,3,0.8502879563264248
PushT,jepa_wm_pusht,13,1,fidelity_constrained_matched_geometry,fidelity_constrained_matched_geometry__seed11437,11437,14011,6,0.7987158602766803
PushT,jepa_wm_pusht,14,1,fidelity_constrained_matched_geometry,fidelity_constrained_matched_geometry__seed11437,11437,14011,1,0.5065986733833925
PushT,jepa_wm_pusht,14,1,fidelity_constrained_matched_geometry,fidelity_constrained_matched_geometry__seed11437,11437,14011,3,0.5911206502729163
PushT,jepa_wm_pusht,14,1,fidelity_constrained_matched_geometry,fidelity_constrained_matched_geometry__seed11437,11437,14011,6,0.6408100816418075
PushT,jepa_wm_pusht,15,1,fidelity_constrained_matched_geometry,fidelity_constrained_matched_geometry__seed11437,11437,14011,1,0.6073240933785679
PushT,jepa_wm_pusht,15,1,fidelity_constrained_matched_geometry,fidelity_constrained_matched_geometry__seed11437,11437,14011,3,0.6958349710418475
PushT,jepa_wm_pusht,15,1,fidelity_constrained_matched_geometry,fidelity_constrained_matched_geometry__seed11437,11437,14011,6,0.670306092929742
PushT,jepa_wm_pusht,16,2,fidelity_constrained_matched_geometry,fidelity_constrained_matched_geometry__seed11437,11437,14011,1,1.2123933352646785
PushT,jepa_wm_pusht,16,2,fidelity_constrained_matched_geometry,fidelity_constrained_matched_geometry__seed11437,11437,14011,3,0.9938167398317792
PushT,jepa_wm_pusht,16,2,fidelity_constrained_matched_geometry,fidelity_constrained_matched_geometry__seed11437,11437,14011,6,0.965695766890468
PushT,jepa_wm_pusht,17,2,fidelity_constrained_matched_geometry,fidelity_constrained_matched_geometry__seed11437,11437,14011,1,0.6193575883177332
PushT,jepa_wm_pusht,17,2,fidelity_constrained_matched_geometry,fidelity_constrained_matched_geometry__seed11437,11437,14011,3,0.8675127375006666
PushT,jepa_wm_pusht,17,2,fidelity_constrained_matched_geometry,fidelity_constrained_matched_geometry__seed11437,11437,14011,6,0.8126511051641709
PushT,jepa_wm_pusht,18,2,fidelity_constrained_matched_geometry,fidelity_constrained_matched_geometry__seed11437,11437,14011,1,0.5738648784888993
PushT,jepa_wm_pusht,18,2,fidelity_constrained_matched_geometry,fidelity_constrained_matched_geometry__seed11437,11437,14011,3,0.6284876219317213
PushT,jepa_wm_pusht,18,2,fidelity_constrained_matched_geometry,fidelity_constrained_matched_geometry__seed11437,11437,14011,6,0.6327697789598551
PushT,jepa_wm_pusht,19,2,fidelity_constrained_matched_geometry,fidelity_constrained_matched_geometry__seed11437,11437,14011,1,0.814843799887121
PushT,jepa_wm_pusht,19,2,fidelity_constrained_matched_geometry,fidelity_constrained_matched_geometry__seed11437,11437,14011,3,0.6801553875362669
PushT,jepa_wm_pusht,19,2,fidelity_constrained_matched_geometry,fidelity_constrained_matched_geometry__seed11437,11437,14011,6,0.6276589483639369
PushT,jepa_wm_pusht,20,2,fidelity_constrained_matched_geometry,fidelity_constrained_matched_geometry__seed11437,11437,14011,1,0.9785802891611773
PushT,jepa_wm_pusht,20,2,fidelity_constrained_matched_geometry,fidelity_constrained_matched_geometry__seed11437,11437,14011,3,0.7139718520645991
PushT,jepa_wm_pusht,20,2,fidelity_constrained_matched_geometry,fidelity_constrained_matched_geometry__seed11437,11437,14011,6,0.7588490701534278
PushT,jepa_wm_pusht,21,2,fidelity_constrained_matched_geometry,fidelity_constrained_matched_geometry__seed11437,11437,14011,1,0.6189353344838996
PushT,jepa_wm_pusht,21,2,fidelity_constrained_matched_geometry,fidelity_constrained_matched_geometry__seed11437,11437,14011,3,0.8398523492098349
PushT,jepa_wm_pusht,21,2,fidelity_constrained_matched_geometry,fidelity_constrained_matched_geometry__seed11437,11437,14011,6,0.7734446057098056
PushT,jepa_wm_pusht,22,2,fidelity_constrained_matched_geometry,fidelity_constrained_matched_geometry__seed11437,11437,14011,1,0.6678134958723855
PushT,jepa_wm_pusht,22,2,fidelity_constrained_matched_geometry,fidelity_constrained_matched_geometry__seed11437,11437,14011,3,0.7546777070207488
PushT,jepa_wm_pusht,22,2,fidelity_constrained_matched_geometry,fidelity_constrained_matched_geometry__seed11437,11437,14011,6,0.6826661578946687
PushT,jepa_wm_pusht,23,2,fidelity_constrained_matched_geometry,fidelity_constrained_matched_geometry__seed11437,11437,14011,1,0.8800022272276045
PushT,jepa_wm_pusht,23,2,fidelity_constrained_matched_geometry,fidelity_constrained_matched_geometry__seed11437,11437,14011,3,0.6230380560365957
PushT,jepa_wm_pusht,23,2,fidelity_constrained_matched_geometry,fidelity_constrained_matched_geometry__seed11437,11437,14011,6,0.6145221434611545
PushT,jepa_wm_pusht,48,6,fidelity_constrained_matched_geometry,fidelity_constrained_matched_geometry__seed11437,11437,14011,1,1.7503631951037673
PushT,jepa_wm_pusht,48,6,fidelity_constrained_matched_geometry,fidelity_constrained_matched_geometry__seed11437,11437,14011,3,0.8365492484551136
PushT,jepa_wm_pusht,48,6,fidelity_constrained_matched_geometry,fidelity_constrained_matched_geometry__seed11437,11437,14011,6,0.7657110789035125
PushT,jepa_wm_pusht,49,6,fidelity_constrained_matched_geometry,fidelity_constrained_matched_geometry__seed11437,11437,14011,1,1.188475530939476
PushT,jepa_wm_pusht,49,6,fidelity_constrained_matched_geometry,fidelity_constrained_matched_geometry__seed11437,11437,14011,3,0.801192907404454
PushT,jepa_wm_pusht,49,6,fidelity_constrained_matched_geometry,fidelity_constrained_matched_geometry__seed11437,11437,14011,6,0.6627952600968124
PushT,jepa_wm_pusht,50,6,fidelity_constrained_matched_geometry,fidelity_constrained_matched_geometry__seed11437,11437,14011,1,1.1144124819455141
PushT,jepa_wm_pusht,50,6,fidelity_constrained_matched_geometry,fidelity_constrained_matched_geometry__seed11437,11437,14011,3,0.7817697800113382
PushT,jepa_wm_pusht,50,6,fidelity_constrained_matched_geometry,fidelity_constrained_matched_geometry__seed11437,11437,14011,6,0.8682928939960741
PushT,jepa_wm_pusht,51,6,fidelity_constrained_matched_geometry,fidelity_constrained_matched_geometry__seed11437,11437,14011,1,1.2320109293298092
PushT,jepa_wm_pusht,51,6,fidelity_constrained_matched_geometry,fidelity_constrained_matched_geometry__seed11437,11437,14011,3,0.7768950689521071
PushT,jepa_wm_pusht,51,6,fidelity_constrained_matched_geometry,fidelity_constrained_matched_geometry__seed11437,11437,14011,6,0.7535745262768987
PushT,jepa_wm_pusht,52,6,fidelity_constrained_matched_geometry,fidelity_constrained_matched_geometry__seed11437,11437,14011,1,0.6665500044605762
PushT,jepa_wm_pusht,52,6,fidelity_constrained_matched_geometry,fidelity_constrained_matched_geometry__seed11437,11437,14011,3,0.6568877052896024
PushT,jepa_wm_pusht,52,6,fidelity_constrained_matched_geometry,fidelity_constrained_matched_geometry__seed11437,11437,14011,6,0.6632006650671106
PushT,jepa_wm_pusht,53,6,fidelity_constrained_matched_geometry,fidelity_constrained_matched_geometry__seed11437,11437,14011,1,1.0221987970314685
PushT,jepa_wm_pusht,53,6,fidelity_constrained_matched_geometry,fidelity_constrained_matched_geometry__seed11437,11437,14011,3,0.735806577032603
PushT,jepa_wm_pusht,53,6,fidelity_constrained_matched_geometry,fidelity_constrained_matched_geometry__seed11437,11437,14011,6,0.7536598430726598
PushT,jepa_wm_pusht,54,6,fidelity_constrained_matched_geometry,fidelity_constrained_matched_geometry__seed11437,11437,14011,1,1.513052552118516
PushT,jepa_wm_pusht,54,6,fidelity_constrained_matched_geometry,fidelity_constrained_matched_geometry__seed11437,11437,14011,3,1.2106353711542617
PushT,jepa_wm_pusht,54,6,fidelity_constrained_matched_geometry,fidelity_constrained_matched_geometry__seed11437,11437,14011,6,1.1333241433995522
PushT,jepa_wm_pusht,55,6,fidelity_constrained_matched_geometry,fidelity_constrained_matched_geometry__seed11437,11437,14011,1,0.6730920142097168
PushT,jepa_wm_pusht,55,6,fidelity_constrained_matched_geometry,fidelity_constrained_matched_geometry__seed11437,11437,14011,3,0.7116125483340147
PushT,jepa_wm_pusht,55,6,fidelity_constrained_matched_geometry,fidelity_constrained_matched_geometry__seed11437,11437,14011,6,0.6781517119706811
PushT,jepa_wm_pusht,8,1,frozen,frozen,-1,14029,1,1.0272499684903393
PushT,jepa_wm_pusht,8,1,frozen,frozen,-1,14029,3,0.8540879437018046
PushT,jepa_wm_pusht,8,1,frozen,frozen,-1,14029,6,0.8708639412826122
PushT,jepa_wm_pusht,9,1,frozen,frozen,-1,14029,1,1.2708715673605289
PushT,jepa_wm_pusht,9,1,frozen,frozen,-1,14029,3,0.9523100748481309
PushT,jepa_wm_pusht,9,1,frozen,frozen,-1,14029,6,0.9107414809671056
PushT,jepa_wm_pusht,10,1,frozen,frozen,-1,14029,1,1.4087261521138081
PushT,jepa_wm_pusht,10,1,frozen,frozen,-1,14029,3,1.2336457760176485
PushT,jepa_wm_pusht,10,1,frozen,frozen,-1,14029,6,1.087947676902059
PushT,jepa_wm_pusht,11,1,frozen,frozen,-1,14029,1,1.5935261761982087
PushT,jepa_wm_pusht,11,1,frozen,frozen,-1,14029,3,1.0218505384133145
PushT,jepa_wm_pusht,11,1,frozen,frozen,-1,14029,6,0.9095631156530456
PushT,jepa_wm_pusht,12,1,frozen,frozen,-1,14029,1,1.1958135410991015
PushT,jepa_wm_pusht,12,1,frozen,frozen,-1,14029,3,0.9278090008183019
PushT,jepa_wm_pusht,12,1,frozen,frozen,-1,14029,6,0.8089941140476709
PushT,jepa_wm_pusht,13,1,frozen,frozen,-1,14029,1,1.3507802472816797
PushT,jepa_wm_pusht,13,1,frozen,frozen,-1,14029,3,0.9484625581584842
PushT,jepa_wm_pusht,13,1,frozen,frozen,-1,14029,6,0.8302105795504203
PushT,jepa_wm_pusht,14,1,frozen,frozen,-1,14029,1,0.534934558907749
PushT,jepa_wm_pusht,14,1,frozen,frozen,-1,14029,3,0.6521814113467267
PushT,jepa_wm_pusht,14,1,frozen,frozen,-1,14029,6,0.7335895946526453
PushT,jepa_wm_pusht,15,1,frozen,frozen,-1,14029,1,0.5916722703624656
PushT,jepa_wm_pusht,15,1,frozen,frozen,-1,14029,3,0.7858505788545314
PushT,jepa_wm_pusht,15,1,frozen,frozen,-1,14029,6,0.7667923472812465
PushT,jepa_wm_pusht,16,2,frozen,frozen,-1,14029,1,1.2045742840936795
PushT,jepa_wm_pusht,16,2,frozen,frozen,-1,14029,3,1.058624783508476
PushT,jepa_wm_pusht,16,2,frozen,frozen,-1,14029,6,1.0873466590283745
PushT,jepa_wm_pusht,17,2,frozen,frozen,-1,14029,1,0.6105967149921911
PushT,jepa_wm_pusht,17,2,frozen,frozen,-1,14029,3,0.8527812674916003
PushT,jepa_wm_pusht,17,2,frozen,frozen,-1,14029,6,0.8353734593802573
PushT,jepa_wm_pusht,18,2,frozen,frozen,-1,14029,1,0.5745021037040698
PushT,jepa_wm_pusht,18,2,frozen,frozen,-1,14029,3,0.6689319371435044
PushT,jepa_wm_pusht,18,2,frozen,frozen,-1,14029,6,0.7143412801419451
PushT,jepa_wm_pusht,19,2,frozen,frozen,-1,14029,1,0.7675931226243007
PushT,jepa_wm_pusht,19,2,frozen,frozen,-1,14029,3,0.679959313873138
PushT,jepa_wm_pusht,19,2,frozen,frozen,-1,14029,6,0.7103499316580514
PushT,jepa_wm_pusht,20,2,frozen,frozen,-1,14029,1,0.9940933314057856
PushT,jepa_wm_pusht,20,2,frozen,frozen,-1,14029,3,0.7531932562747218
PushT,jepa_wm_pusht,20,2,frozen,frozen,-1,14029,6,0.8295670905201775
PushT,jepa_wm_pusht,21,2,frozen,frozen,-1,14029,1,0.6271622672943328
PushT,jepa_wm_pusht,21,2,frozen,frozen,-1,14029,3,0.8137587508515983
PushT,jepa_wm_pusht,21,2,frozen,frozen,-1,14029,6,0.8794974788118657
PushT,jepa_wm_pusht,22,2,frozen,frozen,-1,14029,1,0.6458210796984954
PushT,jepa_wm_pusht,22,2,frozen,frozen,-1,14029,3,0.858232826709004
PushT,jepa_wm_pusht,22,2,frozen,frozen,-1,14029,6,0.788842188543874
PushT,jepa_wm_pusht,23,2,frozen,frozen,-1,14029,1,0.8979802030819167
PushT,jepa_wm_pusht,23,2,frozen,frozen,-1,14029,3,0.622063784710565
PushT,jepa_wm_pusht,23,2,frozen,frozen,-1,14029,6,0.6597016800345538
PushT,jepa_wm_pusht,48,6,frozen,frozen,-1,14029,1,1.6821569927574451
PushT,jepa_wm_pusht,48,6,frozen,frozen,-1,14029,3,0.8078293161578913
PushT,jepa_wm_pusht,48,6,frozen,frozen,-1,14029,6,0.7968639426044223
PushT,jepa_wm_pusht,49,6,frozen,frozen,-1,14029,1,1.222979867966655
PushT,jepa_wm_pusht,49,6,frozen,frozen,-1,14029,3,0.7981926380823765
PushT,jepa_wm_pusht,49,6,frozen,frozen,-1,14029,6,0.7265494235900537
PushT,jepa_wm_pusht,50,6,frozen,frozen,-1,14029,1,1.1061870292057845
PushT,jepa_wm_pusht,50,6,frozen,frozen,-1,14029,3,0.8185928939719167
PushT,jepa_wm_pusht,50,6,frozen,frozen,-1,14029,6,0.9769329801035451
PushT,jepa_wm_pusht,51,6,frozen,frozen,-1,14029,1,1.1721563156269943
PushT,jepa_wm_pusht,51,6,frozen,frozen,-1,14029,3,0.7783999008383204
PushT,jepa_wm_pusht,51,6,frozen,frozen,-1,14029,6,0.6537321932180611
PushT,jepa_wm_pusht,52,6,frozen,frozen,-1,14029,1,0.7301796857066446
PushT,jepa_wm_pusht,52,6,frozen,frozen,-1,14029,3,0.6521650667952088
PushT,jepa_wm_pusht,52,6,frozen,frozen,-1,14029,6,0.6845973641587353
PushT,jepa_wm_pusht,53,6,frozen,frozen,-1,14029,1,1.0262876576708089
PushT,jepa_wm_pusht,53,6,frozen,frozen,-1,14029,3,0.7902661930568187
PushT,jepa_wm_pusht,53,6,frozen,frozen,-1,14029,6,0.7803755799796134
PushT,jepa_wm_pusht,54,6,frozen,frozen,-1,14029,1,1.5070499025829718
PushT,jepa_wm_pusht,54,6,frozen,frozen,-1,14029,3,1.2211338574955404
PushT,jepa_wm_pusht,54,6,frozen,frozen,-1,14029,6,1.1826023655891826
PushT,jepa_wm_pusht,55,6,frozen,frozen,-1,14029,1,0.7281794936574751
PushT,jepa_wm_pusht,55,6,frozen,frozen,-1,14029,3,0.7641527255484435
PushT,jepa_wm_pusht,55,6,frozen,frozen,-1,14029,6,0.7404102691369998
PushT,jepa_wm_pusht,8,1,fidelity_constrained_latent_only,fidelity_constrained_latent_only__seed11401,11401,14029,1,1.0044331233391073
PushT,jepa_wm_pusht,8,1,fidelity_constrained_latent_only,fidelity_constrained_latent_only__seed11401,11401,14029,3,0.8216622680422002
PushT,jepa_wm_pusht,8,1,fidelity_constrained_latent_only,fidelity_constrained_latent_only__seed11401,11401,14029,6,0.7925036165556181
PushT,jepa_wm_pusht,9,1,fidelity_constrained_latent_only,fidelity_constrained_latent_only__seed11401,11401,14029,1,1.2681818009862709
PushT,jepa_wm_pusht,9,1,fidelity_constrained_latent_only,fidelity_constrained_latent_only__seed11401,11401,14029,3,0.9052715446937828
PushT,jepa_wm_pusht,9,1,fidelity_constrained_latent_only,fidelity_constrained_latent_only__seed11401,11401,14029,6,0.824349408291176
PushT,jepa_wm_pusht,10,1,fidelity_constrained_latent_only,fidelity_constrained_latent_only__seed11401,11401,14029,1,1.3899229937111353
PushT,jepa_wm_pusht,10,1,fidelity_constrained_latent_only,fidelity_constrained_latent_only__seed11401,11401,14029,3,1.247204941373307
PushT,jepa_wm_pusht,10,1,fidelity_constrained_latent_only,fidelity_constrained_latent_only__seed11401,11401,14029,6,1.0853720245688292
PushT,jepa_wm_pusht,11,1,fidelity_constrained_latent_only,fidelity_constrained_latent_only__seed11401,11401,14029,1,1.5757908128673601
PushT,jepa_wm_pusht,11,1,fidelity_constrained_latent_only,fidelity_constrained_latent_only__seed11401,11401,14029,3,1.0199876556393592
PushT,jepa_wm_pusht,11,1,fidelity_constrained_latent_only,fidelity_constrained_latent_only__seed11401,11401,14029,6,0.9354109062536483
PushT,jepa_wm_pusht,12,1,fidelity_constrained_latent_only,fidelity_constrained_latent_only__seed11401,11401,14029,1,1.1894890930531097
PushT,jepa_wm_pusht,12,1,fidelity_constrained_latent_only,fidelity_constrained_latent_only__seed11401,11401,14029,3,0.9008648711646705
PushT,jepa_wm_pusht,12,1,fidelity_constrained_latent_only,fidelity_constrained_latent_only__seed11401,11401,14029,6,0.8190858252975738
PushT,jepa_wm_pusht,13,1,fidelity_constrained_latent_only,fidelity_constrained_latent_only__seed11401,11401,14029,1,1.3146617903132558
PushT,jepa_wm_pusht,13,1,fidelity_constrained_latent_only,fidelity_constrained_latent_only__seed11401,11401,14029,3,0.8805666154405408
PushT,jepa_wm_pusht,13,1,fidelity_constrained_latent_only,fidelity_constrained_latent_only__seed11401,11401,14029,6,0.7911627510288275
PushT,jepa_wm_pusht,14,1,fidelity_constrained_latent_only,fidelity_constrained_latent_only__seed11401,11401,14029,1,0.5198776537584224
PushT,jepa_wm_pusht,14,1,fidelity_constrained_latent_only,fidelity_constrained_latent_only__seed11401,11401,14029,3,0.6407651815049114
PushT,jepa_wm_pusht,14,1,fidelity_constrained_latent_only,fidelity_constrained_latent_only__seed11401,11401,14029,6,0.6622445296877211
PushT,jepa_wm_pusht,15,1,fidelity_constrained_latent_only,fidelity_constrained_latent_only__seed11401,11401,14029,1,0.5771176454482814
PushT,jepa_wm_pusht,15,1,fidelity_constrained_latent_only,fidelity_constrained_latent_only__seed11401,11401,14029,3,0.7648016230184459
PushT,jepa_wm_pusht,15,1,fidelity_constrained_latent_only,fidelity_constrained_latent_only__seed11401,11401,14029,6,0.700225761916768
PushT,jepa_wm_pusht,16,2,fidelity_constrained_latent_only,fidelity_constrained_latent_only__seed11401,11401,14029,1,1.1770755010542597
PushT,jepa_wm_pusht,16,2,fidelity_constrained_latent_only,fidelity_constrained_latent_only__seed11401,11401,14029,3,1.0237065551829791
PushT,jepa_wm_pusht,16,2,fidelity_constrained_latent_only,fidelity_constrained_latent_only__seed11401,11401,14029,6,1.0400575084254602
PushT,jepa_wm_pusht,17,2,fidelity_constrained_latent_only,fidelity_constrained_latent_only__seed11401,11401,14029,1,0.5969510705460402
PushT,jepa_wm_pusht,17,2,fidelity_constrained_latent_only,fidelity_constrained_latent_only__seed11401,11401,14029,3,0.8363046352210035
PushT,jepa_wm_pusht,17,2,fidelity_constrained_latent_only,fidelity_constrained_latent_only__seed11401,11401,14029,6,0.8006825600432683
PushT,jepa_wm_pusht,18,2,fidelity_constrained_latent_only,fidelity_constrained_latent_only__seed11401,11401,14029,1,0.5755583485191351
PushT,jepa_wm_pusht,18,2,fidelity_constrained_latent_only,fidelity_constrained_latent_only__seed11401,11401,14029,3,0.6534701941806736
PushT,jepa_wm_pusht,18,2,fidelity_constrained_latent_only,fidelity_constrained_latent_only__seed11401,11401,14029,6,0.652775157260493
PushT,jepa_wm_pusht,19,2,fidelity_constrained_latent_only,fidelity_constrained_latent_only__seed11401,11401,14029,1,0.78457445949075
PushT,jepa_wm_pusht,19,2,fidelity_constrained_latent_only,fidelity_constrained_latent_only__seed11401,11401,14029,3,0.6649330779070743
PushT,jepa_wm_pusht,19,2,fidelity_constrained_latent_only,fidelity_constrained_latent_only__seed11401,11401,14029,6,0.6287058652042344
PushT,jepa_wm_pusht,20,2,fidelity_constrained_latent_only,fidelity_constrained_latent_only__seed11401,11401,14029,1,1.0040720170293806
PushT,jepa_wm_pusht,20,2,fidelity_constrained_latent_only,fidelity_constrained_latent_only__seed11401,11401,14029,3,0.7270461217807391
PushT,jepa_wm_pusht,20,2,fidelity_constrained_latent_only,fidelity_constrained_latent_only__seed11401,11401,14029,6,0.7432021473562327
PushT,jepa_wm_pusht,21,2,fidelity_constrained_latent_only,fidelity_constrained_latent_only__seed11401,11401,14029,1,0.6193174317014724
PushT,jepa_wm_pusht,21,2,fidelity_constrained_latent_only,fidelity_constrained_latent_only__seed11401,11401,14029,3,0.7746189581893004
PushT,jepa_wm_pusht,21,2,fidelity_constrained_latent_only,fidelity_constrained_latent_only__seed11401,11401,14029,6,0.800219035329073
PushT,jepa_wm_pusht,22,2,fidelity_constrained_latent_only,fidelity_constrained_latent_only__seed11401,11401,14029,1,0.6311025778687092
PushT,jepa_wm_pusht,22,2,fidelity_constrained_latent_only,fidelity_constrained_latent_only__seed11401,11401,14029,3,0.8194069331135182
PushT,jepa_wm_pusht,22,2,fidelity_constrained_latent_only,fidelity_constrained_latent_only__seed11401,11401,14029,6,0.6834789101234422
PushT,jepa_wm_pusht,23,2,fidelity_constrained_latent_only,fidelity_constrained_latent_only__seed11401,11401,14029,1,0.907213540339967
PushT,jepa_wm_pusht,23,2,fidelity_constrained_latent_only,fidelity_constrained_latent_only__seed11401,11401,14029,3,0.614344132818841
PushT,jepa_wm_pusht,23,2,fidelity_constrained_latent_only,fidelity_constrained_latent_only__seed11401,11401,14029,6,0.6465203121816725
PushT,jepa_wm_pusht,48,6,fidelity_constrained_latent_only,fidelity_constrained_latent_only__seed11401,11401,14029,1,1.6930168890678943
PushT,jepa_wm_pusht,48,6,fidelity_constrained_latent_only,fidelity_constrained_latent_only__seed11401,11401,14029,3,0.8262941278454357
PushT,jepa_wm_pusht,48,6,fidelity_constrained_latent_only,fidelity_constrained_latent_only__seed11401,11401,14029,6,0.7867055380201807
PushT,jepa_wm_pusht,49,6,fidelity_constrained_latent_only,fidelity_constrained_latent_only__seed11401,11401,14029,1,1.2248253189344669
PushT,jepa_wm_pusht,49,6,fidelity_constrained_latent_only,fidelity_constrained_latent_only__seed11401,11401,14029,3,0.775891875206798
PushT,jepa_wm_pusht,49,6,fidelity_constrained_latent_only,fidelity_constrained_latent_only__seed11401,11401,14029,6,0.663719779697024
PushT,jepa_wm_pusht,50,6,fidelity_constrained_latent_only,fidelity_constrained_latent_only__seed11401,11401,14029,1,1.100483048659836
PushT,jepa_wm_pusht,50,6,fidelity_constrained_latent_only,fidelity_constrained_latent_only__seed11401,11401,14029,3,0.7947103421587317
PushT,jepa_wm_pusht,50,6,fidelity_constrained_latent_only,fidelity_constrained_latent_only__seed11401,11401,14029,6,0.8945914562337602
PushT,jepa_wm_pusht,51,6,fidelity_constrained_latent_only,fidelity_constrained_latent_only__seed11401,11401,14029,1,1.175956700174678
PushT,jepa_wm_pusht,51,6,fidelity_constrained_latent_only,fidelity_constrained_latent_only__seed11401,11401,14029,3,0.8073042040816228
PushT,jepa_wm_pusht,51,6,fidelity_constrained_latent_only,fidelity_constrained_latent_only__seed11401,11401,14029,6,0.6558867441470823
PushT,jepa_wm_pusht,52,6,fidelity_constrained_latent_only,fidelity_constrained_latent_only__seed11401,11401,14029,1,0.710512711433845
PushT,jepa_wm_pusht,52,6,fidelity_constrained_latent_only,fidelity_constrained_latent_only__seed11401,11401,14029,3,0.6573237610060989
PushT,jepa_wm_pusht,52,6,fidelity_constrained_latent_only,fidelity_constrained_latent_only__seed11401,11401,14029,6,0.665249418205526
PushT,jepa_wm_pusht,53,6,fidelity_constrained_latent_only,fidelity_constrained_latent_only__seed11401,11401,14029,1,1.0300411129045604
PushT,jepa_wm_pusht,53,6,fidelity_constrained_latent_only,fidelity_constrained_latent_only__seed11401,11401,14029,3,0.7630223837705533
PushT,jepa_wm_pusht,53,6,fidelity_constrained_latent_only,fidelity_constrained_latent_only__seed11401,11401,14029,6,0.7453610233496178
PushT,jepa_wm_pusht,54,6,fidelity_constrained_latent_only,fidelity_constrained_latent_only__seed11401,11401,14029,1,1.4969001979078222
PushT,jepa_wm_pusht,54,6,fidelity_constrained_latent_only,fidelity_constrained_latent_only__seed11401,11401,14029,3,1.221728075763179
PushT,jepa_wm_pusht,54,6,fidelity_constrained_latent_only,fidelity_constrained_latent_only__seed11401,11401,14029,6,1.1682588323286456
PushT,jepa_wm_pusht,55,6,fidelity_constrained_latent_only,fidelity_constrained_latent_only__seed11401,11401,14029,1,0.7049973001126203
PushT,jepa_wm_pusht,55,6,fidelity_constrained_latent_only,fidelity_constrained_latent_only__seed11401,11401,14029,3,0.7700958394697988
PushT,jepa_wm_pusht,55,6,fidelity_constrained_latent_only,fidelity_constrained_latent_only__seed11401,11401,14029,6,0.7139056138079939
PushT,jepa_wm_pusht,8,1,fidelity_constrained_shuffled_geometry,fidelity_constrained_shuffled_geometry__seed11401,11401,14029,1,1.025192832484906
PushT,jepa_wm_pusht,8,1,fidelity_constrained_shuffled_geometry,fidelity_constrained_shuffled_geometry__seed11401,11401,14029,3,0.8829871051303084
PushT,jepa_wm_pusht,8,1,fidelity_constrained_shuffled_geometry,fidelity_constrained_shuffled_geometry__seed11401,11401,14029,6,0.8450302352853294
PushT,jepa_wm_pusht,9,1,fidelity_constrained_shuffled_geometry,fidelity_constrained_shuffled_geometry__seed11401,11401,14029,1,1.3010285984450587
PushT,jepa_wm_pusht,9,1,fidelity_constrained_shuffled_geometry,fidelity_constrained_shuffled_geometry__seed11401,11401,14029,3,0.921280457363353
PushT,jepa_wm_pusht,9,1,fidelity_constrained_shuffled_geometry,fidelity_constrained_shuffled_geometry__seed11401,11401,14029,6,0.8564256021786355
PushT,jepa_wm_pusht,10,1,fidelity_constrained_shuffled_geometry,fidelity_constrained_shuffled_geometry__seed11401,11401,14029,1,1.3820564821150063
PushT,jepa_wm_pusht,10,1,fidelity_constrained_shuffled_geometry,fidelity_constrained_shuffled_geometry__seed11401,11401,14029,3,1.225265357407765
PushT,jepa_wm_pusht,10,1,fidelity_constrained_shuffled_geometry,fidelity_constrained_shuffled_geometry__seed11401,11401,14029,6,1.0677827876777901
PushT,jepa_wm_pusht,11,1,fidelity_constrained_shuffled_geometry,fidelity_constrained_shuffled_geometry__seed11401,11401,14029,1,1.5931788504335442
PushT,jepa_wm_pusht,11,1,fidelity_constrained_shuffled_geometry,fidelity_constrained_shuffled_geometry__seed11401,11401,14029,3,0.9943727157769703
PushT,jepa_wm_pusht,11,1,fidelity_constrained_shuffled_geometry,fidelity_constrained_shuffled_geometry__seed11401,11401,14029,6,0.9074663558066519
PushT,jepa_wm_pusht,12,1,fidelity_constrained_shuffled_geometry,fidelity_constrained_shuffled_geometry__seed11401,11401,14029,1,1.1879162719266236
PushT,jepa_wm_pusht,12,1,fidelity_constrained_shuffled_geometry,fidelity_constrained_shuffled_geometry__seed11401,11401,14029,3,0.9002914285115777
PushT,jepa_wm_pusht,12,1,fidelity_constrained_shuffled_geometry,fidelity_constrained_shuffled_geometry__seed11401,11401,14029,6,0.7834142272693108
PushT,jepa_wm_pusht,13,1,fidelity_constrained_shuffled_geometry,fidelity_constrained_shuffled_geometry__seed11401,11401,14029,1,1.346425527899183
PushT,jepa_wm_pusht,13,1,fidelity_constrained_shuffled_geometry,fidelity_constrained_shuffled_geometry__seed11401,11401,14029,3,0.952190753677049
PushT,jepa_wm_pusht,13,1,fidelity_constrained_shuffled_geometry,fidelity_constrained_shuffled_geometry__seed11401,11401,14029,6,0.8018181175946418
PushT,jepa_wm_pusht,14,1,fidelity_constrained_shuffled_geometry,fidelity_constrained_shuffled_geometry__seed11401,11401,14029,1,0.5347948841812977
PushT,jepa_wm_pusht,14,1,fidelity_constrained_shuffled_geometry,fidelity_constrained_shuffled_geometry__seed11401,11401,14029,3,0.685353113877926
PushT,jepa_wm_pusht,14,1,fidelity_constrained_shuffled_geometry,fidelity_constrained_shuffled_geometry__seed11401,11401,14029,6,0.7186448085528934
PushT,jepa_wm_pusht,15,1,fidelity_constrained_shuffled_geometry,fidelity_constrained_shuffled_geometry__seed11401,11401,14029,1,0.6054892179497072
PushT,jepa_wm_pusht,15,1,fidelity_constrained_shuffled_geometry,fidelity_constrained_shuffled_geometry__seed11401,11401,14029,3,0.8522040262013928
PushT,jepa_wm_pusht,15,1,fidelity_constrained_shuffled_geometry,fidelity_constrained_shuffled_geometry__seed11401,11401,14029,6,0.7845289007432911
PushT,jepa_wm_pusht,16,2,fidelity_constrained_shuffled_geometry,fidelity_constrained_shuffled_geometry__seed11401,11401,14029,1,1.1730148293929301
PushT,jepa_wm_pusht,16,2,fidelity_constrained_shuffled_geometry,fidelity_constrained_shuffled_geometry__seed11401,11401,14029,3,1.0349172419588921
PushT,jepa_wm_pusht,16,2,fidelity_constrained_shuffled_geometry,fidelity_constrained_shuffled_geometry__seed11401,11401,14029,6,1.0293411377829822
PushT,jepa_wm_pusht,17,2,fidelity_constrained_shuffled_geometry,fidelity_constrained_shuffled_geometry__seed11401,11401,14029,1,0.6102348143990961
PushT,jepa_wm_pusht,17,2,fidelity_constrained_shuffled_geometry,fidelity_constrained_shuffled_geometry__seed11401,11401,14029,3,0.8675709095460797
PushT,jepa_wm_pusht,17,2,fidelity_constrained_shuffled_geometry,fidelity_constrained_shuffled_geometry__seed11401,11401,14029,6,0.7731205156698692
PushT,jepa_wm_pusht,18,2,fidelity_constrained_shuffled_geometry,fidelity_constrained_shuffled_geometry__seed11401,11401,14029,1,0.6043381499927638
PushT,jepa_wm_pusht,18,2,fidelity_constrained_shuffled_geometry,fidelity_constrained_shuffled_geometry__seed11401,11401,14029,3,0.706229244759528
PushT,jepa_wm_pusht,18,2,fidelity_constrained_shuffled_geometry,fidelity_constrained_shuffled_geometry__seed11401,11401,14029,6,0.7345312040264661
PushT,jepa_wm_pusht,19,2,fidelity_constrained_shuffled_geometry,fidelity_constrained_shuffled_geometry__seed11401,11401,14029,1,0.7883042214198704
PushT,jepa_wm_pusht,19,2,fidelity_constrained_shuffled_geometry,fidelity_constrained_shuffled_geometry__seed11401,11401,14029,3,0.7373057099334591
PushT,jepa_wm_pusht,19,2,fidelity_constrained_shuffled_geometry,fidelity_constrained_shuffled_geometry__seed11401,11401,14029,6,0.7172603105291927
PushT,jepa_wm_pusht,20,2,fidelity_constrained_shuffled_geometry,fidelity_constrained_shuffled_geometry__seed11401,11401,14029,1,0.9994945351017271
PushT,jepa_wm_pusht,20,2,fidelity_constrained_shuffled_geometry,fidelity_constrained_shuffled_geometry__seed11401,11401,14029,3,0.8030873140901206
PushT,jepa_wm_pusht,20,2,fidelity_constrained_shuffled_geometry,fidelity_constrained_shuffled_geometry__seed11401,11401,14029,6,0.7824836102605638
PushT,jepa_wm_pusht,21,2,fidelity_constrained_shuffled_geometry,fidelity_constrained_shuffled_geometry__seed11401,11401,14029,1,0.6199239842971674
PushT,jepa_wm_pusht,21,2,fidelity_constrained_shuffled_geometry,fidelity_constrained_shuffled_geometry__seed11401,11401,14029,3,0.8200015616560805
PushT,jepa_wm_pusht,21,2,fidelity_constrained_shuffled_geometry,fidelity_constrained_shuffled_geometry__seed11401,11401,14029,6,0.8964988967402107
PushT,jepa_wm_pusht,22,2,fidelity_constrained_shuffled_geometry,fidelity_constrained_shuffled_geometry__seed11401,11401,14029,1,0.6203837669698183
PushT,jepa_wm_pusht,22,2,fidelity_constrained_shuffled_geometry,fidelity_constrained_shuffled_geometry__seed11401,11401,14029,3,0.8753272541713989
PushT,jepa_wm_pusht,22,2,fidelity_constrained_shuffled_geometry,fidelity_constrained_shuffled_geometry__seed11401,11401,14029,6,0.7545834811449688
PushT,jepa_wm_pusht,23,2,fidelity_constrained_shuffled_geometry,fidelity_constrained_shuffled_geometry__seed11401,11401,14029,1,0.9330606959852532
PushT,jepa_wm_pusht,23,2,fidelity_constrained_shuffled_geometry,fidelity_constrained_shuffled_geometry__seed11401,11401,14029,3,0.6547232427371703
PushT,jepa_wm_pusht,23,2,fidelity_constrained_shuffled_geometry,fidelity_constrained_shuffled_geometry__seed11401,11401,14029,6,0.7527668880271592
PushT,jepa_wm_pusht,48,6,fidelity_constrained_shuffled_geometry,fidelity_constrained_shuffled_geometry__seed11401,11401,14029,1,1.6724560517001776
PushT,jepa_wm_pusht,48,6,fidelity_constrained_shuffled_geometry,fidelity_constrained_shuffled_geometry__seed11401,11401,14029,3,0.8225126556854729
PushT,jepa_wm_pusht,48,6,fidelity_constrained_shuffled_geometry,fidelity_constrained_shuffled_geometry__seed11401,11401,14029,6,0.7809633276922376
PushT,jepa_wm_pusht,49,6,fidelity_constrained_shuffled_geometry,fidelity_constrained_shuffled_geometry__seed11401,11401,14029,1,1.2646883741476656
PushT,jepa_wm_pusht,49,6,fidelity_constrained_shuffled_geometry,fidelity_constrained_shuffled_geometry__seed11401,11401,14029,3,0.8158522688675628
PushT,jepa_wm_pusht,49,6,fidelity_constrained_shuffled_geometry,fidelity_constrained_shuffled_geometry__seed11401,11401,14029,6,0.6999391379780326
PushT,jepa_wm_pusht,50,6,fidelity_constrained_shuffled_geometry,fidelity_constrained_shuffled_geometry__seed11401,11401,14029,1,1.1214328353112526
PushT,jepa_wm_pusht,50,6,fidelity_constrained_shuffled_geometry,fidelity_constrained_shuffled_geometry__seed11401,11401,14029,3,0.8262379088404935
PushT,jepa_wm_pusht,50,6,fidelity_constrained_shuffled_geometry,fidelity_constrained_shuffled_geometry__seed11401,11401,14029,6,0.9900347525006635
PushT,jepa_wm_pusht,51,6,fidelity_constrained_shuffled_geometry,fidelity_constrained_shuffled_geometry__seed11401,11401,14029,1,1.267910571364349
PushT,jepa_wm_pusht,51,6,fidelity_constrained_shuffled_geometry,fidelity_constrained_shuffled_geometry__seed11401,11401,14029,3,0.8471730765088186
PushT,jepa_wm_pusht,51,6,fidelity_constrained_shuffled_geometry,fidelity_constrained_shuffled_geometry__seed11401,11401,14029,6,0.772609551509851
PushT,jepa_wm_pusht,52,6,fidelity_constrained_shuffled_geometry,fidelity_constrained_shuffled_geometry__seed11401,11401,14029,1,0.7116921739855512
PushT,jepa_wm_pusht,52,6,fidelity_constrained_shuffled_geometry,fidelity_constrained_shuffled_geometry__seed11401,11401,14029,3,0.7501261779598996
PushT,jepa_wm_pusht,52,6,fidelity_constrained_shuffled_geometry,fidelity_constrained_shuffled_geometry__seed11401,11401,14029,6,0.7356557970960272
PushT,jepa_wm_pusht,53,6,fidelity_constrained_shuffled_geometry,fidelity_constrained_shuffled_geometry__seed11401,11401,14029,1,1.0475646647684513
PushT,jepa_wm_pusht,53,6,fidelity_constrained_shuffled_geometry,fidelity_constrained_shuffled_geometry__seed11401,11401,14029,3,0.8256667647662852
PushT,jepa_wm_pusht,53,6,fidelity_constrained_shuffled_geometry,fidelity_constrained_shuffled_geometry__seed11401,11401,14029,6,0.8101973198110998
PushT,jepa_wm_pusht,54,6,fidelity_constrained_shuffled_geometry,fidelity_constrained_shuffled_geometry__seed11401,11401,14029,1,1.4852602971816258
PushT,jepa_wm_pusht,54,6,fidelity_constrained_shuffled_geometry,fidelity_constrained_shuffled_geometry__seed11401,11401,14029,3,1.195430493915533
PushT,jepa_wm_pusht,54,6,fidelity_constrained_shuffled_geometry,fidelity_constrained_shuffled_geometry__seed11401,11401,14029,6,1.137804008672657
PushT,jepa_wm_pusht,55,6,fidelity_constrained_shuffled_geometry,fidelity_constrained_shuffled_geometry__seed11401,11401,14029,1,0.7088470932242456
PushT,jepa_wm_pusht,55,6,fidelity_constrained_shuffled_geometry,fidelity_constrained_shuffled_geometry__seed11401,11401,14029,3,0.777659846301707
PushT,jepa_wm_pusht,55,6,fidelity_constrained_shuffled_geometry,fidelity_constrained_shuffled_geometry__seed11401,11401,14029,6,0.7079614129395999
PushT,jepa_wm_pusht,8,1,fidelity_constrained_matched_geometry,fidelity_constrained_matched_geometry__seed11401,11401,14029,1,1.0163375109488921
PushT,jepa_wm_pusht,8,1,fidelity_constrained_matched_geometry,fidelity_constrained_matched_geometry__seed11401,11401,14029,3,0.8386378221001363
PushT,jepa_wm_pusht,8,1,fidelity_constrained_matched_geometry,fidelity_constrained_matched_geometry__seed11401,11401,14029,6,0.795613853610555
PushT,jepa_wm_pusht,9,1,fidelity_constrained_matched_geometry,fidelity_constrained_matched_geometry__seed11401,11401,14029,1,1.2768640463652217
PushT,jepa_wm_pusht,9,1,fidelity_constrained_matched_geometry,fidelity_constrained_matched_geometry__seed11401,11401,14029,3,0.878682691334279
PushT,jepa_wm_pusht,9,1,fidelity_constrained_matched_geometry,fidelity_constrained_matched_geometry__seed11401,11401,14029,6,0.7920501115150942
PushT,jepa_wm_pusht,10,1,fidelity_constrained_matched_geometry,fidelity_constrained_matched_geometry__seed11401,11401,14029,1,1.3777155900699924
PushT,jepa_wm_pusht,10,1,fidelity_constrained_matched_geometry,fidelity_constrained_matched_geometry__seed11401,11401,14029,3,1.2329443746710118
PushT,jepa_wm_pusht,10,1,fidelity_constrained_matched_geometry,fidelity_constrained_matched_geometry__seed11401,11401,14029,6,1.0645911510158124
PushT,jepa_wm_pusht,11,1,fidelity_constrained_matched_geometry,fidelity_constrained_matched_geometry__seed11401,11401,14029,1,1.5533876043383208
PushT,jepa_wm_pusht,11,1,fidelity_constrained_matched_geometry,fidelity_constrained_matched_geometry__seed11401,11401,14029,3,0.989668830754388
PushT,jepa_wm_pusht,11,1,fidelity_constrained_matched_geometry,fidelity_constrained_matched_geometry__seed11401,11401,14029,6,0.9035745629006592
PushT,jepa_wm_pusht,12,1,fidelity_constrained_matched_geometry,fidelity_constrained_matched_geometry__seed11401,11401,14029,1,1.17959318851751
PushT,jepa_wm_pusht,12,1,fidelity_constrained_matched_geometry,fidelity_constrained_matched_geometry__seed11401,11401,14029,3,0.8775314472750717
PushT,jepa_wm_pusht,12,1,fidelity_constrained_matched_geometry,fidelity_constrained_matched_geometry__seed11401,11401,14029,6,0.7835267858016935
PushT,jepa_wm_pusht,13,1,fidelity_constrained_matched_geometry,fidelity_constrained_matched_geometry__seed11401,11401,14029,1,1.3350349231697176
PushT,jepa_wm_pusht,13,1,fidelity_constrained_matched_geometry,fidelity_constrained_matched_geometry__seed11401,11401,14029,3,0.9023070557113952
PushT,jepa_wm_pusht,13,1,fidelity_constrained_matched_geometry,fidelity_constrained_matched_geometry__seed11401,11401,14029,6,0.7772548975308721
PushT,jepa_wm_pusht,14,1,fidelity_constrained_matched_geometry,fidelity_constrained_matched_geometry__seed11401,11401,14029,1,0.5236983972635524
PushT,jepa_wm_pusht,14,1,fidelity_constrained_matched_geometry,fidelity_constrained_matched_geometry__seed11401,11401,14029,3,0.6412515889273496
PushT,jepa_wm_pusht,14,1,fidelity_constrained_matched_geometry,fidelity_constrained_matched_geometry__seed11401,11401,14029,6,0.6509853694878589
PushT,jepa_wm_pusht,15,1,fidelity_constrained_matched_geometry,fidelity_constrained_matched_geometry__seed11401,11401,14029,1,0.5902281257140206
PushT,jepa_wm_pusht,15,1,fidelity_constrained_matched_geometry,fidelity_constrained_matched_geometry__seed11401,11401,14029,3,0.7830991209702397
PushT,jepa_wm_pusht,15,1,fidelity_constrained_matched_geometry,fidelity_constrained_matched_geometry__seed11401,11401,14029,6,0.7005713973270816
PushT,jepa_wm_pusht,16,2,fidelity_constrained_matched_geometry,fidelity_constrained_matched_geometry__seed11401,11401,14029,1,1.148477846122089
PushT,jepa_wm_pusht,16,2,fidelity_constrained_matched_geometry,fidelity_constrained_matched_geometry__seed11401,11401,14029,3,1.0020116738916123
PushT,jepa_wm_pusht,16,2,fidelity_constrained_matched_geometry,fidelity_constrained_matched_geometry__seed11401,11401,14029,6,1.0157405623159852
PushT,jepa_wm_pusht,17,2,fidelity_constrained_matched_geometry,fidelity_constrained_matched_geometry__seed11401,11401,14029,1,0.6050061990694883
PushT,jepa_wm_pusht,17,2,fidelity_constrained_matched_geometry,fidelity_constrained_matched_geometry__seed11401,11401,14029,3,0.8388947571831676
PushT,jepa_wm_pusht,17,2,fidelity_constrained_matched_geometry,fidelity_constrained_matched_geometry__seed11401,11401,14029,6,0.7931802697113535
PushT,jepa_wm_pusht,18,2,fidelity_constrained_matched_geometry,fidelity_constrained_matched_geometry__seed11401,11401,14029,1,0.5877889038743646
PushT,jepa_wm_pusht,18,2,fidelity_constrained_matched_geometry,fidelity_constrained_matched_geometry__seed11401,11401,14029,3,0.6603734813860276
PushT,jepa_wm_pusht,18,2,fidelity_constrained_matched_geometry,fidelity_constrained_matched_geometry__seed11401,11401,14029,6,0.6575968726540073
PushT,jepa_wm_pusht,19,2,fidelity_constrained_matched_geometry,fidelity_constrained_matched_geometry__seed11401,11401,14029,1,0.7713975122703332
PushT,jepa_wm_pusht,19,2,fidelity_constrained_matched_geometry,fidelity_constrained_matched_geometry__seed11401,11401,14029,3,0.677857823780335
PushT,jepa_wm_pusht,19,2,fidelity_constrained_matched_geometry,fidelity_constrained_matched_geometry__seed11401,11401,14029,6,0.6489531333913918
PushT,jepa_wm_pusht,20,2,fidelity_constrained_matched_geometry,fidelity_constrained_matched_geometry__seed11401,11401,14029,1,0.9914813160064218
PushT,jepa_wm_pusht,20,2,fidelity_constrained_matched_geometry,fidelity_constrained_matched_geometry__seed11401,11401,14029,3,0.7422790395786071
PushT,jepa_wm_pusht,20,2,fidelity_constrained_matched_geometry,fidelity_constrained_matched_geometry__seed11401,11401,14029,6,0.7416531990606844
PushT,jepa_wm_pusht,21,2,fidelity_constrained_matched_geometry,fidelity_constrained_matched_geometry__seed11401,11401,14029,1,0.6120508841621695
PushT,jepa_wm_pusht,21,2,fidelity_constrained_matched_geometry,fidelity_constrained_matched_geometry__seed11401,11401,14029,3,0.7800365871992461
PushT,jepa_wm_pusht,21,2,fidelity_constrained_matched_geometry,fidelity_constrained_matched_geometry__seed11401,11401,14029,6,0.7965418704296255
PushT,jepa_wm_pusht,22,2,fidelity_constrained_matched_geometry,fidelity_constrained_matched_geometry__seed11401,11401,14029,1,0.61229877629964
PushT,jepa_wm_pusht,22,2,fidelity_constrained_matched_geometry,fidelity_constrained_matched_geometry__seed11401,11401,14029,3,0.8144979519466726
PushT,jepa_wm_pusht,22,2,fidelity_constrained_matched_geometry,fidelity_constrained_matched_geometry__seed11401,11401,14029,6,0.6778638236277231
PushT,jepa_wm_pusht,23,2,fidelity_constrained_matched_geometry,fidelity_constrained_matched_geometry__seed11401,11401,14029,1,0.9052003035967265
PushT,jepa_wm_pusht,23,2,fidelity_constrained_matched_geometry,fidelity_constrained_matched_geometry__seed11401,11401,14029,3,0.6131820717834946
PushT,jepa_wm_pusht,23,2,fidelity_constrained_matched_geometry,fidelity_constrained_matched_geometry__seed11401,11401,14029,6,0.648702782273281
PushT,jepa_wm_pusht,48,6,fidelity_constrained_matched_geometry,fidelity_constrained_matched_geometry__seed11401,11401,14029,1,1.677840576883806
PushT,jepa_wm_pusht,48,6,fidelity_constrained_matched_geometry,fidelity_constrained_matched_geometry__seed11401,11401,14029,3,0.7991291797690616
PushT,jepa_wm_pusht,48,6,fidelity_constrained_matched_geometry,fidelity_constrained_matched_geometry__seed11401,11401,14029,6,0.7475371147249386
PushT,jepa_wm_pusht,49,6,fidelity_constrained_matched_geometry,fidelity_constrained_matched_geometry__seed11401,11401,14029,1,1.235476818650267
PushT,jepa_wm_pusht,49,6,fidelity_constrained_matched_geometry,fidelity_constrained_matched_geometry__seed11401,11401,14029,3,0.7867563582869417
PushT,jepa_wm_pusht,49,6,fidelity_constrained_matched_geometry,fidelity_constrained_matched_geometry__seed11401,11401,14029,6,0.6538745222949884
PushT,jepa_wm_pusht,50,6,fidelity_constrained_matched_geometry,fidelity_constrained_matched_geometry__seed11401,11401,14029,1,1.0985999754943923
PushT,jepa_wm_pusht,50,6,fidelity_constrained_matched_geometry,fidelity_constrained_matched_geometry__seed11401,11401,14029,3,0.7613006314872725
PushT,jepa_wm_pusht,50,6,fidelity_constrained_matched_geometry,fidelity_constrained_matched_geometry__seed11401,11401,14029,6,0.8313929652037959
PushT,jepa_wm_pusht,51,6,fidelity_constrained_matched_geometry,fidelity_constrained_matched_geometry__seed11401,11401,14029,1,1.2068551197896862
PushT,jepa_wm_pusht,51,6,fidelity_constrained_matched_geometry,fidelity_constrained_matched_geometry__seed11401,11401,14029,3,0.8041161083228002
PushT,jepa_wm_pusht,51,6,fidelity_constrained_matched_geometry,fidelity_constrained_matched_geometry__seed11401,11401,14029,6,0.6725364536970306
PushT,jepa_wm_pusht,52,6,fidelity_constrained_matched_geometry,fidelity_constrained_matched_geometry__seed11401,11401,14029,1,0.6954045805262331
PushT,jepa_wm_pusht,52,6,fidelity_constrained_matched_geometry,fidelity_constrained_matched_geometry__seed11401,11401,14029,3,0.6712634196996952
PushT,jepa_wm_pusht,52,6,fidelity_constrained_matched_geometry,fidelity_constrained_matched_geometry__seed11401,11401,14029,6,0.6807355528918552
PushT,jepa_wm_pusht,53,6,fidelity_constrained_matched_geometry,fidelity_constrained_matched_geometry__seed11401,11401,14029,1,1.0328054914532032
PushT,jepa_wm_pusht,53,6,fidelity_constrained_matched_geometry,fidelity_constrained_matched_geometry__seed11401,11401,14029,3,0.770357382971824
PushT,jepa_wm_pusht,53,6,fidelity_constrained_matched_geometry,fidelity_constrained_matched_geometry__seed11401,11401,14029,6,0.743665839965835
PushT,jepa_wm_pusht,54,6,fidelity_constrained_matched_geometry,fidelity_constrained_matched_geometry__seed11401,11401,14029,1,1.474342391614635
PushT,jepa_wm_pusht,54,6,fidelity_constrained_matched_geometry,fidelity_constrained_matched_geometry__seed11401,11401,14029,3,1.2014185412710299
PushT,jepa_wm_pusht,54,6,fidelity_constrained_matched_geometry,fidelity_constrained_matched_geometry__seed11401,11401,14029,6,1.1297306208184514
PushT,jepa_wm_pusht,55,6,fidelity_constrained_matched_geometry,fidelity_constrained_matched_geometry__seed11401,11401,14029,1,0.6957724768741332
PushT,jepa_wm_pusht,55,6,fidelity_constrained_matched_geometry,fidelity_constrained_matched_geometry__seed11401,11401,14029,3,0.7486896030104451
PushT,jepa_wm_pusht,55,6,fidelity_constrained_matched_geometry,fidelity_constrained_matched_geometry__seed11401,11401,14029,6,0.6816664243176254
PushT,jepa_wm_pusht,8,1,fidelity_constrained_latent_only,fidelity_constrained_latent_only__seed11419,11419,14029,1,1.0061680654782699
PushT,jepa_wm_pusht,8,1,fidelity_constrained_latent_only,fidelity_constrained_latent_only__seed11419,11419,14029,3,0.8198276541469925
PushT,jepa_wm_pusht,8,1,fidelity_constrained_latent_only,fidelity_constrained_latent_only__seed11419,11419,14029,6,0.7929915285450155
PushT,jepa_wm_pusht,9,1,fidelity_constrained_latent_only,fidelity_constrained_latent_only__seed11419,11419,14029,1,1.2672404172306804
PushT,jepa_wm_pusht,9,1,fidelity_constrained_latent_only,fidelity_constrained_latent_only__seed11419,11419,14029,3,0.9131102270143675
PushT,jepa_wm_pusht,9,1,fidelity_constrained_latent_only,fidelity_constrained_latent_only__seed11419,11419,14029,6,0.8297732937743048
PushT,jepa_wm_pusht,10,1,fidelity_constrained_latent_only,fidelity_constrained_latent_only__seed11419,11419,14029,1,1.3892686402584575
PushT,jepa_wm_pusht,10,1,fidelity_constrained_latent_only,fidelity_constrained_latent_only__seed11419,11419,14029,3,1.244825113448895
PushT,jepa_wm_pusht,10,1,fidelity_constrained_latent_only,fidelity_constrained_latent_only__seed11419,11419,14029,6,1.084633883882925
PushT,jepa_wm_pusht,11,1,fidelity_constrained_latent_only,fidelity_constrained_latent_only__seed11419,11419,14029,1,1.577482741444201
PushT,jepa_wm_pusht,11,1,fidelity_constrained_latent_only,fidelity_constrained_latent_only__seed11419,11419,14029,3,1.0185316128362898
PushT,jepa_wm_pusht,11,1,fidelity_constrained_latent_only,fidelity_constrained_latent_only__seed11419,11419,14029,6,0.9359855045208524
PushT,jepa_wm_pusht,12,1,fidelity_constrained_latent_only,fidelity_constrained_latent_only__seed11419,11419,14029,1,1.1880951814310523
PushT,jepa_wm_pusht,12,1,fidelity_constrained_latent_only,fidelity_constrained_latent_only__seed11419,11419,14029,3,0.8975105299894943
PushT,jepa_wm_pusht,12,1,fidelity_constrained_latent_only,fidelity_constrained_latent_only__seed11419,11419,14029,6,0.8099589373388216
PushT,jepa_wm_pusht,13,1,fidelity_constrained_latent_only,fidelity_constrained_latent_only__seed11419,11419,14029,1,1.318205246003284
PushT,jepa_wm_pusht,13,1,fidelity_constrained_latent_only,fidelity_constrained_latent_only__seed11419,11419,14029,3,0.8894470043740904
PushT,jepa_wm_pusht,13,1,fidelity_constrained_latent_only,fidelity_constrained_latent_only__seed11419,11419,14029,6,0.7938010781132266
PushT,jepa_wm_pusht,14,1,fidelity_constrained_latent_only,fidelity_constrained_latent_only__seed11419,11419,14029,1,0.5211642813014603
PushT,jepa_wm_pusht,14,1,fidelity_constrained_latent_only,fidelity_constrained_latent_only__seed11419,11419,14029,3,0.6411143947408205
PushT,jepa_wm_pusht,14,1,fidelity_constrained_latent_only,fidelity_constrained_latent_only__seed11419,11419,14029,6,0.6625194358413983
PushT,jepa_wm_pusht,15,1,fidelity_constrained_latent_only,fidelity_constrained_latent_only__seed11419,11419,14029,1,0.5789056262877148
PushT,jepa_wm_pusht,15,1,fidelity_constrained_latent_only,fidelity_constrained_latent_only__seed11419,11419,14029,3,0.7677405029249256
PushT,jepa_wm_pusht,15,1,fidelity_constrained_latent_only,fidelity_constrained_latent_only__seed11419,11419,14029,6,0.7041258803004887
PushT,jepa_wm_pusht,16,2,fidelity_constrained_latent_only,fidelity_constrained_latent_only__seed11419,11419,14029,1,1.1807260231454124
PushT,jepa_wm_pusht,16,2,fidelity_constrained_latent_only,fidelity_constrained_latent_only__seed11419,11419,14029,3,1.027544320952077
PushT,jepa_wm_pusht,16,2,fidelity_constrained_latent_only,fidelity_constrained_latent_only__seed11419,11419,14029,6,1.0397788696809074
PushT,jepa_wm_pusht,17,2,fidelity_constrained_latent_only,fidelity_constrained_latent_only__seed11419,11419,14029,1,0.5976004310651121
PushT,jepa_wm_pusht,17,2,fidelity_constrained_latent_only,fidelity_constrained_latent_only__seed11419,11419,14029,3,0.8384956280867232
PushT,jepa_wm_pusht,17,2,fidelity_constrained_latent_only,fidelity_constrained_latent_only__seed11419,11419,14029,6,0.8016742712974264
PushT,jepa_wm_pusht,18,2,fidelity_constrained_latent_only,fidelity_constrained_latent_only__seed11419,11419,14029,1,0.577341272611949
PushT,jepa_wm_pusht,18,2,fidelity_constrained_latent_only,fidelity_constrained_latent_only__seed11419,11419,14029,3,0.6549783483773636
PushT,jepa_wm_pusht,18,2,fidelity_constrained_latent_only,fidelity_constrained_latent_only__seed11419,11419,14029,6,0.6550264979675362
PushT,jepa_wm_pusht,19,2,fidelity_constrained_latent_only,fidelity_constrained_latent_only__seed11419,11419,14029,1,0.7830628474204235
PushT,jepa_wm_pusht,19,2,fidelity_constrained_latent_only,fidelity_constrained_latent_only__seed11419,11419,14029,3,0.6643998263851266
PushT,jepa_wm_pusht,19,2,fidelity_constrained_latent_only,fidelity_constrained_latent_only__seed11419,11419,14029,6,0.6311684941026896
PushT,jepa_wm_pusht,20,2,fidelity_constrained_latent_only,fidelity_constrained_latent_only__seed11419,11419,14029,1,1.0034861751664532
PushT,jepa_wm_pusht,20,2,fidelity_constrained_latent_only,fidelity_constrained_latent_only__seed11419,11419,14029,3,0.7276121778195536
PushT,jepa_wm_pusht,20,2,fidelity_constrained_latent_only,fidelity_constrained_latent_only__seed11419,11419,14029,6,0.7484724059240236
PushT,jepa_wm_pusht,21,2,fidelity_constrained_latent_only,fidelity_constrained_latent_only__seed11419,11419,14029,1,0.6190698997908053
PushT,jepa_wm_pusht,21,2,fidelity_constrained_latent_only,fidelity_constrained_latent_only__seed11419,11419,14029,3,0.7756276230934614
PushT,jepa_wm_pusht,21,2,fidelity_constrained_latent_only,fidelity_constrained_latent_only__seed11419,11419,14029,6,0.8023981095622953
PushT,jepa_wm_pusht,22,2,fidelity_constrained_latent_only,fidelity_constrained_latent_only__seed11419,11419,14029,1,0.6308610973903671
PushT,jepa_wm_pusht,22,2,fidelity_constrained_latent_only,fidelity_constrained_latent_only__seed11419,11419,14029,3,0.820999093015736
PushT,jepa_wm_pusht,22,2,fidelity_constrained_latent_only,fidelity_constrained_latent_only__seed11419,11419,14029,6,0.6873168522987637
PushT,jepa_wm_pusht,23,2,fidelity_constrained_latent_only,fidelity_constrained_latent_only__seed11419,11419,14029,1,0.9061058685423955
PushT,jepa_wm_pusht,23,2,fidelity_constrained_latent_only,fidelity_constrained_latent_only__seed11419,11419,14029,3,0.6145664011592071
PushT,jepa_wm_pusht,23,2,fidelity_constrained_latent_only,fidelity_constrained_latent_only__seed11419,11419,14029,6,0.6456472888614156
PushT,jepa_wm_pusht,48,6,fidelity_constrained_latent_only,fidelity_constrained_latent_only__seed11419,11419,14029,1,1.6921126963422723
PushT,jepa_wm_pusht,48,6,fidelity_constrained_latent_only,fidelity_constrained_latent_only__seed11419,11419,14029,3,0.8219732241576998
PushT,jepa_wm_pusht,48,6,fidelity_constrained_latent_only,fidelity_constrained_latent_only__seed11419,11419,14029,6,0.7844560074393153
PushT,jepa_wm_pusht,49,6,fidelity_constrained_latent_only,fidelity_constrained_latent_only__seed11419,11419,14029,1,1.2268209552755802
PushT,jepa_wm_pusht,49,6,fidelity_constrained_latent_only,fidelity_constrained_latent_only__seed11419,11419,14029,3,0.7771107718760941
PushT,jepa_wm_pusht,49,6,fidelity_constrained_latent_only,fidelity_constrained_latent_only__seed11419,11419,14029,6,0.6638802001898443
PushT,jepa_wm_pusht,50,6,fidelity_constrained_latent_only,fidelity_constrained_latent_only__seed11419,11419,14029,1,1.0994086128534746
PushT,jepa_wm_pusht,50,6,fidelity_constrained_latent_only,fidelity_constrained_latent_only__seed11419,11419,14029,3,0.7995953874349894
PushT,jepa_wm_pusht,50,6,fidelity_constrained_latent_only,fidelity_constrained_latent_only__seed11419,11419,14029,6,0.9022493552707443
PushT,jepa_wm_pusht,51,6,fidelity_constrained_latent_only,fidelity_constrained_latent_only__seed11419,11419,14029,1,1.1778357726112663
PushT,jepa_wm_pusht,51,6,fidelity_constrained_latent_only,fidelity_constrained_latent_only__seed11419,11419,14029,3,0.8076419912169259
PushT,jepa_wm_pusht,51,6,fidelity_constrained_latent_only,fidelity_constrained_latent_only__seed11419,11419,14029,6,0.6567750194962645
PushT,jepa_wm_pusht,52,6,fidelity_constrained_latent_only,fidelity_constrained_latent_only__seed11419,11419,14029,1,0.7109606437624485
PushT,jepa_wm_pusht,52,6,fidelity_constrained_latent_only,fidelity_constrained_latent_only__seed11419,11419,14029,3,0.6571459689731385
PushT,jepa_wm_pusht,52,6,fidelity_constrained_latent_only,fidelity_constrained_latent_only__seed11419,11419,14029,6,0.6644397724410903
PushT,jepa_wm_pusht,53,6,fidelity_constrained_latent_only,fidelity_constrained_latent_only__seed11419,11419,14029,1,1.029788369927509
PushT,jepa_wm_pusht,53,6,fidelity_constrained_latent_only,fidelity_constrained_latent_only__seed11419,11419,14029,3,0.7643772397536197
PushT,jepa_wm_pusht,53,6,fidelity_constrained_latent_only,fidelity_constrained_latent_only__seed11419,11419,14029,6,0.7477559723597689
PushT,jepa_wm_pusht,54,6,fidelity_constrained_latent_only,fidelity_constrained_latent_only__seed11419,11419,14029,1,1.4953303252182681
PushT,jepa_wm_pusht,54,6,fidelity_constrained_latent_only,fidelity_constrained_latent_only__seed11419,11419,14029,3,1.2164659685029877
PushT,jepa_wm_pusht,54,6,fidelity_constrained_latent_only,fidelity_constrained_latent_only__seed11419,11419,14029,6,1.1661771326549142
PushT,jepa_wm_pusht,55,6,fidelity_constrained_latent_only,fidelity_constrained_latent_only__seed11419,11419,14029,1,0.7049874639733237
PushT,jepa_wm_pusht,55,6,fidelity_constrained_latent_only,fidelity_constrained_latent_only__seed11419,11419,14029,3,0.7703727257069956
PushT,jepa_wm_pusht,55,6,fidelity_constrained_latent_only,fidelity_constrained_latent_only__seed11419,11419,14029,6,0.71439252489809
PushT,jepa_wm_pusht,8,1,fidelity_constrained_shuffled_geometry,fidelity_constrained_shuffled_geometry__seed11419,11419,14029,1,1.0243063652221303
PushT,jepa_wm_pusht,8,1,fidelity_constrained_shuffled_geometry,fidelity_constrained_shuffled_geometry__seed11419,11419,14029,3,0.8818254424782437
PushT,jepa_wm_pusht,8,1,fidelity_constrained_shuffled_geometry,fidelity_constrained_shuffled_geometry__seed11419,11419,14029,6,0.8422476982334293
PushT,jepa_wm_pusht,9,1,fidelity_constrained_shuffled_geometry,fidelity_constrained_shuffled_geometry__seed11419,11419,14029,1,1.3023546656726779
PushT,jepa_wm_pusht,9,1,fidelity_constrained_shuffled_geometry,fidelity_constrained_shuffled_geometry__seed11419,11419,14029,3,0.9212756669100822
PushT,jepa_wm_pusht,9,1,fidelity_constrained_shuffled_geometry,fidelity_constrained_shuffled_geometry__seed11419,11419,14029,6,0.8573367620214043
PushT,jepa_wm_pusht,10,1,fidelity_constrained_shuffled_geometry,fidelity_constrained_shuffled_geometry__seed11419,11419,14029,1,1.3782829475928904
PushT,jepa_wm_pusht,10,1,fidelity_constrained_shuffled_geometry,fidelity_constrained_shuffled_geometry__seed11419,11419,14029,3,1.2170079480543319
PushT,jepa_wm_pusht,10,1,fidelity_constrained_shuffled_geometry,fidelity_constrained_shuffled_geometry__seed11419,11419,14029,6,1.0683505397547852
PushT,jepa_wm_pusht,11,1,fidelity_constrained_shuffled_geometry,fidelity_constrained_shuffled_geometry__seed11419,11419,14029,1,1.591847909663018
PushT,jepa_wm_pusht,11,1,fidelity_constrained_shuffled_geometry,fidelity_constrained_shuffled_geometry__seed11419,11419,14029,3,0.9872333569631465
PushT,jepa_wm_pusht,11,1,fidelity_constrained_shuffled_geometry,fidelity_constrained_shuffled_geometry__seed11419,11419,14029,6,0.8949266605823956
PushT,jepa_wm_pusht,12,1,fidelity_constrained_shuffled_geometry,fidelity_constrained_shuffled_geometry__seed11419,11419,14029,1,1.1880838337606803
PushT,jepa_wm_pusht,12,1,fidelity_constrained_shuffled_geometry,fidelity_constrained_shuffled_geometry__seed11419,11419,14029,3,0.8900759455922835
PushT,jepa_wm_pusht,12,1,fidelity_constrained_shuffled_geometry,fidelity_constrained_shuffled_geometry__seed11419,11419,14029,6,0.7763313586791885
PushT,jepa_wm_pusht,13,1,fidelity_constrained_shuffled_geometry,fidelity_constrained_shuffled_geometry__seed11419,11419,14029,1,1.3436734774479315
PushT,jepa_wm_pusht,13,1,fidelity_constrained_shuffled_geometry,fidelity_constrained_shuffled_geometry__seed11419,11419,14029,3,0.9383934373160926
PushT,jepa_wm_pusht,13,1,fidelity_constrained_shuffled_geometry,fidelity_constrained_shuffled_geometry__seed11419,11419,14029,6,0.7967642206874287
PushT,jepa_wm_pusht,14,1,fidelity_constrained_shuffled_geometry,fidelity_constrained_shuffled_geometry__seed11419,11419,14029,1,0.5341434616075909
PushT,jepa_wm_pusht,14,1,fidelity_constrained_shuffled_geometry,fidelity_constrained_shuffled_geometry__seed11419,11419,14029,3,0.6782816095934711
PushT,jepa_wm_pusht,14,1,fidelity_constrained_shuffled_geometry,fidelity_constrained_shuffled_geometry__seed11419,11419,14029,6,0.7155711996943602
PushT,jepa_wm_pusht,15,1,fidelity_constrained_shuffled_geometry,fidelity_constrained_shuffled_geometry__seed11419,11419,14029,1,0.6064910799160268
PushT,jepa_wm_pusht,15,1,fidelity_constrained_shuffled_geometry,fidelity_constrained_shuffled_geometry__seed11419,11419,14029,3,0.8487966084059736
PushT,jepa_wm_pusht,15,1,fidelity_constrained_shuffled_geometry,fidelity_constrained_shuffled_geometry__seed11419,11419,14029,6,0.7805029941899935
PushT,jepa_wm_pusht,16,2,fidelity_constrained_shuffled_geometry,fidelity_constrained_shuffled_geometry__seed11419,11419,14029,1,1.1734868975446622
PushT,jepa_wm_pusht,16,2,fidelity_constrained_shuffled_geometry,fidelity_constrained_shuffled_geometry__seed11419,11419,14029,3,1.0359300940758571
PushT,jepa_wm_pusht,16,2,fidelity_constrained_shuffled_geometry,fidelity_constrained_shuffled_geometry__seed11419,11419,14029,6,1.031988900041408
PushT,jepa_wm_pusht,17,2,fidelity_constrained_shuffled_geometry,fidelity_constrained_shuffled_geometry__seed11419,11419,14029,1,0.6097593890748656
PushT,jepa_wm_pusht,17,2,fidelity_constrained_shuffled_geometry,fidelity_constrained_shuffled_geometry__seed11419,11419,14029,3,0.8652787574628233
PushT,jepa_wm_pusht,17,2,fidelity_constrained_shuffled_geometry,fidelity_constrained_shuffled_geometry__seed11419,11419,14029,6,0.7755918770411656
PushT,jepa_wm_pusht,18,2,fidelity_constrained_shuffled_geometry,fidelity_constrained_shuffled_geometry__seed11419,11419,14029,1,0.6053282430588918
PushT,jepa_wm_pusht,18,2,fidelity_constrained_shuffled_geometry,fidelity_constrained_shuffled_geometry__seed11419,11419,14029,3,0.7036267907532222
PushT,jepa_wm_pusht,18,2,fidelity_constrained_shuffled_geometry,fidelity_constrained_shuffled_geometry__seed11419,11419,14029,6,0.7283552676867558
PushT,jepa_wm_pusht,19,2,fidelity_constrained_shuffled_geometry,fidelity_constrained_shuffled_geometry__seed11419,11419,14029,1,0.7916898434845756
PushT,jepa_wm_pusht,19,2,fidelity_constrained_shuffled_geometry,fidelity_constrained_shuffled_geometry__seed11419,11419,14029,3,0.7326389512056221
PushT,jepa_wm_pusht,19,2,fidelity_constrained_shuffled_geometry,fidelity_constrained_shuffled_geometry__seed11419,11419,14029,6,0.7125893577071344
PushT,jepa_wm_pusht,20,2,fidelity_constrained_shuffled_geometry,fidelity_constrained_shuffled_geometry__seed11419,11419,14029,1,0.9986752551591269
PushT,jepa_wm_pusht,20,2,fidelity_constrained_shuffled_geometry,fidelity_constrained_shuffled_geometry__seed11419,11419,14029,3,0.8039330950992849
PushT,jepa_wm_pusht,20,2,fidelity_constrained_shuffled_geometry,fidelity_constrained_shuffled_geometry__seed11419,11419,14029,6,0.7837576780617053
PushT,jepa_wm_pusht,21,2,fidelity_constrained_shuffled_geometry,fidelity_constrained_shuffled_geometry__seed11419,11419,14029,1,0.6199047277464099
PushT,jepa_wm_pusht,21,2,fidelity_constrained_shuffled_geometry,fidelity_constrained_shuffled_geometry__seed11419,11419,14029,3,0.8155819903271476
PushT,jepa_wm_pusht,21,2,fidelity_constrained_shuffled_geometry,fidelity_constrained_shuffled_geometry__seed11419,11419,14029,6,0.8877728511462869
PushT,jepa_wm_pusht,22,2,fidelity_constrained_shuffled_geometry,fidelity_constrained_shuffled_geometry__seed11419,11419,14029,1,0.6187883005233586
PushT,jepa_wm_pusht,22,2,fidelity_constrained_shuffled_geometry,fidelity_constrained_shuffled_geometry__seed11419,11419,14029,3,0.8690576103269231
PushT,jepa_wm_pusht,22,2,fidelity_constrained_shuffled_geometry,fidelity_constrained_shuffled_geometry__seed11419,11419,14029,6,0.7482607777139308
PushT,jepa_wm_pusht,23,2,fidelity_constrained_shuffled_geometry,fidelity_constrained_shuffled_geometry__seed11419,11419,14029,1,0.9305283729385765
PushT,jepa_wm_pusht,23,2,fidelity_constrained_shuffled_geometry,fidelity_constrained_shuffled_geometry__seed11419,11419,14029,3,0.6526124232264556
PushT,jepa_wm_pusht,23,2,fidelity_constrained_shuffled_geometry,fidelity_constrained_shuffled_geometry__seed11419,11419,14029,6,0.749444040155715
PushT,jepa_wm_pusht,48,6,fidelity_constrained_shuffled_geometry,fidelity_constrained_shuffled_geometry__seed11419,11419,14029,1,1.676641521835037
PushT,jepa_wm_pusht,48,6,fidelity_constrained_shuffled_geometry,fidelity_constrained_shuffled_geometry__seed11419,11419,14029,3,0.8209350050440649
PushT,jepa_wm_pusht,48,6,fidelity_constrained_shuffled_geometry,fidelity_constrained_shuffled_geometry__seed11419,11419,14029,6,0.7829238157460481
PushT,jepa_wm_pusht,49,6,fidelity_constrained_shuffled_geometry,fidelity_constrained_shuffled_geometry__seed11419,11419,14029,1,1.262648118896481
PushT,jepa_wm_pusht,49,6,fidelity_constrained_shuffled_geometry,fidelity_constrained_shuffled_geometry__seed11419,11419,14029,3,0.8140018373556409
PushT,jepa_wm_pusht,49,6,fidelity_constrained_shuffled_geometry,fidelity_constrained_shuffled_geometry__seed11419,11419,14029,6,0.7027724510042085
PushT,jepa_wm_pusht,50,6,fidelity_constrained_shuffled_geometry,fidelity_constrained_shuffled_geometry__seed11419,11419,14029,1,1.1214357454190045
PushT,jepa_wm_pusht,50,6,fidelity_constrained_shuffled_geometry,fidelity_constrained_shuffled_geometry__seed11419,11419,14029,3,0.8268613635499569
PushT,jepa_wm_pusht,50,6,fidelity_constrained_shuffled_geometry,fidelity_constrained_shuffled_geometry__seed11419,11419,14029,6,0.9880177216872293
PushT,jepa_wm_pusht,51,6,fidelity_constrained_shuffled_geometry,fidelity_constrained_shuffled_geometry__seed11419,11419,14029,1,1.2672109869585129
PushT,jepa_wm_pusht,51,6,fidelity_constrained_shuffled_geometry,fidelity_constrained_shuffled_geometry__seed11419,11419,14029,3,0.8385591067776141
PushT,jepa_wm_pusht,51,6,fidelity_constrained_shuffled_geometry,fidelity_constrained_shuffled_geometry__seed11419,11419,14029,6,0.7500430281429056
PushT,jepa_wm_pusht,52,6,fidelity_constrained_shuffled_geometry,fidelity_constrained_shuffled_geometry__seed11419,11419,14029,1,0.7145875276436632
PushT,jepa_wm_pusht,52,6,fidelity_constrained_shuffled_geometry,fidelity_constrained_shuffled_geometry__seed11419,11419,14029,3,0.7468731479252392
PushT,jepa_wm_pusht,52,6,fidelity_constrained_shuffled_geometry,fidelity_constrained_shuffled_geometry__seed11419,11419,14029,6,0.7360908245217167
PushT,jepa_wm_pusht,53,6,fidelity_constrained_shuffled_geometry,fidelity_constrained_shuffled_geometry__seed11419,11419,14029,1,1.047890086708139
PushT,jepa_wm_pusht,53,6,fidelity_constrained_shuffled_geometry,fidelity_constrained_shuffled_geometry__seed11419,11419,14029,3,0.8277559271239173
PushT,jepa_wm_pusht,53,6,fidelity_constrained_shuffled_geometry,fidelity_constrained_shuffled_geometry__seed11419,11419,14029,6,0.808515894946511
PushT,jepa_wm_pusht,54,6,fidelity_constrained_shuffled_geometry,fidelity_constrained_shuffled_geometry__seed11419,11419,14029,1,1.48248351802026
PushT,jepa_wm_pusht,54,6,fidelity_constrained_shuffled_geometry,fidelity_constrained_shuffled_geometry__seed11419,11419,14029,3,1.1934873909677968
PushT,jepa_wm_pusht,54,6,fidelity_constrained_shuffled_geometry,fidelity_constrained_shuffled_geometry__seed11419,11419,14029,6,1.1379149065242298
PushT,jepa_wm_pusht,55,6,fidelity_constrained_shuffled_geometry,fidelity_constrained_shuffled_geometry__seed11419,11419,14029,1,0.7089829961060262
PushT,jepa_wm_pusht,55,6,fidelity_constrained_shuffled_geometry,fidelity_constrained_shuffled_geometry__seed11419,11419,14029,3,0.777878356584839
PushT,jepa_wm_pusht,55,6,fidelity_constrained_shuffled_geometry,fidelity_constrained_shuffled_geometry__seed11419,11419,14029,6,0.703508203432274
PushT,jepa_wm_pusht,8,1,fidelity_constrained_matched_geometry,fidelity_constrained_matched_geometry__seed11419,11419,14029,1,1.0168928907096704
PushT,jepa_wm_pusht,8,1,fidelity_constrained_matched_geometry,fidelity_constrained_matched_geometry__seed11419,11419,14029,3,0.8377853021492078
PushT,jepa_wm_pusht,8,1,fidelity_constrained_matched_geometry,fidelity_constrained_matched_geometry__seed11419,11419,14029,6,0.7958563020958292
PushT,jepa_wm_pusht,9,1,fidelity_constrained_matched_geometry,fidelity_constrained_matched_geometry__seed11419,11419,14029,1,1.2760071020291868
PushT,jepa_wm_pusht,9,1,fidelity_constrained_matched_geometry,fidelity_constrained_matched_geometry__seed11419,11419,14029,3,0.8790213266398105
PushT,jepa_wm_pusht,9,1,fidelity_constrained_matched_geometry,fidelity_constrained_matched_geometry__seed11419,11419,14029,6,0.7915631138294531
PushT,jepa_wm_pusht,10,1,fidelity_constrained_matched_geometry,fidelity_constrained_matched_geometry__seed11419,11419,14029,1,1.377365433315041
PushT,jepa_wm_pusht,10,1,fidelity_constrained_matched_geometry,fidelity_constrained_matched_geometry__seed11419,11419,14029,3,1.232331373936232
PushT,jepa_wm_pusht,10,1,fidelity_constrained_matched_geometry,fidelity_constrained_matched_geometry__seed11419,11419,14029,6,1.0644176846804352
PushT,jepa_wm_pusht,11,1,fidelity_constrained_matched_geometry,fidelity_constrained_matched_geometry__seed11419,11419,14029,1,1.5539822821189895
PushT,jepa_wm_pusht,11,1,fidelity_constrained_matched_geometry,fidelity_constrained_matched_geometry__seed11419,11419,14029,3,0.9905012685127901
PushT,jepa_wm_pusht,11,1,fidelity_constrained_matched_geometry,fidelity_constrained_matched_geometry__seed11419,11419,14029,6,0.9043245087772683
PushT,jepa_wm_pusht,12,1,fidelity_constrained_matched_geometry,fidelity_constrained_matched_geometry__seed11419,11419,14029,1,1.1801890105738027
PushT,jepa_wm_pusht,12,1,fidelity_constrained_matched_geometry,fidelity_constrained_matched_geometry__seed11419,11419,14029,3,0.8786070478895849
PushT,jepa_wm_pusht,12,1,fidelity_constrained_matched_geometry,fidelity_constrained_matched_geometry__seed11419,11419,14029,6,0.784752930733599
PushT,jepa_wm_pusht,13,1,fidelity_constrained_matched_geometry,fidelity_constrained_matched_geometry__seed11419,11419,14029,1,1.333764330152972
PushT,jepa_wm_pusht,13,1,fidelity_constrained_matched_geometry,fidelity_constrained_matched_geometry__seed11419,11419,14029,3,0.9021601008395022
PushT,jepa_wm_pusht,13,1,fidelity_constrained_matched_geometry,fidelity_constrained_matched_geometry__seed11419,11419,14029,6,0.777393337297012
PushT,jepa_wm_pusht,14,1,fidelity_constrained_matched_geometry,fidelity_constrained_matched_geometry__seed11419,11419,14029,1,0.5233953933081933
PushT,jepa_wm_pusht,14,1,fidelity_constrained_matched_geometry,fidelity_constrained_matched_geometry__seed11419,11419,14029,3,0.641769090562661
PushT,jepa_wm_pusht,14,1,fidelity_constrained_matched_geometry,fidelity_constrained_matched_geometry__seed11419,11419,14029,6,0.6510388875090173
PushT,jepa_wm_pusht,15,1,fidelity_constrained_matched_geometry,fidelity_constrained_matched_geometry__seed11419,11419,14029,1,0.5894354811228297
PushT,jepa_wm_pusht,15,1,fidelity_constrained_matched_geometry,fidelity_constrained_matched_geometry__seed11419,11419,14029,3,0.7816802740307909
PushT,jepa_wm_pusht,15,1,fidelity_constrained_matched_geometry,fidelity_constrained_matched_geometry__seed11419,11419,14029,6,0.702937609256394
PushT,jepa_wm_pusht,16,2,fidelity_constrained_matched_geometry,fidelity_constrained_matched_geometry__seed11419,11419,14029,1,1.1484131469818946
PushT,jepa_wm_pusht,16,2,fidelity_constrained_matched_geometry,fidelity_constrained_matched_geometry__seed11419,11419,14029,3,1.0019689367194478
PushT,jepa_wm_pusht,16,2,fidelity_constrained_matched_geometry,fidelity_constrained_matched_geometry__seed11419,11419,14029,6,1.016261566495984
PushT,jepa_wm_pusht,17,2,fidelity_constrained_matched_geometry,fidelity_constrained_matched_geometry__seed11419,11419,14029,1,0.6041960428661517
PushT,jepa_wm_pusht,17,2,fidelity_constrained_matched_geometry,fidelity_constrained_matched_geometry__seed11419,11419,14029,3,0.8387264717611436
PushT,jepa_wm_pusht,17,2,fidelity_constrained_matched_geometry,fidelity_constrained_matched_geometry__seed11419,11419,14029,6,0.7900185382307832
PushT,jepa_wm_pusht,18,2,fidelity_constrained_matched_geometry,fidelity_constrained_matched_geometry__seed11419,11419,14029,1,0.5887525668498793
PushT,jepa_wm_pusht,18,2,fidelity_constrained_matched_geometry,fidelity_constrained_matched_geometry__seed11419,11419,14029,3,0.6608182462543533
PushT,jepa_wm_pusht,18,2,fidelity_constrained_matched_geometry,fidelity_constrained_matched_geometry__seed11419,11419,14029,6,0.6578664162382665
PushT,jepa_wm_pusht,19,2,fidelity_constrained_matched_geometry,fidelity_constrained_matched_geometry__seed11419,11419,14029,1,0.7714929203708047
PushT,jepa_wm_pusht,19,2,fidelity_constrained_matched_geometry,fidelity_constrained_matched_geometry__seed11419,11419,14029,3,0.6780587026527389
PushT,jepa_wm_pusht,19,2,fidelity_constrained_matched_geometry,fidelity_constrained_matched_geometry__seed11419,11419,14029,6,0.6488560262617504
PushT,jepa_wm_pusht,20,2,fidelity_constrained_matched_geometry,fidelity_constrained_matched_geometry__seed11419,11419,14029,1,0.9914092017557565
PushT,jepa_wm_pusht,20,2,fidelity_constrained_matched_geometry,fidelity_constrained_matched_geometry__seed11419,11419,14029,3,0.7424940184753798
PushT,jepa_wm_pusht,20,2,fidelity_constrained_matched_geometry,fidelity_constrained_matched_geometry__seed11419,11419,14029,6,0.740780210680839
PushT,jepa_wm_pusht,21,2,fidelity_constrained_matched_geometry,fidelity_constrained_matched_geometry__seed11419,11419,14029,1,0.6120766498516838
PushT,jepa_wm_pusht,21,2,fidelity_constrained_matched_geometry,fidelity_constrained_matched_geometry__seed11419,11419,14029,3,0.7798942591244997
PushT,jepa_wm_pusht,21,2,fidelity_constrained_matched_geometry,fidelity_constrained_matched_geometry__seed11419,11419,14029,6,0.7982452832322624
PushT,jepa_wm_pusht,22,2,fidelity_constrained_matched_geometry,fidelity_constrained_matched_geometry__seed11419,11419,14029,1,0.6123244929852499
PushT,jepa_wm_pusht,22,2,fidelity_constrained_matched_geometry,fidelity_constrained_matched_geometry__seed11419,11419,14029,3,0.8160261173738872
PushT,jepa_wm_pusht,22,2,fidelity_constrained_matched_geometry,fidelity_constrained_matched_geometry__seed11419,11419,14029,6,0.6797826862537784
PushT,jepa_wm_pusht,23,2,fidelity_constrained_matched_geometry,fidelity_constrained_matched_geometry__seed11419,11419,14029,1,0.9046600727771675
PushT,jepa_wm_pusht,23,2,fidelity_constrained_matched_geometry,fidelity_constrained_matched_geometry__seed11419,11419,14029,3,0.6138967422862828
PushT,jepa_wm_pusht,23,2,fidelity_constrained_matched_geometry,fidelity_constrained_matched_geometry__seed11419,11419,14029,6,0.6497597637484053
PushT,jepa_wm_pusht,48,6,fidelity_constrained_matched_geometry,fidelity_constrained_matched_geometry__seed11419,11419,14029,1,1.677588174746906
PushT,jepa_wm_pusht,48,6,fidelity_constrained_matched_geometry,fidelity_constrained_matched_geometry__seed11419,11419,14029,3,0.80021602689898
PushT,jepa_wm_pusht,48,6,fidelity_constrained_matched_geometry,fidelity_constrained_matched_geometry__seed11419,11419,14029,6,0.7489394356678725
PushT,jepa_wm_pusht,49,6,fidelity_constrained_matched_geometry,fidelity_constrained_matched_geometry__seed11419,11419,14029,1,1.2345640974611656
PushT,jepa_wm_pusht,49,6,fidelity_constrained_matched_geometry,fidelity_constrained_matched_geometry__seed11419,11419,14029,3,0.7855604017997877
PushT,jepa_wm_pusht,49,6,fidelity_constrained_matched_geometry,fidelity_constrained_matched_geometry__seed11419,11419,14029,6,0.6522815966444186
PushT,jepa_wm_pusht,50,6,fidelity_constrained_matched_geometry,fidelity_constrained_matched_geometry__seed11419,11419,14029,1,1.0988366629430777
PushT,jepa_wm_pusht,50,6,fidelity_constrained_matched_geometry,fidelity_constrained_matched_geometry__seed11419,11419,14029,3,0.760760556373879
PushT,jepa_wm_pusht,50,6,fidelity_constrained_matched_geometry,fidelity_constrained_matched_geometry__seed11419,11419,14029,6,0.8312346164507365
PushT,jepa_wm_pusht,51,6,fidelity_constrained_matched_geometry,fidelity_constrained_matched_geometry__seed11419,11419,14029,1,1.2085177893438197
PushT,jepa_wm_pusht,51,6,fidelity_constrained_matched_geometry,fidelity_constrained_matched_geometry__seed11419,11419,14029,3,0.805595773184375
PushT,jepa_wm_pusht,51,6,fidelity_constrained_matched_geometry,fidelity_constrained_matched_geometry__seed11419,11419,14029,6,0.6721262179158806
PushT,jepa_wm_pusht,52,6,fidelity_constrained_matched_geometry,fidelity_constrained_matched_geometry__seed11419,11419,14029,1,0.695697876333915
PushT,jepa_wm_pusht,52,6,fidelity_constrained_matched_geometry,fidelity_constrained_matched_geometry__seed11419,11419,14029,3,0.6702874857131986
PushT,jepa_wm_pusht,52,6,fidelity_constrained_matched_geometry,fidelity_constrained_matched_geometry__seed11419,11419,14029,6,0.6783313096259225
PushT,jepa_wm_pusht,53,6,fidelity_constrained_matched_geometry,fidelity_constrained_matched_geometry__seed11419,11419,14029,1,1.0330710943942711
PushT,jepa_wm_pusht,53,6,fidelity_constrained_matched_geometry,fidelity_constrained_matched_geometry__seed11419,11419,14029,3,0.7710116568292457
PushT,jepa_wm_pusht,53,6,fidelity_constrained_matched_geometry,fidelity_constrained_matched_geometry__seed11419,11419,14029,6,0.744342253605008
PushT,jepa_wm_pusht,54,6,fidelity_constrained_matched_geometry,fidelity_constrained_matched_geometry__seed11419,11419,14029,1,1.4729212490826122
PushT,jepa_wm_pusht,54,6,fidelity_constrained_matched_geometry,fidelity_constrained_matched_geometry__seed11419,11419,14029,3,1.2008942694043527
PushT,jepa_wm_pusht,54,6,fidelity_constrained_matched_geometry,fidelity_constrained_matched_geometry__seed11419,11419,14029,6,1.1292277978978333
PushT,jepa_wm_pusht,55,6,fidelity_constrained_matched_geometry,fidelity_constrained_matched_geometry__seed11419,11419,14029,1,0.6959247161779647
PushT,jepa_wm_pusht,55,6,fidelity_constrained_matched_geometry,fidelity_constrained_matched_geometry__seed11419,11419,14029,3,0.746289564644632
PushT,jepa_wm_pusht,55,6,fidelity_constrained_matched_geometry,fidelity_constrained_matched_geometry__seed11419,11419,14029,6,0.6774348744707597
PushT,jepa_wm_pusht,8,1,fidelity_constrained_latent_only,fidelity_constrained_latent_only__seed11437,11437,14029,1,1.0064498258209191
PushT,jepa_wm_pusht,8,1,fidelity_constrained_latent_only,fidelity_constrained_latent_only__seed11437,11437,14029,3,0.8204881490805204
PushT,jepa_wm_pusht,8,1,fidelity_constrained_latent_only,fidelity_constrained_latent_only__seed11437,11437,14029,6,0.7948908038539503
PushT,jepa_wm_pusht,9,1,fidelity_constrained_latent_only,fidelity_constrained_latent_only__seed11437,11437,14029,1,1.2666378457563439
PushT,jepa_wm_pusht,9,1,fidelity_constrained_latent_only,fidelity_constrained_latent_only__seed11437,11437,14029,3,0.9136730809227087
PushT,jepa_wm_pusht,9,1,fidelity_constrained_latent_only,fidelity_constrained_latent_only__seed11437,11437,14029,6,0.827859367157442
PushT,jepa_wm_pusht,10,1,fidelity_constrained_latent_only,fidelity_constrained_latent_only__seed11437,11437,14029,1,1.3901453594415263
PushT,jepa_wm_pusht,10,1,fidelity_constrained_latent_only,fidelity_constrained_latent_only__seed11437,11437,14029,3,1.245921376518467
PushT,jepa_wm_pusht,10,1,fidelity_constrained_latent_only,fidelity_constrained_latent_only__seed11437,11437,14029,6,1.0862804517548734
PushT,jepa_wm_pusht,11,1,fidelity_constrained_latent_only,fidelity_constrained_latent_only__seed11437,11437,14029,1,1.5779275427162276
PushT,jepa_wm_pusht,11,1,fidelity_constrained_latent_only,fidelity_constrained_latent_only__seed11437,11437,14029,3,1.017725593694201
PushT,jepa_wm_pusht,11,1,fidelity_constrained_latent_only,fidelity_constrained_latent_only__seed11437,11437,14029,6,0.9361877032675212
PushT,jepa_wm_pusht,12,1,fidelity_constrained_latent_only,fidelity_constrained_latent_only__seed11437,11437,14029,1,1.188399008434994
PushT,jepa_wm_pusht,12,1,fidelity_constrained_latent_only,fidelity_constrained_latent_only__seed11437,11437,14029,3,0.8989059710745326
PushT,jepa_wm_pusht,12,1,fidelity_constrained_latent_only,fidelity_constrained_latent_only__seed11437,11437,14029,6,0.8113028432711061
PushT,jepa_wm_pusht,13,1,fidelity_constrained_latent_only,fidelity_constrained_latent_only__seed11437,11437,14029,1,1.318502369068544
PushT,jepa_wm_pusht,13,1,fidelity_constrained_latent_only,fidelity_constrained_latent_only__seed11437,11437,14029,3,0.8871605222924298
PushT,jepa_wm_pusht,13,1,fidelity_constrained_latent_only,fidelity_constrained_latent_only__seed11437,11437,14029,6,0.7942309373443683
PushT,jepa_wm_pusht,14,1,fidelity_constrained_latent_only,fidelity_constrained_latent_only__seed11437,11437,14029,1,0.5208674218636989
PushT,jepa_wm_pusht,14,1,fidelity_constrained_latent_only,fidelity_constrained_latent_only__seed11437,11437,14029,3,0.6413060224378323
PushT,jepa_wm_pusht,14,1,fidelity_constrained_latent_only,fidelity_constrained_latent_only__seed11437,11437,14029,6,0.6622111442252073
PushT,jepa_wm_pusht,15,1,fidelity_constrained_latent_only,fidelity_constrained_latent_only__seed11437,11437,14029,1,0.5784783719220836
PushT,jepa_wm_pusht,15,1,fidelity_constrained_latent_only,fidelity_constrained_latent_only__seed11437,11437,14029,3,0.7674729519402279
PushT,jepa_wm_pusht,15,1,fidelity_constrained_latent_only,fidelity_constrained_latent_only__seed11437,11437,14029,6,0.7050934623644399
PushT,jepa_wm_pusht,16,2,fidelity_constrained_latent_only,fidelity_constrained_latent_only__seed11437,11437,14029,1,1.1818187616630702
PushT,jepa_wm_pusht,16,2,fidelity_constrained_latent_only,fidelity_constrained_latent_only__seed11437,11437,14029,3,1.0289365657397844
PushT,jepa_wm_pusht,16,2,fidelity_constrained_latent_only,fidelity_constrained_latent_only__seed11437,11437,14029,6,1.0411011256517455
PushT,jepa_wm_pusht,17,2,fidelity_constrained_latent_only,fidelity_constrained_latent_only__seed11437,11437,14029,1,0.5977860699103895
PushT,jepa_wm_pusht,17,2,fidelity_constrained_latent_only,fidelity_constrained_latent_only__seed11437,11437,14029,3,0.8381268419443563
PushT,jepa_wm_pusht,17,2,fidelity_constrained_latent_only,fidelity_constrained_latent_only__seed11437,11437,14029,6,0.801423082909344
PushT,jepa_wm_pusht,18,2,fidelity_constrained_latent_only,fidelity_constrained_latent_only__seed11437,11437,14029,1,0.5770903653056948
PushT,jepa_wm_pusht,18,2,fidelity_constrained_latent_only,fidelity_constrained_latent_only__seed11437,11437,14029,3,0.6548625790745287
PushT,jepa_wm_pusht,18,2,fidelity_constrained_latent_only,fidelity_constrained_latent_only__seed11437,11437,14029,6,0.6554178278713231
PushT,jepa_wm_pusht,19,2,fidelity_constrained_latent_only,fidelity_constrained_latent_only__seed11437,11437,14029,1,0.7830802455887262
PushT,jepa_wm_pusht,19,2,fidelity_constrained_latent_only,fidelity_constrained_latent_only__seed11437,11437,14029,3,0.6644125511127669
PushT,jepa_wm_pusht,19,2,fidelity_constrained_latent_only,fidelity_constrained_latent_only__seed11437,11437,14029,6,0.6308264757758848
PushT,jepa_wm_pusht,20,2,fidelity_constrained_latent_only,fidelity_constrained_latent_only__seed11437,11437,14029,1,1.0034449638601697
PushT,jepa_wm_pusht,20,2,fidelity_constrained_latent_only,fidelity_constrained_latent_only__seed11437,11437,14029,3,0.7275390044527618
PushT,jepa_wm_pusht,20,2,fidelity_constrained_latent_only,fidelity_constrained_latent_only__seed11437,11437,14029,6,0.750969434600798
PushT,jepa_wm_pusht,21,2,fidelity_constrained_latent_only,fidelity_constrained_latent_only__seed11437,11437,14029,1,0.6194488841682869
PushT,jepa_wm_pusht,21,2,fidelity_constrained_latent_only,fidelity_constrained_latent_only__seed11437,11437,14029,3,0.775682823272607
PushT,jepa_wm_pusht,21,2,fidelity_constrained_latent_only,fidelity_constrained_latent_only__seed11437,11437,14029,6,0.8032001618552492
PushT,jepa_wm_pusht,22,2,fidelity_constrained_latent_only,fidelity_constrained_latent_only__seed11437,11437,14029,1,0.6305276598394649
PushT,jepa_wm_pusht,22,2,fidelity_constrained_latent_only,fidelity_constrained_latent_only__seed11437,11437,14029,3,0.8218772004196985
PushT,jepa_wm_pusht,22,2,fidelity_constrained_latent_only,fidelity_constrained_latent_only__seed11437,11437,14029,6,0.687918782051905
PushT,jepa_wm_pusht,23,2,fidelity_constrained_latent_only,fidelity_constrained_latent_only__seed11437,11437,14029,1,0.9062578067737426
PushT,jepa_wm_pusht,23,2,fidelity_constrained_latent_only,fidelity_constrained_latent_only__seed11437,11437,14029,3,0.61462914694458
PushT,jepa_wm_pusht,23,2,fidelity_constrained_latent_only,fidelity_constrained_latent_only__seed11437,11437,14029,6,0.6461359345577036
PushT,jepa_wm_pusht,48,6,fidelity_constrained_latent_only,fidelity_constrained_latent_only__seed11437,11437,14029,1,1.691799399278119
PushT,jepa_wm_pusht,48,6,fidelity_constrained_latent_only,fidelity_constrained_latent_only__seed11437,11437,14029,3,0.8229808348051079
PushT,jepa_wm_pusht,48,6,fidelity_constrained_latent_only,fidelity_constrained_latent_only__seed11437,11437,14029,6,0.7859044356132576
PushT,jepa_wm_pusht,49,6,fidelity_constrained_latent_only,fidelity_constrained_latent_only__seed11437,11437,14029,1,1.2272073714622558
PushT,jepa_wm_pusht,49,6,fidelity_constrained_latent_only,fidelity_constrained_latent_only__seed11437,11437,14029,3,0.7776867407381431
PushT,jepa_wm_pusht,49,6,fidelity_constrained_latent_only,fidelity_constrained_latent_only__seed11437,11437,14029,6,0.6650006574344082
PushT,jepa_wm_pusht,50,6,fidelity_constrained_latent_only,fidelity_constrained_latent_only__seed11437,11437,14029,1,1.1001175212848744
PushT,jepa_wm_pusht,50,6,fidelity_constrained_latent_only,fidelity_constrained_latent_only__seed11437,11437,14029,3,0.8052002127499256
PushT,jepa_wm_pusht,50,6,fidelity_constrained_latent_only,fidelity_constrained_latent_only__seed11437,11437,14029,6,0.9340247897294705
PushT,jepa_wm_pusht,51,6,fidelity_constrained_latent_only,fidelity_constrained_latent_only__seed11437,11437,14029,1,1.1776721641313093
PushT,jepa_wm_pusht,51,6,fidelity_constrained_latent_only,fidelity_constrained_latent_only__seed11437,11437,14029,3,0.8093360427336618
PushT,jepa_wm_pusht,51,6,fidelity_constrained_latent_only,fidelity_constrained_latent_only__seed11437,11437,14029,6,0.6585782914072342
PushT,jepa_wm_pusht,52,6,fidelity_constrained_latent_only,fidelity_constrained_latent_only__seed11437,11437,14029,1,0.7107706589749161
PushT,jepa_wm_pusht,52,6,fidelity_constrained_latent_only,fidelity_constrained_latent_only__seed11437,11437,14029,3,0.6565930049441833
PushT,jepa_wm_pusht,52,6,fidelity_constrained_latent_only,fidelity_constrained_latent_only__seed11437,11437,14029,6,0.6640956134528728
PushT,jepa_wm_pusht,53,6,fidelity_constrained_latent_only,fidelity_constrained_latent_only__seed11437,11437,14029,1,1.0300851725171334
PushT,jepa_wm_pusht,53,6,fidelity_constrained_latent_only,fidelity_constrained_latent_only__seed11437,11437,14029,3,0.7646302094798467
PushT,jepa_wm_pusht,53,6,fidelity_constrained_latent_only,fidelity_constrained_latent_only__seed11437,11437,14029,6,0.7495030708667099
PushT,jepa_wm_pusht,54,6,fidelity_constrained_latent_only,fidelity_constrained_latent_only__seed11437,11437,14029,1,1.4968689938520412
PushT,jepa_wm_pusht,54,6,fidelity_constrained_latent_only,fidelity_constrained_latent_only__seed11437,11437,14029,3,1.216540407544425
PushT,jepa_wm_pusht,54,6,fidelity_constrained_latent_only,fidelity_constrained_latent_only__seed11437,11437,14029,6,1.167688300426857
PushT,jepa_wm_pusht,55,6,fidelity_constrained_latent_only,fidelity_constrained_latent_only__seed11437,11437,14029,1,0.7053275421700461
PushT,jepa_wm_pusht,55,6,fidelity_constrained_latent_only,fidelity_constrained_latent_only__seed11437,11437,14029,3,0.7685969191329396
PushT,jepa_wm_pusht,55,6,fidelity_constrained_latent_only,fidelity_constrained_latent_only__seed11437,11437,14029,6,0.7109844711850316
PushT,jepa_wm_pusht,8,1,fidelity_constrained_shuffled_geometry,fidelity_constrained_shuffled_geometry__seed11437,11437,14029,1,1.0251443792168449
PushT,jepa_wm_pusht,8,1,fidelity_constrained_shuffled_geometry,fidelity_constrained_shuffled_geometry__seed11437,11437,14029,3,0.8955363543069828
PushT,jepa_wm_pusht,8,1,fidelity_constrained_shuffled_geometry,fidelity_constrained_shuffled_geometry__seed11437,11437,14029,6,0.843894439606987
PushT,jepa_wm_pusht,9,1,fidelity_constrained_shuffled_geometry,fidelity_constrained_shuffled_geometry__seed11437,11437,14029,1,1.3013033256477868
PushT,jepa_wm_pusht,9,1,fidelity_constrained_shuffled_geometry,fidelity_constrained_shuffled_geometry__seed11437,11437,14029,3,0.9205669272979603
PushT,jepa_wm_pusht,9,1,fidelity_constrained_shuffled_geometry,fidelity_constrained_shuffled_geometry__seed11437,11437,14029,6,0.8673222645680841
PushT,jepa_wm_pusht,10,1,fidelity_constrained_shuffled_geometry,fidelity_constrained_shuffled_geometry__seed11437,11437,14029,1,1.3828271555750515
PushT,jepa_wm_pusht,10,1,fidelity_constrained_shuffled_geometry,fidelity_constrained_shuffled_geometry__seed11437,11437,14029,3,1.221641061785796
PushT,jepa_wm_pusht,10,1,fidelity_constrained_shuffled_geometry,fidelity_constrained_shuffled_geometry__seed11437,11437,14029,6,1.0720305741215597
PushT,jepa_wm_pusht,11,1,fidelity_constrained_shuffled_geometry,fidelity_constrained_shuffled_geometry__seed11437,11437,14029,1,1.5898282917528535
PushT,jepa_wm_pusht,11,1,fidelity_constrained_shuffled_geometry,fidelity_constrained_shuffled_geometry__seed11437,11437,14029,3,0.9861531402769459
PushT,jepa_wm_pusht,11,1,fidelity_constrained_shuffled_geometry,fidelity_constrained_shuffled_geometry__seed11437,11437,14029,6,0.8942133945298941
PushT,jepa_wm_pusht,12,1,fidelity_constrained_shuffled_geometry,fidelity_constrained_shuffled_geometry__seed11437,11437,14029,1,1.1908530863620361
PushT,jepa_wm_pusht,12,1,fidelity_constrained_shuffled_geometry,fidelity_constrained_shuffled_geometry__seed11437,11437,14029,3,0.9121883112080811
PushT,jepa_wm_pusht,12,1,fidelity_constrained_shuffled_geometry,fidelity_constrained_shuffled_geometry__seed11437,11437,14029,6,0.7928160659599414
PushT,jepa_wm_pusht,13,1,fidelity_constrained_shuffled_geometry,fidelity_constrained_shuffled_geometry__seed11437,11437,14029,1,1.348811420290888
PushT,jepa_wm_pusht,13,1,fidelity_constrained_shuffled_geometry,fidelity_constrained_shuffled_geometry__seed11437,11437,14029,3,0.9629901383085557
PushT,jepa_wm_pusht,13,1,fidelity_constrained_shuffled_geometry,fidelity_constrained_shuffled_geometry__seed11437,11437,14029,6,0.8053129462073232
PushT,jepa_wm_pusht,14,1,fidelity_constrained_shuffled_geometry,fidelity_constrained_shuffled_geometry__seed11437,11437,14029,1,0.533211423187054
PushT,jepa_wm_pusht,14,1,fidelity_constrained_shuffled_geometry,fidelity_constrained_shuffled_geometry__seed11437,11437,14029,3,0.6746485743963709
PushT,jepa_wm_pusht,14,1,fidelity_constrained_shuffled_geometry,fidelity_constrained_shuffled_geometry__seed11437,11437,14029,6,0.7101522473517591
PushT,jepa_wm_pusht,15,1,fidelity_constrained_shuffled_geometry,fidelity_constrained_shuffled_geometry__seed11437,11437,14029,1,0.6074709337027885
PushT,jepa_wm_pusht,15,1,fidelity_constrained_shuffled_geometry,fidelity_constrained_shuffled_geometry__seed11437,11437,14029,3,0.8471926628948225
PushT,jepa_wm_pusht,15,1,fidelity_constrained_shuffled_geometry,fidelity_constrained_shuffled_geometry__seed11437,11437,14029,6,0.7771729365884052
PushT,jepa_wm_pusht,16,2,fidelity_constrained_shuffled_geometry,fidelity_constrained_shuffled_geometry__seed11437,11437,14029,1,1.1717077117579067
PushT,jepa_wm_pusht,16,2,fidelity_constrained_shuffled_geometry,fidelity_constrained_shuffled_geometry__seed11437,11437,14029,3,1.0353629526442456
PushT,jepa_wm_pusht,16,2,fidelity_constrained_shuffled_geometry,fidelity_constrained_shuffled_geometry__seed11437,11437,14029,6,1.0296016570439166
PushT,jepa_wm_pusht,17,2,fidelity_constrained_shuffled_geometry,fidelity_constrained_shuffled_geometry__seed11437,11437,14029,1,0.6115824879816333
PushT,jepa_wm_pusht,17,2,fidelity_constrained_shuffled_geometry,fidelity_constrained_shuffled_geometry__seed11437,11437,14029,3,0.8660137861232701
PushT,jepa_wm_pusht,17,2,fidelity_constrained_shuffled_geometry,fidelity_constrained_shuffled_geometry__seed11437,11437,14029,6,0.7706116584099918
PushT,jepa_wm_pusht,18,2,fidelity_constrained_shuffled_geometry,fidelity_constrained_shuffled_geometry__seed11437,11437,14029,1,0.5986031858818537
PushT,jepa_wm_pusht,18,2,fidelity_constrained_shuffled_geometry,fidelity_constrained_shuffled_geometry__seed11437,11437,14029,3,0.7010804151085137
PushT,jepa_wm_pusht,18,2,fidelity_constrained_shuffled_geometry,fidelity_constrained_shuffled_geometry__seed11437,11437,14029,6,0.7172278960430267
PushT,jepa_wm_pusht,19,2,fidelity_constrained_shuffled_geometry,fidelity_constrained_shuffled_geometry__seed11437,11437,14029,1,0.7908894712599979
PushT,jepa_wm_pusht,19,2,fidelity_constrained_shuffled_geometry,fidelity_constrained_shuffled_geometry__seed11437,11437,14029,3,0.7290240083613982
PushT,jepa_wm_pusht,19,2,fidelity_constrained_shuffled_geometry,fidelity_constrained_shuffled_geometry__seed11437,11437,14029,6,0.7231590887201362
PushT,jepa_wm_pusht,20,2,fidelity_constrained_shuffled_geometry,fidelity_constrained_shuffled_geometry__seed11437,11437,14029,1,0.9998161592056569
PushT,jepa_wm_pusht,20,2,fidelity_constrained_shuffled_geometry,fidelity_constrained_shuffled_geometry__seed11437,11437,14029,3,0.8049307573725838
PushT,jepa_wm_pusht,20,2,fidelity_constrained_shuffled_geometry,fidelity_constrained_shuffled_geometry__seed11437,11437,14029,6,0.793336750383207
PushT,jepa_wm_pusht,21,2,fidelity_constrained_shuffled_geometry,fidelity_constrained_shuffled_geometry__seed11437,11437,14029,1,0.6207550307225187
PushT,jepa_wm_pusht,21,2,fidelity_constrained_shuffled_geometry,fidelity_constrained_shuffled_geometry__seed11437,11437,14029,3,0.8185940551817854
PushT,jepa_wm_pusht,21,2,fidelity_constrained_shuffled_geometry,fidelity_constrained_shuffled_geometry__seed11437,11437,14029,6,0.9073957082578312
PushT,jepa_wm_pusht,22,2,fidelity_constrained_shuffled_geometry,fidelity_constrained_shuffled_geometry__seed11437,11437,14029,1,0.6188248521161531
PushT,jepa_wm_pusht,22,2,fidelity_constrained_shuffled_geometry,fidelity_constrained_shuffled_geometry__seed11437,11437,14029,3,0.8605935255917487
PushT,jepa_wm_pusht,22,2,fidelity_constrained_shuffled_geometry,fidelity_constrained_shuffled_geometry__seed11437,11437,14029,6,0.7521172899699042
PushT,jepa_wm_pusht,23,2,fidelity_constrained_shuffled_geometry,fidelity_constrained_shuffled_geometry__seed11437,11437,14029,1,0.9352479611781083
PushT,jepa_wm_pusht,23,2,fidelity_constrained_shuffled_geometry,fidelity_constrained_shuffled_geometry__seed11437,11437,14029,3,0.6560232873469354
PushT,jepa_wm_pusht,23,2,fidelity_constrained_shuffled_geometry,fidelity_constrained_shuffled_geometry__seed11437,11437,14029,6,0.7622256551072359
PushT,jepa_wm_pusht,48,6,fidelity_constrained_shuffled_geometry,fidelity_constrained_shuffled_geometry__seed11437,11437,14029,1,1.6774200879970136
PushT,jepa_wm_pusht,48,6,fidelity_constrained_shuffled_geometry,fidelity_constrained_shuffled_geometry__seed11437,11437,14029,3,0.8312512315630954
PushT,jepa_wm_pusht,48,6,fidelity_constrained_shuffled_geometry,fidelity_constrained_shuffled_geometry__seed11437,11437,14029,6,0.7880905982786924
PushT,jepa_wm_pusht,49,6,fidelity_constrained_shuffled_geometry,fidelity_constrained_shuffled_geometry__seed11437,11437,14029,1,1.2658209969151266
PushT,jepa_wm_pusht,49,6,fidelity_constrained_shuffled_geometry,fidelity_constrained_shuffled_geometry__seed11437,11437,14029,3,0.8247550378600214
PushT,jepa_wm_pusht,49,6,fidelity_constrained_shuffled_geometry,fidelity_constrained_shuffled_geometry__seed11437,11437,14029,6,0.7027392167792681
PushT,jepa_wm_pusht,50,6,fidelity_constrained_shuffled_geometry,fidelity_constrained_shuffled_geometry__seed11437,11437,14029,1,1.1228480062017117
PushT,jepa_wm_pusht,50,6,fidelity_constrained_shuffled_geometry,fidelity_constrained_shuffled_geometry__seed11437,11437,14029,3,0.813071698011337
PushT,jepa_wm_pusht,50,6,fidelity_constrained_shuffled_geometry,fidelity_constrained_shuffled_geometry__seed11437,11437,14029,6,0.9726166451703507
PushT,jepa_wm_pusht,51,6,fidelity_constrained_shuffled_geometry,fidelity_constrained_shuffled_geometry__seed11437,11437,14029,1,1.2579130588437488
PushT,jepa_wm_pusht,51,6,fidelity_constrained_shuffled_geometry,fidelity_constrained_shuffled_geometry__seed11437,11437,14029,3,0.8258444515970882
PushT,jepa_wm_pusht,51,6,fidelity_constrained_shuffled_geometry,fidelity_constrained_shuffled_geometry__seed11437,11437,14029,6,0.7309755012026107
PushT,jepa_wm_pusht,52,6,fidelity_constrained_shuffled_geometry,fidelity_constrained_shuffled_geometry__seed11437,11437,14029,1,0.715597398033486
PushT,jepa_wm_pusht,52,6,fidelity_constrained_shuffled_geometry,fidelity_constrained_shuffled_geometry__seed11437,11437,14029,3,0.7410722888773122
PushT,jepa_wm_pusht,52,6,fidelity_constrained_shuffled_geometry,fidelity_constrained_shuffled_geometry__seed11437,11437,14029,6,0.7279499504943071
PushT,jepa_wm_pusht,53,6,fidelity_constrained_shuffled_geometry,fidelity_constrained_shuffled_geometry__seed11437,11437,14029,1,1.0480872185404797
PushT,jepa_wm_pusht,53,6,fidelity_constrained_shuffled_geometry,fidelity_constrained_shuffled_geometry__seed11437,11437,14029,3,0.8299016108774281
PushT,jepa_wm_pusht,53,6,fidelity_constrained_shuffled_geometry,fidelity_constrained_shuffled_geometry__seed11437,11437,14029,6,0.8177123951653066
PushT,jepa_wm_pusht,54,6,fidelity_constrained_shuffled_geometry,fidelity_constrained_shuffled_geometry__seed11437,11437,14029,1,1.4868683684567494
PushT,jepa_wm_pusht,54,6,fidelity_constrained_shuffled_geometry,fidelity_constrained_shuffled_geometry__seed11437,11437,14029,3,1.196958858918515
PushT,jepa_wm_pusht,54,6,fidelity_constrained_shuffled_geometry,fidelity_constrained_shuffled_geometry__seed11437,11437,14029,6,1.145019176824441
PushT,jepa_wm_pusht,55,6,fidelity_constrained_shuffled_geometry,fidelity_constrained_shuffled_geometry__seed11437,11437,14029,1,0.7126729193322906
PushT,jepa_wm_pusht,55,6,fidelity_constrained_shuffled_geometry,fidelity_constrained_shuffled_geometry__seed11437,11437,14029,3,0.7784492057450402
PushT,jepa_wm_pusht,55,6,fidelity_constrained_shuffled_geometry,fidelity_constrained_shuffled_geometry__seed11437,11437,14029,6,0.7021219860374879
PushT,jepa_wm_pusht,8,1,fidelity_constrained_matched_geometry,fidelity_constrained_matched_geometry__seed11437,11437,14029,1,1.0168890268565134
PushT,jepa_wm_pusht,8,1,fidelity_constrained_matched_geometry,fidelity_constrained_matched_geometry__seed11437,11437,14029,3,0.8393835579152441
PushT,jepa_wm_pusht,8,1,fidelity_constrained_matched_geometry,fidelity_constrained_matched_geometry__seed11437,11437,14029,6,0.7890134925241534
PushT,jepa_wm_pusht,9,1,fidelity_constrained_matched_geometry,fidelity_constrained_matched_geometry__seed11437,11437,14029,1,1.2763751450430707
PushT,jepa_wm_pusht,9,1,fidelity_constrained_matched_geometry,fidelity_constrained_matched_geometry__seed11437,11437,14029,3,0.8772885329879178
PushT,jepa_wm_pusht,9,1,fidelity_constrained_matched_geometry,fidelity_constrained_matched_geometry__seed11437,11437,14029,6,0.7870234694807491
PushT,jepa_wm_pusht,10,1,fidelity_constrained_matched_geometry,fidelity_constrained_matched_geometry__seed11437,11437,14029,1,1.3746121611356414
PushT,jepa_wm_pusht,10,1,fidelity_constrained_matched_geometry,fidelity_constrained_matched_geometry__seed11437,11437,14029,3,1.2330504971445515
PushT,jepa_wm_pusht,10,1,fidelity_constrained_matched_geometry,fidelity_constrained_matched_geometry__seed11437,11437,14029,6,1.064251855510825
PushT,jepa_wm_pusht,11,1,fidelity_constrained_matched_geometry,fidelity_constrained_matched_geometry__seed11437,11437,14029,1,1.5518983364924424
PushT,jepa_wm_pusht,11,1,fidelity_constrained_matched_geometry,fidelity_constrained_matched_geometry__seed11437,11437,14029,3,0.9922046061415821
PushT,jepa_wm_pusht,11,1,fidelity_constrained_matched_geometry,fidelity_constrained_matched_geometry__seed11437,11437,14029,6,0.9113333016498183
PushT,jepa_wm_pusht,12,1,fidelity_constrained_matched_geometry,fidelity_constrained_matched_geometry__seed11437,11437,14029,1,1.1811988055416844
PushT,jepa_wm_pusht,12,1,fidelity_constrained_matched_geometry,fidelity_constrained_matched_geometry__seed11437,11437,14029,3,0.8772883931670644
PushT,jepa_wm_pusht,12,1,fidelity_constrained_matched_geometry,fidelity_constrained_matched_geometry__seed11437,11437,14029,6,0.7892438758724182
PushT,jepa_wm_pusht,13,1,fidelity_constrained_matched_geometry,fidelity_constrained_matched_geometry__seed11437,11437,14029,1,1.3341831466588223
PushT,jepa_wm_pusht,13,1,fidelity_constrained_matched_geometry,fidelity_constrained_matched_geometry__seed11437,11437,14029,3,0.8962839077911707
PushT,jepa_wm_pusht,13,1,fidelity_constrained_matched_geometry,fidelity_constrained_matched_geometry__seed11437,11437,14029,6,0.7755387656830667
PushT,jepa_wm_pusht,14,1,fidelity_constrained_matched_geometry,fidelity_constrained_matched_geometry__seed11437,11437,14029,1,0.5252336173237091
PushT,jepa_wm_pusht,14,1,fidelity_constrained_matched_geometry,fidelity_constrained_matched_geometry__seed11437,11437,14029,3,0.6413632798789519
PushT,jepa_wm_pusht,14,1,fidelity_constrained_matched_geometry,fidelity_constrained_matched_geometry__seed11437,11437,14029,6,0.6526031223232686
PushT,jepa_wm_pusht,15,1,fidelity_constrained_matched_geometry,fidelity_constrained_matched_geometry__seed11437,11437,14029,1,0.5896518693758979
PushT,jepa_wm_pusht,15,1,fidelity_constrained_matched_geometry,fidelity_constrained_matched_geometry__seed11437,11437,14029,3,0.7823767271379025
PushT,jepa_wm_pusht,15,1,fidelity_constrained_matched_geometry,fidelity_constrained_matched_geometry__seed11437,11437,14029,6,0.6978727777996101
PushT,jepa_wm_pusht,16,2,fidelity_constrained_matched_geometry,fidelity_constrained_matched_geometry__seed11437,11437,14029,1,1.1461114589879033
PushT,jepa_wm_pusht,16,2,fidelity_constrained_matched_geometry,fidelity_constrained_matched_geometry__seed11437,11437,14029,3,0.9961348722636091
PushT,jepa_wm_pusht,16,2,fidelity_constrained_matched_geometry,fidelity_constrained_matched_geometry__seed11437,11437,14029,6,0.9938607605471208
PushT,jepa_wm_pusht,17,2,fidelity_constrained_matched_geometry,fidelity_constrained_matched_geometry__seed11437,11437,14029,1,0.6053895464100882
PushT,jepa_wm_pusht,17,2,fidelity_constrained_matched_geometry,fidelity_constrained_matched_geometry__seed11437,11437,14029,3,0.8393821974887385
PushT,jepa_wm_pusht,17,2,fidelity_constrained_matched_geometry,fidelity_constrained_matched_geometry__seed11437,11437,14029,6,0.79640522837096
PushT,jepa_wm_pusht,18,2,fidelity_constrained_matched_geometry,fidelity_constrained_matched_geometry__seed11437,11437,14029,1,0.5909078422105141
PushT,jepa_wm_pusht,18,2,fidelity_constrained_matched_geometry,fidelity_constrained_matched_geometry__seed11437,11437,14029,3,0.6598830306790118
PushT,jepa_wm_pusht,18,2,fidelity_constrained_matched_geometry,fidelity_constrained_matched_geometry__seed11437,11437,14029,6,0.6568681882518995
PushT,jepa_wm_pusht,19,2,fidelity_constrained_matched_geometry,fidelity_constrained_matched_geometry__seed11437,11437,14029,1,0.770893183545693
PushT,jepa_wm_pusht,19,2,fidelity_constrained_matched_geometry,fidelity_constrained_matched_geometry__seed11437,11437,14029,3,0.679426002249146
PushT,jepa_wm_pusht,19,2,fidelity_constrained_matched_geometry,fidelity_constrained_matched_geometry__seed11437,11437,14029,6,0.648400698799092
PushT,jepa_wm_pusht,20,2,fidelity_constrained_matched_geometry,fidelity_constrained_matched_geometry__seed11437,11437,14029,1,0.9909541203717972
PushT,jepa_wm_pusht,20,2,fidelity_constrained_matched_geometry,fidelity_constrained_matched_geometry__seed11437,11437,14029,3,0.7428143796861132
PushT,jepa_wm_pusht,20,2,fidelity_constrained_matched_geometry,fidelity_constrained_matched_geometry__seed11437,11437,14029,6,0.7350900797380011
PushT,jepa_wm_pusht,21,2,fidelity_constrained_matched_geometry,fidelity_constrained_matched_geometry__seed11437,11437,14029,1,0.6147998740846554
PushT,jepa_wm_pusht,21,2,fidelity_constrained_matched_geometry,fidelity_constrained_matched_geometry__seed11437,11437,14029,3,0.7797687211930813
PushT,jepa_wm_pusht,21,2,fidelity_constrained_matched_geometry,fidelity_constrained_matched_geometry__seed11437,11437,14029,6,0.79623203257436
PushT,jepa_wm_pusht,22,2,fidelity_constrained_matched_geometry,fidelity_constrained_matched_geometry__seed11437,11437,14029,1,0.6141574950268459
PushT,jepa_wm_pusht,22,2,fidelity_constrained_matched_geometry,fidelity_constrained_matched_geometry__seed11437,11437,14029,3,0.8140106415848516
PushT,jepa_wm_pusht,22,2,fidelity_constrained_matched_geometry,fidelity_constrained_matched_geometry__seed11437,11437,14029,6,0.6744306842833663
PushT,jepa_wm_pusht,23,2,fidelity_constrained_matched_geometry,fidelity_constrained_matched_geometry__seed11437,11437,14029,1,0.90605818377884
PushT,jepa_wm_pusht,23,2,fidelity_constrained_matched_geometry,fidelity_constrained_matched_geometry__seed11437,11437,14029,3,0.6125696719993993
PushT,jepa_wm_pusht,23,2,fidelity_constrained_matched_geometry,fidelity_constrained_matched_geometry__seed11437,11437,14029,6,0.6507071858418247
PushT,jepa_wm_pusht,48,6,fidelity_constrained_matched_geometry,fidelity_constrained_matched_geometry__seed11437,11437,14029,1,1.677767812200748
PushT,jepa_wm_pusht,48,6,fidelity_constrained_matched_geometry,fidelity_constrained_matched_geometry__seed11437,11437,14029,3,0.8040329385001888
PushT,jepa_wm_pusht,48,6,fidelity_constrained_matched_geometry,fidelity_constrained_matched_geometry__seed11437,11437,14029,6,0.7524764893453815
PushT,jepa_wm_pusht,49,6,fidelity_constrained_matched_geometry,fidelity_constrained_matched_geometry__seed11437,11437,14029,1,1.2342080817769663
PushT,jepa_wm_pusht,49,6,fidelity_constrained_matched_geometry,fidelity_constrained_matched_geometry__seed11437,11437,14029,3,0.7861547051151202
PushT,jepa_wm_pusht,49,6,fidelity_constrained_matched_geometry,fidelity_constrained_matched_geometry__seed11437,11437,14029,6,0.6514993180058148
PushT,jepa_wm_pusht,50,6,fidelity_constrained_matched_geometry,fidelity_constrained_matched_geometry__seed11437,11437,14029,1,1.1011459978642677
PushT,jepa_wm_pusht,50,6,fidelity_constrained_matched_geometry,fidelity_constrained_matched_geometry__seed11437,11437,14029,3,0.7731855322026787
PushT,jepa_wm_pusht,50,6,fidelity_constrained_matched_geometry,fidelity_constrained_matched_geometry__seed11437,11437,14029,6,0.8783684769507044
PushT,jepa_wm_pusht,51,6,fidelity_constrained_matched_geometry,fidelity_constrained_matched_geometry__seed11437,11437,14029,1,1.2076576596252422
PushT,jepa_wm_pusht,51,6,fidelity_constrained_matched_geometry,fidelity_constrained_matched_geometry__seed11437,11437,14029,3,0.8054829093176475
PushT,jepa_wm_pusht,51,6,fidelity_constrained_matched_geometry,fidelity_constrained_matched_geometry__seed11437,11437,14029,6,0.6726878303684186
PushT,jepa_wm_pusht,52,6,fidelity_constrained_matched_geometry,fidelity_constrained_matched_geometry__seed11437,11437,14029,1,0.6960684403040662
PushT,jepa_wm_pusht,52,6,fidelity_constrained_matched_geometry,fidelity_constrained_matched_geometry__seed11437,11437,14029,3,0.6714408405499177
PushT,jepa_wm_pusht,52,6,fidelity_constrained_matched_geometry,fidelity_constrained_matched_geometry__seed11437,11437,14029,6,0.6827718579300902
PushT,jepa_wm_pusht,53,6,fidelity_constrained_matched_geometry,fidelity_constrained_matched_geometry__seed11437,11437,14029,1,1.0332230368591064
PushT,jepa_wm_pusht,53,6,fidelity_constrained_matched_geometry,fidelity_constrained_matched_geometry__seed11437,11437,14029,3,0.7706821144450098
PushT,jepa_wm_pusht,53,6,fidelity_constrained_matched_geometry,fidelity_constrained_matched_geometry__seed11437,11437,14029,6,0.7431923252171493
PushT,jepa_wm_pusht,54,6,fidelity_constrained_matched_geometry,fidelity_constrained_matched_geometry__seed11437,11437,14029,1,1.4774156213830063
PushT,jepa_wm_pusht,54,6,fidelity_constrained_matched_geometry,fidelity_constrained_matched_geometry__seed11437,11437,14029,3,1.2094375779126156
PushT,jepa_wm_pusht,54,6,fidelity_constrained_matched_geometry,fidelity_constrained_matched_geometry__seed11437,11437,14029,6,1.1300332520569192
PushT,jepa_wm_pusht,55,6,fidelity_constrained_matched_geometry,fidelity_constrained_matched_geometry__seed11437,11437,14029,1,0.69461796463199
PushT,jepa_wm_pusht,55,6,fidelity_constrained_matched_geometry,fidelity_constrained_matched_geometry__seed11437,11437,14029,3,0.7424972341970699
PushT,jepa_wm_pusht,55,6,fidelity_constrained_matched_geometry,fidelity_constrained_matched_geometry__seed11437,11437,14029,6,0.6746687356665074
PushT,jepa_wm_pusht,8,1,frozen,frozen,-1,14047,1,1.0778193350068648
PushT,jepa_wm_pusht,8,1,frozen,frozen,-1,14047,3,0.852965327369105
PushT,jepa_wm_pusht,8,1,frozen,frozen,-1,14047,6,0.8398323274698435
PushT,jepa_wm_pusht,9,1,frozen,frozen,-1,14047,1,1.3287479318241149
PushT,jepa_wm_pusht,9,1,frozen,frozen,-1,14047,3,0.9865576918391324
PushT,jepa_wm_pusht,9,1,frozen,frozen,-1,14047,6,0.8808835210851061
PushT,jepa_wm_pusht,10,1,frozen,frozen,-1,14047,1,1.4124909755029362
PushT,jepa_wm_pusht,10,1,frozen,frozen,-1,14047,3,1.1284437724804433
PushT,jepa_wm_pusht,10,1,frozen,frozen,-1,14047,6,1.0721972084691933
PushT,jepa_wm_pusht,11,1,frozen,frozen,-1,14047,1,1.607891275846003
PushT,jepa_wm_pusht,11,1,frozen,frozen,-1,14047,3,0.905228289480394
PushT,jepa_wm_pusht,11,1,frozen,frozen,-1,14047,6,0.9325145750731004
PushT,jepa_wm_pusht,12,1,frozen,frozen,-1,14047,1,1.2225880057489225
PushT,jepa_wm_pusht,12,1,frozen,frozen,-1,14047,3,0.8871936005606351
PushT,jepa_wm_pusht,12,1,frozen,frozen,-1,14047,6,0.8069074765415384
PushT,jepa_wm_pusht,13,1,frozen,frozen,-1,14047,1,1.3257922579640906
PushT,jepa_wm_pusht,13,1,frozen,frozen,-1,14047,3,0.8885634121604308
PushT,jepa_wm_pusht,13,1,frozen,frozen,-1,14047,6,0.8487823557222969
PushT,jepa_wm_pusht,14,1,frozen,frozen,-1,14047,1,0.4943081915276078
PushT,jepa_wm_pusht,14,1,frozen,frozen,-1,14047,3,0.596307105543532
PushT,jepa_wm_pusht,14,1,frozen,frozen,-1,14047,6,0.691727796860894
PushT,jepa_wm_pusht,15,1,frozen,frozen,-1,14047,1,0.5641768840446584
PushT,jepa_wm_pusht,15,1,frozen,frozen,-1,14047,3,0.6923342376761175
PushT,jepa_wm_pusht,15,1,frozen,frozen,-1,14047,6,0.7676807854826057
PushT,jepa_wm_pusht,16,2,frozen,frozen,-1,14047,1,1.3488991876252305
PushT,jepa_wm_pusht,16,2,frozen,frozen,-1,14047,3,1.1809838975736833
PushT,jepa_wm_pusht,16,2,frozen,frozen,-1,14047,6,1.1550612449166466
PushT,jepa_wm_pusht,17,2,frozen,frozen,-1,14047,1,0.687343912563291
PushT,jepa_wm_pusht,17,2,frozen,frozen,-1,14047,3,0.8245471616200928
PushT,jepa_wm_pusht,17,2,frozen,frozen,-1,14047,6,0.8539278815947839
PushT,jepa_wm_pusht,18,2,frozen,frozen,-1,14047,1,0.5890195011201996
PushT,jepa_wm_pusht,18,2,frozen,frozen,-1,14047,3,0.5940672817670274
PushT,jepa_wm_pusht,18,2,frozen,frozen,-1,14047,6,0.7225463231867087
PushT,jepa_wm_pusht,19,2,frozen,frozen,-1,14047,1,0.8457404690017308
PushT,jepa_wm_pusht,19,2,frozen,frozen,-1,14047,3,0.7541821171885643
PushT,jepa_wm_pusht,19,2,frozen,frozen,-1,14047,6,0.7244112340294281
PushT,jepa_wm_pusht,20,2,frozen,frozen,-1,14047,1,1.0524131967247083
PushT,jepa_wm_pusht,20,2,frozen,frozen,-1,14047,3,0.7886226987517909
PushT,jepa_wm_pusht,20,2,frozen,frozen,-1,14047,6,0.8198971968138435
PushT,jepa_wm_pusht,21,2,frozen,frozen,-1,14047,1,0.6116261971823644
PushT,jepa_wm_pusht,21,2,frozen,frozen,-1,14047,3,0.8376825899197075
PushT,jepa_wm_pusht,21,2,frozen,frozen,-1,14047,6,0.8686002882919697
PushT,jepa_wm_pusht,22,2,frozen,frozen,-1,14047,1,0.6674687170244246
PushT,jepa_wm_pusht,22,2,frozen,frozen,-1,14047,3,0.8189442731528085
PushT,jepa_wm_pusht,22,2,frozen,frozen,-1,14047,6,0.8276813490388938
PushT,jepa_wm_pusht,23,2,frozen,frozen,-1,14047,1,0.9422983424324091
PushT,jepa_wm_pusht,23,2,frozen,frozen,-1,14047,3,0.6650822251953843
PushT,jepa_wm_pusht,23,2,frozen,frozen,-1,14047,6,0.6894744590634263
PushT,jepa_wm_pusht,48,6,frozen,frozen,-1,14047,1,1.7470162313966269
PushT,jepa_wm_pusht,48,6,frozen,frozen,-1,14047,3,0.795069849745435
PushT,jepa_wm_pusht,48,6,frozen,frozen,-1,14047,6,0.8022546724676768
PushT,jepa_wm_pusht,49,6,frozen,frozen,-1,14047,1,1.2763560512896261
PushT,jepa_wm_pusht,49,6,frozen,frozen,-1,14047,3,0.7622674413086818
PushT,jepa_wm_pusht,49,6,frozen,frozen,-1,14047,6,0.737876005093875
PushT,jepa_wm_pusht,50,6,frozen,frozen,-1,14047,1,1.1332258562727537
PushT,jepa_wm_pusht,50,6,frozen,frozen,-1,14047,3,0.807651185967484
PushT,jepa_wm_pusht,50,6,frozen,frozen,-1,14047,6,0.9738411391881244
PushT,jepa_wm_pusht,51,6,frozen,frozen,-1,14047,1,1.2905217436753929
PushT,jepa_wm_pusht,51,6,frozen,frozen,-1,14047,3,0.7929597488259941
PushT,jepa_wm_pusht,51,6,frozen,frozen,-1,14047,6,0.6978027743327726
PushT,jepa_wm_pusht,52,6,frozen,frozen,-1,14047,1,0.7909147231442347
PushT,jepa_wm_pusht,52,6,frozen,frozen,-1,14047,3,0.6972480653551886
PushT,jepa_wm_pusht,52,6,frozen,frozen,-1,14047,6,0.6835275205560998
PushT,jepa_wm_pusht,53,6,frozen,frozen,-1,14047,1,1.0472601510484385
PushT,jepa_wm_pusht,53,6,frozen,frozen,-1,14047,3,0.7668750645558278
PushT,jepa_wm_pusht,53,6,frozen,frozen,-1,14047,6,0.7725096247836836
PushT,jepa_wm_pusht,54,6,frozen,frozen,-1,14047,1,1.435895750800768
PushT,jepa_wm_pusht,54,6,frozen,frozen,-1,14047,3,1.2749416937452462
PushT,jepa_wm_pusht,54,6,frozen,frozen,-1,14047,6,1.1954883396296603
PushT,jepa_wm_pusht,55,6,frozen,frozen,-1,14047,1,0.6930853941261867
PushT,jepa_wm_pusht,55,6,frozen,frozen,-1,14047,3,0.766436312232299
PushT,jepa_wm_pusht,55,6,frozen,frozen,-1,14047,6,0.7696826150809853
PushT,jepa_wm_pusht,8,1,fidelity_constrained_latent_only,fidelity_constrained_latent_only__seed11401,11401,14047,1,1.0602880468452693
PushT,jepa_wm_pusht,8,1,fidelity_constrained_latent_only,fidelity_constrained_latent_only__seed11401,11401,14047,3,0.8311510192973396
PushT,jepa_wm_pusht,8,1,fidelity_constrained_latent_only,fidelity_constrained_latent_only__seed11401,11401,14047,6,0.7783155206302986
PushT,jepa_wm_pusht,9,1,fidelity_constrained_latent_only,fidelity_constrained_latent_only__seed11401,11401,14047,1,1.3258163933316582
PushT,jepa_wm_pusht,9,1,fidelity_constrained_latent_only,fidelity_constrained_latent_only__seed11401,11401,14047,3,0.9340864476871262
PushT,jepa_wm_pusht,9,1,fidelity_constrained_latent_only,fidelity_constrained_latent_only__seed11401,11401,14047,6,0.7800760793738684
PushT,jepa_wm_pusht,10,1,fidelity_constrained_latent_only,fidelity_constrained_latent_only__seed11401,11401,14047,1,1.3810169922545539
PushT,jepa_wm_pusht,10,1,fidelity_constrained_latent_only,fidelity_constrained_latent_only__seed11401,11401,14047,3,1.1379097063570296
PushT,jepa_wm_pusht,10,1,fidelity_constrained_latent_only,fidelity_constrained_latent_only__seed11401,11401,14047,6,1.0744425030306461
PushT,jepa_wm_pusht,11,1,fidelity_constrained_latent_only,fidelity_constrained_latent_only__seed11401,11401,14047,1,1.6236600225656443
PushT,jepa_wm_pusht,11,1,fidelity_constrained_latent_only,fidelity_constrained_latent_only__seed11401,11401,14047,3,0.9165972227065697
PushT,jepa_wm_pusht,11,1,fidelity_constrained_latent_only,fidelity_constrained_latent_only__seed11401,11401,14047,6,0.9647181504373782
PushT,jepa_wm_pusht,12,1,fidelity_constrained_latent_only,fidelity_constrained_latent_only__seed11401,11401,14047,1,1.2117794657974679
PushT,jepa_wm_pusht,12,1,fidelity_constrained_latent_only,fidelity_constrained_latent_only__seed11401,11401,14047,3,0.8594789377203034
PushT,jepa_wm_pusht,12,1,fidelity_constrained_latent_only,fidelity_constrained_latent_only__seed11401,11401,14047,6,0.8270717755636108
PushT,jepa_wm_pusht,13,1,fidelity_constrained_latent_only,fidelity_constrained_latent_only__seed11401,11401,14047,1,1.3051518800058384
PushT,jepa_wm_pusht,13,1,fidelity_constrained_latent_only,fidelity_constrained_latent_only__seed11401,11401,14047,3,0.8465506467696797
PushT,jepa_wm_pusht,13,1,fidelity_constrained_latent_only,fidelity_constrained_latent_only__seed11401,11401,14047,6,0.8232689354566608
PushT,jepa_wm_pusht,14,1,fidelity_constrained_latent_only,fidelity_constrained_latent_only__seed11401,11401,14047,1,0.4909196416233749
PushT,jepa_wm_pusht,14,1,fidelity_constrained_latent_only,fidelity_constrained_latent_only__seed11401,11401,14047,3,0.5858770590338056
PushT,jepa_wm_pusht,14,1,fidelity_constrained_latent_only,fidelity_constrained_latent_only__seed11401,11401,14047,6,0.6319475228404844
PushT,jepa_wm_pusht,15,1,fidelity_constrained_latent_only,fidelity_constrained_latent_only__seed11401,11401,14047,1,0.552396436972303
PushT,jepa_wm_pusht,15,1,fidelity_constrained_latent_only,fidelity_constrained_latent_only__seed11401,11401,14047,3,0.6694561487365867
PushT,jepa_wm_pusht,15,1,fidelity_constrained_latent_only,fidelity_constrained_latent_only__seed11401,11401,14047,6,0.6877164417408734
PushT,jepa_wm_pusht,16,2,fidelity_constrained_latent_only,fidelity_constrained_latent_only__seed11401,11401,14047,1,1.3019092377873842
PushT,jepa_wm_pusht,16,2,fidelity_constrained_latent_only,fidelity_constrained_latent_only__seed11401,11401,14047,3,1.1339217075763917
PushT,jepa_wm_pusht,16,2,fidelity_constrained_latent_only,fidelity_constrained_latent_only__seed11401,11401,14047,6,1.0740067657617844
PushT,jepa_wm_pusht,17,2,fidelity_constrained_latent_only,fidelity_constrained_latent_only__seed11401,11401,14047,1,0.6691151758424436
PushT,jepa_wm_pusht,17,2,fidelity_constrained_latent_only,fidelity_constrained_latent_only__seed11401,11401,14047,3,0.8227184991083837
PushT,jepa_wm_pusht,17,2,fidelity_constrained_latent_only,fidelity_constrained_latent_only__seed11401,11401,14047,6,0.7894483972574294
PushT,jepa_wm_pusht,18,2,fidelity_constrained_latent_only,fidelity_constrained_latent_only__seed11401,11401,14047,1,0.5863357164542181
PushT,jepa_wm_pusht,18,2,fidelity_constrained_latent_only,fidelity_constrained_latent_only__seed11401,11401,14047,3,0.5884217531282052
PushT,jepa_wm_pusht,18,2,fidelity_constrained_latent_only,fidelity_constrained_latent_only__seed11401,11401,14047,6,0.6339859858955326
PushT,jepa_wm_pusht,19,2,fidelity_constrained_latent_only,fidelity_constrained_latent_only__seed11401,11401,14047,1,0.8454444959291146
PushT,jepa_wm_pusht,19,2,fidelity_constrained_latent_only,fidelity_constrained_latent_only__seed11401,11401,14047,3,0.7407995604275673
PushT,jepa_wm_pusht,19,2,fidelity_constrained_latent_only,fidelity_constrained_latent_only__seed11401,11401,14047,6,0.6753399129817502
PushT,jepa_wm_pusht,20,2,fidelity_constrained_latent_only,fidelity_constrained_latent_only__seed11401,11401,14047,1,1.0630940764918624
PushT,jepa_wm_pusht,20,2,fidelity_constrained_latent_only,fidelity_constrained_latent_only__seed11401,11401,14047,3,0.7715836506989152
PushT,jepa_wm_pusht,20,2,fidelity_constrained_latent_only,fidelity_constrained_latent_only__seed11401,11401,14047,6,0.7357076339229321
PushT,jepa_wm_pusht,21,2,fidelity_constrained_latent_only,fidelity_constrained_latent_only__seed11401,11401,14047,1,0.6051737112320965
PushT,jepa_wm_pusht,21,2,fidelity_constrained_latent_only,fidelity_constrained_latent_only__seed11401,11401,14047,3,0.7747334532426117
PushT,jepa_wm_pusht,21,2,fidelity_constrained_latent_only,fidelity_constrained_latent_only__seed11401,11401,14047,6,0.7879178841216781
PushT,jepa_wm_pusht,22,2,fidelity_constrained_latent_only,fidelity_constrained_latent_only__seed11401,11401,14047,1,0.6490442470570833
PushT,jepa_wm_pusht,22,2,fidelity_constrained_latent_only,fidelity_constrained_latent_only__seed11401,11401,14047,3,0.7691582703951181
PushT,jepa_wm_pusht,22,2,fidelity_constrained_latent_only,fidelity_constrained_latent_only__seed11401,11401,14047,6,0.7159212329267262
PushT,jepa_wm_pusht,23,2,fidelity_constrained_latent_only,fidelity_constrained_latent_only__seed11401,11401,14047,1,0.9407808290425056
PushT,jepa_wm_pusht,23,2,fidelity_constrained_latent_only,fidelity_constrained_latent_only__seed11401,11401,14047,3,0.6496853173904911
PushT,jepa_wm_pusht,23,2,fidelity_constrained_latent_only,fidelity_constrained_latent_only__seed11401,11401,14047,6,0.660549137219254
PushT,jepa_wm_pusht,48,6,fidelity_constrained_latent_only,fidelity_constrained_latent_only__seed11401,11401,14047,1,1.7465588171297872
PushT,jepa_wm_pusht,48,6,fidelity_constrained_latent_only,fidelity_constrained_latent_only__seed11401,11401,14047,3,0.8118669415614255
PushT,jepa_wm_pusht,48,6,fidelity_constrained_latent_only,fidelity_constrained_latent_only__seed11401,11401,14047,6,0.8126730573703361
PushT,jepa_wm_pusht,49,6,fidelity_constrained_latent_only,fidelity_constrained_latent_only__seed11401,11401,14047,1,1.262924725216418
PushT,jepa_wm_pusht,49,6,fidelity_constrained_latent_only,fidelity_constrained_latent_only__seed11401,11401,14047,3,0.7395413690051245
PushT,jepa_wm_pusht,49,6,fidelity_constrained_latent_only,fidelity_constrained_latent_only__seed11401,11401,14047,6,0.6827802205558636
PushT,jepa_wm_pusht,50,6,fidelity_constrained_latent_only,fidelity_constrained_latent_only__seed11401,11401,14047,1,1.1120652678089722
PushT,jepa_wm_pusht,50,6,fidelity_constrained_latent_only,fidelity_constrained_latent_only__seed11401,11401,14047,3,0.7977807866993457
PushT,jepa_wm_pusht,50,6,fidelity_constrained_latent_only,fidelity_constrained_latent_only__seed11401,11401,14047,6,0.879963902257263
PushT,jepa_wm_pusht,51,6,fidelity_constrained_latent_only,fidelity_constrained_latent_only__seed11401,11401,14047,1,1.3020688300573828
PushT,jepa_wm_pusht,51,6,fidelity_constrained_latent_only,fidelity_constrained_latent_only__seed11401,11401,14047,3,0.8140382225997097
PushT,jepa_wm_pusht,51,6,fidelity_constrained_latent_only,fidelity_constrained_latent_only__seed11401,11401,14047,6,0.7180159369032939
PushT,jepa_wm_pusht,52,6,fidelity_constrained_latent_only,fidelity_constrained_latent_only__seed11401,11401,14047,1,0.7387253163632914
PushT,jepa_wm_pusht,52,6,fidelity_constrained_latent_only,fidelity_constrained_latent_only__seed11401,11401,14047,3,0.6920446805439161
PushT,jepa_wm_pusht,52,6,fidelity_constrained_latent_only,fidelity_constrained_latent_only__seed11401,11401,14047,6,0.6626765453760689
PushT,jepa_wm_pusht,53,6,fidelity_constrained_latent_only,fidelity_constrained_latent_only__seed11401,11401,14047,1,1.0525486201821457
PushT,jepa_wm_pusht,53,6,fidelity_constrained_latent_only,fidelity_constrained_latent_only__seed11401,11401,14047,3,0.7393615052209334
PushT,jepa_wm_pusht,53,6,fidelity_constrained_latent_only,fidelity_constrained_latent_only__seed11401,11401,14047,6,0.7367828473864834
PushT,jepa_wm_pusht,54,6,fidelity_constrained_latent_only,fidelity_constrained_latent_only__seed11401,11401,14047,1,1.452816301007733
PushT,jepa_wm_pusht,54,6,fidelity_constrained_latent_only,fidelity_constrained_latent_only__seed11401,11401,14047,3,1.260454071978213
PushT,jepa_wm_pusht,54,6,fidelity_constrained_latent_only,fidelity_constrained_latent_only__seed11401,11401,14047,6,1.150040787694144
PushT,jepa_wm_pusht,55,6,fidelity_constrained_latent_only,fidelity_constrained_latent_only__seed11401,11401,14047,1,0.6722903634999474
PushT,jepa_wm_pusht,55,6,fidelity_constrained_latent_only,fidelity_constrained_latent_only__seed11401,11401,14047,3,0.7764585399648817
PushT,jepa_wm_pusht,55,6,fidelity_constrained_latent_only,fidelity_constrained_latent_only__seed11401,11401,14047,6,0.7407572066339954
PushT,jepa_wm_pusht,8,1,fidelity_constrained_shuffled_geometry,fidelity_constrained_shuffled_geometry__seed11401,11401,14047,1,1.0539020552154807
PushT,jepa_wm_pusht,8,1,fidelity_constrained_shuffled_geometry,fidelity_constrained_shuffled_geometry__seed11401,11401,14047,3,0.875977519782813
PushT,jepa_wm_pusht,8,1,fidelity_constrained_shuffled_geometry,fidelity_constrained_shuffled_geometry__seed11401,11401,14047,6,0.8323323878268247
PushT,jepa_wm_pusht,9,1,fidelity_constrained_shuffled_geometry,fidelity_constrained_shuffled_geometry__seed11401,11401,14047,1,1.3387202329671468
PushT,jepa_wm_pusht,9,1,fidelity_constrained_shuffled_geometry,fidelity_constrained_shuffled_geometry__seed11401,11401,14047,3,0.9699765810768463
PushT,jepa_wm_pusht,9,1,fidelity_constrained_shuffled_geometry,fidelity_constrained_shuffled_geometry__seed11401,11401,14047,6,0.8200399762871287
PushT,jepa_wm_pusht,10,1,fidelity_constrained_shuffled_geometry,fidelity_constrained_shuffled_geometry__seed11401,11401,14047,1,1.4074235744939447
PushT,jepa_wm_pusht,10,1,fidelity_constrained_shuffled_geometry,fidelity_constrained_shuffled_geometry__seed11401,11401,14047,3,1.1150906919106478
PushT,jepa_wm_pusht,10,1,fidelity_constrained_shuffled_geometry,fidelity_constrained_shuffled_geometry__seed11401,11401,14047,6,1.0572967924379202
PushT,jepa_wm_pusht,11,1,fidelity_constrained_shuffled_geometry,fidelity_constrained_shuffled_geometry__seed11401,11401,14047,1,1.5896378113872454
PushT,jepa_wm_pusht,11,1,fidelity_constrained_shuffled_geometry,fidelity_constrained_shuffled_geometry__seed11401,11401,14047,3,0.8909532689177482
PushT,jepa_wm_pusht,11,1,fidelity_constrained_shuffled_geometry,fidelity_constrained_shuffled_geometry__seed11401,11401,14047,6,0.9090842710707054
PushT,jepa_wm_pusht,12,1,fidelity_constrained_shuffled_geometry,fidelity_constrained_shuffled_geometry__seed11401,11401,14047,1,1.2058294885147522
PushT,jepa_wm_pusht,12,1,fidelity_constrained_shuffled_geometry,fidelity_constrained_shuffled_geometry__seed11401,11401,14047,3,0.8925810114524266
PushT,jepa_wm_pusht,12,1,fidelity_constrained_shuffled_geometry,fidelity_constrained_shuffled_geometry__seed11401,11401,14047,6,0.7790615131964662
PushT,jepa_wm_pusht,13,1,fidelity_constrained_shuffled_geometry,fidelity_constrained_shuffled_geometry__seed11401,11401,14047,1,1.311205070302414
PushT,jepa_wm_pusht,13,1,fidelity_constrained_shuffled_geometry,fidelity_constrained_shuffled_geometry__seed11401,11401,14047,3,0.8939860179384193
PushT,jepa_wm_pusht,13,1,fidelity_constrained_shuffled_geometry,fidelity_constrained_shuffled_geometry__seed11401,11401,14047,6,0.8333437142533181
PushT,jepa_wm_pusht,14,1,fidelity_constrained_shuffled_geometry,fidelity_constrained_shuffled_geometry__seed11401,11401,14047,1,0.49290967121516965
PushT,jepa_wm_pusht,14,1,fidelity_constrained_shuffled_geometry,fidelity_constrained_shuffled_geometry__seed11401,11401,14047,3,0.6307372262913937
PushT,jepa_wm_pusht,14,1,fidelity_constrained_shuffled_geometry,fidelity_constrained_shuffled_geometry__seed11401,11401,14047,6,0.6884355187629345
PushT,jepa_wm_pusht,15,1,fidelity_constrained_shuffled_geometry,fidelity_constrained_shuffled_geometry__seed11401,11401,14047,1,0.5831300861989582
PushT,jepa_wm_pusht,15,1,fidelity_constrained_shuffled_geometry,fidelity_constrained_shuffled_geometry__seed11401,11401,14047,3,0.7491975220804683
PushT,jepa_wm_pusht,15,1,fidelity_constrained_shuffled_geometry,fidelity_constrained_shuffled_geometry__seed11401,11401,14047,6,0.7691561211182605
PushT,jepa_wm_pusht,16,2,fidelity_constrained_shuffled_geometry,fidelity_constrained_shuffled_geometry__seed11401,11401,14047,1,1.3304608406510592
PushT,jepa_wm_pusht,16,2,fidelity_constrained_shuffled_geometry,fidelity_constrained_shuffled_geometry__seed11401,11401,14047,3,1.153225193325639
PushT,jepa_wm_pusht,16,2,fidelity_constrained_shuffled_geometry,fidelity_constrained_shuffled_geometry__seed11401,11401,14047,6,1.079774155311541
PushT,jepa_wm_pusht,17,2,fidelity_constrained_shuffled_geometry,fidelity_constrained_shuffled_geometry__seed11401,11401,14047,1,0.6618157413768421
PushT,jepa_wm_pusht,17,2,fidelity_constrained_shuffled_geometry,fidelity_constrained_shuffled_geometry__seed11401,11401,14047,3,0.8457257835760522
PushT,jepa_wm_pusht,17,2,fidelity_constrained_shuffled_geometry,fidelity_constrained_shuffled_geometry__seed11401,11401,14047,6,0.7749291032625027
PushT,jepa_wm_pusht,18,2,fidelity_constrained_shuffled_geometry,fidelity_constrained_shuffled_geometry__seed11401,11401,14047,1,0.6072773825399488
PushT,jepa_wm_pusht,18,2,fidelity_constrained_shuffled_geometry,fidelity_constrained_shuffled_geometry__seed11401,11401,14047,3,0.6483868682242377
PushT,jepa_wm_pusht,18,2,fidelity_constrained_shuffled_geometry,fidelity_constrained_shuffled_geometry__seed11401,11401,14047,6,0.7131950537343864
PushT,jepa_wm_pusht,19,2,fidelity_constrained_shuffled_geometry,fidelity_constrained_shuffled_geometry__seed11401,11401,14047,1,0.8502554403946669
PushT,jepa_wm_pusht,19,2,fidelity_constrained_shuffled_geometry,fidelity_constrained_shuffled_geometry__seed11401,11401,14047,3,0.8042232708536897
PushT,jepa_wm_pusht,19,2,fidelity_constrained_shuffled_geometry,fidelity_constrained_shuffled_geometry__seed11401,11401,14047,6,0.7429057930787077
PushT,jepa_wm_pusht,20,2,fidelity_constrained_shuffled_geometry,fidelity_constrained_shuffled_geometry__seed11401,11401,14047,1,1.079180388700142
PushT,jepa_wm_pusht,20,2,fidelity_constrained_shuffled_geometry,fidelity_constrained_shuffled_geometry__seed11401,11401,14047,3,0.8250854015678396
PushT,jepa_wm_pusht,20,2,fidelity_constrained_shuffled_geometry,fidelity_constrained_shuffled_geometry__seed11401,11401,14047,6,0.7379209451265422
PushT,jepa_wm_pusht,21,2,fidelity_constrained_shuffled_geometry,fidelity_constrained_shuffled_geometry__seed11401,11401,14047,1,0.6188067998790949
PushT,jepa_wm_pusht,21,2,fidelity_constrained_shuffled_geometry,fidelity_constrained_shuffled_geometry__seed11401,11401,14047,3,0.8134370332708898
PushT,jepa_wm_pusht,21,2,fidelity_constrained_shuffled_geometry,fidelity_constrained_shuffled_geometry__seed11401,11401,14047,6,0.8493717554360882
PushT,jepa_wm_pusht,22,2,fidelity_constrained_shuffled_geometry,fidelity_constrained_shuffled_geometry__seed11401,11401,14047,1,0.6620523674111727
PushT,jepa_wm_pusht,22,2,fidelity_constrained_shuffled_geometry,fidelity_constrained_shuffled_geometry__seed11401,11401,14047,3,0.838966303635874
PushT,jepa_wm_pusht,22,2,fidelity_constrained_shuffled_geometry,fidelity_constrained_shuffled_geometry__seed11401,11401,14047,6,0.7715426406490308
PushT,jepa_wm_pusht,23,2,fidelity_constrained_shuffled_geometry,fidelity_constrained_shuffled_geometry__seed11401,11401,14047,1,0.9794543664518021
PushT,jepa_wm_pusht,23,2,fidelity_constrained_shuffled_geometry,fidelity_constrained_shuffled_geometry__seed11401,11401,14047,3,0.6872384927647031
PushT,jepa_wm_pusht,23,2,fidelity_constrained_shuffled_geometry,fidelity_constrained_shuffled_geometry__seed11401,11401,14047,6,0.7715375019665184
PushT,jepa_wm_pusht,48,6,fidelity_constrained_shuffled_geometry,fidelity_constrained_shuffled_geometry__seed11401,11401,14047,1,1.7264329525136828
PushT,jepa_wm_pusht,48,6,fidelity_constrained_shuffled_geometry,fidelity_constrained_shuffled_geometry__seed11401,11401,14047,3,0.8005106310845443
PushT,jepa_wm_pusht,48,6,fidelity_constrained_shuffled_geometry,fidelity_constrained_shuffled_geometry__seed11401,11401,14047,6,0.7950229413600451
PushT,jepa_wm_pusht,49,6,fidelity_constrained_shuffled_geometry,fidelity_constrained_shuffled_geometry__seed11401,11401,14047,1,1.261989425388102
PushT,jepa_wm_pusht,49,6,fidelity_constrained_shuffled_geometry,fidelity_constrained_shuffled_geometry__seed11401,11401,14047,3,0.7903219547419224
PushT,jepa_wm_pusht,49,6,fidelity_constrained_shuffled_geometry,fidelity_constrained_shuffled_geometry__seed11401,11401,14047,6,0.703108176932812
PushT,jepa_wm_pusht,50,6,fidelity_constrained_shuffled_geometry,fidelity_constrained_shuffled_geometry__seed11401,11401,14047,1,1.1302000872582756
PushT,jepa_wm_pusht,50,6,fidelity_constrained_shuffled_geometry,fidelity_constrained_shuffled_geometry__seed11401,11401,14047,3,0.8381676204438612
PushT,jepa_wm_pusht,50,6,fidelity_constrained_shuffled_geometry,fidelity_constrained_shuffled_geometry__seed11401,11401,14047,6,1.0019210426663532
PushT,jepa_wm_pusht,51,6,fidelity_constrained_shuffled_geometry,fidelity_constrained_shuffled_geometry__seed11401,11401,14047,1,1.3445239410451282
PushT,jepa_wm_pusht,51,6,fidelity_constrained_shuffled_geometry,fidelity_constrained_shuffled_geometry__seed11401,11401,14047,3,0.8548571920074562
PushT,jepa_wm_pusht,51,6,fidelity_constrained_shuffled_geometry,fidelity_constrained_shuffled_geometry__seed11401,11401,14047,6,0.7899850039650369
PushT,jepa_wm_pusht,52,6,fidelity_constrained_shuffled_geometry,fidelity_constrained_shuffled_geometry__seed11401,11401,14047,1,0.7433622046869807
PushT,jepa_wm_pusht,52,6,fidelity_constrained_shuffled_geometry,fidelity_constrained_shuffled_geometry__seed11401,11401,14047,3,0.7561715567920481
PushT,jepa_wm_pusht,52,6,fidelity_constrained_shuffled_geometry,fidelity_constrained_shuffled_geometry__seed11401,11401,14047,6,0.7379954250579729
PushT,jepa_wm_pusht,53,6,fidelity_constrained_shuffled_geometry,fidelity_constrained_shuffled_geometry__seed11401,11401,14047,1,1.0578746369381435
PushT,jepa_wm_pusht,53,6,fidelity_constrained_shuffled_geometry,fidelity_constrained_shuffled_geometry__seed11401,11401,14047,3,0.7911931421160437
PushT,jepa_wm_pusht,53,6,fidelity_constrained_shuffled_geometry,fidelity_constrained_shuffled_geometry__seed11401,11401,14047,6,0.7892504049092088
PushT,jepa_wm_pusht,54,6,fidelity_constrained_shuffled_geometry,fidelity_constrained_shuffled_geometry__seed11401,11401,14047,1,1.431046698296188
PushT,jepa_wm_pusht,54,6,fidelity_constrained_shuffled_geometry,fidelity_constrained_shuffled_geometry__seed11401,11401,14047,3,1.2390360860784941
PushT,jepa_wm_pusht,54,6,fidelity_constrained_shuffled_geometry,fidelity_constrained_shuffled_geometry__seed11401,11401,14047,6,1.1307844244379517
PushT,jepa_wm_pusht,55,6,fidelity_constrained_shuffled_geometry,fidelity_constrained_shuffled_geometry__seed11401,11401,14047,1,0.682831384166848
PushT,jepa_wm_pusht,55,6,fidelity_constrained_shuffled_geometry,fidelity_constrained_shuffled_geometry__seed11401,11401,14047,3,0.8050542284534357
PushT,jepa_wm_pusht,55,6,fidelity_constrained_shuffled_geometry,fidelity_constrained_shuffled_geometry__seed11401,11401,14047,6,0.7145575421743862
PushT,jepa_wm_pusht,8,1,fidelity_constrained_matched_geometry,fidelity_constrained_matched_geometry__seed11401,11401,14047,1,1.050852548969735
PushT,jepa_wm_pusht,8,1,fidelity_constrained_matched_geometry,fidelity_constrained_matched_geometry__seed11401,11401,14047,3,0.8428750241931553
PushT,jepa_wm_pusht,8,1,fidelity_constrained_matched_geometry,fidelity_constrained_matched_geometry__seed11401,11401,14047,6,0.7756340189090398
PushT,jepa_wm_pusht,9,1,fidelity_constrained_matched_geometry,fidelity_constrained_matched_geometry__seed11401,11401,14047,1,1.331318987443035
PushT,jepa_wm_pusht,9,1,fidelity_constrained_matched_geometry,fidelity_constrained_matched_geometry__seed11401,11401,14047,3,0.9193351947832789
PushT,jepa_wm_pusht,9,1,fidelity_constrained_matched_geometry,fidelity_constrained_matched_geometry__seed11401,11401,14047,6,0.7690027844128732
PushT,jepa_wm_pusht,10,1,fidelity_constrained_matched_geometry,fidelity_constrained_matched_geometry__seed11401,11401,14047,1,1.3927057416305682
PushT,jepa_wm_pusht,10,1,fidelity_constrained_matched_geometry,fidelity_constrained_matched_geometry__seed11401,11401,14047,3,1.1110866413573899
PushT,jepa_wm_pusht,10,1,fidelity_constrained_matched_geometry,fidelity_constrained_matched_geometry__seed11401,11401,14047,6,1.0528217698045401
PushT,jepa_wm_pusht,11,1,fidelity_constrained_matched_geometry,fidelity_constrained_matched_geometry__seed11401,11401,14047,1,1.577641350788123
PushT,jepa_wm_pusht,11,1,fidelity_constrained_matched_geometry,fidelity_constrained_matched_geometry__seed11401,11401,14047,3,0.8905475554903819
PushT,jepa_wm_pusht,11,1,fidelity_constrained_matched_geometry,fidelity_constrained_matched_geometry__seed11401,11401,14047,6,0.9115556030642514
PushT,jepa_wm_pusht,12,1,fidelity_constrained_matched_geometry,fidelity_constrained_matched_geometry__seed11401,11401,14047,1,1.1853573150720855
PushT,jepa_wm_pusht,12,1,fidelity_constrained_matched_geometry,fidelity_constrained_matched_geometry__seed11401,11401,14047,3,0.8585103674837065
PushT,jepa_wm_pusht,12,1,fidelity_constrained_matched_geometry,fidelity_constrained_matched_geometry__seed11401,11401,14047,6,0.7833252891589779
PushT,jepa_wm_pusht,13,1,fidelity_constrained_matched_geometry,fidelity_constrained_matched_geometry__seed11401,11401,14047,1,1.3006319472293109
PushT,jepa_wm_pusht,13,1,fidelity_constrained_matched_geometry,fidelity_constrained_matched_geometry__seed11401,11401,14047,3,0.8533412206095439
PushT,jepa_wm_pusht,13,1,fidelity_constrained_matched_geometry,fidelity_constrained_matched_geometry__seed11401,11401,14047,6,0.8162541631085222
PushT,jepa_wm_pusht,14,1,fidelity_constrained_matched_geometry,fidelity_constrained_matched_geometry__seed11401,11401,14047,1,0.4893959551905981
PushT,jepa_wm_pusht,14,1,fidelity_constrained_matched_geometry,fidelity_constrained_matched_geometry__seed11401,11401,14047,3,0.5842097580394345
PushT,jepa_wm_pusht,14,1,fidelity_constrained_matched_geometry,fidelity_constrained_matched_geometry__seed11401,11401,14047,6,0.6182428224518294
PushT,jepa_wm_pusht,15,1,fidelity_constrained_matched_geometry,fidelity_constrained_matched_geometry__seed11401,11401,14047,1,0.5570264985222586
PushT,jepa_wm_pusht,15,1,fidelity_constrained_matched_geometry,fidelity_constrained_matched_geometry__seed11401,11401,14047,3,0.6767077257846863
PushT,jepa_wm_pusht,15,1,fidelity_constrained_matched_geometry,fidelity_constrained_matched_geometry__seed11401,11401,14047,6,0.692933313635384
PushT,jepa_wm_pusht,16,2,fidelity_constrained_matched_geometry,fidelity_constrained_matched_geometry__seed11401,11401,14047,1,1.2900370114375814
PushT,jepa_wm_pusht,16,2,fidelity_constrained_matched_geometry,fidelity_constrained_matched_geometry__seed11401,11401,14047,3,1.1086523155164338
PushT,jepa_wm_pusht,16,2,fidelity_constrained_matched_geometry,fidelity_constrained_matched_geometry__seed11401,11401,14047,6,1.0356626472116093
PushT,jepa_wm_pusht,17,2,fidelity_constrained_matched_geometry,fidelity_constrained_matched_geometry__seed11401,11401,14047,1,0.6606398236432525
PushT,jepa_wm_pusht,17,2,fidelity_constrained_matched_geometry,fidelity_constrained_matched_geometry__seed11401,11401,14047,3,0.8138087409911426
PushT,jepa_wm_pusht,17,2,fidelity_constrained_matched_geometry,fidelity_constrained_matched_geometry__seed11401,11401,14047,6,0.7784330605541667
PushT,jepa_wm_pusht,18,2,fidelity_constrained_matched_geometry,fidelity_constrained_matched_geometry__seed11401,11401,14047,1,0.5895405146898477
PushT,jepa_wm_pusht,18,2,fidelity_constrained_matched_geometry,fidelity_constrained_matched_geometry__seed11401,11401,14047,3,0.5943459877691115
PushT,jepa_wm_pusht,18,2,fidelity_constrained_matched_geometry,fidelity_constrained_matched_geometry__seed11401,11401,14047,6,0.6443288182399938
PushT,jepa_wm_pusht,19,2,fidelity_constrained_matched_geometry,fidelity_constrained_matched_geometry__seed11401,11401,14047,1,0.8451103125867092
PushT,jepa_wm_pusht,19,2,fidelity_constrained_matched_geometry,fidelity_constrained_matched_geometry__seed11401,11401,14047,3,0.7620385063488576
PushT,jepa_wm_pusht,19,2,fidelity_constrained_matched_geometry,fidelity_constrained_matched_geometry__seed11401,11401,14047,6,0.6824301638441389
PushT,jepa_wm_pusht,20,2,fidelity_constrained_matched_geometry,fidelity_constrained_matched_geometry__seed11401,11401,14047,1,1.0597402793280453
PushT,jepa_wm_pusht,20,2,fidelity_constrained_matched_geometry,fidelity_constrained_matched_geometry__seed11401,11401,14047,3,0.7841350500390688
PushT,jepa_wm_pusht,20,2,fidelity_constrained_matched_geometry,fidelity_constrained_matched_geometry__seed11401,11401,14047,6,0.7164708386792862
PushT,jepa_wm_pusht,21,2,fidelity_constrained_matched_geometry,fidelity_constrained_matched_geometry__seed11401,11401,14047,1,0.6053578588253109
PushT,jepa_wm_pusht,21,2,fidelity_constrained_matched_geometry,fidelity_constrained_matched_geometry__seed11401,11401,14047,3,0.7776496723768127
PushT,jepa_wm_pusht,21,2,fidelity_constrained_matched_geometry,fidelity_constrained_matched_geometry__seed11401,11401,14047,6,0.7928256992555545
PushT,jepa_wm_pusht,22,2,fidelity_constrained_matched_geometry,fidelity_constrained_matched_geometry__seed11401,11401,14047,1,0.6452019391847255
PushT,jepa_wm_pusht,22,2,fidelity_constrained_matched_geometry,fidelity_constrained_matched_geometry__seed11401,11401,14047,3,0.7553666833814539
PushT,jepa_wm_pusht,22,2,fidelity_constrained_matched_geometry,fidelity_constrained_matched_geometry__seed11401,11401,14047,6,0.7100867109405481
PushT,jepa_wm_pusht,23,2,fidelity_constrained_matched_geometry,fidelity_constrained_matched_geometry__seed11401,11401,14047,1,0.9447239661210783
PushT,jepa_wm_pusht,23,2,fidelity_constrained_matched_geometry,fidelity_constrained_matched_geometry__seed11401,11401,14047,3,0.6499636611847728
PushT,jepa_wm_pusht,23,2,fidelity_constrained_matched_geometry,fidelity_constrained_matched_geometry__seed11401,11401,14047,6,0.654117528426637
PushT,jepa_wm_pusht,48,6,fidelity_constrained_matched_geometry,fidelity_constrained_matched_geometry__seed11401,11401,14047,1,1.7212007220051415
PushT,jepa_wm_pusht,48,6,fidelity_constrained_matched_geometry,fidelity_constrained_matched_geometry__seed11401,11401,14047,3,0.787193017323473
PushT,jepa_wm_pusht,48,6,fidelity_constrained_matched_geometry,fidelity_constrained_matched_geometry__seed11401,11401,14047,6,0.7578373903567945
PushT,jepa_wm_pusht,49,6,fidelity_constrained_matched_geometry,fidelity_constrained_matched_geometry__seed11401,11401,14047,1,1.2561549192638806
PushT,jepa_wm_pusht,49,6,fidelity_constrained_matched_geometry,fidelity_constrained_matched_geometry__seed11401,11401,14047,3,0.7606666079300415
PushT,jepa_wm_pusht,49,6,fidelity_constrained_matched_geometry,fidelity_constrained_matched_geometry__seed11401,11401,14047,6,0.6700095061590239
PushT,jepa_wm_pusht,50,6,fidelity_constrained_matched_geometry,fidelity_constrained_matched_geometry__seed11401,11401,14047,1,1.1074751292204836
PushT,jepa_wm_pusht,50,6,fidelity_constrained_matched_geometry,fidelity_constrained_matched_geometry__seed11401,11401,14047,3,0.7803517293470128
PushT,jepa_wm_pusht,50,6,fidelity_constrained_matched_geometry,fidelity_constrained_matched_geometry__seed11401,11401,14047,6,0.8279935696562564
PushT,jepa_wm_pusht,51,6,fidelity_constrained_matched_geometry,fidelity_constrained_matched_geometry__seed11401,11401,14047,1,1.3083841754785002
PushT,jepa_wm_pusht,51,6,fidelity_constrained_matched_geometry,fidelity_constrained_matched_geometry__seed11401,11401,14047,3,0.8056876350465886
PushT,jepa_wm_pusht,51,6,fidelity_constrained_matched_geometry,fidelity_constrained_matched_geometry__seed11401,11401,14047,6,0.719743924908035
PushT,jepa_wm_pusht,52,6,fidelity_constrained_matched_geometry,fidelity_constrained_matched_geometry__seed11401,11401,14047,1,0.7347865866681541
PushT,jepa_wm_pusht,52,6,fidelity_constrained_matched_geometry,fidelity_constrained_matched_geometry__seed11401,11401,14047,3,0.7037412574524706
PushT,jepa_wm_pusht,52,6,fidelity_constrained_matched_geometry,fidelity_constrained_matched_geometry__seed11401,11401,14047,6,0.6687425703944129
PushT,jepa_wm_pusht,53,6,fidelity_constrained_matched_geometry,fidelity_constrained_matched_geometry__seed11401,11401,14047,1,1.0460536982846969
PushT,jepa_wm_pusht,53,6,fidelity_constrained_matched_geometry,fidelity_constrained_matched_geometry__seed11401,11401,14047,3,0.74771740219566
PushT,jepa_wm_pusht,53,6,fidelity_constrained_matched_geometry,fidelity_constrained_matched_geometry__seed11401,11401,14047,6,0.7240021240243493
PushT,jepa_wm_pusht,54,6,fidelity_constrained_matched_geometry,fidelity_constrained_matched_geometry__seed11401,11401,14047,1,1.4358480274424177
PushT,jepa_wm_pusht,54,6,fidelity_constrained_matched_geometry,fidelity_constrained_matched_geometry__seed11401,11401,14047,3,1.2422818598005425
PushT,jepa_wm_pusht,54,6,fidelity_constrained_matched_geometry,fidelity_constrained_matched_geometry__seed11401,11401,14047,6,1.1280059409487058
PushT,jepa_wm_pusht,55,6,fidelity_constrained_matched_geometry,fidelity_constrained_matched_geometry__seed11401,11401,14047,1,0.6692193550783173
PushT,jepa_wm_pusht,55,6,fidelity_constrained_matched_geometry,fidelity_constrained_matched_geometry__seed11401,11401,14047,3,0.7624092601257053
PushT,jepa_wm_pusht,55,6,fidelity_constrained_matched_geometry,fidelity_constrained_matched_geometry__seed11401,11401,14047,6,0.696869725128276
PushT,jepa_wm_pusht,8,1,fidelity_constrained_latent_only,fidelity_constrained_latent_only__seed11419,11419,14047,1,1.0598862072665893
PushT,jepa_wm_pusht,8,1,fidelity_constrained_latent_only,fidelity_constrained_latent_only__seed11419,11419,14047,3,0.8285984801477478
PushT,jepa_wm_pusht,8,1,fidelity_constrained_latent_only,fidelity_constrained_latent_only__seed11419,11419,14047,6,0.7755975524229421
PushT,jepa_wm_pusht,9,1,fidelity_constrained_latent_only,fidelity_constrained_latent_only__seed11419,11419,14047,1,1.324739891271342
PushT,jepa_wm_pusht,9,1,fidelity_constrained_latent_only,fidelity_constrained_latent_only__seed11419,11419,14047,3,0.943326731367312
PushT,jepa_wm_pusht,9,1,fidelity_constrained_latent_only,fidelity_constrained_latent_only__seed11419,11419,14047,6,0.784615428007968
PushT,jepa_wm_pusht,10,1,fidelity_constrained_latent_only,fidelity_constrained_latent_only__seed11419,11419,14047,1,1.3825809583404576
PushT,jepa_wm_pusht,10,1,fidelity_constrained_latent_only,fidelity_constrained_latent_only__seed11419,11419,14047,3,1.1357590409001193
PushT,jepa_wm_pusht,10,1,fidelity_constrained_latent_only,fidelity_constrained_latent_only__seed11419,11419,14047,6,1.073390934212849
PushT,jepa_wm_pusht,11,1,fidelity_constrained_latent_only,fidelity_constrained_latent_only__seed11419,11419,14047,1,1.6188072816861125
PushT,jepa_wm_pusht,11,1,fidelity_constrained_latent_only,fidelity_constrained_latent_only__seed11419,11419,14047,3,0.9148358554637241
PushT,jepa_wm_pusht,11,1,fidelity_constrained_latent_only,fidelity_constrained_latent_only__seed11419,11419,14047,6,0.9664718922455653
PushT,jepa_wm_pusht,12,1,fidelity_constrained_latent_only,fidelity_constrained_latent_only__seed11419,11419,14047,1,1.2118851864391968
PushT,jepa_wm_pusht,12,1,fidelity_constrained_latent_only,fidelity_constrained_latent_only__seed11419,11419,14047,3,0.858142875387839
PushT,jepa_wm_pusht,12,1,fidelity_constrained_latent_only,fidelity_constrained_latent_only__seed11419,11419,14047,6,0.8171277076212962
PushT,jepa_wm_pusht,13,1,fidelity_constrained_latent_only,fidelity_constrained_latent_only__seed11419,11419,14047,1,1.3048610868189716
PushT,jepa_wm_pusht,13,1,fidelity_constrained_latent_only,fidelity_constrained_latent_only__seed11419,11419,14047,3,0.8502719267134702
PushT,jepa_wm_pusht,13,1,fidelity_constrained_latent_only,fidelity_constrained_latent_only__seed11419,11419,14047,6,0.8254461882549293
PushT,jepa_wm_pusht,14,1,fidelity_constrained_latent_only,fidelity_constrained_latent_only__seed11419,11419,14047,1,0.48840839032358996
PushT,jepa_wm_pusht,14,1,fidelity_constrained_latent_only,fidelity_constrained_latent_only__seed11419,11419,14047,3,0.5850650087829768
PushT,jepa_wm_pusht,14,1,fidelity_constrained_latent_only,fidelity_constrained_latent_only__seed11419,11419,14047,6,0.6326044179451433
PushT,jepa_wm_pusht,15,1,fidelity_constrained_latent_only,fidelity_constrained_latent_only__seed11419,11419,14047,1,0.5549646957862959
PushT,jepa_wm_pusht,15,1,fidelity_constrained_latent_only,fidelity_constrained_latent_only__seed11419,11419,14047,3,0.6700235076743901
PushT,jepa_wm_pusht,15,1,fidelity_constrained_latent_only,fidelity_constrained_latent_only__seed11419,11419,14047,6,0.6912909526688356
PushT,jepa_wm_pusht,16,2,fidelity_constrained_latent_only,fidelity_constrained_latent_only__seed11419,11419,14047,1,1.307454543022583
PushT,jepa_wm_pusht,16,2,fidelity_constrained_latent_only,fidelity_constrained_latent_only__seed11419,11419,14047,3,1.1394922849461415
PushT,jepa_wm_pusht,16,2,fidelity_constrained_latent_only,fidelity_constrained_latent_only__seed11419,11419,14047,6,1.0944115814931281
PushT,jepa_wm_pusht,17,2,fidelity_constrained_latent_only,fidelity_constrained_latent_only__seed11419,11419,14047,1,0.669348225234551
PushT,jepa_wm_pusht,17,2,fidelity_constrained_latent_only,fidelity_constrained_latent_only__seed11419,11419,14047,3,0.8221579315708514
PushT,jepa_wm_pusht,17,2,fidelity_constrained_latent_only,fidelity_constrained_latent_only__seed11419,11419,14047,6,0.7916019683092976
PushT,jepa_wm_pusht,18,2,fidelity_constrained_latent_only,fidelity_constrained_latent_only__seed11419,11419,14047,1,0.587316967979821
PushT,jepa_wm_pusht,18,2,fidelity_constrained_latent_only,fidelity_constrained_latent_only__seed11419,11419,14047,3,0.5905396473491723
PushT,jepa_wm_pusht,18,2,fidelity_constrained_latent_only,fidelity_constrained_latent_only__seed11419,11419,14047,6,0.6371983764899593
PushT,jepa_wm_pusht,19,2,fidelity_constrained_latent_only,fidelity_constrained_latent_only__seed11419,11419,14047,1,0.8440869455004323
PushT,jepa_wm_pusht,19,2,fidelity_constrained_latent_only,fidelity_constrained_latent_only__seed11419,11419,14047,3,0.7410427830396284
PushT,jepa_wm_pusht,19,2,fidelity_constrained_latent_only,fidelity_constrained_latent_only__seed11419,11419,14047,6,0.6782298978674541
PushT,jepa_wm_pusht,20,2,fidelity_constrained_latent_only,fidelity_constrained_latent_only__seed11419,11419,14047,1,1.0640135932199004
PushT,jepa_wm_pusht,20,2,fidelity_constrained_latent_only,fidelity_constrained_latent_only__seed11419,11419,14047,3,0.7717706017462374
PushT,jepa_wm_pusht,20,2,fidelity_constrained_latent_only,fidelity_constrained_latent_only__seed11419,11419,14047,6,0.7390359679729207
PushT,jepa_wm_pusht,21,2,fidelity_constrained_latent_only,fidelity_constrained_latent_only__seed11419,11419,14047,1,0.6040806122274724
PushT,jepa_wm_pusht,21,2,fidelity_constrained_latent_only,fidelity_constrained_latent_only__seed11419,11419,14047,3,0.7765721787020686
PushT,jepa_wm_pusht,21,2,fidelity_constrained_latent_only,fidelity_constrained_latent_only__seed11419,11419,14047,6,0.7901097773805247
PushT,jepa_wm_pusht,22,2,fidelity_constrained_latent_only,fidelity_constrained_latent_only__seed11419,11419,14047,1,0.6478613680356068
PushT,jepa_wm_pusht,22,2,fidelity_constrained_latent_only,fidelity_constrained_latent_only__seed11419,11419,14047,3,0.770711129252319
PushT,jepa_wm_pusht,22,2,fidelity_constrained_latent_only,fidelity_constrained_latent_only__seed11419,11419,14047,6,0.7211972744143661
PushT,jepa_wm_pusht,23,2,fidelity_constrained_latent_only,fidelity_constrained_latent_only__seed11419,11419,14047,1,0.9422683094942167
PushT,jepa_wm_pusht,23,2,fidelity_constrained_latent_only,fidelity_constrained_latent_only__seed11419,11419,14047,3,0.6503611369726986
PushT,jepa_wm_pusht,23,2,fidelity_constrained_latent_only,fidelity_constrained_latent_only__seed11419,11419,14047,6,0.6600976658702006
PushT,jepa_wm_pusht,48,6,fidelity_constrained_latent_only,fidelity_constrained_latent_only__seed11419,11419,14047,1,1.7465854496218864
PushT,jepa_wm_pusht,48,6,fidelity_constrained_latent_only,fidelity_constrained_latent_only__seed11419,11419,14047,3,0.8069873956185235
PushT,jepa_wm_pusht,48,6,fidelity_constrained_latent_only,fidelity_constrained_latent_only__seed11419,11419,14047,6,0.8038545046476107
PushT,jepa_wm_pusht,49,6,fidelity_constrained_latent_only,fidelity_constrained_latent_only__seed11419,11419,14047,1,1.2657258269604155
PushT,jepa_wm_pusht,49,6,fidelity_constrained_latent_only,fidelity_constrained_latent_only__seed11419,11419,14047,3,0.7405475977317189
PushT,jepa_wm_pusht,49,6,fidelity_constrained_latent_only,fidelity_constrained_latent_only__seed11419,11419,14047,6,0.6819809617408553
PushT,jepa_wm_pusht,50,6,fidelity_constrained_latent_only,fidelity_constrained_latent_only__seed11419,11419,14047,1,1.1130906741103288
PushT,jepa_wm_pusht,50,6,fidelity_constrained_latent_only,fidelity_constrained_latent_only__seed11419,11419,14047,3,0.7991659302825093
PushT,jepa_wm_pusht,50,6,fidelity_constrained_latent_only,fidelity_constrained_latent_only__seed11419,11419,14047,6,0.8851404795357511
PushT,jepa_wm_pusht,51,6,fidelity_constrained_latent_only,fidelity_constrained_latent_only__seed11419,11419,14047,1,1.303805520086932
PushT,jepa_wm_pusht,51,6,fidelity_constrained_latent_only,fidelity_constrained_latent_only__seed11419,11419,14047,3,0.815838428803156
PushT,jepa_wm_pusht,51,6,fidelity_constrained_latent_only,fidelity_constrained_latent_only__seed11419,11419,14047,6,0.7194233063991612
PushT,jepa_wm_pusht,52,6,fidelity_constrained_latent_only,fidelity_constrained_latent_only__seed11419,11419,14047,1,0.742539619496905
PushT,jepa_wm_pusht,52,6,fidelity_constrained_latent_only,fidelity_constrained_latent_only__seed11419,11419,14047,3,0.6908811541265594
PushT,jepa_wm_pusht,52,6,fidelity_constrained_latent_only,fidelity_constrained_latent_only__seed11419,11419,14047,6,0.6629932542507974
PushT,jepa_wm_pusht,53,6,fidelity_constrained_latent_only,fidelity_constrained_latent_only__seed11419,11419,14047,1,1.0519819796364238
PushT,jepa_wm_pusht,53,6,fidelity_constrained_latent_only,fidelity_constrained_latent_only__seed11419,11419,14047,3,0.7398925030322981
PushT,jepa_wm_pusht,53,6,fidelity_constrained_latent_only,fidelity_constrained_latent_only__seed11419,11419,14047,6,0.7372161979558145
PushT,jepa_wm_pusht,54,6,fidelity_constrained_latent_only,fidelity_constrained_latent_only__seed11419,11419,14047,1,1.44936502529336
PushT,jepa_wm_pusht,54,6,fidelity_constrained_latent_only,fidelity_constrained_latent_only__seed11419,11419,14047,3,1.2572300530536369
PushT,jepa_wm_pusht,54,6,fidelity_constrained_latent_only,fidelity_constrained_latent_only__seed11419,11419,14047,6,1.1491004729640455
PushT,jepa_wm_pusht,55,6,fidelity_constrained_latent_only,fidelity_constrained_latent_only__seed11419,11419,14047,1,0.672248305262418
PushT,jepa_wm_pusht,55,6,fidelity_constrained_latent_only,fidelity_constrained_latent_only__seed11419,11419,14047,3,0.7750770619460313
PushT,jepa_wm_pusht,55,6,fidelity_constrained_latent_only,fidelity_constrained_latent_only__seed11419,11419,14047,6,0.7391387369850639
PushT,jepa_wm_pusht,8,1,fidelity_constrained_shuffled_geometry,fidelity_constrained_shuffled_geometry__seed11419,11419,14047,1,1.053508548687701
PushT,jepa_wm_pusht,8,1,fidelity_constrained_shuffled_geometry,fidelity_constrained_shuffled_geometry__seed11419,11419,14047,3,0.8764626990951739
PushT,jepa_wm_pusht,8,1,fidelity_constrained_shuffled_geometry,fidelity_constrained_shuffled_geometry__seed11419,11419,14047,6,0.830367889057137
PushT,jepa_wm_pusht,9,1,fidelity_constrained_shuffled_geometry,fidelity_constrained_shuffled_geometry__seed11419,11419,14047,1,1.3384494062881265
PushT,jepa_wm_pusht,9,1,fidelity_constrained_shuffled_geometry,fidelity_constrained_shuffled_geometry__seed11419,11419,14047,3,0.9698369542566272
PushT,jepa_wm_pusht,9,1,fidelity_constrained_shuffled_geometry,fidelity_constrained_shuffled_geometry__seed11419,11419,14047,6,0.8192705088066082
PushT,jepa_wm_pusht,10,1,fidelity_constrained_shuffled_geometry,fidelity_constrained_shuffled_geometry__seed11419,11419,14047,1,1.4029628528329916
PushT,jepa_wm_pusht,10,1,fidelity_constrained_shuffled_geometry,fidelity_constrained_shuffled_geometry__seed11419,11419,14047,3,1.1144894531141256
PushT,jepa_wm_pusht,10,1,fidelity_constrained_shuffled_geometry,fidelity_constrained_shuffled_geometry__seed11419,11419,14047,6,1.0518539884753262
PushT,jepa_wm_pusht,11,1,fidelity_constrained_shuffled_geometry,fidelity_constrained_shuffled_geometry__seed11419,11419,14047,1,1.5831829185546273
PushT,jepa_wm_pusht,11,1,fidelity_constrained_shuffled_geometry,fidelity_constrained_shuffled_geometry__seed11419,11419,14047,3,0.8825496387883289
PushT,jepa_wm_pusht,11,1,fidelity_constrained_shuffled_geometry,fidelity_constrained_shuffled_geometry__seed11419,11419,14047,6,0.8950850708183079
PushT,jepa_wm_pusht,12,1,fidelity_constrained_shuffled_geometry,fidelity_constrained_shuffled_geometry__seed11419,11419,14047,1,1.2060962445747443
PushT,jepa_wm_pusht,12,1,fidelity_constrained_shuffled_geometry,fidelity_constrained_shuffled_geometry__seed11419,11419,14047,3,0.8809480997432733
PushT,jepa_wm_pusht,12,1,fidelity_constrained_shuffled_geometry,fidelity_constrained_shuffled_geometry__seed11419,11419,14047,6,0.7754725601073599
PushT,jepa_wm_pusht,13,1,fidelity_constrained_shuffled_geometry,fidelity_constrained_shuffled_geometry__seed11419,11419,14047,1,1.310167852249597
PushT,jepa_wm_pusht,13,1,fidelity_constrained_shuffled_geometry,fidelity_constrained_shuffled_geometry__seed11419,11419,14047,3,0.8844188485764612
PushT,jepa_wm_pusht,13,1,fidelity_constrained_shuffled_geometry,fidelity_constrained_shuffled_geometry__seed11419,11419,14047,6,0.8277927568742292
PushT,jepa_wm_pusht,14,1,fidelity_constrained_shuffled_geometry,fidelity_constrained_shuffled_geometry__seed11419,11419,14047,1,0.494215526974694
PushT,jepa_wm_pusht,14,1,fidelity_constrained_shuffled_geometry,fidelity_constrained_shuffled_geometry__seed11419,11419,14047,3,0.6267834760168984
PushT,jepa_wm_pusht,14,1,fidelity_constrained_shuffled_geometry,fidelity_constrained_shuffled_geometry__seed11419,11419,14047,6,0.6866932609192121
PushT,jepa_wm_pusht,15,1,fidelity_constrained_shuffled_geometry,fidelity_constrained_shuffled_geometry__seed11419,11419,14047,1,0.5860684432294156
PushT,jepa_wm_pusht,15,1,fidelity_constrained_shuffled_geometry,fidelity_constrained_shuffled_geometry__seed11419,11419,14047,3,0.7463529339630075
PushT,jepa_wm_pusht,15,1,fidelity_constrained_shuffled_geometry,fidelity_constrained_shuffled_geometry__seed11419,11419,14047,6,0.7684317746401633
PushT,jepa_wm_pusht,16,2,fidelity_constrained_shuffled_geometry,fidelity_constrained_shuffled_geometry__seed11419,11419,14047,1,1.3300569530933313
PushT,jepa_wm_pusht,16,2,fidelity_constrained_shuffled_geometry,fidelity_constrained_shuffled_geometry__seed11419,11419,14047,3,1.1540849367103063
PushT,jepa_wm_pusht,16,2,fidelity_constrained_shuffled_geometry,fidelity_constrained_shuffled_geometry__seed11419,11419,14047,6,1.0832209705980604
PushT,jepa_wm_pusht,17,2,fidelity_constrained_shuffled_geometry,fidelity_constrained_shuffled_geometry__seed11419,11419,14047,1,0.6630324778812994
PushT,jepa_wm_pusht,17,2,fidelity_constrained_shuffled_geometry,fidelity_constrained_shuffled_geometry__seed11419,11419,14047,3,0.8456850400165611
PushT,jepa_wm_pusht,17,2,fidelity_constrained_shuffled_geometry,fidelity_constrained_shuffled_geometry__seed11419,11419,14047,6,0.777799889894796
PushT,jepa_wm_pusht,18,2,fidelity_constrained_shuffled_geometry,fidelity_constrained_shuffled_geometry__seed11419,11419,14047,1,0.6078939496972079
PushT,jepa_wm_pusht,18,2,fidelity_constrained_shuffled_geometry,fidelity_constrained_shuffled_geometry__seed11419,11419,14047,3,0.6460108527946132
PushT,jepa_wm_pusht,18,2,fidelity_constrained_shuffled_geometry,fidelity_constrained_shuffled_geometry__seed11419,11419,14047,6,0.7070803764390514
PushT,jepa_wm_pusht,19,2,fidelity_constrained_shuffled_geometry,fidelity_constrained_shuffled_geometry__seed11419,11419,14047,1,0.8533329012342282
PushT,jepa_wm_pusht,19,2,fidelity_constrained_shuffled_geometry,fidelity_constrained_shuffled_geometry__seed11419,11419,14047,3,0.7998689942762587
PushT,jepa_wm_pusht,19,2,fidelity_constrained_shuffled_geometry,fidelity_constrained_shuffled_geometry__seed11419,11419,14047,6,0.7367862626238114
PushT,jepa_wm_pusht,20,2,fidelity_constrained_shuffled_geometry,fidelity_constrained_shuffled_geometry__seed11419,11419,14047,1,1.0802487293097969
PushT,jepa_wm_pusht,20,2,fidelity_constrained_shuffled_geometry,fidelity_constrained_shuffled_geometry__seed11419,11419,14047,3,0.8249505018608484
PushT,jepa_wm_pusht,20,2,fidelity_constrained_shuffled_geometry,fidelity_constrained_shuffled_geometry__seed11419,11419,14047,6,0.7378559890500266
PushT,jepa_wm_pusht,21,2,fidelity_constrained_shuffled_geometry,fidelity_constrained_shuffled_geometry__seed11419,11419,14047,1,0.6184154187394998
PushT,jepa_wm_pusht,21,2,fidelity_constrained_shuffled_geometry,fidelity_constrained_shuffled_geometry__seed11419,11419,14047,3,0.81266623883785
PushT,jepa_wm_pusht,21,2,fidelity_constrained_shuffled_geometry,fidelity_constrained_shuffled_geometry__seed11419,11419,14047,6,0.8415119649698065
PushT,jepa_wm_pusht,22,2,fidelity_constrained_shuffled_geometry,fidelity_constrained_shuffled_geometry__seed11419,11419,14047,1,0.6578994045341822
PushT,jepa_wm_pusht,22,2,fidelity_constrained_shuffled_geometry,fidelity_constrained_shuffled_geometry__seed11419,11419,14047,3,0.8333530156948311
PushT,jepa_wm_pusht,22,2,fidelity_constrained_shuffled_geometry,fidelity_constrained_shuffled_geometry__seed11419,11419,14047,6,0.7682958166065543
PushT,jepa_wm_pusht,23,2,fidelity_constrained_shuffled_geometry,fidelity_constrained_shuffled_geometry__seed11419,11419,14047,1,0.9776691695498783
PushT,jepa_wm_pusht,23,2,fidelity_constrained_shuffled_geometry,fidelity_constrained_shuffled_geometry__seed11419,11419,14047,3,0.684253048937282
PushT,jepa_wm_pusht,23,2,fidelity_constrained_shuffled_geometry,fidelity_constrained_shuffled_geometry__seed11419,11419,14047,6,0.767386724692787
PushT,jepa_wm_pusht,48,6,fidelity_constrained_shuffled_geometry,fidelity_constrained_shuffled_geometry__seed11419,11419,14047,1,1.7288720533513973
PushT,jepa_wm_pusht,48,6,fidelity_constrained_shuffled_geometry,fidelity_constrained_shuffled_geometry__seed11419,11419,14047,3,0.8020993715793857
PushT,jepa_wm_pusht,48,6,fidelity_constrained_shuffled_geometry,fidelity_constrained_shuffled_geometry__seed11419,11419,14047,6,0.7973770556562509
PushT,jepa_wm_pusht,49,6,fidelity_constrained_shuffled_geometry,fidelity_constrained_shuffled_geometry__seed11419,11419,14047,1,1.2667172246297853
PushT,jepa_wm_pusht,49,6,fidelity_constrained_shuffled_geometry,fidelity_constrained_shuffled_geometry__seed11419,11419,14047,3,0.7909679930511061
PushT,jepa_wm_pusht,49,6,fidelity_constrained_shuffled_geometry,fidelity_constrained_shuffled_geometry__seed11419,11419,14047,6,0.7060665113848147
PushT,jepa_wm_pusht,50,6,fidelity_constrained_shuffled_geometry,fidelity_constrained_shuffled_geometry__seed11419,11419,14047,1,1.1281030391451576
PushT,jepa_wm_pusht,50,6,fidelity_constrained_shuffled_geometry,fidelity_constrained_shuffled_geometry__seed11419,11419,14047,3,0.836331944092063
PushT,jepa_wm_pusht,50,6,fidelity_constrained_shuffled_geometry,fidelity_constrained_shuffled_geometry__seed11419,11419,14047,6,0.9986962833504138
PushT,jepa_wm_pusht,51,6,fidelity_constrained_shuffled_geometry,fidelity_constrained_shuffled_geometry__seed11419,11419,14047,1,1.3466654639190911
PushT,jepa_wm_pusht,51,6,fidelity_constrained_shuffled_geometry,fidelity_constrained_shuffled_geometry__seed11419,11419,14047,3,0.8502935404795612
PushT,jepa_wm_pusht,51,6,fidelity_constrained_shuffled_geometry,fidelity_constrained_shuffled_geometry__seed11419,11419,14047,6,0.7728141218761724
PushT,jepa_wm_pusht,52,6,fidelity_constrained_shuffled_geometry,fidelity_constrained_shuffled_geometry__seed11419,11419,14047,1,0.7461295239844861
PushT,jepa_wm_pusht,52,6,fidelity_constrained_shuffled_geometry,fidelity_constrained_shuffled_geometry__seed11419,11419,14047,3,0.7528380605666616
PushT,jepa_wm_pusht,52,6,fidelity_constrained_shuffled_geometry,fidelity_constrained_shuffled_geometry__seed11419,11419,14047,6,0.7376039972275535
PushT,jepa_wm_pusht,53,6,fidelity_constrained_shuffled_geometry,fidelity_constrained_shuffled_geometry__seed11419,11419,14047,1,1.0607731180580584
PushT,jepa_wm_pusht,53,6,fidelity_constrained_shuffled_geometry,fidelity_constrained_shuffled_geometry__seed11419,11419,14047,3,0.7943905565786088
PushT,jepa_wm_pusht,53,6,fidelity_constrained_shuffled_geometry,fidelity_constrained_shuffled_geometry__seed11419,11419,14047,6,0.787313920530771
PushT,jepa_wm_pusht,54,6,fidelity_constrained_shuffled_geometry,fidelity_constrained_shuffled_geometry__seed11419,11419,14047,1,1.4279600258134266
PushT,jepa_wm_pusht,54,6,fidelity_constrained_shuffled_geometry,fidelity_constrained_shuffled_geometry__seed11419,11419,14047,3,1.236619024399598
PushT,jepa_wm_pusht,54,6,fidelity_constrained_shuffled_geometry,fidelity_constrained_shuffled_geometry__seed11419,11419,14047,6,1.1326094486020897
PushT,jepa_wm_pusht,55,6,fidelity_constrained_shuffled_geometry,fidelity_constrained_shuffled_geometry__seed11419,11419,14047,1,0.6818959216255881
PushT,jepa_wm_pusht,55,6,fidelity_constrained_shuffled_geometry,fidelity_constrained_shuffled_geometry__seed11419,11419,14047,3,0.8021668866635144
PushT,jepa_wm_pusht,55,6,fidelity_constrained_shuffled_geometry,fidelity_constrained_shuffled_geometry__seed11419,11419,14047,6,0.7128861553183125
PushT,jepa_wm_pusht,8,1,fidelity_constrained_matched_geometry,fidelity_constrained_matched_geometry__seed11419,11419,14047,1,1.0512859914706656
PushT,jepa_wm_pusht,8,1,fidelity_constrained_matched_geometry,fidelity_constrained_matched_geometry__seed11419,11419,14047,3,0.8435865500702132
PushT,jepa_wm_pusht,8,1,fidelity_constrained_matched_geometry,fidelity_constrained_matched_geometry__seed11419,11419,14047,6,0.774132510994313
PushT,jepa_wm_pusht,9,1,fidelity_constrained_matched_geometry,fidelity_constrained_matched_geometry__seed11419,11419,14047,1,1.331222458550856
PushT,jepa_wm_pusht,9,1,fidelity_constrained_matched_geometry,fidelity_constrained_matched_geometry__seed11419,11419,14047,3,0.919748355423637
PushT,jepa_wm_pusht,9,1,fidelity_constrained_matched_geometry,fidelity_constrained_matched_geometry__seed11419,11419,14047,6,0.767755866985409
PushT,jepa_wm_pusht,10,1,fidelity_constrained_matched_geometry,fidelity_constrained_matched_geometry__seed11419,11419,14047,1,1.3913873282118423
PushT,jepa_wm_pusht,10,1,fidelity_constrained_matched_geometry,fidelity_constrained_matched_geometry__seed11419,11419,14047,3,1.1110355539963264
PushT,jepa_wm_pusht,10,1,fidelity_constrained_matched_geometry,fidelity_constrained_matched_geometry__seed11419,11419,14047,6,1.051936538298647
PushT,jepa_wm_pusht,11,1,fidelity_constrained_matched_geometry,fidelity_constrained_matched_geometry__seed11419,11419,14047,1,1.5790107347241427
PushT,jepa_wm_pusht,11,1,fidelity_constrained_matched_geometry,fidelity_constrained_matched_geometry__seed11419,11419,14047,3,0.8907889524072139
PushT,jepa_wm_pusht,11,1,fidelity_constrained_matched_geometry,fidelity_constrained_matched_geometry__seed11419,11419,14047,6,0.9118315102039174
PushT,jepa_wm_pusht,12,1,fidelity_constrained_matched_geometry,fidelity_constrained_matched_geometry__seed11419,11419,14047,1,1.1857100740823254
PushT,jepa_wm_pusht,12,1,fidelity_constrained_matched_geometry,fidelity_constrained_matched_geometry__seed11419,11419,14047,3,0.8591907048642189
PushT,jepa_wm_pusht,12,1,fidelity_constrained_matched_geometry,fidelity_constrained_matched_geometry__seed11419,11419,14047,6,0.7829794819945423
PushT,jepa_wm_pusht,13,1,fidelity_constrained_matched_geometry,fidelity_constrained_matched_geometry__seed11419,11419,14047,1,1.3004229971858574
PushT,jepa_wm_pusht,13,1,fidelity_constrained_matched_geometry,fidelity_constrained_matched_geometry__seed11419,11419,14047,3,0.8525387952896176
PushT,jepa_wm_pusht,13,1,fidelity_constrained_matched_geometry,fidelity_constrained_matched_geometry__seed11419,11419,14047,6,0.8174985726416615
PushT,jepa_wm_pusht,14,1,fidelity_constrained_matched_geometry,fidelity_constrained_matched_geometry__seed11419,11419,14047,1,0.48960319353145026
PushT,jepa_wm_pusht,14,1,fidelity_constrained_matched_geometry,fidelity_constrained_matched_geometry__seed11419,11419,14047,3,0.5842436955066389
PushT,jepa_wm_pusht,14,1,fidelity_constrained_matched_geometry,fidelity_constrained_matched_geometry__seed11419,11419,14047,6,0.6186016398932263
PushT,jepa_wm_pusht,15,1,fidelity_constrained_matched_geometry,fidelity_constrained_matched_geometry__seed11419,11419,14047,1,0.5566301557609071
PushT,jepa_wm_pusht,15,1,fidelity_constrained_matched_geometry,fidelity_constrained_matched_geometry__seed11419,11419,14047,3,0.6765744695530116
PushT,jepa_wm_pusht,15,1,fidelity_constrained_matched_geometry,fidelity_constrained_matched_geometry__seed11419,11419,14047,6,0.6944197020777484
PushT,jepa_wm_pusht,16,2,fidelity_constrained_matched_geometry,fidelity_constrained_matched_geometry__seed11419,11419,14047,1,1.2900384880390898
PushT,jepa_wm_pusht,16,2,fidelity_constrained_matched_geometry,fidelity_constrained_matched_geometry__seed11419,11419,14047,3,1.1083918653544045
PushT,jepa_wm_pusht,16,2,fidelity_constrained_matched_geometry,fidelity_constrained_matched_geometry__seed11419,11419,14047,6,1.0356767194853038
PushT,jepa_wm_pusht,17,2,fidelity_constrained_matched_geometry,fidelity_constrained_matched_geometry__seed11419,11419,14047,1,0.6597941181952341
PushT,jepa_wm_pusht,17,2,fidelity_constrained_matched_geometry,fidelity_constrained_matched_geometry__seed11419,11419,14047,3,0.8134592520318441
PushT,jepa_wm_pusht,17,2,fidelity_constrained_matched_geometry,fidelity_constrained_matched_geometry__seed11419,11419,14047,6,0.7758440807360021
PushT,jepa_wm_pusht,18,2,fidelity_constrained_matched_geometry,fidelity_constrained_matched_geometry__seed11419,11419,14047,1,0.5903487408844439
PushT,jepa_wm_pusht,18,2,fidelity_constrained_matched_geometry,fidelity_constrained_matched_geometry__seed11419,11419,14047,3,0.595256498113709
PushT,jepa_wm_pusht,18,2,fidelity_constrained_matched_geometry,fidelity_constrained_matched_geometry__seed11419,11419,14047,6,0.6457566023991911
PushT,jepa_wm_pusht,19,2,fidelity_constrained_matched_geometry,fidelity_constrained_matched_geometry__seed11419,11419,14047,1,0.8451640923923738
PushT,jepa_wm_pusht,19,2,fidelity_constrained_matched_geometry,fidelity_constrained_matched_geometry__seed11419,11419,14047,3,0.7620695161773406
PushT,jepa_wm_pusht,19,2,fidelity_constrained_matched_geometry,fidelity_constrained_matched_geometry__seed11419,11419,14047,6,0.6817931296938788
PushT,jepa_wm_pusht,20,2,fidelity_constrained_matched_geometry,fidelity_constrained_matched_geometry__seed11419,11419,14047,1,1.0599144172737338
PushT,jepa_wm_pusht,20,2,fidelity_constrained_matched_geometry,fidelity_constrained_matched_geometry__seed11419,11419,14047,3,0.7837725546900179
PushT,jepa_wm_pusht,20,2,fidelity_constrained_matched_geometry,fidelity_constrained_matched_geometry__seed11419,11419,14047,6,0.715731724327129
PushT,jepa_wm_pusht,21,2,fidelity_constrained_matched_geometry,fidelity_constrained_matched_geometry__seed11419,11419,14047,1,0.6052716285244715
PushT,jepa_wm_pusht,21,2,fidelity_constrained_matched_geometry,fidelity_constrained_matched_geometry__seed11419,11419,14047,3,0.7783350353176967
PushT,jepa_wm_pusht,21,2,fidelity_constrained_matched_geometry,fidelity_constrained_matched_geometry__seed11419,11419,14047,6,0.7920755242436297
PushT,jepa_wm_pusht,22,2,fidelity_constrained_matched_geometry,fidelity_constrained_matched_geometry__seed11419,11419,14047,1,0.6461461145727206
PushT,jepa_wm_pusht,22,2,fidelity_constrained_matched_geometry,fidelity_constrained_matched_geometry__seed11419,11419,14047,3,0.7562706319758312
PushT,jepa_wm_pusht,22,2,fidelity_constrained_matched_geometry,fidelity_constrained_matched_geometry__seed11419,11419,14047,6,0.7110099384621096
PushT,jepa_wm_pusht,23,2,fidelity_constrained_matched_geometry,fidelity_constrained_matched_geometry__seed11419,11419,14047,1,0.9449370787491138
PushT,jepa_wm_pusht,23,2,fidelity_constrained_matched_geometry,fidelity_constrained_matched_geometry__seed11419,11419,14047,3,0.6506835614768678
PushT,jepa_wm_pusht,23,2,fidelity_constrained_matched_geometry,fidelity_constrained_matched_geometry__seed11419,11419,14047,6,0.6551371211195385
PushT,jepa_wm_pusht,48,6,fidelity_constrained_matched_geometry,fidelity_constrained_matched_geometry__seed11419,11419,14047,1,1.7216545954400673
PushT,jepa_wm_pusht,48,6,fidelity_constrained_matched_geometry,fidelity_constrained_matched_geometry__seed11419,11419,14047,3,0.7865578616419341
PushT,jepa_wm_pusht,48,6,fidelity_constrained_matched_geometry,fidelity_constrained_matched_geometry__seed11419,11419,14047,6,0.7588106240528351
PushT,jepa_wm_pusht,49,6,fidelity_constrained_matched_geometry,fidelity_constrained_matched_geometry__seed11419,11419,14047,1,1.2556541296603574
PushT,jepa_wm_pusht,49,6,fidelity_constrained_matched_geometry,fidelity_constrained_matched_geometry__seed11419,11419,14047,3,0.7605815298710238
PushT,jepa_wm_pusht,49,6,fidelity_constrained_matched_geometry,fidelity_constrained_matched_geometry__seed11419,11419,14047,6,0.6678903340185763
PushT,jepa_wm_pusht,50,6,fidelity_constrained_matched_geometry,fidelity_constrained_matched_geometry__seed11419,11419,14047,1,1.1077185672723089
PushT,jepa_wm_pusht,50,6,fidelity_constrained_matched_geometry,fidelity_constrained_matched_geometry__seed11419,11419,14047,3,0.7799551820022819
PushT,jepa_wm_pusht,50,6,fidelity_constrained_matched_geometry,fidelity_constrained_matched_geometry__seed11419,11419,14047,6,0.8261521316663096
PushT,jepa_wm_pusht,51,6,fidelity_constrained_matched_geometry,fidelity_constrained_matched_geometry__seed11419,11419,14047,1,1.3095317500760757
PushT,jepa_wm_pusht,51,6,fidelity_constrained_matched_geometry,fidelity_constrained_matched_geometry__seed11419,11419,14047,3,0.8070621453659608
PushT,jepa_wm_pusht,51,6,fidelity_constrained_matched_geometry,fidelity_constrained_matched_geometry__seed11419,11419,14047,6,0.7205954968421766
PushT,jepa_wm_pusht,52,6,fidelity_constrained_matched_geometry,fidelity_constrained_matched_geometry__seed11419,11419,14047,1,0.7338773015601314
PushT,jepa_wm_pusht,52,6,fidelity_constrained_matched_geometry,fidelity_constrained_matched_geometry__seed11419,11419,14047,3,0.7029277801747869
PushT,jepa_wm_pusht,52,6,fidelity_constrained_matched_geometry,fidelity_constrained_matched_geometry__seed11419,11419,14047,6,0.6670072312572556
PushT,jepa_wm_pusht,53,6,fidelity_constrained_matched_geometry,fidelity_constrained_matched_geometry__seed11419,11419,14047,1,1.0458974116279982
PushT,jepa_wm_pusht,53,6,fidelity_constrained_matched_geometry,fidelity_constrained_matched_geometry__seed11419,11419,14047,3,0.7473563185549971
PushT,jepa_wm_pusht,53,6,fidelity_constrained_matched_geometry,fidelity_constrained_matched_geometry__seed11419,11419,14047,6,0.7243908162365363
PushT,jepa_wm_pusht,54,6,fidelity_constrained_matched_geometry,fidelity_constrained_matched_geometry__seed11419,11419,14047,1,1.4346655221252718
PushT,jepa_wm_pusht,54,6,fidelity_constrained_matched_geometry,fidelity_constrained_matched_geometry__seed11419,11419,14047,3,1.2417606859588248
PushT,jepa_wm_pusht,54,6,fidelity_constrained_matched_geometry,fidelity_constrained_matched_geometry__seed11419,11419,14047,6,1.127201754096555
PushT,jepa_wm_pusht,55,6,fidelity_constrained_matched_geometry,fidelity_constrained_matched_geometry__seed11419,11419,14047,1,0.6695276905414133
PushT,jepa_wm_pusht,55,6,fidelity_constrained_matched_geometry,fidelity_constrained_matched_geometry__seed11419,11419,14047,3,0.760584085030334
PushT,jepa_wm_pusht,55,6,fidelity_constrained_matched_geometry,fidelity_constrained_matched_geometry__seed11419,11419,14047,6,0.6926764694864044
PushT,jepa_wm_pusht,8,1,fidelity_constrained_latent_only,fidelity_constrained_latent_only__seed11437,11437,14047,1,1.0601715603190405
PushT,jepa_wm_pusht,8,1,fidelity_constrained_latent_only,fidelity_constrained_latent_only__seed11437,11437,14047,3,0.8300454592191789
PushT,jepa_wm_pusht,8,1,fidelity_constrained_latent_only,fidelity_constrained_latent_only__seed11437,11437,14047,6,0.7771123884916232
PushT,jepa_wm_pusht,9,1,fidelity_constrained_latent_only,fidelity_constrained_latent_only__seed11437,11437,14047,1,1.3245951658154511
PushT,jepa_wm_pusht,9,1,fidelity_constrained_latent_only,fidelity_constrained_latent_only__seed11437,11437,14047,3,0.9443228808420917
PushT,jepa_wm_pusht,9,1,fidelity_constrained_latent_only,fidelity_constrained_latent_only__seed11437,11437,14047,6,0.7829239158855272
PushT,jepa_wm_pusht,10,1,fidelity_constrained_latent_only,fidelity_constrained_latent_only__seed11437,11437,14047,1,1.3837931803962624
PushT,jepa_wm_pusht,10,1,fidelity_constrained_latent_only,fidelity_constrained_latent_only__seed11437,11437,14047,3,1.135760579536056
PushT,jepa_wm_pusht,10,1,fidelity_constrained_latent_only,fidelity_constrained_latent_only__seed11437,11437,14047,6,1.0747400783595074
PushT,jepa_wm_pusht,11,1,fidelity_constrained_latent_only,fidelity_constrained_latent_only__seed11437,11437,14047,1,1.6183756776393683
PushT,jepa_wm_pusht,11,1,fidelity_constrained_latent_only,fidelity_constrained_latent_only__seed11437,11437,14047,3,0.9147957048009484
PushT,jepa_wm_pusht,11,1,fidelity_constrained_latent_only,fidelity_constrained_latent_only__seed11437,11437,14047,6,0.9658056624503074
PushT,jepa_wm_pusht,12,1,fidelity_constrained_latent_only,fidelity_constrained_latent_only__seed11437,11437,14047,1,1.2124184748156646
PushT,jepa_wm_pusht,12,1,fidelity_constrained_latent_only,fidelity_constrained_latent_only__seed11437,11437,14047,3,0.8583683639013823
PushT,jepa_wm_pusht,12,1,fidelity_constrained_latent_only,fidelity_constrained_latent_only__seed11437,11437,14047,6,0.8182285647290282
PushT,jepa_wm_pusht,13,1,fidelity_constrained_latent_only,fidelity_constrained_latent_only__seed11437,11437,14047,1,1.3047780793815624
PushT,jepa_wm_pusht,13,1,fidelity_constrained_latent_only,fidelity_constrained_latent_only__seed11437,11437,14047,3,0.8489602393826817
PushT,jepa_wm_pusht,13,1,fidelity_constrained_latent_only,fidelity_constrained_latent_only__seed11437,11437,14047,6,0.8255122100945774
PushT,jepa_wm_pusht,14,1,fidelity_constrained_latent_only,fidelity_constrained_latent_only__seed11437,11437,14047,1,0.48870180204521674
PushT,jepa_wm_pusht,14,1,fidelity_constrained_latent_only,fidelity_constrained_latent_only__seed11437,11437,14047,3,0.5848430651240614
PushT,jepa_wm_pusht,14,1,fidelity_constrained_latent_only,fidelity_constrained_latent_only__seed11437,11437,14047,6,0.6326713782585524
PushT,jepa_wm_pusht,15,1,fidelity_constrained_latent_only,fidelity_constrained_latent_only__seed11437,11437,14047,1,0.5542018269528387
PushT,jepa_wm_pusht,15,1,fidelity_constrained_latent_only,fidelity_constrained_latent_only__seed11437,11437,14047,3,0.670180868226248
PushT,jepa_wm_pusht,15,1,fidelity_constrained_latent_only,fidelity_constrained_latent_only__seed11437,11437,14047,6,0.6914302151905273
PushT,jepa_wm_pusht,16,2,fidelity_constrained_latent_only,fidelity_constrained_latent_only__seed11437,11437,14047,1,1.3091447136865184
PushT,jepa_wm_pusht,16,2,fidelity_constrained_latent_only,fidelity_constrained_latent_only__seed11437,11437,14047,3,1.1409658549970172
PushT,jepa_wm_pusht,16,2,fidelity_constrained_latent_only,fidelity_constrained_latent_only__seed11437,11437,14047,6,1.0982835661444448
PushT,jepa_wm_pusht,17,2,fidelity_constrained_latent_only,fidelity_constrained_latent_only__seed11437,11437,14047,1,0.6690920768743985
PushT,jepa_wm_pusht,17,2,fidelity_constrained_latent_only,fidelity_constrained_latent_only__seed11437,11437,14047,3,0.8214549049529846
PushT,jepa_wm_pusht,17,2,fidelity_constrained_latent_only,fidelity_constrained_latent_only__seed11437,11437,14047,6,0.7909681752547563
PushT,jepa_wm_pusht,18,2,fidelity_constrained_latent_only,fidelity_constrained_latent_only__seed11437,11437,14047,1,0.5870333747772322
PushT,jepa_wm_pusht,18,2,fidelity_constrained_latent_only,fidelity_constrained_latent_only__seed11437,11437,14047,3,0.5910749434072934
PushT,jepa_wm_pusht,18,2,fidelity_constrained_latent_only,fidelity_constrained_latent_only__seed11437,11437,14047,6,0.6377758310107144
PushT,jepa_wm_pusht,19,2,fidelity_constrained_latent_only,fidelity_constrained_latent_only__seed11437,11437,14047,1,0.843461153376218
PushT,jepa_wm_pusht,19,2,fidelity_constrained_latent_only,fidelity_constrained_latent_only__seed11437,11437,14047,3,0.7408766712237237
PushT,jepa_wm_pusht,19,2,fidelity_constrained_latent_only,fidelity_constrained_latent_only__seed11437,11437,14047,6,0.6790720188958183
PushT,jepa_wm_pusht,20,2,fidelity_constrained_latent_only,fidelity_constrained_latent_only__seed11437,11437,14047,1,1.0641325491725167
PushT,jepa_wm_pusht,20,2,fidelity_constrained_latent_only,fidelity_constrained_latent_only__seed11437,11437,14047,3,0.7711641217513515
PushT,jepa_wm_pusht,20,2,fidelity_constrained_latent_only,fidelity_constrained_latent_only__seed11437,11437,14047,6,0.7426566025960506
PushT,jepa_wm_pusht,21,2,fidelity_constrained_latent_only,fidelity_constrained_latent_only__seed11437,11437,14047,1,0.6038290187782895
PushT,jepa_wm_pusht,21,2,fidelity_constrained_latent_only,fidelity_constrained_latent_only__seed11437,11437,14047,3,0.7769229204261108
PushT,jepa_wm_pusht,21,2,fidelity_constrained_latent_only,fidelity_constrained_latent_only__seed11437,11437,14047,6,0.7898281651323236
PushT,jepa_wm_pusht,22,2,fidelity_constrained_latent_only,fidelity_constrained_latent_only__seed11437,11437,14047,1,0.6481392513376718
PushT,jepa_wm_pusht,22,2,fidelity_constrained_latent_only,fidelity_constrained_latent_only__seed11437,11437,14047,3,0.7717880633182893
PushT,jepa_wm_pusht,22,2,fidelity_constrained_latent_only,fidelity_constrained_latent_only__seed11437,11437,14047,6,0.7209632209743277
PushT,jepa_wm_pusht,23,2,fidelity_constrained_latent_only,fidelity_constrained_latent_only__seed11437,11437,14047,1,0.9421320452881993
PushT,jepa_wm_pusht,23,2,fidelity_constrained_latent_only,fidelity_constrained_latent_only__seed11437,11437,14047,3,0.650515387885553
PushT,jepa_wm_pusht,23,2,fidelity_constrained_latent_only,fidelity_constrained_latent_only__seed11437,11437,14047,6,0.6603026530119073
PushT,jepa_wm_pusht,48,6,fidelity_constrained_latent_only,fidelity_constrained_latent_only__seed11437,11437,14047,1,1.7468797038342097
PushT,jepa_wm_pusht,48,6,fidelity_constrained_latent_only,fidelity_constrained_latent_only__seed11437,11437,14047,3,0.8074513512367286
PushT,jepa_wm_pusht,48,6,fidelity_constrained_latent_only,fidelity_constrained_latent_only__seed11437,11437,14047,6,0.8053942846795674
PushT,jepa_wm_pusht,49,6,fidelity_constrained_latent_only,fidelity_constrained_latent_only__seed11437,11437,14047,1,1.26557848310477
PushT,jepa_wm_pusht,49,6,fidelity_constrained_latent_only,fidelity_constrained_latent_only__seed11437,11437,14047,3,0.7410041835538879
PushT,jepa_wm_pusht,49,6,fidelity_constrained_latent_only,fidelity_constrained_latent_only__seed11437,11437,14047,6,0.6827034278425199
PushT,jepa_wm_pusht,50,6,fidelity_constrained_latent_only,fidelity_constrained_latent_only__seed11437,11437,14047,1,1.1137631498369407
PushT,jepa_wm_pusht,50,6,fidelity_constrained_latent_only,fidelity_constrained_latent_only__seed11437,11437,14047,3,0.8040014600977475
PushT,jepa_wm_pusht,50,6,fidelity_constrained_latent_only,fidelity_constrained_latent_only__seed11437,11437,14047,6,0.908079646931297
PushT,jepa_wm_pusht,51,6,fidelity_constrained_latent_only,fidelity_constrained_latent_only__seed11437,11437,14047,1,1.303493516740003
PushT,jepa_wm_pusht,51,6,fidelity_constrained_latent_only,fidelity_constrained_latent_only__seed11437,11437,14047,3,0.8172078226156121
PushT,jepa_wm_pusht,51,6,fidelity_constrained_latent_only,fidelity_constrained_latent_only__seed11437,11437,14047,6,0.7203713222019797
PushT,jepa_wm_pusht,52,6,fidelity_constrained_latent_only,fidelity_constrained_latent_only__seed11437,11437,14047,1,0.7427899359077159
PushT,jepa_wm_pusht,52,6,fidelity_constrained_latent_only,fidelity_constrained_latent_only__seed11437,11437,14047,3,0.690786087276036
PushT,jepa_wm_pusht,52,6,fidelity_constrained_latent_only,fidelity_constrained_latent_only__seed11437,11437,14047,6,0.6621762560690292
PushT,jepa_wm_pusht,53,6,fidelity_constrained_latent_only,fidelity_constrained_latent_only__seed11437,11437,14047,1,1.0514975467893513
PushT,jepa_wm_pusht,53,6,fidelity_constrained_latent_only,fidelity_constrained_latent_only__seed11437,11437,14047,3,0.7405269444548265
PushT,jepa_wm_pusht,53,6,fidelity_constrained_latent_only,fidelity_constrained_latent_only__seed11437,11437,14047,6,0.738168900601245
PushT,jepa_wm_pusht,54,6,fidelity_constrained_latent_only,fidelity_constrained_latent_only__seed11437,11437,14047,1,1.449311751584522
PushT,jepa_wm_pusht,54,6,fidelity_constrained_latent_only,fidelity_constrained_latent_only__seed11437,11437,14047,3,1.2585026532147894
PushT,jepa_wm_pusht,54,6,fidelity_constrained_latent_only,fidelity_constrained_latent_only__seed11437,11437,14047,6,1.1493851861698412
PushT,jepa_wm_pusht,55,6,fidelity_constrained_latent_only,fidelity_constrained_latent_only__seed11437,11437,14047,1,0.6728895462489949
PushT,jepa_wm_pusht,55,6,fidelity_constrained_latent_only,fidelity_constrained_latent_only__seed11437,11437,14047,3,0.7738609600128178
PushT,jepa_wm_pusht,55,6,fidelity_constrained_latent_only,fidelity_constrained_latent_only__seed11437,11437,14047,6,0.7353073170274542
PushT,jepa_wm_pusht,8,1,fidelity_constrained_shuffled_geometry,fidelity_constrained_shuffled_geometry__seed11437,11437,14047,1,1.0536705588020596
PushT,jepa_wm_pusht,8,1,fidelity_constrained_shuffled_geometry,fidelity_constrained_shuffled_geometry__seed11437,11437,14047,3,0.8826458836594611
PushT,jepa_wm_pusht,8,1,fidelity_constrained_shuffled_geometry,fidelity_constrained_shuffled_geometry__seed11437,11437,14047,6,0.8353282149235807
PushT,jepa_wm_pusht,9,1,fidelity_constrained_shuffled_geometry,fidelity_constrained_shuffled_geometry__seed11437,11437,14047,1,1.3388431160401613
PushT,jepa_wm_pusht,9,1,fidelity_constrained_shuffled_geometry,fidelity_constrained_shuffled_geometry__seed11437,11437,14047,3,0.9669705088482524
PushT,jepa_wm_pusht,9,1,fidelity_constrained_shuffled_geometry,fidelity_constrained_shuffled_geometry__seed11437,11437,14047,6,0.8279282907172553
PushT,jepa_wm_pusht,10,1,fidelity_constrained_shuffled_geometry,fidelity_constrained_shuffled_geometry__seed11437,11437,14047,1,1.4068043977901217
PushT,jepa_wm_pusht,10,1,fidelity_constrained_shuffled_geometry,fidelity_constrained_shuffled_geometry__seed11437,11437,14047,3,1.1164989541477477
PushT,jepa_wm_pusht,10,1,fidelity_constrained_shuffled_geometry,fidelity_constrained_shuffled_geometry__seed11437,11437,14047,6,1.0608460304808764
PushT,jepa_wm_pusht,11,1,fidelity_constrained_shuffled_geometry,fidelity_constrained_shuffled_geometry__seed11437,11437,14047,1,1.5819263789525788
PushT,jepa_wm_pusht,11,1,fidelity_constrained_shuffled_geometry,fidelity_constrained_shuffled_geometry__seed11437,11437,14047,3,0.8780074279592373
PushT,jepa_wm_pusht,11,1,fidelity_constrained_shuffled_geometry,fidelity_constrained_shuffled_geometry__seed11437,11437,14047,6,0.8934109270847532
PushT,jepa_wm_pusht,12,1,fidelity_constrained_shuffled_geometry,fidelity_constrained_shuffled_geometry__seed11437,11437,14047,1,1.2065204996381795
PushT,jepa_wm_pusht,12,1,fidelity_constrained_shuffled_geometry,fidelity_constrained_shuffled_geometry__seed11437,11437,14047,3,0.904503057496234
PushT,jepa_wm_pusht,12,1,fidelity_constrained_shuffled_geometry,fidelity_constrained_shuffled_geometry__seed11437,11437,14047,6,0.7835816559403274
PushT,jepa_wm_pusht,13,1,fidelity_constrained_shuffled_geometry,fidelity_constrained_shuffled_geometry__seed11437,11437,14047,1,1.3133523297063956
PushT,jepa_wm_pusht,13,1,fidelity_constrained_shuffled_geometry,fidelity_constrained_shuffled_geometry__seed11437,11437,14047,3,0.9084699775404268
PushT,jepa_wm_pusht,13,1,fidelity_constrained_shuffled_geometry,fidelity_constrained_shuffled_geometry__seed11437,11437,14047,6,0.8355801107558246
PushT,jepa_wm_pusht,14,1,fidelity_constrained_shuffled_geometry,fidelity_constrained_shuffled_geometry__seed11437,11437,14047,1,0.49234247961906324
PushT,jepa_wm_pusht,14,1,fidelity_constrained_shuffled_geometry,fidelity_constrained_shuffled_geometry__seed11437,11437,14047,3,0.6247005887530895
PushT,jepa_wm_pusht,14,1,fidelity_constrained_shuffled_geometry,fidelity_constrained_shuffled_geometry__seed11437,11437,14047,6,0.6823132733407344
PushT,jepa_wm_pusht,15,1,fidelity_constrained_shuffled_geometry,fidelity_constrained_shuffled_geometry__seed11437,11437,14047,1,0.5842652271907627
PushT,jepa_wm_pusht,15,1,fidelity_constrained_shuffled_geometry,fidelity_constrained_shuffled_geometry__seed11437,11437,14047,3,0.7423694228152589
PushT,jepa_wm_pusht,15,1,fidelity_constrained_shuffled_geometry,fidelity_constrained_shuffled_geometry__seed11437,11437,14047,6,0.7720430381755103
PushT,jepa_wm_pusht,16,2,fidelity_constrained_shuffled_geometry,fidelity_constrained_shuffled_geometry__seed11437,11437,14047,1,1.3269420061297066
PushT,jepa_wm_pusht,16,2,fidelity_constrained_shuffled_geometry,fidelity_constrained_shuffled_geometry__seed11437,11437,14047,3,1.1520455079941132
PushT,jepa_wm_pusht,16,2,fidelity_constrained_shuffled_geometry,fidelity_constrained_shuffled_geometry__seed11437,11437,14047,6,1.081473721589316
PushT,jepa_wm_pusht,17,2,fidelity_constrained_shuffled_geometry,fidelity_constrained_shuffled_geometry__seed11437,11437,14047,1,0.6647412002726976
PushT,jepa_wm_pusht,17,2,fidelity_constrained_shuffled_geometry,fidelity_constrained_shuffled_geometry__seed11437,11437,14047,3,0.8466554692843721
PushT,jepa_wm_pusht,17,2,fidelity_constrained_shuffled_geometry,fidelity_constrained_shuffled_geometry__seed11437,11437,14047,6,0.7717688752759048
PushT,jepa_wm_pusht,18,2,fidelity_constrained_shuffled_geometry,fidelity_constrained_shuffled_geometry__seed11437,11437,14047,1,0.6019284602340161
PushT,jepa_wm_pusht,18,2,fidelity_constrained_shuffled_geometry,fidelity_constrained_shuffled_geometry__seed11437,11437,14047,3,0.6373056885091694
PushT,jepa_wm_pusht,18,2,fidelity_constrained_shuffled_geometry,fidelity_constrained_shuffled_geometry__seed11437,11437,14047,6,0.7012147266996053
PushT,jepa_wm_pusht,19,2,fidelity_constrained_shuffled_geometry,fidelity_constrained_shuffled_geometry__seed11437,11437,14047,1,0.8549131368038467
PushT,jepa_wm_pusht,19,2,fidelity_constrained_shuffled_geometry,fidelity_constrained_shuffled_geometry__seed11437,11437,14047,3,0.7958347163473515
PushT,jepa_wm_pusht,19,2,fidelity_constrained_shuffled_geometry,fidelity_constrained_shuffled_geometry__seed11437,11437,14047,6,0.7400380734786118
PushT,jepa_wm_pusht,20,2,fidelity_constrained_shuffled_geometry,fidelity_constrained_shuffled_geometry__seed11437,11437,14047,1,1.079001639024808
PushT,jepa_wm_pusht,20,2,fidelity_constrained_shuffled_geometry,fidelity_constrained_shuffled_geometry__seed11437,11437,14047,3,0.8277279669777727
PushT,jepa_wm_pusht,20,2,fidelity_constrained_shuffled_geometry,fidelity_constrained_shuffled_geometry__seed11437,11437,14047,6,0.7461408283876805
PushT,jepa_wm_pusht,21,2,fidelity_constrained_shuffled_geometry,fidelity_constrained_shuffled_geometry__seed11437,11437,14047,1,0.6187083008702552
PushT,jepa_wm_pusht,21,2,fidelity_constrained_shuffled_geometry,fidelity_constrained_shuffled_geometry__seed11437,11437,14047,3,0.817016583141803
PushT,jepa_wm_pusht,21,2,fidelity_constrained_shuffled_geometry,fidelity_constrained_shuffled_geometry__seed11437,11437,14047,6,0.8611022443338222
PushT,jepa_wm_pusht,22,2,fidelity_constrained_shuffled_geometry,fidelity_constrained_shuffled_geometry__seed11437,11437,14047,1,0.660868512144123
PushT,jepa_wm_pusht,22,2,fidelity_constrained_shuffled_geometry,fidelity_constrained_shuffled_geometry__seed11437,11437,14047,3,0.8196388072756304
PushT,jepa_wm_pusht,22,2,fidelity_constrained_shuffled_geometry,fidelity_constrained_shuffled_geometry__seed11437,11437,14047,6,0.7736826729020208
PushT,jepa_wm_pusht,23,2,fidelity_constrained_shuffled_geometry,fidelity_constrained_shuffled_geometry__seed11437,11437,14047,1,0.9805848848032851
PushT,jepa_wm_pusht,23,2,fidelity_constrained_shuffled_geometry,fidelity_constrained_shuffled_geometry__seed11437,11437,14047,3,0.6895001217470571
PushT,jepa_wm_pusht,23,2,fidelity_constrained_shuffled_geometry,fidelity_constrained_shuffled_geometry__seed11437,11437,14047,6,0.7824872357392905
PushT,jepa_wm_pusht,48,6,fidelity_constrained_shuffled_geometry,fidelity_constrained_shuffled_geometry__seed11437,11437,14047,1,1.729814066655128
PushT,jepa_wm_pusht,48,6,fidelity_constrained_shuffled_geometry,fidelity_constrained_shuffled_geometry__seed11437,11437,14047,3,0.8102845952645338
PushT,jepa_wm_pusht,48,6,fidelity_constrained_shuffled_geometry,fidelity_constrained_shuffled_geometry__seed11437,11437,14047,6,0.7994183661355679
PushT,jepa_wm_pusht,49,6,fidelity_constrained_shuffled_geometry,fidelity_constrained_shuffled_geometry__seed11437,11437,14047,1,1.2679084767883908
PushT,jepa_wm_pusht,49,6,fidelity_constrained_shuffled_geometry,fidelity_constrained_shuffled_geometry__seed11437,11437,14047,3,0.7983303147537216
PushT,jepa_wm_pusht,49,6,fidelity_constrained_shuffled_geometry,fidelity_constrained_shuffled_geometry__seed11437,11437,14047,6,0.7096146787978937
PushT,jepa_wm_pusht,50,6,fidelity_constrained_shuffled_geometry,fidelity_constrained_shuffled_geometry__seed11437,11437,14047,1,1.1302166640221034
PushT,jepa_wm_pusht,50,6,fidelity_constrained_shuffled_geometry,fidelity_constrained_shuffled_geometry__seed11437,11437,14047,3,0.8261118621957821
PushT,jepa_wm_pusht,50,6,fidelity_constrained_shuffled_geometry,fidelity_constrained_shuffled_geometry__seed11437,11437,14047,6,0.9941729446557602
PushT,jepa_wm_pusht,51,6,fidelity_constrained_shuffled_geometry,fidelity_constrained_shuffled_geometry__seed11437,11437,14047,1,1.3410490411991147
PushT,jepa_wm_pusht,51,6,fidelity_constrained_shuffled_geometry,fidelity_constrained_shuffled_geometry__seed11437,11437,14047,3,0.8401856292986232
PushT,jepa_wm_pusht,51,6,fidelity_constrained_shuffled_geometry,fidelity_constrained_shuffled_geometry__seed11437,11437,14047,6,0.7621116619751297
PushT,jepa_wm_pusht,52,6,fidelity_constrained_shuffled_geometry,fidelity_constrained_shuffled_geometry__seed11437,11437,14047,1,0.750229329201895
PushT,jepa_wm_pusht,52,6,fidelity_constrained_shuffled_geometry,fidelity_constrained_shuffled_geometry__seed11437,11437,14047,3,0.7520600104022358
PushT,jepa_wm_pusht,52,6,fidelity_constrained_shuffled_geometry,fidelity_constrained_shuffled_geometry__seed11437,11437,14047,6,0.7289346365093772
PushT,jepa_wm_pusht,53,6,fidelity_constrained_shuffled_geometry,fidelity_constrained_shuffled_geometry__seed11437,11437,14047,1,1.0597999906367408
PushT,jepa_wm_pusht,53,6,fidelity_constrained_shuffled_geometry,fidelity_constrained_shuffled_geometry__seed11437,11437,14047,3,0.798695740701489
PushT,jepa_wm_pusht,53,6,fidelity_constrained_shuffled_geometry,fidelity_constrained_shuffled_geometry__seed11437,11437,14047,6,0.7987074864567189
PushT,jepa_wm_pusht,54,6,fidelity_constrained_shuffled_geometry,fidelity_constrained_shuffled_geometry__seed11437,11437,14047,1,1.4323420453537128
PushT,jepa_wm_pusht,54,6,fidelity_constrained_shuffled_geometry,fidelity_constrained_shuffled_geometry__seed11437,11437,14047,3,1.2410945410277565
PushT,jepa_wm_pusht,54,6,fidelity_constrained_shuffled_geometry,fidelity_constrained_shuffled_geometry__seed11437,11437,14047,6,1.1356224442434335
PushT,jepa_wm_pusht,55,6,fidelity_constrained_shuffled_geometry,fidelity_constrained_shuffled_geometry__seed11437,11437,14047,1,0.6852133536652683
PushT,jepa_wm_pusht,55,6,fidelity_constrained_shuffled_geometry,fidelity_constrained_shuffled_geometry__seed11437,11437,14047,3,0.8037186805623908
PushT,jepa_wm_pusht,55,6,fidelity_constrained_shuffled_geometry,fidelity_constrained_shuffled_geometry__seed11437,11437,14047,6,0.7114384293002022
PushT,jepa_wm_pusht,8,1,fidelity_constrained_matched_geometry,fidelity_constrained_matched_geometry__seed11437,11437,14047,1,1.052478771767426
PushT,jepa_wm_pusht,8,1,fidelity_constrained_matched_geometry,fidelity_constrained_matched_geometry__seed11437,11437,14047,3,0.844999086623282
PushT,jepa_wm_pusht,8,1,fidelity_constrained_matched_geometry,fidelity_constrained_matched_geometry__seed11437,11437,14047,6,0.7710102789152902
PushT,jepa_wm_pusht,9,1,fidelity_constrained_matched_geometry,fidelity_constrained_matched_geometry__seed11437,11437,14047,1,1.332385413358311
PushT,jepa_wm_pusht,9,1,fidelity_constrained_matched_geometry,fidelity_constrained_matched_geometry__seed11437,11437,14047,3,0.9216676146779634
PushT,jepa_wm_pusht,9,1,fidelity_constrained_matched_geometry,fidelity_constrained_matched_geometry__seed11437,11437,14047,6,0.7664934653805072
PushT,jepa_wm_pusht,10,1,fidelity_constrained_matched_geometry,fidelity_constrained_matched_geometry__seed11437,11437,14047,1,1.3877090676838968
PushT,jepa_wm_pusht,10,1,fidelity_constrained_matched_geometry,fidelity_constrained_matched_geometry__seed11437,11437,14047,3,1.1116875623428708
PushT,jepa_wm_pusht,10,1,fidelity_constrained_matched_geometry,fidelity_constrained_matched_geometry__seed11437,11437,14047,6,1.0535107090130438
PushT,jepa_wm_pusht,11,1,fidelity_constrained_matched_geometry,fidelity_constrained_matched_geometry__seed11437,11437,14047,1,1.5794611552279465
PushT,jepa_wm_pusht,11,1,fidelity_constrained_matched_geometry,fidelity_constrained_matched_geometry__seed11437,11437,14047,3,0.8936505828381692
PushT,jepa_wm_pusht,11,1,fidelity_constrained_matched_geometry,fidelity_constrained_matched_geometry__seed11437,11437,14047,6,0.9140285352108456
PushT,jepa_wm_pusht,12,1,fidelity_constrained_matched_geometry,fidelity_constrained_matched_geometry__seed11437,11437,14047,1,1.1820472766250414
PushT,jepa_wm_pusht,12,1,fidelity_constrained_matched_geometry,fidelity_constrained_matched_geometry__seed11437,11437,14047,3,0.8597151201254841
PushT,jepa_wm_pusht,12,1,fidelity_constrained_matched_geometry,fidelity_constrained_matched_geometry__seed11437,11437,14047,6,0.7890815274737294
PushT,jepa_wm_pusht,13,1,fidelity_constrained_matched_geometry,fidelity_constrained_matched_geometry__seed11437,11437,14047,1,1.3001579262529808
PushT,jepa_wm_pusht,13,1,fidelity_constrained_matched_geometry,fidelity_constrained_matched_geometry__seed11437,11437,14047,3,0.8510357976306353
PushT,jepa_wm_pusht,13,1,fidelity_constrained_matched_geometry,fidelity_constrained_matched_geometry__seed11437,11437,14047,6,0.8152179810695814
PushT,jepa_wm_pusht,14,1,fidelity_constrained_matched_geometry,fidelity_constrained_matched_geometry__seed11437,11437,14047,1,0.49272266595164366
PushT,jepa_wm_pusht,14,1,fidelity_constrained_matched_geometry,fidelity_constrained_matched_geometry__seed11437,11437,14047,3,0.5861250346965314
PushT,jepa_wm_pusht,14,1,fidelity_constrained_matched_geometry,fidelity_constrained_matched_geometry__seed11437,11437,14047,6,0.6210956083521486
PushT,jepa_wm_pusht,15,1,fidelity_constrained_matched_geometry,fidelity_constrained_matched_geometry__seed11437,11437,14047,1,0.5560487781767287
PushT,jepa_wm_pusht,15,1,fidelity_constrained_matched_geometry,fidelity_constrained_matched_geometry__seed11437,11437,14047,3,0.6763460618355842
PushT,jepa_wm_pusht,15,1,fidelity_constrained_matched_geometry,fidelity_constrained_matched_geometry__seed11437,11437,14047,6,0.6896254008395017
PushT,jepa_wm_pusht,16,2,fidelity_constrained_matched_geometry,fidelity_constrained_matched_geometry__seed11437,11437,14047,1,1.2863589991983702
PushT,jepa_wm_pusht,16,2,fidelity_constrained_matched_geometry,fidelity_constrained_matched_geometry__seed11437,11437,14047,3,1.1041313030173168
PushT,jepa_wm_pusht,16,2,fidelity_constrained_matched_geometry,fidelity_constrained_matched_geometry__seed11437,11437,14047,6,1.0263118584955229
PushT,jepa_wm_pusht,17,2,fidelity_constrained_matched_geometry,fidelity_constrained_matched_geometry__seed11437,11437,14047,1,0.659972996556535
PushT,jepa_wm_pusht,17,2,fidelity_constrained_matched_geometry,fidelity_constrained_matched_geometry__seed11437,11437,14047,3,0.8152501073678736
PushT,jepa_wm_pusht,17,2,fidelity_constrained_matched_geometry,fidelity_constrained_matched_geometry__seed11437,11437,14047,6,0.7789558008559381
PushT,jepa_wm_pusht,18,2,fidelity_constrained_matched_geometry,fidelity_constrained_matched_geometry__seed11437,11437,14047,1,0.5897469238779937
PushT,jepa_wm_pusht,18,2,fidelity_constrained_matched_geometry,fidelity_constrained_matched_geometry__seed11437,11437,14047,3,0.5925415186248154
PushT,jepa_wm_pusht,18,2,fidelity_constrained_matched_geometry,fidelity_constrained_matched_geometry__seed11437,11437,14047,6,0.6417405820761609
PushT,jepa_wm_pusht,19,2,fidelity_constrained_matched_geometry,fidelity_constrained_matched_geometry__seed11437,11437,14047,1,0.844657550225814
PushT,jepa_wm_pusht,19,2,fidelity_constrained_matched_geometry,fidelity_constrained_matched_geometry__seed11437,11437,14047,3,0.7654947829624235
PushT,jepa_wm_pusht,19,2,fidelity_constrained_matched_geometry,fidelity_constrained_matched_geometry__seed11437,11437,14047,6,0.6840104701170616
PushT,jepa_wm_pusht,20,2,fidelity_constrained_matched_geometry,fidelity_constrained_matched_geometry__seed11437,11437,14047,1,1.0601550888803548
PushT,jepa_wm_pusht,20,2,fidelity_constrained_matched_geometry,fidelity_constrained_matched_geometry__seed11437,11437,14047,3,0.7856607778378378
PushT,jepa_wm_pusht,20,2,fidelity_constrained_matched_geometry,fidelity_constrained_matched_geometry__seed11437,11437,14047,6,0.7093679634151141
PushT,jepa_wm_pusht,21,2,fidelity_constrained_matched_geometry,fidelity_constrained_matched_geometry__seed11437,11437,14047,1,0.6065773571864732
PushT,jepa_wm_pusht,21,2,fidelity_constrained_matched_geometry,fidelity_constrained_matched_geometry__seed11437,11437,14047,3,0.7794848198941916
PushT,jepa_wm_pusht,21,2,fidelity_constrained_matched_geometry,fidelity_constrained_matched_geometry__seed11437,11437,14047,6,0.7923147748111073
PushT,jepa_wm_pusht,22,2,fidelity_constrained_matched_geometry,fidelity_constrained_matched_geometry__seed11437,11437,14047,1,0.6479944446642919
PushT,jepa_wm_pusht,22,2,fidelity_constrained_matched_geometry,fidelity_constrained_matched_geometry__seed11437,11437,14047,3,0.7549669877107872
PushT,jepa_wm_pusht,22,2,fidelity_constrained_matched_geometry,fidelity_constrained_matched_geometry__seed11437,11437,14047,6,0.7046524117311583
PushT,jepa_wm_pusht,23,2,fidelity_constrained_matched_geometry,fidelity_constrained_matched_geometry__seed11437,11437,14047,1,0.9423410017315956
PushT,jepa_wm_pusht,23,2,fidelity_constrained_matched_geometry,fidelity_constrained_matched_geometry__seed11437,11437,14047,3,0.6495763019347389
PushT,jepa_wm_pusht,23,2,fidelity_constrained_matched_geometry,fidelity_constrained_matched_geometry__seed11437,11437,14047,6,0.6548571789941494
PushT,jepa_wm_pusht,48,6,fidelity_constrained_matched_geometry,fidelity_constrained_matched_geometry__seed11437,11437,14047,1,1.7193445140222487
PushT,jepa_wm_pusht,48,6,fidelity_constrained_matched_geometry,fidelity_constrained_matched_geometry__seed11437,11437,14047,3,0.7922058381901498
PushT,jepa_wm_pusht,48,6,fidelity_constrained_matched_geometry,fidelity_constrained_matched_geometry__seed11437,11437,14047,6,0.7636278313497714
PushT,jepa_wm_pusht,49,6,fidelity_constrained_matched_geometry,fidelity_constrained_matched_geometry__seed11437,11437,14047,1,1.2540005831553271
PushT,jepa_wm_pusht,49,6,fidelity_constrained_matched_geometry,fidelity_constrained_matched_geometry__seed11437,11437,14047,3,0.7622112208762659
PushT,jepa_wm_pusht,49,6,fidelity_constrained_matched_geometry,fidelity_constrained_matched_geometry__seed11437,11437,14047,6,0.667282142830434
PushT,jepa_wm_pusht,50,6,fidelity_constrained_matched_geometry,fidelity_constrained_matched_geometry__seed11437,11437,14047,1,1.1062405026604425
PushT,jepa_wm_pusht,50,6,fidelity_constrained_matched_geometry,fidelity_constrained_matched_geometry__seed11437,11437,14047,3,0.7944975300870963
PushT,jepa_wm_pusht,50,6,fidelity_constrained_matched_geometry,fidelity_constrained_matched_geometry__seed11437,11437,14047,6,0.8817751663604066
PushT,jepa_wm_pusht,51,6,fidelity_constrained_matched_geometry,fidelity_constrained_matched_geometry__seed11437,11437,14047,1,1.3086926580256906
PushT,jepa_wm_pusht,51,6,fidelity_constrained_matched_geometry,fidelity_constrained_matched_geometry__seed11437,11437,14047,3,0.8064715560205986
PushT,jepa_wm_pusht,51,6,fidelity_constrained_matched_geometry,fidelity_constrained_matched_geometry__seed11437,11437,14047,6,0.7211957692154017
PushT,jepa_wm_pusht,52,6,fidelity_constrained_matched_geometry,fidelity_constrained_matched_geometry__seed11437,11437,14047,1,0.7321691984582867
PushT,jepa_wm_pusht,52,6,fidelity_constrained_matched_geometry,fidelity_constrained_matched_geometry__seed11437,11437,14047,3,0.7056281131881224
PushT,jepa_wm_pusht,52,6,fidelity_constrained_matched_geometry,fidelity_constrained_matched_geometry__seed11437,11437,14047,6,0.6699812512681348
PushT,jepa_wm_pusht,53,6,fidelity_constrained_matched_geometry,fidelity_constrained_matched_geometry__seed11437,11437,14047,1,1.0447396830250721
PushT,jepa_wm_pusht,53,6,fidelity_constrained_matched_geometry,fidelity_constrained_matched_geometry__seed11437,11437,14047,3,0.7476218511103214
PushT,jepa_wm_pusht,53,6,fidelity_constrained_matched_geometry,fidelity_constrained_matched_geometry__seed11437,11437,14047,6,0.7230460692103458
PushT,jepa_wm_pusht,54,6,fidelity_constrained_matched_geometry,fidelity_constrained_matched_geometry__seed11437,11437,14047,1,1.4407386635142796
PushT,jepa_wm_pusht,54,6,fidelity_constrained_matched_geometry,fidelity_constrained_matched_geometry__seed11437,11437,14047,3,1.2497320020786589
PushT,jepa_wm_pusht,54,6,fidelity_constrained_matched_geometry,fidelity_constrained_matched_geometry__seed11437,11437,14047,6,1.1299104168126668
PushT,jepa_wm_pusht,55,6,fidelity_constrained_matched_geometry,fidelity_constrained_matched_geometry__seed11437,11437,14047,1,0.6711692745640772
PushT,jepa_wm_pusht,55,6,fidelity_constrained_matched_geometry,fidelity_constrained_matched_geometry__seed11437,11437,14047,3,0.7588211314914296
PushT,jepa_wm_pusht,55,6,fidelity_constrained_matched_geometry,fidelity_constrained_matched_geometry__seed11437,11437,14047,6,0.6922687190111172
PushT,jepa_wm_pusht,8,1,frozen,frozen,-1,14065,1,0.9819851349550965
PushT,jepa_wm_pusht,8,1,frozen,frozen,-1,14065,3,0.8568265762191939
PushT,jepa_wm_pusht,8,1,frozen,frozen,-1,14065,6,0.8026889614737509
PushT,jepa_wm_pusht,9,1,frozen,frozen,-1,14065,1,1.2799908144261727
PushT,jepa_wm_pusht,9,1,frozen,frozen,-1,14065,3,0.9858115146906727
PushT,jepa_wm_pusht,9,1,frozen,frozen,-1,14065,6,0.8996102795164842
PushT,jepa_wm_pusht,10,1,frozen,frozen,-1,14065,1,1.4099403564099156
PushT,jepa_wm_pusht,10,1,frozen,frozen,-1,14065,3,1.08413600390202
PushT,jepa_wm_pusht,10,1,frozen,frozen,-1,14065,6,1.069460494921657
PushT,jepa_wm_pusht,11,1,frozen,frozen,-1,14065,1,1.6063493620760985
PushT,jepa_wm_pusht,11,1,frozen,frozen,-1,14065,3,0.960471283365679
PushT,jepa_wm_pusht,11,1,frozen,frozen,-1,14065,6,0.8967412592656996
PushT,jepa_wm_pusht,12,1,frozen,frozen,-1,14065,1,1.2841504629654792
PushT,jepa_wm_pusht,12,1,frozen,frozen,-1,14065,3,0.9194615516765132
PushT,jepa_wm_pusht,12,1,frozen,frozen,-1,14065,6,0.8185978153556727
PushT,jepa_wm_pusht,13,1,frozen,frozen,-1,14065,1,1.3072166514329904
PushT,jepa_wm_pusht,13,1,frozen,frozen,-1,14065,3,0.9180179528560776
PushT,jepa_wm_pusht,13,1,frozen,frozen,-1,14065,6,0.8526020016248071
PushT,jepa_wm_pusht,14,1,frozen,frozen,-1,14065,1,0.505837693616591
PushT,jepa_wm_pusht,14,1,frozen,frozen,-1,14065,3,0.6234829416127916
PushT,jepa_wm_pusht,14,1,frozen,frozen,-1,14065,6,0.7175392504697922
PushT,jepa_wm_pusht,15,1,frozen,frozen,-1,14065,1,0.6214115035376511
PushT,jepa_wm_pusht,15,1,frozen,frozen,-1,14065,3,0.7831671993017669
PushT,jepa_wm_pusht,15,1,frozen,frozen,-1,14065,6,0.7483074751416029
PushT,jepa_wm_pusht,16,2,frozen,frozen,-1,14065,1,1.2613640687015932
PushT,jepa_wm_pusht,16,2,frozen,frozen,-1,14065,3,1.156243925991262
PushT,jepa_wm_pusht,16,2,frozen,frozen,-1,14065,6,1.1492425379196034
PushT,jepa_wm_pusht,17,2,frozen,frozen,-1,14065,1,0.6244948496475736
PushT,jepa_wm_pusht,17,2,frozen,frozen,-1,14065,3,0.8647233021007696
PushT,jepa_wm_pusht,17,2,frozen,frozen,-1,14065,6,0.8655559556116086
PushT,jepa_wm_pusht,18,2,frozen,frozen,-1,14065,1,0.5573239877935455
PushT,jepa_wm_pusht,18,2,frozen,frozen,-1,14065,3,0.5887876909619097
PushT,jepa_wm_pusht,18,2,frozen,frozen,-1,14065,6,0.6917835685471017
PushT,jepa_wm_pusht,19,2,frozen,frozen,-1,14065,1,0.7720102070200867
PushT,jepa_wm_pusht,19,2,frozen,frozen,-1,14065,3,0.717953943302476
PushT,jepa_wm_pusht,19,2,frozen,frozen,-1,14065,6,0.7489349671234813
PushT,jepa_wm_pusht,20,2,frozen,frozen,-1,14065,1,1.0781813767904693
PushT,jepa_wm_pusht,20,2,frozen,frozen,-1,14065,3,0.7912441941489545
PushT,jepa_wm_pusht,20,2,frozen,frozen,-1,14065,6,0.8288677010031122
PushT,jepa_wm_pusht,21,2,frozen,frozen,-1,14065,1,0.5844044697119768
PushT,jepa_wm_pusht,21,2,frozen,frozen,-1,14065,3,0.8478691440469409
PushT,jepa_wm_pusht,21,2,frozen,frozen,-1,14065,6,0.8820068675999058
PushT,jepa_wm_pusht,22,2,frozen,frozen,-1,14065,1,0.6735434138821502
PushT,jepa_wm_pusht,22,2,frozen,frozen,-1,14065,3,0.8682586149626833
PushT,jepa_wm_pusht,22,2,frozen,frozen,-1,14065,6,0.8209562028807881
PushT,jepa_wm_pusht,23,2,frozen,frozen,-1,14065,1,0.8773092333280134
PushT,jepa_wm_pusht,23,2,frozen,frozen,-1,14065,3,0.6419720227503413
PushT,jepa_wm_pusht,23,2,frozen,frozen,-1,14065,6,0.6961992952130573
PushT,jepa_wm_pusht,48,6,frozen,frozen,-1,14065,1,1.7206664698434464
PushT,jepa_wm_pusht,48,6,frozen,frozen,-1,14065,3,0.836949373795447
PushT,jepa_wm_pusht,48,6,frozen,frozen,-1,14065,6,0.7828973597540041
PushT,jepa_wm_pusht,49,6,frozen,frozen,-1,14065,1,1.238203022778608
PushT,jepa_wm_pusht,49,6,frozen,frozen,-1,14065,3,0.7923383736845717
PushT,jepa_wm_pusht,49,6,frozen,frozen,-1,14065,6,0.7225396007511184
PushT,jepa_wm_pusht,50,6,frozen,frozen,-1,14065,1,1.0397341611851207
PushT,jepa_wm_pusht,50,6,frozen,frozen,-1,14065,3,0.8063748982535567
PushT,jepa_wm_pusht,50,6,frozen,frozen,-1,14065,6,0.9334619137617404
PushT,jepa_wm_pusht,51,6,frozen,frozen,-1,14065,1,1.1569045402377656
PushT,jepa_wm_pusht,51,6,frozen,frozen,-1,14065,3,0.7859173586134336
PushT,jepa_wm_pusht,51,6,frozen,frozen,-1,14065,6,0.7041127898268607
PushT,jepa_wm_pusht,52,6,frozen,frozen,-1,14065,1,0.7522687293563368
PushT,jepa_wm_pusht,52,6,frozen,frozen,-1,14065,3,0.642508851926935
PushT,jepa_wm_pusht,52,6,frozen,frozen,-1,14065,6,0.6832292778255449
PushT,jepa_wm_pusht,53,6,frozen,frozen,-1,14065,1,1.0067861319725944
PushT,jepa_wm_pusht,53,6,frozen,frozen,-1,14065,3,0.745867019958533
PushT,jepa_wm_pusht,53,6,frozen,frozen,-1,14065,6,0.8269147027774497
PushT,jepa_wm_pusht,54,6,frozen,frozen,-1,14065,1,1.4818008150053845
PushT,jepa_wm_pusht,54,6,frozen,frozen,-1,14065,3,1.2097891170878856
PushT,jepa_wm_pusht,54,6,frozen,frozen,-1,14065,6,1.160229888433007
PushT,jepa_wm_pusht,55,6,frozen,frozen,-1,14065,1,0.6763914691835208
PushT,jepa_wm_pusht,55,6,frozen,frozen,-1,14065,3,0.786851388150676
PushT,jepa_wm_pusht,55,6,frozen,frozen,-1,14065,6,0.7414019263182665
PushT,jepa_wm_pusht,8,1,fidelity_constrained_latent_only,fidelity_constrained_latent_only__seed11401,11401,14065,1,0.9650298337696317
PushT,jepa_wm_pusht,8,1,fidelity_constrained_latent_only,fidelity_constrained_latent_only__seed11401,11401,14065,3,0.8267586402555936
PushT,jepa_wm_pusht,8,1,fidelity_constrained_latent_only,fidelity_constrained_latent_only__seed11401,11401,14065,6,0.7229272887926632
PushT,jepa_wm_pusht,9,1,fidelity_constrained_latent_only,fidelity_constrained_latent_only__seed11401,11401,14065,1,1.2826751424876743
PushT,jepa_wm_pusht,9,1,fidelity_constrained_latent_only,fidelity_constrained_latent_only__seed11401,11401,14065,3,0.9498021903761724
PushT,jepa_wm_pusht,9,1,fidelity_constrained_latent_only,fidelity_constrained_latent_only__seed11401,11401,14065,6,0.8087045491596044
PushT,jepa_wm_pusht,10,1,fidelity_constrained_latent_only,fidelity_constrained_latent_only__seed11401,11401,14065,1,1.3889388603674915
PushT,jepa_wm_pusht,10,1,fidelity_constrained_latent_only,fidelity_constrained_latent_only__seed11401,11401,14065,3,1.0904962817598827
PushT,jepa_wm_pusht,10,1,fidelity_constrained_latent_only,fidelity_constrained_latent_only__seed11401,11401,14065,6,1.0790560846367052
PushT,jepa_wm_pusht,11,1,fidelity_constrained_latent_only,fidelity_constrained_latent_only__seed11401,11401,14065,1,1.5893262117673963
PushT,jepa_wm_pusht,11,1,fidelity_constrained_latent_only,fidelity_constrained_latent_only__seed11401,11401,14065,3,0.9659208897994588
PushT,jepa_wm_pusht,11,1,fidelity_constrained_latent_only,fidelity_constrained_latent_only__seed11401,11401,14065,6,0.9403994336714924
PushT,jepa_wm_pusht,12,1,fidelity_constrained_latent_only,fidelity_constrained_latent_only__seed11401,11401,14065,1,1.2747353278972875
PushT,jepa_wm_pusht,12,1,fidelity_constrained_latent_only,fidelity_constrained_latent_only__seed11401,11401,14065,3,0.9142390695486026
PushT,jepa_wm_pusht,12,1,fidelity_constrained_latent_only,fidelity_constrained_latent_only__seed11401,11401,14065,6,0.8623408214100524
PushT,jepa_wm_pusht,13,1,fidelity_constrained_latent_only,fidelity_constrained_latent_only__seed11401,11401,14065,1,1.2727059901655184
PushT,jepa_wm_pusht,13,1,fidelity_constrained_latent_only,fidelity_constrained_latent_only__seed11401,11401,14065,3,0.8509428981264484
PushT,jepa_wm_pusht,13,1,fidelity_constrained_latent_only,fidelity_constrained_latent_only__seed11401,11401,14065,6,0.811900589255891
PushT,jepa_wm_pusht,14,1,fidelity_constrained_latent_only,fidelity_constrained_latent_only__seed11401,11401,14065,1,0.5014380977118933
PushT,jepa_wm_pusht,14,1,fidelity_constrained_latent_only,fidelity_constrained_latent_only__seed11401,11401,14065,3,0.6066245997197635
PushT,jepa_wm_pusht,14,1,fidelity_constrained_latent_only,fidelity_constrained_latent_only__seed11401,11401,14065,6,0.6316843289905176
PushT,jepa_wm_pusht,15,1,fidelity_constrained_latent_only,fidelity_constrained_latent_only__seed11401,11401,14065,1,0.6168940791869795
PushT,jepa_wm_pusht,15,1,fidelity_constrained_latent_only,fidelity_constrained_latent_only__seed11401,11401,14065,3,0.7403046509896977
PushT,jepa_wm_pusht,15,1,fidelity_constrained_latent_only,fidelity_constrained_latent_only__seed11401,11401,14065,6,0.6691647119960755
PushT,jepa_wm_pusht,16,2,fidelity_constrained_latent_only,fidelity_constrained_latent_only__seed11401,11401,14065,1,1.2292867730591885
PushT,jepa_wm_pusht,16,2,fidelity_constrained_latent_only,fidelity_constrained_latent_only__seed11401,11401,14065,3,1.1014347754603557
PushT,jepa_wm_pusht,16,2,fidelity_constrained_latent_only,fidelity_constrained_latent_only__seed11401,11401,14065,6,1.0832038742793797
PushT,jepa_wm_pusht,17,2,fidelity_constrained_latent_only,fidelity_constrained_latent_only__seed11401,11401,14065,1,0.614417195883113
PushT,jepa_wm_pusht,17,2,fidelity_constrained_latent_only,fidelity_constrained_latent_only__seed11401,11401,14065,3,0.8531951034832213
PushT,jepa_wm_pusht,17,2,fidelity_constrained_latent_only,fidelity_constrained_latent_only__seed11401,11401,14065,6,0.8216706967528778
PushT,jepa_wm_pusht,18,2,fidelity_constrained_latent_only,fidelity_constrained_latent_only__seed11401,11401,14065,1,0.5565062530247378
PushT,jepa_wm_pusht,18,2,fidelity_constrained_latent_only,fidelity_constrained_latent_only__seed11401,11401,14065,3,0.5665400579607983
PushT,jepa_wm_pusht,18,2,fidelity_constrained_latent_only,fidelity_constrained_latent_only__seed11401,11401,14065,6,0.6271545476660373
PushT,jepa_wm_pusht,19,2,fidelity_constrained_latent_only,fidelity_constrained_latent_only__seed11401,11401,14065,1,0.7890091234483951
PushT,jepa_wm_pusht,19,2,fidelity_constrained_latent_only,fidelity_constrained_latent_only__seed11401,11401,14065,3,0.7124740902497834
PushT,jepa_wm_pusht,19,2,fidelity_constrained_latent_only,fidelity_constrained_latent_only__seed11401,11401,14065,6,0.6725258724412675
PushT,jepa_wm_pusht,20,2,fidelity_constrained_latent_only,fidelity_constrained_latent_only__seed11401,11401,14065,1,1.0580292220665615
PushT,jepa_wm_pusht,20,2,fidelity_constrained_latent_only,fidelity_constrained_latent_only__seed11401,11401,14065,3,0.7502090533577268
PushT,jepa_wm_pusht,20,2,fidelity_constrained_latent_only,fidelity_constrained_latent_only__seed11401,11401,14065,6,0.717974431707122
PushT,jepa_wm_pusht,21,2,fidelity_constrained_latent_only,fidelity_constrained_latent_only__seed11401,11401,14065,1,0.5763916261086947
PushT,jepa_wm_pusht,21,2,fidelity_constrained_latent_only,fidelity_constrained_latent_only__seed11401,11401,14065,3,0.8180382232859825
PushT,jepa_wm_pusht,21,2,fidelity_constrained_latent_only,fidelity_constrained_latent_only__seed11401,11401,14065,6,0.7864307164919061
PushT,jepa_wm_pusht,22,2,fidelity_constrained_latent_only,fidelity_constrained_latent_only__seed11401,11401,14065,1,0.6398927439368534
PushT,jepa_wm_pusht,22,2,fidelity_constrained_latent_only,fidelity_constrained_latent_only__seed11401,11401,14065,3,0.8100023177806888
PushT,jepa_wm_pusht,22,2,fidelity_constrained_latent_only,fidelity_constrained_latent_only__seed11401,11401,14065,6,0.722456971156549
PushT,jepa_wm_pusht,23,2,fidelity_constrained_latent_only,fidelity_constrained_latent_only__seed11401,11401,14065,1,0.8749457915372175
PushT,jepa_wm_pusht,23,2,fidelity_constrained_latent_only,fidelity_constrained_latent_only__seed11401,11401,14065,3,0.6343373427723529
PushT,jepa_wm_pusht,23,2,fidelity_constrained_latent_only,fidelity_constrained_latent_only__seed11401,11401,14065,6,0.6686685512388469
PushT,jepa_wm_pusht,48,6,fidelity_constrained_latent_only,fidelity_constrained_latent_only__seed11401,11401,14065,1,1.758713339460907
PushT,jepa_wm_pusht,48,6,fidelity_constrained_latent_only,fidelity_constrained_latent_only__seed11401,11401,14065,3,0.8672627699199494
PushT,jepa_wm_pusht,48,6,fidelity_constrained_latent_only,fidelity_constrained_latent_only__seed11401,11401,14065,6,0.783447688401654
PushT,jepa_wm_pusht,49,6,fidelity_constrained_latent_only,fidelity_constrained_latent_only__seed11401,11401,14065,1,1.2256723188114103
PushT,jepa_wm_pusht,49,6,fidelity_constrained_latent_only,fidelity_constrained_latent_only__seed11401,11401,14065,3,0.7877027137649077
PushT,jepa_wm_pusht,49,6,fidelity_constrained_latent_only,fidelity_constrained_latent_only__seed11401,11401,14065,6,0.651629390534848
PushT,jepa_wm_pusht,50,6,fidelity_constrained_latent_only,fidelity_constrained_latent_only__seed11401,11401,14065,1,1.0378806590148961
PushT,jepa_wm_pusht,50,6,fidelity_constrained_latent_only,fidelity_constrained_latent_only__seed11401,11401,14065,3,0.8007126780159395
PushT,jepa_wm_pusht,50,6,fidelity_constrained_latent_only,fidelity_constrained_latent_only__seed11401,11401,14065,6,0.8467179952853061
PushT,jepa_wm_pusht,51,6,fidelity_constrained_latent_only,fidelity_constrained_latent_only__seed11401,11401,14065,1,1.1787769542091513
PushT,jepa_wm_pusht,51,6,fidelity_constrained_latent_only,fidelity_constrained_latent_only__seed11401,11401,14065,3,0.7933862718237636
PushT,jepa_wm_pusht,51,6,fidelity_constrained_latent_only,fidelity_constrained_latent_only__seed11401,11401,14065,6,0.6959083383426219
PushT,jepa_wm_pusht,52,6,fidelity_constrained_latent_only,fidelity_constrained_latent_only__seed11401,11401,14065,1,0.7217953393096633
PushT,jepa_wm_pusht,52,6,fidelity_constrained_latent_only,fidelity_constrained_latent_only__seed11401,11401,14065,3,0.6368453259970971
PushT,jepa_wm_pusht,52,6,fidelity_constrained_latent_only,fidelity_constrained_latent_only__seed11401,11401,14065,6,0.6352797960199427
PushT,jepa_wm_pusht,53,6,fidelity_constrained_latent_only,fidelity_constrained_latent_only__seed11401,11401,14065,1,1.0072855098862588
PushT,jepa_wm_pusht,53,6,fidelity_constrained_latent_only,fidelity_constrained_latent_only__seed11401,11401,14065,3,0.7123057370394842
PushT,jepa_wm_pusht,53,6,fidelity_constrained_latent_only,fidelity_constrained_latent_only__seed11401,11401,14065,6,0.7893007025477586
PushT,jepa_wm_pusht,54,6,fidelity_constrained_latent_only,fidelity_constrained_latent_only__seed11401,11401,14065,1,1.4801482291084527
PushT,jepa_wm_pusht,54,6,fidelity_constrained_latent_only,fidelity_constrained_latent_only__seed11401,11401,14065,3,1.2125732897562533
PushT,jepa_wm_pusht,54,6,fidelity_constrained_latent_only,fidelity_constrained_latent_only__seed11401,11401,14065,6,1.1415845285748858
PushT,jepa_wm_pusht,55,6,fidelity_constrained_latent_only,fidelity_constrained_latent_only__seed11401,11401,14065,1,0.6385605728811666
PushT,jepa_wm_pusht,55,6,fidelity_constrained_latent_only,fidelity_constrained_latent_only__seed11401,11401,14065,3,0.8198345438347953
PushT,jepa_wm_pusht,55,6,fidelity_constrained_latent_only,fidelity_constrained_latent_only__seed11401,11401,14065,6,0.7191253949388055
PushT,jepa_wm_pusht,8,1,fidelity_constrained_shuffled_geometry,fidelity_constrained_shuffled_geometry__seed11401,11401,14065,1,0.9762052684467131
PushT,jepa_wm_pusht,8,1,fidelity_constrained_shuffled_geometry,fidelity_constrained_shuffled_geometry__seed11401,11401,14065,3,0.8822348243659441
PushT,jepa_wm_pusht,8,1,fidelity_constrained_shuffled_geometry,fidelity_constrained_shuffled_geometry__seed11401,11401,14065,6,0.8014026736347489
PushT,jepa_wm_pusht,9,1,fidelity_constrained_shuffled_geometry,fidelity_constrained_shuffled_geometry__seed11401,11401,14065,1,1.2924879610603057
PushT,jepa_wm_pusht,9,1,fidelity_constrained_shuffled_geometry,fidelity_constrained_shuffled_geometry__seed11401,11401,14065,3,1.0028084044622088
PushT,jepa_wm_pusht,9,1,fidelity_constrained_shuffled_geometry,fidelity_constrained_shuffled_geometry__seed11401,11401,14065,6,0.8392098850950216
PushT,jepa_wm_pusht,10,1,fidelity_constrained_shuffled_geometry,fidelity_constrained_shuffled_geometry__seed11401,11401,14065,1,1.4011760109270326
PushT,jepa_wm_pusht,10,1,fidelity_constrained_shuffled_geometry,fidelity_constrained_shuffled_geometry__seed11401,11401,14065,3,1.1000683050889852
PushT,jepa_wm_pusht,10,1,fidelity_constrained_shuffled_geometry,fidelity_constrained_shuffled_geometry__seed11401,11401,14065,6,1.0490353546339946
PushT,jepa_wm_pusht,11,1,fidelity_constrained_shuffled_geometry,fidelity_constrained_shuffled_geometry__seed11401,11401,14065,1,1.5783931954902657
PushT,jepa_wm_pusht,11,1,fidelity_constrained_shuffled_geometry,fidelity_constrained_shuffled_geometry__seed11401,11401,14065,3,0.9249865999141365
PushT,jepa_wm_pusht,11,1,fidelity_constrained_shuffled_geometry,fidelity_constrained_shuffled_geometry__seed11401,11401,14065,6,0.8919475980683338
PushT,jepa_wm_pusht,12,1,fidelity_constrained_shuffled_geometry,fidelity_constrained_shuffled_geometry__seed11401,11401,14065,1,1.2624050054771911
PushT,jepa_wm_pusht,12,1,fidelity_constrained_shuffled_geometry,fidelity_constrained_shuffled_geometry__seed11401,11401,14065,3,0.8904506373571504
PushT,jepa_wm_pusht,12,1,fidelity_constrained_shuffled_geometry,fidelity_constrained_shuffled_geometry__seed11401,11401,14065,6,0.8025514177479325
PushT,jepa_wm_pusht,13,1,fidelity_constrained_shuffled_geometry,fidelity_constrained_shuffled_geometry__seed11401,11401,14065,1,1.3225111695481673
PushT,jepa_wm_pusht,13,1,fidelity_constrained_shuffled_geometry,fidelity_constrained_shuffled_geometry__seed11401,11401,14065,3,0.9269361027257138
PushT,jepa_wm_pusht,13,1,fidelity_constrained_shuffled_geometry,fidelity_constrained_shuffled_geometry__seed11401,11401,14065,6,0.843903754492665
PushT,jepa_wm_pusht,14,1,fidelity_constrained_shuffled_geometry,fidelity_constrained_shuffled_geometry__seed11401,11401,14065,1,0.4988195829492093
PushT,jepa_wm_pusht,14,1,fidelity_constrained_shuffled_geometry,fidelity_constrained_shuffled_geometry__seed11401,11401,14065,3,0.6664495495081929
PushT,jepa_wm_pusht,14,1,fidelity_constrained_shuffled_geometry,fidelity_constrained_shuffled_geometry__seed11401,11401,14065,6,0.706288667566886
PushT,jepa_wm_pusht,15,1,fidelity_constrained_shuffled_geometry,fidelity_constrained_shuffled_geometry__seed11401,11401,14065,1,0.6109532847065408
PushT,jepa_wm_pusht,15,1,fidelity_constrained_shuffled_geometry,fidelity_constrained_shuffled_geometry__seed11401,11401,14065,3,0.7977798589705704
PushT,jepa_wm_pusht,15,1,fidelity_constrained_shuffled_geometry,fidelity_constrained_shuffled_geometry__seed11401,11401,14065,6,0.7379426562399473
PushT,jepa_wm_pusht,16,2,fidelity_constrained_shuffled_geometry,fidelity_constrained_shuffled_geometry__seed11401,11401,14065,1,1.2211572215118536
PushT,jepa_wm_pusht,16,2,fidelity_constrained_shuffled_geometry,fidelity_constrained_shuffled_geometry__seed11401,11401,14065,3,1.1403386053185975
PushT,jepa_wm_pusht,16,2,fidelity_constrained_shuffled_geometry,fidelity_constrained_shuffled_geometry__seed11401,11401,14065,6,1.090674047358209
PushT,jepa_wm_pusht,17,2,fidelity_constrained_shuffled_geometry,fidelity_constrained_shuffled_geometry__seed11401,11401,14065,1,0.6137405069364649
PushT,jepa_wm_pusht,17,2,fidelity_constrained_shuffled_geometry,fidelity_constrained_shuffled_geometry__seed11401,11401,14065,3,0.8900439868131481
PushT,jepa_wm_pusht,17,2,fidelity_constrained_shuffled_geometry,fidelity_constrained_shuffled_geometry__seed11401,11401,14065,6,0.7601715470671516
PushT,jepa_wm_pusht,18,2,fidelity_constrained_shuffled_geometry,fidelity_constrained_shuffled_geometry__seed11401,11401,14065,1,0.5788782620282743
PushT,jepa_wm_pusht,18,2,fidelity_constrained_shuffled_geometry,fidelity_constrained_shuffled_geometry__seed11401,11401,14065,3,0.6097196707346938
PushT,jepa_wm_pusht,18,2,fidelity_constrained_shuffled_geometry,fidelity_constrained_shuffled_geometry__seed11401,11401,14065,6,0.6753839110699791
PushT,jepa_wm_pusht,19,2,fidelity_constrained_shuffled_geometry,fidelity_constrained_shuffled_geometry__seed11401,11401,14065,1,0.7999722357313519
PushT,jepa_wm_pusht,19,2,fidelity_constrained_shuffled_geometry,fidelity_constrained_shuffled_geometry__seed11401,11401,14065,3,0.7590067608500617
PushT,jepa_wm_pusht,19,2,fidelity_constrained_shuffled_geometry,fidelity_constrained_shuffled_geometry__seed11401,11401,14065,6,0.7222853813744077
PushT,jepa_wm_pusht,20,2,fidelity_constrained_shuffled_geometry,fidelity_constrained_shuffled_geometry__seed11401,11401,14065,1,1.081222744489336
PushT,jepa_wm_pusht,20,2,fidelity_constrained_shuffled_geometry,fidelity_constrained_shuffled_geometry__seed11401,11401,14065,3,0.8094870447025528
PushT,jepa_wm_pusht,20,2,fidelity_constrained_shuffled_geometry,fidelity_constrained_shuffled_geometry__seed11401,11401,14065,6,0.7332747749875853
PushT,jepa_wm_pusht,21,2,fidelity_constrained_shuffled_geometry,fidelity_constrained_shuffled_geometry__seed11401,11401,14065,1,0.5870870305966437
PushT,jepa_wm_pusht,21,2,fidelity_constrained_shuffled_geometry,fidelity_constrained_shuffled_geometry__seed11401,11401,14065,3,0.8469547125516849
PushT,jepa_wm_pusht,21,2,fidelity_constrained_shuffled_geometry,fidelity_constrained_shuffled_geometry__seed11401,11401,14065,6,0.8561627812836953
PushT,jepa_wm_pusht,22,2,fidelity_constrained_shuffled_geometry,fidelity_constrained_shuffled_geometry__seed11401,11401,14065,1,0.6248063714615161
PushT,jepa_wm_pusht,22,2,fidelity_constrained_shuffled_geometry,fidelity_constrained_shuffled_geometry__seed11401,11401,14065,3,0.8754963477484385
PushT,jepa_wm_pusht,22,2,fidelity_constrained_shuffled_geometry,fidelity_constrained_shuffled_geometry__seed11401,11401,14065,6,0.7511924842147956
PushT,jepa_wm_pusht,23,2,fidelity_constrained_shuffled_geometry,fidelity_constrained_shuffled_geometry__seed11401,11401,14065,1,0.9059460875138329
PushT,jepa_wm_pusht,23,2,fidelity_constrained_shuffled_geometry,fidelity_constrained_shuffled_geometry__seed11401,11401,14065,3,0.6621743250658799
PushT,jepa_wm_pusht,23,2,fidelity_constrained_shuffled_geometry,fidelity_constrained_shuffled_geometry__seed11401,11401,14065,6,0.7471747239563985
PushT,jepa_wm_pusht,48,6,fidelity_constrained_shuffled_geometry,fidelity_constrained_shuffled_geometry__seed11401,11401,14065,1,1.7058880855078913
PushT,jepa_wm_pusht,48,6,fidelity_constrained_shuffled_geometry,fidelity_constrained_shuffled_geometry__seed11401,11401,14065,3,0.8475386845228675
PushT,jepa_wm_pusht,48,6,fidelity_constrained_shuffled_geometry,fidelity_constrained_shuffled_geometry__seed11401,11401,14065,6,0.7833831772946329
PushT,jepa_wm_pusht,49,6,fidelity_constrained_shuffled_geometry,fidelity_constrained_shuffled_geometry__seed11401,11401,14065,1,1.2297403159780385
PushT,jepa_wm_pusht,49,6,fidelity_constrained_shuffled_geometry,fidelity_constrained_shuffled_geometry__seed11401,11401,14065,3,0.8245522236981668
PushT,jepa_wm_pusht,49,6,fidelity_constrained_shuffled_geometry,fidelity_constrained_shuffled_geometry__seed11401,11401,14065,6,0.6774417380157836
PushT,jepa_wm_pusht,50,6,fidelity_constrained_shuffled_geometry,fidelity_constrained_shuffled_geometry__seed11401,11401,14065,1,1.0470337078235183
PushT,jepa_wm_pusht,50,6,fidelity_constrained_shuffled_geometry,fidelity_constrained_shuffled_geometry__seed11401,11401,14065,3,0.8423813446661268
PushT,jepa_wm_pusht,50,6,fidelity_constrained_shuffled_geometry,fidelity_constrained_shuffled_geometry__seed11401,11401,14065,6,0.9370292711381145
PushT,jepa_wm_pusht,51,6,fidelity_constrained_shuffled_geometry,fidelity_constrained_shuffled_geometry__seed11401,11401,14065,1,1.2153917999050516
PushT,jepa_wm_pusht,51,6,fidelity_constrained_shuffled_geometry,fidelity_constrained_shuffled_geometry__seed11401,11401,14065,3,0.8204925060590527
PushT,jepa_wm_pusht,51,6,fidelity_constrained_shuffled_geometry,fidelity_constrained_shuffled_geometry__seed11401,11401,14065,6,0.8168690290261278
PushT,jepa_wm_pusht,52,6,fidelity_constrained_shuffled_geometry,fidelity_constrained_shuffled_geometry__seed11401,11401,14065,1,0.7269794170187746
PushT,jepa_wm_pusht,52,6,fidelity_constrained_shuffled_geometry,fidelity_constrained_shuffled_geometry__seed11401,11401,14065,3,0.7259969781717859
PushT,jepa_wm_pusht,52,6,fidelity_constrained_shuffled_geometry,fidelity_constrained_shuffled_geometry__seed11401,11401,14065,6,0.7420870307038497
PushT,jepa_wm_pusht,53,6,fidelity_constrained_shuffled_geometry,fidelity_constrained_shuffled_geometry__seed11401,11401,14065,1,1.00672353834841
PushT,jepa_wm_pusht,53,6,fidelity_constrained_shuffled_geometry,fidelity_constrained_shuffled_geometry__seed11401,11401,14065,3,0.792332490963545
PushT,jepa_wm_pusht,53,6,fidelity_constrained_shuffled_geometry,fidelity_constrained_shuffled_geometry__seed11401,11401,14065,6,0.8243898175409133
PushT,jepa_wm_pusht,54,6,fidelity_constrained_shuffled_geometry,fidelity_constrained_shuffled_geometry__seed11401,11401,14065,1,1.4303257209402285
PushT,jepa_wm_pusht,54,6,fidelity_constrained_shuffled_geometry,fidelity_constrained_shuffled_geometry__seed11401,11401,14065,3,1.1766863982027824
PushT,jepa_wm_pusht,54,6,fidelity_constrained_shuffled_geometry,fidelity_constrained_shuffled_geometry__seed11401,11401,14065,6,1.0944823018389662
PushT,jepa_wm_pusht,55,6,fidelity_constrained_shuffled_geometry,fidelity_constrained_shuffled_geometry__seed11401,11401,14065,1,0.64169214781667
PushT,jepa_wm_pusht,55,6,fidelity_constrained_shuffled_geometry,fidelity_constrained_shuffled_geometry__seed11401,11401,14065,3,0.8367619243816203
PushT,jepa_wm_pusht,55,6,fidelity_constrained_shuffled_geometry,fidelity_constrained_shuffled_geometry__seed11401,11401,14065,6,0.7265310155637754
PushT,jepa_wm_pusht,8,1,fidelity_constrained_matched_geometry,fidelity_constrained_matched_geometry__seed11401,11401,14065,1,0.9755476393166704
PushT,jepa_wm_pusht,8,1,fidelity_constrained_matched_geometry,fidelity_constrained_matched_geometry__seed11401,11401,14065,3,0.8449236111948542
PushT,jepa_wm_pusht,8,1,fidelity_constrained_matched_geometry,fidelity_constrained_matched_geometry__seed11401,11401,14065,6,0.7356970543500332
PushT,jepa_wm_pusht,9,1,fidelity_constrained_matched_geometry,fidelity_constrained_matched_geometry__seed11401,11401,14065,1,1.2793125060645938
PushT,jepa_wm_pusht,9,1,fidelity_constrained_matched_geometry,fidelity_constrained_matched_geometry__seed11401,11401,14065,3,0.9500370456767553
PushT,jepa_wm_pusht,9,1,fidelity_constrained_matched_geometry,fidelity_constrained_matched_geometry__seed11401,11401,14065,6,0.7944657076120127
PushT,jepa_wm_pusht,10,1,fidelity_constrained_matched_geometry,fidelity_constrained_matched_geometry__seed11401,11401,14065,1,1.3967326090087284
PushT,jepa_wm_pusht,10,1,fidelity_constrained_matched_geometry,fidelity_constrained_matched_geometry__seed11401,11401,14065,3,1.0925544420022815
PushT,jepa_wm_pusht,10,1,fidelity_constrained_matched_geometry,fidelity_constrained_matched_geometry__seed11401,11401,14065,6,1.047196073308663
PushT,jepa_wm_pusht,11,1,fidelity_constrained_matched_geometry,fidelity_constrained_matched_geometry__seed11401,11401,14065,1,1.556527885620858
PushT,jepa_wm_pusht,11,1,fidelity_constrained_matched_geometry,fidelity_constrained_matched_geometry__seed11401,11401,14065,3,0.9347811895723055
PushT,jepa_wm_pusht,11,1,fidelity_constrained_matched_geometry,fidelity_constrained_matched_geometry__seed11401,11401,14065,6,0.8933061883692122
PushT,jepa_wm_pusht,12,1,fidelity_constrained_matched_geometry,fidelity_constrained_matched_geometry__seed11401,11401,14065,1,1.2451153245859663
PushT,jepa_wm_pusht,12,1,fidelity_constrained_matched_geometry,fidelity_constrained_matched_geometry__seed11401,11401,14065,3,0.8821937032941812
PushT,jepa_wm_pusht,12,1,fidelity_constrained_matched_geometry,fidelity_constrained_matched_geometry__seed11401,11401,14065,6,0.8056500315518934
PushT,jepa_wm_pusht,13,1,fidelity_constrained_matched_geometry,fidelity_constrained_matched_geometry__seed11401,11401,14065,1,1.2894786475590723
PushT,jepa_wm_pusht,13,1,fidelity_constrained_matched_geometry,fidelity_constrained_matched_geometry__seed11401,11401,14065,3,0.8677257157881844
PushT,jepa_wm_pusht,13,1,fidelity_constrained_matched_geometry,fidelity_constrained_matched_geometry__seed11401,11401,14065,6,0.8180390717792808
PushT,jepa_wm_pusht,14,1,fidelity_constrained_matched_geometry,fidelity_constrained_matched_geometry__seed11401,11401,14065,1,0.4903215065947309
PushT,jepa_wm_pusht,14,1,fidelity_constrained_matched_geometry,fidelity_constrained_matched_geometry__seed11401,11401,14065,3,0.6005804125618383
PushT,jepa_wm_pusht,14,1,fidelity_constrained_matched_geometry,fidelity_constrained_matched_geometry__seed11401,11401,14065,6,0.6433293012622506
PushT,jepa_wm_pusht,15,1,fidelity_constrained_matched_geometry,fidelity_constrained_matched_geometry__seed11401,11401,14065,1,0.6031327555217747
PushT,jepa_wm_pusht,15,1,fidelity_constrained_matched_geometry,fidelity_constrained_matched_geometry__seed11401,11401,14065,3,0.7432351151307616
PushT,jepa_wm_pusht,15,1,fidelity_constrained_matched_geometry,fidelity_constrained_matched_geometry__seed11401,11401,14065,6,0.6597775607012656
PushT,jepa_wm_pusht,16,2,fidelity_constrained_matched_geometry,fidelity_constrained_matched_geometry__seed11401,11401,14065,1,1.2006671101440138
PushT,jepa_wm_pusht,16,2,fidelity_constrained_matched_geometry,fidelity_constrained_matched_geometry__seed11401,11401,14065,3,1.0798796039054839
PushT,jepa_wm_pusht,16,2,fidelity_constrained_matched_geometry,fidelity_constrained_matched_geometry__seed11401,11401,14065,6,1.0597099381547395
PushT,jepa_wm_pusht,17,2,fidelity_constrained_matched_geometry,fidelity_constrained_matched_geometry__seed11401,11401,14065,1,0.6121249452264736
PushT,jepa_wm_pusht,17,2,fidelity_constrained_matched_geometry,fidelity_constrained_matched_geometry__seed11401,11401,14065,3,0.8569588260860306
PushT,jepa_wm_pusht,17,2,fidelity_constrained_matched_geometry,fidelity_constrained_matched_geometry__seed11401,11401,14065,6,0.8062942010149895
PushT,jepa_wm_pusht,18,2,fidelity_constrained_matched_geometry,fidelity_constrained_matched_geometry__seed11401,11401,14065,1,0.5656001712075555
PushT,jepa_wm_pusht,18,2,fidelity_constrained_matched_geometry,fidelity_constrained_matched_geometry__seed11401,11401,14065,3,0.5657522507851168
PushT,jepa_wm_pusht,18,2,fidelity_constrained_matched_geometry,fidelity_constrained_matched_geometry__seed11401,11401,14065,6,0.6176724827763975
PushT,jepa_wm_pusht,19,2,fidelity_constrained_matched_geometry,fidelity_constrained_matched_geometry__seed11401,11401,14065,1,0.7837645440930395
PushT,jepa_wm_pusht,19,2,fidelity_constrained_matched_geometry,fidelity_constrained_matched_geometry__seed11401,11401,14065,3,0.7156938012782152
PushT,jepa_wm_pusht,19,2,fidelity_constrained_matched_geometry,fidelity_constrained_matched_geometry__seed11401,11401,14065,6,0.6818152925608693
PushT,jepa_wm_pusht,20,2,fidelity_constrained_matched_geometry,fidelity_constrained_matched_geometry__seed11401,11401,14065,1,1.0640859940447724
PushT,jepa_wm_pusht,20,2,fidelity_constrained_matched_geometry,fidelity_constrained_matched_geometry__seed11401,11401,14065,3,0.7669326469519027
PushT,jepa_wm_pusht,20,2,fidelity_constrained_matched_geometry,fidelity_constrained_matched_geometry__seed11401,11401,14065,6,0.7062000422004308
PushT,jepa_wm_pusht,21,2,fidelity_constrained_matched_geometry,fidelity_constrained_matched_geometry__seed11401,11401,14065,1,0.5693553032404977
PushT,jepa_wm_pusht,21,2,fidelity_constrained_matched_geometry,fidelity_constrained_matched_geometry__seed11401,11401,14065,3,0.8188864627257175
PushT,jepa_wm_pusht,21,2,fidelity_constrained_matched_geometry,fidelity_constrained_matched_geometry__seed11401,11401,14065,6,0.7843384553823876
PushT,jepa_wm_pusht,22,2,fidelity_constrained_matched_geometry,fidelity_constrained_matched_geometry__seed11401,11401,14065,1,0.6249363198826606
PushT,jepa_wm_pusht,22,2,fidelity_constrained_matched_geometry,fidelity_constrained_matched_geometry__seed11401,11401,14065,3,0.8026711065609111
PushT,jepa_wm_pusht,22,2,fidelity_constrained_matched_geometry,fidelity_constrained_matched_geometry__seed11401,11401,14065,6,0.7083647104004269
PushT,jepa_wm_pusht,23,2,fidelity_constrained_matched_geometry,fidelity_constrained_matched_geometry__seed11401,11401,14065,1,0.8668912607896238
PushT,jepa_wm_pusht,23,2,fidelity_constrained_matched_geometry,fidelity_constrained_matched_geometry__seed11401,11401,14065,3,0.6256690449249701
PushT,jepa_wm_pusht,23,2,fidelity_constrained_matched_geometry,fidelity_constrained_matched_geometry__seed11401,11401,14065,6,0.6600739345232104
PushT,jepa_wm_pusht,48,6,fidelity_constrained_matched_geometry,fidelity_constrained_matched_geometry__seed11401,11401,14065,1,1.7189551748628886
PushT,jepa_wm_pusht,48,6,fidelity_constrained_matched_geometry,fidelity_constrained_matched_geometry__seed11401,11401,14065,3,0.8372200214949231
PushT,jepa_wm_pusht,48,6,fidelity_constrained_matched_geometry,fidelity_constrained_matched_geometry__seed11401,11401,14065,6,0.7377390776916937
PushT,jepa_wm_pusht,49,6,fidelity_constrained_matched_geometry,fidelity_constrained_matched_geometry__seed11401,11401,14065,1,1.2097624860971912
PushT,jepa_wm_pusht,49,6,fidelity_constrained_matched_geometry,fidelity_constrained_matched_geometry__seed11401,11401,14065,3,0.7921622920846568
PushT,jepa_wm_pusht,49,6,fidelity_constrained_matched_geometry,fidelity_constrained_matched_geometry__seed11401,11401,14065,6,0.6425175370195461
PushT,jepa_wm_pusht,50,6,fidelity_constrained_matched_geometry,fidelity_constrained_matched_geometry__seed11401,11401,14065,1,1.0339848416764732
PushT,jepa_wm_pusht,50,6,fidelity_constrained_matched_geometry,fidelity_constrained_matched_geometry__seed11401,11401,14065,3,0.7634928361401911
PushT,jepa_wm_pusht,50,6,fidelity_constrained_matched_geometry,fidelity_constrained_matched_geometry__seed11401,11401,14065,6,0.7842591441908648
PushT,jepa_wm_pusht,51,6,fidelity_constrained_matched_geometry,fidelity_constrained_matched_geometry__seed11401,11401,14065,1,1.1835061604637487
PushT,jepa_wm_pusht,51,6,fidelity_constrained_matched_geometry,fidelity_constrained_matched_geometry__seed11401,11401,14065,3,0.7831800937038823
PushT,jepa_wm_pusht,51,6,fidelity_constrained_matched_geometry,fidelity_constrained_matched_geometry__seed11401,11401,14065,6,0.7030405335909344
PushT,jepa_wm_pusht,52,6,fidelity_constrained_matched_geometry,fidelity_constrained_matched_geometry__seed11401,11401,14065,1,0.7108814411205747
PushT,jepa_wm_pusht,52,6,fidelity_constrained_matched_geometry,fidelity_constrained_matched_geometry__seed11401,11401,14065,3,0.6689622015887822
PushT,jepa_wm_pusht,52,6,fidelity_constrained_matched_geometry,fidelity_constrained_matched_geometry__seed11401,11401,14065,6,0.6657053877260238
PushT,jepa_wm_pusht,53,6,fidelity_constrained_matched_geometry,fidelity_constrained_matched_geometry__seed11401,11401,14065,1,0.9966100707461076
PushT,jepa_wm_pusht,53,6,fidelity_constrained_matched_geometry,fidelity_constrained_matched_geometry__seed11401,11401,14065,3,0.7257122697905916
PushT,jepa_wm_pusht,53,6,fidelity_constrained_matched_geometry,fidelity_constrained_matched_geometry__seed11401,11401,14065,6,0.7758749326085673
PushT,jepa_wm_pusht,54,6,fidelity_constrained_matched_geometry,fidelity_constrained_matched_geometry__seed11401,11401,14065,1,1.4427041464279717
PushT,jepa_wm_pusht,54,6,fidelity_constrained_matched_geometry,fidelity_constrained_matched_geometry__seed11401,11401,14065,3,1.1869670337995297
PushT,jepa_wm_pusht,54,6,fidelity_constrained_matched_geometry,fidelity_constrained_matched_geometry__seed11401,11401,14065,6,1.0986147935995783
PushT,jepa_wm_pusht,55,6,fidelity_constrained_matched_geometry,fidelity_constrained_matched_geometry__seed11401,11401,14065,1,0.6194298437268755
PushT,jepa_wm_pusht,55,6,fidelity_constrained_matched_geometry,fidelity_constrained_matched_geometry__seed11401,11401,14065,3,0.7989425679076869
PushT,jepa_wm_pusht,55,6,fidelity_constrained_matched_geometry,fidelity_constrained_matched_geometry__seed11401,11401,14065,6,0.6843233669358242
PushT,jepa_wm_pusht,8,1,fidelity_constrained_latent_only,fidelity_constrained_latent_only__seed11419,11419,14065,1,0.9659206767717904
PushT,jepa_wm_pusht,8,1,fidelity_constrained_latent_only,fidelity_constrained_latent_only__seed11419,11419,14065,3,0.8259538075338516
PushT,jepa_wm_pusht,8,1,fidelity_constrained_latent_only,fidelity_constrained_latent_only__seed11419,11419,14065,6,0.7224754283541753
PushT,jepa_wm_pusht,9,1,fidelity_constrained_latent_only,fidelity_constrained_latent_only__seed11419,11419,14065,1,1.2808235511992183
PushT,jepa_wm_pusht,9,1,fidelity_constrained_latent_only,fidelity_constrained_latent_only__seed11419,11419,14065,3,0.9597843092970251
PushT,jepa_wm_pusht,9,1,fidelity_constrained_latent_only,fidelity_constrained_latent_only__seed11419,11419,14065,6,0.8096968043036233
PushT,jepa_wm_pusht,10,1,fidelity_constrained_latent_only,fidelity_constrained_latent_only__seed11419,11419,14065,1,1.3909075067606915
PushT,jepa_wm_pusht,10,1,fidelity_constrained_latent_only,fidelity_constrained_latent_only__seed11419,11419,14065,3,1.0884958896965669
PushT,jepa_wm_pusht,10,1,fidelity_constrained_latent_only,fidelity_constrained_latent_only__seed11419,11419,14065,6,1.0753838484829787
PushT,jepa_wm_pusht,11,1,fidelity_constrained_latent_only,fidelity_constrained_latent_only__seed11419,11419,14065,1,1.5880311985437936
PushT,jepa_wm_pusht,11,1,fidelity_constrained_latent_only,fidelity_constrained_latent_only__seed11419,11419,14065,3,0.9632642844023611
PushT,jepa_wm_pusht,11,1,fidelity_constrained_latent_only,fidelity_constrained_latent_only__seed11419,11419,14065,6,0.9412285759552924
PushT,jepa_wm_pusht,12,1,fidelity_constrained_latent_only,fidelity_constrained_latent_only__seed11419,11419,14065,1,1.2752856724378834
PushT,jepa_wm_pusht,12,1,fidelity_constrained_latent_only,fidelity_constrained_latent_only__seed11419,11419,14065,3,0.9101929776305495
PushT,jepa_wm_pusht,12,1,fidelity_constrained_latent_only,fidelity_constrained_latent_only__seed11419,11419,14065,6,0.8515555234187834
PushT,jepa_wm_pusht,13,1,fidelity_constrained_latent_only,fidelity_constrained_latent_only__seed11419,11419,14065,1,1.2751264067702421
PushT,jepa_wm_pusht,13,1,fidelity_constrained_latent_only,fidelity_constrained_latent_only__seed11419,11419,14065,3,0.8588871181388084
PushT,jepa_wm_pusht,13,1,fidelity_constrained_latent_only,fidelity_constrained_latent_only__seed11419,11419,14065,6,0.8137081811162469
PushT,jepa_wm_pusht,14,1,fidelity_constrained_latent_only,fidelity_constrained_latent_only__seed11419,11419,14065,1,0.5006353091007815
PushT,jepa_wm_pusht,14,1,fidelity_constrained_latent_only,fidelity_constrained_latent_only__seed11419,11419,14065,3,0.6075240203426697
PushT,jepa_wm_pusht,14,1,fidelity_constrained_latent_only,fidelity_constrained_latent_only__seed11419,11419,14065,6,0.632363402851368
PushT,jepa_wm_pusht,15,1,fidelity_constrained_latent_only,fidelity_constrained_latent_only__seed11419,11419,14065,1,0.6170056135998319
PushT,jepa_wm_pusht,15,1,fidelity_constrained_latent_only,fidelity_constrained_latent_only__seed11419,11419,14065,3,0.7431395178257725
PushT,jepa_wm_pusht,15,1,fidelity_constrained_latent_only,fidelity_constrained_latent_only__seed11419,11419,14065,6,0.6717811473960469
PushT,jepa_wm_pusht,16,2,fidelity_constrained_latent_only,fidelity_constrained_latent_only__seed11419,11419,14065,1,1.2321642170992095
PushT,jepa_wm_pusht,16,2,fidelity_constrained_latent_only,fidelity_constrained_latent_only__seed11419,11419,14065,3,1.1119390248934864
PushT,jepa_wm_pusht,16,2,fidelity_constrained_latent_only,fidelity_constrained_latent_only__seed11419,11419,14065,6,1.085064603420913
PushT,jepa_wm_pusht,17,2,fidelity_constrained_latent_only,fidelity_constrained_latent_only__seed11419,11419,14065,1,0.6145654820747483
PushT,jepa_wm_pusht,17,2,fidelity_constrained_latent_only,fidelity_constrained_latent_only__seed11419,11419,14065,3,0.8547485306249692
PushT,jepa_wm_pusht,17,2,fidelity_constrained_latent_only,fidelity_constrained_latent_only__seed11419,11419,14065,6,0.8214944207546808
PushT,jepa_wm_pusht,18,2,fidelity_constrained_latent_only,fidelity_constrained_latent_only__seed11419,11419,14065,1,0.5576319821902491
PushT,jepa_wm_pusht,18,2,fidelity_constrained_latent_only,fidelity_constrained_latent_only__seed11419,11419,14065,3,0.5677648124645767
PushT,jepa_wm_pusht,18,2,fidelity_constrained_latent_only,fidelity_constrained_latent_only__seed11419,11419,14065,6,0.6282161883111519
PushT,jepa_wm_pusht,19,2,fidelity_constrained_latent_only,fidelity_constrained_latent_only__seed11419,11419,14065,1,0.7861630797986697
PushT,jepa_wm_pusht,19,2,fidelity_constrained_latent_only,fidelity_constrained_latent_only__seed11419,11419,14065,3,0.712832351330609
PushT,jepa_wm_pusht,19,2,fidelity_constrained_latent_only,fidelity_constrained_latent_only__seed11419,11419,14065,6,0.6739167326344228
PushT,jepa_wm_pusht,20,2,fidelity_constrained_latent_only,fidelity_constrained_latent_only__seed11419,11419,14065,1,1.058499630152028
PushT,jepa_wm_pusht,20,2,fidelity_constrained_latent_only,fidelity_constrained_latent_only__seed11419,11419,14065,3,0.7522936351802388
PushT,jepa_wm_pusht,20,2,fidelity_constrained_latent_only,fidelity_constrained_latent_only__seed11419,11419,14065,6,0.7222397191714441
PushT,jepa_wm_pusht,21,2,fidelity_constrained_latent_only,fidelity_constrained_latent_only__seed11419,11419,14065,1,0.5765496421295452
PushT,jepa_wm_pusht,21,2,fidelity_constrained_latent_only,fidelity_constrained_latent_only__seed11419,11419,14065,3,0.8178627605934448
PushT,jepa_wm_pusht,21,2,fidelity_constrained_latent_only,fidelity_constrained_latent_only__seed11419,11419,14065,6,0.7859015527510232
PushT,jepa_wm_pusht,22,2,fidelity_constrained_latent_only,fidelity_constrained_latent_only__seed11419,11419,14065,1,0.6406082227879458
PushT,jepa_wm_pusht,22,2,fidelity_constrained_latent_only,fidelity_constrained_latent_only__seed11419,11419,14065,3,0.8120469222781106
PushT,jepa_wm_pusht,22,2,fidelity_constrained_latent_only,fidelity_constrained_latent_only__seed11419,11419,14065,6,0.7246945863367702
PushT,jepa_wm_pusht,23,2,fidelity_constrained_latent_only,fidelity_constrained_latent_only__seed11419,11419,14065,1,0.8774144772963691
PushT,jepa_wm_pusht,23,2,fidelity_constrained_latent_only,fidelity_constrained_latent_only__seed11419,11419,14065,3,0.6334185905366111
PushT,jepa_wm_pusht,23,2,fidelity_constrained_latent_only,fidelity_constrained_latent_only__seed11419,11419,14065,6,0.6691371648419279
PushT,jepa_wm_pusht,48,6,fidelity_constrained_latent_only,fidelity_constrained_latent_only__seed11419,11419,14065,1,1.7536649967148552
PushT,jepa_wm_pusht,48,6,fidelity_constrained_latent_only,fidelity_constrained_latent_only__seed11419,11419,14065,3,0.8608155236742596
PushT,jepa_wm_pusht,48,6,fidelity_constrained_latent_only,fidelity_constrained_latent_only__seed11419,11419,14065,6,0.7771684762109482
PushT,jepa_wm_pusht,49,6,fidelity_constrained_latent_only,fidelity_constrained_latent_only__seed11419,11419,14065,1,1.2293566620062262
PushT,jepa_wm_pusht,49,6,fidelity_constrained_latent_only,fidelity_constrained_latent_only__seed11419,11419,14065,3,0.7871700849291909
PushT,jepa_wm_pusht,49,6,fidelity_constrained_latent_only,fidelity_constrained_latent_only__seed11419,11419,14065,6,0.6516943454621847
PushT,jepa_wm_pusht,50,6,fidelity_constrained_latent_only,fidelity_constrained_latent_only__seed11419,11419,14065,1,1.0392242258811295
PushT,jepa_wm_pusht,50,6,fidelity_constrained_latent_only,fidelity_constrained_latent_only__seed11419,11419,14065,3,0.803491927541764
PushT,jepa_wm_pusht,50,6,fidelity_constrained_latent_only,fidelity_constrained_latent_only__seed11419,11419,14065,6,0.8522593995373834
PushT,jepa_wm_pusht,51,6,fidelity_constrained_latent_only,fidelity_constrained_latent_only__seed11419,11419,14065,1,1.1790332915973145
PushT,jepa_wm_pusht,51,6,fidelity_constrained_latent_only,fidelity_constrained_latent_only__seed11419,11419,14065,3,0.7955316623205719
PushT,jepa_wm_pusht,51,6,fidelity_constrained_latent_only,fidelity_constrained_latent_only__seed11419,11419,14065,6,0.6964775039812701
PushT,jepa_wm_pusht,52,6,fidelity_constrained_latent_only,fidelity_constrained_latent_only__seed11419,11419,14065,1,0.7258338694363098
PushT,jepa_wm_pusht,52,6,fidelity_constrained_latent_only,fidelity_constrained_latent_only__seed11419,11419,14065,3,0.6358878320949707
PushT,jepa_wm_pusht,52,6,fidelity_constrained_latent_only,fidelity_constrained_latent_only__seed11419,11419,14065,6,0.6338758788238009
PushT,jepa_wm_pusht,53,6,fidelity_constrained_latent_only,fidelity_constrained_latent_only__seed11419,11419,14065,1,1.008333254567856
PushT,jepa_wm_pusht,53,6,fidelity_constrained_latent_only,fidelity_constrained_latent_only__seed11419,11419,14065,3,0.714722210092074
PushT,jepa_wm_pusht,53,6,fidelity_constrained_latent_only,fidelity_constrained_latent_only__seed11419,11419,14065,6,0.7900168036075236
PushT,jepa_wm_pusht,54,6,fidelity_constrained_latent_only,fidelity_constrained_latent_only__seed11419,11419,14065,1,1.4797157085606725
PushT,jepa_wm_pusht,54,6,fidelity_constrained_latent_only,fidelity_constrained_latent_only__seed11419,11419,14065,3,1.2088314808069134
PushT,jepa_wm_pusht,54,6,fidelity_constrained_latent_only,fidelity_constrained_latent_only__seed11419,11419,14065,6,1.1389808308036056
PushT,jepa_wm_pusht,55,6,fidelity_constrained_latent_only,fidelity_constrained_latent_only__seed11419,11419,14065,1,0.6392809908326624
PushT,jepa_wm_pusht,55,6,fidelity_constrained_latent_only,fidelity_constrained_latent_only__seed11419,11419,14065,3,0.8180436306639043
PushT,jepa_wm_pusht,55,6,fidelity_constrained_latent_only,fidelity_constrained_latent_only__seed11419,11419,14065,6,0.7190064298088847
PushT,jepa_wm_pusht,8,1,fidelity_constrained_shuffled_geometry,fidelity_constrained_shuffled_geometry__seed11419,11419,14065,1,0.9755517298280725
PushT,jepa_wm_pusht,8,1,fidelity_constrained_shuffled_geometry,fidelity_constrained_shuffled_geometry__seed11419,11419,14065,3,0.8789604881413594
PushT,jepa_wm_pusht,8,1,fidelity_constrained_shuffled_geometry,fidelity_constrained_shuffled_geometry__seed11419,11419,14065,6,0.796984090176057
PushT,jepa_wm_pusht,9,1,fidelity_constrained_shuffled_geometry,fidelity_constrained_shuffled_geometry__seed11419,11419,14065,1,1.2893911366366297
PushT,jepa_wm_pusht,9,1,fidelity_constrained_shuffled_geometry,fidelity_constrained_shuffled_geometry__seed11419,11419,14065,3,1.003655350739749
PushT,jepa_wm_pusht,9,1,fidelity_constrained_shuffled_geometry,fidelity_constrained_shuffled_geometry__seed11419,11419,14065,6,0.8426894343795824
PushT,jepa_wm_pusht,10,1,fidelity_constrained_shuffled_geometry,fidelity_constrained_shuffled_geometry__seed11419,11419,14065,1,1.3959711663618701
PushT,jepa_wm_pusht,10,1,fidelity_constrained_shuffled_geometry,fidelity_constrained_shuffled_geometry__seed11419,11419,14065,3,1.0842607884596032
PushT,jepa_wm_pusht,10,1,fidelity_constrained_shuffled_geometry,fidelity_constrained_shuffled_geometry__seed11419,11419,14065,6,1.0454322255951831
PushT,jepa_wm_pusht,11,1,fidelity_constrained_shuffled_geometry,fidelity_constrained_shuffled_geometry__seed11419,11419,14065,1,1.5781231596843561
PushT,jepa_wm_pusht,11,1,fidelity_constrained_shuffled_geometry,fidelity_constrained_shuffled_geometry__seed11419,11419,14065,3,0.9173680404356692
PushT,jepa_wm_pusht,11,1,fidelity_constrained_shuffled_geometry,fidelity_constrained_shuffled_geometry__seed11419,11419,14065,6,0.879086530010782
PushT,jepa_wm_pusht,12,1,fidelity_constrained_shuffled_geometry,fidelity_constrained_shuffled_geometry__seed11419,11419,14065,1,1.2634580832390678
PushT,jepa_wm_pusht,12,1,fidelity_constrained_shuffled_geometry,fidelity_constrained_shuffled_geometry__seed11419,11419,14065,3,0.8823492444266404
PushT,jepa_wm_pusht,12,1,fidelity_constrained_shuffled_geometry,fidelity_constrained_shuffled_geometry__seed11419,11419,14065,6,0.7955465930873917
PushT,jepa_wm_pusht,13,1,fidelity_constrained_shuffled_geometry,fidelity_constrained_shuffled_geometry__seed11419,11419,14065,1,1.3190727664242028
PushT,jepa_wm_pusht,13,1,fidelity_constrained_shuffled_geometry,fidelity_constrained_shuffled_geometry__seed11419,11419,14065,3,0.913633389504023
PushT,jepa_wm_pusht,13,1,fidelity_constrained_shuffled_geometry,fidelity_constrained_shuffled_geometry__seed11419,11419,14065,6,0.8379109900728048
PushT,jepa_wm_pusht,14,1,fidelity_constrained_shuffled_geometry,fidelity_constrained_shuffled_geometry__seed11419,11419,14065,1,0.49834284949621405
PushT,jepa_wm_pusht,14,1,fidelity_constrained_shuffled_geometry,fidelity_constrained_shuffled_geometry__seed11419,11419,14065,3,0.6593467911389961
PushT,jepa_wm_pusht,14,1,fidelity_constrained_shuffled_geometry,fidelity_constrained_shuffled_geometry__seed11419,11419,14065,6,0.7028095235766315
PushT,jepa_wm_pusht,15,1,fidelity_constrained_shuffled_geometry,fidelity_constrained_shuffled_geometry__seed11419,11419,14065,1,0.612227570590355
PushT,jepa_wm_pusht,15,1,fidelity_constrained_shuffled_geometry,fidelity_constrained_shuffled_geometry__seed11419,11419,14065,3,0.7976426772420613
PushT,jepa_wm_pusht,15,1,fidelity_constrained_shuffled_geometry,fidelity_constrained_shuffled_geometry__seed11419,11419,14065,6,0.7350760626284154
PushT,jepa_wm_pusht,16,2,fidelity_constrained_shuffled_geometry,fidelity_constrained_shuffled_geometry__seed11419,11419,14065,1,1.222457620813122
PushT,jepa_wm_pusht,16,2,fidelity_constrained_shuffled_geometry,fidelity_constrained_shuffled_geometry__seed11419,11419,14065,3,1.1411057882113294
PushT,jepa_wm_pusht,16,2,fidelity_constrained_shuffled_geometry,fidelity_constrained_shuffled_geometry__seed11419,11419,14065,6,1.0924750973264885
PushT,jepa_wm_pusht,17,2,fidelity_constrained_shuffled_geometry,fidelity_constrained_shuffled_geometry__seed11419,11419,14065,1,0.6137078481830543
PushT,jepa_wm_pusht,17,2,fidelity_constrained_shuffled_geometry,fidelity_constrained_shuffled_geometry__seed11419,11419,14065,3,0.8900276551927206
PushT,jepa_wm_pusht,17,2,fidelity_constrained_shuffled_geometry,fidelity_constrained_shuffled_geometry__seed11419,11419,14065,6,0.7681755621433551
PushT,jepa_wm_pusht,18,2,fidelity_constrained_shuffled_geometry,fidelity_constrained_shuffled_geometry__seed11419,11419,14065,1,0.5791779638169392
PushT,jepa_wm_pusht,18,2,fidelity_constrained_shuffled_geometry,fidelity_constrained_shuffled_geometry__seed11419,11419,14065,3,0.6074356978407118
PushT,jepa_wm_pusht,18,2,fidelity_constrained_shuffled_geometry,fidelity_constrained_shuffled_geometry__seed11419,11419,14065,6,0.6655083590488882
PushT,jepa_wm_pusht,19,2,fidelity_constrained_shuffled_geometry,fidelity_constrained_shuffled_geometry__seed11419,11419,14065,1,0.8017557098986202
PushT,jepa_wm_pusht,19,2,fidelity_constrained_shuffled_geometry,fidelity_constrained_shuffled_geometry__seed11419,11419,14065,3,0.7557830747777396
PushT,jepa_wm_pusht,19,2,fidelity_constrained_shuffled_geometry,fidelity_constrained_shuffled_geometry__seed11419,11419,14065,6,0.71961218865755
PushT,jepa_wm_pusht,20,2,fidelity_constrained_shuffled_geometry,fidelity_constrained_shuffled_geometry__seed11419,11419,14065,1,1.0811075729024782
PushT,jepa_wm_pusht,20,2,fidelity_constrained_shuffled_geometry,fidelity_constrained_shuffled_geometry__seed11419,11419,14065,3,0.81081038926795
PushT,jepa_wm_pusht,20,2,fidelity_constrained_shuffled_geometry,fidelity_constrained_shuffled_geometry__seed11419,11419,14065,6,0.7340720903463644
PushT,jepa_wm_pusht,21,2,fidelity_constrained_shuffled_geometry,fidelity_constrained_shuffled_geometry__seed11419,11419,14065,1,0.586201081035742
PushT,jepa_wm_pusht,21,2,fidelity_constrained_shuffled_geometry,fidelity_constrained_shuffled_geometry__seed11419,11419,14065,3,0.8463208811779058
PushT,jepa_wm_pusht,21,2,fidelity_constrained_shuffled_geometry,fidelity_constrained_shuffled_geometry__seed11419,11419,14065,6,0.847248233659509
PushT,jepa_wm_pusht,22,2,fidelity_constrained_shuffled_geometry,fidelity_constrained_shuffled_geometry__seed11419,11419,14065,1,0.6220708461778507
PushT,jepa_wm_pusht,22,2,fidelity_constrained_shuffled_geometry,fidelity_constrained_shuffled_geometry__seed11419,11419,14065,3,0.8707342063395865
PushT,jepa_wm_pusht,22,2,fidelity_constrained_shuffled_geometry,fidelity_constrained_shuffled_geometry__seed11419,11419,14065,6,0.7435788876055025
PushT,jepa_wm_pusht,23,2,fidelity_constrained_shuffled_geometry,fidelity_constrained_shuffled_geometry__seed11419,11419,14065,1,0.9062368824369714
PushT,jepa_wm_pusht,23,2,fidelity_constrained_shuffled_geometry,fidelity_constrained_shuffled_geometry__seed11419,11419,14065,3,0.6582731361550584
PushT,jepa_wm_pusht,23,2,fidelity_constrained_shuffled_geometry,fidelity_constrained_shuffled_geometry__seed11419,11419,14065,6,0.7455480306955327
PushT,jepa_wm_pusht,48,6,fidelity_constrained_shuffled_geometry,fidelity_constrained_shuffled_geometry__seed11419,11419,14065,1,1.7064135732441308
PushT,jepa_wm_pusht,48,6,fidelity_constrained_shuffled_geometry,fidelity_constrained_shuffled_geometry__seed11419,11419,14065,3,0.8504429861694751
PushT,jepa_wm_pusht,48,6,fidelity_constrained_shuffled_geometry,fidelity_constrained_shuffled_geometry__seed11419,11419,14065,6,0.7866902193765849
PushT,jepa_wm_pusht,49,6,fidelity_constrained_shuffled_geometry,fidelity_constrained_shuffled_geometry__seed11419,11419,14065,1,1.2314970396235576
PushT,jepa_wm_pusht,49,6,fidelity_constrained_shuffled_geometry,fidelity_constrained_shuffled_geometry__seed11419,11419,14065,3,0.8245476614465866
PushT,jepa_wm_pusht,49,6,fidelity_constrained_shuffled_geometry,fidelity_constrained_shuffled_geometry__seed11419,11419,14065,6,0.68189047944025
PushT,jepa_wm_pusht,50,6,fidelity_constrained_shuffled_geometry,fidelity_constrained_shuffled_geometry__seed11419,11419,14065,1,1.0474592967573577
PushT,jepa_wm_pusht,50,6,fidelity_constrained_shuffled_geometry,fidelity_constrained_shuffled_geometry__seed11419,11419,14065,3,0.8425650979827279
PushT,jepa_wm_pusht,50,6,fidelity_constrained_shuffled_geometry,fidelity_constrained_shuffled_geometry__seed11419,11419,14065,6,0.9342779147929906
PushT,jepa_wm_pusht,51,6,fidelity_constrained_shuffled_geometry,fidelity_constrained_shuffled_geometry__seed11419,11419,14065,1,1.2149750180771757
PushT,jepa_wm_pusht,51,6,fidelity_constrained_shuffled_geometry,fidelity_constrained_shuffled_geometry__seed11419,11419,14065,3,0.8134480235391575
PushT,jepa_wm_pusht,51,6,fidelity_constrained_shuffled_geometry,fidelity_constrained_shuffled_geometry__seed11419,11419,14065,6,0.7915432336276007
PushT,jepa_wm_pusht,52,6,fidelity_constrained_shuffled_geometry,fidelity_constrained_shuffled_geometry__seed11419,11419,14065,1,0.729455840361562
PushT,jepa_wm_pusht,52,6,fidelity_constrained_shuffled_geometry,fidelity_constrained_shuffled_geometry__seed11419,11419,14065,3,0.7239640889685521
PushT,jepa_wm_pusht,52,6,fidelity_constrained_shuffled_geometry,fidelity_constrained_shuffled_geometry__seed11419,11419,14065,6,0.738776421582001
PushT,jepa_wm_pusht,53,6,fidelity_constrained_shuffled_geometry,fidelity_constrained_shuffled_geometry__seed11419,11419,14065,1,1.0073853488180562
PushT,jepa_wm_pusht,53,6,fidelity_constrained_shuffled_geometry,fidelity_constrained_shuffled_geometry__seed11419,11419,14065,3,0.7973709412594446
PushT,jepa_wm_pusht,53,6,fidelity_constrained_shuffled_geometry,fidelity_constrained_shuffled_geometry__seed11419,11419,14065,6,0.8259304969433391
PushT,jepa_wm_pusht,54,6,fidelity_constrained_shuffled_geometry,fidelity_constrained_shuffled_geometry__seed11419,11419,14065,1,1.429796527265749
PushT,jepa_wm_pusht,54,6,fidelity_constrained_shuffled_geometry,fidelity_constrained_shuffled_geometry__seed11419,11419,14065,3,1.1755510100513002
PushT,jepa_wm_pusht,54,6,fidelity_constrained_shuffled_geometry,fidelity_constrained_shuffled_geometry__seed11419,11419,14065,6,1.0948561805321135
PushT,jepa_wm_pusht,55,6,fidelity_constrained_shuffled_geometry,fidelity_constrained_shuffled_geometry__seed11419,11419,14065,1,0.6413016030669564
PushT,jepa_wm_pusht,55,6,fidelity_constrained_shuffled_geometry,fidelity_constrained_shuffled_geometry__seed11419,11419,14065,3,0.8351426381377142
PushT,jepa_wm_pusht,55,6,fidelity_constrained_shuffled_geometry,fidelity_constrained_shuffled_geometry__seed11419,11419,14065,6,0.7221964482280635
PushT,jepa_wm_pusht,8,1,fidelity_constrained_matched_geometry,fidelity_constrained_matched_geometry__seed11419,11419,14065,1,0.9762129089774585
PushT,jepa_wm_pusht,8,1,fidelity_constrained_matched_geometry,fidelity_constrained_matched_geometry__seed11419,11419,14065,3,0.8439715231992825
PushT,jepa_wm_pusht,8,1,fidelity_constrained_matched_geometry,fidelity_constrained_matched_geometry__seed11419,11419,14065,6,0.7352065284379377
PushT,jepa_wm_pusht,9,1,fidelity_constrained_matched_geometry,fidelity_constrained_matched_geometry__seed11419,11419,14065,1,1.279391200570351
PushT,jepa_wm_pusht,9,1,fidelity_constrained_matched_geometry,fidelity_constrained_matched_geometry__seed11419,11419,14065,3,0.950662279037032
PushT,jepa_wm_pusht,9,1,fidelity_constrained_matched_geometry,fidelity_constrained_matched_geometry__seed11419,11419,14065,6,0.7927577769519553
PushT,jepa_wm_pusht,10,1,fidelity_constrained_matched_geometry,fidelity_constrained_matched_geometry__seed11419,11419,14065,1,1.395169405869352
PushT,jepa_wm_pusht,10,1,fidelity_constrained_matched_geometry,fidelity_constrained_matched_geometry__seed11419,11419,14065,3,1.0919738457392059
PushT,jepa_wm_pusht,10,1,fidelity_constrained_matched_geometry,fidelity_constrained_matched_geometry__seed11419,11419,14065,6,1.046466642645474
PushT,jepa_wm_pusht,11,1,fidelity_constrained_matched_geometry,fidelity_constrained_matched_geometry__seed11419,11419,14065,1,1.5581342695748082
PushT,jepa_wm_pusht,11,1,fidelity_constrained_matched_geometry,fidelity_constrained_matched_geometry__seed11419,11419,14065,3,0.9353617221742734
PushT,jepa_wm_pusht,11,1,fidelity_constrained_matched_geometry,fidelity_constrained_matched_geometry__seed11419,11419,14065,6,0.8937576354617403
PushT,jepa_wm_pusht,12,1,fidelity_constrained_matched_geometry,fidelity_constrained_matched_geometry__seed11419,11419,14065,1,1.2446820580206215
PushT,jepa_wm_pusht,12,1,fidelity_constrained_matched_geometry,fidelity_constrained_matched_geometry__seed11419,11419,14065,3,0.883772510703066
PushT,jepa_wm_pusht,12,1,fidelity_constrained_matched_geometry,fidelity_constrained_matched_geometry__seed11419,11419,14065,6,0.8072654530047558
PushT,jepa_wm_pusht,13,1,fidelity_constrained_matched_geometry,fidelity_constrained_matched_geometry__seed11419,11419,14065,1,1.289098961346127
PushT,jepa_wm_pusht,13,1,fidelity_constrained_matched_geometry,fidelity_constrained_matched_geometry__seed11419,11419,14065,3,0.8689996414364128
PushT,jepa_wm_pusht,13,1,fidelity_constrained_matched_geometry,fidelity_constrained_matched_geometry__seed11419,11419,14065,6,0.8181937226595082
PushT,jepa_wm_pusht,14,1,fidelity_constrained_matched_geometry,fidelity_constrained_matched_geometry__seed11419,11419,14065,1,0.490276047399673
PushT,jepa_wm_pusht,14,1,fidelity_constrained_matched_geometry,fidelity_constrained_matched_geometry__seed11419,11419,14065,3,0.6008442575121274
PushT,jepa_wm_pusht,14,1,fidelity_constrained_matched_geometry,fidelity_constrained_matched_geometry__seed11419,11419,14065,6,0.6432961474960943
PushT,jepa_wm_pusht,15,1,fidelity_constrained_matched_geometry,fidelity_constrained_matched_geometry__seed11419,11419,14065,1,0.6027970997722158
PushT,jepa_wm_pusht,15,1,fidelity_constrained_matched_geometry,fidelity_constrained_matched_geometry__seed11419,11419,14065,3,0.7418878324696988
PushT,jepa_wm_pusht,15,1,fidelity_constrained_matched_geometry,fidelity_constrained_matched_geometry__seed11419,11419,14065,6,0.6617352509661305
PushT,jepa_wm_pusht,16,2,fidelity_constrained_matched_geometry,fidelity_constrained_matched_geometry__seed11419,11419,14065,1,1.200672511955618
PushT,jepa_wm_pusht,16,2,fidelity_constrained_matched_geometry,fidelity_constrained_matched_geometry__seed11419,11419,14065,3,1.0800704686998106
PushT,jepa_wm_pusht,16,2,fidelity_constrained_matched_geometry,fidelity_constrained_matched_geometry__seed11419,11419,14065,6,1.059434061344963
PushT,jepa_wm_pusht,17,2,fidelity_constrained_matched_geometry,fidelity_constrained_matched_geometry__seed11419,11419,14065,1,0.6119613941533825
PushT,jepa_wm_pusht,17,2,fidelity_constrained_matched_geometry,fidelity_constrained_matched_geometry__seed11419,11419,14065,3,0.8561476627736397
PushT,jepa_wm_pusht,17,2,fidelity_constrained_matched_geometry,fidelity_constrained_matched_geometry__seed11419,11419,14065,6,0.8029859381367027
PushT,jepa_wm_pusht,18,2,fidelity_constrained_matched_geometry,fidelity_constrained_matched_geometry__seed11419,11419,14065,1,0.5656892473181401
PushT,jepa_wm_pusht,18,2,fidelity_constrained_matched_geometry,fidelity_constrained_matched_geometry__seed11419,11419,14065,3,0.5661437739333918
PushT,jepa_wm_pusht,18,2,fidelity_constrained_matched_geometry,fidelity_constrained_matched_geometry__seed11419,11419,14065,6,0.6174637038144104
PushT,jepa_wm_pusht,19,2,fidelity_constrained_matched_geometry,fidelity_constrained_matched_geometry__seed11419,11419,14065,1,0.7826815404487086
PushT,jepa_wm_pusht,19,2,fidelity_constrained_matched_geometry,fidelity_constrained_matched_geometry__seed11419,11419,14065,3,0.7158862681304535
PushT,jepa_wm_pusht,19,2,fidelity_constrained_matched_geometry,fidelity_constrained_matched_geometry__seed11419,11419,14065,6,0.6813421155752073
PushT,jepa_wm_pusht,20,2,fidelity_constrained_matched_geometry,fidelity_constrained_matched_geometry__seed11419,11419,14065,1,1.0645527896200788
PushT,jepa_wm_pusht,20,2,fidelity_constrained_matched_geometry,fidelity_constrained_matched_geometry__seed11419,11419,14065,3,0.7670496548114615
PushT,jepa_wm_pusht,20,2,fidelity_constrained_matched_geometry,fidelity_constrained_matched_geometry__seed11419,11419,14065,6,0.7052404117022488
PushT,jepa_wm_pusht,21,2,fidelity_constrained_matched_geometry,fidelity_constrained_matched_geometry__seed11419,11419,14065,1,0.5693671956170148
PushT,jepa_wm_pusht,21,2,fidelity_constrained_matched_geometry,fidelity_constrained_matched_geometry__seed11419,11419,14065,3,0.8195649977487868
PushT,jepa_wm_pusht,21,2,fidelity_constrained_matched_geometry,fidelity_constrained_matched_geometry__seed11419,11419,14065,6,0.7858802978560155
PushT,jepa_wm_pusht,22,2,fidelity_constrained_matched_geometry,fidelity_constrained_matched_geometry__seed11419,11419,14065,1,0.6252282292092552
PushT,jepa_wm_pusht,22,2,fidelity_constrained_matched_geometry,fidelity_constrained_matched_geometry__seed11419,11419,14065,3,0.8046804358262826
PushT,jepa_wm_pusht,22,2,fidelity_constrained_matched_geometry,fidelity_constrained_matched_geometry__seed11419,11419,14065,6,0.7090230609722211
PushT,jepa_wm_pusht,23,2,fidelity_constrained_matched_geometry,fidelity_constrained_matched_geometry__seed11419,11419,14065,1,0.8667966852971539
PushT,jepa_wm_pusht,23,2,fidelity_constrained_matched_geometry,fidelity_constrained_matched_geometry__seed11419,11419,14065,3,0.6259906907195244
PushT,jepa_wm_pusht,23,2,fidelity_constrained_matched_geometry,fidelity_constrained_matched_geometry__seed11419,11419,14065,6,0.6605832153031047
PushT,jepa_wm_pusht,48,6,fidelity_constrained_matched_geometry,fidelity_constrained_matched_geometry__seed11419,11419,14065,1,1.7194016834968076
PushT,jepa_wm_pusht,48,6,fidelity_constrained_matched_geometry,fidelity_constrained_matched_geometry__seed11419,11419,14065,3,0.8375777804549507
PushT,jepa_wm_pusht,48,6,fidelity_constrained_matched_geometry,fidelity_constrained_matched_geometry__seed11419,11419,14065,6,0.7392537374126056
PushT,jepa_wm_pusht,49,6,fidelity_constrained_matched_geometry,fidelity_constrained_matched_geometry__seed11419,11419,14065,1,1.2089723239549766
PushT,jepa_wm_pusht,49,6,fidelity_constrained_matched_geometry,fidelity_constrained_matched_geometry__seed11419,11419,14065,3,0.7920205336183204
PushT,jepa_wm_pusht,49,6,fidelity_constrained_matched_geometry,fidelity_constrained_matched_geometry__seed11419,11419,14065,6,0.6403650870756932
PushT,jepa_wm_pusht,50,6,fidelity_constrained_matched_geometry,fidelity_constrained_matched_geometry__seed11419,11419,14065,1,1.0342099402474871
PushT,jepa_wm_pusht,50,6,fidelity_constrained_matched_geometry,fidelity_constrained_matched_geometry__seed11419,11419,14065,3,0.762224660176773
PushT,jepa_wm_pusht,50,6,fidelity_constrained_matched_geometry,fidelity_constrained_matched_geometry__seed11419,11419,14065,6,0.7817753647061341
PushT,jepa_wm_pusht,51,6,fidelity_constrained_matched_geometry,fidelity_constrained_matched_geometry__seed11419,11419,14065,1,1.1843561041164943
PushT,jepa_wm_pusht,51,6,fidelity_constrained_matched_geometry,fidelity_constrained_matched_geometry__seed11419,11419,14065,3,0.7841912454128394
PushT,jepa_wm_pusht,51,6,fidelity_constrained_matched_geometry,fidelity_constrained_matched_geometry__seed11419,11419,14065,6,0.7035068336826628
PushT,jepa_wm_pusht,52,6,fidelity_constrained_matched_geometry,fidelity_constrained_matched_geometry__seed11419,11419,14065,1,0.7106775982929106
PushT,jepa_wm_pusht,52,6,fidelity_constrained_matched_geometry,fidelity_constrained_matched_geometry__seed11419,11419,14065,3,0.6685966036723785
PushT,jepa_wm_pusht,52,6,fidelity_constrained_matched_geometry,fidelity_constrained_matched_geometry__seed11419,11419,14065,6,0.6635300514622064
PushT,jepa_wm_pusht,53,6,fidelity_constrained_matched_geometry,fidelity_constrained_matched_geometry__seed11419,11419,14065,1,0.9964786522168555
PushT,jepa_wm_pusht,53,6,fidelity_constrained_matched_geometry,fidelity_constrained_matched_geometry__seed11419,11419,14065,3,0.726262737284883
PushT,jepa_wm_pusht,53,6,fidelity_constrained_matched_geometry,fidelity_constrained_matched_geometry__seed11419,11419,14065,6,0.7766091006322198
PushT,jepa_wm_pusht,54,6,fidelity_constrained_matched_geometry,fidelity_constrained_matched_geometry__seed11419,11419,14065,1,1.4418196464624218
PushT,jepa_wm_pusht,54,6,fidelity_constrained_matched_geometry,fidelity_constrained_matched_geometry__seed11419,11419,14065,3,1.1860980106039958
PushT,jepa_wm_pusht,54,6,fidelity_constrained_matched_geometry,fidelity_constrained_matched_geometry__seed11419,11419,14065,6,1.0990710426147108
PushT,jepa_wm_pusht,55,6,fidelity_constrained_matched_geometry,fidelity_constrained_matched_geometry__seed11419,11419,14065,1,0.6193389878468017
PushT,jepa_wm_pusht,55,6,fidelity_constrained_matched_geometry,fidelity_constrained_matched_geometry__seed11419,11419,14065,3,0.7970790189732672
PushT,jepa_wm_pusht,55,6,fidelity_constrained_matched_geometry,fidelity_constrained_matched_geometry__seed11419,11419,14065,6,0.6801709490469643
PushT,jepa_wm_pusht,8,1,fidelity_constrained_latent_only,fidelity_constrained_latent_only__seed11437,11437,14065,1,0.9662451622850757
PushT,jepa_wm_pusht,8,1,fidelity_constrained_latent_only,fidelity_constrained_latent_only__seed11437,11437,14065,3,0.8264358986394272
PushT,jepa_wm_pusht,8,1,fidelity_constrained_latent_only,fidelity_constrained_latent_only__seed11437,11437,14065,6,0.7243012153933688
PushT,jepa_wm_pusht,9,1,fidelity_constrained_latent_only,fidelity_constrained_latent_only__seed11437,11437,14065,1,1.2809571155759427
PushT,jepa_wm_pusht,9,1,fidelity_constrained_latent_only,fidelity_constrained_latent_only__seed11437,11437,14065,3,0.9609477096441102
PushT,jepa_wm_pusht,9,1,fidelity_constrained_latent_only,fidelity_constrained_latent_only__seed11437,11437,14065,6,0.8066506313165547
PushT,jepa_wm_pusht,10,1,fidelity_constrained_latent_only,fidelity_constrained_latent_only__seed11437,11437,14065,1,1.39194026626056
PushT,jepa_wm_pusht,10,1,fidelity_constrained_latent_only,fidelity_constrained_latent_only__seed11437,11437,14065,3,1.0900366256026583
PushT,jepa_wm_pusht,10,1,fidelity_constrained_latent_only,fidelity_constrained_latent_only__seed11437,11437,14065,6,1.0763593540752225
PushT,jepa_wm_pusht,11,1,fidelity_constrained_latent_only,fidelity_constrained_latent_only__seed11437,11437,14065,1,1.5880032109068574
PushT,jepa_wm_pusht,11,1,fidelity_constrained_latent_only,fidelity_constrained_latent_only__seed11437,11437,14065,3,0.9625490327737461
PushT,jepa_wm_pusht,11,1,fidelity_constrained_latent_only,fidelity_constrained_latent_only__seed11437,11437,14065,6,0.9405775480684995
PushT,jepa_wm_pusht,12,1,fidelity_constrained_latent_only,fidelity_constrained_latent_only__seed11437,11437,14065,1,1.276365655613724
PushT,jepa_wm_pusht,12,1,fidelity_constrained_latent_only,fidelity_constrained_latent_only__seed11437,11437,14065,3,0.9120676426888515
PushT,jepa_wm_pusht,12,1,fidelity_constrained_latent_only,fidelity_constrained_latent_only__seed11437,11437,14065,6,0.8542482684475478
PushT,jepa_wm_pusht,13,1,fidelity_constrained_latent_only,fidelity_constrained_latent_only__seed11437,11437,14065,1,1.2755841388191536
PushT,jepa_wm_pusht,13,1,fidelity_constrained_latent_only,fidelity_constrained_latent_only__seed11437,11437,14065,3,0.8575892469728964
PushT,jepa_wm_pusht,13,1,fidelity_constrained_latent_only,fidelity_constrained_latent_only__seed11437,11437,14065,6,0.8139199536675669
PushT,jepa_wm_pusht,14,1,fidelity_constrained_latent_only,fidelity_constrained_latent_only__seed11437,11437,14065,1,0.500838612848785
PushT,jepa_wm_pusht,14,1,fidelity_constrained_latent_only,fidelity_constrained_latent_only__seed11437,11437,14065,3,0.6070814938730038
PushT,jepa_wm_pusht,14,1,fidelity_constrained_latent_only,fidelity_constrained_latent_only__seed11437,11437,14065,6,0.6326125432885409
PushT,jepa_wm_pusht,15,1,fidelity_constrained_latent_only,fidelity_constrained_latent_only__seed11437,11437,14065,1,0.6166944455347684
PushT,jepa_wm_pusht,15,1,fidelity_constrained_latent_only,fidelity_constrained_latent_only__seed11437,11437,14065,3,0.7424432053058262
PushT,jepa_wm_pusht,15,1,fidelity_constrained_latent_only,fidelity_constrained_latent_only__seed11437,11437,14065,6,0.6716914204163531
PushT,jepa_wm_pusht,16,2,fidelity_constrained_latent_only,fidelity_constrained_latent_only__seed11437,11437,14065,1,1.2331689216569721
PushT,jepa_wm_pusht,16,2,fidelity_constrained_latent_only,fidelity_constrained_latent_only__seed11437,11437,14065,3,1.1143189487764027
PushT,jepa_wm_pusht,16,2,fidelity_constrained_latent_only,fidelity_constrained_latent_only__seed11437,11437,14065,6,1.0894673491998212
PushT,jepa_wm_pusht,17,2,fidelity_constrained_latent_only,fidelity_constrained_latent_only__seed11437,11437,14065,1,0.614286410000093
PushT,jepa_wm_pusht,17,2,fidelity_constrained_latent_only,fidelity_constrained_latent_only__seed11437,11437,14065,3,0.8541812117289862
PushT,jepa_wm_pusht,17,2,fidelity_constrained_latent_only,fidelity_constrained_latent_only__seed11437,11437,14065,6,0.8207932081105993
PushT,jepa_wm_pusht,18,2,fidelity_constrained_latent_only,fidelity_constrained_latent_only__seed11437,11437,14065,1,0.5576647050421282
PushT,jepa_wm_pusht,18,2,fidelity_constrained_latent_only,fidelity_constrained_latent_only__seed11437,11437,14065,3,0.5678888144809736
PushT,jepa_wm_pusht,18,2,fidelity_constrained_latent_only,fidelity_constrained_latent_only__seed11437,11437,14065,6,0.6287184072952987
PushT,jepa_wm_pusht,19,2,fidelity_constrained_latent_only,fidelity_constrained_latent_only__seed11437,11437,14065,1,0.7858686725204471
PushT,jepa_wm_pusht,19,2,fidelity_constrained_latent_only,fidelity_constrained_latent_only__seed11437,11437,14065,3,0.7128493506759314
PushT,jepa_wm_pusht,19,2,fidelity_constrained_latent_only,fidelity_constrained_latent_only__seed11437,11437,14065,6,0.6739471451932574
PushT,jepa_wm_pusht,20,2,fidelity_constrained_latent_only,fidelity_constrained_latent_only__seed11437,11437,14065,1,1.0583308628915828
PushT,jepa_wm_pusht,20,2,fidelity_constrained_latent_only,fidelity_constrained_latent_only__seed11437,11437,14065,3,0.752615704621342
PushT,jepa_wm_pusht,20,2,fidelity_constrained_latent_only,fidelity_constrained_latent_only__seed11437,11437,14065,6,0.7264630864540284
PushT,jepa_wm_pusht,21,2,fidelity_constrained_latent_only,fidelity_constrained_latent_only__seed11437,11437,14065,1,0.5760580153831995
PushT,jepa_wm_pusht,21,2,fidelity_constrained_latent_only,fidelity_constrained_latent_only__seed11437,11437,14065,3,0.8182414857765762
PushT,jepa_wm_pusht,21,2,fidelity_constrained_latent_only,fidelity_constrained_latent_only__seed11437,11437,14065,6,0.7865521511187124
PushT,jepa_wm_pusht,22,2,fidelity_constrained_latent_only,fidelity_constrained_latent_only__seed11437,11437,14065,1,0.6408962551690743
PushT,jepa_wm_pusht,22,2,fidelity_constrained_latent_only,fidelity_constrained_latent_only__seed11437,11437,14065,3,0.8131509934289961
PushT,jepa_wm_pusht,22,2,fidelity_constrained_latent_only,fidelity_constrained_latent_only__seed11437,11437,14065,6,0.7248498224948816
PushT,jepa_wm_pusht,23,2,fidelity_constrained_latent_only,fidelity_constrained_latent_only__seed11437,11437,14065,1,0.8776896322850323
PushT,jepa_wm_pusht,23,2,fidelity_constrained_latent_only,fidelity_constrained_latent_only__seed11437,11437,14065,3,0.6336816007034732
PushT,jepa_wm_pusht,23,2,fidelity_constrained_latent_only,fidelity_constrained_latent_only__seed11437,11437,14065,6,0.6687825602395101
PushT,jepa_wm_pusht,48,6,fidelity_constrained_latent_only,fidelity_constrained_latent_only__seed11437,11437,14065,1,1.7534990023083075
PushT,jepa_wm_pusht,48,6,fidelity_constrained_latent_only,fidelity_constrained_latent_only__seed11437,11437,14065,3,0.8610232240927322
PushT,jepa_wm_pusht,48,6,fidelity_constrained_latent_only,fidelity_constrained_latent_only__seed11437,11437,14065,6,0.779226362788391
PushT,jepa_wm_pusht,49,6,fidelity_constrained_latent_only,fidelity_constrained_latent_only__seed11437,11437,14065,1,1.2289375940840714
PushT,jepa_wm_pusht,49,6,fidelity_constrained_latent_only,fidelity_constrained_latent_only__seed11437,11437,14065,3,0.7869193877214948
PushT,jepa_wm_pusht,49,6,fidelity_constrained_latent_only,fidelity_constrained_latent_only__seed11437,11437,14065,6,0.6523049971324258
PushT,jepa_wm_pusht,50,6,fidelity_constrained_latent_only,fidelity_constrained_latent_only__seed11437,11437,14065,1,1.039707110063981
PushT,jepa_wm_pusht,50,6,fidelity_constrained_latent_only,fidelity_constrained_latent_only__seed11437,11437,14065,3,0.8111745425710725
PushT,jepa_wm_pusht,50,6,fidelity_constrained_latent_only,fidelity_constrained_latent_only__seed11437,11437,14065,6,0.8776937096894788
PushT,jepa_wm_pusht,51,6,fidelity_constrained_latent_only,fidelity_constrained_latent_only__seed11437,11437,14065,1,1.1786082537801703
PushT,jepa_wm_pusht,51,6,fidelity_constrained_latent_only,fidelity_constrained_latent_only__seed11437,11437,14065,3,0.7967206062073813
PushT,jepa_wm_pusht,51,6,fidelity_constrained_latent_only,fidelity_constrained_latent_only__seed11437,11437,14065,6,0.6972411125885123
PushT,jepa_wm_pusht,52,6,fidelity_constrained_latent_only,fidelity_constrained_latent_only__seed11437,11437,14065,1,0.7258628213741994
PushT,jepa_wm_pusht,52,6,fidelity_constrained_latent_only,fidelity_constrained_latent_only__seed11437,11437,14065,3,0.6364094942724792
PushT,jepa_wm_pusht,52,6,fidelity_constrained_latent_only,fidelity_constrained_latent_only__seed11437,11437,14065,6,0.6339279511844934
PushT,jepa_wm_pusht,53,6,fidelity_constrained_latent_only,fidelity_constrained_latent_only__seed11437,11437,14065,1,1.0083633685422957
PushT,jepa_wm_pusht,53,6,fidelity_constrained_latent_only,fidelity_constrained_latent_only__seed11437,11437,14065,3,0.7150321823960728
PushT,jepa_wm_pusht,53,6,fidelity_constrained_latent_only,fidelity_constrained_latent_only__seed11437,11437,14065,6,0.7917493432482652
PushT,jepa_wm_pusht,54,6,fidelity_constrained_latent_only,fidelity_constrained_latent_only__seed11437,11437,14065,1,1.480447397905626
PushT,jepa_wm_pusht,54,6,fidelity_constrained_latent_only,fidelity_constrained_latent_only__seed11437,11437,14065,3,1.2103984833506056
PushT,jepa_wm_pusht,54,6,fidelity_constrained_latent_only,fidelity_constrained_latent_only__seed11437,11437,14065,6,1.140521831747509
PushT,jepa_wm_pusht,55,6,fidelity_constrained_latent_only,fidelity_constrained_latent_only__seed11437,11437,14065,1,0.6393572803602535
PushT,jepa_wm_pusht,55,6,fidelity_constrained_latent_only,fidelity_constrained_latent_only__seed11437,11437,14065,3,0.8163739768339422
PushT,jepa_wm_pusht,55,6,fidelity_constrained_latent_only,fidelity_constrained_latent_only__seed11437,11437,14065,6,0.7147923235956493
PushT,jepa_wm_pusht,8,1,fidelity_constrained_shuffled_geometry,fidelity_constrained_shuffled_geometry__seed11437,11437,14065,1,0.9738658336809899
PushT,jepa_wm_pusht,8,1,fidelity_constrained_shuffled_geometry,fidelity_constrained_shuffled_geometry__seed11437,11437,14065,3,0.8892092763046452
PushT,jepa_wm_pusht,8,1,fidelity_constrained_shuffled_geometry,fidelity_constrained_shuffled_geometry__seed11437,11437,14065,6,0.8097582750138071
PushT,jepa_wm_pusht,9,1,fidelity_constrained_shuffled_geometry,fidelity_constrained_shuffled_geometry__seed11437,11437,14065,1,1.2878284165696576
PushT,jepa_wm_pusht,9,1,fidelity_constrained_shuffled_geometry,fidelity_constrained_shuffled_geometry__seed11437,11437,14065,3,1.00130968155005
PushT,jepa_wm_pusht,9,1,fidelity_constrained_shuffled_geometry,fidelity_constrained_shuffled_geometry__seed11437,11437,14065,6,0.855534652695218
PushT,jepa_wm_pusht,10,1,fidelity_constrained_shuffled_geometry,fidelity_constrained_shuffled_geometry__seed11437,11437,14065,1,1.4012970517912793
PushT,jepa_wm_pusht,10,1,fidelity_constrained_shuffled_geometry,fidelity_constrained_shuffled_geometry__seed11437,11437,14065,3,1.0929659504908538
PushT,jepa_wm_pusht,10,1,fidelity_constrained_shuffled_geometry,fidelity_constrained_shuffled_geometry__seed11437,11437,14065,6,1.049586849364116
PushT,jepa_wm_pusht,11,1,fidelity_constrained_shuffled_geometry,fidelity_constrained_shuffled_geometry__seed11437,11437,14065,1,1.5780433824290943
PushT,jepa_wm_pusht,11,1,fidelity_constrained_shuffled_geometry,fidelity_constrained_shuffled_geometry__seed11437,11437,14065,3,0.9139239766116989
PushT,jepa_wm_pusht,11,1,fidelity_constrained_shuffled_geometry,fidelity_constrained_shuffled_geometry__seed11437,11437,14065,6,0.8768433934401564
PushT,jepa_wm_pusht,12,1,fidelity_constrained_shuffled_geometry,fidelity_constrained_shuffled_geometry__seed11437,11437,14065,1,1.2658232752928698
PushT,jepa_wm_pusht,12,1,fidelity_constrained_shuffled_geometry,fidelity_constrained_shuffled_geometry__seed11437,11437,14065,3,0.8994211751332387
PushT,jepa_wm_pusht,12,1,fidelity_constrained_shuffled_geometry,fidelity_constrained_shuffled_geometry__seed11437,11437,14065,6,0.8099180415813261
PushT,jepa_wm_pusht,13,1,fidelity_constrained_shuffled_geometry,fidelity_constrained_shuffled_geometry__seed11437,11437,14065,1,1.3261548361401065
PushT,jepa_wm_pusht,13,1,fidelity_constrained_shuffled_geometry,fidelity_constrained_shuffled_geometry__seed11437,11437,14065,3,0.9375804693867754
PushT,jepa_wm_pusht,13,1,fidelity_constrained_shuffled_geometry,fidelity_constrained_shuffled_geometry__seed11437,11437,14065,6,0.8458951426989291
PushT,jepa_wm_pusht,14,1,fidelity_constrained_shuffled_geometry,fidelity_constrained_shuffled_geometry__seed11437,11437,14065,1,0.4976690552508602
PushT,jepa_wm_pusht,14,1,fidelity_constrained_shuffled_geometry,fidelity_constrained_shuffled_geometry__seed11437,11437,14065,3,0.659523076613144
PushT,jepa_wm_pusht,14,1,fidelity_constrained_shuffled_geometry,fidelity_constrained_shuffled_geometry__seed11437,11437,14065,6,0.7007949294525632
PushT,jepa_wm_pusht,15,1,fidelity_constrained_shuffled_geometry,fidelity_constrained_shuffled_geometry__seed11437,11437,14065,1,0.6116053912579285
PushT,jepa_wm_pusht,15,1,fidelity_constrained_shuffled_geometry,fidelity_constrained_shuffled_geometry__seed11437,11437,14065,3,0.7995067935109236
PushT,jepa_wm_pusht,15,1,fidelity_constrained_shuffled_geometry,fidelity_constrained_shuffled_geometry__seed11437,11437,14065,6,0.7407876520415413
PushT,jepa_wm_pusht,16,2,fidelity_constrained_shuffled_geometry,fidelity_constrained_shuffled_geometry__seed11437,11437,14065,1,1.2210019364229332
PushT,jepa_wm_pusht,16,2,fidelity_constrained_shuffled_geometry,fidelity_constrained_shuffled_geometry__seed11437,11437,14065,3,1.1393682996847894
PushT,jepa_wm_pusht,16,2,fidelity_constrained_shuffled_geometry,fidelity_constrained_shuffled_geometry__seed11437,11437,14065,6,1.0903724316451133
PushT,jepa_wm_pusht,17,2,fidelity_constrained_shuffled_geometry,fidelity_constrained_shuffled_geometry__seed11437,11437,14065,1,0.6149013287893171
PushT,jepa_wm_pusht,17,2,fidelity_constrained_shuffled_geometry,fidelity_constrained_shuffled_geometry__seed11437,11437,14065,3,0.8922775850344764
PushT,jepa_wm_pusht,17,2,fidelity_constrained_shuffled_geometry,fidelity_constrained_shuffled_geometry__seed11437,11437,14065,6,0.7593949977983725
PushT,jepa_wm_pusht,18,2,fidelity_constrained_shuffled_geometry,fidelity_constrained_shuffled_geometry__seed11437,11437,14065,1,0.5767258186400867
PushT,jepa_wm_pusht,18,2,fidelity_constrained_shuffled_geometry,fidelity_constrained_shuffled_geometry__seed11437,11437,14065,3,0.6012453321641283
PushT,jepa_wm_pusht,18,2,fidelity_constrained_shuffled_geometry,fidelity_constrained_shuffled_geometry__seed11437,11437,14065,6,0.6563101787877463
PushT,jepa_wm_pusht,19,2,fidelity_constrained_shuffled_geometry,fidelity_constrained_shuffled_geometry__seed11437,11437,14065,1,0.8022911927838098
PushT,jepa_wm_pusht,19,2,fidelity_constrained_shuffled_geometry,fidelity_constrained_shuffled_geometry__seed11437,11437,14065,3,0.751573593778442
PushT,jepa_wm_pusht,19,2,fidelity_constrained_shuffled_geometry,fidelity_constrained_shuffled_geometry__seed11437,11437,14065,6,0.729084056180197
PushT,jepa_wm_pusht,20,2,fidelity_constrained_shuffled_geometry,fidelity_constrained_shuffled_geometry__seed11437,11437,14065,1,1.0836628956043586
PushT,jepa_wm_pusht,20,2,fidelity_constrained_shuffled_geometry,fidelity_constrained_shuffled_geometry__seed11437,11437,14065,3,0.8130563106566487
PushT,jepa_wm_pusht,20,2,fidelity_constrained_shuffled_geometry,fidelity_constrained_shuffled_geometry__seed11437,11437,14065,6,0.7432314907917346
PushT,jepa_wm_pusht,21,2,fidelity_constrained_shuffled_geometry,fidelity_constrained_shuffled_geometry__seed11437,11437,14065,1,0.5874038332073453
PushT,jepa_wm_pusht,21,2,fidelity_constrained_shuffled_geometry,fidelity_constrained_shuffled_geometry__seed11437,11437,14065,3,0.8505013391061562
PushT,jepa_wm_pusht,21,2,fidelity_constrained_shuffled_geometry,fidelity_constrained_shuffled_geometry__seed11437,11437,14065,6,0.8662182690374269
PushT,jepa_wm_pusht,22,2,fidelity_constrained_shuffled_geometry,fidelity_constrained_shuffled_geometry__seed11437,11437,14065,1,0.6274480208123341
PushT,jepa_wm_pusht,22,2,fidelity_constrained_shuffled_geometry,fidelity_constrained_shuffled_geometry__seed11437,11437,14065,3,0.8591120781238111
PushT,jepa_wm_pusht,22,2,fidelity_constrained_shuffled_geometry,fidelity_constrained_shuffled_geometry__seed11437,11437,14065,6,0.7454016167955549
PushT,jepa_wm_pusht,23,2,fidelity_constrained_shuffled_geometry,fidelity_constrained_shuffled_geometry__seed11437,11437,14065,1,0.9090567971681772
PushT,jepa_wm_pusht,23,2,fidelity_constrained_shuffled_geometry,fidelity_constrained_shuffled_geometry__seed11437,11437,14065,3,0.6626619124658248
PushT,jepa_wm_pusht,23,2,fidelity_constrained_shuffled_geometry,fidelity_constrained_shuffled_geometry__seed11437,11437,14065,6,0.7588550094437342
PushT,jepa_wm_pusht,48,6,fidelity_constrained_shuffled_geometry,fidelity_constrained_shuffled_geometry__seed11437,11437,14065,1,1.706774401054156
PushT,jepa_wm_pusht,48,6,fidelity_constrained_shuffled_geometry,fidelity_constrained_shuffled_geometry__seed11437,11437,14065,3,0.8582493098370695
PushT,jepa_wm_pusht,48,6,fidelity_constrained_shuffled_geometry,fidelity_constrained_shuffled_geometry__seed11437,11437,14065,6,0.7872986681766803
PushT,jepa_wm_pusht,49,6,fidelity_constrained_shuffled_geometry,fidelity_constrained_shuffled_geometry__seed11437,11437,14065,1,1.2325640430795135
PushT,jepa_wm_pusht,49,6,fidelity_constrained_shuffled_geometry,fidelity_constrained_shuffled_geometry__seed11437,11437,14065,3,0.8321450578272348
PushT,jepa_wm_pusht,49,6,fidelity_constrained_shuffled_geometry,fidelity_constrained_shuffled_geometry__seed11437,11437,14065,6,0.6797204879509354
PushT,jepa_wm_pusht,50,6,fidelity_constrained_shuffled_geometry,fidelity_constrained_shuffled_geometry__seed11437,11437,14065,1,1.0463214754385668
PushT,jepa_wm_pusht,50,6,fidelity_constrained_shuffled_geometry,fidelity_constrained_shuffled_geometry__seed11437,11437,14065,3,0.8250842280125887
PushT,jepa_wm_pusht,50,6,fidelity_constrained_shuffled_geometry,fidelity_constrained_shuffled_geometry__seed11437,11437,14065,6,0.9140929998484877
PushT,jepa_wm_pusht,51,6,fidelity_constrained_shuffled_geometry,fidelity_constrained_shuffled_geometry__seed11437,11437,14065,1,1.2053975123533989
PushT,jepa_wm_pusht,51,6,fidelity_constrained_shuffled_geometry,fidelity_constrained_shuffled_geometry__seed11437,11437,14065,3,0.8043651518365768
PushT,jepa_wm_pusht,51,6,fidelity_constrained_shuffled_geometry,fidelity_constrained_shuffled_geometry__seed11437,11437,14065,6,0.7774106539629981
PushT,jepa_wm_pusht,52,6,fidelity_constrained_shuffled_geometry,fidelity_constrained_shuffled_geometry__seed11437,11437,14065,1,0.7310620989219835
PushT,jepa_wm_pusht,52,6,fidelity_constrained_shuffled_geometry,fidelity_constrained_shuffled_geometry__seed11437,11437,14065,3,0.718974416977895
PushT,jepa_wm_pusht,52,6,fidelity_constrained_shuffled_geometry,fidelity_constrained_shuffled_geometry__seed11437,11437,14065,6,0.7343585790053181
PushT,jepa_wm_pusht,53,6,fidelity_constrained_shuffled_geometry,fidelity_constrained_shuffled_geometry__seed11437,11437,14065,1,1.0082028308421798
PushT,jepa_wm_pusht,53,6,fidelity_constrained_shuffled_geometry,fidelity_constrained_shuffled_geometry__seed11437,11437,14065,3,0.800649847399376
PushT,jepa_wm_pusht,53,6,fidelity_constrained_shuffled_geometry,fidelity_constrained_shuffled_geometry__seed11437,11437,14065,6,0.8306117505788724
PushT,jepa_wm_pusht,54,6,fidelity_constrained_shuffled_geometry,fidelity_constrained_shuffled_geometry__seed11437,11437,14065,1,1.4315977958182906
PushT,jepa_wm_pusht,54,6,fidelity_constrained_shuffled_geometry,fidelity_constrained_shuffled_geometry__seed11437,11437,14065,3,1.1805085333231302
PushT,jepa_wm_pusht,54,6,fidelity_constrained_shuffled_geometry,fidelity_constrained_shuffled_geometry__seed11437,11437,14065,6,1.1021083760077408
PushT,jepa_wm_pusht,55,6,fidelity_constrained_shuffled_geometry,fidelity_constrained_shuffled_geometry__seed11437,11437,14065,1,0.6438618172473002
PushT,jepa_wm_pusht,55,6,fidelity_constrained_shuffled_geometry,fidelity_constrained_shuffled_geometry__seed11437,11437,14065,3,0.8369715748961565
PushT,jepa_wm_pusht,55,6,fidelity_constrained_shuffled_geometry,fidelity_constrained_shuffled_geometry__seed11437,11437,14065,6,0.7231903882530883
PushT,jepa_wm_pusht,8,1,fidelity_constrained_matched_geometry,fidelity_constrained_matched_geometry__seed11437,11437,14065,1,0.9763467285739963
PushT,jepa_wm_pusht,8,1,fidelity_constrained_matched_geometry,fidelity_constrained_matched_geometry__seed11437,11437,14065,3,0.8445127544004274
PushT,jepa_wm_pusht,8,1,fidelity_constrained_matched_geometry,fidelity_constrained_matched_geometry__seed11437,11437,14065,6,0.7313477767548867
PushT,jepa_wm_pusht,9,1,fidelity_constrained_matched_geometry,fidelity_constrained_matched_geometry__seed11437,11437,14065,1,1.2791983010076624
PushT,jepa_wm_pusht,9,1,fidelity_constrained_matched_geometry,fidelity_constrained_matched_geometry__seed11437,11437,14065,3,0.9515733924892716
PushT,jepa_wm_pusht,9,1,fidelity_constrained_matched_geometry,fidelity_constrained_matched_geometry__seed11437,11437,14065,6,0.7907748481464334
PushT,jepa_wm_pusht,10,1,fidelity_constrained_matched_geometry,fidelity_constrained_matched_geometry__seed11437,11437,14065,1,1.3947059629349925
PushT,jepa_wm_pusht,10,1,fidelity_constrained_matched_geometry,fidelity_constrained_matched_geometry__seed11437,11437,14065,3,1.0956093943830074
PushT,jepa_wm_pusht,10,1,fidelity_constrained_matched_geometry,fidelity_constrained_matched_geometry__seed11437,11437,14065,6,1.0501370693728893
PushT,jepa_wm_pusht,11,1,fidelity_constrained_matched_geometry,fidelity_constrained_matched_geometry__seed11437,11437,14065,1,1.5568387869260203
PushT,jepa_wm_pusht,11,1,fidelity_constrained_matched_geometry,fidelity_constrained_matched_geometry__seed11437,11437,14065,3,0.9389183530392763
PushT,jepa_wm_pusht,11,1,fidelity_constrained_matched_geometry,fidelity_constrained_matched_geometry__seed11437,11437,14065,6,0.8964632176595502
PushT,jepa_wm_pusht,12,1,fidelity_constrained_matched_geometry,fidelity_constrained_matched_geometry__seed11437,11437,14065,1,1.2427204962329816
PushT,jepa_wm_pusht,12,1,fidelity_constrained_matched_geometry,fidelity_constrained_matched_geometry__seed11437,11437,14065,3,0.8831678161940432
PushT,jepa_wm_pusht,12,1,fidelity_constrained_matched_geometry,fidelity_constrained_matched_geometry__seed11437,11437,14065,6,0.81470181768128
PushT,jepa_wm_pusht,13,1,fidelity_constrained_matched_geometry,fidelity_constrained_matched_geometry__seed11437,11437,14065,1,1.287941732628344
PushT,jepa_wm_pusht,13,1,fidelity_constrained_matched_geometry,fidelity_constrained_matched_geometry__seed11437,11437,14065,3,0.8648690100027092
PushT,jepa_wm_pusht,13,1,fidelity_constrained_matched_geometry,fidelity_constrained_matched_geometry__seed11437,11437,14065,6,0.8186274955385043
PushT,jepa_wm_pusht,14,1,fidelity_constrained_matched_geometry,fidelity_constrained_matched_geometry__seed11437,11437,14065,1,0.49172569653861287
PushT,jepa_wm_pusht,14,1,fidelity_constrained_matched_geometry,fidelity_constrained_matched_geometry__seed11437,11437,14065,3,0.6015542493790818
PushT,jepa_wm_pusht,14,1,fidelity_constrained_matched_geometry,fidelity_constrained_matched_geometry__seed11437,11437,14065,6,0.6445438223555174
PushT,jepa_wm_pusht,15,1,fidelity_constrained_matched_geometry,fidelity_constrained_matched_geometry__seed11437,11437,14065,1,0.6031808185709463
PushT,jepa_wm_pusht,15,1,fidelity_constrained_matched_geometry,fidelity_constrained_matched_geometry__seed11437,11437,14065,3,0.7420818779873093
PushT,jepa_wm_pusht,15,1,fidelity_constrained_matched_geometry,fidelity_constrained_matched_geometry__seed11437,11437,14065,6,0.6569606385218224
PushT,jepa_wm_pusht,16,2,fidelity_constrained_matched_geometry,fidelity_constrained_matched_geometry__seed11437,11437,14065,1,1.1972515472453549
PushT,jepa_wm_pusht,16,2,fidelity_constrained_matched_geometry,fidelity_constrained_matched_geometry__seed11437,11437,14065,3,1.0719182207551845
PushT,jepa_wm_pusht,16,2,fidelity_constrained_matched_geometry,fidelity_constrained_matched_geometry__seed11437,11437,14065,6,1.035266054943471
PushT,jepa_wm_pusht,17,2,fidelity_constrained_matched_geometry,fidelity_constrained_matched_geometry__seed11437,11437,14065,1,0.6143348391564333
PushT,jepa_wm_pusht,17,2,fidelity_constrained_matched_geometry,fidelity_constrained_matched_geometry__seed11437,11437,14065,3,0.8589147222391323
PushT,jepa_wm_pusht,17,2,fidelity_constrained_matched_geometry,fidelity_constrained_matched_geometry__seed11437,11437,14065,6,0.8094945683131392
PushT,jepa_wm_pusht,18,2,fidelity_constrained_matched_geometry,fidelity_constrained_matched_geometry__seed11437,11437,14065,1,0.5688106788169867
PushT,jepa_wm_pusht,18,2,fidelity_constrained_matched_geometry,fidelity_constrained_matched_geometry__seed11437,11437,14065,3,0.5645230114075467
PushT,jepa_wm_pusht,18,2,fidelity_constrained_matched_geometry,fidelity_constrained_matched_geometry__seed11437,11437,14065,6,0.6157144157202756
PushT,jepa_wm_pusht,19,2,fidelity_constrained_matched_geometry,fidelity_constrained_matched_geometry__seed11437,11437,14065,1,0.7842378006528563
PushT,jepa_wm_pusht,19,2,fidelity_constrained_matched_geometry,fidelity_constrained_matched_geometry__seed11437,11437,14065,3,0.7173912959291753
PushT,jepa_wm_pusht,19,2,fidelity_constrained_matched_geometry,fidelity_constrained_matched_geometry__seed11437,11437,14065,6,0.6809251521889305
PushT,jepa_wm_pusht,20,2,fidelity_constrained_matched_geometry,fidelity_constrained_matched_geometry__seed11437,11437,14065,1,1.065326997964462
PushT,jepa_wm_pusht,20,2,fidelity_constrained_matched_geometry,fidelity_constrained_matched_geometry__seed11437,11437,14065,3,0.7654634459882211
PushT,jepa_wm_pusht,20,2,fidelity_constrained_matched_geometry,fidelity_constrained_matched_geometry__seed11437,11437,14065,6,0.6998188031135408
PushT,jepa_wm_pusht,21,2,fidelity_constrained_matched_geometry,fidelity_constrained_matched_geometry__seed11437,11437,14065,1,0.5706949033011505
PushT,jepa_wm_pusht,21,2,fidelity_constrained_matched_geometry,fidelity_constrained_matched_geometry__seed11437,11437,14065,3,0.8200842944461586
PushT,jepa_wm_pusht,21,2,fidelity_constrained_matched_geometry,fidelity_constrained_matched_geometry__seed11437,11437,14065,6,0.7848958237895234
PushT,jepa_wm_pusht,22,2,fidelity_constrained_matched_geometry,fidelity_constrained_matched_geometry__seed11437,11437,14065,1,0.6260074828034755
PushT,jepa_wm_pusht,22,2,fidelity_constrained_matched_geometry,fidelity_constrained_matched_geometry__seed11437,11437,14065,3,0.801555472605577
PushT,jepa_wm_pusht,22,2,fidelity_constrained_matched_geometry,fidelity_constrained_matched_geometry__seed11437,11437,14065,6,0.7074769349233963
PushT,jepa_wm_pusht,23,2,fidelity_constrained_matched_geometry,fidelity_constrained_matched_geometry__seed11437,11437,14065,1,0.863707607962176
PushT,jepa_wm_pusht,23,2,fidelity_constrained_matched_geometry,fidelity_constrained_matched_geometry__seed11437,11437,14065,3,0.6255956798967717
PushT,jepa_wm_pusht,23,2,fidelity_constrained_matched_geometry,fidelity_constrained_matched_geometry__seed11437,11437,14065,6,0.6622399843828509
PushT,jepa_wm_pusht,48,6,fidelity_constrained_matched_geometry,fidelity_constrained_matched_geometry__seed11437,11437,14065,1,1.7172885992945586
PushT,jepa_wm_pusht,48,6,fidelity_constrained_matched_geometry,fidelity_constrained_matched_geometry__seed11437,11437,14065,3,0.843604283542341
PushT,jepa_wm_pusht,48,6,fidelity_constrained_matched_geometry,fidelity_constrained_matched_geometry__seed11437,11437,14065,6,0.7440727292975606
PushT,jepa_wm_pusht,49,6,fidelity_constrained_matched_geometry,fidelity_constrained_matched_geometry__seed11437,11437,14065,1,1.2025506492648708
PushT,jepa_wm_pusht,49,6,fidelity_constrained_matched_geometry,fidelity_constrained_matched_geometry__seed11437,11437,14065,3,0.7927211962394337
PushT,jepa_wm_pusht,49,6,fidelity_constrained_matched_geometry,fidelity_constrained_matched_geometry__seed11437,11437,14065,6,0.6396670029044939
PushT,jepa_wm_pusht,50,6,fidelity_constrained_matched_geometry,fidelity_constrained_matched_geometry__seed11437,11437,14065,1,1.0349037518669182
PushT,jepa_wm_pusht,50,6,fidelity_constrained_matched_geometry,fidelity_constrained_matched_geometry__seed11437,11437,14065,3,0.7846614826066252
PushT,jepa_wm_pusht,50,6,fidelity_constrained_matched_geometry,fidelity_constrained_matched_geometry__seed11437,11437,14065,6,0.8489241717963357
PushT,jepa_wm_pusht,51,6,fidelity_constrained_matched_geometry,fidelity_constrained_matched_geometry__seed11437,11437,14065,1,1.185218662985096
PushT,jepa_wm_pusht,51,6,fidelity_constrained_matched_geometry,fidelity_constrained_matched_geometry__seed11437,11437,14065,3,0.7818071494377882
PushT,jepa_wm_pusht,51,6,fidelity_constrained_matched_geometry,fidelity_constrained_matched_geometry__seed11437,11437,14065,6,0.7045472720640723
PushT,jepa_wm_pusht,52,6,fidelity_constrained_matched_geometry,fidelity_constrained_matched_geometry__seed11437,11437,14065,1,0.7078431362518024
PushT,jepa_wm_pusht,52,6,fidelity_constrained_matched_geometry,fidelity_constrained_matched_geometry__seed11437,11437,14065,3,0.6719735661029836
PushT,jepa_wm_pusht,52,6,fidelity_constrained_matched_geometry,fidelity_constrained_matched_geometry__seed11437,11437,14065,6,0.6687965536062614
PushT,jepa_wm_pusht,53,6,fidelity_constrained_matched_geometry,fidelity_constrained_matched_geometry__seed11437,11437,14065,1,0.9936745107767206
PushT,jepa_wm_pusht,53,6,fidelity_constrained_matched_geometry,fidelity_constrained_matched_geometry__seed11437,11437,14065,3,0.7247495152221742
PushT,jepa_wm_pusht,53,6,fidelity_constrained_matched_geometry,fidelity_constrained_matched_geometry__seed11437,11437,14065,6,0.7743491600042955
PushT,jepa_wm_pusht,54,6,fidelity_constrained_matched_geometry,fidelity_constrained_matched_geometry__seed11437,11437,14065,1,1.4438387315457286
PushT,jepa_wm_pusht,54,6,fidelity_constrained_matched_geometry,fidelity_constrained_matched_geometry__seed11437,11437,14065,3,1.1980637284953417
PushT,jepa_wm_pusht,54,6,fidelity_constrained_matched_geometry,fidelity_constrained_matched_geometry__seed11437,11437,14065,6,1.102084864493577
PushT,jepa_wm_pusht,55,6,fidelity_constrained_matched_geometry,fidelity_constrained_matched_geometry__seed11437,11437,14065,1,0.6158127221815484
PushT,jepa_wm_pusht,55,6,fidelity_constrained_matched_geometry,fidelity_constrained_matched_geometry__seed11437,11437,14065,3,0.7956411670545909
PushT,jepa_wm_pusht,55,6,fidelity_constrained_matched_geometry,fidelity_constrained_matched_geometry__seed11437,11437,14065,6,0.6788441171067553
PushT,jepa_wm_pusht,8,1,frozen,frozen,-1,14083,1,1.03266312603932
PushT,jepa_wm_pusht,8,1,frozen,frozen,-1,14083,3,0.7896975367478352
PushT,jepa_wm_pusht,8,1,frozen,frozen,-1,14083,6,0.8213530955414374
PushT,jepa_wm_pusht,9,1,frozen,frozen,-1,14083,1,1.3066361983891814
PushT,jepa_wm_pusht,9,1,frozen,frozen,-1,14083,3,0.9675629788138196
PushT,jepa_wm_pusht,9,1,frozen,frozen,-1,14083,6,0.8980379612236751
PushT,jepa_wm_pusht,10,1,frozen,frozen,-1,14083,1,1.4510241159950685
PushT,jepa_wm_pusht,10,1,frozen,frozen,-1,14083,3,1.1333960931069518
PushT,jepa_wm_pusht,10,1,frozen,frozen,-1,14083,6,1.0124021182340162
PushT,jepa_wm_pusht,11,1,frozen,frozen,-1,14083,1,1.507526192814352
PushT,jepa_wm_pusht,11,1,frozen,frozen,-1,14083,3,0.964686337824791
PushT,jepa_wm_pusht,11,1,frozen,frozen,-1,14083,6,0.8680744366478897
PushT,jepa_wm_pusht,12,1,frozen,frozen,-1,14083,1,1.2438583302545678
PushT,jepa_wm_pusht,12,1,frozen,frozen,-1,14083,3,0.8890926437463413
PushT,jepa_wm_pusht,12,1,frozen,frozen,-1,14083,6,0.822927702373596
PushT,jepa_wm_pusht,13,1,frozen,frozen,-1,14083,1,1.2202861002324963
PushT,jepa_wm_pusht,13,1,frozen,frozen,-1,14083,3,0.9399699897692891
PushT,jepa_wm_pusht,13,1,frozen,frozen,-1,14083,6,0.7692754545289866
PushT,jepa_wm_pusht,14,1,frozen,frozen,-1,14083,1,0.4812677336255301
PushT,jepa_wm_pusht,14,1,frozen,frozen,-1,14083,3,0.6273439020258988
PushT,jepa_wm_pusht,14,1,frozen,frozen,-1,14083,6,0.7103657233383296
PushT,jepa_wm_pusht,15,1,frozen,frozen,-1,14083,1,0.5728422220159595
PushT,jepa_wm_pusht,15,1,frozen,frozen,-1,14083,3,0.7336377191863445
PushT,jepa_wm_pusht,15,1,frozen,frozen,-1,14083,6,0.7728777813321668
PushT,jepa_wm_pusht,16,2,frozen,frozen,-1,14083,1,1.2970849401420668
PushT,jepa_wm_pusht,16,2,frozen,frozen,-1,14083,3,1.1010810457473799
PushT,jepa_wm_pusht,16,2,frozen,frozen,-1,14083,6,1.18603663254381
PushT,jepa_wm_pusht,17,2,frozen,frozen,-1,14083,1,0.6960096798092226
PushT,jepa_wm_pusht,17,2,frozen,frozen,-1,14083,3,0.8592263289830206
PushT,jepa_wm_pusht,17,2,frozen,frozen,-1,14083,6,0.8200883596641403
PushT,jepa_wm_pusht,18,2,frozen,frozen,-1,14083,1,0.5646755603769829
PushT,jepa_wm_pusht,18,2,frozen,frozen,-1,14083,3,0.6191724074107872
PushT,jepa_wm_pusht,18,2,frozen,frozen,-1,14083,6,0.7073334458741865
PushT,jepa_wm_pusht,19,2,frozen,frozen,-1,14083,1,0.7399805275463478
PushT,jepa_wm_pusht,19,2,frozen,frozen,-1,14083,3,0.6848103929324407
PushT,jepa_wm_pusht,19,2,frozen,frozen,-1,14083,6,0.6938249846867033
PushT,jepa_wm_pusht,20,2,frozen,frozen,-1,14083,1,1.0761928461747956
PushT,jepa_wm_pusht,20,2,frozen,frozen,-1,14083,3,0.7794898587599512
PushT,jepa_wm_pusht,20,2,frozen,frozen,-1,14083,6,0.8183098596495554
PushT,jepa_wm_pusht,21,2,frozen,frozen,-1,14083,1,0.6333893979207191
PushT,jepa_wm_pusht,21,2,frozen,frozen,-1,14083,3,0.8519397512316806
PushT,jepa_wm_pusht,21,2,frozen,frozen,-1,14083,6,0.8316854815262632
PushT,jepa_wm_pusht,22,2,frozen,frozen,-1,14083,1,0.6777269595861768
PushT,jepa_wm_pusht,22,2,frozen,frozen,-1,14083,3,0.862638214037685
PushT,jepa_wm_pusht,22,2,frozen,frozen,-1,14083,6,0.7706260722556157
PushT,jepa_wm_pusht,23,2,frozen,frozen,-1,14083,1,0.9577347604907137
PushT,jepa_wm_pusht,23,2,frozen,frozen,-1,14083,3,0.6398917252551191
PushT,jepa_wm_pusht,23,2,frozen,frozen,-1,14083,6,0.6525972559515412
PushT,jepa_wm_pusht,48,6,frozen,frozen,-1,14083,1,1.6378893803733459
PushT,jepa_wm_pusht,48,6,frozen,frozen,-1,14083,3,0.8292686071794341
PushT,jepa_wm_pusht,48,6,frozen,frozen,-1,14083,6,0.8347356551162802
PushT,jepa_wm_pusht,49,6,frozen,frozen,-1,14083,1,1.319405517868464
PushT,jepa_wm_pusht,49,6,frozen,frozen,-1,14083,3,0.7871705948141501
PushT,jepa_wm_pusht,49,6,frozen,frozen,-1,14083,6,0.7249177245602103
PushT,jepa_wm_pusht,50,6,frozen,frozen,-1,14083,1,1.109011060502116
PushT,jepa_wm_pusht,50,6,frozen,frozen,-1,14083,3,0.7950044371774676
PushT,jepa_wm_pusht,50,6,frozen,frozen,-1,14083,6,0.994784380712684
PushT,jepa_wm_pusht,51,6,frozen,frozen,-1,14083,1,1.248686092999199
PushT,jepa_wm_pusht,51,6,frozen,frozen,-1,14083,3,0.7442019535536111
PushT,jepa_wm_pusht,51,6,frozen,frozen,-1,14083,6,0.6871855813414832
PushT,jepa_wm_pusht,52,6,frozen,frozen,-1,14083,1,0.7612017720275619
PushT,jepa_wm_pusht,52,6,frozen,frozen,-1,14083,3,0.7167716529548195
PushT,jepa_wm_pusht,52,6,frozen,frozen,-1,14083,6,0.7040075434394778
PushT,jepa_wm_pusht,53,6,frozen,frozen,-1,14083,1,1.0716882684678468
PushT,jepa_wm_pusht,53,6,frozen,frozen,-1,14083,3,0.7773992447097645
PushT,jepa_wm_pusht,53,6,frozen,frozen,-1,14083,6,0.8470588945070635
PushT,jepa_wm_pusht,54,6,frozen,frozen,-1,14083,1,1.5608484621964234
PushT,jepa_wm_pusht,54,6,frozen,frozen,-1,14083,3,1.2307200618973888
PushT,jepa_wm_pusht,54,6,frozen,frozen,-1,14083,6,1.1574642797974186
PushT,jepa_wm_pusht,55,6,frozen,frozen,-1,14083,1,0.6879347922572733
PushT,jepa_wm_pusht,55,6,frozen,frozen,-1,14083,3,0.7726812550241013
PushT,jepa_wm_pusht,55,6,frozen,frozen,-1,14083,6,0.7290953613698851
PushT,jepa_wm_pusht,8,1,fidelity_constrained_latent_only,fidelity_constrained_latent_only__seed11401,11401,14083,1,1.0158385947311461
PushT,jepa_wm_pusht,8,1,fidelity_constrained_latent_only,fidelity_constrained_latent_only__seed11401,11401,14083,3,0.7527797646876967
PushT,jepa_wm_pusht,8,1,fidelity_constrained_latent_only,fidelity_constrained_latent_only__seed11401,11401,14083,6,0.7661055367285056
PushT,jepa_wm_pusht,9,1,fidelity_constrained_latent_only,fidelity_constrained_latent_only__seed11401,11401,14083,1,1.3018666670088848
PushT,jepa_wm_pusht,9,1,fidelity_constrained_latent_only,fidelity_constrained_latent_only__seed11401,11401,14083,3,0.9153642370455415
PushT,jepa_wm_pusht,9,1,fidelity_constrained_latent_only,fidelity_constrained_latent_only__seed11401,11401,14083,6,0.8045445774830632
PushT,jepa_wm_pusht,10,1,fidelity_constrained_latent_only,fidelity_constrained_latent_only__seed11401,11401,14083,1,1.430456795513028
PushT,jepa_wm_pusht,10,1,fidelity_constrained_latent_only,fidelity_constrained_latent_only__seed11401,11401,14083,3,1.115023823372739
PushT,jepa_wm_pusht,10,1,fidelity_constrained_latent_only,fidelity_constrained_latent_only__seed11401,11401,14083,6,1.0150854302212557
PushT,jepa_wm_pusht,11,1,fidelity_constrained_latent_only,fidelity_constrained_latent_only__seed11401,11401,14083,1,1.4667620785206026
PushT,jepa_wm_pusht,11,1,fidelity_constrained_latent_only,fidelity_constrained_latent_only__seed11401,11401,14083,3,0.9505259472462232
PushT,jepa_wm_pusht,11,1,fidelity_constrained_latent_only,fidelity_constrained_latent_only__seed11401,11401,14083,6,0.8895772631487178
PushT,jepa_wm_pusht,12,1,fidelity_constrained_latent_only,fidelity_constrained_latent_only__seed11401,11401,14083,1,1.2401656729191535
PushT,jepa_wm_pusht,12,1,fidelity_constrained_latent_only,fidelity_constrained_latent_only__seed11401,11401,14083,3,0.8722660665349184
PushT,jepa_wm_pusht,12,1,fidelity_constrained_latent_only,fidelity_constrained_latent_only__seed11401,11401,14083,6,0.8434570741098663
PushT,jepa_wm_pusht,13,1,fidelity_constrained_latent_only,fidelity_constrained_latent_only__seed11401,11401,14083,1,1.1965024857722855
PushT,jepa_wm_pusht,13,1,fidelity_constrained_latent_only,fidelity_constrained_latent_only__seed11401,11401,14083,3,0.8951148994149747
PushT,jepa_wm_pusht,13,1,fidelity_constrained_latent_only,fidelity_constrained_latent_only__seed11401,11401,14083,6,0.7533225027741894
PushT,jepa_wm_pusht,14,1,fidelity_constrained_latent_only,fidelity_constrained_latent_only__seed11401,11401,14083,1,0.4715120147168702
PushT,jepa_wm_pusht,14,1,fidelity_constrained_latent_only,fidelity_constrained_latent_only__seed11401,11401,14083,3,0.6040052883421427
PushT,jepa_wm_pusht,14,1,fidelity_constrained_latent_only,fidelity_constrained_latent_only__seed11401,11401,14083,6,0.6471971275528868
PushT,jepa_wm_pusht,15,1,fidelity_constrained_latent_only,fidelity_constrained_latent_only__seed11401,11401,14083,1,0.5760505494025108
PushT,jepa_wm_pusht,15,1,fidelity_constrained_latent_only,fidelity_constrained_latent_only__seed11401,11401,14083,3,0.7086291013991117
PushT,jepa_wm_pusht,15,1,fidelity_constrained_latent_only,fidelity_constrained_latent_only__seed11401,11401,14083,6,0.7140796185739586
PushT,jepa_wm_pusht,16,2,fidelity_constrained_latent_only,fidelity_constrained_latent_only__seed11401,11401,14083,1,1.2670831033719896
PushT,jepa_wm_pusht,16,2,fidelity_constrained_latent_only,fidelity_constrained_latent_only__seed11401,11401,14083,3,1.0485136032477846
PushT,jepa_wm_pusht,16,2,fidelity_constrained_latent_only,fidelity_constrained_latent_only__seed11401,11401,14083,6,1.0803118106304073
PushT,jepa_wm_pusht,17,2,fidelity_constrained_latent_only,fidelity_constrained_latent_only__seed11401,11401,14083,1,0.6682458307312946
PushT,jepa_wm_pusht,17,2,fidelity_constrained_latent_only,fidelity_constrained_latent_only__seed11401,11401,14083,3,0.8418528816188665
PushT,jepa_wm_pusht,17,2,fidelity_constrained_latent_only,fidelity_constrained_latent_only__seed11401,11401,14083,6,0.7937118353441104
PushT,jepa_wm_pusht,18,2,fidelity_constrained_latent_only,fidelity_constrained_latent_only__seed11401,11401,14083,1,0.5732338847398056
PushT,jepa_wm_pusht,18,2,fidelity_constrained_latent_only,fidelity_constrained_latent_only__seed11401,11401,14083,3,0.6085874644488392
PushT,jepa_wm_pusht,18,2,fidelity_constrained_latent_only,fidelity_constrained_latent_only__seed11401,11401,14083,6,0.6401496264815942
PushT,jepa_wm_pusht,19,2,fidelity_constrained_latent_only,fidelity_constrained_latent_only__seed11401,11401,14083,1,0.7464651198140335
PushT,jepa_wm_pusht,19,2,fidelity_constrained_latent_only,fidelity_constrained_latent_only__seed11401,11401,14083,3,0.6748817769827428
PushT,jepa_wm_pusht,19,2,fidelity_constrained_latent_only,fidelity_constrained_latent_only__seed11401,11401,14083,6,0.6409129287523585
PushT,jepa_wm_pusht,20,2,fidelity_constrained_latent_only,fidelity_constrained_latent_only__seed11401,11401,14083,1,1.0593610165906868
PushT,jepa_wm_pusht,20,2,fidelity_constrained_latent_only,fidelity_constrained_latent_only__seed11401,11401,14083,3,0.7595560708510749
PushT,jepa_wm_pusht,20,2,fidelity_constrained_latent_only,fidelity_constrained_latent_only__seed11401,11401,14083,6,0.7285270855403224
PushT,jepa_wm_pusht,21,2,fidelity_constrained_latent_only,fidelity_constrained_latent_only__seed11401,11401,14083,1,0.6171412227795089
PushT,jepa_wm_pusht,21,2,fidelity_constrained_latent_only,fidelity_constrained_latent_only__seed11401,11401,14083,3,0.8145566392757153
PushT,jepa_wm_pusht,21,2,fidelity_constrained_latent_only,fidelity_constrained_latent_only__seed11401,11401,14083,6,0.7721861178209257
PushT,jepa_wm_pusht,22,2,fidelity_constrained_latent_only,fidelity_constrained_latent_only__seed11401,11401,14083,1,0.6337481365658318
PushT,jepa_wm_pusht,22,2,fidelity_constrained_latent_only,fidelity_constrained_latent_only__seed11401,11401,14083,3,0.8327377191370846
PushT,jepa_wm_pusht,22,2,fidelity_constrained_latent_only,fidelity_constrained_latent_only__seed11401,11401,14083,6,0.694166786320342
PushT,jepa_wm_pusht,23,2,fidelity_constrained_latent_only,fidelity_constrained_latent_only__seed11401,11401,14083,1,0.9513390615271172
PushT,jepa_wm_pusht,23,2,fidelity_constrained_latent_only,fidelity_constrained_latent_only__seed11401,11401,14083,3,0.6309322922089061
PushT,jepa_wm_pusht,23,2,fidelity_constrained_latent_only,fidelity_constrained_latent_only__seed11401,11401,14083,6,0.6376383542216969
PushT,jepa_wm_pusht,48,6,fidelity_constrained_latent_only,fidelity_constrained_latent_only__seed11401,11401,14083,1,1.636952157564474
PushT,jepa_wm_pusht,48,6,fidelity_constrained_latent_only,fidelity_constrained_latent_only__seed11401,11401,14083,3,0.8538489148241651
PushT,jepa_wm_pusht,48,6,fidelity_constrained_latent_only,fidelity_constrained_latent_only__seed11401,11401,14083,6,0.839941419826541
PushT,jepa_wm_pusht,49,6,fidelity_constrained_latent_only,fidelity_constrained_latent_only__seed11401,11401,14083,1,1.3065534847267082
PushT,jepa_wm_pusht,49,6,fidelity_constrained_latent_only,fidelity_constrained_latent_only__seed11401,11401,14083,3,0.7678032519580705
PushT,jepa_wm_pusht,49,6,fidelity_constrained_latent_only,fidelity_constrained_latent_only__seed11401,11401,14083,6,0.6587101037262215
PushT,jepa_wm_pusht,50,6,fidelity_constrained_latent_only,fidelity_constrained_latent_only__seed11401,11401,14083,1,1.0951140160492276
PushT,jepa_wm_pusht,50,6,fidelity_constrained_latent_only,fidelity_constrained_latent_only__seed11401,11401,14083,3,0.7803721335605596
PushT,jepa_wm_pusht,50,6,fidelity_constrained_latent_only,fidelity_constrained_latent_only__seed11401,11401,14083,6,0.8840683950446723
PushT,jepa_wm_pusht,51,6,fidelity_constrained_latent_only,fidelity_constrained_latent_only__seed11401,11401,14083,1,1.2461416927167714
PushT,jepa_wm_pusht,51,6,fidelity_constrained_latent_only,fidelity_constrained_latent_only__seed11401,11401,14083,3,0.7551779785563489
PushT,jepa_wm_pusht,51,6,fidelity_constrained_latent_only,fidelity_constrained_latent_only__seed11401,11401,14083,6,0.7213261106379667
PushT,jepa_wm_pusht,52,6,fidelity_constrained_latent_only,fidelity_constrained_latent_only__seed11401,11401,14083,1,0.7245710165281654
PushT,jepa_wm_pusht,52,6,fidelity_constrained_latent_only,fidelity_constrained_latent_only__seed11401,11401,14083,3,0.7040774326670494
PushT,jepa_wm_pusht,52,6,fidelity_constrained_latent_only,fidelity_constrained_latent_only__seed11401,11401,14083,6,0.6643463590645265
PushT,jepa_wm_pusht,53,6,fidelity_constrained_latent_only,fidelity_constrained_latent_only__seed11401,11401,14083,1,1.0603104131466519
PushT,jepa_wm_pusht,53,6,fidelity_constrained_latent_only,fidelity_constrained_latent_only__seed11401,11401,14083,3,0.7377500690984583
PushT,jepa_wm_pusht,53,6,fidelity_constrained_latent_only,fidelity_constrained_latent_only__seed11401,11401,14083,6,0.7833225843076518
PushT,jepa_wm_pusht,54,6,fidelity_constrained_latent_only,fidelity_constrained_latent_only__seed11401,11401,14083,1,1.5637271176781236
PushT,jepa_wm_pusht,54,6,fidelity_constrained_latent_only,fidelity_constrained_latent_only__seed11401,11401,14083,3,1.2326758536276532
PushT,jepa_wm_pusht,54,6,fidelity_constrained_latent_only,fidelity_constrained_latent_only__seed11401,11401,14083,6,1.1375289958938215
PushT,jepa_wm_pusht,55,6,fidelity_constrained_latent_only,fidelity_constrained_latent_only__seed11401,11401,14083,1,0.668044122008747
PushT,jepa_wm_pusht,55,6,fidelity_constrained_latent_only,fidelity_constrained_latent_only__seed11401,11401,14083,3,0.7970399834732355
PushT,jepa_wm_pusht,55,6,fidelity_constrained_latent_only,fidelity_constrained_latent_only__seed11401,11401,14083,6,0.7149093708799349
PushT,jepa_wm_pusht,8,1,fidelity_constrained_shuffled_geometry,fidelity_constrained_shuffled_geometry__seed11401,11401,14083,1,1.0279124681054161
PushT,jepa_wm_pusht,8,1,fidelity_constrained_shuffled_geometry,fidelity_constrained_shuffled_geometry__seed11401,11401,14083,3,0.7985016425179385
PushT,jepa_wm_pusht,8,1,fidelity_constrained_shuffled_geometry,fidelity_constrained_shuffled_geometry__seed11401,11401,14083,6,0.8259496038548698
PushT,jepa_wm_pusht,9,1,fidelity_constrained_shuffled_geometry,fidelity_constrained_shuffled_geometry__seed11401,11401,14083,1,1.3194376049336576
PushT,jepa_wm_pusht,9,1,fidelity_constrained_shuffled_geometry,fidelity_constrained_shuffled_geometry__seed11401,11401,14083,3,0.9379726536205999
PushT,jepa_wm_pusht,9,1,fidelity_constrained_shuffled_geometry,fidelity_constrained_shuffled_geometry__seed11401,11401,14083,6,0.8248665727544428
PushT,jepa_wm_pusht,10,1,fidelity_constrained_shuffled_geometry,fidelity_constrained_shuffled_geometry__seed11401,11401,14083,1,1.4572365341669764
PushT,jepa_wm_pusht,10,1,fidelity_constrained_shuffled_geometry,fidelity_constrained_shuffled_geometry__seed11401,11401,14083,3,1.1201063731813359
PushT,jepa_wm_pusht,10,1,fidelity_constrained_shuffled_geometry,fidelity_constrained_shuffled_geometry__seed11401,11401,14083,6,0.9980451140942675
PushT,jepa_wm_pusht,11,1,fidelity_constrained_shuffled_geometry,fidelity_constrained_shuffled_geometry__seed11401,11401,14083,1,1.4768022617290424
PushT,jepa_wm_pusht,11,1,fidelity_constrained_shuffled_geometry,fidelity_constrained_shuffled_geometry__seed11401,11401,14083,3,0.9326077359144771
PushT,jepa_wm_pusht,11,1,fidelity_constrained_shuffled_geometry,fidelity_constrained_shuffled_geometry__seed11401,11401,14083,6,0.8988002984309775
PushT,jepa_wm_pusht,12,1,fidelity_constrained_shuffled_geometry,fidelity_constrained_shuffled_geometry__seed11401,11401,14083,1,1.2632904423944489
PushT,jepa_wm_pusht,12,1,fidelity_constrained_shuffled_geometry,fidelity_constrained_shuffled_geometry__seed11401,11401,14083,3,0.8815202859625068
PushT,jepa_wm_pusht,12,1,fidelity_constrained_shuffled_geometry,fidelity_constrained_shuffled_geometry__seed11401,11401,14083,6,0.7923265425835595
PushT,jepa_wm_pusht,13,1,fidelity_constrained_shuffled_geometry,fidelity_constrained_shuffled_geometry__seed11401,11401,14083,1,1.2306448785644197
PushT,jepa_wm_pusht,13,1,fidelity_constrained_shuffled_geometry,fidelity_constrained_shuffled_geometry__seed11401,11401,14083,3,0.9402376653294291
PushT,jepa_wm_pusht,13,1,fidelity_constrained_shuffled_geometry,fidelity_constrained_shuffled_geometry__seed11401,11401,14083,6,0.7748603895236748
PushT,jepa_wm_pusht,14,1,fidelity_constrained_shuffled_geometry,fidelity_constrained_shuffled_geometry__seed11401,11401,14083,1,0.4835800013503646
PushT,jepa_wm_pusht,14,1,fidelity_constrained_shuffled_geometry,fidelity_constrained_shuffled_geometry__seed11401,11401,14083,3,0.6306360044820895
PushT,jepa_wm_pusht,14,1,fidelity_constrained_shuffled_geometry,fidelity_constrained_shuffled_geometry__seed11401,11401,14083,6,0.6948125581001768
PushT,jepa_wm_pusht,15,1,fidelity_constrained_shuffled_geometry,fidelity_constrained_shuffled_geometry__seed11401,11401,14083,1,0.5885998219663363
PushT,jepa_wm_pusht,15,1,fidelity_constrained_shuffled_geometry,fidelity_constrained_shuffled_geometry__seed11401,11401,14083,3,0.8158538220666238
PushT,jepa_wm_pusht,15,1,fidelity_constrained_shuffled_geometry,fidelity_constrained_shuffled_geometry__seed11401,11401,14083,6,0.771074686043761
PushT,jepa_wm_pusht,16,2,fidelity_constrained_shuffled_geometry,fidelity_constrained_shuffled_geometry__seed11401,11401,14083,1,1.267234362479691
PushT,jepa_wm_pusht,16,2,fidelity_constrained_shuffled_geometry,fidelity_constrained_shuffled_geometry__seed11401,11401,14083,3,1.0784032356460118
PushT,jepa_wm_pusht,16,2,fidelity_constrained_shuffled_geometry,fidelity_constrained_shuffled_geometry__seed11401,11401,14083,6,1.1174830022811972
PushT,jepa_wm_pusht,17,2,fidelity_constrained_shuffled_geometry,fidelity_constrained_shuffled_geometry__seed11401,11401,14083,1,0.664888418762346
PushT,jepa_wm_pusht,17,2,fidelity_constrained_shuffled_geometry,fidelity_constrained_shuffled_geometry__seed11401,11401,14083,3,0.8420334359516117
PushT,jepa_wm_pusht,17,2,fidelity_constrained_shuffled_geometry,fidelity_constrained_shuffled_geometry__seed11401,11401,14083,6,0.7380984203497741
PushT,jepa_wm_pusht,18,2,fidelity_constrained_shuffled_geometry,fidelity_constrained_shuffled_geometry__seed11401,11401,14083,1,0.5994876387333812
PushT,jepa_wm_pusht,18,2,fidelity_constrained_shuffled_geometry,fidelity_constrained_shuffled_geometry__seed11401,11401,14083,3,0.6797595807841024
PushT,jepa_wm_pusht,18,2,fidelity_constrained_shuffled_geometry,fidelity_constrained_shuffled_geometry__seed11401,11401,14083,6,0.6978034825437671
PushT,jepa_wm_pusht,19,2,fidelity_constrained_shuffled_geometry,fidelity_constrained_shuffled_geometry__seed11401,11401,14083,1,0.7660651084472113
PushT,jepa_wm_pusht,19,2,fidelity_constrained_shuffled_geometry,fidelity_constrained_shuffled_geometry__seed11401,11401,14083,3,0.7386235835589774
PushT,jepa_wm_pusht,19,2,fidelity_constrained_shuffled_geometry,fidelity_constrained_shuffled_geometry__seed11401,11401,14083,6,0.6895687405781906
PushT,jepa_wm_pusht,20,2,fidelity_constrained_shuffled_geometry,fidelity_constrained_shuffled_geometry__seed11401,11401,14083,1,1.0836967556770298
PushT,jepa_wm_pusht,20,2,fidelity_constrained_shuffled_geometry,fidelity_constrained_shuffled_geometry__seed11401,11401,14083,3,0.8301717007374362
PushT,jepa_wm_pusht,20,2,fidelity_constrained_shuffled_geometry,fidelity_constrained_shuffled_geometry__seed11401,11401,14083,6,0.7531340175479023
PushT,jepa_wm_pusht,21,2,fidelity_constrained_shuffled_geometry,fidelity_constrained_shuffled_geometry__seed11401,11401,14083,1,0.6324502286913257
PushT,jepa_wm_pusht,21,2,fidelity_constrained_shuffled_geometry,fidelity_constrained_shuffled_geometry__seed11401,11401,14083,3,0.8447872183789261
PushT,jepa_wm_pusht,21,2,fidelity_constrained_shuffled_geometry,fidelity_constrained_shuffled_geometry__seed11401,11401,14083,6,0.8576124029158345
PushT,jepa_wm_pusht,22,2,fidelity_constrained_shuffled_geometry,fidelity_constrained_shuffled_geometry__seed11401,11401,14083,1,0.6359418713407942
PushT,jepa_wm_pusht,22,2,fidelity_constrained_shuffled_geometry,fidelity_constrained_shuffled_geometry__seed11401,11401,14083,3,0.880766320112855
PushT,jepa_wm_pusht,22,2,fidelity_constrained_shuffled_geometry,fidelity_constrained_shuffled_geometry__seed11401,11401,14083,6,0.7474587802210795
PushT,jepa_wm_pusht,23,2,fidelity_constrained_shuffled_geometry,fidelity_constrained_shuffled_geometry__seed11401,11401,14083,1,0.9964248391354564
PushT,jepa_wm_pusht,23,2,fidelity_constrained_shuffled_geometry,fidelity_constrained_shuffled_geometry__seed11401,11401,14083,3,0.6882979730352041
PushT,jepa_wm_pusht,23,2,fidelity_constrained_shuffled_geometry,fidelity_constrained_shuffled_geometry__seed11401,11401,14083,6,0.735633191951824
PushT,jepa_wm_pusht,48,6,fidelity_constrained_shuffled_geometry,fidelity_constrained_shuffled_geometry__seed11401,11401,14083,1,1.6407766893119764
PushT,jepa_wm_pusht,48,6,fidelity_constrained_shuffled_geometry,fidelity_constrained_shuffled_geometry__seed11401,11401,14083,3,0.8482294398543376
PushT,jepa_wm_pusht,48,6,fidelity_constrained_shuffled_geometry,fidelity_constrained_shuffled_geometry__seed11401,11401,14083,6,0.842694529474776
PushT,jepa_wm_pusht,49,6,fidelity_constrained_shuffled_geometry,fidelity_constrained_shuffled_geometry__seed11401,11401,14083,1,1.3383590030208252
PushT,jepa_wm_pusht,49,6,fidelity_constrained_shuffled_geometry,fidelity_constrained_shuffled_geometry__seed11401,11401,14083,3,0.8007981034019116
PushT,jepa_wm_pusht,49,6,fidelity_constrained_shuffled_geometry,fidelity_constrained_shuffled_geometry__seed11401,11401,14083,6,0.7299316731013952
PushT,jepa_wm_pusht,50,6,fidelity_constrained_shuffled_geometry,fidelity_constrained_shuffled_geometry__seed11401,11401,14083,1,1.129655420267959
PushT,jepa_wm_pusht,50,6,fidelity_constrained_shuffled_geometry,fidelity_constrained_shuffled_geometry__seed11401,11401,14083,3,0.8105190416430671
PushT,jepa_wm_pusht,50,6,fidelity_constrained_shuffled_geometry,fidelity_constrained_shuffled_geometry__seed11401,11401,14083,6,1.014571629317853
PushT,jepa_wm_pusht,51,6,fidelity_constrained_shuffled_geometry,fidelity_constrained_shuffled_geometry__seed11401,11401,14083,1,1.2874478060504138
PushT,jepa_wm_pusht,51,6,fidelity_constrained_shuffled_geometry,fidelity_constrained_shuffled_geometry__seed11401,11401,14083,3,0.8039111808165383
PushT,jepa_wm_pusht,51,6,fidelity_constrained_shuffled_geometry,fidelity_constrained_shuffled_geometry__seed11401,11401,14083,6,0.8594799955992385
PushT,jepa_wm_pusht,52,6,fidelity_constrained_shuffled_geometry,fidelity_constrained_shuffled_geometry__seed11401,11401,14083,1,0.7192399907815569
PushT,jepa_wm_pusht,52,6,fidelity_constrained_shuffled_geometry,fidelity_constrained_shuffled_geometry__seed11401,11401,14083,3,0.7665106858013234
PushT,jepa_wm_pusht,52,6,fidelity_constrained_shuffled_geometry,fidelity_constrained_shuffled_geometry__seed11401,11401,14083,6,0.7580400471202531
PushT,jepa_wm_pusht,53,6,fidelity_constrained_shuffled_geometry,fidelity_constrained_shuffled_geometry__seed11401,11401,14083,1,1.067332210882754
PushT,jepa_wm_pusht,53,6,fidelity_constrained_shuffled_geometry,fidelity_constrained_shuffled_geometry__seed11401,11401,14083,3,0.8062901096073386
PushT,jepa_wm_pusht,53,6,fidelity_constrained_shuffled_geometry,fidelity_constrained_shuffled_geometry__seed11401,11401,14083,6,0.8454899856489668
PushT,jepa_wm_pusht,54,6,fidelity_constrained_shuffled_geometry,fidelity_constrained_shuffled_geometry__seed11401,11401,14083,1,1.5402275521083346
PushT,jepa_wm_pusht,54,6,fidelity_constrained_shuffled_geometry,fidelity_constrained_shuffled_geometry__seed11401,11401,14083,3,1.176063587470951
PushT,jepa_wm_pusht,54,6,fidelity_constrained_shuffled_geometry,fidelity_constrained_shuffled_geometry__seed11401,11401,14083,6,1.11564626307599
PushT,jepa_wm_pusht,55,6,fidelity_constrained_shuffled_geometry,fidelity_constrained_shuffled_geometry__seed11401,11401,14083,1,0.6700360854150686
PushT,jepa_wm_pusht,55,6,fidelity_constrained_shuffled_geometry,fidelity_constrained_shuffled_geometry__seed11401,11401,14083,3,0.8142252357118274
PushT,jepa_wm_pusht,55,6,fidelity_constrained_shuffled_geometry,fidelity_constrained_shuffled_geometry__seed11401,11401,14083,6,0.7265289972720225
PushT,jepa_wm_pusht,8,1,fidelity_constrained_matched_geometry,fidelity_constrained_matched_geometry__seed11401,11401,14083,1,1.0153139134675735
PushT,jepa_wm_pusht,8,1,fidelity_constrained_matched_geometry,fidelity_constrained_matched_geometry__seed11401,11401,14083,3,0.7703482064406318
PushT,jepa_wm_pusht,8,1,fidelity_constrained_matched_geometry,fidelity_constrained_matched_geometry__seed11401,11401,14083,6,0.7734403695693198
PushT,jepa_wm_pusht,9,1,fidelity_constrained_matched_geometry,fidelity_constrained_matched_geometry__seed11401,11401,14083,1,1.315131527662684
PushT,jepa_wm_pusht,9,1,fidelity_constrained_matched_geometry,fidelity_constrained_matched_geometry__seed11401,11401,14083,3,0.8986297572409327
PushT,jepa_wm_pusht,9,1,fidelity_constrained_matched_geometry,fidelity_constrained_matched_geometry__seed11401,11401,14083,6,0.7811292225222742
PushT,jepa_wm_pusht,10,1,fidelity_constrained_matched_geometry,fidelity_constrained_matched_geometry__seed11401,11401,14083,1,1.446631827448935
PushT,jepa_wm_pusht,10,1,fidelity_constrained_matched_geometry,fidelity_constrained_matched_geometry__seed11401,11401,14083,3,1.1100053786501187
PushT,jepa_wm_pusht,10,1,fidelity_constrained_matched_geometry,fidelity_constrained_matched_geometry__seed11401,11401,14083,6,0.9973268353343667
PushT,jepa_wm_pusht,11,1,fidelity_constrained_matched_geometry,fidelity_constrained_matched_geometry__seed11401,11401,14083,1,1.4521140067356655
PushT,jepa_wm_pusht,11,1,fidelity_constrained_matched_geometry,fidelity_constrained_matched_geometry__seed11401,11401,14083,3,0.9348455713227923
PushT,jepa_wm_pusht,11,1,fidelity_constrained_matched_geometry,fidelity_constrained_matched_geometry__seed11401,11401,14083,6,0.8715714168821697
PushT,jepa_wm_pusht,12,1,fidelity_constrained_matched_geometry,fidelity_constrained_matched_geometry__seed11401,11401,14083,1,1.2463713490039119
PushT,jepa_wm_pusht,12,1,fidelity_constrained_matched_geometry,fidelity_constrained_matched_geometry__seed11401,11401,14083,3,0.8619833931291272
PushT,jepa_wm_pusht,12,1,fidelity_constrained_matched_geometry,fidelity_constrained_matched_geometry__seed11401,11401,14083,6,0.7926098470353055
PushT,jepa_wm_pusht,13,1,fidelity_constrained_matched_geometry,fidelity_constrained_matched_geometry__seed11401,11401,14083,1,1.207681508410137
PushT,jepa_wm_pusht,13,1,fidelity_constrained_matched_geometry,fidelity_constrained_matched_geometry__seed11401,11401,14083,3,0.8987168904225163
PushT,jepa_wm_pusht,13,1,fidelity_constrained_matched_geometry,fidelity_constrained_matched_geometry__seed11401,11401,14083,6,0.7474149828631366
PushT,jepa_wm_pusht,14,1,fidelity_constrained_matched_geometry,fidelity_constrained_matched_geometry__seed11401,11401,14083,1,0.47614844118588673
PushT,jepa_wm_pusht,14,1,fidelity_constrained_matched_geometry,fidelity_constrained_matched_geometry__seed11401,11401,14083,3,0.5976985820920999
PushT,jepa_wm_pusht,14,1,fidelity_constrained_matched_geometry,fidelity_constrained_matched_geometry__seed11401,11401,14083,6,0.6458006066554002
PushT,jepa_wm_pusht,15,1,fidelity_constrained_matched_geometry,fidelity_constrained_matched_geometry__seed11401,11401,14083,1,0.575002148793387
PushT,jepa_wm_pusht,15,1,fidelity_constrained_matched_geometry,fidelity_constrained_matched_geometry__seed11401,11401,14083,3,0.7329451966014388
PushT,jepa_wm_pusht,15,1,fidelity_constrained_matched_geometry,fidelity_constrained_matched_geometry__seed11401,11401,14083,6,0.706309240290201
PushT,jepa_wm_pusht,16,2,fidelity_constrained_matched_geometry,fidelity_constrained_matched_geometry__seed11401,11401,14083,1,1.243644340871958
PushT,jepa_wm_pusht,16,2,fidelity_constrained_matched_geometry,fidelity_constrained_matched_geometry__seed11401,11401,14083,3,1.0337081856318462
PushT,jepa_wm_pusht,16,2,fidelity_constrained_matched_geometry,fidelity_constrained_matched_geometry__seed11401,11401,14083,6,1.0583846608739294
PushT,jepa_wm_pusht,17,2,fidelity_constrained_matched_geometry,fidelity_constrained_matched_geometry__seed11401,11401,14083,1,0.6663972858617851
PushT,jepa_wm_pusht,17,2,fidelity_constrained_matched_geometry,fidelity_constrained_matched_geometry__seed11401,11401,14083,3,0.8199401877510029
PushT,jepa_wm_pusht,17,2,fidelity_constrained_matched_geometry,fidelity_constrained_matched_geometry__seed11401,11401,14083,6,0.7554070178100467
PushT,jepa_wm_pusht,18,2,fidelity_constrained_matched_geometry,fidelity_constrained_matched_geometry__seed11401,11401,14083,1,0.5783752013596021
PushT,jepa_wm_pusht,18,2,fidelity_constrained_matched_geometry,fidelity_constrained_matched_geometry__seed11401,11401,14083,3,0.6191283600264509
PushT,jepa_wm_pusht,18,2,fidelity_constrained_matched_geometry,fidelity_constrained_matched_geometry__seed11401,11401,14083,6,0.6450301229687335
PushT,jepa_wm_pusht,19,2,fidelity_constrained_matched_geometry,fidelity_constrained_matched_geometry__seed11401,11401,14083,1,0.7543799574948573
PushT,jepa_wm_pusht,19,2,fidelity_constrained_matched_geometry,fidelity_constrained_matched_geometry__seed11401,11401,14083,3,0.6834525675142945
PushT,jepa_wm_pusht,19,2,fidelity_constrained_matched_geometry,fidelity_constrained_matched_geometry__seed11401,11401,14083,6,0.639305928106445
PushT,jepa_wm_pusht,20,2,fidelity_constrained_matched_geometry,fidelity_constrained_matched_geometry__seed11401,11401,14083,1,1.0588941521679196
PushT,jepa_wm_pusht,20,2,fidelity_constrained_matched_geometry,fidelity_constrained_matched_geometry__seed11401,11401,14083,3,0.7731330858233848
PushT,jepa_wm_pusht,20,2,fidelity_constrained_matched_geometry,fidelity_constrained_matched_geometry__seed11401,11401,14083,6,0.7157123720590252
PushT,jepa_wm_pusht,21,2,fidelity_constrained_matched_geometry,fidelity_constrained_matched_geometry__seed11401,11401,14083,1,0.6163171539765727
PushT,jepa_wm_pusht,21,2,fidelity_constrained_matched_geometry,fidelity_constrained_matched_geometry__seed11401,11401,14083,3,0.8102359235379925
PushT,jepa_wm_pusht,21,2,fidelity_constrained_matched_geometry,fidelity_constrained_matched_geometry__seed11401,11401,14083,6,0.7777596370544227
PushT,jepa_wm_pusht,22,2,fidelity_constrained_matched_geometry,fidelity_constrained_matched_geometry__seed11401,11401,14083,1,0.6329235724284382
PushT,jepa_wm_pusht,22,2,fidelity_constrained_matched_geometry,fidelity_constrained_matched_geometry__seed11401,11401,14083,3,0.8209837670275049
PushT,jepa_wm_pusht,22,2,fidelity_constrained_matched_geometry,fidelity_constrained_matched_geometry__seed11401,11401,14083,6,0.6908142506057154
PushT,jepa_wm_pusht,23,2,fidelity_constrained_matched_geometry,fidelity_constrained_matched_geometry__seed11401,11401,14083,1,0.9476381961511535
PushT,jepa_wm_pusht,23,2,fidelity_constrained_matched_geometry,fidelity_constrained_matched_geometry__seed11401,11401,14083,3,0.6320547636831589
PushT,jepa_wm_pusht,23,2,fidelity_constrained_matched_geometry,fidelity_constrained_matched_geometry__seed11401,11401,14083,6,0.6364253561358046
PushT,jepa_wm_pusht,48,6,fidelity_constrained_matched_geometry,fidelity_constrained_matched_geometry__seed11401,11401,14083,1,1.6277574648548314
PushT,jepa_wm_pusht,48,6,fidelity_constrained_matched_geometry,fidelity_constrained_matched_geometry__seed11401,11401,14083,3,0.8210310971893345
PushT,jepa_wm_pusht,48,6,fidelity_constrained_matched_geometry,fidelity_constrained_matched_geometry__seed11401,11401,14083,6,0.788350221979122
PushT,jepa_wm_pusht,49,6,fidelity_constrained_matched_geometry,fidelity_constrained_matched_geometry__seed11401,11401,14083,1,1.3186545303547395
PushT,jepa_wm_pusht,49,6,fidelity_constrained_matched_geometry,fidelity_constrained_matched_geometry__seed11401,11401,14083,3,0.7781571205969706
PushT,jepa_wm_pusht,49,6,fidelity_constrained_matched_geometry,fidelity_constrained_matched_geometry__seed11401,11401,14083,6,0.6754743654718958
PushT,jepa_wm_pusht,50,6,fidelity_constrained_matched_geometry,fidelity_constrained_matched_geometry__seed11401,11401,14083,1,1.0978305964149855
PushT,jepa_wm_pusht,50,6,fidelity_constrained_matched_geometry,fidelity_constrained_matched_geometry__seed11401,11401,14083,3,0.7577377433635385
PushT,jepa_wm_pusht,50,6,fidelity_constrained_matched_geometry,fidelity_constrained_matched_geometry__seed11401,11401,14083,6,0.821206593248218
PushT,jepa_wm_pusht,51,6,fidelity_constrained_matched_geometry,fidelity_constrained_matched_geometry__seed11401,11401,14083,1,1.2617926808522422
PushT,jepa_wm_pusht,51,6,fidelity_constrained_matched_geometry,fidelity_constrained_matched_geometry__seed11401,11401,14083,3,0.760826796021714
PushT,jepa_wm_pusht,51,6,fidelity_constrained_matched_geometry,fidelity_constrained_matched_geometry__seed11401,11401,14083,6,0.7366986745134715
PushT,jepa_wm_pusht,52,6,fidelity_constrained_matched_geometry,fidelity_constrained_matched_geometry__seed11401,11401,14083,1,0.7070230199475201
PushT,jepa_wm_pusht,52,6,fidelity_constrained_matched_geometry,fidelity_constrained_matched_geometry__seed11401,11401,14083,3,0.7234585082294377
PushT,jepa_wm_pusht,52,6,fidelity_constrained_matched_geometry,fidelity_constrained_matched_geometry__seed11401,11401,14083,6,0.6847174499845599
PushT,jepa_wm_pusht,53,6,fidelity_constrained_matched_geometry,fidelity_constrained_matched_geometry__seed11401,11401,14083,1,1.061931970934586
PushT,jepa_wm_pusht,53,6,fidelity_constrained_matched_geometry,fidelity_constrained_matched_geometry__seed11401,11401,14083,3,0.7535479645941658
PushT,jepa_wm_pusht,53,6,fidelity_constrained_matched_geometry,fidelity_constrained_matched_geometry__seed11401,11401,14083,6,0.7831623817642969
PushT,jepa_wm_pusht,54,6,fidelity_constrained_matched_geometry,fidelity_constrained_matched_geometry__seed11401,11401,14083,1,1.5323211908951795
PushT,jepa_wm_pusht,54,6,fidelity_constrained_matched_geometry,fidelity_constrained_matched_geometry__seed11401,11401,14083,3,1.2014891994827872
PushT,jepa_wm_pusht,54,6,fidelity_constrained_matched_geometry,fidelity_constrained_matched_geometry__seed11401,11401,14083,6,1.1146146365280187
PushT,jepa_wm_pusht,55,6,fidelity_constrained_matched_geometry,fidelity_constrained_matched_geometry__seed11401,11401,14083,1,0.6591776699420746
PushT,jepa_wm_pusht,55,6,fidelity_constrained_matched_geometry,fidelity_constrained_matched_geometry__seed11401,11401,14083,3,0.7744562497812869
PushT,jepa_wm_pusht,55,6,fidelity_constrained_matched_geometry,fidelity_constrained_matched_geometry__seed11401,11401,14083,6,0.684329966003345
PushT,jepa_wm_pusht,8,1,fidelity_constrained_latent_only,fidelity_constrained_latent_only__seed11419,11419,14083,1,1.0161546433312656
PushT,jepa_wm_pusht,8,1,fidelity_constrained_latent_only,fidelity_constrained_latent_only__seed11419,11419,14083,3,0.7510972324727792
PushT,jepa_wm_pusht,8,1,fidelity_constrained_latent_only,fidelity_constrained_latent_only__seed11419,11419,14083,6,0.7633818172205853
PushT,jepa_wm_pusht,9,1,fidelity_constrained_latent_only,fidelity_constrained_latent_only__seed11419,11419,14083,1,1.3021047449298966
PushT,jepa_wm_pusht,9,1,fidelity_constrained_latent_only,fidelity_constrained_latent_only__seed11419,11419,14083,3,0.9211103779666875
PushT,jepa_wm_pusht,9,1,fidelity_constrained_latent_only,fidelity_constrained_latent_only__seed11419,11419,14083,6,0.804307483833011
PushT,jepa_wm_pusht,10,1,fidelity_constrained_latent_only,fidelity_constrained_latent_only__seed11419,11419,14083,1,1.4320264922984458
PushT,jepa_wm_pusht,10,1,fidelity_constrained_latent_only,fidelity_constrained_latent_only__seed11419,11419,14083,3,1.1167652144864448
PushT,jepa_wm_pusht,10,1,fidelity_constrained_latent_only,fidelity_constrained_latent_only__seed11419,11419,14083,6,1.0139954939192726
PushT,jepa_wm_pusht,11,1,fidelity_constrained_latent_only,fidelity_constrained_latent_only__seed11419,11419,14083,1,1.4670487732227828
PushT,jepa_wm_pusht,11,1,fidelity_constrained_latent_only,fidelity_constrained_latent_only__seed11419,11419,14083,3,0.950348902342768
PushT,jepa_wm_pusht,11,1,fidelity_constrained_latent_only,fidelity_constrained_latent_only__seed11419,11419,14083,6,0.8910405506415487
PushT,jepa_wm_pusht,12,1,fidelity_constrained_latent_only,fidelity_constrained_latent_only__seed11419,11419,14083,1,1.2393979280749063
PushT,jepa_wm_pusht,12,1,fidelity_constrained_latent_only,fidelity_constrained_latent_only__seed11419,11419,14083,3,0.8692113514434471
PushT,jepa_wm_pusht,12,1,fidelity_constrained_latent_only,fidelity_constrained_latent_only__seed11419,11419,14083,6,0.8321447018647252
PushT,jepa_wm_pusht,13,1,fidelity_constrained_latent_only,fidelity_constrained_latent_only__seed11419,11419,14083,1,1.198137631743928
PushT,jepa_wm_pusht,13,1,fidelity_constrained_latent_only,fidelity_constrained_latent_only__seed11419,11419,14083,3,0.8998580854304817
PushT,jepa_wm_pusht,13,1,fidelity_constrained_latent_only,fidelity_constrained_latent_only__seed11419,11419,14083,6,0.7542747121028707
PushT,jepa_wm_pusht,14,1,fidelity_constrained_latent_only,fidelity_constrained_latent_only__seed11419,11419,14083,1,0.4720869104272314
PushT,jepa_wm_pusht,14,1,fidelity_constrained_latent_only,fidelity_constrained_latent_only__seed11419,11419,14083,3,0.602848435087379
PushT,jepa_wm_pusht,14,1,fidelity_constrained_latent_only,fidelity_constrained_latent_only__seed11419,11419,14083,6,0.6468446887580538
PushT,jepa_wm_pusht,15,1,fidelity_constrained_latent_only,fidelity_constrained_latent_only__seed11419,11419,14083,1,0.5763092933232957
PushT,jepa_wm_pusht,15,1,fidelity_constrained_latent_only,fidelity_constrained_latent_only__seed11419,11419,14083,3,0.710443783956194
PushT,jepa_wm_pusht,15,1,fidelity_constrained_latent_only,fidelity_constrained_latent_only__seed11419,11419,14083,6,0.7169491999791685
PushT,jepa_wm_pusht,16,2,fidelity_constrained_latent_only,fidelity_constrained_latent_only__seed11419,11419,14083,1,1.2704100162062424
PushT,jepa_wm_pusht,16,2,fidelity_constrained_latent_only,fidelity_constrained_latent_only__seed11419,11419,14083,3,1.0542094236922999
PushT,jepa_wm_pusht,16,2,fidelity_constrained_latent_only,fidelity_constrained_latent_only__seed11419,11419,14083,6,1.0968734584816537
PushT,jepa_wm_pusht,17,2,fidelity_constrained_latent_only,fidelity_constrained_latent_only__seed11419,11419,14083,1,0.6688426374890557
PushT,jepa_wm_pusht,17,2,fidelity_constrained_latent_only,fidelity_constrained_latent_only__seed11419,11419,14083,3,0.8428011380631211
PushT,jepa_wm_pusht,17,2,fidelity_constrained_latent_only,fidelity_constrained_latent_only__seed11419,11419,14083,6,0.7929347124214841
PushT,jepa_wm_pusht,18,2,fidelity_constrained_latent_only,fidelity_constrained_latent_only__seed11419,11419,14083,1,0.5732144811982841
PushT,jepa_wm_pusht,18,2,fidelity_constrained_latent_only,fidelity_constrained_latent_only__seed11419,11419,14083,3,0.6093715996048016
PushT,jepa_wm_pusht,18,2,fidelity_constrained_latent_only,fidelity_constrained_latent_only__seed11419,11419,14083,6,0.6422890298834644
PushT,jepa_wm_pusht,19,2,fidelity_constrained_latent_only,fidelity_constrained_latent_only__seed11419,11419,14083,1,0.744737384631694
PushT,jepa_wm_pusht,19,2,fidelity_constrained_latent_only,fidelity_constrained_latent_only__seed11419,11419,14083,3,0.6748477337547547
PushT,jepa_wm_pusht,19,2,fidelity_constrained_latent_only,fidelity_constrained_latent_only__seed11419,11419,14083,6,0.6418339693402204
PushT,jepa_wm_pusht,20,2,fidelity_constrained_latent_only,fidelity_constrained_latent_only__seed11419,11419,14083,1,1.0601945403144595
PushT,jepa_wm_pusht,20,2,fidelity_constrained_latent_only,fidelity_constrained_latent_only__seed11419,11419,14083,3,0.7614958146294488
PushT,jepa_wm_pusht,20,2,fidelity_constrained_latent_only,fidelity_constrained_latent_only__seed11419,11419,14083,6,0.7337814256818597
PushT,jepa_wm_pusht,21,2,fidelity_constrained_latent_only,fidelity_constrained_latent_only__seed11419,11419,14083,1,0.6184377822478655
PushT,jepa_wm_pusht,21,2,fidelity_constrained_latent_only,fidelity_constrained_latent_only__seed11419,11419,14083,3,0.8165818833244556
PushT,jepa_wm_pusht,21,2,fidelity_constrained_latent_only,fidelity_constrained_latent_only__seed11419,11419,14083,6,0.7741576248700808
PushT,jepa_wm_pusht,22,2,fidelity_constrained_latent_only,fidelity_constrained_latent_only__seed11419,11419,14083,1,0.6344264587748014
PushT,jepa_wm_pusht,22,2,fidelity_constrained_latent_only,fidelity_constrained_latent_only__seed11419,11419,14083,3,0.833745664499976
PushT,jepa_wm_pusht,22,2,fidelity_constrained_latent_only,fidelity_constrained_latent_only__seed11419,11419,14083,6,0.696493930311067
PushT,jepa_wm_pusht,23,2,fidelity_constrained_latent_only,fidelity_constrained_latent_only__seed11419,11419,14083,1,0.9515409912693455
PushT,jepa_wm_pusht,23,2,fidelity_constrained_latent_only,fidelity_constrained_latent_only__seed11419,11419,14083,3,0.6302620388387258
PushT,jepa_wm_pusht,23,2,fidelity_constrained_latent_only,fidelity_constrained_latent_only__seed11419,11419,14083,6,0.6367400876247741
PushT,jepa_wm_pusht,48,6,fidelity_constrained_latent_only,fidelity_constrained_latent_only__seed11419,11419,14083,1,1.6358260520436076
PushT,jepa_wm_pusht,48,6,fidelity_constrained_latent_only,fidelity_constrained_latent_only__seed11419,11419,14083,3,0.8469652426938014
PushT,jepa_wm_pusht,48,6,fidelity_constrained_latent_only,fidelity_constrained_latent_only__seed11419,11419,14083,6,0.8311702791336967
PushT,jepa_wm_pusht,49,6,fidelity_constrained_latent_only,fidelity_constrained_latent_only__seed11419,11419,14083,1,1.3109695169741529
PushT,jepa_wm_pusht,49,6,fidelity_constrained_latent_only,fidelity_constrained_latent_only__seed11419,11419,14083,3,0.7668317613486467
PushT,jepa_wm_pusht,49,6,fidelity_constrained_latent_only,fidelity_constrained_latent_only__seed11419,11419,14083,6,0.6611883792579509
PushT,jepa_wm_pusht,50,6,fidelity_constrained_latent_only,fidelity_constrained_latent_only__seed11419,11419,14083,1,1.0967098211903357
PushT,jepa_wm_pusht,50,6,fidelity_constrained_latent_only,fidelity_constrained_latent_only__seed11419,11419,14083,3,0.7817395727743509
PushT,jepa_wm_pusht,50,6,fidelity_constrained_latent_only,fidelity_constrained_latent_only__seed11419,11419,14083,6,0.8933769340115536
PushT,jepa_wm_pusht,51,6,fidelity_constrained_latent_only,fidelity_constrained_latent_only__seed11419,11419,14083,1,1.24795182732052
PushT,jepa_wm_pusht,51,6,fidelity_constrained_latent_only,fidelity_constrained_latent_only__seed11419,11419,14083,3,0.7560391777486903
PushT,jepa_wm_pusht,51,6,fidelity_constrained_latent_only,fidelity_constrained_latent_only__seed11419,11419,14083,6,0.721553565550796
PushT,jepa_wm_pusht,52,6,fidelity_constrained_latent_only,fidelity_constrained_latent_only__seed11419,11419,14083,1,0.7265853233720798
PushT,jepa_wm_pusht,52,6,fidelity_constrained_latent_only,fidelity_constrained_latent_only__seed11419,11419,14083,3,0.70397124505096
PushT,jepa_wm_pusht,52,6,fidelity_constrained_latent_only,fidelity_constrained_latent_only__seed11419,11419,14083,6,0.6659146088522288
PushT,jepa_wm_pusht,53,6,fidelity_constrained_latent_only,fidelity_constrained_latent_only__seed11419,11419,14083,1,1.0605189540963582
PushT,jepa_wm_pusht,53,6,fidelity_constrained_latent_only,fidelity_constrained_latent_only__seed11419,11419,14083,3,0.7381168309036078
PushT,jepa_wm_pusht,53,6,fidelity_constrained_latent_only,fidelity_constrained_latent_only__seed11419,11419,14083,6,0.7867420295035658
PushT,jepa_wm_pusht,54,6,fidelity_constrained_latent_only,fidelity_constrained_latent_only__seed11419,11419,14083,1,1.5624734216566805
PushT,jepa_wm_pusht,54,6,fidelity_constrained_latent_only,fidelity_constrained_latent_only__seed11419,11419,14083,3,1.225135507601864
PushT,jepa_wm_pusht,54,6,fidelity_constrained_latent_only,fidelity_constrained_latent_only__seed11419,11419,14083,6,1.134968197908815
PushT,jepa_wm_pusht,55,6,fidelity_constrained_latent_only,fidelity_constrained_latent_only__seed11419,11419,14083,1,0.6676546205776217
PushT,jepa_wm_pusht,55,6,fidelity_constrained_latent_only,fidelity_constrained_latent_only__seed11419,11419,14083,3,0.796311154382562
PushT,jepa_wm_pusht,55,6,fidelity_constrained_latent_only,fidelity_constrained_latent_only__seed11419,11419,14083,6,0.7138375287892968
PushT,jepa_wm_pusht,8,1,fidelity_constrained_shuffled_geometry,fidelity_constrained_shuffled_geometry__seed11419,11419,14083,1,1.027745773646193
PushT,jepa_wm_pusht,8,1,fidelity_constrained_shuffled_geometry,fidelity_constrained_shuffled_geometry__seed11419,11419,14083,3,0.7986161024101402
PushT,jepa_wm_pusht,8,1,fidelity_constrained_shuffled_geometry,fidelity_constrained_shuffled_geometry__seed11419,11419,14083,6,0.8233470242623065
PushT,jepa_wm_pusht,9,1,fidelity_constrained_shuffled_geometry,fidelity_constrained_shuffled_geometry__seed11419,11419,14083,1,1.3234074313827107
PushT,jepa_wm_pusht,9,1,fidelity_constrained_shuffled_geometry,fidelity_constrained_shuffled_geometry__seed11419,11419,14083,3,0.9387541768215165
PushT,jepa_wm_pusht,9,1,fidelity_constrained_shuffled_geometry,fidelity_constrained_shuffled_geometry__seed11419,11419,14083,6,0.8295242530125256
PushT,jepa_wm_pusht,10,1,fidelity_constrained_shuffled_geometry,fidelity_constrained_shuffled_geometry__seed11419,11419,14083,1,1.451788594735736
PushT,jepa_wm_pusht,10,1,fidelity_constrained_shuffled_geometry,fidelity_constrained_shuffled_geometry__seed11419,11419,14083,3,1.1100357697693342
PushT,jepa_wm_pusht,10,1,fidelity_constrained_shuffled_geometry,fidelity_constrained_shuffled_geometry__seed11419,11419,14083,6,0.9937881920487668
PushT,jepa_wm_pusht,11,1,fidelity_constrained_shuffled_geometry,fidelity_constrained_shuffled_geometry__seed11419,11419,14083,1,1.4793544645997185
PushT,jepa_wm_pusht,11,1,fidelity_constrained_shuffled_geometry,fidelity_constrained_shuffled_geometry__seed11419,11419,14083,3,0.9273476022313849
PushT,jepa_wm_pusht,11,1,fidelity_constrained_shuffled_geometry,fidelity_constrained_shuffled_geometry__seed11419,11419,14083,6,0.8849807960004754
PushT,jepa_wm_pusht,12,1,fidelity_constrained_shuffled_geometry,fidelity_constrained_shuffled_geometry__seed11419,11419,14083,1,1.2632363194405911
PushT,jepa_wm_pusht,12,1,fidelity_constrained_shuffled_geometry,fidelity_constrained_shuffled_geometry__seed11419,11419,14083,3,0.8720604596216239
PushT,jepa_wm_pusht,12,1,fidelity_constrained_shuffled_geometry,fidelity_constrained_shuffled_geometry__seed11419,11419,14083,6,0.7867142200443525
PushT,jepa_wm_pusht,13,1,fidelity_constrained_shuffled_geometry,fidelity_constrained_shuffled_geometry__seed11419,11419,14083,1,1.2282112375614533
PushT,jepa_wm_pusht,13,1,fidelity_constrained_shuffled_geometry,fidelity_constrained_shuffled_geometry__seed11419,11419,14083,3,0.929437744473017
PushT,jepa_wm_pusht,13,1,fidelity_constrained_shuffled_geometry,fidelity_constrained_shuffled_geometry__seed11419,11419,14083,6,0.7714388261652603
PushT,jepa_wm_pusht,14,1,fidelity_constrained_shuffled_geometry,fidelity_constrained_shuffled_geometry__seed11419,11419,14083,1,0.48272698012424436
PushT,jepa_wm_pusht,14,1,fidelity_constrained_shuffled_geometry,fidelity_constrained_shuffled_geometry__seed11419,11419,14083,3,0.6302753776216568
PushT,jepa_wm_pusht,14,1,fidelity_constrained_shuffled_geometry,fidelity_constrained_shuffled_geometry__seed11419,11419,14083,6,0.6918029192422797
PushT,jepa_wm_pusht,15,1,fidelity_constrained_shuffled_geometry,fidelity_constrained_shuffled_geometry__seed11419,11419,14083,1,0.5900012860350659
PushT,jepa_wm_pusht,15,1,fidelity_constrained_shuffled_geometry,fidelity_constrained_shuffled_geometry__seed11419,11419,14083,3,0.8138209434299576
PushT,jepa_wm_pusht,15,1,fidelity_constrained_shuffled_geometry,fidelity_constrained_shuffled_geometry__seed11419,11419,14083,6,0.7695524785933712
PushT,jepa_wm_pusht,16,2,fidelity_constrained_shuffled_geometry,fidelity_constrained_shuffled_geometry__seed11419,11419,14083,1,1.2684598678407766
PushT,jepa_wm_pusht,16,2,fidelity_constrained_shuffled_geometry,fidelity_constrained_shuffled_geometry__seed11419,11419,14083,3,1.079357868882566
PushT,jepa_wm_pusht,16,2,fidelity_constrained_shuffled_geometry,fidelity_constrained_shuffled_geometry__seed11419,11419,14083,6,1.1183532016861435
PushT,jepa_wm_pusht,17,2,fidelity_constrained_shuffled_geometry,fidelity_constrained_shuffled_geometry__seed11419,11419,14083,1,0.6658321218302544
PushT,jepa_wm_pusht,17,2,fidelity_constrained_shuffled_geometry,fidelity_constrained_shuffled_geometry__seed11419,11419,14083,3,0.8407068200592547
PushT,jepa_wm_pusht,17,2,fidelity_constrained_shuffled_geometry,fidelity_constrained_shuffled_geometry__seed11419,11419,14083,6,0.7430349391576426
PushT,jepa_wm_pusht,18,2,fidelity_constrained_shuffled_geometry,fidelity_constrained_shuffled_geometry__seed11419,11419,14083,1,0.5984910253804878
PushT,jepa_wm_pusht,18,2,fidelity_constrained_shuffled_geometry,fidelity_constrained_shuffled_geometry__seed11419,11419,14083,3,0.6792596508735819
PushT,jepa_wm_pusht,18,2,fidelity_constrained_shuffled_geometry,fidelity_constrained_shuffled_geometry__seed11419,11419,14083,6,0.6915548299759842
PushT,jepa_wm_pusht,19,2,fidelity_constrained_shuffled_geometry,fidelity_constrained_shuffled_geometry__seed11419,11419,14083,1,0.7672956470222408
PushT,jepa_wm_pusht,19,2,fidelity_constrained_shuffled_geometry,fidelity_constrained_shuffled_geometry__seed11419,11419,14083,3,0.7349669223639507
PushT,jepa_wm_pusht,19,2,fidelity_constrained_shuffled_geometry,fidelity_constrained_shuffled_geometry__seed11419,11419,14083,6,0.688147866947099
PushT,jepa_wm_pusht,20,2,fidelity_constrained_shuffled_geometry,fidelity_constrained_shuffled_geometry__seed11419,11419,14083,1,1.0836214306009293
PushT,jepa_wm_pusht,20,2,fidelity_constrained_shuffled_geometry,fidelity_constrained_shuffled_geometry__seed11419,11419,14083,3,0.829250255368094
PushT,jepa_wm_pusht,20,2,fidelity_constrained_shuffled_geometry,fidelity_constrained_shuffled_geometry__seed11419,11419,14083,6,0.7516164123202408
PushT,jepa_wm_pusht,21,2,fidelity_constrained_shuffled_geometry,fidelity_constrained_shuffled_geometry__seed11419,11419,14083,1,0.632996541619518
PushT,jepa_wm_pusht,21,2,fidelity_constrained_shuffled_geometry,fidelity_constrained_shuffled_geometry__seed11419,11419,14083,3,0.8405165526963397
PushT,jepa_wm_pusht,21,2,fidelity_constrained_shuffled_geometry,fidelity_constrained_shuffled_geometry__seed11419,11419,14083,6,0.8468649439792286
PushT,jepa_wm_pusht,22,2,fidelity_constrained_shuffled_geometry,fidelity_constrained_shuffled_geometry__seed11419,11419,14083,1,0.6310873126525883
PushT,jepa_wm_pusht,22,2,fidelity_constrained_shuffled_geometry,fidelity_constrained_shuffled_geometry__seed11419,11419,14083,3,0.8739018572626137
PushT,jepa_wm_pusht,22,2,fidelity_constrained_shuffled_geometry,fidelity_constrained_shuffled_geometry__seed11419,11419,14083,6,0.7413618998459138
PushT,jepa_wm_pusht,23,2,fidelity_constrained_shuffled_geometry,fidelity_constrained_shuffled_geometry__seed11419,11419,14083,1,0.9952097899380886
PushT,jepa_wm_pusht,23,2,fidelity_constrained_shuffled_geometry,fidelity_constrained_shuffled_geometry__seed11419,11419,14083,3,0.6833118557388986
PushT,jepa_wm_pusht,23,2,fidelity_constrained_shuffled_geometry,fidelity_constrained_shuffled_geometry__seed11419,11419,14083,6,0.7326639907228729
PushT,jepa_wm_pusht,48,6,fidelity_constrained_shuffled_geometry,fidelity_constrained_shuffled_geometry__seed11419,11419,14083,1,1.6424816554424626
PushT,jepa_wm_pusht,48,6,fidelity_constrained_shuffled_geometry,fidelity_constrained_shuffled_geometry__seed11419,11419,14083,3,0.8518812458454778
PushT,jepa_wm_pusht,48,6,fidelity_constrained_shuffled_geometry,fidelity_constrained_shuffled_geometry__seed11419,11419,14083,6,0.842801260196532
PushT,jepa_wm_pusht,49,6,fidelity_constrained_shuffled_geometry,fidelity_constrained_shuffled_geometry__seed11419,11419,14083,1,1.3419162858685658
PushT,jepa_wm_pusht,49,6,fidelity_constrained_shuffled_geometry,fidelity_constrained_shuffled_geometry__seed11419,11419,14083,3,0.8011580644148345
PushT,jepa_wm_pusht,49,6,fidelity_constrained_shuffled_geometry,fidelity_constrained_shuffled_geometry__seed11419,11419,14083,6,0.7328985321980142
PushT,jepa_wm_pusht,50,6,fidelity_constrained_shuffled_geometry,fidelity_constrained_shuffled_geometry__seed11419,11419,14083,1,1.1285191321150976
PushT,jepa_wm_pusht,50,6,fidelity_constrained_shuffled_geometry,fidelity_constrained_shuffled_geometry__seed11419,11419,14083,3,0.808112243414539
PushT,jepa_wm_pusht,50,6,fidelity_constrained_shuffled_geometry,fidelity_constrained_shuffled_geometry__seed11419,11419,14083,6,1.010766672883813
PushT,jepa_wm_pusht,51,6,fidelity_constrained_shuffled_geometry,fidelity_constrained_shuffled_geometry__seed11419,11419,14083,1,1.2879908901626627
PushT,jepa_wm_pusht,51,6,fidelity_constrained_shuffled_geometry,fidelity_constrained_shuffled_geometry__seed11419,11419,14083,3,0.7958335968345682
PushT,jepa_wm_pusht,51,6,fidelity_constrained_shuffled_geometry,fidelity_constrained_shuffled_geometry__seed11419,11419,14083,6,0.8405175481873761
PushT,jepa_wm_pusht,52,6,fidelity_constrained_shuffled_geometry,fidelity_constrained_shuffled_geometry__seed11419,11419,14083,1,0.722785932011168
PushT,jepa_wm_pusht,52,6,fidelity_constrained_shuffled_geometry,fidelity_constrained_shuffled_geometry__seed11419,11419,14083,3,0.7642266861534395
PushT,jepa_wm_pusht,52,6,fidelity_constrained_shuffled_geometry,fidelity_constrained_shuffled_geometry__seed11419,11419,14083,6,0.7558506962638194
PushT,jepa_wm_pusht,53,6,fidelity_constrained_shuffled_geometry,fidelity_constrained_shuffled_geometry__seed11419,11419,14083,1,1.0690878087026987
PushT,jepa_wm_pusht,53,6,fidelity_constrained_shuffled_geometry,fidelity_constrained_shuffled_geometry__seed11419,11419,14083,3,0.8107241526754686
PushT,jepa_wm_pusht,53,6,fidelity_constrained_shuffled_geometry,fidelity_constrained_shuffled_geometry__seed11419,11419,14083,6,0.84773783038955
PushT,jepa_wm_pusht,54,6,fidelity_constrained_shuffled_geometry,fidelity_constrained_shuffled_geometry__seed11419,11419,14083,1,1.5384003799684114
PushT,jepa_wm_pusht,54,6,fidelity_constrained_shuffled_geometry,fidelity_constrained_shuffled_geometry__seed11419,11419,14083,3,1.1732666457887717
PushT,jepa_wm_pusht,54,6,fidelity_constrained_shuffled_geometry,fidelity_constrained_shuffled_geometry__seed11419,11419,14083,6,1.1124637882381985
PushT,jepa_wm_pusht,55,6,fidelity_constrained_shuffled_geometry,fidelity_constrained_shuffled_geometry__seed11419,11419,14083,1,0.6674214148910692
PushT,jepa_wm_pusht,55,6,fidelity_constrained_shuffled_geometry,fidelity_constrained_shuffled_geometry__seed11419,11419,14083,3,0.8120187087529052
PushT,jepa_wm_pusht,55,6,fidelity_constrained_shuffled_geometry,fidelity_constrained_shuffled_geometry__seed11419,11419,14083,6,0.7201290441938158
PushT,jepa_wm_pusht,8,1,fidelity_constrained_matched_geometry,fidelity_constrained_matched_geometry__seed11419,11419,14083,1,1.0154501033086234
PushT,jepa_wm_pusht,8,1,fidelity_constrained_matched_geometry,fidelity_constrained_matched_geometry__seed11419,11419,14083,3,0.7693362277201891
PushT,jepa_wm_pusht,8,1,fidelity_constrained_matched_geometry,fidelity_constrained_matched_geometry__seed11419,11419,14083,6,0.7728794458998978
PushT,jepa_wm_pusht,9,1,fidelity_constrained_matched_geometry,fidelity_constrained_matched_geometry__seed11419,11419,14083,1,1.314213846465656
PushT,jepa_wm_pusht,9,1,fidelity_constrained_matched_geometry,fidelity_constrained_matched_geometry__seed11419,11419,14083,3,0.898446972609223
PushT,jepa_wm_pusht,9,1,fidelity_constrained_matched_geometry,fidelity_constrained_matched_geometry__seed11419,11419,14083,6,0.7793731003422334
PushT,jepa_wm_pusht,10,1,fidelity_constrained_matched_geometry,fidelity_constrained_matched_geometry__seed11419,11419,14083,1,1.4450069764759288
PushT,jepa_wm_pusht,10,1,fidelity_constrained_matched_geometry,fidelity_constrained_matched_geometry__seed11419,11419,14083,3,1.109898862791553
PushT,jepa_wm_pusht,10,1,fidelity_constrained_matched_geometry,fidelity_constrained_matched_geometry__seed11419,11419,14083,6,0.9968449661840936
PushT,jepa_wm_pusht,11,1,fidelity_constrained_matched_geometry,fidelity_constrained_matched_geometry__seed11419,11419,14083,1,1.4528094502231497
PushT,jepa_wm_pusht,11,1,fidelity_constrained_matched_geometry,fidelity_constrained_matched_geometry__seed11419,11419,14083,3,0.9357633748182571
PushT,jepa_wm_pusht,11,1,fidelity_constrained_matched_geometry,fidelity_constrained_matched_geometry__seed11419,11419,14083,6,0.8716110581018627
PushT,jepa_wm_pusht,12,1,fidelity_constrained_matched_geometry,fidelity_constrained_matched_geometry__seed11419,11419,14083,1,1.2464883136418925
PushT,jepa_wm_pusht,12,1,fidelity_constrained_matched_geometry,fidelity_constrained_matched_geometry__seed11419,11419,14083,3,0.8629903956242906
PushT,jepa_wm_pusht,12,1,fidelity_constrained_matched_geometry,fidelity_constrained_matched_geometry__seed11419,11419,14083,6,0.79274691416502
PushT,jepa_wm_pusht,13,1,fidelity_constrained_matched_geometry,fidelity_constrained_matched_geometry__seed11419,11419,14083,1,1.2066594431057298
PushT,jepa_wm_pusht,13,1,fidelity_constrained_matched_geometry,fidelity_constrained_matched_geometry__seed11419,11419,14083,3,0.897963910944098
PushT,jepa_wm_pusht,13,1,fidelity_constrained_matched_geometry,fidelity_constrained_matched_geometry__seed11419,11419,14083,6,0.748938406264442
PushT,jepa_wm_pusht,14,1,fidelity_constrained_matched_geometry,fidelity_constrained_matched_geometry__seed11419,11419,14083,1,0.47625780690749303
PushT,jepa_wm_pusht,14,1,fidelity_constrained_matched_geometry,fidelity_constrained_matched_geometry__seed11419,11419,14083,3,0.5978178333491482
PushT,jepa_wm_pusht,14,1,fidelity_constrained_matched_geometry,fidelity_constrained_matched_geometry__seed11419,11419,14083,6,0.6453120621592087
PushT,jepa_wm_pusht,15,1,fidelity_constrained_matched_geometry,fidelity_constrained_matched_geometry__seed11419,11419,14083,1,0.5746036760698061
PushT,jepa_wm_pusht,15,1,fidelity_constrained_matched_geometry,fidelity_constrained_matched_geometry__seed11419,11419,14083,3,0.7311018112446461
PushT,jepa_wm_pusht,15,1,fidelity_constrained_matched_geometry,fidelity_constrained_matched_geometry__seed11419,11419,14083,6,0.7078684974952352
PushT,jepa_wm_pusht,16,2,fidelity_constrained_matched_geometry,fidelity_constrained_matched_geometry__seed11419,11419,14083,1,1.243763335771611
PushT,jepa_wm_pusht,16,2,fidelity_constrained_matched_geometry,fidelity_constrained_matched_geometry__seed11419,11419,14083,3,1.0343278148025088
PushT,jepa_wm_pusht,16,2,fidelity_constrained_matched_geometry,fidelity_constrained_matched_geometry__seed11419,11419,14083,6,1.0588472103363613
PushT,jepa_wm_pusht,17,2,fidelity_constrained_matched_geometry,fidelity_constrained_matched_geometry__seed11419,11419,14083,1,0.6658912522796768
PushT,jepa_wm_pusht,17,2,fidelity_constrained_matched_geometry,fidelity_constrained_matched_geometry__seed11419,11419,14083,3,0.8198069906635443
PushT,jepa_wm_pusht,17,2,fidelity_constrained_matched_geometry,fidelity_constrained_matched_geometry__seed11419,11419,14083,6,0.7524915760864284
PushT,jepa_wm_pusht,18,2,fidelity_constrained_matched_geometry,fidelity_constrained_matched_geometry__seed11419,11419,14083,1,0.5785386665498371
PushT,jepa_wm_pusht,18,2,fidelity_constrained_matched_geometry,fidelity_constrained_matched_geometry__seed11419,11419,14083,3,0.6201156425443762
PushT,jepa_wm_pusht,18,2,fidelity_constrained_matched_geometry,fidelity_constrained_matched_geometry__seed11419,11419,14083,6,0.6455028223931001
PushT,jepa_wm_pusht,19,2,fidelity_constrained_matched_geometry,fidelity_constrained_matched_geometry__seed11419,11419,14083,1,0.7543803593294343
PushT,jepa_wm_pusht,19,2,fidelity_constrained_matched_geometry,fidelity_constrained_matched_geometry__seed11419,11419,14083,3,0.6839087013914871
PushT,jepa_wm_pusht,19,2,fidelity_constrained_matched_geometry,fidelity_constrained_matched_geometry__seed11419,11419,14083,6,0.6392055854860693
PushT,jepa_wm_pusht,20,2,fidelity_constrained_matched_geometry,fidelity_constrained_matched_geometry__seed11419,11419,14083,1,1.0582281302953824
PushT,jepa_wm_pusht,20,2,fidelity_constrained_matched_geometry,fidelity_constrained_matched_geometry__seed11419,11419,14083,3,0.7731958627412978
PushT,jepa_wm_pusht,20,2,fidelity_constrained_matched_geometry,fidelity_constrained_matched_geometry__seed11419,11419,14083,6,0.7146505673679179
PushT,jepa_wm_pusht,21,2,fidelity_constrained_matched_geometry,fidelity_constrained_matched_geometry__seed11419,11419,14083,1,0.6165649236304986
PushT,jepa_wm_pusht,21,2,fidelity_constrained_matched_geometry,fidelity_constrained_matched_geometry__seed11419,11419,14083,3,0.8100089616324089
PushT,jepa_wm_pusht,21,2,fidelity_constrained_matched_geometry,fidelity_constrained_matched_geometry__seed11419,11419,14083,6,0.777095612356118
PushT,jepa_wm_pusht,22,2,fidelity_constrained_matched_geometry,fidelity_constrained_matched_geometry__seed11419,11419,14083,1,0.6333778909844999
PushT,jepa_wm_pusht,22,2,fidelity_constrained_matched_geometry,fidelity_constrained_matched_geometry__seed11419,11419,14083,3,0.8224894591340832
PushT,jepa_wm_pusht,22,2,fidelity_constrained_matched_geometry,fidelity_constrained_matched_geometry__seed11419,11419,14083,6,0.6915465876105856
PushT,jepa_wm_pusht,23,2,fidelity_constrained_matched_geometry,fidelity_constrained_matched_geometry__seed11419,11419,14083,1,0.9481008559137819
PushT,jepa_wm_pusht,23,2,fidelity_constrained_matched_geometry,fidelity_constrained_matched_geometry__seed11419,11419,14083,3,0.6323256975877873
PushT,jepa_wm_pusht,23,2,fidelity_constrained_matched_geometry,fidelity_constrained_matched_geometry__seed11419,11419,14083,6,0.637676225127815
PushT,jepa_wm_pusht,48,6,fidelity_constrained_matched_geometry,fidelity_constrained_matched_geometry__seed11419,11419,14083,1,1.6278206521613445
PushT,jepa_wm_pusht,48,6,fidelity_constrained_matched_geometry,fidelity_constrained_matched_geometry__seed11419,11419,14083,3,0.8218559954901433
PushT,jepa_wm_pusht,48,6,fidelity_constrained_matched_geometry,fidelity_constrained_matched_geometry__seed11419,11419,14083,6,0.7900381907558802
PushT,jepa_wm_pusht,49,6,fidelity_constrained_matched_geometry,fidelity_constrained_matched_geometry__seed11419,11419,14083,1,1.317746903363769
PushT,jepa_wm_pusht,49,6,fidelity_constrained_matched_geometry,fidelity_constrained_matched_geometry__seed11419,11419,14083,3,0.7779599783100994
PushT,jepa_wm_pusht,49,6,fidelity_constrained_matched_geometry,fidelity_constrained_matched_geometry__seed11419,11419,14083,6,0.6745240371296816
PushT,jepa_wm_pusht,50,6,fidelity_constrained_matched_geometry,fidelity_constrained_matched_geometry__seed11419,11419,14083,1,1.0976397111355254
PushT,jepa_wm_pusht,50,6,fidelity_constrained_matched_geometry,fidelity_constrained_matched_geometry__seed11419,11419,14083,3,0.7576905635455766
PushT,jepa_wm_pusht,50,6,fidelity_constrained_matched_geometry,fidelity_constrained_matched_geometry__seed11419,11419,14083,6,0.8197930445404732
PushT,jepa_wm_pusht,51,6,fidelity_constrained_matched_geometry,fidelity_constrained_matched_geometry__seed11419,11419,14083,1,1.2621590645430756
PushT,jepa_wm_pusht,51,6,fidelity_constrained_matched_geometry,fidelity_constrained_matched_geometry__seed11419,11419,14083,3,0.7618085336013667
PushT,jepa_wm_pusht,51,6,fidelity_constrained_matched_geometry,fidelity_constrained_matched_geometry__seed11419,11419,14083,6,0.7377516787110301
PushT,jepa_wm_pusht,52,6,fidelity_constrained_matched_geometry,fidelity_constrained_matched_geometry__seed11419,11419,14083,1,0.707479613811554
PushT,jepa_wm_pusht,52,6,fidelity_constrained_matched_geometry,fidelity_constrained_matched_geometry__seed11419,11419,14083,3,0.7227578094490265
PushT,jepa_wm_pusht,52,6,fidelity_constrained_matched_geometry,fidelity_constrained_matched_geometry__seed11419,11419,14083,6,0.6838632414384056
PushT,jepa_wm_pusht,53,6,fidelity_constrained_matched_geometry,fidelity_constrained_matched_geometry__seed11419,11419,14083,1,1.0620167458258893
PushT,jepa_wm_pusht,53,6,fidelity_constrained_matched_geometry,fidelity_constrained_matched_geometry__seed11419,11419,14083,3,0.7537227067395311
PushT,jepa_wm_pusht,53,6,fidelity_constrained_matched_geometry,fidelity_constrained_matched_geometry__seed11419,11419,14083,6,0.7842593631816139
PushT,jepa_wm_pusht,54,6,fidelity_constrained_matched_geometry,fidelity_constrained_matched_geometry__seed11419,11419,14083,1,1.531925437600635
PushT,jepa_wm_pusht,54,6,fidelity_constrained_matched_geometry,fidelity_constrained_matched_geometry__seed11419,11419,14083,3,1.2003483483894712
PushT,jepa_wm_pusht,54,6,fidelity_constrained_matched_geometry,fidelity_constrained_matched_geometry__seed11419,11419,14083,6,1.1142016830524497
PushT,jepa_wm_pusht,55,6,fidelity_constrained_matched_geometry,fidelity_constrained_matched_geometry__seed11419,11419,14083,1,0.6598454760977799
PushT,jepa_wm_pusht,55,6,fidelity_constrained_matched_geometry,fidelity_constrained_matched_geometry__seed11419,11419,14083,3,0.7717664327766504
PushT,jepa_wm_pusht,55,6,fidelity_constrained_matched_geometry,fidelity_constrained_matched_geometry__seed11419,11419,14083,6,0.6803308720483963
PushT,jepa_wm_pusht,8,1,fidelity_constrained_latent_only,fidelity_constrained_latent_only__seed11437,11437,14083,1,1.0166088298482368
PushT,jepa_wm_pusht,8,1,fidelity_constrained_latent_only,fidelity_constrained_latent_only__seed11437,11437,14083,3,0.751720374380332
PushT,jepa_wm_pusht,8,1,fidelity_constrained_latent_only,fidelity_constrained_latent_only__seed11437,11437,14083,6,0.7646000050021522
PushT,jepa_wm_pusht,9,1,fidelity_constrained_latent_only,fidelity_constrained_latent_only__seed11437,11437,14083,1,1.3015292914144037
PushT,jepa_wm_pusht,9,1,fidelity_constrained_latent_only,fidelity_constrained_latent_only__seed11437,11437,14083,3,0.9213754313578019
PushT,jepa_wm_pusht,9,1,fidelity_constrained_latent_only,fidelity_constrained_latent_only__seed11437,11437,14083,6,0.802300833784123
PushT,jepa_wm_pusht,10,1,fidelity_constrained_latent_only,fidelity_constrained_latent_only__seed11437,11437,14083,1,1.4335574090001908
PushT,jepa_wm_pusht,10,1,fidelity_constrained_latent_only,fidelity_constrained_latent_only__seed11437,11437,14083,3,1.1179945992257094
PushT,jepa_wm_pusht,10,1,fidelity_constrained_latent_only,fidelity_constrained_latent_only__seed11437,11437,14083,6,1.0154266257282278
PushT,jepa_wm_pusht,11,1,fidelity_constrained_latent_only,fidelity_constrained_latent_only__seed11437,11437,14083,1,1.4669111763576397
PushT,jepa_wm_pusht,11,1,fidelity_constrained_latent_only,fidelity_constrained_latent_only__seed11437,11437,14083,3,0.949607404579372
PushT,jepa_wm_pusht,11,1,fidelity_constrained_latent_only,fidelity_constrained_latent_only__seed11437,11437,14083,6,0.89071688455721
PushT,jepa_wm_pusht,12,1,fidelity_constrained_latent_only,fidelity_constrained_latent_only__seed11437,11437,14083,1,1.2402755789402693
PushT,jepa_wm_pusht,12,1,fidelity_constrained_latent_only,fidelity_constrained_latent_only__seed11437,11437,14083,3,0.8702635639720387
PushT,jepa_wm_pusht,12,1,fidelity_constrained_latent_only,fidelity_constrained_latent_only__seed11437,11437,14083,6,0.8334357134701728
PushT,jepa_wm_pusht,13,1,fidelity_constrained_latent_only,fidelity_constrained_latent_only__seed11437,11437,14083,1,1.1982906250686916
PushT,jepa_wm_pusht,13,1,fidelity_constrained_latent_only,fidelity_constrained_latent_only__seed11437,11437,14083,3,0.8980341941923494
PushT,jepa_wm_pusht,13,1,fidelity_constrained_latent_only,fidelity_constrained_latent_only__seed11437,11437,14083,6,0.7548874882243674
PushT,jepa_wm_pusht,14,1,fidelity_constrained_latent_only,fidelity_constrained_latent_only__seed11437,11437,14083,1,0.4719819566656245
PushT,jepa_wm_pusht,14,1,fidelity_constrained_latent_only,fidelity_constrained_latent_only__seed11437,11437,14083,3,0.6030596946903909
PushT,jepa_wm_pusht,14,1,fidelity_constrained_latent_only,fidelity_constrained_latent_only__seed11437,11437,14083,6,0.6467758022363403
PushT,jepa_wm_pusht,15,1,fidelity_constrained_latent_only,fidelity_constrained_latent_only__seed11437,11437,14083,1,0.5758162825110467
PushT,jepa_wm_pusht,15,1,fidelity_constrained_latent_only,fidelity_constrained_latent_only__seed11437,11437,14083,3,0.7100644199837037
PushT,jepa_wm_pusht,15,1,fidelity_constrained_latent_only,fidelity_constrained_latent_only__seed11437,11437,14083,6,0.7163799959728805
PushT,jepa_wm_pusht,16,2,fidelity_constrained_latent_only,fidelity_constrained_latent_only__seed11437,11437,14083,1,1.2717467336624597
PushT,jepa_wm_pusht,16,2,fidelity_constrained_latent_only,fidelity_constrained_latent_only__seed11437,11437,14083,3,1.055960993821581
PushT,jepa_wm_pusht,16,2,fidelity_constrained_latent_only,fidelity_constrained_latent_only__seed11437,11437,14083,6,1.1032910217237462
PushT,jepa_wm_pusht,17,2,fidelity_constrained_latent_only,fidelity_constrained_latent_only__seed11437,11437,14083,1,0.668891251992501
PushT,jepa_wm_pusht,17,2,fidelity_constrained_latent_only,fidelity_constrained_latent_only__seed11437,11437,14083,3,0.8427288333243748
PushT,jepa_wm_pusht,17,2,fidelity_constrained_latent_only,fidelity_constrained_latent_only__seed11437,11437,14083,6,0.7925044934424119
PushT,jepa_wm_pusht,18,2,fidelity_constrained_latent_only,fidelity_constrained_latent_only__seed11437,11437,14083,1,0.5732652771797592
PushT,jepa_wm_pusht,18,2,fidelity_constrained_latent_only,fidelity_constrained_latent_only__seed11437,11437,14083,3,0.6096875681940772
PushT,jepa_wm_pusht,18,2,fidelity_constrained_latent_only,fidelity_constrained_latent_only__seed11437,11437,14083,6,0.6428049390979703
PushT,jepa_wm_pusht,19,2,fidelity_constrained_latent_only,fidelity_constrained_latent_only__seed11437,11437,14083,1,0.7439528398449362
PushT,jepa_wm_pusht,19,2,fidelity_constrained_latent_only,fidelity_constrained_latent_only__seed11437,11437,14083,3,0.6750091067937037
PushT,jepa_wm_pusht,19,2,fidelity_constrained_latent_only,fidelity_constrained_latent_only__seed11437,11437,14083,6,0.6421237240488031
PushT,jepa_wm_pusht,20,2,fidelity_constrained_latent_only,fidelity_constrained_latent_only__seed11437,11437,14083,1,1.0607490153535193
PushT,jepa_wm_pusht,20,2,fidelity_constrained_latent_only,fidelity_constrained_latent_only__seed11437,11437,14083,3,0.7611217562566532
PushT,jepa_wm_pusht,20,2,fidelity_constrained_latent_only,fidelity_constrained_latent_only__seed11437,11437,14083,6,0.7382831709637112
PushT,jepa_wm_pusht,21,2,fidelity_constrained_latent_only,fidelity_constrained_latent_only__seed11437,11437,14083,1,0.6177870360737878
PushT,jepa_wm_pusht,21,2,fidelity_constrained_latent_only,fidelity_constrained_latent_only__seed11437,11437,14083,3,0.8167961483376889
PushT,jepa_wm_pusht,21,2,fidelity_constrained_latent_only,fidelity_constrained_latent_only__seed11437,11437,14083,6,0.7743106698342722
PushT,jepa_wm_pusht,22,2,fidelity_constrained_latent_only,fidelity_constrained_latent_only__seed11437,11437,14083,1,0.6348078549116885
PushT,jepa_wm_pusht,22,2,fidelity_constrained_latent_only,fidelity_constrained_latent_only__seed11437,11437,14083,3,0.8345427200720926
PushT,jepa_wm_pusht,22,2,fidelity_constrained_latent_only,fidelity_constrained_latent_only__seed11437,11437,14083,6,0.6970423589872606
PushT,jepa_wm_pusht,23,2,fidelity_constrained_latent_only,fidelity_constrained_latent_only__seed11437,11437,14083,1,0.9520201924702726
PushT,jepa_wm_pusht,23,2,fidelity_constrained_latent_only,fidelity_constrained_latent_only__seed11437,11437,14083,3,0.6312210548668259
PushT,jepa_wm_pusht,23,2,fidelity_constrained_latent_only,fidelity_constrained_latent_only__seed11437,11437,14083,6,0.6363630803100413
PushT,jepa_wm_pusht,48,6,fidelity_constrained_latent_only,fidelity_constrained_latent_only__seed11437,11437,14083,1,1.6359559201834097
PushT,jepa_wm_pusht,48,6,fidelity_constrained_latent_only,fidelity_constrained_latent_only__seed11437,11437,14083,3,0.8478524663068432
PushT,jepa_wm_pusht,48,6,fidelity_constrained_latent_only,fidelity_constrained_latent_only__seed11437,11437,14083,6,0.832979993578365
PushT,jepa_wm_pusht,49,6,fidelity_constrained_latent_only,fidelity_constrained_latent_only__seed11437,11437,14083,1,1.310628310019916
PushT,jepa_wm_pusht,49,6,fidelity_constrained_latent_only,fidelity_constrained_latent_only__seed11437,11437,14083,3,0.7665096646196932
PushT,jepa_wm_pusht,49,6,fidelity_constrained_latent_only,fidelity_constrained_latent_only__seed11437,11437,14083,6,0.66211211819994
PushT,jepa_wm_pusht,50,6,fidelity_constrained_latent_only,fidelity_constrained_latent_only__seed11437,11437,14083,1,1.0974763297518504
PushT,jepa_wm_pusht,50,6,fidelity_constrained_latent_only,fidelity_constrained_latent_only__seed11437,11437,14083,3,0.7842125411624756
PushT,jepa_wm_pusht,50,6,fidelity_constrained_latent_only,fidelity_constrained_latent_only__seed11437,11437,14083,6,0.9298266573761089
PushT,jepa_wm_pusht,51,6,fidelity_constrained_latent_only,fidelity_constrained_latent_only__seed11437,11437,14083,1,1.2476108486995061
PushT,jepa_wm_pusht,51,6,fidelity_constrained_latent_only,fidelity_constrained_latent_only__seed11437,11437,14083,3,0.7574133412926364
PushT,jepa_wm_pusht,51,6,fidelity_constrained_latent_only,fidelity_constrained_latent_only__seed11437,11437,14083,6,0.7229626657513569
PushT,jepa_wm_pusht,52,6,fidelity_constrained_latent_only,fidelity_constrained_latent_only__seed11437,11437,14083,1,0.7269896852583269
PushT,jepa_wm_pusht,52,6,fidelity_constrained_latent_only,fidelity_constrained_latent_only__seed11437,11437,14083,3,0.7038740707951072
PushT,jepa_wm_pusht,52,6,fidelity_constrained_latent_only,fidelity_constrained_latent_only__seed11437,11437,14083,6,0.6661038968306667
PushT,jepa_wm_pusht,53,6,fidelity_constrained_latent_only,fidelity_constrained_latent_only__seed11437,11437,14083,1,1.0608628117004553
PushT,jepa_wm_pusht,53,6,fidelity_constrained_latent_only,fidelity_constrained_latent_only__seed11437,11437,14083,3,0.7382997924786117
PushT,jepa_wm_pusht,53,6,fidelity_constrained_latent_only,fidelity_constrained_latent_only__seed11437,11437,14083,6,0.7885160914690974
PushT,jepa_wm_pusht,54,6,fidelity_constrained_latent_only,fidelity_constrained_latent_only__seed11437,11437,14083,1,1.5638347040360177
PushT,jepa_wm_pusht,54,6,fidelity_constrained_latent_only,fidelity_constrained_latent_only__seed11437,11437,14083,3,1.2270753877228016
PushT,jepa_wm_pusht,54,6,fidelity_constrained_latent_only,fidelity_constrained_latent_only__seed11437,11437,14083,6,1.1360989422455297
PushT,jepa_wm_pusht,55,6,fidelity_constrained_latent_only,fidelity_constrained_latent_only__seed11437,11437,14083,1,0.6680843384618066
PushT,jepa_wm_pusht,55,6,fidelity_constrained_latent_only,fidelity_constrained_latent_only__seed11437,11437,14083,3,0.7943385345479247
PushT,jepa_wm_pusht,55,6,fidelity_constrained_latent_only,fidelity_constrained_latent_only__seed11437,11437,14083,6,0.7094172795893132
PushT,jepa_wm_pusht,8,1,fidelity_constrained_shuffled_geometry,fidelity_constrained_shuffled_geometry__seed11437,11437,14083,1,1.0255826752988237
PushT,jepa_wm_pusht,8,1,fidelity_constrained_shuffled_geometry,fidelity_constrained_shuffled_geometry__seed11437,11437,14083,3,0.8082234155203349
PushT,jepa_wm_pusht,8,1,fidelity_constrained_shuffled_geometry,fidelity_constrained_shuffled_geometry__seed11437,11437,14083,6,0.8317321189565015
PushT,jepa_wm_pusht,9,1,fidelity_constrained_shuffled_geometry,fidelity_constrained_shuffled_geometry__seed11437,11437,14083,1,1.3205845613878784
PushT,jepa_wm_pusht,9,1,fidelity_constrained_shuffled_geometry,fidelity_constrained_shuffled_geometry__seed11437,11437,14083,3,0.9391280494291395
PushT,jepa_wm_pusht,9,1,fidelity_constrained_shuffled_geometry,fidelity_constrained_shuffled_geometry__seed11437,11437,14083,6,0.839152422307998
PushT,jepa_wm_pusht,10,1,fidelity_constrained_shuffled_geometry,fidelity_constrained_shuffled_geometry__seed11437,11437,14083,1,1.4563178052982768
PushT,jepa_wm_pusht,10,1,fidelity_constrained_shuffled_geometry,fidelity_constrained_shuffled_geometry__seed11437,11437,14083,3,1.115019965965608
PushT,jepa_wm_pusht,10,1,fidelity_constrained_shuffled_geometry,fidelity_constrained_shuffled_geometry__seed11437,11437,14083,6,1.000489754200919
PushT,jepa_wm_pusht,11,1,fidelity_constrained_shuffled_geometry,fidelity_constrained_shuffled_geometry__seed11437,11437,14083,1,1.4803813224490947
PushT,jepa_wm_pusht,11,1,fidelity_constrained_shuffled_geometry,fidelity_constrained_shuffled_geometry__seed11437,11437,14083,3,0.923973995747071
PushT,jepa_wm_pusht,11,1,fidelity_constrained_shuffled_geometry,fidelity_constrained_shuffled_geometry__seed11437,11437,14083,6,0.8814167952390367
PushT,jepa_wm_pusht,12,1,fidelity_constrained_shuffled_geometry,fidelity_constrained_shuffled_geometry__seed11437,11437,14083,1,1.268710516245591
PushT,jepa_wm_pusht,12,1,fidelity_constrained_shuffled_geometry,fidelity_constrained_shuffled_geometry__seed11437,11437,14083,3,0.8946634535984012
PushT,jepa_wm_pusht,12,1,fidelity_constrained_shuffled_geometry,fidelity_constrained_shuffled_geometry__seed11437,11437,14083,6,0.8022321879190388
PushT,jepa_wm_pusht,13,1,fidelity_constrained_shuffled_geometry,fidelity_constrained_shuffled_geometry__seed11437,11437,14083,1,1.23345382249268
PushT,jepa_wm_pusht,13,1,fidelity_constrained_shuffled_geometry,fidelity_constrained_shuffled_geometry__seed11437,11437,14083,3,0.9548376355841174
PushT,jepa_wm_pusht,13,1,fidelity_constrained_shuffled_geometry,fidelity_constrained_shuffled_geometry__seed11437,11437,14083,6,0.7745964996663741
PushT,jepa_wm_pusht,14,1,fidelity_constrained_shuffled_geometry,fidelity_constrained_shuffled_geometry__seed11437,11437,14083,1,0.4827126960023038
PushT,jepa_wm_pusht,14,1,fidelity_constrained_shuffled_geometry,fidelity_constrained_shuffled_geometry__seed11437,11437,14083,3,0.6285414521115165
PushT,jepa_wm_pusht,14,1,fidelity_constrained_shuffled_geometry,fidelity_constrained_shuffled_geometry__seed11437,11437,14083,6,0.6872906439912561
PushT,jepa_wm_pusht,15,1,fidelity_constrained_shuffled_geometry,fidelity_constrained_shuffled_geometry__seed11437,11437,14083,1,0.5870851624354512
PushT,jepa_wm_pusht,15,1,fidelity_constrained_shuffled_geometry,fidelity_constrained_shuffled_geometry__seed11437,11437,14083,3,0.8157256365658457
PushT,jepa_wm_pusht,15,1,fidelity_constrained_shuffled_geometry,fidelity_constrained_shuffled_geometry__seed11437,11437,14083,6,0.7686224550876002
PushT,jepa_wm_pusht,16,2,fidelity_constrained_shuffled_geometry,fidelity_constrained_shuffled_geometry__seed11437,11437,14083,1,1.2660821002311762
PushT,jepa_wm_pusht,16,2,fidelity_constrained_shuffled_geometry,fidelity_constrained_shuffled_geometry__seed11437,11437,14083,3,1.0758118363332156
PushT,jepa_wm_pusht,16,2,fidelity_constrained_shuffled_geometry,fidelity_constrained_shuffled_geometry__seed11437,11437,14083,6,1.117128068981879
PushT,jepa_wm_pusht,17,2,fidelity_constrained_shuffled_geometry,fidelity_constrained_shuffled_geometry__seed11437,11437,14083,1,0.6670723358705121
PushT,jepa_wm_pusht,17,2,fidelity_constrained_shuffled_geometry,fidelity_constrained_shuffled_geometry__seed11437,11437,14083,3,0.8407731833770922
PushT,jepa_wm_pusht,17,2,fidelity_constrained_shuffled_geometry,fidelity_constrained_shuffled_geometry__seed11437,11437,14083,6,0.737407209319187
PushT,jepa_wm_pusht,18,2,fidelity_constrained_shuffled_geometry,fidelity_constrained_shuffled_geometry__seed11437,11437,14083,1,0.5966972010185476
PushT,jepa_wm_pusht,18,2,fidelity_constrained_shuffled_geometry,fidelity_constrained_shuffled_geometry__seed11437,11437,14083,3,0.6658439881551245
PushT,jepa_wm_pusht,18,2,fidelity_constrained_shuffled_geometry,fidelity_constrained_shuffled_geometry__seed11437,11437,14083,6,0.6826104809789699
PushT,jepa_wm_pusht,19,2,fidelity_constrained_shuffled_geometry,fidelity_constrained_shuffled_geometry__seed11437,11437,14083,1,0.7688272791727833
PushT,jepa_wm_pusht,19,2,fidelity_constrained_shuffled_geometry,fidelity_constrained_shuffled_geometry__seed11437,11437,14083,3,0.7255767103949404
PushT,jepa_wm_pusht,19,2,fidelity_constrained_shuffled_geometry,fidelity_constrained_shuffled_geometry__seed11437,11437,14083,6,0.6954768451222368
PushT,jepa_wm_pusht,20,2,fidelity_constrained_shuffled_geometry,fidelity_constrained_shuffled_geometry__seed11437,11437,14083,1,1.0853473914514165
PushT,jepa_wm_pusht,20,2,fidelity_constrained_shuffled_geometry,fidelity_constrained_shuffled_geometry__seed11437,11437,14083,3,0.8373776862668748
PushT,jepa_wm_pusht,20,2,fidelity_constrained_shuffled_geometry,fidelity_constrained_shuffled_geometry__seed11437,11437,14083,6,0.7665533233771376
PushT,jepa_wm_pusht,21,2,fidelity_constrained_shuffled_geometry,fidelity_constrained_shuffled_geometry__seed11437,11437,14083,1,0.6335470750415447
PushT,jepa_wm_pusht,21,2,fidelity_constrained_shuffled_geometry,fidelity_constrained_shuffled_geometry__seed11437,11437,14083,3,0.845948023396985
PushT,jepa_wm_pusht,21,2,fidelity_constrained_shuffled_geometry,fidelity_constrained_shuffled_geometry__seed11437,11437,14083,6,0.8674666090796743
PushT,jepa_wm_pusht,22,2,fidelity_constrained_shuffled_geometry,fidelity_constrained_shuffled_geometry__seed11437,11437,14083,1,0.6360677060586492
PushT,jepa_wm_pusht,22,2,fidelity_constrained_shuffled_geometry,fidelity_constrained_shuffled_geometry__seed11437,11437,14083,3,0.866477971062142
PushT,jepa_wm_pusht,22,2,fidelity_constrained_shuffled_geometry,fidelity_constrained_shuffled_geometry__seed11437,11437,14083,6,0.7443321260636617
PushT,jepa_wm_pusht,23,2,fidelity_constrained_shuffled_geometry,fidelity_constrained_shuffled_geometry__seed11437,11437,14083,1,1.0007216870569111
PushT,jepa_wm_pusht,23,2,fidelity_constrained_shuffled_geometry,fidelity_constrained_shuffled_geometry__seed11437,11437,14083,3,0.688621802324252
PushT,jepa_wm_pusht,23,2,fidelity_constrained_shuffled_geometry,fidelity_constrained_shuffled_geometry__seed11437,11437,14083,6,0.7490467966844855
PushT,jepa_wm_pusht,48,6,fidelity_constrained_shuffled_geometry,fidelity_constrained_shuffled_geometry__seed11437,11437,14083,1,1.6426064190589518
PushT,jepa_wm_pusht,48,6,fidelity_constrained_shuffled_geometry,fidelity_constrained_shuffled_geometry__seed11437,11437,14083,3,0.8576424559579955
PushT,jepa_wm_pusht,48,6,fidelity_constrained_shuffled_geometry,fidelity_constrained_shuffled_geometry__seed11437,11437,14083,6,0.8489986895704867
PushT,jepa_wm_pusht,49,6,fidelity_constrained_shuffled_geometry,fidelity_constrained_shuffled_geometry__seed11437,11437,14083,1,1.3456438773325796
PushT,jepa_wm_pusht,49,6,fidelity_constrained_shuffled_geometry,fidelity_constrained_shuffled_geometry__seed11437,11437,14083,3,0.8087610913067543
PushT,jepa_wm_pusht,49,6,fidelity_constrained_shuffled_geometry,fidelity_constrained_shuffled_geometry__seed11437,11437,14083,6,0.739051351495472
PushT,jepa_wm_pusht,50,6,fidelity_constrained_shuffled_geometry,fidelity_constrained_shuffled_geometry__seed11437,11437,14083,1,1.1286684711693786
PushT,jepa_wm_pusht,50,6,fidelity_constrained_shuffled_geometry,fidelity_constrained_shuffled_geometry__seed11437,11437,14083,3,0.8001973141559572
PushT,jepa_wm_pusht,50,6,fidelity_constrained_shuffled_geometry,fidelity_constrained_shuffled_geometry__seed11437,11437,14083,6,0.9993436105335348
PushT,jepa_wm_pusht,51,6,fidelity_constrained_shuffled_geometry,fidelity_constrained_shuffled_geometry__seed11437,11437,14083,1,1.2854359034029474
PushT,jepa_wm_pusht,51,6,fidelity_constrained_shuffled_geometry,fidelity_constrained_shuffled_geometry__seed11437,11437,14083,3,0.786456139021599
PushT,jepa_wm_pusht,51,6,fidelity_constrained_shuffled_geometry,fidelity_constrained_shuffled_geometry__seed11437,11437,14083,6,0.8263728348561332
PushT,jepa_wm_pusht,52,6,fidelity_constrained_shuffled_geometry,fidelity_constrained_shuffled_geometry__seed11437,11437,14083,1,0.7254528633241928
PushT,jepa_wm_pusht,52,6,fidelity_constrained_shuffled_geometry,fidelity_constrained_shuffled_geometry__seed11437,11437,14083,3,0.7593380262929181
PushT,jepa_wm_pusht,52,6,fidelity_constrained_shuffled_geometry,fidelity_constrained_shuffled_geometry__seed11437,11437,14083,6,0.7523780733739162
PushT,jepa_wm_pusht,53,6,fidelity_constrained_shuffled_geometry,fidelity_constrained_shuffled_geometry__seed11437,11437,14083,1,1.0680048417454242
PushT,jepa_wm_pusht,53,6,fidelity_constrained_shuffled_geometry,fidelity_constrained_shuffled_geometry__seed11437,11437,14083,3,0.8142024693529477
PushT,jepa_wm_pusht,53,6,fidelity_constrained_shuffled_geometry,fidelity_constrained_shuffled_geometry__seed11437,11437,14083,6,0.8500464853125375
PushT,jepa_wm_pusht,54,6,fidelity_constrained_shuffled_geometry,fidelity_constrained_shuffled_geometry__seed11437,11437,14083,1,1.5391755284525497
PushT,jepa_wm_pusht,54,6,fidelity_constrained_shuffled_geometry,fidelity_constrained_shuffled_geometry__seed11437,11437,14083,3,1.1798204268742314
PushT,jepa_wm_pusht,54,6,fidelity_constrained_shuffled_geometry,fidelity_constrained_shuffled_geometry__seed11437,11437,14083,6,1.1180458330412983
PushT,jepa_wm_pusht,55,6,fidelity_constrained_shuffled_geometry,fidelity_constrained_shuffled_geometry__seed11437,11437,14083,1,0.6711521894896009
PushT,jepa_wm_pusht,55,6,fidelity_constrained_shuffled_geometry,fidelity_constrained_shuffled_geometry__seed11437,11437,14083,3,0.814010935822935
PushT,jepa_wm_pusht,55,6,fidelity_constrained_shuffled_geometry,fidelity_constrained_shuffled_geometry__seed11437,11437,14083,6,0.7193391401050956
PushT,jepa_wm_pusht,8,1,fidelity_constrained_matched_geometry,fidelity_constrained_matched_geometry__seed11437,11437,14083,1,1.0177467363764103
PushT,jepa_wm_pusht,8,1,fidelity_constrained_matched_geometry,fidelity_constrained_matched_geometry__seed11437,11437,14083,3,0.7694123672860133
PushT,jepa_wm_pusht,8,1,fidelity_constrained_matched_geometry,fidelity_constrained_matched_geometry__seed11437,11437,14083,6,0.7705877692821197
PushT,jepa_wm_pusht,9,1,fidelity_constrained_matched_geometry,fidelity_constrained_matched_geometry__seed11437,11437,14083,1,1.3167495157936886
PushT,jepa_wm_pusht,9,1,fidelity_constrained_matched_geometry,fidelity_constrained_matched_geometry__seed11437,11437,14083,3,0.8982026179522249
PushT,jepa_wm_pusht,9,1,fidelity_constrained_matched_geometry,fidelity_constrained_matched_geometry__seed11437,11437,14083,6,0.781934966613344
PushT,jepa_wm_pusht,10,1,fidelity_constrained_matched_geometry,fidelity_constrained_matched_geometry__seed11437,11437,14083,1,1.4451989964923442
PushT,jepa_wm_pusht,10,1,fidelity_constrained_matched_geometry,fidelity_constrained_matched_geometry__seed11437,11437,14083,3,1.1080765727012294
PushT,jepa_wm_pusht,10,1,fidelity_constrained_matched_geometry,fidelity_constrained_matched_geometry__seed11437,11437,14083,6,0.9989053994131054
PushT,jepa_wm_pusht,11,1,fidelity_constrained_matched_geometry,fidelity_constrained_matched_geometry__seed11437,11437,14083,1,1.4491354054283714
PushT,jepa_wm_pusht,11,1,fidelity_constrained_matched_geometry,fidelity_constrained_matched_geometry__seed11437,11437,14083,3,0.9355038999734002
PushT,jepa_wm_pusht,11,1,fidelity_constrained_matched_geometry,fidelity_constrained_matched_geometry__seed11437,11437,14083,6,0.8723261683800496
PushT,jepa_wm_pusht,12,1,fidelity_constrained_matched_geometry,fidelity_constrained_matched_geometry__seed11437,11437,14083,1,1.2490296537844814
PushT,jepa_wm_pusht,12,1,fidelity_constrained_matched_geometry,fidelity_constrained_matched_geometry__seed11437,11437,14083,3,0.8625508881163118
PushT,jepa_wm_pusht,12,1,fidelity_constrained_matched_geometry,fidelity_constrained_matched_geometry__seed11437,11437,14083,6,0.7972789720226516
PushT,jepa_wm_pusht,13,1,fidelity_constrained_matched_geometry,fidelity_constrained_matched_geometry__seed11437,11437,14083,1,1.207597968739198
PushT,jepa_wm_pusht,13,1,fidelity_constrained_matched_geometry,fidelity_constrained_matched_geometry__seed11437,11437,14083,3,0.8949145363499272
PushT,jepa_wm_pusht,13,1,fidelity_constrained_matched_geometry,fidelity_constrained_matched_geometry__seed11437,11437,14083,6,0.7482728175214143
PushT,jepa_wm_pusht,14,1,fidelity_constrained_matched_geometry,fidelity_constrained_matched_geometry__seed11437,11437,14083,1,0.4772373092298162
PushT,jepa_wm_pusht,14,1,fidelity_constrained_matched_geometry,fidelity_constrained_matched_geometry__seed11437,11437,14083,3,0.5994670231590568
PushT,jepa_wm_pusht,14,1,fidelity_constrained_matched_geometry,fidelity_constrained_matched_geometry__seed11437,11437,14083,6,0.6474811621771249
PushT,jepa_wm_pusht,15,1,fidelity_constrained_matched_geometry,fidelity_constrained_matched_geometry__seed11437,11437,14083,1,0.5761498909649966
PushT,jepa_wm_pusht,15,1,fidelity_constrained_matched_geometry,fidelity_constrained_matched_geometry__seed11437,11437,14083,3,0.7325386264153567
PushT,jepa_wm_pusht,15,1,fidelity_constrained_matched_geometry,fidelity_constrained_matched_geometry__seed11437,11437,14083,6,0.7035662679229386
PushT,jepa_wm_pusht,16,2,fidelity_constrained_matched_geometry,fidelity_constrained_matched_geometry__seed11437,11437,14083,1,1.2418243175880825
PushT,jepa_wm_pusht,16,2,fidelity_constrained_matched_geometry,fidelity_constrained_matched_geometry__seed11437,11437,14083,3,1.0284616355107905
PushT,jepa_wm_pusht,16,2,fidelity_constrained_matched_geometry,fidelity_constrained_matched_geometry__seed11437,11437,14083,6,1.0316385471103031
PushT,jepa_wm_pusht,17,2,fidelity_constrained_matched_geometry,fidelity_constrained_matched_geometry__seed11437,11437,14083,1,0.667250227467628
PushT,jepa_wm_pusht,17,2,fidelity_constrained_matched_geometry,fidelity_constrained_matched_geometry__seed11437,11437,14083,3,0.822536258182557
PushT,jepa_wm_pusht,17,2,fidelity_constrained_matched_geometry,fidelity_constrained_matched_geometry__seed11437,11437,14083,6,0.7574121435488234
PushT,jepa_wm_pusht,18,2,fidelity_constrained_matched_geometry,fidelity_constrained_matched_geometry__seed11437,11437,14083,1,0.5802111765262171
PushT,jepa_wm_pusht,18,2,fidelity_constrained_matched_geometry,fidelity_constrained_matched_geometry__seed11437,11437,14083,3,0.6194804093010415
PushT,jepa_wm_pusht,18,2,fidelity_constrained_matched_geometry,fidelity_constrained_matched_geometry__seed11437,11437,14083,6,0.6439344896737306
PushT,jepa_wm_pusht,19,2,fidelity_constrained_matched_geometry,fidelity_constrained_matched_geometry__seed11437,11437,14083,1,0.7559642857930718
PushT,jepa_wm_pusht,19,2,fidelity_constrained_matched_geometry,fidelity_constrained_matched_geometry__seed11437,11437,14083,3,0.6849718644386588
PushT,jepa_wm_pusht,19,2,fidelity_constrained_matched_geometry,fidelity_constrained_matched_geometry__seed11437,11437,14083,6,0.6391162453775039
PushT,jepa_wm_pusht,20,2,fidelity_constrained_matched_geometry,fidelity_constrained_matched_geometry__seed11437,11437,14083,1,1.058579295119104
PushT,jepa_wm_pusht,20,2,fidelity_constrained_matched_geometry,fidelity_constrained_matched_geometry__seed11437,11437,14083,3,0.7730710168530134
PushT,jepa_wm_pusht,20,2,fidelity_constrained_matched_geometry,fidelity_constrained_matched_geometry__seed11437,11437,14083,6,0.7089026011517684
PushT,jepa_wm_pusht,21,2,fidelity_constrained_matched_geometry,fidelity_constrained_matched_geometry__seed11437,11437,14083,1,0.6164490681568526
PushT,jepa_wm_pusht,21,2,fidelity_constrained_matched_geometry,fidelity_constrained_matched_geometry__seed11437,11437,14083,3,0.810001698967258
PushT,jepa_wm_pusht,21,2,fidelity_constrained_matched_geometry,fidelity_constrained_matched_geometry__seed11437,11437,14083,6,0.7751760486738699
PushT,jepa_wm_pusht,22,2,fidelity_constrained_matched_geometry,fidelity_constrained_matched_geometry__seed11437,11437,14083,1,0.635105195093089
PushT,jepa_wm_pusht,22,2,fidelity_constrained_matched_geometry,fidelity_constrained_matched_geometry__seed11437,11437,14083,3,0.8224881680011591
PushT,jepa_wm_pusht,22,2,fidelity_constrained_matched_geometry,fidelity_constrained_matched_geometry__seed11437,11437,14083,6,0.6905026428194465
PushT,jepa_wm_pusht,23,2,fidelity_constrained_matched_geometry,fidelity_constrained_matched_geometry__seed11437,11437,14083,1,0.9449641332413202
PushT,jepa_wm_pusht,23,2,fidelity_constrained_matched_geometry,fidelity_constrained_matched_geometry__seed11437,11437,14083,3,0.632644144688042
PushT,jepa_wm_pusht,23,2,fidelity_constrained_matched_geometry,fidelity_constrained_matched_geometry__seed11437,11437,14083,6,0.6407715749722189
PushT,jepa_wm_pusht,48,6,fidelity_constrained_matched_geometry,fidelity_constrained_matched_geometry__seed11437,11437,14083,1,1.6274942225391293
PushT,jepa_wm_pusht,48,6,fidelity_constrained_matched_geometry,fidelity_constrained_matched_geometry__seed11437,11437,14083,3,0.8272411607563052
PushT,jepa_wm_pusht,48,6,fidelity_constrained_matched_geometry,fidelity_constrained_matched_geometry__seed11437,11437,14083,6,0.7954083747006538
PushT,jepa_wm_pusht,49,6,fidelity_constrained_matched_geometry,fidelity_constrained_matched_geometry__seed11437,11437,14083,1,1.3163739728866435
PushT,jepa_wm_pusht,49,6,fidelity_constrained_matched_geometry,fidelity_constrained_matched_geometry__seed11437,11437,14083,3,0.7799128975695759
PushT,jepa_wm_pusht,49,6,fidelity_constrained_matched_geometry,fidelity_constrained_matched_geometry__seed11437,11437,14083,6,0.6716181339933227
PushT,jepa_wm_pusht,50,6,fidelity_constrained_matched_geometry,fidelity_constrained_matched_geometry__seed11437,11437,14083,1,1.099371801334098
PushT,jepa_wm_pusht,50,6,fidelity_constrained_matched_geometry,fidelity_constrained_matched_geometry__seed11437,11437,14083,3,0.7652130211348747
PushT,jepa_wm_pusht,50,6,fidelity_constrained_matched_geometry,fidelity_constrained_matched_geometry__seed11437,11437,14083,6,0.881916130843048
PushT,jepa_wm_pusht,51,6,fidelity_constrained_matched_geometry,fidelity_constrained_matched_geometry__seed11437,11437,14083,1,1.2623576393725489
PushT,jepa_wm_pusht,51,6,fidelity_constrained_matched_geometry,fidelity_constrained_matched_geometry__seed11437,11437,14083,3,0.7618763039412817
PushT,jepa_wm_pusht,51,6,fidelity_constrained_matched_geometry,fidelity_constrained_matched_geometry__seed11437,11437,14083,6,0.7383109608635948
PushT,jepa_wm_pusht,52,6,fidelity_constrained_matched_geometry,fidelity_constrained_matched_geometry__seed11437,11437,14083,1,0.7051263509874681
PushT,jepa_wm_pusht,52,6,fidelity_constrained_matched_geometry,fidelity_constrained_matched_geometry__seed11437,11437,14083,3,0.7250158937886966
PushT,jepa_wm_pusht,52,6,fidelity_constrained_matched_geometry,fidelity_constrained_matched_geometry__seed11437,11437,14083,6,0.6870399313844207
PushT,jepa_wm_pusht,53,6,fidelity_constrained_matched_geometry,fidelity_constrained_matched_geometry__seed11437,11437,14083,1,1.0609030757756674
PushT,jepa_wm_pusht,53,6,fidelity_constrained_matched_geometry,fidelity_constrained_matched_geometry__seed11437,11437,14083,3,0.7531513655417063
PushT,jepa_wm_pusht,53,6,fidelity_constrained_matched_geometry,fidelity_constrained_matched_geometry__seed11437,11437,14083,6,0.7839582063009978
PushT,jepa_wm_pusht,54,6,fidelity_constrained_matched_geometry,fidelity_constrained_matched_geometry__seed11437,11437,14083,1,1.5361783140297138
PushT,jepa_wm_pusht,54,6,fidelity_constrained_matched_geometry,fidelity_constrained_matched_geometry__seed11437,11437,14083,3,1.2159993173531103
PushT,jepa_wm_pusht,54,6,fidelity_constrained_matched_geometry,fidelity_constrained_matched_geometry__seed11437,11437,14083,6,1.1198675609241924
PushT,jepa_wm_pusht,55,6,fidelity_constrained_matched_geometry,fidelity_constrained_matched_geometry__seed11437,11437,14083,1,0.6610959356203469
PushT,jepa_wm_pusht,55,6,fidelity_constrained_matched_geometry,fidelity_constrained_matched_geometry__seed11437,11437,14083,3,0.7679723832954108
PushT,jepa_wm_pusht,55,6,fidelity_constrained_matched_geometry,fidelity_constrained_matched_geometry__seed11437,11437,14083,6,0.6796586808616334
Wall,jepa_wm_wall,8,1,frozen,frozen,-1,14011,1,2.0016738963933802
Wall,jepa_wm_wall,8,1,frozen,frozen,-1,14011,3,1.8782636288752528
Wall,jepa_wm_wall,8,1,frozen,frozen,-1,14011,6,2.0092529402659323
Wall,jepa_wm_wall,9,1,frozen,frozen,-1,14011,1,1.1376683903478648
Wall,jepa_wm_wall,9,1,frozen,frozen,-1,14011,3,1.9298158467302167
Wall,jepa_wm_wall,9,1,frozen,frozen,-1,14011,6,2.0119861121133953
Wall,jepa_wm_wall,10,1,frozen,frozen,-1,14011,1,1.7991361121810507
Wall,jepa_wm_wall,10,1,frozen,frozen,-1,14011,3,2.0982752798391155
Wall,jepa_wm_wall,10,1,frozen,frozen,-1,14011,6,2.000344871519105
Wall,jepa_wm_wall,11,1,frozen,frozen,-1,14011,1,1.1366805173495922
Wall,jepa_wm_wall,11,1,frozen,frozen,-1,14011,3,2.1166139227997918
Wall,jepa_wm_wall,11,1,frozen,frozen,-1,14011,6,2.0818833138041413
Wall,jepa_wm_wall,12,1,frozen,frozen,-1,14011,1,0.9759661074458241
Wall,jepa_wm_wall,12,1,frozen,frozen,-1,14011,3,1.7734919282046746
Wall,jepa_wm_wall,12,1,frozen,frozen,-1,14011,6,2.137647544664294
Wall,jepa_wm_wall,13,1,frozen,frozen,-1,14011,1,1.544597134607225
Wall,jepa_wm_wall,13,1,frozen,frozen,-1,14011,3,1.927144960228516
Wall,jepa_wm_wall,13,1,frozen,frozen,-1,14011,6,1.9983232676134586
Wall,jepa_wm_wall,14,1,frozen,frozen,-1,14011,1,1.0112454215320752
Wall,jepa_wm_wall,14,1,frozen,frozen,-1,14011,3,2.051511951275989
Wall,jepa_wm_wall,14,1,frozen,frozen,-1,14011,6,2.128871004409419
Wall,jepa_wm_wall,15,1,frozen,frozen,-1,14011,1,1.4941000611715611
Wall,jepa_wm_wall,15,1,frozen,frozen,-1,14011,3,2.273532269027049
Wall,jepa_wm_wall,15,1,frozen,frozen,-1,14011,6,2.4961948424521156
Wall,jepa_wm_wall,16,2,frozen,frozen,-1,14011,1,1.2062077079457973
Wall,jepa_wm_wall,16,2,frozen,frozen,-1,14011,3,2.1032052901149134
Wall,jepa_wm_wall,16,2,frozen,frozen,-1,14011,6,2.273385170525367
Wall,jepa_wm_wall,17,2,frozen,frozen,-1,14011,1,1.170840211209243
Wall,jepa_wm_wall,17,2,frozen,frozen,-1,14011,3,2.078523247876816
Wall,jepa_wm_wall,17,2,frozen,frozen,-1,14011,6,2.29420786808917
Wall,jepa_wm_wall,18,2,frozen,frozen,-1,14011,1,0.8408333134735542
Wall,jepa_wm_wall,18,2,frozen,frozen,-1,14011,3,1.4008969008846144
Wall,jepa_wm_wall,18,2,frozen,frozen,-1,14011,6,2.0954239698105184
Wall,jepa_wm_wall,19,2,frozen,frozen,-1,14011,1,2.0114518243743635
Wall,jepa_wm_wall,19,2,frozen,frozen,-1,14011,3,2.1977609476048254
Wall,jepa_wm_wall,19,2,frozen,frozen,-1,14011,6,2.0249192230521436
Wall,jepa_wm_wall,20,2,frozen,frozen,-1,14011,1,1.73857645733526
Wall,jepa_wm_wall,20,2,frozen,frozen,-1,14011,3,2.1625656837160725
Wall,jepa_wm_wall,20,2,frozen,frozen,-1,14011,6,2.3235805209420066
Wall,jepa_wm_wall,21,2,frozen,frozen,-1,14011,1,1.0219640781032417
Wall,jepa_wm_wall,21,2,frozen,frozen,-1,14011,3,1.7944988249412257
Wall,jepa_wm_wall,21,2,frozen,frozen,-1,14011,6,2.2491364186835345
Wall,jepa_wm_wall,22,2,frozen,frozen,-1,14011,1,1.198711056888707
Wall,jepa_wm_wall,22,2,frozen,frozen,-1,14011,3,2.0748835721206587
Wall,jepa_wm_wall,22,2,frozen,frozen,-1,14011,6,2.305375277584684
Wall,jepa_wm_wall,23,2,frozen,frozen,-1,14011,1,0.980708816680382
Wall,jepa_wm_wall,23,2,frozen,frozen,-1,14011,3,1.9596083222896936
Wall,jepa_wm_wall,23,2,frozen,frozen,-1,14011,6,2.151539740149292
Wall,jepa_wm_wall,48,6,frozen,frozen,-1,14011,1,1.7554499210792562
Wall,jepa_wm_wall,48,6,frozen,frozen,-1,14011,3,2.447573840045099
Wall,jepa_wm_wall,48,6,frozen,frozen,-1,14011,6,2.5620394112949687
Wall,jepa_wm_wall,49,6,frozen,frozen,-1,14011,1,1.683323862158619
Wall,jepa_wm_wall,49,6,frozen,frozen,-1,14011,3,2.584779464952552
Wall,jepa_wm_wall,49,6,frozen,frozen,-1,14011,6,2.4991736563972258
Wall,jepa_wm_wall,50,6,frozen,frozen,-1,14011,1,1.8743496720781703
Wall,jepa_wm_wall,50,6,frozen,frozen,-1,14011,3,2.3662116778267688
Wall,jepa_wm_wall,50,6,frozen,frozen,-1,14011,6,2.520122598281488
Wall,jepa_wm_wall,51,6,frozen,frozen,-1,14011,1,2.0869497850317544
Wall,jepa_wm_wall,51,6,frozen,frozen,-1,14011,3,2.4889432190362957
Wall,jepa_wm_wall,51,6,frozen,frozen,-1,14011,6,2.447036186688767
Wall,jepa_wm_wall,52,6,frozen,frozen,-1,14011,1,1.6728062011832603
Wall,jepa_wm_wall,52,6,frozen,frozen,-1,14011,3,2.451302121499682
Wall,jepa_wm_wall,52,6,frozen,frozen,-1,14011,6,2.8087132976929934
Wall,jepa_wm_wall,53,6,frozen,frozen,-1,14011,1,1.2833554968267287
Wall,jepa_wm_wall,53,6,frozen,frozen,-1,14011,3,2.2731050473277215
Wall,jepa_wm_wall,53,6,frozen,frozen,-1,14011,6,2.4385543928945967
Wall,jepa_wm_wall,54,6,frozen,frozen,-1,14011,1,2.0541987739393104
Wall,jepa_wm_wall,54,6,frozen,frozen,-1,14011,3,2.5288045225455105
Wall,jepa_wm_wall,54,6,frozen,frozen,-1,14011,6,2.7842344021760685
Wall,jepa_wm_wall,55,6,frozen,frozen,-1,14011,1,1.5347420209619067
Wall,jepa_wm_wall,55,6,frozen,frozen,-1,14011,3,2.41744718885924
Wall,jepa_wm_wall,55,6,frozen,frozen,-1,14011,6,2.5693050398330604
Wall,jepa_wm_wall,8,1,fidelity_constrained_latent_only,fidelity_constrained_latent_only__seed11401,11401,14011,1,1.83387148734341
Wall,jepa_wm_wall,8,1,fidelity_constrained_latent_only,fidelity_constrained_latent_only__seed11401,11401,14011,3,1.8945716772841759
Wall,jepa_wm_wall,8,1,fidelity_constrained_latent_only,fidelity_constrained_latent_only__seed11401,11401,14011,6,2.09861782869898
Wall,jepa_wm_wall,9,1,fidelity_constrained_latent_only,fidelity_constrained_latent_only__seed11401,11401,14011,1,0.937876368771164
Wall,jepa_wm_wall,9,1,fidelity_constrained_latent_only,fidelity_constrained_latent_only__seed11401,11401,14011,3,1.6770235305117684
Wall,jepa_wm_wall,9,1,fidelity_constrained_latent_only,fidelity_constrained_latent_only__seed11401,11401,14011,6,1.9114641026551424
Wall,jepa_wm_wall,10,1,fidelity_constrained_latent_only,fidelity_constrained_latent_only__seed11401,11401,14011,1,1.59778107710784
Wall,jepa_wm_wall,10,1,fidelity_constrained_latent_only,fidelity_constrained_latent_only__seed11401,11401,14011,3,1.982780229525042
Wall,jepa_wm_wall,10,1,fidelity_constrained_latent_only,fidelity_constrained_latent_only__seed11401,11401,14011,6,2.1244577793222064
Wall,jepa_wm_wall,11,1,fidelity_constrained_latent_only,fidelity_constrained_latent_only__seed11401,11401,14011,1,1.0604841738751323
Wall,jepa_wm_wall,11,1,fidelity_constrained_latent_only,fidelity_constrained_latent_only__seed11401,11401,14011,3,1.9777389756233408
Wall,jepa_wm_wall,11,1,fidelity_constrained_latent_only,fidelity_constrained_latent_only__seed11401,11401,14011,6,2.182120552208119
Wall,jepa_wm_wall,12,1,fidelity_constrained_latent_only,fidelity_constrained_latent_only__seed11401,11401,14011,1,0.9021085027027036
Wall,jepa_wm_wall,12,1,fidelity_constrained_latent_only,fidelity_constrained_latent_only__seed11401,11401,14011,3,1.5436199199318685
Wall,jepa_wm_wall,12,1,fidelity_constrained_latent_only,fidelity_constrained_latent_only__seed11401,11401,14011,6,2.0688515398699883
Wall,jepa_wm_wall,13,1,fidelity_constrained_latent_only,fidelity_constrained_latent_only__seed11401,11401,14011,1,1.3235425205621094
Wall,jepa_wm_wall,13,1,fidelity_constrained_latent_only,fidelity_constrained_latent_only__seed11401,11401,14011,3,1.8032493743943656
Wall,jepa_wm_wall,13,1,fidelity_constrained_latent_only,fidelity_constrained_latent_only__seed11401,11401,14011,6,2.1693893185512727
Wall,jepa_wm_wall,14,1,fidelity_constrained_latent_only,fidelity_constrained_latent_only__seed11401,11401,14011,1,1.0050053305114242
Wall,jepa_wm_wall,14,1,fidelity_constrained_latent_only,fidelity_constrained_latent_only__seed11401,11401,14011,3,1.8455354146571545
Wall,jepa_wm_wall,14,1,fidelity_constrained_latent_only,fidelity_constrained_latent_only__seed11401,11401,14011,6,2.050837044762514
Wall,jepa_wm_wall,15,1,fidelity_constrained_latent_only,fidelity_constrained_latent_only__seed11401,11401,14011,1,1.270261051056569
Wall,jepa_wm_wall,15,1,fidelity_constrained_latent_only,fidelity_constrained_latent_only__seed11401,11401,14011,3,2.0781143161566473
Wall,jepa_wm_wall,15,1,fidelity_constrained_latent_only,fidelity_constrained_latent_only__seed11401,11401,14011,6,2.4895459745898765
Wall,jepa_wm_wall,16,2,fidelity_constrained_latent_only,fidelity_constrained_latent_only__seed11401,11401,14011,1,1.202532574774185
Wall,jepa_wm_wall,16,2,fidelity_constrained_latent_only,fidelity_constrained_latent_only__seed11401,11401,14011,3,1.903371204794354
Wall,jepa_wm_wall,16,2,fidelity_constrained_latent_only,fidelity_constrained_latent_only__seed11401,11401,14011,6,2.184263311747935
Wall,jepa_wm_wall,17,2,fidelity_constrained_latent_only,fidelity_constrained_latent_only__seed11401,11401,14011,1,1.2775514742718965
Wall,jepa_wm_wall,17,2,fidelity_constrained_latent_only,fidelity_constrained_latent_only__seed11401,11401,14011,3,1.9241966141555626
Wall,jepa_wm_wall,17,2,fidelity_constrained_latent_only,fidelity_constrained_latent_only__seed11401,11401,14011,6,2.1755417570869082
Wall,jepa_wm_wall,18,2,fidelity_constrained_latent_only,fidelity_constrained_latent_only__seed11401,11401,14011,1,0.9750107788364524
Wall,jepa_wm_wall,18,2,fidelity_constrained_latent_only,fidelity_constrained_latent_only__seed11401,11401,14011,3,1.521744557193234
Wall,jepa_wm_wall,18,2,fidelity_constrained_latent_only,fidelity_constrained_latent_only__seed11401,11401,14011,6,2.1118532496170497
Wall,jepa_wm_wall,19,2,fidelity_constrained_latent_only,fidelity_constrained_latent_only__seed11401,11401,14011,1,1.9292986034333315
Wall,jepa_wm_wall,19,2,fidelity_constrained_latent_only,fidelity_constrained_latent_only__seed11401,11401,14011,3,1.9926419737101075
Wall,jepa_wm_wall,19,2,fidelity_constrained_latent_only,fidelity_constrained_latent_only__seed11401,11401,14011,6,1.8742444873163977
Wall,jepa_wm_wall,20,2,fidelity_constrained_latent_only,fidelity_constrained_latent_only__seed11401,11401,14011,1,1.595523421194606
Wall,jepa_wm_wall,20,2,fidelity_constrained_latent_only,fidelity_constrained_latent_only__seed11401,11401,14011,3,2.112980614158814
Wall,jepa_wm_wall,20,2,fidelity_constrained_latent_only,fidelity_constrained_latent_only__seed11401,11401,14011,6,2.249697179752438
Wall,jepa_wm_wall,21,2,fidelity_constrained_latent_only,fidelity_constrained_latent_only__seed11401,11401,14011,1,1.0961273299172345
Wall,jepa_wm_wall,21,2,fidelity_constrained_latent_only,fidelity_constrained_latent_only__seed11401,11401,14011,3,1.590702958855942
Wall,jepa_wm_wall,21,2,fidelity_constrained_latent_only,fidelity_constrained_latent_only__seed11401,11401,14011,6,2.290945000883611
Wall,jepa_wm_wall,22,2,fidelity_constrained_latent_only,fidelity_constrained_latent_only__seed11401,11401,14011,1,1.261105784236031
Wall,jepa_wm_wall,22,2,fidelity_constrained_latent_only,fidelity_constrained_latent_only__seed11401,11401,14011,3,1.938879615109181
Wall,jepa_wm_wall,22,2,fidelity_constrained_latent_only,fidelity_constrained_latent_only__seed11401,11401,14011,6,2.2465143867063917
Wall,jepa_wm_wall,23,2,fidelity_constrained_latent_only,fidelity_constrained_latent_only__seed11401,11401,14011,1,1.076959782912448
Wall,jepa_wm_wall,23,2,fidelity_constrained_latent_only,fidelity_constrained_latent_only__seed11401,11401,14011,3,1.882749546980301
Wall,jepa_wm_wall,23,2,fidelity_constrained_latent_only,fidelity_constrained_latent_only__seed11401,11401,14011,6,2.167946943518917
Wall,jepa_wm_wall,48,6,fidelity_constrained_latent_only,fidelity_constrained_latent_only__seed11401,11401,14011,1,1.5160336123827798
Wall,jepa_wm_wall,48,6,fidelity_constrained_latent_only,fidelity_constrained_latent_only__seed11401,11401,14011,3,2.180229517941549
Wall,jepa_wm_wall,48,6,fidelity_constrained_latent_only,fidelity_constrained_latent_only__seed11401,11401,14011,6,2.5650744988763963
Wall,jepa_wm_wall,49,6,fidelity_constrained_latent_only,fidelity_constrained_latent_only__seed11401,11401,14011,1,1.5067682591926514
Wall,jepa_wm_wall,49,6,fidelity_constrained_latent_only,fidelity_constrained_latent_only__seed11401,11401,14011,3,2.33345197057592
Wall,jepa_wm_wall,49,6,fidelity_constrained_latent_only,fidelity_constrained_latent_only__seed11401,11401,14011,6,2.5412481170842285
Wall,jepa_wm_wall,50,6,fidelity_constrained_latent_only,fidelity_constrained_latent_only__seed11401,11401,14011,1,1.561348450192242
Wall,jepa_wm_wall,50,6,fidelity_constrained_latent_only,fidelity_constrained_latent_only__seed11401,11401,14011,3,2.1257394605562467
Wall,jepa_wm_wall,50,6,fidelity_constrained_latent_only,fidelity_constrained_latent_only__seed11401,11401,14011,6,2.48934563684217
Wall,jepa_wm_wall,51,6,fidelity_constrained_latent_only,fidelity_constrained_latent_only__seed11401,11401,14011,1,1.7179778647918182
Wall,jepa_wm_wall,51,6,fidelity_constrained_latent_only,fidelity_constrained_latent_only__seed11401,11401,14011,3,2.293777067997081
Wall,jepa_wm_wall,51,6,fidelity_constrained_latent_only,fidelity_constrained_latent_only__seed11401,11401,14011,6,2.4067574957442965
Wall,jepa_wm_wall,52,6,fidelity_constrained_latent_only,fidelity_constrained_latent_only__seed11401,11401,14011,1,1.4121155395960985
Wall,jepa_wm_wall,52,6,fidelity_constrained_latent_only,fidelity_constrained_latent_only__seed11401,11401,14011,3,2.18755973292643
Wall,jepa_wm_wall,52,6,fidelity_constrained_latent_only,fidelity_constrained_latent_only__seed11401,11401,14011,6,2.5886623098365305
Wall,jepa_wm_wall,53,6,fidelity_constrained_latent_only,fidelity_constrained_latent_only__seed11401,11401,14011,1,1.161359936568976
Wall,jepa_wm_wall,53,6,fidelity_constrained_latent_only,fidelity_constrained_latent_only__seed11401,11401,14011,3,2.1177287693215776
Wall,jepa_wm_wall,53,6,fidelity_constrained_latent_only,fidelity_constrained_latent_only__seed11401,11401,14011,6,2.3673759782520394
Wall,jepa_wm_wall,54,6,fidelity_constrained_latent_only,fidelity_constrained_latent_only__seed11401,11401,14011,1,1.7220720358279646
Wall,jepa_wm_wall,54,6,fidelity_constrained_latent_only,fidelity_constrained_latent_only__seed11401,11401,14011,3,2.3294217698760042
Wall,jepa_wm_wall,54,6,fidelity_constrained_latent_only,fidelity_constrained_latent_only__seed11401,11401,14011,6,2.5693973839487425
Wall,jepa_wm_wall,55,6,fidelity_constrained_latent_only,fidelity_constrained_latent_only__seed11401,11401,14011,1,1.3890403187285323
Wall,jepa_wm_wall,55,6,fidelity_constrained_latent_only,fidelity_constrained_latent_only__seed11401,11401,14011,3,2.064457880630529
Wall,jepa_wm_wall,55,6,fidelity_constrained_latent_only,fidelity_constrained_latent_only__seed11401,11401,14011,6,2.453753762800829
Wall,jepa_wm_wall,8,1,fidelity_constrained_shuffled_geometry,fidelity_constrained_shuffled_geometry__seed11401,11401,14011,1,1.9375206247887171
Wall,jepa_wm_wall,8,1,fidelity_constrained_shuffled_geometry,fidelity_constrained_shuffled_geometry__seed11401,11401,14011,3,1.8499892610265234
Wall,jepa_wm_wall,8,1,fidelity_constrained_shuffled_geometry,fidelity_constrained_shuffled_geometry__seed11401,11401,14011,6,1.8676219617720546
Wall,jepa_wm_wall,9,1,fidelity_constrained_shuffled_geometry,fidelity_constrained_shuffled_geometry__seed11401,11401,14011,1,0.9927667249626559
Wall,jepa_wm_wall,9,1,fidelity_constrained_shuffled_geometry,fidelity_constrained_shuffled_geometry__seed11401,11401,14011,3,1.8625630004122549
Wall,jepa_wm_wall,9,1,fidelity_constrained_shuffled_geometry,fidelity_constrained_shuffled_geometry__seed11401,11401,14011,6,1.8210853051389744
Wall,jepa_wm_wall,10,1,fidelity_constrained_shuffled_geometry,fidelity_constrained_shuffled_geometry__seed11401,11401,14011,1,1.695187127541363
Wall,jepa_wm_wall,10,1,fidelity_constrained_shuffled_geometry,fidelity_constrained_shuffled_geometry__seed11401,11401,14011,3,2.0256880558531307
Wall,jepa_wm_wall,10,1,fidelity_constrained_shuffled_geometry,fidelity_constrained_shuffled_geometry__seed11401,11401,14011,6,1.9393925721507304
Wall,jepa_wm_wall,11,1,fidelity_constrained_shuffled_geometry,fidelity_constrained_shuffled_geometry__seed11401,11401,14011,1,1.1034331726662845
Wall,jepa_wm_wall,11,1,fidelity_constrained_shuffled_geometry,fidelity_constrained_shuffled_geometry__seed11401,11401,14011,3,2.031134789813451
Wall,jepa_wm_wall,11,1,fidelity_constrained_shuffled_geometry,fidelity_constrained_shuffled_geometry__seed11401,11401,14011,6,2.0397928534168672
Wall,jepa_wm_wall,12,1,fidelity_constrained_shuffled_geometry,fidelity_constrained_shuffled_geometry__seed11401,11401,14011,1,0.9500332107303626
Wall,jepa_wm_wall,12,1,fidelity_constrained_shuffled_geometry,fidelity_constrained_shuffled_geometry__seed11401,11401,14011,3,1.7207460971999824
Wall,jepa_wm_wall,12,1,fidelity_constrained_shuffled_geometry,fidelity_constrained_shuffled_geometry__seed11401,11401,14011,6,2.0023929086628636
Wall,jepa_wm_wall,13,1,fidelity_constrained_shuffled_geometry,fidelity_constrained_shuffled_geometry__seed11401,11401,14011,1,1.4367281286043612
Wall,jepa_wm_wall,13,1,fidelity_constrained_shuffled_geometry,fidelity_constrained_shuffled_geometry__seed11401,11401,14011,3,1.8032217094635383
Wall,jepa_wm_wall,13,1,fidelity_constrained_shuffled_geometry,fidelity_constrained_shuffled_geometry__seed11401,11401,14011,6,1.908249353552059
Wall,jepa_wm_wall,14,1,fidelity_constrained_shuffled_geometry,fidelity_constrained_shuffled_geometry__seed11401,11401,14011,1,0.9689312007490911
Wall,jepa_wm_wall,14,1,fidelity_constrained_shuffled_geometry,fidelity_constrained_shuffled_geometry__seed11401,11401,14011,3,1.85940433194491
Wall,jepa_wm_wall,14,1,fidelity_constrained_shuffled_geometry,fidelity_constrained_shuffled_geometry__seed11401,11401,14011,6,1.940889470962563
Wall,jepa_wm_wall,15,1,fidelity_constrained_shuffled_geometry,fidelity_constrained_shuffled_geometry__seed11401,11401,14011,1,1.3450339773261533
Wall,jepa_wm_wall,15,1,fidelity_constrained_shuffled_geometry,fidelity_constrained_shuffled_geometry__seed11401,11401,14011,3,2.1347053487880423
Wall,jepa_wm_wall,15,1,fidelity_constrained_shuffled_geometry,fidelity_constrained_shuffled_geometry__seed11401,11401,14011,6,2.2261106385115803
Wall,jepa_wm_wall,16,2,fidelity_constrained_shuffled_geometry,fidelity_constrained_shuffled_geometry__seed11401,11401,14011,1,1.1978074126896583
Wall,jepa_wm_wall,16,2,fidelity_constrained_shuffled_geometry,fidelity_constrained_shuffled_geometry__seed11401,11401,14011,3,2.0174963944978397
Wall,jepa_wm_wall,16,2,fidelity_constrained_shuffled_geometry,fidelity_constrained_shuffled_geometry__seed11401,11401,14011,6,2.2280284566119115
Wall,jepa_wm_wall,17,2,fidelity_constrained_shuffled_geometry,fidelity_constrained_shuffled_geometry__seed11401,11401,14011,1,1.1011480584787656
Wall,jepa_wm_wall,17,2,fidelity_constrained_shuffled_geometry,fidelity_constrained_shuffled_geometry__seed11401,11401,14011,3,1.8957433126797087
Wall,jepa_wm_wall,17,2,fidelity_constrained_shuffled_geometry,fidelity_constrained_shuffled_geometry__seed11401,11401,14011,6,2.182768737082914
Wall,jepa_wm_wall,18,2,fidelity_constrained_shuffled_geometry,fidelity_constrained_shuffled_geometry__seed11401,11401,14011,1,0.8356860476233567
Wall,jepa_wm_wall,18,2,fidelity_constrained_shuffled_geometry,fidelity_constrained_shuffled_geometry__seed11401,11401,14011,3,1.343316747485124
Wall,jepa_wm_wall,18,2,fidelity_constrained_shuffled_geometry,fidelity_constrained_shuffled_geometry__seed11401,11401,14011,6,2.0884543758212204
Wall,jepa_wm_wall,19,2,fidelity_constrained_shuffled_geometry,fidelity_constrained_shuffled_geometry__seed11401,11401,14011,1,1.877141700266716
Wall,jepa_wm_wall,19,2,fidelity_constrained_shuffled_geometry,fidelity_constrained_shuffled_geometry__seed11401,11401,14011,3,2.108301727584962
Wall,jepa_wm_wall,19,2,fidelity_constrained_shuffled_geometry,fidelity_constrained_shuffled_geometry__seed11401,11401,14011,6,1.9711513568037373
Wall,jepa_wm_wall,20,2,fidelity_constrained_shuffled_geometry,fidelity_constrained_shuffled_geometry__seed11401,11401,14011,1,1.6886431531532267
Wall,jepa_wm_wall,20,2,fidelity_constrained_shuffled_geometry,fidelity_constrained_shuffled_geometry__seed11401,11401,14011,3,2.037107591985168
Wall,jepa_wm_wall,20,2,fidelity_constrained_shuffled_geometry,fidelity_constrained_shuffled_geometry__seed11401,11401,14011,6,2.2259785084614068
Wall,jepa_wm_wall,21,2,fidelity_constrained_shuffled_geometry,fidelity_constrained_shuffled_geometry__seed11401,11401,14011,1,1.0122989082995704
Wall,jepa_wm_wall,21,2,fidelity_constrained_shuffled_geometry,fidelity_constrained_shuffled_geometry__seed11401,11401,14011,3,1.7026622215474683
Wall,jepa_wm_wall,21,2,fidelity_constrained_shuffled_geometry,fidelity_constrained_shuffled_geometry__seed11401,11401,14011,6,2.1620941885945624
Wall,jepa_wm_wall,22,2,fidelity_constrained_shuffled_geometry,fidelity_constrained_shuffled_geometry__seed11401,11401,14011,1,1.142649042656306
Wall,jepa_wm_wall,22,2,fidelity_constrained_shuffled_geometry,fidelity_constrained_shuffled_geometry__seed11401,11401,14011,3,1.900867438479964
Wall,jepa_wm_wall,22,2,fidelity_constrained_shuffled_geometry,fidelity_constrained_shuffled_geometry__seed11401,11401,14011,6,2.169572800021996
Wall,jepa_wm_wall,23,2,fidelity_constrained_shuffled_geometry,fidelity_constrained_shuffled_geometry__seed11401,11401,14011,1,1.0078603019884604
Wall,jepa_wm_wall,23,2,fidelity_constrained_shuffled_geometry,fidelity_constrained_shuffled_geometry__seed11401,11401,14011,3,1.872394223622611
Wall,jepa_wm_wall,23,2,fidelity_constrained_shuffled_geometry,fidelity_constrained_shuffled_geometry__seed11401,11401,14011,6,2.049404616852036
Wall,jepa_wm_wall,48,6,fidelity_constrained_shuffled_geometry,fidelity_constrained_shuffled_geometry__seed11401,11401,14011,1,1.591495476089445
Wall,jepa_wm_wall,48,6,fidelity_constrained_shuffled_geometry,fidelity_constrained_shuffled_geometry__seed11401,11401,14011,3,2.2926736374922587
Wall,jepa_wm_wall,48,6,fidelity_constrained_shuffled_geometry,fidelity_constrained_shuffled_geometry__seed11401,11401,14011,6,2.420769515118903
Wall,jepa_wm_wall,49,6,fidelity_constrained_shuffled_geometry,fidelity_constrained_shuffled_geometry__seed11401,11401,14011,1,1.509486599375277
Wall,jepa_wm_wall,49,6,fidelity_constrained_shuffled_geometry,fidelity_constrained_shuffled_geometry__seed11401,11401,14011,3,2.460004825905465
Wall,jepa_wm_wall,49,6,fidelity_constrained_shuffled_geometry,fidelity_constrained_shuffled_geometry__seed11401,11401,14011,6,2.384124856229641
Wall,jepa_wm_wall,50,6,fidelity_constrained_shuffled_geometry,fidelity_constrained_shuffled_geometry__seed11401,11401,14011,1,1.7162802896456792
Wall,jepa_wm_wall,50,6,fidelity_constrained_shuffled_geometry,fidelity_constrained_shuffled_geometry__seed11401,11401,14011,3,2.2908365087617577
Wall,jepa_wm_wall,50,6,fidelity_constrained_shuffled_geometry,fidelity_constrained_shuffled_geometry__seed11401,11401,14011,6,2.424041115514906
Wall,jepa_wm_wall,51,6,fidelity_constrained_shuffled_geometry,fidelity_constrained_shuffled_geometry__seed11401,11401,14011,1,1.9737082358814078
Wall,jepa_wm_wall,51,6,fidelity_constrained_shuffled_geometry,fidelity_constrained_shuffled_geometry__seed11401,11401,14011,3,2.3940703193491464
Wall,jepa_wm_wall,51,6,fidelity_constrained_shuffled_geometry,fidelity_constrained_shuffled_geometry__seed11401,11401,14011,6,2.3064079175103323
Wall,jepa_wm_wall,52,6,fidelity_constrained_shuffled_geometry,fidelity_constrained_shuffled_geometry__seed11401,11401,14011,1,1.462995566930953
Wall,jepa_wm_wall,52,6,fidelity_constrained_shuffled_geometry,fidelity_constrained_shuffled_geometry__seed11401,11401,14011,3,2.3286883064967423
Wall,jepa_wm_wall,52,6,fidelity_constrained_shuffled_geometry,fidelity_constrained_shuffled_geometry__seed11401,11401,14011,6,2.7361171800185
Wall,jepa_wm_wall,53,6,fidelity_constrained_shuffled_geometry,fidelity_constrained_shuffled_geometry__seed11401,11401,14011,1,1.2101401296625443
Wall,jepa_wm_wall,53,6,fidelity_constrained_shuffled_geometry,fidelity_constrained_shuffled_geometry__seed11401,11401,14011,3,2.1946435910823836
Wall,jepa_wm_wall,53,6,fidelity_constrained_shuffled_geometry,fidelity_constrained_shuffled_geometry__seed11401,11401,14011,6,2.2968606350978655
Wall,jepa_wm_wall,54,6,fidelity_constrained_shuffled_geometry,fidelity_constrained_shuffled_geometry__seed11401,11401,14011,1,1.904574482147309
Wall,jepa_wm_wall,54,6,fidelity_constrained_shuffled_geometry,fidelity_constrained_shuffled_geometry__seed11401,11401,14011,3,2.3823333759072045
Wall,jepa_wm_wall,54,6,fidelity_constrained_shuffled_geometry,fidelity_constrained_shuffled_geometry__seed11401,11401,14011,6,2.6128417375349446
Wall,jepa_wm_wall,55,6,fidelity_constrained_shuffled_geometry,fidelity_constrained_shuffled_geometry__seed11401,11401,14011,1,1.3752205247583849
Wall,jepa_wm_wall,55,6,fidelity_constrained_shuffled_geometry,fidelity_constrained_shuffled_geometry__seed11401,11401,14011,3,2.306150781243727
Wall,jepa_wm_wall,55,6,fidelity_constrained_shuffled_geometry,fidelity_constrained_shuffled_geometry__seed11401,11401,14011,6,2.396476792279691
Wall,jepa_wm_wall,8,1,fidelity_constrained_matched_geometry,fidelity_constrained_matched_geometry__seed11401,11401,14011,1,1.9046523815724548
Wall,jepa_wm_wall,8,1,fidelity_constrained_matched_geometry,fidelity_constrained_matched_geometry__seed11401,11401,14011,3,1.813502574190848
Wall,jepa_wm_wall,8,1,fidelity_constrained_matched_geometry,fidelity_constrained_matched_geometry__seed11401,11401,14011,6,1.8183100905295968
Wall,jepa_wm_wall,9,1,fidelity_constrained_matched_geometry,fidelity_constrained_matched_geometry__seed11401,11401,14011,1,0.9474701547586424
Wall,jepa_wm_wall,9,1,fidelity_constrained_matched_geometry,fidelity_constrained_matched_geometry__seed11401,11401,14011,3,1.7530238041216264
Wall,jepa_wm_wall,9,1,fidelity_constrained_matched_geometry,fidelity_constrained_matched_geometry__seed11401,11401,14011,6,1.7956933699968058
Wall,jepa_wm_wall,10,1,fidelity_constrained_matched_geometry,fidelity_constrained_matched_geometry__seed11401,11401,14011,1,1.6585277788007027
Wall,jepa_wm_wall,10,1,fidelity_constrained_matched_geometry,fidelity_constrained_matched_geometry__seed11401,11401,14011,3,1.9178590147858576
Wall,jepa_wm_wall,10,1,fidelity_constrained_matched_geometry,fidelity_constrained_matched_geometry__seed11401,11401,14011,6,1.871803307998762
Wall,jepa_wm_wall,11,1,fidelity_constrained_matched_geometry,fidelity_constrained_matched_geometry__seed11401,11401,14011,1,1.1033094041448739
Wall,jepa_wm_wall,11,1,fidelity_constrained_matched_geometry,fidelity_constrained_matched_geometry__seed11401,11401,14011,3,1.9529337803844389
Wall,jepa_wm_wall,11,1,fidelity_constrained_matched_geometry,fidelity_constrained_matched_geometry__seed11401,11401,14011,6,1.9690984960286144
Wall,jepa_wm_wall,12,1,fidelity_constrained_matched_geometry,fidelity_constrained_matched_geometry__seed11401,11401,14011,1,0.950331550679034
Wall,jepa_wm_wall,12,1,fidelity_constrained_matched_geometry,fidelity_constrained_matched_geometry__seed11401,11401,14011,3,1.6251370375117749
Wall,jepa_wm_wall,12,1,fidelity_constrained_matched_geometry,fidelity_constrained_matched_geometry__seed11401,11401,14011,6,2.117276124329232
Wall,jepa_wm_wall,13,1,fidelity_constrained_matched_geometry,fidelity_constrained_matched_geometry__seed11401,11401,14011,1,1.3902419047746455
Wall,jepa_wm_wall,13,1,fidelity_constrained_matched_geometry,fidelity_constrained_matched_geometry__seed11401,11401,14011,3,1.7202335224118361
Wall,jepa_wm_wall,13,1,fidelity_constrained_matched_geometry,fidelity_constrained_matched_geometry__seed11401,11401,14011,6,1.9309251775090968
Wall,jepa_wm_wall,14,1,fidelity_constrained_matched_geometry,fidelity_constrained_matched_geometry__seed11401,11401,14011,1,0.9168166130078272
Wall,jepa_wm_wall,14,1,fidelity_constrained_matched_geometry,fidelity_constrained_matched_geometry__seed11401,11401,14011,3,1.8403832415169803
Wall,jepa_wm_wall,14,1,fidelity_constrained_matched_geometry,fidelity_constrained_matched_geometry__seed11401,11401,14011,6,1.9271998771562977
Wall,jepa_wm_wall,15,1,fidelity_constrained_matched_geometry,fidelity_constrained_matched_geometry__seed11401,11401,14011,1,1.298100948062489
Wall,jepa_wm_wall,15,1,fidelity_constrained_matched_geometry,fidelity_constrained_matched_geometry__seed11401,11401,14011,3,2.08088924527589
Wall,jepa_wm_wall,15,1,fidelity_constrained_matched_geometry,fidelity_constrained_matched_geometry__seed11401,11401,14011,6,2.2909966868255647
Wall,jepa_wm_wall,16,2,fidelity_constrained_matched_geometry,fidelity_constrained_matched_geometry__seed11401,11401,14011,1,1.2058466969719452
Wall,jepa_wm_wall,16,2,fidelity_constrained_matched_geometry,fidelity_constrained_matched_geometry__seed11401,11401,14011,3,1.8794303461544348
Wall,jepa_wm_wall,16,2,fidelity_constrained_matched_geometry,fidelity_constrained_matched_geometry__seed11401,11401,14011,6,2.135186508622144
Wall,jepa_wm_wall,17,2,fidelity_constrained_matched_geometry,fidelity_constrained_matched_geometry__seed11401,11401,14011,1,1.1688435931644303
Wall,jepa_wm_wall,17,2,fidelity_constrained_matched_geometry,fidelity_constrained_matched_geometry__seed11401,11401,14011,3,1.8964224555607334
Wall,jepa_wm_wall,17,2,fidelity_constrained_matched_geometry,fidelity_constrained_matched_geometry__seed11401,11401,14011,6,2.163003957348936
Wall,jepa_wm_wall,18,2,fidelity_constrained_matched_geometry,fidelity_constrained_matched_geometry__seed11401,11401,14011,1,0.8651380550127831
Wall,jepa_wm_wall,18,2,fidelity_constrained_matched_geometry,fidelity_constrained_matched_geometry__seed11401,11401,14011,3,1.3561073304927096
Wall,jepa_wm_wall,18,2,fidelity_constrained_matched_geometry,fidelity_constrained_matched_geometry__seed11401,11401,14011,6,2.113240594200039
Wall,jepa_wm_wall,19,2,fidelity_constrained_matched_geometry,fidelity_constrained_matched_geometry__seed11401,11401,14011,1,1.8646067541871978
Wall,jepa_wm_wall,19,2,fidelity_constrained_matched_geometry,fidelity_constrained_matched_geometry__seed11401,11401,14011,3,1.9969642318233234
Wall,jepa_wm_wall,19,2,fidelity_constrained_matched_geometry,fidelity_constrained_matched_geometry__seed11401,11401,14011,6,1.8425341113501454
Wall,jepa_wm_wall,20,2,fidelity_constrained_matched_geometry,fidelity_constrained_matched_geometry__seed11401,11401,14011,1,1.6906295460058083
Wall,jepa_wm_wall,20,2,fidelity_constrained_matched_geometry,fidelity_constrained_matched_geometry__seed11401,11401,14011,3,1.9909789766935233
Wall,jepa_wm_wall,20,2,fidelity_constrained_matched_geometry,fidelity_constrained_matched_geometry__seed11401,11401,14011,6,2.1419819594147613
Wall,jepa_wm_wall,21,2,fidelity_constrained_matched_geometry,fidelity_constrained_matched_geometry__seed11401,11401,14011,1,1.028668461242909
Wall,jepa_wm_wall,21,2,fidelity_constrained_matched_geometry,fidelity_constrained_matched_geometry__seed11401,11401,14011,3,1.6221110383499253
Wall,jepa_wm_wall,21,2,fidelity_constrained_matched_geometry,fidelity_constrained_matched_geometry__seed11401,11401,14011,6,2.1551792863294916
Wall,jepa_wm_wall,22,2,fidelity_constrained_matched_geometry,fidelity_constrained_matched_geometry__seed11401,11401,14011,1,1.1977202000815954
Wall,jepa_wm_wall,22,2,fidelity_constrained_matched_geometry,fidelity_constrained_matched_geometry__seed11401,11401,14011,3,1.9018750499240564
Wall,jepa_wm_wall,22,2,fidelity_constrained_matched_geometry,fidelity_constrained_matched_geometry__seed11401,11401,14011,6,2.1647343703120874
Wall,jepa_wm_wall,23,2,fidelity_constrained_matched_geometry,fidelity_constrained_matched_geometry__seed11401,11401,14011,1,1.0324873630493923
Wall,jepa_wm_wall,23,2,fidelity_constrained_matched_geometry,fidelity_constrained_matched_geometry__seed11401,11401,14011,3,1.8087253237268273
Wall,jepa_wm_wall,23,2,fidelity_constrained_matched_geometry,fidelity_constrained_matched_geometry__seed11401,11401,14011,6,2.0194854879829096
Wall,jepa_wm_wall,48,6,fidelity_constrained_matched_geometry,fidelity_constrained_matched_geometry__seed11401,11401,14011,1,1.542695665063276
Wall,jepa_wm_wall,48,6,fidelity_constrained_matched_geometry,fidelity_constrained_matched_geometry__seed11401,11401,14011,3,2.1803789170340124
Wall,jepa_wm_wall,48,6,fidelity_constrained_matched_geometry,fidelity_constrained_matched_geometry__seed11401,11401,14011,6,2.41589285662411
Wall,jepa_wm_wall,49,6,fidelity_constrained_matched_geometry,fidelity_constrained_matched_geometry__seed11401,11401,14011,1,1.4855425813582828
Wall,jepa_wm_wall,49,6,fidelity_constrained_matched_geometry,fidelity_constrained_matched_geometry__seed11401,11401,14011,3,2.355103900998176
Wall,jepa_wm_wall,49,6,fidelity_constrained_matched_geometry,fidelity_constrained_matched_geometry__seed11401,11401,14011,6,2.3931758695183243
Wall,jepa_wm_wall,50,6,fidelity_constrained_matched_geometry,fidelity_constrained_matched_geometry__seed11401,11401,14011,1,1.6486270048507015
Wall,jepa_wm_wall,50,6,fidelity_constrained_matched_geometry,fidelity_constrained_matched_geometry__seed11401,11401,14011,3,2.183495792289814
Wall,jepa_wm_wall,50,6,fidelity_constrained_matched_geometry,fidelity_constrained_matched_geometry__seed11401,11401,14011,6,2.4419633147154203
Wall,jepa_wm_wall,51,6,fidelity_constrained_matched_geometry,fidelity_constrained_matched_geometry__seed11401,11401,14011,1,1.9287581496658903
Wall,jepa_wm_wall,51,6,fidelity_constrained_matched_geometry,fidelity_constrained_matched_geometry__seed11401,11401,14011,3,2.3004602296605063
Wall,jepa_wm_wall,51,6,fidelity_constrained_matched_geometry,fidelity_constrained_matched_geometry__seed11401,11401,14011,6,2.28906688706163
Wall,jepa_wm_wall,52,6,fidelity_constrained_matched_geometry,fidelity_constrained_matched_geometry__seed11401,11401,14011,1,1.4123595182319815
Wall,jepa_wm_wall,52,6,fidelity_constrained_matched_geometry,fidelity_constrained_matched_geometry__seed11401,11401,14011,3,2.218334442435174
Wall,jepa_wm_wall,52,6,fidelity_constrained_matched_geometry,fidelity_constrained_matched_geometry__seed11401,11401,14011,6,2.752531869740642
Wall,jepa_wm_wall,53,6,fidelity_constrained_matched_geometry,fidelity_constrained_matched_geometry__seed11401,11401,14011,1,1.1616414322634554
Wall,jepa_wm_wall,53,6,fidelity_constrained_matched_geometry,fidelity_constrained_matched_geometry__seed11401,11401,14011,3,2.130568166278274
Wall,jepa_wm_wall,53,6,fidelity_constrained_matched_geometry,fidelity_constrained_matched_geometry__seed11401,11401,14011,6,2.3108062668903044
Wall,jepa_wm_wall,54,6,fidelity_constrained_matched_geometry,fidelity_constrained_matched_geometry__seed11401,11401,14011,1,1.8646124251499891
Wall,jepa_wm_wall,54,6,fidelity_constrained_matched_geometry,fidelity_constrained_matched_geometry__seed11401,11401,14011,3,2.294684952478605
Wall,jepa_wm_wall,54,6,fidelity_constrained_matched_geometry,fidelity_constrained_matched_geometry__seed11401,11401,14011,6,2.5657471455447616
Wall,jepa_wm_wall,55,6,fidelity_constrained_matched_geometry,fidelity_constrained_matched_geometry__seed11401,11401,14011,1,1.3259454622908737
Wall,jepa_wm_wall,55,6,fidelity_constrained_matched_geometry,fidelity_constrained_matched_geometry__seed11401,11401,14011,3,2.2070813530909326
Wall,jepa_wm_wall,55,6,fidelity_constrained_matched_geometry,fidelity_constrained_matched_geometry__seed11401,11401,14011,6,2.4140369024555324
Wall,jepa_wm_wall,8,1,fidelity_constrained_latent_only,fidelity_constrained_latent_only__seed11419,11419,14011,1,1.83468212528879
Wall,jepa_wm_wall,8,1,fidelity_constrained_latent_only,fidelity_constrained_latent_only__seed11419,11419,14011,3,1.879879265877796
Wall,jepa_wm_wall,8,1,fidelity_constrained_latent_only,fidelity_constrained_latent_only__seed11419,11419,14011,6,2.1220433142641553
Wall,jepa_wm_wall,9,1,fidelity_constrained_latent_only,fidelity_constrained_latent_only__seed11419,11419,14011,1,0.9426265287743881
Wall,jepa_wm_wall,9,1,fidelity_constrained_latent_only,fidelity_constrained_latent_only__seed11419,11419,14011,3,1.698670192424169
Wall,jepa_wm_wall,9,1,fidelity_constrained_latent_only,fidelity_constrained_latent_only__seed11419,11419,14011,6,1.903179252008885
Wall,jepa_wm_wall,10,1,fidelity_constrained_latent_only,fidelity_constrained_latent_only__seed11419,11419,14011,1,1.5979277622482506
Wall,jepa_wm_wall,10,1,fidelity_constrained_latent_only,fidelity_constrained_latent_only__seed11419,11419,14011,3,1.9705917002123674
Wall,jepa_wm_wall,10,1,fidelity_constrained_latent_only,fidelity_constrained_latent_only__seed11419,11419,14011,6,2.126613421375127
Wall,jepa_wm_wall,11,1,fidelity_constrained_latent_only,fidelity_constrained_latent_only__seed11419,11419,14011,1,1.061777569326896
Wall,jepa_wm_wall,11,1,fidelity_constrained_latent_only,fidelity_constrained_latent_only__seed11419,11419,14011,3,1.9810511171432965
Wall,jepa_wm_wall,11,1,fidelity_constrained_latent_only,fidelity_constrained_latent_only__seed11419,11419,14011,6,2.2011100564902892
Wall,jepa_wm_wall,12,1,fidelity_constrained_latent_only,fidelity_constrained_latent_only__seed11419,11419,14011,1,0.9094579048472384
Wall,jepa_wm_wall,12,1,fidelity_constrained_latent_only,fidelity_constrained_latent_only__seed11419,11419,14011,3,1.5354419045935646
Wall,jepa_wm_wall,12,1,fidelity_constrained_latent_only,fidelity_constrained_latent_only__seed11419,11419,14011,6,2.0404102299854
Wall,jepa_wm_wall,13,1,fidelity_constrained_latent_only,fidelity_constrained_latent_only__seed11419,11419,14011,1,1.3303604635662047
Wall,jepa_wm_wall,13,1,fidelity_constrained_latent_only,fidelity_constrained_latent_only__seed11419,11419,14011,3,1.8142163886465217
Wall,jepa_wm_wall,13,1,fidelity_constrained_latent_only,fidelity_constrained_latent_only__seed11419,11419,14011,6,2.1898323075977024
Wall,jepa_wm_wall,14,1,fidelity_constrained_latent_only,fidelity_constrained_latent_only__seed11419,11419,14011,1,1.0149782710025543
Wall,jepa_wm_wall,14,1,fidelity_constrained_latent_only,fidelity_constrained_latent_only__seed11419,11419,14011,3,1.8461605982506797
Wall,jepa_wm_wall,14,1,fidelity_constrained_latent_only,fidelity_constrained_latent_only__seed11419,11419,14011,6,2.039310415419039
Wall,jepa_wm_wall,15,1,fidelity_constrained_latent_only,fidelity_constrained_latent_only__seed11419,11419,14011,1,1.269865416824866
Wall,jepa_wm_wall,15,1,fidelity_constrained_latent_only,fidelity_constrained_latent_only__seed11419,11419,14011,3,2.06685196370651
Wall,jepa_wm_wall,15,1,fidelity_constrained_latent_only,fidelity_constrained_latent_only__seed11419,11419,14011,6,2.489248618281674
Wall,jepa_wm_wall,16,2,fidelity_constrained_latent_only,fidelity_constrained_latent_only__seed11419,11419,14011,1,1.192607167329804
Wall,jepa_wm_wall,16,2,fidelity_constrained_latent_only,fidelity_constrained_latent_only__seed11419,11419,14011,3,1.9003023710337397
Wall,jepa_wm_wall,16,2,fidelity_constrained_latent_only,fidelity_constrained_latent_only__seed11419,11419,14011,6,2.178692014472159
Wall,jepa_wm_wall,17,2,fidelity_constrained_latent_only,fidelity_constrained_latent_only__seed11419,11419,14011,1,1.2632971060176568
Wall,jepa_wm_wall,17,2,fidelity_constrained_latent_only,fidelity_constrained_latent_only__seed11419,11419,14011,3,1.9151872598032578
Wall,jepa_wm_wall,17,2,fidelity_constrained_latent_only,fidelity_constrained_latent_only__seed11419,11419,14011,6,2.170631565815567
Wall,jepa_wm_wall,18,2,fidelity_constrained_latent_only,fidelity_constrained_latent_only__seed11419,11419,14011,1,0.9737016923740961
Wall,jepa_wm_wall,18,2,fidelity_constrained_latent_only,fidelity_constrained_latent_only__seed11419,11419,14011,3,1.5193851499058089
Wall,jepa_wm_wall,18,2,fidelity_constrained_latent_only,fidelity_constrained_latent_only__seed11419,11419,14011,6,2.1018999037921318
Wall,jepa_wm_wall,19,2,fidelity_constrained_latent_only,fidelity_constrained_latent_only__seed11419,11419,14011,1,1.9238938880685315
Wall,jepa_wm_wall,19,2,fidelity_constrained_latent_only,fidelity_constrained_latent_only__seed11419,11419,14011,3,2.0018817910862197
Wall,jepa_wm_wall,19,2,fidelity_constrained_latent_only,fidelity_constrained_latent_only__seed11419,11419,14011,6,1.9222309121257752
Wall,jepa_wm_wall,20,2,fidelity_constrained_latent_only,fidelity_constrained_latent_only__seed11419,11419,14011,1,1.5954019264121186
Wall,jepa_wm_wall,20,2,fidelity_constrained_latent_only,fidelity_constrained_latent_only__seed11419,11419,14011,3,2.101155828139484
Wall,jepa_wm_wall,20,2,fidelity_constrained_latent_only,fidelity_constrained_latent_only__seed11419,11419,14011,6,2.249470544585952
Wall,jepa_wm_wall,21,2,fidelity_constrained_latent_only,fidelity_constrained_latent_only__seed11419,11419,14011,1,1.1071463557321988
Wall,jepa_wm_wall,21,2,fidelity_constrained_latent_only,fidelity_constrained_latent_only__seed11419,11419,14011,3,1.5574323717766698
Wall,jepa_wm_wall,21,2,fidelity_constrained_latent_only,fidelity_constrained_latent_only__seed11419,11419,14011,6,2.242594160049668
Wall,jepa_wm_wall,22,2,fidelity_constrained_latent_only,fidelity_constrained_latent_only__seed11419,11419,14011,1,1.2488086235319127
Wall,jepa_wm_wall,22,2,fidelity_constrained_latent_only,fidelity_constrained_latent_only__seed11419,11419,14011,3,1.926930469463238
Wall,jepa_wm_wall,22,2,fidelity_constrained_latent_only,fidelity_constrained_latent_only__seed11419,11419,14011,6,2.2362006302523607
Wall,jepa_wm_wall,23,2,fidelity_constrained_latent_only,fidelity_constrained_latent_only__seed11419,11419,14011,1,1.0833765216114108
Wall,jepa_wm_wall,23,2,fidelity_constrained_latent_only,fidelity_constrained_latent_only__seed11419,11419,14011,3,1.890774337677859
Wall,jepa_wm_wall,23,2,fidelity_constrained_latent_only,fidelity_constrained_latent_only__seed11419,11419,14011,6,2.1574808615317256
Wall,jepa_wm_wall,48,6,fidelity_constrained_latent_only,fidelity_constrained_latent_only__seed11419,11419,14011,1,1.519605940532495
Wall,jepa_wm_wall,48,6,fidelity_constrained_latent_only,fidelity_constrained_latent_only__seed11419,11419,14011,3,2.1639966606984253
Wall,jepa_wm_wall,48,6,fidelity_constrained_latent_only,fidelity_constrained_latent_only__seed11419,11419,14011,6,2.642488564148878
Wall,jepa_wm_wall,49,6,fidelity_constrained_latent_only,fidelity_constrained_latent_only__seed11419,11419,14011,1,1.5134635321353909
Wall,jepa_wm_wall,49,6,fidelity_constrained_latent_only,fidelity_constrained_latent_only__seed11419,11419,14011,3,2.326219127288095
Wall,jepa_wm_wall,49,6,fidelity_constrained_latent_only,fidelity_constrained_latent_only__seed11419,11419,14011,6,2.58279017035764
Wall,jepa_wm_wall,50,6,fidelity_constrained_latent_only,fidelity_constrained_latent_only__seed11419,11419,14011,1,1.560488145009707
Wall,jepa_wm_wall,50,6,fidelity_constrained_latent_only,fidelity_constrained_latent_only__seed11419,11419,14011,3,2.122429589764623
Wall,jepa_wm_wall,50,6,fidelity_constrained_latent_only,fidelity_constrained_latent_only__seed11419,11419,14011,6,2.3749145220462458
Wall,jepa_wm_wall,51,6,fidelity_constrained_latent_only,fidelity_constrained_latent_only__seed11419,11419,14011,1,1.7172772770172617
Wall,jepa_wm_wall,51,6,fidelity_constrained_latent_only,fidelity_constrained_latent_only__seed11419,11419,14011,3,2.2876071396248587
Wall,jepa_wm_wall,51,6,fidelity_constrained_latent_only,fidelity_constrained_latent_only__seed11419,11419,14011,6,2.3336279606531027
Wall,jepa_wm_wall,52,6,fidelity_constrained_latent_only,fidelity_constrained_latent_only__seed11419,11419,14011,1,1.413812970523778
Wall,jepa_wm_wall,52,6,fidelity_constrained_latent_only,fidelity_constrained_latent_only__seed11419,11419,14011,3,2.19210008390369
Wall,jepa_wm_wall,52,6,fidelity_constrained_latent_only,fidelity_constrained_latent_only__seed11419,11419,14011,6,2.6203864513245607
Wall,jepa_wm_wall,53,6,fidelity_constrained_latent_only,fidelity_constrained_latent_only__seed11419,11419,14011,1,1.169624081060435
Wall,jepa_wm_wall,53,6,fidelity_constrained_latent_only,fidelity_constrained_latent_only__seed11419,11419,14011,3,2.133547550030478
Wall,jepa_wm_wall,53,6,fidelity_constrained_latent_only,fidelity_constrained_latent_only__seed11419,11419,14011,6,2.3683075473989903
Wall,jepa_wm_wall,54,6,fidelity_constrained_latent_only,fidelity_constrained_latent_only__seed11419,11419,14011,1,1.7252557511015405
Wall,jepa_wm_wall,54,6,fidelity_constrained_latent_only,fidelity_constrained_latent_only__seed11419,11419,14011,3,2.3440804073364063
Wall,jepa_wm_wall,54,6,fidelity_constrained_latent_only,fidelity_constrained_latent_only__seed11419,11419,14011,6,2.6560747642819
Wall,jepa_wm_wall,55,6,fidelity_constrained_latent_only,fidelity_constrained_latent_only__seed11419,11419,14011,1,1.3919219795634545
Wall,jepa_wm_wall,55,6,fidelity_constrained_latent_only,fidelity_constrained_latent_only__seed11419,11419,14011,3,2.0581158413207326
Wall,jepa_wm_wall,55,6,fidelity_constrained_latent_only,fidelity_constrained_latent_only__seed11419,11419,14011,6,2.3382798915329905
Wall,jepa_wm_wall,8,1,fidelity_constrained_shuffled_geometry,fidelity_constrained_shuffled_geometry__seed11419,11419,14011,1,1.945140806942971
Wall,jepa_wm_wall,8,1,fidelity_constrained_shuffled_geometry,fidelity_constrained_shuffled_geometry__seed11419,11419,14011,3,1.863796105092132
Wall,jepa_wm_wall,8,1,fidelity_constrained_shuffled_geometry,fidelity_constrained_shuffled_geometry__seed11419,11419,14011,6,1.8348342647301124
Wall,jepa_wm_wall,9,1,fidelity_constrained_shuffled_geometry,fidelity_constrained_shuffled_geometry__seed11419,11419,14011,1,0.9907460063703027
Wall,jepa_wm_wall,9,1,fidelity_constrained_shuffled_geometry,fidelity_constrained_shuffled_geometry__seed11419,11419,14011,3,1.8617378696708597
Wall,jepa_wm_wall,9,1,fidelity_constrained_shuffled_geometry,fidelity_constrained_shuffled_geometry__seed11419,11419,14011,6,1.8236181921028896
Wall,jepa_wm_wall,10,1,fidelity_constrained_shuffled_geometry,fidelity_constrained_shuffled_geometry__seed11419,11419,14011,1,1.6984376436016138
Wall,jepa_wm_wall,10,1,fidelity_constrained_shuffled_geometry,fidelity_constrained_shuffled_geometry__seed11419,11419,14011,3,2.0240870574941896
Wall,jepa_wm_wall,10,1,fidelity_constrained_shuffled_geometry,fidelity_constrained_shuffled_geometry__seed11419,11419,14011,6,1.9133271815122204
Wall,jepa_wm_wall,11,1,fidelity_constrained_shuffled_geometry,fidelity_constrained_shuffled_geometry__seed11419,11419,14011,1,1.1040593953913038
Wall,jepa_wm_wall,11,1,fidelity_constrained_shuffled_geometry,fidelity_constrained_shuffled_geometry__seed11419,11419,14011,3,2.0394793622788034
Wall,jepa_wm_wall,11,1,fidelity_constrained_shuffled_geometry,fidelity_constrained_shuffled_geometry__seed11419,11419,14011,6,2.007164893157822
Wall,jepa_wm_wall,12,1,fidelity_constrained_shuffled_geometry,fidelity_constrained_shuffled_geometry__seed11419,11419,14011,1,0.9459313989016795
Wall,jepa_wm_wall,12,1,fidelity_constrained_shuffled_geometry,fidelity_constrained_shuffled_geometry__seed11419,11419,14011,3,1.7237569813163285
Wall,jepa_wm_wall,12,1,fidelity_constrained_shuffled_geometry,fidelity_constrained_shuffled_geometry__seed11419,11419,14011,6,2.0035121035914902
Wall,jepa_wm_wall,13,1,fidelity_constrained_shuffled_geometry,fidelity_constrained_shuffled_geometry__seed11419,11419,14011,1,1.44601426890352
Wall,jepa_wm_wall,13,1,fidelity_constrained_shuffled_geometry,fidelity_constrained_shuffled_geometry__seed11419,11419,14011,3,1.8333169636147926
Wall,jepa_wm_wall,13,1,fidelity_constrained_shuffled_geometry,fidelity_constrained_shuffled_geometry__seed11419,11419,14011,6,1.8871183344135765
Wall,jepa_wm_wall,14,1,fidelity_constrained_shuffled_geometry,fidelity_constrained_shuffled_geometry__seed11419,11419,14011,1,0.97718582808668
Wall,jepa_wm_wall,14,1,fidelity_constrained_shuffled_geometry,fidelity_constrained_shuffled_geometry__seed11419,11419,14011,3,1.861849070959835
Wall,jepa_wm_wall,14,1,fidelity_constrained_shuffled_geometry,fidelity_constrained_shuffled_geometry__seed11419,11419,14011,6,1.9410307344185005
Wall,jepa_wm_wall,15,1,fidelity_constrained_shuffled_geometry,fidelity_constrained_shuffled_geometry__seed11419,11419,14011,1,1.3494275093367778
Wall,jepa_wm_wall,15,1,fidelity_constrained_shuffled_geometry,fidelity_constrained_shuffled_geometry__seed11419,11419,14011,3,2.1134570055230286
Wall,jepa_wm_wall,15,1,fidelity_constrained_shuffled_geometry,fidelity_constrained_shuffled_geometry__seed11419,11419,14011,6,2.1936376523715775
Wall,jepa_wm_wall,16,2,fidelity_constrained_shuffled_geometry,fidelity_constrained_shuffled_geometry__seed11419,11419,14011,1,1.1919134451120994
Wall,jepa_wm_wall,16,2,fidelity_constrained_shuffled_geometry,fidelity_constrained_shuffled_geometry__seed11419,11419,14011,3,2.0268685783587506
Wall,jepa_wm_wall,16,2,fidelity_constrained_shuffled_geometry,fidelity_constrained_shuffled_geometry__seed11419,11419,14011,6,2.224650339728441
Wall,jepa_wm_wall,17,2,fidelity_constrained_shuffled_geometry,fidelity_constrained_shuffled_geometry__seed11419,11419,14011,1,1.1019649296780436
Wall,jepa_wm_wall,17,2,fidelity_constrained_shuffled_geometry,fidelity_constrained_shuffled_geometry__seed11419,11419,14011,3,1.8921271785869336
Wall,jepa_wm_wall,17,2,fidelity_constrained_shuffled_geometry,fidelity_constrained_shuffled_geometry__seed11419,11419,14011,6,2.1858858063201407
Wall,jepa_wm_wall,18,2,fidelity_constrained_shuffled_geometry,fidelity_constrained_shuffled_geometry__seed11419,11419,14011,1,0.8335836556650406
Wall,jepa_wm_wall,18,2,fidelity_constrained_shuffled_geometry,fidelity_constrained_shuffled_geometry__seed11419,11419,14011,3,1.34900887818634
Wall,jepa_wm_wall,18,2,fidelity_constrained_shuffled_geometry,fidelity_constrained_shuffled_geometry__seed11419,11419,14011,6,2.103482039451357
Wall,jepa_wm_wall,19,2,fidelity_constrained_shuffled_geometry,fidelity_constrained_shuffled_geometry__seed11419,11419,14011,1,1.8798688205632887
Wall,jepa_wm_wall,19,2,fidelity_constrained_shuffled_geometry,fidelity_constrained_shuffled_geometry__seed11419,11419,14011,3,2.1070937935291147
Wall,jepa_wm_wall,19,2,fidelity_constrained_shuffled_geometry,fidelity_constrained_shuffled_geometry__seed11419,11419,14011,6,1.9881419119802135
Wall,jepa_wm_wall,20,2,fidelity_constrained_shuffled_geometry,fidelity_constrained_shuffled_geometry__seed11419,11419,14011,1,1.6956146075413159
Wall,jepa_wm_wall,20,2,fidelity_constrained_shuffled_geometry,fidelity_constrained_shuffled_geometry__seed11419,11419,14011,3,2.038042486969356
Wall,jepa_wm_wall,20,2,fidelity_constrained_shuffled_geometry,fidelity_constrained_shuffled_geometry__seed11419,11419,14011,6,2.223883848177678
Wall,jepa_wm_wall,21,2,fidelity_constrained_shuffled_geometry,fidelity_constrained_shuffled_geometry__seed11419,11419,14011,1,1.0085152962778168
Wall,jepa_wm_wall,21,2,fidelity_constrained_shuffled_geometry,fidelity_constrained_shuffled_geometry__seed11419,11419,14011,3,1.712006665632943
Wall,jepa_wm_wall,21,2,fidelity_constrained_shuffled_geometry,fidelity_constrained_shuffled_geometry__seed11419,11419,14011,6,2.181959948421118
Wall,jepa_wm_wall,22,2,fidelity_constrained_shuffled_geometry,fidelity_constrained_shuffled_geometry__seed11419,11419,14011,1,1.1428443369552526
Wall,jepa_wm_wall,22,2,fidelity_constrained_shuffled_geometry,fidelity_constrained_shuffled_geometry__seed11419,11419,14011,3,1.902540441174897
Wall,jepa_wm_wall,22,2,fidelity_constrained_shuffled_geometry,fidelity_constrained_shuffled_geometry__seed11419,11419,14011,6,2.1744626856019327
Wall,jepa_wm_wall,23,2,fidelity_constrained_shuffled_geometry,fidelity_constrained_shuffled_geometry__seed11419,11419,14011,1,1.012871281241617
Wall,jepa_wm_wall,23,2,fidelity_constrained_shuffled_geometry,fidelity_constrained_shuffled_geometry__seed11419,11419,14011,3,1.883869663101848
Wall,jepa_wm_wall,23,2,fidelity_constrained_shuffled_geometry,fidelity_constrained_shuffled_geometry__seed11419,11419,14011,6,2.040486008265576
Wall,jepa_wm_wall,48,6,fidelity_constrained_shuffled_geometry,fidelity_constrained_shuffled_geometry__seed11419,11419,14011,1,1.5866080583339282
Wall,jepa_wm_wall,48,6,fidelity_constrained_shuffled_geometry,fidelity_constrained_shuffled_geometry__seed11419,11419,14011,3,2.296904550436018
Wall,jepa_wm_wall,48,6,fidelity_constrained_shuffled_geometry,fidelity_constrained_shuffled_geometry__seed11419,11419,14011,6,2.3958835437872357
Wall,jepa_wm_wall,49,6,fidelity_constrained_shuffled_geometry,fidelity_constrained_shuffled_geometry__seed11419,11419,14011,1,1.5046597209286166
Wall,jepa_wm_wall,49,6,fidelity_constrained_shuffled_geometry,fidelity_constrained_shuffled_geometry__seed11419,11419,14011,3,2.4641190613233204
Wall,jepa_wm_wall,49,6,fidelity_constrained_shuffled_geometry,fidelity_constrained_shuffled_geometry__seed11419,11419,14011,6,2.371716492830175
Wall,jepa_wm_wall,50,6,fidelity_constrained_shuffled_geometry,fidelity_constrained_shuffled_geometry__seed11419,11419,14011,1,1.7127788227911096
Wall,jepa_wm_wall,50,6,fidelity_constrained_shuffled_geometry,fidelity_constrained_shuffled_geometry__seed11419,11419,14011,3,2.2862955126634286
Wall,jepa_wm_wall,50,6,fidelity_constrained_shuffled_geometry,fidelity_constrained_shuffled_geometry__seed11419,11419,14011,6,2.3943987454479356
Wall,jepa_wm_wall,51,6,fidelity_constrained_shuffled_geometry,fidelity_constrained_shuffled_geometry__seed11419,11419,14011,1,1.9713152632254347
Wall,jepa_wm_wall,51,6,fidelity_constrained_shuffled_geometry,fidelity_constrained_shuffled_geometry__seed11419,11419,14011,3,2.391778307350992
Wall,jepa_wm_wall,51,6,fidelity_constrained_shuffled_geometry,fidelity_constrained_shuffled_geometry__seed11419,11419,14011,6,2.286298131676989
Wall,jepa_wm_wall,52,6,fidelity_constrained_shuffled_geometry,fidelity_constrained_shuffled_geometry__seed11419,11419,14011,1,1.4685152148483989
Wall,jepa_wm_wall,52,6,fidelity_constrained_shuffled_geometry,fidelity_constrained_shuffled_geometry__seed11419,11419,14011,3,2.332485650191364
Wall,jepa_wm_wall,52,6,fidelity_constrained_shuffled_geometry,fidelity_constrained_shuffled_geometry__seed11419,11419,14011,6,2.7313035479312777
Wall,jepa_wm_wall,53,6,fidelity_constrained_shuffled_geometry,fidelity_constrained_shuffled_geometry__seed11419,11419,14011,1,1.2094853046943013
Wall,jepa_wm_wall,53,6,fidelity_constrained_shuffled_geometry,fidelity_constrained_shuffled_geometry__seed11419,11419,14011,3,2.201336947907881
Wall,jepa_wm_wall,53,6,fidelity_constrained_shuffled_geometry,fidelity_constrained_shuffled_geometry__seed11419,11419,14011,6,2.2983619650900136
Wall,jepa_wm_wall,54,6,fidelity_constrained_shuffled_geometry,fidelity_constrained_shuffled_geometry__seed11419,11419,14011,1,1.9039157675494378
Wall,jepa_wm_wall,54,6,fidelity_constrained_shuffled_geometry,fidelity_constrained_shuffled_geometry__seed11419,11419,14011,3,2.3841207917057017
Wall,jepa_wm_wall,54,6,fidelity_constrained_shuffled_geometry,fidelity_constrained_shuffled_geometry__seed11419,11419,14011,6,2.6174066437404613
Wall,jepa_wm_wall,55,6,fidelity_constrained_shuffled_geometry,fidelity_constrained_shuffled_geometry__seed11419,11419,14011,1,1.375347078013794
Wall,jepa_wm_wall,55,6,fidelity_constrained_shuffled_geometry,fidelity_constrained_shuffled_geometry__seed11419,11419,14011,3,2.3056806766318827
Wall,jepa_wm_wall,55,6,fidelity_constrained_shuffled_geometry,fidelity_constrained_shuffled_geometry__seed11419,11419,14011,6,2.382864416235226
Wall,jepa_wm_wall,8,1,fidelity_constrained_matched_geometry,fidelity_constrained_matched_geometry__seed11419,11419,14011,1,1.9038813768438534
Wall,jepa_wm_wall,8,1,fidelity_constrained_matched_geometry,fidelity_constrained_matched_geometry__seed11419,11419,14011,3,1.8113649667743035
Wall,jepa_wm_wall,8,1,fidelity_constrained_matched_geometry,fidelity_constrained_matched_geometry__seed11419,11419,14011,6,1.8118450711205045
Wall,jepa_wm_wall,9,1,fidelity_constrained_matched_geometry,fidelity_constrained_matched_geometry__seed11419,11419,14011,1,0.9464791676360756
Wall,jepa_wm_wall,9,1,fidelity_constrained_matched_geometry,fidelity_constrained_matched_geometry__seed11419,11419,14011,3,1.751998202763028
Wall,jepa_wm_wall,9,1,fidelity_constrained_matched_geometry,fidelity_constrained_matched_geometry__seed11419,11419,14011,6,1.795151529838402
Wall,jepa_wm_wall,10,1,fidelity_constrained_matched_geometry,fidelity_constrained_matched_geometry__seed11419,11419,14011,1,1.6578983732275103
Wall,jepa_wm_wall,10,1,fidelity_constrained_matched_geometry,fidelity_constrained_matched_geometry__seed11419,11419,14011,3,1.9180618718706723
Wall,jepa_wm_wall,10,1,fidelity_constrained_matched_geometry,fidelity_constrained_matched_geometry__seed11419,11419,14011,6,1.8751584818613076
Wall,jepa_wm_wall,11,1,fidelity_constrained_matched_geometry,fidelity_constrained_matched_geometry__seed11419,11419,14011,1,1.101951897038891
Wall,jepa_wm_wall,11,1,fidelity_constrained_matched_geometry,fidelity_constrained_matched_geometry__seed11419,11419,14011,3,1.9536641741392624
Wall,jepa_wm_wall,11,1,fidelity_constrained_matched_geometry,fidelity_constrained_matched_geometry__seed11419,11419,14011,6,1.952784614668135
Wall,jepa_wm_wall,12,1,fidelity_constrained_matched_geometry,fidelity_constrained_matched_geometry__seed11419,11419,14011,1,0.947280312065327
Wall,jepa_wm_wall,12,1,fidelity_constrained_matched_geometry,fidelity_constrained_matched_geometry__seed11419,11419,14011,3,1.62346534390093
Wall,jepa_wm_wall,12,1,fidelity_constrained_matched_geometry,fidelity_constrained_matched_geometry__seed11419,11419,14011,6,2.113193202380161
Wall,jepa_wm_wall,13,1,fidelity_constrained_matched_geometry,fidelity_constrained_matched_geometry__seed11419,11419,14011,1,1.3906718459692657
Wall,jepa_wm_wall,13,1,fidelity_constrained_matched_geometry,fidelity_constrained_matched_geometry__seed11419,11419,14011,3,1.7218755506799703
Wall,jepa_wm_wall,13,1,fidelity_constrained_matched_geometry,fidelity_constrained_matched_geometry__seed11419,11419,14011,6,1.9323840992429688
Wall,jepa_wm_wall,14,1,fidelity_constrained_matched_geometry,fidelity_constrained_matched_geometry__seed11419,11419,14011,1,0.9150263959148248
Wall,jepa_wm_wall,14,1,fidelity_constrained_matched_geometry,fidelity_constrained_matched_geometry__seed11419,11419,14011,3,1.8418921678240436
Wall,jepa_wm_wall,14,1,fidelity_constrained_matched_geometry,fidelity_constrained_matched_geometry__seed11419,11419,14011,6,1.9268465485672193
Wall,jepa_wm_wall,15,1,fidelity_constrained_matched_geometry,fidelity_constrained_matched_geometry__seed11419,11419,14011,1,1.2956996688496472
Wall,jepa_wm_wall,15,1,fidelity_constrained_matched_geometry,fidelity_constrained_matched_geometry__seed11419,11419,14011,3,2.079772054126169
Wall,jepa_wm_wall,15,1,fidelity_constrained_matched_geometry,fidelity_constrained_matched_geometry__seed11419,11419,14011,6,2.2925770629758615
Wall,jepa_wm_wall,16,2,fidelity_constrained_matched_geometry,fidelity_constrained_matched_geometry__seed11419,11419,14011,1,1.2034787172705392
Wall,jepa_wm_wall,16,2,fidelity_constrained_matched_geometry,fidelity_constrained_matched_geometry__seed11419,11419,14011,3,1.8832132191949869
Wall,jepa_wm_wall,16,2,fidelity_constrained_matched_geometry,fidelity_constrained_matched_geometry__seed11419,11419,14011,6,2.1390146491068194
Wall,jepa_wm_wall,17,2,fidelity_constrained_matched_geometry,fidelity_constrained_matched_geometry__seed11419,11419,14011,1,1.1692573568587956
Wall,jepa_wm_wall,17,2,fidelity_constrained_matched_geometry,fidelity_constrained_matched_geometry__seed11419,11419,14011,3,1.899357380389609
Wall,jepa_wm_wall,17,2,fidelity_constrained_matched_geometry,fidelity_constrained_matched_geometry__seed11419,11419,14011,6,2.1602328572639045
Wall,jepa_wm_wall,18,2,fidelity_constrained_matched_geometry,fidelity_constrained_matched_geometry__seed11419,11419,14011,1,0.8635343672512119
Wall,jepa_wm_wall,18,2,fidelity_constrained_matched_geometry,fidelity_constrained_matched_geometry__seed11419,11419,14011,3,1.3518462196556902
Wall,jepa_wm_wall,18,2,fidelity_constrained_matched_geometry,fidelity_constrained_matched_geometry__seed11419,11419,14011,6,2.1082836270315752
Wall,jepa_wm_wall,19,2,fidelity_constrained_matched_geometry,fidelity_constrained_matched_geometry__seed11419,11419,14011,1,1.864805726408381
Wall,jepa_wm_wall,19,2,fidelity_constrained_matched_geometry,fidelity_constrained_matched_geometry__seed11419,11419,14011,3,1.9992691810854906
Wall,jepa_wm_wall,19,2,fidelity_constrained_matched_geometry,fidelity_constrained_matched_geometry__seed11419,11419,14011,6,1.8748284914024211
Wall,jepa_wm_wall,20,2,fidelity_constrained_matched_geometry,fidelity_constrained_matched_geometry__seed11419,11419,14011,1,1.6893015536746803
Wall,jepa_wm_wall,20,2,fidelity_constrained_matched_geometry,fidelity_constrained_matched_geometry__seed11419,11419,14011,3,1.9932164797221847
Wall,jepa_wm_wall,20,2,fidelity_constrained_matched_geometry,fidelity_constrained_matched_geometry__seed11419,11419,14011,6,2.1367837281534707
Wall,jepa_wm_wall,21,2,fidelity_constrained_matched_geometry,fidelity_constrained_matched_geometry__seed11419,11419,14011,1,1.0271697935474096
Wall,jepa_wm_wall,21,2,fidelity_constrained_matched_geometry,fidelity_constrained_matched_geometry__seed11419,11419,14011,3,1.6311294742311047
Wall,jepa_wm_wall,21,2,fidelity_constrained_matched_geometry,fidelity_constrained_matched_geometry__seed11419,11419,14011,6,2.163182621363995
Wall,jepa_wm_wall,22,2,fidelity_constrained_matched_geometry,fidelity_constrained_matched_geometry__seed11419,11419,14011,1,1.1978927928449392
Wall,jepa_wm_wall,22,2,fidelity_constrained_matched_geometry,fidelity_constrained_matched_geometry__seed11419,11419,14011,3,1.9050439745224068
Wall,jepa_wm_wall,22,2,fidelity_constrained_matched_geometry,fidelity_constrained_matched_geometry__seed11419,11419,14011,6,2.162180766358308
Wall,jepa_wm_wall,23,2,fidelity_constrained_matched_geometry,fidelity_constrained_matched_geometry__seed11419,11419,14011,1,1.0332310932121367
Wall,jepa_wm_wall,23,2,fidelity_constrained_matched_geometry,fidelity_constrained_matched_geometry__seed11419,11419,14011,3,1.8121452806839333
Wall,jepa_wm_wall,23,2,fidelity_constrained_matched_geometry,fidelity_constrained_matched_geometry__seed11419,11419,14011,6,2.0279552448297067
Wall,jepa_wm_wall,48,6,fidelity_constrained_matched_geometry,fidelity_constrained_matched_geometry__seed11419,11419,14011,1,1.5400236287360831
Wall,jepa_wm_wall,48,6,fidelity_constrained_matched_geometry,fidelity_constrained_matched_geometry__seed11419,11419,14011,3,2.1808147154590523
Wall,jepa_wm_wall,48,6,fidelity_constrained_matched_geometry,fidelity_constrained_matched_geometry__seed11419,11419,14011,6,2.4515615195924982
Wall,jepa_wm_wall,49,6,fidelity_constrained_matched_geometry,fidelity_constrained_matched_geometry__seed11419,11419,14011,1,1.4848604792145492
Wall,jepa_wm_wall,49,6,fidelity_constrained_matched_geometry,fidelity_constrained_matched_geometry__seed11419,11419,14011,3,2.3562347456394823
Wall,jepa_wm_wall,49,6,fidelity_constrained_matched_geometry,fidelity_constrained_matched_geometry__seed11419,11419,14011,6,2.4116180914310497
Wall,jepa_wm_wall,50,6,fidelity_constrained_matched_geometry,fidelity_constrained_matched_geometry__seed11419,11419,14011,1,1.6481905061129682
Wall,jepa_wm_wall,50,6,fidelity_constrained_matched_geometry,fidelity_constrained_matched_geometry__seed11419,11419,14011,3,2.188809962097889
Wall,jepa_wm_wall,50,6,fidelity_constrained_matched_geometry,fidelity_constrained_matched_geometry__seed11419,11419,14011,6,2.4724198520116976
Wall,jepa_wm_wall,51,6,fidelity_constrained_matched_geometry,fidelity_constrained_matched_geometry__seed11419,11419,14011,1,1.9277328200687938
Wall,jepa_wm_wall,51,6,fidelity_constrained_matched_geometry,fidelity_constrained_matched_geometry__seed11419,11419,14011,3,2.303136635912503
Wall,jepa_wm_wall,51,6,fidelity_constrained_matched_geometry,fidelity_constrained_matched_geometry__seed11419,11419,14011,6,2.3077671158162074
Wall,jepa_wm_wall,52,6,fidelity_constrained_matched_geometry,fidelity_constrained_matched_geometry__seed11419,11419,14011,1,1.4087593984384377
Wall,jepa_wm_wall,52,6,fidelity_constrained_matched_geometry,fidelity_constrained_matched_geometry__seed11419,11419,14011,3,2.2310637471290717
Wall,jepa_wm_wall,52,6,fidelity_constrained_matched_geometry,fidelity_constrained_matched_geometry__seed11419,11419,14011,6,2.766645563757804
Wall,jepa_wm_wall,53,6,fidelity_constrained_matched_geometry,fidelity_constrained_matched_geometry__seed11419,11419,14011,1,1.160463542546944
Wall,jepa_wm_wall,53,6,fidelity_constrained_matched_geometry,fidelity_constrained_matched_geometry__seed11419,11419,14011,3,2.133948564268198
Wall,jepa_wm_wall,53,6,fidelity_constrained_matched_geometry,fidelity_constrained_matched_geometry__seed11419,11419,14011,6,2.3216065125076852
Wall,jepa_wm_wall,54,6,fidelity_constrained_matched_geometry,fidelity_constrained_matched_geometry__seed11419,11419,14011,1,1.8617719011332468
Wall,jepa_wm_wall,54,6,fidelity_constrained_matched_geometry,fidelity_constrained_matched_geometry__seed11419,11419,14011,3,2.3035317884874438
Wall,jepa_wm_wall,54,6,fidelity_constrained_matched_geometry,fidelity_constrained_matched_geometry__seed11419,11419,14011,6,2.587011442330612
Wall,jepa_wm_wall,55,6,fidelity_constrained_matched_geometry,fidelity_constrained_matched_geometry__seed11419,11419,14011,1,1.3252533221310234
Wall,jepa_wm_wall,55,6,fidelity_constrained_matched_geometry,fidelity_constrained_matched_geometry__seed11419,11419,14011,3,2.213128308345762
Wall,jepa_wm_wall,55,6,fidelity_constrained_matched_geometry,fidelity_constrained_matched_geometry__seed11419,11419,14011,6,2.426830779972406
Wall,jepa_wm_wall,8,1,fidelity_constrained_latent_only,fidelity_constrained_latent_only__seed11437,11437,14011,1,1.8310031720267526
Wall,jepa_wm_wall,8,1,fidelity_constrained_latent_only,fidelity_constrained_latent_only__seed11437,11437,14011,3,1.8990036225090945
Wall,jepa_wm_wall,8,1,fidelity_constrained_latent_only,fidelity_constrained_latent_only__seed11437,11437,14011,6,2.0734561447876914
Wall,jepa_wm_wall,9,1,fidelity_constrained_latent_only,fidelity_constrained_latent_only__seed11437,11437,14011,1,0.9427585532966607
Wall,jepa_wm_wall,9,1,fidelity_constrained_latent_only,fidelity_constrained_latent_only__seed11437,11437,14011,3,1.6962467668028423
Wall,jepa_wm_wall,9,1,fidelity_constrained_latent_only,fidelity_constrained_latent_only__seed11437,11437,14011,6,1.8981482366940634
Wall,jepa_wm_wall,10,1,fidelity_constrained_latent_only,fidelity_constrained_latent_only__seed11437,11437,14011,1,1.5968761869628667
Wall,jepa_wm_wall,10,1,fidelity_constrained_latent_only,fidelity_constrained_latent_only__seed11437,11437,14011,3,1.9770827649544003
Wall,jepa_wm_wall,10,1,fidelity_constrained_latent_only,fidelity_constrained_latent_only__seed11437,11437,14011,6,2.1113163226775535
Wall,jepa_wm_wall,11,1,fidelity_constrained_latent_only,fidelity_constrained_latent_only__seed11437,11437,14011,1,1.0557290219510818
Wall,jepa_wm_wall,11,1,fidelity_constrained_latent_only,fidelity_constrained_latent_only__seed11437,11437,14011,3,1.9784507131113274
Wall,jepa_wm_wall,11,1,fidelity_constrained_latent_only,fidelity_constrained_latent_only__seed11437,11437,14011,6,2.1861672612610925
Wall,jepa_wm_wall,12,1,fidelity_constrained_latent_only,fidelity_constrained_latent_only__seed11437,11437,14011,1,0.9064169152148361
Wall,jepa_wm_wall,12,1,fidelity_constrained_latent_only,fidelity_constrained_latent_only__seed11437,11437,14011,3,1.5333637914037983
Wall,jepa_wm_wall,12,1,fidelity_constrained_latent_only,fidelity_constrained_latent_only__seed11437,11437,14011,6,2.072675501186017
Wall,jepa_wm_wall,13,1,fidelity_constrained_latent_only,fidelity_constrained_latent_only__seed11437,11437,14011,1,1.3308398825919456
Wall,jepa_wm_wall,13,1,fidelity_constrained_latent_only,fidelity_constrained_latent_only__seed11437,11437,14011,3,1.7990905247609876
Wall,jepa_wm_wall,13,1,fidelity_constrained_latent_only,fidelity_constrained_latent_only__seed11437,11437,14011,6,2.172997098916609
Wall,jepa_wm_wall,14,1,fidelity_constrained_latent_only,fidelity_constrained_latent_only__seed11437,11437,14011,1,1.003706498160906
Wall,jepa_wm_wall,14,1,fidelity_constrained_latent_only,fidelity_constrained_latent_only__seed11437,11437,14011,3,1.8460469558414474
Wall,jepa_wm_wall,14,1,fidelity_constrained_latent_only,fidelity_constrained_latent_only__seed11437,11437,14011,6,2.062759005897922
Wall,jepa_wm_wall,15,1,fidelity_constrained_latent_only,fidelity_constrained_latent_only__seed11437,11437,14011,1,1.2736911540245928
Wall,jepa_wm_wall,15,1,fidelity_constrained_latent_only,fidelity_constrained_latent_only__seed11437,11437,14011,3,2.0753003590860484
Wall,jepa_wm_wall,15,1,fidelity_constrained_latent_only,fidelity_constrained_latent_only__seed11437,11437,14011,6,2.4939358516229753
Wall,jepa_wm_wall,16,2,fidelity_constrained_latent_only,fidelity_constrained_latent_only__seed11437,11437,14011,1,1.1843957064396158
Wall,jepa_wm_wall,16,2,fidelity_constrained_latent_only,fidelity_constrained_latent_only__seed11437,11437,14011,3,1.9035758824946214
Wall,jepa_wm_wall,16,2,fidelity_constrained_latent_only,fidelity_constrained_latent_only__seed11437,11437,14011,6,2.195382806035695
Wall,jepa_wm_wall,17,2,fidelity_constrained_latent_only,fidelity_constrained_latent_only__seed11437,11437,14011,1,1.2540235242273765
Wall,jepa_wm_wall,17,2,fidelity_constrained_latent_only,fidelity_constrained_latent_only__seed11437,11437,14011,3,1.9243105698046943
Wall,jepa_wm_wall,17,2,fidelity_constrained_latent_only,fidelity_constrained_latent_only__seed11437,11437,14011,6,2.197592671386803
Wall,jepa_wm_wall,18,2,fidelity_constrained_latent_only,fidelity_constrained_latent_only__seed11437,11437,14011,1,0.9639801762525815
Wall,jepa_wm_wall,18,2,fidelity_constrained_latent_only,fidelity_constrained_latent_only__seed11437,11437,14011,3,1.5202036632809786
Wall,jepa_wm_wall,18,2,fidelity_constrained_latent_only,fidelity_constrained_latent_only__seed11437,11437,14011,6,2.13080321561603
Wall,jepa_wm_wall,19,2,fidelity_constrained_latent_only,fidelity_constrained_latent_only__seed11437,11437,14011,1,1.9317331775525062
Wall,jepa_wm_wall,19,2,fidelity_constrained_latent_only,fidelity_constrained_latent_only__seed11437,11437,14011,3,2.0062978603504305
Wall,jepa_wm_wall,19,2,fidelity_constrained_latent_only,fidelity_constrained_latent_only__seed11437,11437,14011,6,1.9363871186596755
Wall,jepa_wm_wall,20,2,fidelity_constrained_latent_only,fidelity_constrained_latent_only__seed11437,11437,14011,1,1.5873852441534249
Wall,jepa_wm_wall,20,2,fidelity_constrained_latent_only,fidelity_constrained_latent_only__seed11437,11437,14011,3,2.0962753944226566
Wall,jepa_wm_wall,20,2,fidelity_constrained_latent_only,fidelity_constrained_latent_only__seed11437,11437,14011,6,2.2516305463543302
Wall,jepa_wm_wall,21,2,fidelity_constrained_latent_only,fidelity_constrained_latent_only__seed11437,11437,14011,1,1.0914844773110668
Wall,jepa_wm_wall,21,2,fidelity_constrained_latent_only,fidelity_constrained_latent_only__seed11437,11437,14011,3,1.5599796906689125
Wall,jepa_wm_wall,21,2,fidelity_constrained_latent_only,fidelity_constrained_latent_only__seed11437,11437,14011,6,2.271172262923687
Wall,jepa_wm_wall,22,2,fidelity_constrained_latent_only,fidelity_constrained_latent_only__seed11437,11437,14011,1,1.2434260939445783
Wall,jepa_wm_wall,22,2,fidelity_constrained_latent_only,fidelity_constrained_latent_only__seed11437,11437,14011,3,1.936759962620596
Wall,jepa_wm_wall,22,2,fidelity_constrained_latent_only,fidelity_constrained_latent_only__seed11437,11437,14011,6,2.2458040822052165
Wall,jepa_wm_wall,23,2,fidelity_constrained_latent_only,fidelity_constrained_latent_only__seed11437,11437,14011,1,1.068116819294925
Wall,jepa_wm_wall,23,2,fidelity_constrained_latent_only,fidelity_constrained_latent_only__seed11437,11437,14011,3,1.8692398195582303
Wall,jepa_wm_wall,23,2,fidelity_constrained_latent_only,fidelity_constrained_latent_only__seed11437,11437,14011,6,2.1698641840259154
Wall,jepa_wm_wall,48,6,fidelity_constrained_latent_only,fidelity_constrained_latent_only__seed11437,11437,14011,1,1.5235786351116556
Wall,jepa_wm_wall,48,6,fidelity_constrained_latent_only,fidelity_constrained_latent_only__seed11437,11437,14011,3,2.166855593118508
Wall,jepa_wm_wall,48,6,fidelity_constrained_latent_only,fidelity_constrained_latent_only__seed11437,11437,14011,6,2.649967778620554
Wall,jepa_wm_wall,49,6,fidelity_constrained_latent_only,fidelity_constrained_latent_only__seed11437,11437,14011,1,1.5178826869009936
Wall,jepa_wm_wall,49,6,fidelity_constrained_latent_only,fidelity_constrained_latent_only__seed11437,11437,14011,3,2.3211638107448653
Wall,jepa_wm_wall,49,6,fidelity_constrained_latent_only,fidelity_constrained_latent_only__seed11437,11437,14011,6,2.5502915041292504
Wall,jepa_wm_wall,50,6,fidelity_constrained_latent_only,fidelity_constrained_latent_only__seed11437,11437,14011,1,1.5670995785140636
Wall,jepa_wm_wall,50,6,fidelity_constrained_latent_only,fidelity_constrained_latent_only__seed11437,11437,14011,3,2.118288452312338
Wall,jepa_wm_wall,50,6,fidelity_constrained_latent_only,fidelity_constrained_latent_only__seed11437,11437,14011,6,2.500111248805798
Wall,jepa_wm_wall,51,6,fidelity_constrained_latent_only,fidelity_constrained_latent_only__seed11437,11437,14011,1,1.7246328343618114
Wall,jepa_wm_wall,51,6,fidelity_constrained_latent_only,fidelity_constrained_latent_only__seed11437,11437,14011,3,2.293037680863486
Wall,jepa_wm_wall,51,6,fidelity_constrained_latent_only,fidelity_constrained_latent_only__seed11437,11437,14011,6,2.346434190751419
Wall,jepa_wm_wall,52,6,fidelity_constrained_latent_only,fidelity_constrained_latent_only__seed11437,11437,14011,1,1.4110775527711774
Wall,jepa_wm_wall,52,6,fidelity_constrained_latent_only,fidelity_constrained_latent_only__seed11437,11437,14011,3,2.202523303688193
Wall,jepa_wm_wall,52,6,fidelity_constrained_latent_only,fidelity_constrained_latent_only__seed11437,11437,14011,6,2.6058759824519155
Wall,jepa_wm_wall,53,6,fidelity_constrained_latent_only,fidelity_constrained_latent_only__seed11437,11437,14011,1,1.1676436376334065
Wall,jepa_wm_wall,53,6,fidelity_constrained_latent_only,fidelity_constrained_latent_only__seed11437,11437,14011,3,2.118177798468613
Wall,jepa_wm_wall,53,6,fidelity_constrained_latent_only,fidelity_constrained_latent_only__seed11437,11437,14011,6,2.326504014674706
Wall,jepa_wm_wall,54,6,fidelity_constrained_latent_only,fidelity_constrained_latent_only__seed11437,11437,14011,1,1.7256547916763272
Wall,jepa_wm_wall,54,6,fidelity_constrained_latent_only,fidelity_constrained_latent_only__seed11437,11437,14011,3,2.335304366194674
Wall,jepa_wm_wall,54,6,fidelity_constrained_latent_only,fidelity_constrained_latent_only__seed11437,11437,14011,6,2.620022004120697
Wall,jepa_wm_wall,55,6,fidelity_constrained_latent_only,fidelity_constrained_latent_only__seed11437,11437,14011,1,1.3856593908538304
Wall,jepa_wm_wall,55,6,fidelity_constrained_latent_only,fidelity_constrained_latent_only__seed11437,11437,14011,3,2.057776173277938
Wall,jepa_wm_wall,55,6,fidelity_constrained_latent_only,fidelity_constrained_latent_only__seed11437,11437,14011,6,2.472865053783959
Wall,jepa_wm_wall,8,1,fidelity_constrained_shuffled_geometry,fidelity_constrained_shuffled_geometry__seed11437,11437,14011,1,1.9502653794610416
Wall,jepa_wm_wall,8,1,fidelity_constrained_shuffled_geometry,fidelity_constrained_shuffled_geometry__seed11437,11437,14011,3,1.8564508738611323
Wall,jepa_wm_wall,8,1,fidelity_constrained_shuffled_geometry,fidelity_constrained_shuffled_geometry__seed11437,11437,14011,6,1.86238104257106
Wall,jepa_wm_wall,9,1,fidelity_constrained_shuffled_geometry,fidelity_constrained_shuffled_geometry__seed11437,11437,14011,1,0.9911131559801324
Wall,jepa_wm_wall,9,1,fidelity_constrained_shuffled_geometry,fidelity_constrained_shuffled_geometry__seed11437,11437,14011,3,1.8655055423391933
Wall,jepa_wm_wall,9,1,fidelity_constrained_shuffled_geometry,fidelity_constrained_shuffled_geometry__seed11437,11437,14011,6,1.8382997067478235
Wall,jepa_wm_wall,10,1,fidelity_constrained_shuffled_geometry,fidelity_constrained_shuffled_geometry__seed11437,11437,14011,1,1.7070973580271507
Wall,jepa_wm_wall,10,1,fidelity_constrained_shuffled_geometry,fidelity_constrained_shuffled_geometry__seed11437,11437,14011,3,2.0121741442264107
Wall,jepa_wm_wall,10,1,fidelity_constrained_shuffled_geometry,fidelity_constrained_shuffled_geometry__seed11437,11437,14011,6,1.9494331045461637
Wall,jepa_wm_wall,11,1,fidelity_constrained_shuffled_geometry,fidelity_constrained_shuffled_geometry__seed11437,11437,14011,1,1.1099039051084505
Wall,jepa_wm_wall,11,1,fidelity_constrained_shuffled_geometry,fidelity_constrained_shuffled_geometry__seed11437,11437,14011,3,2.0368108250209573
Wall,jepa_wm_wall,11,1,fidelity_constrained_shuffled_geometry,fidelity_constrained_shuffled_geometry__seed11437,11437,14011,6,2.0346527724486947
Wall,jepa_wm_wall,12,1,fidelity_constrained_shuffled_geometry,fidelity_constrained_shuffled_geometry__seed11437,11437,14011,1,0.9530681887146245
Wall,jepa_wm_wall,12,1,fidelity_constrained_shuffled_geometry,fidelity_constrained_shuffled_geometry__seed11437,11437,14011,3,1.7219003772211443
Wall,jepa_wm_wall,12,1,fidelity_constrained_shuffled_geometry,fidelity_constrained_shuffled_geometry__seed11437,11437,14011,6,2.035708189030168
Wall,jepa_wm_wall,13,1,fidelity_constrained_shuffled_geometry,fidelity_constrained_shuffled_geometry__seed11437,11437,14011,1,1.4446203900197951
Wall,jepa_wm_wall,13,1,fidelity_constrained_shuffled_geometry,fidelity_constrained_shuffled_geometry__seed11437,11437,14011,3,1.833187614261251
Wall,jepa_wm_wall,13,1,fidelity_constrained_shuffled_geometry,fidelity_constrained_shuffled_geometry__seed11437,11437,14011,6,1.8747491184209615
Wall,jepa_wm_wall,14,1,fidelity_constrained_shuffled_geometry,fidelity_constrained_shuffled_geometry__seed11437,11437,14011,1,0.964422596316279
Wall,jepa_wm_wall,14,1,fidelity_constrained_shuffled_geometry,fidelity_constrained_shuffled_geometry__seed11437,11437,14011,3,1.8488295005212225
Wall,jepa_wm_wall,14,1,fidelity_constrained_shuffled_geometry,fidelity_constrained_shuffled_geometry__seed11437,11437,14011,6,1.9438864770302553
Wall,jepa_wm_wall,15,1,fidelity_constrained_shuffled_geometry,fidelity_constrained_shuffled_geometry__seed11437,11437,14011,1,1.34282354805692
Wall,jepa_wm_wall,15,1,fidelity_constrained_shuffled_geometry,fidelity_constrained_shuffled_geometry__seed11437,11437,14011,3,2.117626649588494
Wall,jepa_wm_wall,15,1,fidelity_constrained_shuffled_geometry,fidelity_constrained_shuffled_geometry__seed11437,11437,14011,6,2.2501558966469357
Wall,jepa_wm_wall,16,2,fidelity_constrained_shuffled_geometry,fidelity_constrained_shuffled_geometry__seed11437,11437,14011,1,1.1981420945876708
Wall,jepa_wm_wall,16,2,fidelity_constrained_shuffled_geometry,fidelity_constrained_shuffled_geometry__seed11437,11437,14011,3,2.023061952060462
Wall,jepa_wm_wall,16,2,fidelity_constrained_shuffled_geometry,fidelity_constrained_shuffled_geometry__seed11437,11437,14011,6,2.2188611465564283
Wall,jepa_wm_wall,17,2,fidelity_constrained_shuffled_geometry,fidelity_constrained_shuffled_geometry__seed11437,11437,14011,1,1.1042972003761296
Wall,jepa_wm_wall,17,2,fidelity_constrained_shuffled_geometry,fidelity_constrained_shuffled_geometry__seed11437,11437,14011,3,1.877511090665802
Wall,jepa_wm_wall,17,2,fidelity_constrained_shuffled_geometry,fidelity_constrained_shuffled_geometry__seed11437,11437,14011,6,2.1769042147918167
Wall,jepa_wm_wall,18,2,fidelity_constrained_shuffled_geometry,fidelity_constrained_shuffled_geometry__seed11437,11437,14011,1,0.8332996136811786
Wall,jepa_wm_wall,18,2,fidelity_constrained_shuffled_geometry,fidelity_constrained_shuffled_geometry__seed11437,11437,14011,3,1.338160426153349
Wall,jepa_wm_wall,18,2,fidelity_constrained_shuffled_geometry,fidelity_constrained_shuffled_geometry__seed11437,11437,14011,6,2.093153235136756
Wall,jepa_wm_wall,19,2,fidelity_constrained_shuffled_geometry,fidelity_constrained_shuffled_geometry__seed11437,11437,14011,1,1.8768765984552984
Wall,jepa_wm_wall,19,2,fidelity_constrained_shuffled_geometry,fidelity_constrained_shuffled_geometry__seed11437,11437,14011,3,2.0988646683104104
Wall,jepa_wm_wall,19,2,fidelity_constrained_shuffled_geometry,fidelity_constrained_shuffled_geometry__seed11437,11437,14011,6,1.9749603522258397
Wall,jepa_wm_wall,20,2,fidelity_constrained_shuffled_geometry,fidelity_constrained_shuffled_geometry__seed11437,11437,14011,1,1.6883055843353258
Wall,jepa_wm_wall,20,2,fidelity_constrained_shuffled_geometry,fidelity_constrained_shuffled_geometry__seed11437,11437,14011,3,2.0366589303183975
Wall,jepa_wm_wall,20,2,fidelity_constrained_shuffled_geometry,fidelity_constrained_shuffled_geometry__seed11437,11437,14011,6,2.2210084768793976
Wall,jepa_wm_wall,21,2,fidelity_constrained_shuffled_geometry,fidelity_constrained_shuffled_geometry__seed11437,11437,14011,1,1.0130836402664651
Wall,jepa_wm_wall,21,2,fidelity_constrained_shuffled_geometry,fidelity_constrained_shuffled_geometry__seed11437,11437,14011,3,1.698568678169435
Wall,jepa_wm_wall,21,2,fidelity_constrained_shuffled_geometry,fidelity_constrained_shuffled_geometry__seed11437,11437,14011,6,2.1918037213992507
Wall,jepa_wm_wall,22,2,fidelity_constrained_shuffled_geometry,fidelity_constrained_shuffled_geometry__seed11437,11437,14011,1,1.1454148966477415
Wall,jepa_wm_wall,22,2,fidelity_constrained_shuffled_geometry,fidelity_constrained_shuffled_geometry__seed11437,11437,14011,3,1.8889957290063706
Wall,jepa_wm_wall,22,2,fidelity_constrained_shuffled_geometry,fidelity_constrained_shuffled_geometry__seed11437,11437,14011,6,2.1760188039826582
Wall,jepa_wm_wall,23,2,fidelity_constrained_shuffled_geometry,fidelity_constrained_shuffled_geometry__seed11437,11437,14011,1,1.0118721066191019
Wall,jepa_wm_wall,23,2,fidelity_constrained_shuffled_geometry,fidelity_constrained_shuffled_geometry__seed11437,11437,14011,3,1.87726502313124
Wall,jepa_wm_wall,23,2,fidelity_constrained_shuffled_geometry,fidelity_constrained_shuffled_geometry__seed11437,11437,14011,6,2.0366325451437572
Wall,jepa_wm_wall,48,6,fidelity_constrained_shuffled_geometry,fidelity_constrained_shuffled_geometry__seed11437,11437,14011,1,1.58769157288342
Wall,jepa_wm_wall,48,6,fidelity_constrained_shuffled_geometry,fidelity_constrained_shuffled_geometry__seed11437,11437,14011,3,2.320496283351614
Wall,jepa_wm_wall,48,6,fidelity_constrained_shuffled_geometry,fidelity_constrained_shuffled_geometry__seed11437,11437,14011,6,2.3996983976774917
Wall,jepa_wm_wall,49,6,fidelity_constrained_shuffled_geometry,fidelity_constrained_shuffled_geometry__seed11437,11437,14011,1,1.5069742083544386
Wall,jepa_wm_wall,49,6,fidelity_constrained_shuffled_geometry,fidelity_constrained_shuffled_geometry__seed11437,11437,14011,3,2.460824372631869
Wall,jepa_wm_wall,49,6,fidelity_constrained_shuffled_geometry,fidelity_constrained_shuffled_geometry__seed11437,11437,14011,6,2.375622431835331
Wall,jepa_wm_wall,50,6,fidelity_constrained_shuffled_geometry,fidelity_constrained_shuffled_geometry__seed11437,11437,14011,1,1.7096416505016396
Wall,jepa_wm_wall,50,6,fidelity_constrained_shuffled_geometry,fidelity_constrained_shuffled_geometry__seed11437,11437,14011,3,2.2806739845582213
Wall,jepa_wm_wall,50,6,fidelity_constrained_shuffled_geometry,fidelity_constrained_shuffled_geometry__seed11437,11437,14011,6,2.4052811218173153
Wall,jepa_wm_wall,51,6,fidelity_constrained_shuffled_geometry,fidelity_constrained_shuffled_geometry__seed11437,11437,14011,1,1.9767471010527384
Wall,jepa_wm_wall,51,6,fidelity_constrained_shuffled_geometry,fidelity_constrained_shuffled_geometry__seed11437,11437,14011,3,2.3931085721500134
Wall,jepa_wm_wall,51,6,fidelity_constrained_shuffled_geometry,fidelity_constrained_shuffled_geometry__seed11437,11437,14011,6,2.310580914187238
Wall,jepa_wm_wall,52,6,fidelity_constrained_shuffled_geometry,fidelity_constrained_shuffled_geometry__seed11437,11437,14011,1,1.4764397544380006
Wall,jepa_wm_wall,52,6,fidelity_constrained_shuffled_geometry,fidelity_constrained_shuffled_geometry__seed11437,11437,14011,3,2.325343243086966
Wall,jepa_wm_wall,52,6,fidelity_constrained_shuffled_geometry,fidelity_constrained_shuffled_geometry__seed11437,11437,14011,6,2.7483904944136412
Wall,jepa_wm_wall,53,6,fidelity_constrained_shuffled_geometry,fidelity_constrained_shuffled_geometry__seed11437,11437,14011,1,1.2108825121515148
Wall,jepa_wm_wall,53,6,fidelity_constrained_shuffled_geometry,fidelity_constrained_shuffled_geometry__seed11437,11437,14011,3,2.1968277235914226
Wall,jepa_wm_wall,53,6,fidelity_constrained_shuffled_geometry,fidelity_constrained_shuffled_geometry__seed11437,11437,14011,6,2.2991736746520317
Wall,jepa_wm_wall,54,6,fidelity_constrained_shuffled_geometry,fidelity_constrained_shuffled_geometry__seed11437,11437,14011,1,1.9005061491371111
Wall,jepa_wm_wall,54,6,fidelity_constrained_shuffled_geometry,fidelity_constrained_shuffled_geometry__seed11437,11437,14011,3,2.3729058603894675
Wall,jepa_wm_wall,54,6,fidelity_constrained_shuffled_geometry,fidelity_constrained_shuffled_geometry__seed11437,11437,14011,6,2.6241952532518145
Wall,jepa_wm_wall,55,6,fidelity_constrained_shuffled_geometry,fidelity_constrained_shuffled_geometry__seed11437,11437,14011,1,1.3713085167366155
Wall,jepa_wm_wall,55,6,fidelity_constrained_shuffled_geometry,fidelity_constrained_shuffled_geometry__seed11437,11437,14011,3,2.3008852085993126
Wall,jepa_wm_wall,55,6,fidelity_constrained_shuffled_geometry,fidelity_constrained_shuffled_geometry__seed11437,11437,14011,6,2.3970014294682866
Wall,jepa_wm_wall,8,1,fidelity_constrained_matched_geometry,fidelity_constrained_matched_geometry__seed11437,11437,14011,1,1.904955015916955
Wall,jepa_wm_wall,8,1,fidelity_constrained_matched_geometry,fidelity_constrained_matched_geometry__seed11437,11437,14011,3,1.8192286047142745
Wall,jepa_wm_wall,8,1,fidelity_constrained_matched_geometry,fidelity_constrained_matched_geometry__seed11437,11437,14011,6,1.7993357813173936
Wall,jepa_wm_wall,9,1,fidelity_constrained_matched_geometry,fidelity_constrained_matched_geometry__seed11437,11437,14011,1,0.9420589492898129
Wall,jepa_wm_wall,9,1,fidelity_constrained_matched_geometry,fidelity_constrained_matched_geometry__seed11437,11437,14011,3,1.7451591522703098
Wall,jepa_wm_wall,9,1,fidelity_constrained_matched_geometry,fidelity_constrained_matched_geometry__seed11437,11437,14011,6,1.79210972278717
Wall,jepa_wm_wall,10,1,fidelity_constrained_matched_geometry,fidelity_constrained_matched_geometry__seed11437,11437,14011,1,1.6566885866406085
Wall,jepa_wm_wall,10,1,fidelity_constrained_matched_geometry,fidelity_constrained_matched_geometry__seed11437,11437,14011,3,1.9117377625904188
Wall,jepa_wm_wall,10,1,fidelity_constrained_matched_geometry,fidelity_constrained_matched_geometry__seed11437,11437,14011,6,1.8565184817079377
Wall,jepa_wm_wall,11,1,fidelity_constrained_matched_geometry,fidelity_constrained_matched_geometry__seed11437,11437,14011,1,1.1065158378984663
Wall,jepa_wm_wall,11,1,fidelity_constrained_matched_geometry,fidelity_constrained_matched_geometry__seed11437,11437,14011,3,1.9456243711891006
Wall,jepa_wm_wall,11,1,fidelity_constrained_matched_geometry,fidelity_constrained_matched_geometry__seed11437,11437,14011,6,1.9438204151509724
Wall,jepa_wm_wall,12,1,fidelity_constrained_matched_geometry,fidelity_constrained_matched_geometry__seed11437,11437,14011,1,0.9486764439221158
Wall,jepa_wm_wall,12,1,fidelity_constrained_matched_geometry,fidelity_constrained_matched_geometry__seed11437,11437,14011,3,1.6152899429573777
Wall,jepa_wm_wall,12,1,fidelity_constrained_matched_geometry,fidelity_constrained_matched_geometry__seed11437,11437,14011,6,2.1163848584698983
Wall,jepa_wm_wall,13,1,fidelity_constrained_matched_geometry,fidelity_constrained_matched_geometry__seed11437,11437,14011,1,1.3887517506012959
Wall,jepa_wm_wall,13,1,fidelity_constrained_matched_geometry,fidelity_constrained_matched_geometry__seed11437,11437,14011,3,1.721976833298713
Wall,jepa_wm_wall,13,1,fidelity_constrained_matched_geometry,fidelity_constrained_matched_geometry__seed11437,11437,14011,6,1.9042039130485269
Wall,jepa_wm_wall,14,1,fidelity_constrained_matched_geometry,fidelity_constrained_matched_geometry__seed11437,11437,14011,1,0.9177453567035734
Wall,jepa_wm_wall,14,1,fidelity_constrained_matched_geometry,fidelity_constrained_matched_geometry__seed11437,11437,14011,3,1.8374996630343121
Wall,jepa_wm_wall,14,1,fidelity_constrained_matched_geometry,fidelity_constrained_matched_geometry__seed11437,11437,14011,6,1.9167769999003454
Wall,jepa_wm_wall,15,1,fidelity_constrained_matched_geometry,fidelity_constrained_matched_geometry__seed11437,11437,14011,1,1.2924912116638938
Wall,jepa_wm_wall,15,1,fidelity_constrained_matched_geometry,fidelity_constrained_matched_geometry__seed11437,11437,14011,3,2.076399545765675
Wall,jepa_wm_wall,15,1,fidelity_constrained_matched_geometry,fidelity_constrained_matched_geometry__seed11437,11437,14011,6,2.2725010742490057
Wall,jepa_wm_wall,16,2,fidelity_constrained_matched_geometry,fidelity_constrained_matched_geometry__seed11437,11437,14011,1,1.208297459515608
Wall,jepa_wm_wall,16,2,fidelity_constrained_matched_geometry,fidelity_constrained_matched_geometry__seed11437,11437,14011,3,1.8784861750840038
Wall,jepa_wm_wall,16,2,fidelity_constrained_matched_geometry,fidelity_constrained_matched_geometry__seed11437,11437,14011,6,2.1272405577135887
Wall,jepa_wm_wall,17,2,fidelity_constrained_matched_geometry,fidelity_constrained_matched_geometry__seed11437,11437,14011,1,1.1852640630782747
Wall,jepa_wm_wall,17,2,fidelity_constrained_matched_geometry,fidelity_constrained_matched_geometry__seed11437,11437,14011,3,1.8978080819749539
Wall,jepa_wm_wall,17,2,fidelity_constrained_matched_geometry,fidelity_constrained_matched_geometry__seed11437,11437,14011,6,2.152186098603928
Wall,jepa_wm_wall,18,2,fidelity_constrained_matched_geometry,fidelity_constrained_matched_geometry__seed11437,11437,14011,1,0.8717513216208979
Wall,jepa_wm_wall,18,2,fidelity_constrained_matched_geometry,fidelity_constrained_matched_geometry__seed11437,11437,14011,3,1.3547051844066322
Wall,jepa_wm_wall,18,2,fidelity_constrained_matched_geometry,fidelity_constrained_matched_geometry__seed11437,11437,14011,6,2.121515503632532
Wall,jepa_wm_wall,19,2,fidelity_constrained_matched_geometry,fidelity_constrained_matched_geometry__seed11437,11437,14011,1,1.861273274348073
Wall,jepa_wm_wall,19,2,fidelity_constrained_matched_geometry,fidelity_constrained_matched_geometry__seed11437,11437,14011,3,1.9956348971042814
Wall,jepa_wm_wall,19,2,fidelity_constrained_matched_geometry,fidelity_constrained_matched_geometry__seed11437,11437,14011,6,1.8467116944546889
Wall,jepa_wm_wall,20,2,fidelity_constrained_matched_geometry,fidelity_constrained_matched_geometry__seed11437,11437,14011,1,1.6891035498922755
Wall,jepa_wm_wall,20,2,fidelity_constrained_matched_geometry,fidelity_constrained_matched_geometry__seed11437,11437,14011,3,1.9912553913541247
Wall,jepa_wm_wall,20,2,fidelity_constrained_matched_geometry,fidelity_constrained_matched_geometry__seed11437,11437,14011,6,2.1304354652974253
Wall,jepa_wm_wall,21,2,fidelity_constrained_matched_geometry,fidelity_constrained_matched_geometry__seed11437,11437,14011,1,1.0285050871361865
Wall,jepa_wm_wall,21,2,fidelity_constrained_matched_geometry,fidelity_constrained_matched_geometry__seed11437,11437,14011,3,1.6287247649357954
Wall,jepa_wm_wall,21,2,fidelity_constrained_matched_geometry,fidelity_constrained_matched_geometry__seed11437,11437,14011,6,2.1633598174229927
Wall,jepa_wm_wall,22,2,fidelity_constrained_matched_geometry,fidelity_constrained_matched_geometry__seed11437,11437,14011,1,1.2139346563034064
Wall,jepa_wm_wall,22,2,fidelity_constrained_matched_geometry,fidelity_constrained_matched_geometry__seed11437,11437,14011,3,1.9026519075984405
Wall,jepa_wm_wall,22,2,fidelity_constrained_matched_geometry,fidelity_constrained_matched_geometry__seed11437,11437,14011,6,2.1533642812109575
Wall,jepa_wm_wall,23,2,fidelity_constrained_matched_geometry,fidelity_constrained_matched_geometry__seed11437,11437,14011,1,1.0397290789857532
Wall,jepa_wm_wall,23,2,fidelity_constrained_matched_geometry,fidelity_constrained_matched_geometry__seed11437,11437,14011,3,1.8073080337340353
Wall,jepa_wm_wall,23,2,fidelity_constrained_matched_geometry,fidelity_constrained_matched_geometry__seed11437,11437,14011,6,2.0186141509477404
Wall,jepa_wm_wall,48,6,fidelity_constrained_matched_geometry,fidelity_constrained_matched_geometry__seed11437,11437,14011,1,1.5413353213039145
Wall,jepa_wm_wall,48,6,fidelity_constrained_matched_geometry,fidelity_constrained_matched_geometry__seed11437,11437,14011,3,2.1622801429439953
Wall,jepa_wm_wall,48,6,fidelity_constrained_matched_geometry,fidelity_constrained_matched_geometry__seed11437,11437,14011,6,2.4318736763763344
Wall,jepa_wm_wall,49,6,fidelity_constrained_matched_geometry,fidelity_constrained_matched_geometry__seed11437,11437,14011,1,1.4882276496758073
Wall,jepa_wm_wall,49,6,fidelity_constrained_matched_geometry,fidelity_constrained_matched_geometry__seed11437,11437,14011,3,2.3323778048716246
Wall,jepa_wm_wall,49,6,fidelity_constrained_matched_geometry,fidelity_constrained_matched_geometry__seed11437,11437,14011,6,2.4128361421246107
Wall,jepa_wm_wall,50,6,fidelity_constrained_matched_geometry,fidelity_constrained_matched_geometry__seed11437,11437,14011,1,1.647580849328396
Wall,jepa_wm_wall,50,6,fidelity_constrained_matched_geometry,fidelity_constrained_matched_geometry__seed11437,11437,14011,3,2.184456262113274
Wall,jepa_wm_wall,50,6,fidelity_constrained_matched_geometry,fidelity_constrained_matched_geometry__seed11437,11437,14011,6,2.4610267475320713
Wall,jepa_wm_wall,51,6,fidelity_constrained_matched_geometry,fidelity_constrained_matched_geometry__seed11437,11437,14011,1,1.9255945806674608
Wall,jepa_wm_wall,51,6,fidelity_constrained_matched_geometry,fidelity_constrained_matched_geometry__seed11437,11437,14011,3,2.298743082142121
Wall,jepa_wm_wall,51,6,fidelity_constrained_matched_geometry,fidelity_constrained_matched_geometry__seed11437,11437,14011,6,2.294121791490958
Wall,jepa_wm_wall,52,6,fidelity_constrained_matched_geometry,fidelity_constrained_matched_geometry__seed11437,11437,14011,1,1.4048708058625983
Wall,jepa_wm_wall,52,6,fidelity_constrained_matched_geometry,fidelity_constrained_matched_geometry__seed11437,11437,14011,3,2.217829485267884
Wall,jepa_wm_wall,52,6,fidelity_constrained_matched_geometry,fidelity_constrained_matched_geometry__seed11437,11437,14011,6,2.746961883237545
Wall,jepa_wm_wall,53,6,fidelity_constrained_matched_geometry,fidelity_constrained_matched_geometry__seed11437,11437,14011,1,1.1590628133540974
Wall,jepa_wm_wall,53,6,fidelity_constrained_matched_geometry,fidelity_constrained_matched_geometry__seed11437,11437,14011,3,2.135799118251017
Wall,jepa_wm_wall,53,6,fidelity_constrained_matched_geometry,fidelity_constrained_matched_geometry__seed11437,11437,14011,6,2.3499018859278937
Wall,jepa_wm_wall,54,6,fidelity_constrained_matched_geometry,fidelity_constrained_matched_geometry__seed11437,11437,14011,1,1.8578269799664262
Wall,jepa_wm_wall,54,6,fidelity_constrained_matched_geometry,fidelity_constrained_matched_geometry__seed11437,11437,14011,3,2.2949580724390923
Wall,jepa_wm_wall,54,6,fidelity_constrained_matched_geometry,fidelity_constrained_matched_geometry__seed11437,11437,14011,6,2.5643871283657087
Wall,jepa_wm_wall,55,6,fidelity_constrained_matched_geometry,fidelity_constrained_matched_geometry__seed11437,11437,14011,1,1.3240807507466117
Wall,jepa_wm_wall,55,6,fidelity_constrained_matched_geometry,fidelity_constrained_matched_geometry__seed11437,11437,14011,3,2.196894089223501
Wall,jepa_wm_wall,55,6,fidelity_constrained_matched_geometry,fidelity_constrained_matched_geometry__seed11437,11437,14011,6,2.4371360577129293
Wall,jepa_wm_wall,8,1,frozen,frozen,-1,14029,1,2.090458343565275
Wall,jepa_wm_wall,8,1,frozen,frozen,-1,14029,3,2.011656066896736
Wall,jepa_wm_wall,8,1,frozen,frozen,-1,14029,6,1.8488971085298933
Wall,jepa_wm_wall,9,1,frozen,frozen,-1,14029,1,1.1167460825498678
Wall,jepa_wm_wall,9,1,frozen,frozen,-1,14029,3,1.9398554555205876
Wall,jepa_wm_wall,9,1,frozen,frozen,-1,14029,6,1.9946915383287673
Wall,jepa_wm_wall,10,1,frozen,frozen,-1,14029,1,1.804996034586935
Wall,jepa_wm_wall,10,1,frozen,frozen,-1,14029,3,2.1731573932153014
Wall,jepa_wm_wall,10,1,frozen,frozen,-1,14029,6,1.8251328381219483
Wall,jepa_wm_wall,11,1,frozen,frozen,-1,14029,1,1.089768957957447
Wall,jepa_wm_wall,11,1,frozen,frozen,-1,14029,3,2.1999713061765127
Wall,jepa_wm_wall,11,1,frozen,frozen,-1,14029,6,1.956252079718092
Wall,jepa_wm_wall,12,1,frozen,frozen,-1,14029,1,1.0813661360250058
Wall,jepa_wm_wall,12,1,frozen,frozen,-1,14029,3,1.7616641741519554
Wall,jepa_wm_wall,12,1,frozen,frozen,-1,14029,6,2.0724923651030625
Wall,jepa_wm_wall,13,1,frozen,frozen,-1,14029,1,1.744502997308354
Wall,jepa_wm_wall,13,1,frozen,frozen,-1,14029,3,1.8682095868713182
Wall,jepa_wm_wall,13,1,frozen,frozen,-1,14029,6,1.8914887464751169
Wall,jepa_wm_wall,14,1,frozen,frozen,-1,14029,1,0.9914607539544329
Wall,jepa_wm_wall,14,1,frozen,frozen,-1,14029,3,2.152611836387785
Wall,jepa_wm_wall,14,1,frozen,frozen,-1,14029,6,1.9045050210278984
Wall,jepa_wm_wall,15,1,frozen,frozen,-1,14029,1,1.4327309350827013
Wall,jepa_wm_wall,15,1,frozen,frozen,-1,14029,3,2.2865700723229456
Wall,jepa_wm_wall,15,1,frozen,frozen,-1,14029,6,2.2296359453483237
Wall,jepa_wm_wall,16,2,frozen,frozen,-1,14029,1,1.157049095514218
Wall,jepa_wm_wall,16,2,frozen,frozen,-1,14029,3,1.9981363017893319
Wall,jepa_wm_wall,16,2,frozen,frozen,-1,14029,6,2.2623330686507983
Wall,jepa_wm_wall,17,2,frozen,frozen,-1,14029,1,1.2730821617665335
Wall,jepa_wm_wall,17,2,frozen,frozen,-1,14029,3,1.9997749089613752
Wall,jepa_wm_wall,17,2,frozen,frozen,-1,14029,6,2.3290743756124406
Wall,jepa_wm_wall,18,2,frozen,frozen,-1,14029,1,0.9446465847538414
Wall,jepa_wm_wall,18,2,frozen,frozen,-1,14029,3,1.5161177474295604
Wall,jepa_wm_wall,18,2,frozen,frozen,-1,14029,6,2.2807464390428205
Wall,jepa_wm_wall,19,2,frozen,frozen,-1,14029,1,1.8398132620022511
Wall,jepa_wm_wall,19,2,frozen,frozen,-1,14029,3,2.136770497826608
Wall,jepa_wm_wall,19,2,frozen,frozen,-1,14029,6,2.1847889210911364
Wall,jepa_wm_wall,20,2,frozen,frozen,-1,14029,1,1.8207303329481879
Wall,jepa_wm_wall,20,2,frozen,frozen,-1,14029,3,2.179368572781561
Wall,jepa_wm_wall,20,2,frozen,frozen,-1,14029,6,2.3158099812871353
Wall,jepa_wm_wall,21,2,frozen,frozen,-1,14029,1,1.0728871512335822
Wall,jepa_wm_wall,21,2,frozen,frozen,-1,14029,3,1.843702151632972
Wall,jepa_wm_wall,21,2,frozen,frozen,-1,14029,6,2.2459233193755614
Wall,jepa_wm_wall,22,2,frozen,frozen,-1,14029,1,1.2988141270404348
Wall,jepa_wm_wall,22,2,frozen,frozen,-1,14029,3,2.006451553112374
Wall,jepa_wm_wall,22,2,frozen,frozen,-1,14029,6,2.3389734025253346
Wall,jepa_wm_wall,23,2,frozen,frozen,-1,14029,1,1.0165958716555508
Wall,jepa_wm_wall,23,2,frozen,frozen,-1,14029,3,1.8019362369372594
Wall,jepa_wm_wall,23,2,frozen,frozen,-1,14029,6,2.2116648542815245
Wall,jepa_wm_wall,48,6,frozen,frozen,-1,14029,1,1.6287378049453352
Wall,jepa_wm_wall,48,6,frozen,frozen,-1,14029,3,2.473826217995502
Wall,jepa_wm_wall,48,6,frozen,frozen,-1,14029,6,2.380620795703346
Wall,jepa_wm_wall,49,6,frozen,frozen,-1,14029,1,1.4862228976192933
Wall,jepa_wm_wall,49,6,frozen,frozen,-1,14029,3,2.537037133455147
Wall,jepa_wm_wall,49,6,frozen,frozen,-1,14029,6,2.274947388540672
Wall,jepa_wm_wall,50,6,frozen,frozen,-1,14029,1,1.7008837809040465
Wall,jepa_wm_wall,50,6,frozen,frozen,-1,14029,3,2.33067177349376
Wall,jepa_wm_wall,50,6,frozen,frozen,-1,14029,6,2.483094314628814
Wall,jepa_wm_wall,51,6,frozen,frozen,-1,14029,1,1.9795504959554846
Wall,jepa_wm_wall,51,6,frozen,frozen,-1,14029,3,2.337804878673848
Wall,jepa_wm_wall,51,6,frozen,frozen,-1,14029,6,2.2513814721345304
Wall,jepa_wm_wall,52,6,frozen,frozen,-1,14029,1,1.8163286911206542
Wall,jepa_wm_wall,52,6,frozen,frozen,-1,14029,3,2.30156730532918
Wall,jepa_wm_wall,52,6,frozen,frozen,-1,14029,6,2.5413565912582508
Wall,jepa_wm_wall,53,6,frozen,frozen,-1,14029,1,1.2338495650495356
Wall,jepa_wm_wall,53,6,frozen,frozen,-1,14029,3,2.1908697094956024
Wall,jepa_wm_wall,53,6,frozen,frozen,-1,14029,6,2.2480161582537184
Wall,jepa_wm_wall,54,6,frozen,frozen,-1,14029,1,1.9640263240615634
Wall,jepa_wm_wall,54,6,frozen,frozen,-1,14029,3,2.2912414907418346
Wall,jepa_wm_wall,54,6,frozen,frozen,-1,14029,6,2.630288511918658
Wall,jepa_wm_wall,55,6,frozen,frozen,-1,14029,1,1.5392151362932753
Wall,jepa_wm_wall,55,6,frozen,frozen,-1,14029,3,2.184132618778846
Wall,jepa_wm_wall,55,6,frozen,frozen,-1,14029,6,2.495405040337642
Wall,jepa_wm_wall,8,1,fidelity_constrained_latent_only,fidelity_constrained_latent_only__seed11401,11401,14029,1,1.8013976605303583
Wall,jepa_wm_wall,8,1,fidelity_constrained_latent_only,fidelity_constrained_latent_only__seed11401,11401,14029,3,1.8274761333235814
Wall,jepa_wm_wall,8,1,fidelity_constrained_latent_only,fidelity_constrained_latent_only__seed11401,11401,14029,6,1.8409703374297648
Wall,jepa_wm_wall,9,1,fidelity_constrained_latent_only,fidelity_constrained_latent_only__seed11401,11401,14029,1,0.9169355784717338
Wall,jepa_wm_wall,9,1,fidelity_constrained_latent_only,fidelity_constrained_latent_only__seed11401,11401,14029,3,1.6718113988266712
Wall,jepa_wm_wall,9,1,fidelity_constrained_latent_only,fidelity_constrained_latent_only__seed11401,11401,14029,6,1.8772802993380149
Wall,jepa_wm_wall,10,1,fidelity_constrained_latent_only,fidelity_constrained_latent_only__seed11401,11401,14029,1,1.660377013264716
Wall,jepa_wm_wall,10,1,fidelity_constrained_latent_only,fidelity_constrained_latent_only__seed11401,11401,14029,3,1.9587346988857546
Wall,jepa_wm_wall,10,1,fidelity_constrained_latent_only,fidelity_constrained_latent_only__seed11401,11401,14029,6,1.8580034589800107
Wall,jepa_wm_wall,11,1,fidelity_constrained_latent_only,fidelity_constrained_latent_only__seed11401,11401,14029,1,1.0822371758699423
Wall,jepa_wm_wall,11,1,fidelity_constrained_latent_only,fidelity_constrained_latent_only__seed11401,11401,14029,3,2.045555122469716
Wall,jepa_wm_wall,11,1,fidelity_constrained_latent_only,fidelity_constrained_latent_only__seed11401,11401,14029,6,1.8980572778084204
Wall,jepa_wm_wall,12,1,fidelity_constrained_latent_only,fidelity_constrained_latent_only__seed11401,11401,14029,1,0.9483168697556102
Wall,jepa_wm_wall,12,1,fidelity_constrained_latent_only,fidelity_constrained_latent_only__seed11401,11401,14029,3,1.545988673889904
Wall,jepa_wm_wall,12,1,fidelity_constrained_latent_only,fidelity_constrained_latent_only__seed11401,11401,14029,6,2.05247155078625
Wall,jepa_wm_wall,13,1,fidelity_constrained_latent_only,fidelity_constrained_latent_only__seed11401,11401,14029,1,1.4363559851068712
Wall,jepa_wm_wall,13,1,fidelity_constrained_latent_only,fidelity_constrained_latent_only__seed11401,11401,14029,3,1.631698053285047
Wall,jepa_wm_wall,13,1,fidelity_constrained_latent_only,fidelity_constrained_latent_only__seed11401,11401,14029,6,1.9892942088175978
Wall,jepa_wm_wall,14,1,fidelity_constrained_latent_only,fidelity_constrained_latent_only__seed11401,11401,14029,1,0.9036194683786107
Wall,jepa_wm_wall,14,1,fidelity_constrained_latent_only,fidelity_constrained_latent_only__seed11401,11401,14029,3,1.8256104386345435
Wall,jepa_wm_wall,14,1,fidelity_constrained_latent_only,fidelity_constrained_latent_only__seed11401,11401,14029,6,1.833299198372507
Wall,jepa_wm_wall,15,1,fidelity_constrained_latent_only,fidelity_constrained_latent_only__seed11401,11401,14029,1,1.227639432121538
Wall,jepa_wm_wall,15,1,fidelity_constrained_latent_only,fidelity_constrained_latent_only__seed11401,11401,14029,3,2.012927511680966
Wall,jepa_wm_wall,15,1,fidelity_constrained_latent_only,fidelity_constrained_latent_only__seed11401,11401,14029,6,2.295171021324157
Wall,jepa_wm_wall,16,2,fidelity_constrained_latent_only,fidelity_constrained_latent_only__seed11401,11401,14029,1,1.2325447087367214
Wall,jepa_wm_wall,16,2,fidelity_constrained_latent_only,fidelity_constrained_latent_only__seed11401,11401,14029,3,1.861341615514079
Wall,jepa_wm_wall,16,2,fidelity_constrained_latent_only,fidelity_constrained_latent_only__seed11401,11401,14029,6,2.1033795796668175
Wall,jepa_wm_wall,17,2,fidelity_constrained_latent_only,fidelity_constrained_latent_only__seed11401,11401,14029,1,1.268728978122058
Wall,jepa_wm_wall,17,2,fidelity_constrained_latent_only,fidelity_constrained_latent_only__seed11401,11401,14029,3,1.7154881042613495
Wall,jepa_wm_wall,17,2,fidelity_constrained_latent_only,fidelity_constrained_latent_only__seed11401,11401,14029,6,2.2483524765562724
Wall,jepa_wm_wall,18,2,fidelity_constrained_latent_only,fidelity_constrained_latent_only__seed11401,11401,14029,1,1.0022995984622791
Wall,jepa_wm_wall,18,2,fidelity_constrained_latent_only,fidelity_constrained_latent_only__seed11401,11401,14029,3,1.4981785236442802
Wall,jepa_wm_wall,18,2,fidelity_constrained_latent_only,fidelity_constrained_latent_only__seed11401,11401,14029,6,2.1762372223119613
Wall,jepa_wm_wall,19,2,fidelity_constrained_latent_only,fidelity_constrained_latent_only__seed11401,11401,14029,1,1.6763128551073259
Wall,jepa_wm_wall,19,2,fidelity_constrained_latent_only,fidelity_constrained_latent_only__seed11401,11401,14029,3,1.9407089155937922
Wall,jepa_wm_wall,19,2,fidelity_constrained_latent_only,fidelity_constrained_latent_only__seed11401,11401,14029,6,2.0641782737808403
Wall,jepa_wm_wall,20,2,fidelity_constrained_latent_only,fidelity_constrained_latent_only__seed11401,11401,14029,1,1.6331340657161835
Wall,jepa_wm_wall,20,2,fidelity_constrained_latent_only,fidelity_constrained_latent_only__seed11401,11401,14029,3,1.9901587011137616
Wall,jepa_wm_wall,20,2,fidelity_constrained_latent_only,fidelity_constrained_latent_only__seed11401,11401,14029,6,2.240844322141777
Wall,jepa_wm_wall,21,2,fidelity_constrained_latent_only,fidelity_constrained_latent_only__seed11401,11401,14029,1,1.0594136256466204
Wall,jepa_wm_wall,21,2,fidelity_constrained_latent_only,fidelity_constrained_latent_only__seed11401,11401,14029,3,1.5866733312108634
Wall,jepa_wm_wall,21,2,fidelity_constrained_latent_only,fidelity_constrained_latent_only__seed11401,11401,14029,6,2.291783883225864
Wall,jepa_wm_wall,22,2,fidelity_constrained_latent_only,fidelity_constrained_latent_only__seed11401,11401,14029,1,1.2525035724618288
Wall,jepa_wm_wall,22,2,fidelity_constrained_latent_only,fidelity_constrained_latent_only__seed11401,11401,14029,3,1.7377525219262089
Wall,jepa_wm_wall,22,2,fidelity_constrained_latent_only,fidelity_constrained_latent_only__seed11401,11401,14029,6,2.2842431362465296
Wall,jepa_wm_wall,23,2,fidelity_constrained_latent_only,fidelity_constrained_latent_only__seed11401,11401,14029,1,1.154587535369993
Wall,jepa_wm_wall,23,2,fidelity_constrained_latent_only,fidelity_constrained_latent_only__seed11401,11401,14029,3,1.731849635669006
Wall,jepa_wm_wall,23,2,fidelity_constrained_latent_only,fidelity_constrained_latent_only__seed11401,11401,14029,6,2.105823144079128
Wall,jepa_wm_wall,48,6,fidelity_constrained_latent_only,fidelity_constrained_latent_only__seed11401,11401,14029,1,1.424740615983895
Wall,jepa_wm_wall,48,6,fidelity_constrained_latent_only,fidelity_constrained_latent_only__seed11401,11401,14029,3,2.2573114470486666
Wall,jepa_wm_wall,48,6,fidelity_constrained_latent_only,fidelity_constrained_latent_only__seed11401,11401,14029,6,2.419656171256792
Wall,jepa_wm_wall,49,6,fidelity_constrained_latent_only,fidelity_constrained_latent_only__seed11401,11401,14029,1,1.42736464671033
Wall,jepa_wm_wall,49,6,fidelity_constrained_latent_only,fidelity_constrained_latent_only__seed11401,11401,14029,3,2.2563729367639622
Wall,jepa_wm_wall,49,6,fidelity_constrained_latent_only,fidelity_constrained_latent_only__seed11401,11401,14029,6,2.37775669754931
Wall,jepa_wm_wall,50,6,fidelity_constrained_latent_only,fidelity_constrained_latent_only__seed11401,11401,14029,1,1.5362944256459485
Wall,jepa_wm_wall,50,6,fidelity_constrained_latent_only,fidelity_constrained_latent_only__seed11401,11401,14029,3,2.1692234653701146
Wall,jepa_wm_wall,50,6,fidelity_constrained_latent_only,fidelity_constrained_latent_only__seed11401,11401,14029,6,2.5371829147242617
Wall,jepa_wm_wall,51,6,fidelity_constrained_latent_only,fidelity_constrained_latent_only__seed11401,11401,14029,1,1.7399423252352213
Wall,jepa_wm_wall,51,6,fidelity_constrained_latent_only,fidelity_constrained_latent_only__seed11401,11401,14029,3,2.193723751955118
Wall,jepa_wm_wall,51,6,fidelity_constrained_latent_only,fidelity_constrained_latent_only__seed11401,11401,14029,6,2.389209907035576
Wall,jepa_wm_wall,52,6,fidelity_constrained_latent_only,fidelity_constrained_latent_only__seed11401,11401,14029,1,1.4554757301016117
Wall,jepa_wm_wall,52,6,fidelity_constrained_latent_only,fidelity_constrained_latent_only__seed11401,11401,14029,3,2.0362331499601716
Wall,jepa_wm_wall,52,6,fidelity_constrained_latent_only,fidelity_constrained_latent_only__seed11401,11401,14029,6,2.621376442745341
Wall,jepa_wm_wall,53,6,fidelity_constrained_latent_only,fidelity_constrained_latent_only__seed11401,11401,14029,1,1.1884703260916216
Wall,jepa_wm_wall,53,6,fidelity_constrained_latent_only,fidelity_constrained_latent_only__seed11401,11401,14029,3,2.0232944201858327
Wall,jepa_wm_wall,53,6,fidelity_constrained_latent_only,fidelity_constrained_latent_only__seed11401,11401,14029,6,2.3742091227027613
Wall,jepa_wm_wall,54,6,fidelity_constrained_latent_only,fidelity_constrained_latent_only__seed11401,11401,14029,1,1.728628140045962
Wall,jepa_wm_wall,54,6,fidelity_constrained_latent_only,fidelity_constrained_latent_only__seed11401,11401,14029,3,2.1484025057558105
Wall,jepa_wm_wall,54,6,fidelity_constrained_latent_only,fidelity_constrained_latent_only__seed11401,11401,14029,6,2.5734532701180868
Wall,jepa_wm_wall,55,6,fidelity_constrained_latent_only,fidelity_constrained_latent_only__seed11401,11401,14029,1,1.392590036048766
Wall,jepa_wm_wall,55,6,fidelity_constrained_latent_only,fidelity_constrained_latent_only__seed11401,11401,14029,3,1.8596059512941943
Wall,jepa_wm_wall,55,6,fidelity_constrained_latent_only,fidelity_constrained_latent_only__seed11401,11401,14029,6,2.5062471315327093
Wall,jepa_wm_wall,8,1,fidelity_constrained_shuffled_geometry,fidelity_constrained_shuffled_geometry__seed11401,11401,14029,1,1.9588506774306886
Wall,jepa_wm_wall,8,1,fidelity_constrained_shuffled_geometry,fidelity_constrained_shuffled_geometry__seed11401,11401,14029,3,1.9523165890940002
Wall,jepa_wm_wall,8,1,fidelity_constrained_shuffled_geometry,fidelity_constrained_shuffled_geometry__seed11401,11401,14029,6,1.7660818335745854
Wall,jepa_wm_wall,9,1,fidelity_constrained_shuffled_geometry,fidelity_constrained_shuffled_geometry__seed11401,11401,14029,1,0.9966192063797137
Wall,jepa_wm_wall,9,1,fidelity_constrained_shuffled_geometry,fidelity_constrained_shuffled_geometry__seed11401,11401,14029,3,1.8217062569955154
Wall,jepa_wm_wall,9,1,fidelity_constrained_shuffled_geometry,fidelity_constrained_shuffled_geometry__seed11401,11401,14029,6,1.868837296822273
Wall,jepa_wm_wall,10,1,fidelity_constrained_shuffled_geometry,fidelity_constrained_shuffled_geometry__seed11401,11401,14029,1,1.7386578860756134
Wall,jepa_wm_wall,10,1,fidelity_constrained_shuffled_geometry,fidelity_constrained_shuffled_geometry__seed11401,11401,14029,3,2.086939840644448
Wall,jepa_wm_wall,10,1,fidelity_constrained_shuffled_geometry,fidelity_constrained_shuffled_geometry__seed11401,11401,14029,6,1.7749400481230786
Wall,jepa_wm_wall,11,1,fidelity_constrained_shuffled_geometry,fidelity_constrained_shuffled_geometry__seed11401,11401,14029,1,1.0752108879532167
Wall,jepa_wm_wall,11,1,fidelity_constrained_shuffled_geometry,fidelity_constrained_shuffled_geometry__seed11401,11401,14029,3,2.0582213655022152
Wall,jepa_wm_wall,11,1,fidelity_constrained_shuffled_geometry,fidelity_constrained_shuffled_geometry__seed11401,11401,14029,6,1.8655419899603802
Wall,jepa_wm_wall,12,1,fidelity_constrained_shuffled_geometry,fidelity_constrained_shuffled_geometry__seed11401,11401,14029,1,0.9834468941910725
Wall,jepa_wm_wall,12,1,fidelity_constrained_shuffled_geometry,fidelity_constrained_shuffled_geometry__seed11401,11401,14029,3,1.7751126568658895
Wall,jepa_wm_wall,12,1,fidelity_constrained_shuffled_geometry,fidelity_constrained_shuffled_geometry__seed11401,11401,14029,6,1.921743339216993
Wall,jepa_wm_wall,13,1,fidelity_constrained_shuffled_geometry,fidelity_constrained_shuffled_geometry__seed11401,11401,14029,1,1.6293182200278984
Wall,jepa_wm_wall,13,1,fidelity_constrained_shuffled_geometry,fidelity_constrained_shuffled_geometry__seed11401,11401,14029,3,1.7203934330551136
Wall,jepa_wm_wall,13,1,fidelity_constrained_shuffled_geometry,fidelity_constrained_shuffled_geometry__seed11401,11401,14029,6,1.774666077994037
Wall,jepa_wm_wall,14,1,fidelity_constrained_shuffled_geometry,fidelity_constrained_shuffled_geometry__seed11401,11401,14029,1,0.9280542918354574
Wall,jepa_wm_wall,14,1,fidelity_constrained_shuffled_geometry,fidelity_constrained_shuffled_geometry__seed11401,11401,14029,3,1.9075018494868639
Wall,jepa_wm_wall,14,1,fidelity_constrained_shuffled_geometry,fidelity_constrained_shuffled_geometry__seed11401,11401,14029,6,1.7853069508303077
Wall,jepa_wm_wall,15,1,fidelity_constrained_shuffled_geometry,fidelity_constrained_shuffled_geometry__seed11401,11401,14029,1,1.3075598275597742
Wall,jepa_wm_wall,15,1,fidelity_constrained_shuffled_geometry,fidelity_constrained_shuffled_geometry__seed11401,11401,14029,3,2.142806444877644
Wall,jepa_wm_wall,15,1,fidelity_constrained_shuffled_geometry,fidelity_constrained_shuffled_geometry__seed11401,11401,14029,6,1.9794810303496402
Wall,jepa_wm_wall,16,2,fidelity_constrained_shuffled_geometry,fidelity_constrained_shuffled_geometry__seed11401,11401,14029,1,1.1355559481169983
Wall,jepa_wm_wall,16,2,fidelity_constrained_shuffled_geometry,fidelity_constrained_shuffled_geometry__seed11401,11401,14029,3,1.9322280713293685
Wall,jepa_wm_wall,16,2,fidelity_constrained_shuffled_geometry,fidelity_constrained_shuffled_geometry__seed11401,11401,14029,6,2.1497280793098223
Wall,jepa_wm_wall,17,2,fidelity_constrained_shuffled_geometry,fidelity_constrained_shuffled_geometry__seed11401,11401,14029,1,1.192476857282279
Wall,jepa_wm_wall,17,2,fidelity_constrained_shuffled_geometry,fidelity_constrained_shuffled_geometry__seed11401,11401,14029,3,1.8774594209239368
Wall,jepa_wm_wall,17,2,fidelity_constrained_shuffled_geometry,fidelity_constrained_shuffled_geometry__seed11401,11401,14029,6,2.191355746087012
Wall,jepa_wm_wall,18,2,fidelity_constrained_shuffled_geometry,fidelity_constrained_shuffled_geometry__seed11401,11401,14029,1,0.9255767340480249
Wall,jepa_wm_wall,18,2,fidelity_constrained_shuffled_geometry,fidelity_constrained_shuffled_geometry__seed11401,11401,14029,3,1.4341023059898137
Wall,jepa_wm_wall,18,2,fidelity_constrained_shuffled_geometry,fidelity_constrained_shuffled_geometry__seed11401,11401,14029,6,2.3816823724312757
Wall,jepa_wm_wall,19,2,fidelity_constrained_shuffled_geometry,fidelity_constrained_shuffled_geometry__seed11401,11401,14029,1,1.7461953450329895
Wall,jepa_wm_wall,19,2,fidelity_constrained_shuffled_geometry,fidelity_constrained_shuffled_geometry__seed11401,11401,14029,3,2.0319235636404502
Wall,jepa_wm_wall,19,2,fidelity_constrained_shuffled_geometry,fidelity_constrained_shuffled_geometry__seed11401,11401,14029,6,2.085502266092296
Wall,jepa_wm_wall,20,2,fidelity_constrained_shuffled_geometry,fidelity_constrained_shuffled_geometry__seed11401,11401,14029,1,1.7408065140739983
Wall,jepa_wm_wall,20,2,fidelity_constrained_shuffled_geometry,fidelity_constrained_shuffled_geometry__seed11401,11401,14029,3,2.017328140719562
Wall,jepa_wm_wall,20,2,fidelity_constrained_shuffled_geometry,fidelity_constrained_shuffled_geometry__seed11401,11401,14029,6,2.2080064663993
Wall,jepa_wm_wall,21,2,fidelity_constrained_shuffled_geometry,fidelity_constrained_shuffled_geometry__seed11401,11401,14029,1,1.0908764499973904
Wall,jepa_wm_wall,21,2,fidelity_constrained_shuffled_geometry,fidelity_constrained_shuffled_geometry__seed11401,11401,14029,3,1.7533201920348662
Wall,jepa_wm_wall,21,2,fidelity_constrained_shuffled_geometry,fidelity_constrained_shuffled_geometry__seed11401,11401,14029,6,2.133922593152189
Wall,jepa_wm_wall,22,2,fidelity_constrained_shuffled_geometry,fidelity_constrained_shuffled_geometry__seed11401,11401,14029,1,1.2279232262906665
Wall,jepa_wm_wall,22,2,fidelity_constrained_shuffled_geometry,fidelity_constrained_shuffled_geometry__seed11401,11401,14029,3,1.8930312815138832
Wall,jepa_wm_wall,22,2,fidelity_constrained_shuffled_geometry,fidelity_constrained_shuffled_geometry__seed11401,11401,14029,6,2.2085784287418964
Wall,jepa_wm_wall,23,2,fidelity_constrained_shuffled_geometry,fidelity_constrained_shuffled_geometry__seed11401,11401,14029,1,1.0211056935796792
Wall,jepa_wm_wall,23,2,fidelity_constrained_shuffled_geometry,fidelity_constrained_shuffled_geometry__seed11401,11401,14029,3,1.7134102204860782
Wall,jepa_wm_wall,23,2,fidelity_constrained_shuffled_geometry,fidelity_constrained_shuffled_geometry__seed11401,11401,14029,6,2.093940060582831
Wall,jepa_wm_wall,48,6,fidelity_constrained_shuffled_geometry,fidelity_constrained_shuffled_geometry__seed11401,11401,14029,1,1.5015080185156604
Wall,jepa_wm_wall,48,6,fidelity_constrained_shuffled_geometry,fidelity_constrained_shuffled_geometry__seed11401,11401,14029,3,2.361709607725663
Wall,jepa_wm_wall,48,6,fidelity_constrained_shuffled_geometry,fidelity_constrained_shuffled_geometry__seed11401,11401,14029,6,2.250509418027406
Wall,jepa_wm_wall,49,6,fidelity_constrained_shuffled_geometry,fidelity_constrained_shuffled_geometry__seed11401,11401,14029,1,1.3829306864767272
Wall,jepa_wm_wall,49,6,fidelity_constrained_shuffled_geometry,fidelity_constrained_shuffled_geometry__seed11401,11401,14029,3,2.40755898580688
Wall,jepa_wm_wall,49,6,fidelity_constrained_shuffled_geometry,fidelity_constrained_shuffled_geometry__seed11401,11401,14029,6,2.180041334329242
Wall,jepa_wm_wall,50,6,fidelity_constrained_shuffled_geometry,fidelity_constrained_shuffled_geometry__seed11401,11401,14029,1,1.5357435749267394
Wall,jepa_wm_wall,50,6,fidelity_constrained_shuffled_geometry,fidelity_constrained_shuffled_geometry__seed11401,11401,14029,3,2.2609160546416307
Wall,jepa_wm_wall,50,6,fidelity_constrained_shuffled_geometry,fidelity_constrained_shuffled_geometry__seed11401,11401,14029,6,2.409892479626651
Wall,jepa_wm_wall,51,6,fidelity_constrained_shuffled_geometry,fidelity_constrained_shuffled_geometry__seed11401,11401,14029,1,1.8830489287299215
Wall,jepa_wm_wall,51,6,fidelity_constrained_shuffled_geometry,fidelity_constrained_shuffled_geometry__seed11401,11401,14029,3,2.259196765849861
Wall,jepa_wm_wall,51,6,fidelity_constrained_shuffled_geometry,fidelity_constrained_shuffled_geometry__seed11401,11401,14029,6,2.1434417409505664
Wall,jepa_wm_wall,52,6,fidelity_constrained_shuffled_geometry,fidelity_constrained_shuffled_geometry__seed11401,11401,14029,1,1.6316961449099665
Wall,jepa_wm_wall,52,6,fidelity_constrained_shuffled_geometry,fidelity_constrained_shuffled_geometry__seed11401,11401,14029,3,2.1840989784395552
Wall,jepa_wm_wall,52,6,fidelity_constrained_shuffled_geometry,fidelity_constrained_shuffled_geometry__seed11401,11401,14029,6,2.5472595503717805
Wall,jepa_wm_wall,53,6,fidelity_constrained_shuffled_geometry,fidelity_constrained_shuffled_geometry__seed11401,11401,14029,1,1.1591916457376135
Wall,jepa_wm_wall,53,6,fidelity_constrained_shuffled_geometry,fidelity_constrained_shuffled_geometry__seed11401,11401,14029,3,2.0783591191689577
Wall,jepa_wm_wall,53,6,fidelity_constrained_shuffled_geometry,fidelity_constrained_shuffled_geometry__seed11401,11401,14029,6,2.165148781612117
Wall,jepa_wm_wall,54,6,fidelity_constrained_shuffled_geometry,fidelity_constrained_shuffled_geometry__seed11401,11401,14029,1,1.802250377776315
Wall,jepa_wm_wall,54,6,fidelity_constrained_shuffled_geometry,fidelity_constrained_shuffled_geometry__seed11401,11401,14029,3,2.1898475403024684
Wall,jepa_wm_wall,54,6,fidelity_constrained_shuffled_geometry,fidelity_constrained_shuffled_geometry__seed11401,11401,14029,6,2.5503303349500057
Wall,jepa_wm_wall,55,6,fidelity_constrained_shuffled_geometry,fidelity_constrained_shuffled_geometry__seed11401,11401,14029,1,1.4008002586588046
Wall,jepa_wm_wall,55,6,fidelity_constrained_shuffled_geometry,fidelity_constrained_shuffled_geometry__seed11401,11401,14029,3,2.0739756955927144
Wall,jepa_wm_wall,55,6,fidelity_constrained_shuffled_geometry,fidelity_constrained_shuffled_geometry__seed11401,11401,14029,6,2.400053896544766
Wall,jepa_wm_wall,8,1,fidelity_constrained_matched_geometry,fidelity_constrained_matched_geometry__seed11401,11401,14029,1,1.917470441354775
Wall,jepa_wm_wall,8,1,fidelity_constrained_matched_geometry,fidelity_constrained_matched_geometry__seed11401,11401,14029,3,1.9113766699974082
Wall,jepa_wm_wall,8,1,fidelity_constrained_matched_geometry,fidelity_constrained_matched_geometry__seed11401,11401,14029,6,1.7212213903763316
Wall,jepa_wm_wall,9,1,fidelity_constrained_matched_geometry,fidelity_constrained_matched_geometry__seed11401,11401,14029,1,0.9437586543866462
Wall,jepa_wm_wall,9,1,fidelity_constrained_matched_geometry,fidelity_constrained_matched_geometry__seed11401,11401,14029,3,1.7541288193896063
Wall,jepa_wm_wall,9,1,fidelity_constrained_matched_geometry,fidelity_constrained_matched_geometry__seed11401,11401,14029,6,1.84233860670149
Wall,jepa_wm_wall,10,1,fidelity_constrained_matched_geometry,fidelity_constrained_matched_geometry__seed11401,11401,14029,1,1.7106750142443357
Wall,jepa_wm_wall,10,1,fidelity_constrained_matched_geometry,fidelity_constrained_matched_geometry__seed11401,11401,14029,3,2.011327687454959
Wall,jepa_wm_wall,10,1,fidelity_constrained_matched_geometry,fidelity_constrained_matched_geometry__seed11401,11401,14029,6,1.7439972527703513
Wall,jepa_wm_wall,11,1,fidelity_constrained_matched_geometry,fidelity_constrained_matched_geometry__seed11401,11401,14029,1,1.084809608090836
Wall,jepa_wm_wall,11,1,fidelity_constrained_matched_geometry,fidelity_constrained_matched_geometry__seed11401,11401,14029,3,2.004632370172878
Wall,jepa_wm_wall,11,1,fidelity_constrained_matched_geometry,fidelity_constrained_matched_geometry__seed11401,11401,14029,6,1.7727117086935769
Wall,jepa_wm_wall,12,1,fidelity_constrained_matched_geometry,fidelity_constrained_matched_geometry__seed11401,11401,14029,1,0.9601284912472754
Wall,jepa_wm_wall,12,1,fidelity_constrained_matched_geometry,fidelity_constrained_matched_geometry__seed11401,11401,14029,3,1.6346704376587446
Wall,jepa_wm_wall,12,1,fidelity_constrained_matched_geometry,fidelity_constrained_matched_geometry__seed11401,11401,14029,6,1.9716935424182302
Wall,jepa_wm_wall,13,1,fidelity_constrained_matched_geometry,fidelity_constrained_matched_geometry__seed11401,11401,14029,1,1.559515684585829
Wall,jepa_wm_wall,13,1,fidelity_constrained_matched_geometry,fidelity_constrained_matched_geometry__seed11401,11401,14029,3,1.6613208833484123
Wall,jepa_wm_wall,13,1,fidelity_constrained_matched_geometry,fidelity_constrained_matched_geometry__seed11401,11401,14029,6,1.8560175745329548
Wall,jepa_wm_wall,14,1,fidelity_constrained_matched_geometry,fidelity_constrained_matched_geometry__seed11401,11401,14029,1,0.8979266343805403
Wall,jepa_wm_wall,14,1,fidelity_constrained_matched_geometry,fidelity_constrained_matched_geometry__seed11401,11401,14029,3,1.9283552280985714
Wall,jepa_wm_wall,14,1,fidelity_constrained_matched_geometry,fidelity_constrained_matched_geometry__seed11401,11401,14029,6,1.757931962006938
Wall,jepa_wm_wall,15,1,fidelity_constrained_matched_geometry,fidelity_constrained_matched_geometry__seed11401,11401,14029,1,1.281346757277081
Wall,jepa_wm_wall,15,1,fidelity_constrained_matched_geometry,fidelity_constrained_matched_geometry__seed11401,11401,14029,3,2.112060645946258
Wall,jepa_wm_wall,15,1,fidelity_constrained_matched_geometry,fidelity_constrained_matched_geometry__seed11401,11401,14029,6,2.118611242922418
Wall,jepa_wm_wall,16,2,fidelity_constrained_matched_geometry,fidelity_constrained_matched_geometry__seed11401,11401,14029,1,1.187916549863609
Wall,jepa_wm_wall,16,2,fidelity_constrained_matched_geometry,fidelity_constrained_matched_geometry__seed11401,11401,14029,3,1.8219992057964136
Wall,jepa_wm_wall,16,2,fidelity_constrained_matched_geometry,fidelity_constrained_matched_geometry__seed11401,11401,14029,6,2.0677980847030955
Wall,jepa_wm_wall,17,2,fidelity_constrained_matched_geometry,fidelity_constrained_matched_geometry__seed11401,11401,14029,1,1.2080297082964824
Wall,jepa_wm_wall,17,2,fidelity_constrained_matched_geometry,fidelity_constrained_matched_geometry__seed11401,11401,14029,3,1.820648736763032
Wall,jepa_wm_wall,17,2,fidelity_constrained_matched_geometry,fidelity_constrained_matched_geometry__seed11401,11401,14029,6,2.1403812121174033
Wall,jepa_wm_wall,18,2,fidelity_constrained_matched_geometry,fidelity_constrained_matched_geometry__seed11401,11401,14029,1,0.9403305155632115
Wall,jepa_wm_wall,18,2,fidelity_constrained_matched_geometry,fidelity_constrained_matched_geometry__seed11401,11401,14029,3,1.3770076963333178
Wall,jepa_wm_wall,18,2,fidelity_constrained_matched_geometry,fidelity_constrained_matched_geometry__seed11401,11401,14029,6,2.3396745275443
Wall,jepa_wm_wall,19,2,fidelity_constrained_matched_geometry,fidelity_constrained_matched_geometry__seed11401,11401,14029,1,1.7059222658125321
Wall,jepa_wm_wall,19,2,fidelity_constrained_matched_geometry,fidelity_constrained_matched_geometry__seed11401,11401,14029,3,1.9797723560932656
Wall,jepa_wm_wall,19,2,fidelity_constrained_matched_geometry,fidelity_constrained_matched_geometry__seed11401,11401,14029,6,1.9806632664036632
Wall,jepa_wm_wall,20,2,fidelity_constrained_matched_geometry,fidelity_constrained_matched_geometry__seed11401,11401,14029,1,1.7494905958465796
Wall,jepa_wm_wall,20,2,fidelity_constrained_matched_geometry,fidelity_constrained_matched_geometry__seed11401,11401,14029,3,1.9749560149194412
Wall,jepa_wm_wall,20,2,fidelity_constrained_matched_geometry,fidelity_constrained_matched_geometry__seed11401,11401,14029,6,2.133914939446324
Wall,jepa_wm_wall,21,2,fidelity_constrained_matched_geometry,fidelity_constrained_matched_geometry__seed11401,11401,14029,1,1.101212613548925
Wall,jepa_wm_wall,21,2,fidelity_constrained_matched_geometry,fidelity_constrained_matched_geometry__seed11401,11401,14029,3,1.6639884586700187
Wall,jepa_wm_wall,21,2,fidelity_constrained_matched_geometry,fidelity_constrained_matched_geometry__seed11401,11401,14029,6,2.088277349856535
Wall,jepa_wm_wall,22,2,fidelity_constrained_matched_geometry,fidelity_constrained_matched_geometry__seed11401,11401,14029,1,1.2362315574906582
Wall,jepa_wm_wall,22,2,fidelity_constrained_matched_geometry,fidelity_constrained_matched_geometry__seed11401,11401,14029,3,1.8300906287089738
Wall,jepa_wm_wall,22,2,fidelity_constrained_matched_geometry,fidelity_constrained_matched_geometry__seed11401,11401,14029,6,2.1628601982193816
Wall,jepa_wm_wall,23,2,fidelity_constrained_matched_geometry,fidelity_constrained_matched_geometry__seed11401,11401,14029,1,1.048116432780728
Wall,jepa_wm_wall,23,2,fidelity_constrained_matched_geometry,fidelity_constrained_matched_geometry__seed11401,11401,14029,3,1.6482006666896973
Wall,jepa_wm_wall,23,2,fidelity_constrained_matched_geometry,fidelity_constrained_matched_geometry__seed11401,11401,14029,6,2.0679919048745736
Wall,jepa_wm_wall,48,6,fidelity_constrained_matched_geometry,fidelity_constrained_matched_geometry__seed11401,11401,14029,1,1.465211885854468
Wall,jepa_wm_wall,48,6,fidelity_constrained_matched_geometry,fidelity_constrained_matched_geometry__seed11401,11401,14029,3,2.2983460122342234
Wall,jepa_wm_wall,48,6,fidelity_constrained_matched_geometry,fidelity_constrained_matched_geometry__seed11401,11401,14029,6,2.2444062164519463
Wall,jepa_wm_wall,49,6,fidelity_constrained_matched_geometry,fidelity_constrained_matched_geometry__seed11401,11401,14029,1,1.3803562224515682
Wall,jepa_wm_wall,49,6,fidelity_constrained_matched_geometry,fidelity_constrained_matched_geometry__seed11401,11401,14029,3,2.338398557720778
Wall,jepa_wm_wall,49,6,fidelity_constrained_matched_geometry,fidelity_constrained_matched_geometry__seed11401,11401,14029,6,2.2017452904770853
Wall,jepa_wm_wall,50,6,fidelity_constrained_matched_geometry,fidelity_constrained_matched_geometry__seed11401,11401,14029,1,1.5042914650682555
Wall,jepa_wm_wall,50,6,fidelity_constrained_matched_geometry,fidelity_constrained_matched_geometry__seed11401,11401,14029,3,2.1583114598097897
Wall,jepa_wm_wall,50,6,fidelity_constrained_matched_geometry,fidelity_constrained_matched_geometry__seed11401,11401,14029,6,2.382986827868146
Wall,jepa_wm_wall,51,6,fidelity_constrained_matched_geometry,fidelity_constrained_matched_geometry__seed11401,11401,14029,1,1.8640175474114236
Wall,jepa_wm_wall,51,6,fidelity_constrained_matched_geometry,fidelity_constrained_matched_geometry__seed11401,11401,14029,3,2.2033996963025286
Wall,jepa_wm_wall,51,6,fidelity_constrained_matched_geometry,fidelity_constrained_matched_geometry__seed11401,11401,14029,6,2.071251312677964
Wall,jepa_wm_wall,52,6,fidelity_constrained_matched_geometry,fidelity_constrained_matched_geometry__seed11401,11401,14029,1,1.552871910910401
Wall,jepa_wm_wall,52,6,fidelity_constrained_matched_geometry,fidelity_constrained_matched_geometry__seed11401,11401,14029,3,2.0645912734910525
Wall,jepa_wm_wall,52,6,fidelity_constrained_matched_geometry,fidelity_constrained_matched_geometry__seed11401,11401,14029,6,2.592394828981911
Wall,jepa_wm_wall,53,6,fidelity_constrained_matched_geometry,fidelity_constrained_matched_geometry__seed11401,11401,14029,1,1.1364985926848639
Wall,jepa_wm_wall,53,6,fidelity_constrained_matched_geometry,fidelity_constrained_matched_geometry__seed11401,11401,14029,3,2.015355401839952
Wall,jepa_wm_wall,53,6,fidelity_constrained_matched_geometry,fidelity_constrained_matched_geometry__seed11401,11401,14029,6,2.1442648585099633
Wall,jepa_wm_wall,54,6,fidelity_constrained_matched_geometry,fidelity_constrained_matched_geometry__seed11401,11401,14029,1,1.7324545056891636
Wall,jepa_wm_wall,54,6,fidelity_constrained_matched_geometry,fidelity_constrained_matched_geometry__seed11401,11401,14029,3,2.1084069429644057
Wall,jepa_wm_wall,54,6,fidelity_constrained_matched_geometry,fidelity_constrained_matched_geometry__seed11401,11401,14029,6,2.5129058395606685
Wall,jepa_wm_wall,55,6,fidelity_constrained_matched_geometry,fidelity_constrained_matched_geometry__seed11401,11401,14029,1,1.3670259989116373
Wall,jepa_wm_wall,55,6,fidelity_constrained_matched_geometry,fidelity_constrained_matched_geometry__seed11401,11401,14029,3,1.9887965670426688
Wall,jepa_wm_wall,55,6,fidelity_constrained_matched_geometry,fidelity_constrained_matched_geometry__seed11401,11401,14029,6,2.3336685540895803
Wall,jepa_wm_wall,8,1,fidelity_constrained_latent_only,fidelity_constrained_latent_only__seed11419,11419,14029,1,1.8029312726752837
Wall,jepa_wm_wall,8,1,fidelity_constrained_latent_only,fidelity_constrained_latent_only__seed11419,11419,14029,3,1.8357766027396762
Wall,jepa_wm_wall,8,1,fidelity_constrained_latent_only,fidelity_constrained_latent_only__seed11419,11419,14029,6,1.839990391249934
Wall,jepa_wm_wall,9,1,fidelity_constrained_latent_only,fidelity_constrained_latent_only__seed11419,11419,14029,1,0.919435281120836
Wall,jepa_wm_wall,9,1,fidelity_constrained_latent_only,fidelity_constrained_latent_only__seed11419,11419,14029,3,1.6688038952452293
Wall,jepa_wm_wall,9,1,fidelity_constrained_latent_only,fidelity_constrained_latent_only__seed11419,11419,14029,6,1.852277814923678
Wall,jepa_wm_wall,10,1,fidelity_constrained_latent_only,fidelity_constrained_latent_only__seed11419,11419,14029,1,1.661913918717369
Wall,jepa_wm_wall,10,1,fidelity_constrained_latent_only,fidelity_constrained_latent_only__seed11419,11419,14029,3,1.9542924807794706
Wall,jepa_wm_wall,10,1,fidelity_constrained_latent_only,fidelity_constrained_latent_only__seed11419,11419,14029,6,1.858412715285115
Wall,jepa_wm_wall,11,1,fidelity_constrained_latent_only,fidelity_constrained_latent_only__seed11419,11419,14029,1,1.0880889928898814
Wall,jepa_wm_wall,11,1,fidelity_constrained_latent_only,fidelity_constrained_latent_only__seed11419,11419,14029,3,2.041068274900215
Wall,jepa_wm_wall,11,1,fidelity_constrained_latent_only,fidelity_constrained_latent_only__seed11419,11419,14029,6,1.872482165038672
Wall,jepa_wm_wall,12,1,fidelity_constrained_latent_only,fidelity_constrained_latent_only__seed11419,11419,14029,1,0.9524950501286205
Wall,jepa_wm_wall,12,1,fidelity_constrained_latent_only,fidelity_constrained_latent_only__seed11419,11419,14029,3,1.5491702948676511
Wall,jepa_wm_wall,12,1,fidelity_constrained_latent_only,fidelity_constrained_latent_only__seed11419,11419,14029,6,2.0259445110872014
Wall,jepa_wm_wall,13,1,fidelity_constrained_latent_only,fidelity_constrained_latent_only__seed11419,11419,14029,1,1.4459209236831316
Wall,jepa_wm_wall,13,1,fidelity_constrained_latent_only,fidelity_constrained_latent_only__seed11419,11419,14029,3,1.6419371046885616
Wall,jepa_wm_wall,13,1,fidelity_constrained_latent_only,fidelity_constrained_latent_only__seed11419,11419,14029,6,2.027202455795026
Wall,jepa_wm_wall,14,1,fidelity_constrained_latent_only,fidelity_constrained_latent_only__seed11419,11419,14029,1,0.9167090357524826
Wall,jepa_wm_wall,14,1,fidelity_constrained_latent_only,fidelity_constrained_latent_only__seed11419,11419,14029,3,1.8236344380598504
Wall,jepa_wm_wall,14,1,fidelity_constrained_latent_only,fidelity_constrained_latent_only__seed11419,11419,14029,6,1.805431496481837
Wall,jepa_wm_wall,15,1,fidelity_constrained_latent_only,fidelity_constrained_latent_only__seed11419,11419,14029,1,1.2296375567914597
Wall,jepa_wm_wall,15,1,fidelity_constrained_latent_only,fidelity_constrained_latent_only__seed11419,11419,14029,3,1.9975663646241295
Wall,jepa_wm_wall,15,1,fidelity_constrained_latent_only,fidelity_constrained_latent_only__seed11419,11419,14029,6,2.2663826742518753
Wall,jepa_wm_wall,16,2,fidelity_constrained_latent_only,fidelity_constrained_latent_only__seed11419,11419,14029,1,1.230419180161367
Wall,jepa_wm_wall,16,2,fidelity_constrained_latent_only,fidelity_constrained_latent_only__seed11419,11419,14029,3,1.8528480552363
Wall,jepa_wm_wall,16,2,fidelity_constrained_latent_only,fidelity_constrained_latent_only__seed11419,11419,14029,6,2.163394616947484
Wall,jepa_wm_wall,17,2,fidelity_constrained_latent_only,fidelity_constrained_latent_only__seed11419,11419,14029,1,1.2650498995385377
Wall,jepa_wm_wall,17,2,fidelity_constrained_latent_only,fidelity_constrained_latent_only__seed11419,11419,14029,3,1.7001815903266446
Wall,jepa_wm_wall,17,2,fidelity_constrained_latent_only,fidelity_constrained_latent_only__seed11419,11419,14029,6,2.2596320203396405
Wall,jepa_wm_wall,18,2,fidelity_constrained_latent_only,fidelity_constrained_latent_only__seed11419,11419,14029,1,1.0017503838732555
Wall,jepa_wm_wall,18,2,fidelity_constrained_latent_only,fidelity_constrained_latent_only__seed11419,11419,14029,3,1.4908326068757527
Wall,jepa_wm_wall,18,2,fidelity_constrained_latent_only,fidelity_constrained_latent_only__seed11419,11419,14029,6,2.1798285882274246
Wall,jepa_wm_wall,19,2,fidelity_constrained_latent_only,fidelity_constrained_latent_only__seed11419,11419,14029,1,1.676193363239661
Wall,jepa_wm_wall,19,2,fidelity_constrained_latent_only,fidelity_constrained_latent_only__seed11419,11419,14029,3,1.946604076480139
Wall,jepa_wm_wall,19,2,fidelity_constrained_latent_only,fidelity_constrained_latent_only__seed11419,11419,14029,6,2.0700370191791597
Wall,jepa_wm_wall,20,2,fidelity_constrained_latent_only,fidelity_constrained_latent_only__seed11419,11419,14029,1,1.6318919024086564
Wall,jepa_wm_wall,20,2,fidelity_constrained_latent_only,fidelity_constrained_latent_only__seed11419,11419,14029,3,1.982022036010187
Wall,jepa_wm_wall,20,2,fidelity_constrained_latent_only,fidelity_constrained_latent_only__seed11419,11419,14029,6,2.233671462561794
Wall,jepa_wm_wall,21,2,fidelity_constrained_latent_only,fidelity_constrained_latent_only__seed11419,11419,14029,1,1.062511274112429
Wall,jepa_wm_wall,21,2,fidelity_constrained_latent_only,fidelity_constrained_latent_only__seed11419,11419,14029,3,1.556428663918524
Wall,jepa_wm_wall,21,2,fidelity_constrained_latent_only,fidelity_constrained_latent_only__seed11419,11419,14029,6,2.2215724049551535
Wall,jepa_wm_wall,22,2,fidelity_constrained_latent_only,fidelity_constrained_latent_only__seed11419,11419,14029,1,1.2504787699635391
Wall,jepa_wm_wall,22,2,fidelity_constrained_latent_only,fidelity_constrained_latent_only__seed11419,11419,14029,3,1.7198907106649204
Wall,jepa_wm_wall,22,2,fidelity_constrained_latent_only,fidelity_constrained_latent_only__seed11419,11419,14029,6,2.2718121025460323
Wall,jepa_wm_wall,23,2,fidelity_constrained_latent_only,fidelity_constrained_latent_only__seed11419,11419,14029,1,1.1570534777026316
Wall,jepa_wm_wall,23,2,fidelity_constrained_latent_only,fidelity_constrained_latent_only__seed11419,11419,14029,3,1.7349077095847851
Wall,jepa_wm_wall,23,2,fidelity_constrained_latent_only,fidelity_constrained_latent_only__seed11419,11419,14029,6,2.0735341491050163
Wall,jepa_wm_wall,48,6,fidelity_constrained_latent_only,fidelity_constrained_latent_only__seed11419,11419,14029,1,1.4274044232127614
Wall,jepa_wm_wall,48,6,fidelity_constrained_latent_only,fidelity_constrained_latent_only__seed11419,11419,14029,3,2.249669976187604
Wall,jepa_wm_wall,48,6,fidelity_constrained_latent_only,fidelity_constrained_latent_only__seed11419,11419,14029,6,2.4456258944055214
Wall,jepa_wm_wall,49,6,fidelity_constrained_latent_only,fidelity_constrained_latent_only__seed11419,11419,14029,1,1.4325497926287925
Wall,jepa_wm_wall,49,6,fidelity_constrained_latent_only,fidelity_constrained_latent_only__seed11419,11419,14029,3,2.252905469047706
Wall,jepa_wm_wall,49,6,fidelity_constrained_latent_only,fidelity_constrained_latent_only__seed11419,11419,14029,6,2.445290825152033
Wall,jepa_wm_wall,50,6,fidelity_constrained_latent_only,fidelity_constrained_latent_only__seed11419,11419,14029,1,1.5391376795831433
Wall,jepa_wm_wall,50,6,fidelity_constrained_latent_only,fidelity_constrained_latent_only__seed11419,11419,14029,3,2.158030031971123
Wall,jepa_wm_wall,50,6,fidelity_constrained_latent_only,fidelity_constrained_latent_only__seed11419,11419,14029,6,2.515910138613
Wall,jepa_wm_wall,51,6,fidelity_constrained_latent_only,fidelity_constrained_latent_only__seed11419,11419,14029,1,1.7364216272961084
Wall,jepa_wm_wall,51,6,fidelity_constrained_latent_only,fidelity_constrained_latent_only__seed11419,11419,14029,3,2.187464359336701
Wall,jepa_wm_wall,51,6,fidelity_constrained_latent_only,fidelity_constrained_latent_only__seed11419,11419,14029,6,2.4064238103345383
Wall,jepa_wm_wall,52,6,fidelity_constrained_latent_only,fidelity_constrained_latent_only__seed11419,11419,14029,1,1.4529405129139568
Wall,jepa_wm_wall,52,6,fidelity_constrained_latent_only,fidelity_constrained_latent_only__seed11419,11419,14029,3,2.024980429561199
Wall,jepa_wm_wall,52,6,fidelity_constrained_latent_only,fidelity_constrained_latent_only__seed11419,11419,14029,6,2.7082763163945627
Wall,jepa_wm_wall,53,6,fidelity_constrained_latent_only,fidelity_constrained_latent_only__seed11419,11419,14029,1,1.1891228376118468
Wall,jepa_wm_wall,53,6,fidelity_constrained_latent_only,fidelity_constrained_latent_only__seed11419,11419,14029,3,2.018768393163048
Wall,jepa_wm_wall,53,6,fidelity_constrained_latent_only,fidelity_constrained_latent_only__seed11419,11419,14029,6,2.383989656717661
Wall,jepa_wm_wall,54,6,fidelity_constrained_latent_only,fidelity_constrained_latent_only__seed11419,11419,14029,1,1.7306748145373645
Wall,jepa_wm_wall,54,6,fidelity_constrained_latent_only,fidelity_constrained_latent_only__seed11419,11419,14029,3,2.157798698145394
Wall,jepa_wm_wall,54,6,fidelity_constrained_latent_only,fidelity_constrained_latent_only__seed11419,11419,14029,6,2.61861852619782
Wall,jepa_wm_wall,55,6,fidelity_constrained_latent_only,fidelity_constrained_latent_only__seed11419,11419,14029,1,1.393587999449674
Wall,jepa_wm_wall,55,6,fidelity_constrained_latent_only,fidelity_constrained_latent_only__seed11419,11419,14029,3,1.878970490411077
Wall,jepa_wm_wall,55,6,fidelity_constrained_latent_only,fidelity_constrained_latent_only__seed11419,11419,14029,6,2.459401388966409
Wall,jepa_wm_wall,8,1,fidelity_constrained_shuffled_geometry,fidelity_constrained_shuffled_geometry__seed11419,11419,14029,1,1.955258299630531
Wall,jepa_wm_wall,8,1,fidelity_constrained_shuffled_geometry,fidelity_constrained_shuffled_geometry__seed11419,11419,14029,3,1.9532080670595324
Wall,jepa_wm_wall,8,1,fidelity_constrained_shuffled_geometry,fidelity_constrained_shuffled_geometry__seed11419,11419,14029,6,1.7334628287433063
Wall,jepa_wm_wall,9,1,fidelity_constrained_shuffled_geometry,fidelity_constrained_shuffled_geometry__seed11419,11419,14029,1,0.9928145116470593
Wall,jepa_wm_wall,9,1,fidelity_constrained_shuffled_geometry,fidelity_constrained_shuffled_geometry__seed11419,11419,14029,3,1.8214114018681251
Wall,jepa_wm_wall,9,1,fidelity_constrained_shuffled_geometry,fidelity_constrained_shuffled_geometry__seed11419,11419,14029,6,1.8658581124643425
Wall,jepa_wm_wall,10,1,fidelity_constrained_shuffled_geometry,fidelity_constrained_shuffled_geometry__seed11419,11419,14029,1,1.7395696918204049
Wall,jepa_wm_wall,10,1,fidelity_constrained_shuffled_geometry,fidelity_constrained_shuffled_geometry__seed11419,11419,14029,3,2.0950192861992756
Wall,jepa_wm_wall,10,1,fidelity_constrained_shuffled_geometry,fidelity_constrained_shuffled_geometry__seed11419,11419,14029,6,1.7456960564076924
Wall,jepa_wm_wall,11,1,fidelity_constrained_shuffled_geometry,fidelity_constrained_shuffled_geometry__seed11419,11419,14029,1,1.0716980847589783
Wall,jepa_wm_wall,11,1,fidelity_constrained_shuffled_geometry,fidelity_constrained_shuffled_geometry__seed11419,11419,14029,3,2.0724627442507493
Wall,jepa_wm_wall,11,1,fidelity_constrained_shuffled_geometry,fidelity_constrained_shuffled_geometry__seed11419,11419,14029,6,1.8417522779459279
Wall,jepa_wm_wall,12,1,fidelity_constrained_shuffled_geometry,fidelity_constrained_shuffled_geometry__seed11419,11419,14029,1,0.9821091509613332
Wall,jepa_wm_wall,12,1,fidelity_constrained_shuffled_geometry,fidelity_constrained_shuffled_geometry__seed11419,11419,14029,3,1.789516430487518
Wall,jepa_wm_wall,12,1,fidelity_constrained_shuffled_geometry,fidelity_constrained_shuffled_geometry__seed11419,11419,14029,6,1.9391472273680197
Wall,jepa_wm_wall,13,1,fidelity_constrained_shuffled_geometry,fidelity_constrained_shuffled_geometry__seed11419,11419,14029,1,1.6372446184120721
Wall,jepa_wm_wall,13,1,fidelity_constrained_shuffled_geometry,fidelity_constrained_shuffled_geometry__seed11419,11419,14029,3,1.7440223994104886
Wall,jepa_wm_wall,13,1,fidelity_constrained_shuffled_geometry,fidelity_constrained_shuffled_geometry__seed11419,11419,14029,6,1.776154767175899
Wall,jepa_wm_wall,14,1,fidelity_constrained_shuffled_geometry,fidelity_constrained_shuffled_geometry__seed11419,11419,14029,1,0.9305453204752344
Wall,jepa_wm_wall,14,1,fidelity_constrained_shuffled_geometry,fidelity_constrained_shuffled_geometry__seed11419,11419,14029,3,1.914064320175679
Wall,jepa_wm_wall,14,1,fidelity_constrained_shuffled_geometry,fidelity_constrained_shuffled_geometry__seed11419,11419,14029,6,1.8046765776036724
Wall,jepa_wm_wall,15,1,fidelity_constrained_shuffled_geometry,fidelity_constrained_shuffled_geometry__seed11419,11419,14029,1,1.3040154967843556
Wall,jepa_wm_wall,15,1,fidelity_constrained_shuffled_geometry,fidelity_constrained_shuffled_geometry__seed11419,11419,14029,3,2.1236262889563737
Wall,jepa_wm_wall,15,1,fidelity_constrained_shuffled_geometry,fidelity_constrained_shuffled_geometry__seed11419,11419,14029,6,1.9750224290849347
Wall,jepa_wm_wall,16,2,fidelity_constrained_shuffled_geometry,fidelity_constrained_shuffled_geometry__seed11419,11419,14029,1,1.1362860912350237
Wall,jepa_wm_wall,16,2,fidelity_constrained_shuffled_geometry,fidelity_constrained_shuffled_geometry__seed11419,11419,14029,3,1.938815815934333
Wall,jepa_wm_wall,16,2,fidelity_constrained_shuffled_geometry,fidelity_constrained_shuffled_geometry__seed11419,11419,14029,6,2.1491140744645287
Wall,jepa_wm_wall,17,2,fidelity_constrained_shuffled_geometry,fidelity_constrained_shuffled_geometry__seed11419,11419,14029,1,1.19202526244386
Wall,jepa_wm_wall,17,2,fidelity_constrained_shuffled_geometry,fidelity_constrained_shuffled_geometry__seed11419,11419,14029,3,1.8602630139111558
Wall,jepa_wm_wall,17,2,fidelity_constrained_shuffled_geometry,fidelity_constrained_shuffled_geometry__seed11419,11419,14029,6,2.181619537965105
Wall,jepa_wm_wall,18,2,fidelity_constrained_shuffled_geometry,fidelity_constrained_shuffled_geometry__seed11419,11419,14029,1,0.9220052566696342
Wall,jepa_wm_wall,18,2,fidelity_constrained_shuffled_geometry,fidelity_constrained_shuffled_geometry__seed11419,11419,14029,3,1.448433463844097
Wall,jepa_wm_wall,18,2,fidelity_constrained_shuffled_geometry,fidelity_constrained_shuffled_geometry__seed11419,11419,14029,6,2.3883810282223163
Wall,jepa_wm_wall,19,2,fidelity_constrained_shuffled_geometry,fidelity_constrained_shuffled_geometry__seed11419,11419,14029,1,1.7467708223290104
Wall,jepa_wm_wall,19,2,fidelity_constrained_shuffled_geometry,fidelity_constrained_shuffled_geometry__seed11419,11419,14029,3,2.018948199016126
Wall,jepa_wm_wall,19,2,fidelity_constrained_shuffled_geometry,fidelity_constrained_shuffled_geometry__seed11419,11419,14029,6,2.1066347124776548
Wall,jepa_wm_wall,20,2,fidelity_constrained_shuffled_geometry,fidelity_constrained_shuffled_geometry__seed11419,11419,14029,1,1.7388830289388575
Wall,jepa_wm_wall,20,2,fidelity_constrained_shuffled_geometry,fidelity_constrained_shuffled_geometry__seed11419,11419,14029,3,2.0033163761346873
Wall,jepa_wm_wall,20,2,fidelity_constrained_shuffled_geometry,fidelity_constrained_shuffled_geometry__seed11419,11419,14029,6,2.207340854247313
Wall,jepa_wm_wall,21,2,fidelity_constrained_shuffled_geometry,fidelity_constrained_shuffled_geometry__seed11419,11419,14029,1,1.0913939647054018
Wall,jepa_wm_wall,21,2,fidelity_constrained_shuffled_geometry,fidelity_constrained_shuffled_geometry__seed11419,11419,14029,3,1.7568426373972645
Wall,jepa_wm_wall,21,2,fidelity_constrained_shuffled_geometry,fidelity_constrained_shuffled_geometry__seed11419,11419,14029,6,2.1271876626310666
Wall,jepa_wm_wall,22,2,fidelity_constrained_shuffled_geometry,fidelity_constrained_shuffled_geometry__seed11419,11419,14029,1,1.2275013317994217
Wall,jepa_wm_wall,22,2,fidelity_constrained_shuffled_geometry,fidelity_constrained_shuffled_geometry__seed11419,11419,14029,3,1.874468051066014
Wall,jepa_wm_wall,22,2,fidelity_constrained_shuffled_geometry,fidelity_constrained_shuffled_geometry__seed11419,11419,14029,6,2.2063466332127075
Wall,jepa_wm_wall,23,2,fidelity_constrained_shuffled_geometry,fidelity_constrained_shuffled_geometry__seed11419,11419,14029,1,1.028206162980569
Wall,jepa_wm_wall,23,2,fidelity_constrained_shuffled_geometry,fidelity_constrained_shuffled_geometry__seed11419,11419,14029,3,1.7181989993720612
Wall,jepa_wm_wall,23,2,fidelity_constrained_shuffled_geometry,fidelity_constrained_shuffled_geometry__seed11419,11419,14029,6,2.0857061685928002
Wall,jepa_wm_wall,48,6,fidelity_constrained_shuffled_geometry,fidelity_constrained_shuffled_geometry__seed11419,11419,14029,1,1.5017853236980119
Wall,jepa_wm_wall,48,6,fidelity_constrained_shuffled_geometry,fidelity_constrained_shuffled_geometry__seed11419,11419,14029,3,2.361076126997663
Wall,jepa_wm_wall,48,6,fidelity_constrained_shuffled_geometry,fidelity_constrained_shuffled_geometry__seed11419,11419,14029,6,2.239551534478489
Wall,jepa_wm_wall,49,6,fidelity_constrained_shuffled_geometry,fidelity_constrained_shuffled_geometry__seed11419,11419,14029,1,1.382697714504985
Wall,jepa_wm_wall,49,6,fidelity_constrained_shuffled_geometry,fidelity_constrained_shuffled_geometry__seed11419,11419,14029,3,2.401917716720432
Wall,jepa_wm_wall,49,6,fidelity_constrained_shuffled_geometry,fidelity_constrained_shuffled_geometry__seed11419,11419,14029,6,2.1836998385904995
Wall,jepa_wm_wall,50,6,fidelity_constrained_shuffled_geometry,fidelity_constrained_shuffled_geometry__seed11419,11419,14029,1,1.5406693808667413
Wall,jepa_wm_wall,50,6,fidelity_constrained_shuffled_geometry,fidelity_constrained_shuffled_geometry__seed11419,11419,14029,3,2.2496797764301566
Wall,jepa_wm_wall,50,6,fidelity_constrained_shuffled_geometry,fidelity_constrained_shuffled_geometry__seed11419,11419,14029,6,2.3773802076648827
Wall,jepa_wm_wall,51,6,fidelity_constrained_shuffled_geometry,fidelity_constrained_shuffled_geometry__seed11419,11419,14029,1,1.8813727239207896
Wall,jepa_wm_wall,51,6,fidelity_constrained_shuffled_geometry,fidelity_constrained_shuffled_geometry__seed11419,11419,14029,3,2.2582920568427203
Wall,jepa_wm_wall,51,6,fidelity_constrained_shuffled_geometry,fidelity_constrained_shuffled_geometry__seed11419,11419,14029,6,2.1349108317761303
Wall,jepa_wm_wall,52,6,fidelity_constrained_shuffled_geometry,fidelity_constrained_shuffled_geometry__seed11419,11419,14029,1,1.6289564864631403
Wall,jepa_wm_wall,52,6,fidelity_constrained_shuffled_geometry,fidelity_constrained_shuffled_geometry__seed11419,11419,14029,3,2.186325033949573
Wall,jepa_wm_wall,52,6,fidelity_constrained_shuffled_geometry,fidelity_constrained_shuffled_geometry__seed11419,11419,14029,6,2.5422215912519084
Wall,jepa_wm_wall,53,6,fidelity_constrained_shuffled_geometry,fidelity_constrained_shuffled_geometry__seed11419,11419,14029,1,1.161694560774998
Wall,jepa_wm_wall,53,6,fidelity_constrained_shuffled_geometry,fidelity_constrained_shuffled_geometry__seed11419,11419,14029,3,2.079019291917149
Wall,jepa_wm_wall,53,6,fidelity_constrained_shuffled_geometry,fidelity_constrained_shuffled_geometry__seed11419,11419,14029,6,2.160157233669695
Wall,jepa_wm_wall,54,6,fidelity_constrained_shuffled_geometry,fidelity_constrained_shuffled_geometry__seed11419,11419,14029,1,1.7972447399226879
Wall,jepa_wm_wall,54,6,fidelity_constrained_shuffled_geometry,fidelity_constrained_shuffled_geometry__seed11419,11419,14029,3,2.178893932061604
Wall,jepa_wm_wall,54,6,fidelity_constrained_shuffled_geometry,fidelity_constrained_shuffled_geometry__seed11419,11419,14029,6,2.518239109864355
Wall,jepa_wm_wall,55,6,fidelity_constrained_shuffled_geometry,fidelity_constrained_shuffled_geometry__seed11419,11419,14029,1,1.40110742745951
Wall,jepa_wm_wall,55,6,fidelity_constrained_shuffled_geometry,fidelity_constrained_shuffled_geometry__seed11419,11419,14029,3,2.0761605832582015
Wall,jepa_wm_wall,55,6,fidelity_constrained_shuffled_geometry,fidelity_constrained_shuffled_geometry__seed11419,11419,14029,6,2.3622471326330774
Wall,jepa_wm_wall,8,1,fidelity_constrained_matched_geometry,fidelity_constrained_matched_geometry__seed11419,11419,14029,1,1.9182420880329594
Wall,jepa_wm_wall,8,1,fidelity_constrained_matched_geometry,fidelity_constrained_matched_geometry__seed11419,11419,14029,3,1.9103570880604102
Wall,jepa_wm_wall,8,1,fidelity_constrained_matched_geometry,fidelity_constrained_matched_geometry__seed11419,11419,14029,6,1.7206802295151766
Wall,jepa_wm_wall,9,1,fidelity_constrained_matched_geometry,fidelity_constrained_matched_geometry__seed11419,11419,14029,1,0.942256433185548
Wall,jepa_wm_wall,9,1,fidelity_constrained_matched_geometry,fidelity_constrained_matched_geometry__seed11419,11419,14029,3,1.7560031802904887
Wall,jepa_wm_wall,9,1,fidelity_constrained_matched_geometry,fidelity_constrained_matched_geometry__seed11419,11419,14029,6,1.8427138996679464
Wall,jepa_wm_wall,10,1,fidelity_constrained_matched_geometry,fidelity_constrained_matched_geometry__seed11419,11419,14029,1,1.712350968967885
Wall,jepa_wm_wall,10,1,fidelity_constrained_matched_geometry,fidelity_constrained_matched_geometry__seed11419,11419,14029,3,2.0115152397790212
Wall,jepa_wm_wall,10,1,fidelity_constrained_matched_geometry,fidelity_constrained_matched_geometry__seed11419,11419,14029,6,1.7415395248511396
Wall,jepa_wm_wall,11,1,fidelity_constrained_matched_geometry,fidelity_constrained_matched_geometry__seed11419,11419,14029,1,1.0809617096288637
Wall,jepa_wm_wall,11,1,fidelity_constrained_matched_geometry,fidelity_constrained_matched_geometry__seed11419,11419,14029,3,2.008015175315545
Wall,jepa_wm_wall,11,1,fidelity_constrained_matched_geometry,fidelity_constrained_matched_geometry__seed11419,11419,14029,6,1.7709653241197454
Wall,jepa_wm_wall,12,1,fidelity_constrained_matched_geometry,fidelity_constrained_matched_geometry__seed11419,11419,14029,1,0.9574043804584481
Wall,jepa_wm_wall,12,1,fidelity_constrained_matched_geometry,fidelity_constrained_matched_geometry__seed11419,11419,14029,3,1.6356996857716162
Wall,jepa_wm_wall,12,1,fidelity_constrained_matched_geometry,fidelity_constrained_matched_geometry__seed11419,11419,14029,6,1.979623542900538
Wall,jepa_wm_wall,13,1,fidelity_constrained_matched_geometry,fidelity_constrained_matched_geometry__seed11419,11419,14029,1,1.5606339122038024
Wall,jepa_wm_wall,13,1,fidelity_constrained_matched_geometry,fidelity_constrained_matched_geometry__seed11419,11419,14029,3,1.6649583597418751
Wall,jepa_wm_wall,13,1,fidelity_constrained_matched_geometry,fidelity_constrained_matched_geometry__seed11419,11419,14029,6,1.87347891292835
Wall,jepa_wm_wall,14,1,fidelity_constrained_matched_geometry,fidelity_constrained_matched_geometry__seed11419,11419,14029,1,0.8959930056297916
Wall,jepa_wm_wall,14,1,fidelity_constrained_matched_geometry,fidelity_constrained_matched_geometry__seed11419,11419,14029,3,1.9311857627175015
Wall,jepa_wm_wall,14,1,fidelity_constrained_matched_geometry,fidelity_constrained_matched_geometry__seed11419,11419,14029,6,1.7552359374577988
Wall,jepa_wm_wall,15,1,fidelity_constrained_matched_geometry,fidelity_constrained_matched_geometry__seed11419,11419,14029,1,1.2812700272501372
Wall,jepa_wm_wall,15,1,fidelity_constrained_matched_geometry,fidelity_constrained_matched_geometry__seed11419,11419,14029,3,2.1138075232181315
Wall,jepa_wm_wall,15,1,fidelity_constrained_matched_geometry,fidelity_constrained_matched_geometry__seed11419,11419,14029,6,2.113355407977466
Wall,jepa_wm_wall,16,2,fidelity_constrained_matched_geometry,fidelity_constrained_matched_geometry__seed11419,11419,14029,1,1.184520010987804
Wall,jepa_wm_wall,16,2,fidelity_constrained_matched_geometry,fidelity_constrained_matched_geometry__seed11419,11419,14029,3,1.825383705425466
Wall,jepa_wm_wall,16,2,fidelity_constrained_matched_geometry,fidelity_constrained_matched_geometry__seed11419,11419,14029,6,2.0682368674700835
Wall,jepa_wm_wall,17,2,fidelity_constrained_matched_geometry,fidelity_constrained_matched_geometry__seed11419,11419,14029,1,1.207691829619911
Wall,jepa_wm_wall,17,2,fidelity_constrained_matched_geometry,fidelity_constrained_matched_geometry__seed11419,11419,14029,3,1.8252025416871598
Wall,jepa_wm_wall,17,2,fidelity_constrained_matched_geometry,fidelity_constrained_matched_geometry__seed11419,11419,14029,6,2.1400046156162578
Wall,jepa_wm_wall,18,2,fidelity_constrained_matched_geometry,fidelity_constrained_matched_geometry__seed11419,11419,14029,1,0.935403971943944
Wall,jepa_wm_wall,18,2,fidelity_constrained_matched_geometry,fidelity_constrained_matched_geometry__seed11419,11419,14029,3,1.3743600137886225
Wall,jepa_wm_wall,18,2,fidelity_constrained_matched_geometry,fidelity_constrained_matched_geometry__seed11419,11419,14029,6,2.334377781578385
Wall,jepa_wm_wall,19,2,fidelity_constrained_matched_geometry,fidelity_constrained_matched_geometry__seed11419,11419,14029,1,1.704715614917501
Wall,jepa_wm_wall,19,2,fidelity_constrained_matched_geometry,fidelity_constrained_matched_geometry__seed11419,11419,14029,3,1.9803076499918102
Wall,jepa_wm_wall,19,2,fidelity_constrained_matched_geometry,fidelity_constrained_matched_geometry__seed11419,11419,14029,6,1.9905077701099196
Wall,jepa_wm_wall,20,2,fidelity_constrained_matched_geometry,fidelity_constrained_matched_geometry__seed11419,11419,14029,1,1.747620624151292
Wall,jepa_wm_wall,20,2,fidelity_constrained_matched_geometry,fidelity_constrained_matched_geometry__seed11419,11419,14029,3,1.9784603192460966
Wall,jepa_wm_wall,20,2,fidelity_constrained_matched_geometry,fidelity_constrained_matched_geometry__seed11419,11419,14029,6,2.1294972418676776
Wall,jepa_wm_wall,21,2,fidelity_constrained_matched_geometry,fidelity_constrained_matched_geometry__seed11419,11419,14029,1,1.099659369374296
Wall,jepa_wm_wall,21,2,fidelity_constrained_matched_geometry,fidelity_constrained_matched_geometry__seed11419,11419,14029,3,1.6693969563014885
Wall,jepa_wm_wall,21,2,fidelity_constrained_matched_geometry,fidelity_constrained_matched_geometry__seed11419,11419,14029,6,2.0987831178002305
Wall,jepa_wm_wall,22,2,fidelity_constrained_matched_geometry,fidelity_constrained_matched_geometry__seed11419,11419,14029,1,1.235590809573628
Wall,jepa_wm_wall,22,2,fidelity_constrained_matched_geometry,fidelity_constrained_matched_geometry__seed11419,11419,14029,3,1.8343456291160423
Wall,jepa_wm_wall,22,2,fidelity_constrained_matched_geometry,fidelity_constrained_matched_geometry__seed11419,11419,14029,6,2.1626117783620016
Wall,jepa_wm_wall,23,2,fidelity_constrained_matched_geometry,fidelity_constrained_matched_geometry__seed11419,11419,14029,1,1.0465353659851226
Wall,jepa_wm_wall,23,2,fidelity_constrained_matched_geometry,fidelity_constrained_matched_geometry__seed11419,11419,14029,3,1.646933128341546
Wall,jepa_wm_wall,23,2,fidelity_constrained_matched_geometry,fidelity_constrained_matched_geometry__seed11419,11419,14029,6,2.072602790567437
Wall,jepa_wm_wall,48,6,fidelity_constrained_matched_geometry,fidelity_constrained_matched_geometry__seed11419,11419,14029,1,1.4624368871123063
Wall,jepa_wm_wall,48,6,fidelity_constrained_matched_geometry,fidelity_constrained_matched_geometry__seed11419,11419,14029,3,2.297584739224939
Wall,jepa_wm_wall,48,6,fidelity_constrained_matched_geometry,fidelity_constrained_matched_geometry__seed11419,11419,14029,6,2.246097613774541
Wall,jepa_wm_wall,49,6,fidelity_constrained_matched_geometry,fidelity_constrained_matched_geometry__seed11419,11419,14029,1,1.3786987090325427
Wall,jepa_wm_wall,49,6,fidelity_constrained_matched_geometry,fidelity_constrained_matched_geometry__seed11419,11419,14029,3,2.3386375677012055
Wall,jepa_wm_wall,49,6,fidelity_constrained_matched_geometry,fidelity_constrained_matched_geometry__seed11419,11419,14029,6,2.199552886180837
Wall,jepa_wm_wall,50,6,fidelity_constrained_matched_geometry,fidelity_constrained_matched_geometry__seed11419,11419,14029,1,1.5039006250731273
Wall,jepa_wm_wall,50,6,fidelity_constrained_matched_geometry,fidelity_constrained_matched_geometry__seed11419,11419,14029,3,2.1580751215579315
Wall,jepa_wm_wall,50,6,fidelity_constrained_matched_geometry,fidelity_constrained_matched_geometry__seed11419,11419,14029,6,2.3824288211494338
Wall,jepa_wm_wall,51,6,fidelity_constrained_matched_geometry,fidelity_constrained_matched_geometry__seed11419,11419,14029,1,1.8624799340076152
Wall,jepa_wm_wall,51,6,fidelity_constrained_matched_geometry,fidelity_constrained_matched_geometry__seed11419,11419,14029,3,2.207386764232805
Wall,jepa_wm_wall,51,6,fidelity_constrained_matched_geometry,fidelity_constrained_matched_geometry__seed11419,11419,14029,6,2.073667283243673
Wall,jepa_wm_wall,52,6,fidelity_constrained_matched_geometry,fidelity_constrained_matched_geometry__seed11419,11419,14029,1,1.5521301438395758
Wall,jepa_wm_wall,52,6,fidelity_constrained_matched_geometry,fidelity_constrained_matched_geometry__seed11419,11419,14029,3,2.0816994378215825
Wall,jepa_wm_wall,52,6,fidelity_constrained_matched_geometry,fidelity_constrained_matched_geometry__seed11419,11419,14029,6,2.6049186554115438
Wall,jepa_wm_wall,53,6,fidelity_constrained_matched_geometry,fidelity_constrained_matched_geometry__seed11419,11419,14029,1,1.1354345203343386
Wall,jepa_wm_wall,53,6,fidelity_constrained_matched_geometry,fidelity_constrained_matched_geometry__seed11419,11419,14029,3,2.0116606020302994
Wall,jepa_wm_wall,53,6,fidelity_constrained_matched_geometry,fidelity_constrained_matched_geometry__seed11419,11419,14029,6,2.134672831155082
Wall,jepa_wm_wall,54,6,fidelity_constrained_matched_geometry,fidelity_constrained_matched_geometry__seed11419,11419,14029,1,1.7329446307810608
Wall,jepa_wm_wall,54,6,fidelity_constrained_matched_geometry,fidelity_constrained_matched_geometry__seed11419,11419,14029,3,2.1092911486417094
Wall,jepa_wm_wall,54,6,fidelity_constrained_matched_geometry,fidelity_constrained_matched_geometry__seed11419,11419,14029,6,2.520266814740912
Wall,jepa_wm_wall,55,6,fidelity_constrained_matched_geometry,fidelity_constrained_matched_geometry__seed11419,11419,14029,1,1.3671170122031346
Wall,jepa_wm_wall,55,6,fidelity_constrained_matched_geometry,fidelity_constrained_matched_geometry__seed11419,11419,14029,3,1.9964011309357947
Wall,jepa_wm_wall,55,6,fidelity_constrained_matched_geometry,fidelity_constrained_matched_geometry__seed11419,11419,14029,6,2.3596679297450107
Wall,jepa_wm_wall,8,1,fidelity_constrained_latent_only,fidelity_constrained_latent_only__seed11437,11437,14029,1,1.8092777032714713
Wall,jepa_wm_wall,8,1,fidelity_constrained_latent_only,fidelity_constrained_latent_only__seed11437,11437,14029,3,1.8342662320570025
Wall,jepa_wm_wall,8,1,fidelity_constrained_latent_only,fidelity_constrained_latent_only__seed11437,11437,14029,6,1.8548545540421502
Wall,jepa_wm_wall,9,1,fidelity_constrained_latent_only,fidelity_constrained_latent_only__seed11437,11437,14029,1,0.9168788485059437
Wall,jepa_wm_wall,9,1,fidelity_constrained_latent_only,fidelity_constrained_latent_only__seed11437,11437,14029,3,1.68984701528905
Wall,jepa_wm_wall,9,1,fidelity_constrained_latent_only,fidelity_constrained_latent_only__seed11437,11437,14029,6,1.8557838556573891
Wall,jepa_wm_wall,10,1,fidelity_constrained_latent_only,fidelity_constrained_latent_only__seed11437,11437,14029,1,1.6682430413242857
Wall,jepa_wm_wall,10,1,fidelity_constrained_latent_only,fidelity_constrained_latent_only__seed11437,11437,14029,3,1.962971812345042
Wall,jepa_wm_wall,10,1,fidelity_constrained_latent_only,fidelity_constrained_latent_only__seed11437,11437,14029,6,1.8616493665244327
Wall,jepa_wm_wall,11,1,fidelity_constrained_latent_only,fidelity_constrained_latent_only__seed11437,11437,14029,1,1.0847585880983475
Wall,jepa_wm_wall,11,1,fidelity_constrained_latent_only,fidelity_constrained_latent_only__seed11437,11437,14029,3,2.0310263744697887
Wall,jepa_wm_wall,11,1,fidelity_constrained_latent_only,fidelity_constrained_latent_only__seed11437,11437,14029,6,1.8703110185503877
Wall,jepa_wm_wall,12,1,fidelity_constrained_latent_only,fidelity_constrained_latent_only__seed11437,11437,14029,1,0.9485984270791575
Wall,jepa_wm_wall,12,1,fidelity_constrained_latent_only,fidelity_constrained_latent_only__seed11437,11437,14029,3,1.544461269449507
Wall,jepa_wm_wall,12,1,fidelity_constrained_latent_only,fidelity_constrained_latent_only__seed11437,11437,14029,6,2.0663306418186598
Wall,jepa_wm_wall,13,1,fidelity_constrained_latent_only,fidelity_constrained_latent_only__seed11437,11437,14029,1,1.453702180048203
Wall,jepa_wm_wall,13,1,fidelity_constrained_latent_only,fidelity_constrained_latent_only__seed11437,11437,14029,3,1.6331905598383103
Wall,jepa_wm_wall,13,1,fidelity_constrained_latent_only,fidelity_constrained_latent_only__seed11437,11437,14029,6,1.9867740163924548
Wall,jepa_wm_wall,14,1,fidelity_constrained_latent_only,fidelity_constrained_latent_only__seed11437,11437,14029,1,0.9010709507543928
Wall,jepa_wm_wall,14,1,fidelity_constrained_latent_only,fidelity_constrained_latent_only__seed11437,11437,14029,3,1.8409850214655927
Wall,jepa_wm_wall,14,1,fidelity_constrained_latent_only,fidelity_constrained_latent_only__seed11437,11437,14029,6,1.8490358819328436
Wall,jepa_wm_wall,15,1,fidelity_constrained_latent_only,fidelity_constrained_latent_only__seed11437,11437,14029,1,1.231376606908067
Wall,jepa_wm_wall,15,1,fidelity_constrained_latent_only,fidelity_constrained_latent_only__seed11437,11437,14029,3,2.0197107398546064
Wall,jepa_wm_wall,15,1,fidelity_constrained_latent_only,fidelity_constrained_latent_only__seed11437,11437,14029,6,2.302124584941609
Wall,jepa_wm_wall,16,2,fidelity_constrained_latent_only,fidelity_constrained_latent_only__seed11437,11437,14029,1,1.2230087175516127
Wall,jepa_wm_wall,16,2,fidelity_constrained_latent_only,fidelity_constrained_latent_only__seed11437,11437,14029,3,1.8548531114179885
Wall,jepa_wm_wall,16,2,fidelity_constrained_latent_only,fidelity_constrained_latent_only__seed11437,11437,14029,6,2.157666882458796
Wall,jepa_wm_wall,17,2,fidelity_constrained_latent_only,fidelity_constrained_latent_only__seed11437,11437,14029,1,1.2545198883993627
Wall,jepa_wm_wall,17,2,fidelity_constrained_latent_only,fidelity_constrained_latent_only__seed11437,11437,14029,3,1.707358102184431
Wall,jepa_wm_wall,17,2,fidelity_constrained_latent_only,fidelity_constrained_latent_only__seed11437,11437,14029,6,2.253644567565555
Wall,jepa_wm_wall,18,2,fidelity_constrained_latent_only,fidelity_constrained_latent_only__seed11437,11437,14029,1,0.9841945198357462
Wall,jepa_wm_wall,18,2,fidelity_constrained_latent_only,fidelity_constrained_latent_only__seed11437,11437,14029,3,1.4760200407076394
Wall,jepa_wm_wall,18,2,fidelity_constrained_latent_only,fidelity_constrained_latent_only__seed11437,11437,14029,6,2.156505208124608
Wall,jepa_wm_wall,19,2,fidelity_constrained_latent_only,fidelity_constrained_latent_only__seed11437,11437,14029,1,1.685089652951465
Wall,jepa_wm_wall,19,2,fidelity_constrained_latent_only,fidelity_constrained_latent_only__seed11437,11437,14029,3,1.9418504938535857
Wall,jepa_wm_wall,19,2,fidelity_constrained_latent_only,fidelity_constrained_latent_only__seed11437,11437,14029,6,2.0693313764538273
Wall,jepa_wm_wall,20,2,fidelity_constrained_latent_only,fidelity_constrained_latent_only__seed11437,11437,14029,1,1.6343278759702236
Wall,jepa_wm_wall,20,2,fidelity_constrained_latent_only,fidelity_constrained_latent_only__seed11437,11437,14029,3,1.9918108490898356
Wall,jepa_wm_wall,20,2,fidelity_constrained_latent_only,fidelity_constrained_latent_only__seed11437,11437,14029,6,2.231358269984279
Wall,jepa_wm_wall,21,2,fidelity_constrained_latent_only,fidelity_constrained_latent_only__seed11437,11437,14029,1,1.05802026826064
Wall,jepa_wm_wall,21,2,fidelity_constrained_latent_only,fidelity_constrained_latent_only__seed11437,11437,14029,3,1.5535577100574478
Wall,jepa_wm_wall,21,2,fidelity_constrained_latent_only,fidelity_constrained_latent_only__seed11437,11437,14029,6,2.253520906874045
Wall,jepa_wm_wall,22,2,fidelity_constrained_latent_only,fidelity_constrained_latent_only__seed11437,11437,14029,1,1.241396030721295
Wall,jepa_wm_wall,22,2,fidelity_constrained_latent_only,fidelity_constrained_latent_only__seed11437,11437,14029,3,1.7278817111432823
Wall,jepa_wm_wall,22,2,fidelity_constrained_latent_only,fidelity_constrained_latent_only__seed11437,11437,14029,6,2.2822835659496845
Wall,jepa_wm_wall,23,2,fidelity_constrained_latent_only,fidelity_constrained_latent_only__seed11437,11437,14029,1,1.1451892373553718
Wall,jepa_wm_wall,23,2,fidelity_constrained_latent_only,fidelity_constrained_latent_only__seed11437,11437,14029,3,1.7254288831436055
Wall,jepa_wm_wall,23,2,fidelity_constrained_latent_only,fidelity_constrained_latent_only__seed11437,11437,14029,6,2.0971890491248253
Wall,jepa_wm_wall,48,6,fidelity_constrained_latent_only,fidelity_constrained_latent_only__seed11437,11437,14029,1,1.4316169974936939
Wall,jepa_wm_wall,48,6,fidelity_constrained_latent_only,fidelity_constrained_latent_only__seed11437,11437,14029,3,2.259758638461117
Wall,jepa_wm_wall,48,6,fidelity_constrained_latent_only,fidelity_constrained_latent_only__seed11437,11437,14029,6,2.451776571862473
Wall,jepa_wm_wall,49,6,fidelity_constrained_latent_only,fidelity_constrained_latent_only__seed11437,11437,14029,1,1.4329326060173306
Wall,jepa_wm_wall,49,6,fidelity_constrained_latent_only,fidelity_constrained_latent_only__seed11437,11437,14029,3,2.2501935398956783
Wall,jepa_wm_wall,49,6,fidelity_constrained_latent_only,fidelity_constrained_latent_only__seed11437,11437,14029,6,2.431506716184556
Wall,jepa_wm_wall,50,6,fidelity_constrained_latent_only,fidelity_constrained_latent_only__seed11437,11437,14029,1,1.536842515334508
Wall,jepa_wm_wall,50,6,fidelity_constrained_latent_only,fidelity_constrained_latent_only__seed11437,11437,14029,3,2.171749676644237
Wall,jepa_wm_wall,50,6,fidelity_constrained_latent_only,fidelity_constrained_latent_only__seed11437,11437,14029,6,2.544136404413795
Wall,jepa_wm_wall,51,6,fidelity_constrained_latent_only,fidelity_constrained_latent_only__seed11437,11437,14029,1,1.7486600652893571
Wall,jepa_wm_wall,51,6,fidelity_constrained_latent_only,fidelity_constrained_latent_only__seed11437,11437,14029,3,2.18878249138145
Wall,jepa_wm_wall,51,6,fidelity_constrained_latent_only,fidelity_constrained_latent_only__seed11437,11437,14029,6,2.348401998821895
Wall,jepa_wm_wall,52,6,fidelity_constrained_latent_only,fidelity_constrained_latent_only__seed11437,11437,14029,1,1.4522655362981192
Wall,jepa_wm_wall,52,6,fidelity_constrained_latent_only,fidelity_constrained_latent_only__seed11437,11437,14029,3,2.015606160889187
Wall,jepa_wm_wall,52,6,fidelity_constrained_latent_only,fidelity_constrained_latent_only__seed11437,11437,14029,6,2.657237561354617
Wall,jepa_wm_wall,53,6,fidelity_constrained_latent_only,fidelity_constrained_latent_only__seed11437,11437,14029,1,1.1826018017643685
Wall,jepa_wm_wall,53,6,fidelity_constrained_latent_only,fidelity_constrained_latent_only__seed11437,11437,14029,3,2.009480186054075
Wall,jepa_wm_wall,53,6,fidelity_constrained_latent_only,fidelity_constrained_latent_only__seed11437,11437,14029,6,2.3468210204894824
Wall,jepa_wm_wall,54,6,fidelity_constrained_latent_only,fidelity_constrained_latent_only__seed11437,11437,14029,1,1.7342758559942772
Wall,jepa_wm_wall,54,6,fidelity_constrained_latent_only,fidelity_constrained_latent_only__seed11437,11437,14029,3,2.1507944185385366
Wall,jepa_wm_wall,54,6,fidelity_constrained_latent_only,fidelity_constrained_latent_only__seed11437,11437,14029,6,2.6414978762071972
Wall,jepa_wm_wall,55,6,fidelity_constrained_latent_only,fidelity_constrained_latent_only__seed11437,11437,14029,1,1.3932421264734096
Wall,jepa_wm_wall,55,6,fidelity_constrained_latent_only,fidelity_constrained_latent_only__seed11437,11437,14029,3,1.8709180832218122
Wall,jepa_wm_wall,55,6,fidelity_constrained_latent_only,fidelity_constrained_latent_only__seed11437,11437,14029,6,2.4818965948681324
Wall,jepa_wm_wall,8,1,fidelity_constrained_shuffled_geometry,fidelity_constrained_shuffled_geometry__seed11437,11437,14029,1,1.9570600147681332
Wall,jepa_wm_wall,8,1,fidelity_constrained_shuffled_geometry,fidelity_constrained_shuffled_geometry__seed11437,11437,14029,3,1.946792609002693
Wall,jepa_wm_wall,8,1,fidelity_constrained_shuffled_geometry,fidelity_constrained_shuffled_geometry__seed11437,11437,14029,6,1.7176105294257584
Wall,jepa_wm_wall,9,1,fidelity_constrained_shuffled_geometry,fidelity_constrained_shuffled_geometry__seed11437,11437,14029,1,0.9985439471742463
Wall,jepa_wm_wall,9,1,fidelity_constrained_shuffled_geometry,fidelity_constrained_shuffled_geometry__seed11437,11437,14029,3,1.8304572682325972
Wall,jepa_wm_wall,9,1,fidelity_constrained_shuffled_geometry,fidelity_constrained_shuffled_geometry__seed11437,11437,14029,6,1.855327097609761
Wall,jepa_wm_wall,10,1,fidelity_constrained_shuffled_geometry,fidelity_constrained_shuffled_geometry__seed11437,11437,14029,1,1.7427348076852387
Wall,jepa_wm_wall,10,1,fidelity_constrained_shuffled_geometry,fidelity_constrained_shuffled_geometry__seed11437,11437,14029,3,2.0814177546885624
Wall,jepa_wm_wall,10,1,fidelity_constrained_shuffled_geometry,fidelity_constrained_shuffled_geometry__seed11437,11437,14029,6,1.770051553325828
Wall,jepa_wm_wall,11,1,fidelity_constrained_shuffled_geometry,fidelity_constrained_shuffled_geometry__seed11437,11437,14029,1,1.0821026919431511
Wall,jepa_wm_wall,11,1,fidelity_constrained_shuffled_geometry,fidelity_constrained_shuffled_geometry__seed11437,11437,14029,3,2.0645950945378018
Wall,jepa_wm_wall,11,1,fidelity_constrained_shuffled_geometry,fidelity_constrained_shuffled_geometry__seed11437,11437,14029,6,1.882465418754764
Wall,jepa_wm_wall,12,1,fidelity_constrained_shuffled_geometry,fidelity_constrained_shuffled_geometry__seed11437,11437,14029,1,0.9794513863479937
Wall,jepa_wm_wall,12,1,fidelity_constrained_shuffled_geometry,fidelity_constrained_shuffled_geometry__seed11437,11437,14029,3,1.7791712877055037
Wall,jepa_wm_wall,12,1,fidelity_constrained_shuffled_geometry,fidelity_constrained_shuffled_geometry__seed11437,11437,14029,6,1.9394866899313388
Wall,jepa_wm_wall,13,1,fidelity_constrained_shuffled_geometry,fidelity_constrained_shuffled_geometry__seed11437,11437,14029,1,1.6387362407628518
Wall,jepa_wm_wall,13,1,fidelity_constrained_shuffled_geometry,fidelity_constrained_shuffled_geometry__seed11437,11437,14029,3,1.7385625150771562
Wall,jepa_wm_wall,13,1,fidelity_constrained_shuffled_geometry,fidelity_constrained_shuffled_geometry__seed11437,11437,14029,6,1.7567543690386955
Wall,jepa_wm_wall,14,1,fidelity_constrained_shuffled_geometry,fidelity_constrained_shuffled_geometry__seed11437,11437,14029,1,0.9275947760790644
Wall,jepa_wm_wall,14,1,fidelity_constrained_shuffled_geometry,fidelity_constrained_shuffled_geometry__seed11437,11437,14029,3,1.900458647946404
Wall,jepa_wm_wall,14,1,fidelity_constrained_shuffled_geometry,fidelity_constrained_shuffled_geometry__seed11437,11437,14029,6,1.7825623436558777
Wall,jepa_wm_wall,15,1,fidelity_constrained_shuffled_geometry,fidelity_constrained_shuffled_geometry__seed11437,11437,14029,1,1.3031067341930518
Wall,jepa_wm_wall,15,1,fidelity_constrained_shuffled_geometry,fidelity_constrained_shuffled_geometry__seed11437,11437,14029,3,2.1441557857932367
Wall,jepa_wm_wall,15,1,fidelity_constrained_shuffled_geometry,fidelity_constrained_shuffled_geometry__seed11437,11437,14029,6,1.9991503001936137
Wall,jepa_wm_wall,16,2,fidelity_constrained_shuffled_geometry,fidelity_constrained_shuffled_geometry__seed11437,11437,14029,1,1.1400365583978522
Wall,jepa_wm_wall,16,2,fidelity_constrained_shuffled_geometry,fidelity_constrained_shuffled_geometry__seed11437,11437,14029,3,1.9369830487083013
Wall,jepa_wm_wall,16,2,fidelity_constrained_shuffled_geometry,fidelity_constrained_shuffled_geometry__seed11437,11437,14029,6,2.1721876670364573
Wall,jepa_wm_wall,17,2,fidelity_constrained_shuffled_geometry,fidelity_constrained_shuffled_geometry__seed11437,11437,14029,1,1.1908429912599514
Wall,jepa_wm_wall,17,2,fidelity_constrained_shuffled_geometry,fidelity_constrained_shuffled_geometry__seed11437,11437,14029,3,1.8435178517758088
Wall,jepa_wm_wall,17,2,fidelity_constrained_shuffled_geometry,fidelity_constrained_shuffled_geometry__seed11437,11437,14029,6,2.1699765538987075
Wall,jepa_wm_wall,18,2,fidelity_constrained_shuffled_geometry,fidelity_constrained_shuffled_geometry__seed11437,11437,14029,1,0.9196942515908034
Wall,jepa_wm_wall,18,2,fidelity_constrained_shuffled_geometry,fidelity_constrained_shuffled_geometry__seed11437,11437,14029,3,1.429695800082937
Wall,jepa_wm_wall,18,2,fidelity_constrained_shuffled_geometry,fidelity_constrained_shuffled_geometry__seed11437,11437,14029,6,2.3756280610141367
Wall,jepa_wm_wall,19,2,fidelity_constrained_shuffled_geometry,fidelity_constrained_shuffled_geometry__seed11437,11437,14029,1,1.7496465766809783
Wall,jepa_wm_wall,19,2,fidelity_constrained_shuffled_geometry,fidelity_constrained_shuffled_geometry__seed11437,11437,14029,3,2.0105153252148247
Wall,jepa_wm_wall,19,2,fidelity_constrained_shuffled_geometry,fidelity_constrained_shuffled_geometry__seed11437,11437,14029,6,2.0951951357244987
Wall,jepa_wm_wall,20,2,fidelity_constrained_shuffled_geometry,fidelity_constrained_shuffled_geometry__seed11437,11437,14029,1,1.7359815893384132
Wall,jepa_wm_wall,20,2,fidelity_constrained_shuffled_geometry,fidelity_constrained_shuffled_geometry__seed11437,11437,14029,3,1.998568464073563
Wall,jepa_wm_wall,20,2,fidelity_constrained_shuffled_geometry,fidelity_constrained_shuffled_geometry__seed11437,11437,14029,6,2.2067417254649073
Wall,jepa_wm_wall,21,2,fidelity_constrained_shuffled_geometry,fidelity_constrained_shuffled_geometry__seed11437,11437,14029,1,1.0924446295035746
Wall,jepa_wm_wall,21,2,fidelity_constrained_shuffled_geometry,fidelity_constrained_shuffled_geometry__seed11437,11437,14029,3,1.7559628136668584
Wall,jepa_wm_wall,21,2,fidelity_constrained_shuffled_geometry,fidelity_constrained_shuffled_geometry__seed11437,11437,14029,6,2.148604744319261
Wall,jepa_wm_wall,22,2,fidelity_constrained_shuffled_geometry,fidelity_constrained_shuffled_geometry__seed11437,11437,14029,1,1.225607843739793
Wall,jepa_wm_wall,22,2,fidelity_constrained_shuffled_geometry,fidelity_constrained_shuffled_geometry__seed11437,11437,14029,3,1.8568410379284588
Wall,jepa_wm_wall,22,2,fidelity_constrained_shuffled_geometry,fidelity_constrained_shuffled_geometry__seed11437,11437,14029,6,2.1892726780216867
Wall,jepa_wm_wall,23,2,fidelity_constrained_shuffled_geometry,fidelity_constrained_shuffled_geometry__seed11437,11437,14029,1,1.0291681341927794
Wall,jepa_wm_wall,23,2,fidelity_constrained_shuffled_geometry,fidelity_constrained_shuffled_geometry__seed11437,11437,14029,3,1.7005174197403516
Wall,jepa_wm_wall,23,2,fidelity_constrained_shuffled_geometry,fidelity_constrained_shuffled_geometry__seed11437,11437,14029,6,2.092225306252614
Wall,jepa_wm_wall,48,6,fidelity_constrained_shuffled_geometry,fidelity_constrained_shuffled_geometry__seed11437,11437,14029,1,1.50190886452171
Wall,jepa_wm_wall,48,6,fidelity_constrained_shuffled_geometry,fidelity_constrained_shuffled_geometry__seed11437,11437,14029,3,2.3631637872392885
Wall,jepa_wm_wall,48,6,fidelity_constrained_shuffled_geometry,fidelity_constrained_shuffled_geometry__seed11437,11437,14029,6,2.242646778807456
Wall,jepa_wm_wall,49,6,fidelity_constrained_shuffled_geometry,fidelity_constrained_shuffled_geometry__seed11437,11437,14029,1,1.3843160981667109
Wall,jepa_wm_wall,49,6,fidelity_constrained_shuffled_geometry,fidelity_constrained_shuffled_geometry__seed11437,11437,14029,3,2.3787821706795156
Wall,jepa_wm_wall,49,6,fidelity_constrained_shuffled_geometry,fidelity_constrained_shuffled_geometry__seed11437,11437,14029,6,2.2222042078982325
Wall,jepa_wm_wall,50,6,fidelity_constrained_shuffled_geometry,fidelity_constrained_shuffled_geometry__seed11437,11437,14029,1,1.5358498375246858
Wall,jepa_wm_wall,50,6,fidelity_constrained_shuffled_geometry,fidelity_constrained_shuffled_geometry__seed11437,11437,14029,3,2.2551901555275773
Wall,jepa_wm_wall,50,6,fidelity_constrained_shuffled_geometry,fidelity_constrained_shuffled_geometry__seed11437,11437,14029,6,2.37641042435853
Wall,jepa_wm_wall,51,6,fidelity_constrained_shuffled_geometry,fidelity_constrained_shuffled_geometry__seed11437,11437,14029,1,1.8812670181235425
Wall,jepa_wm_wall,51,6,fidelity_constrained_shuffled_geometry,fidelity_constrained_shuffled_geometry__seed11437,11437,14029,3,2.2589785710926242
Wall,jepa_wm_wall,51,6,fidelity_constrained_shuffled_geometry,fidelity_constrained_shuffled_geometry__seed11437,11437,14029,6,2.0813672530329956
Wall,jepa_wm_wall,52,6,fidelity_constrained_shuffled_geometry,fidelity_constrained_shuffled_geometry__seed11437,11437,14029,1,1.6159284260657323
Wall,jepa_wm_wall,52,6,fidelity_constrained_shuffled_geometry,fidelity_constrained_shuffled_geometry__seed11437,11437,14029,3,2.181584278925602
Wall,jepa_wm_wall,52,6,fidelity_constrained_shuffled_geometry,fidelity_constrained_shuffled_geometry__seed11437,11437,14029,6,2.5357667283565823
Wall,jepa_wm_wall,53,6,fidelity_constrained_shuffled_geometry,fidelity_constrained_shuffled_geometry__seed11437,11437,14029,1,1.1670090639019473
Wall,jepa_wm_wall,53,6,fidelity_constrained_shuffled_geometry,fidelity_constrained_shuffled_geometry__seed11437,11437,14029,3,2.0638072636145632
Wall,jepa_wm_wall,53,6,fidelity_constrained_shuffled_geometry,fidelity_constrained_shuffled_geometry__seed11437,11437,14029,6,2.1592988731127996
Wall,jepa_wm_wall,54,6,fidelity_constrained_shuffled_geometry,fidelity_constrained_shuffled_geometry__seed11437,11437,14029,1,1.7987389969662149
Wall,jepa_wm_wall,54,6,fidelity_constrained_shuffled_geometry,fidelity_constrained_shuffled_geometry__seed11437,11437,14029,3,2.1778165801555107
Wall,jepa_wm_wall,54,6,fidelity_constrained_shuffled_geometry,fidelity_constrained_shuffled_geometry__seed11437,11437,14029,6,2.514012804491659
Wall,jepa_wm_wall,55,6,fidelity_constrained_shuffled_geometry,fidelity_constrained_shuffled_geometry__seed11437,11437,14029,1,1.3971023584669169
Wall,jepa_wm_wall,55,6,fidelity_constrained_shuffled_geometry,fidelity_constrained_shuffled_geometry__seed11437,11437,14029,3,2.0982263650807917
Wall,jepa_wm_wall,55,6,fidelity_constrained_shuffled_geometry,fidelity_constrained_shuffled_geometry__seed11437,11437,14029,6,2.3706407759129786
Wall,jepa_wm_wall,8,1,fidelity_constrained_matched_geometry,fidelity_constrained_matched_geometry__seed11437,11437,14029,1,1.9120192990587286
Wall,jepa_wm_wall,8,1,fidelity_constrained_matched_geometry,fidelity_constrained_matched_geometry__seed11437,11437,14029,3,1.9109975549320681
Wall,jepa_wm_wall,8,1,fidelity_constrained_matched_geometry,fidelity_constrained_matched_geometry__seed11437,11437,14029,6,1.7128166418173834
Wall,jepa_wm_wall,9,1,fidelity_constrained_matched_geometry,fidelity_constrained_matched_geometry__seed11437,11437,14029,1,0.9406872352793803
Wall,jepa_wm_wall,9,1,fidelity_constrained_matched_geometry,fidelity_constrained_matched_geometry__seed11437,11437,14029,3,1.7520568528311096
Wall,jepa_wm_wall,9,1,fidelity_constrained_matched_geometry,fidelity_constrained_matched_geometry__seed11437,11437,14029,6,1.8362767623741216
Wall,jepa_wm_wall,10,1,fidelity_constrained_matched_geometry,fidelity_constrained_matched_geometry__seed11437,11437,14029,1,1.7078924875635275
Wall,jepa_wm_wall,10,1,fidelity_constrained_matched_geometry,fidelity_constrained_matched_geometry__seed11437,11437,14029,3,2.0100127361560793
Wall,jepa_wm_wall,10,1,fidelity_constrained_matched_geometry,fidelity_constrained_matched_geometry__seed11437,11437,14029,6,1.737384189966601
Wall,jepa_wm_wall,11,1,fidelity_constrained_matched_geometry,fidelity_constrained_matched_geometry__seed11437,11437,14029,1,1.0855581105600385
Wall,jepa_wm_wall,11,1,fidelity_constrained_matched_geometry,fidelity_constrained_matched_geometry__seed11437,11437,14029,3,2.002508677018742
Wall,jepa_wm_wall,11,1,fidelity_constrained_matched_geometry,fidelity_constrained_matched_geometry__seed11437,11437,14029,6,1.7605281195797473
Wall,jepa_wm_wall,12,1,fidelity_constrained_matched_geometry,fidelity_constrained_matched_geometry__seed11437,11437,14029,1,0.9573860755879652
Wall,jepa_wm_wall,12,1,fidelity_constrained_matched_geometry,fidelity_constrained_matched_geometry__seed11437,11437,14029,3,1.6268636487279966
Wall,jepa_wm_wall,12,1,fidelity_constrained_matched_geometry,fidelity_constrained_matched_geometry__seed11437,11437,14029,6,1.9769166618992768
Wall,jepa_wm_wall,13,1,fidelity_constrained_matched_geometry,fidelity_constrained_matched_geometry__seed11437,11437,14029,1,1.5523124835325337
Wall,jepa_wm_wall,13,1,fidelity_constrained_matched_geometry,fidelity_constrained_matched_geometry__seed11437,11437,14029,3,1.6632906466638244
Wall,jepa_wm_wall,13,1,fidelity_constrained_matched_geometry,fidelity_constrained_matched_geometry__seed11437,11437,14029,6,1.8521429064512918
Wall,jepa_wm_wall,14,1,fidelity_constrained_matched_geometry,fidelity_constrained_matched_geometry__seed11437,11437,14029,1,0.8966038007877659
Wall,jepa_wm_wall,14,1,fidelity_constrained_matched_geometry,fidelity_constrained_matched_geometry__seed11437,11437,14029,3,1.9213557506523926
Wall,jepa_wm_wall,14,1,fidelity_constrained_matched_geometry,fidelity_constrained_matched_geometry__seed11437,11437,14029,6,1.746203879920313
Wall,jepa_wm_wall,15,1,fidelity_constrained_matched_geometry,fidelity_constrained_matched_geometry__seed11437,11437,14029,1,1.2734502283478266
Wall,jepa_wm_wall,15,1,fidelity_constrained_matched_geometry,fidelity_constrained_matched_geometry__seed11437,11437,14029,3,2.10598085856703
Wall,jepa_wm_wall,15,1,fidelity_constrained_matched_geometry,fidelity_constrained_matched_geometry__seed11437,11437,14029,6,2.106274624696301
Wall,jepa_wm_wall,16,2,fidelity_constrained_matched_geometry,fidelity_constrained_matched_geometry__seed11437,11437,14029,1,1.1890086039977341
Wall,jepa_wm_wall,16,2,fidelity_constrained_matched_geometry,fidelity_constrained_matched_geometry__seed11437,11437,14029,3,1.820701635762843
Wall,jepa_wm_wall,16,2,fidelity_constrained_matched_geometry,fidelity_constrained_matched_geometry__seed11437,11437,14029,6,2.0757530291179376
Wall,jepa_wm_wall,17,2,fidelity_constrained_matched_geometry,fidelity_constrained_matched_geometry__seed11437,11437,14029,1,1.2156226649005815
Wall,jepa_wm_wall,17,2,fidelity_constrained_matched_geometry,fidelity_constrained_matched_geometry__seed11437,11437,14029,3,1.819298487695726
Wall,jepa_wm_wall,17,2,fidelity_constrained_matched_geometry,fidelity_constrained_matched_geometry__seed11437,11437,14029,6,2.1406106773299953
Wall,jepa_wm_wall,18,2,fidelity_constrained_matched_geometry,fidelity_constrained_matched_geometry__seed11437,11437,14029,1,0.9404178454899157
Wall,jepa_wm_wall,18,2,fidelity_constrained_matched_geometry,fidelity_constrained_matched_geometry__seed11437,11437,14029,3,1.3741365977056201
Wall,jepa_wm_wall,18,2,fidelity_constrained_matched_geometry,fidelity_constrained_matched_geometry__seed11437,11437,14029,6,2.333962881994176
Wall,jepa_wm_wall,19,2,fidelity_constrained_matched_geometry,fidelity_constrained_matched_geometry__seed11437,11437,14029,1,1.7036620814508656
Wall,jepa_wm_wall,19,2,fidelity_constrained_matched_geometry,fidelity_constrained_matched_geometry__seed11437,11437,14029,3,1.9791787365808997
Wall,jepa_wm_wall,19,2,fidelity_constrained_matched_geometry,fidelity_constrained_matched_geometry__seed11437,11437,14029,6,1.9936988552962
Wall,jepa_wm_wall,20,2,fidelity_constrained_matched_geometry,fidelity_constrained_matched_geometry__seed11437,11437,14029,1,1.7460927585451549
Wall,jepa_wm_wall,20,2,fidelity_constrained_matched_geometry,fidelity_constrained_matched_geometry__seed11437,11437,14029,3,1.9737876528904466
Wall,jepa_wm_wall,20,2,fidelity_constrained_matched_geometry,fidelity_constrained_matched_geometry__seed11437,11437,14029,6,2.1286794093524892
Wall,jepa_wm_wall,21,2,fidelity_constrained_matched_geometry,fidelity_constrained_matched_geometry__seed11437,11437,14029,1,1.0988068404858438
Wall,jepa_wm_wall,21,2,fidelity_constrained_matched_geometry,fidelity_constrained_matched_geometry__seed11437,11437,14029,3,1.664503413298099
Wall,jepa_wm_wall,21,2,fidelity_constrained_matched_geometry,fidelity_constrained_matched_geometry__seed11437,11437,14029,6,2.099999947795625
Wall,jepa_wm_wall,22,2,fidelity_constrained_matched_geometry,fidelity_constrained_matched_geometry__seed11437,11437,14029,1,1.24220290008821
Wall,jepa_wm_wall,22,2,fidelity_constrained_matched_geometry,fidelity_constrained_matched_geometry__seed11437,11437,14029,3,1.8285751154997845
Wall,jepa_wm_wall,22,2,fidelity_constrained_matched_geometry,fidelity_constrained_matched_geometry__seed11437,11437,14029,6,2.163653093364673
Wall,jepa_wm_wall,23,2,fidelity_constrained_matched_geometry,fidelity_constrained_matched_geometry__seed11437,11437,14029,1,1.0515470055063652
Wall,jepa_wm_wall,23,2,fidelity_constrained_matched_geometry,fidelity_constrained_matched_geometry__seed11437,11437,14029,3,1.6420390623964187
Wall,jepa_wm_wall,23,2,fidelity_constrained_matched_geometry,fidelity_constrained_matched_geometry__seed11437,11437,14029,6,2.083003420002458
Wall,jepa_wm_wall,48,6,fidelity_constrained_matched_geometry,fidelity_constrained_matched_geometry__seed11437,11437,14029,1,1.4646355181620105
Wall,jepa_wm_wall,48,6,fidelity_constrained_matched_geometry,fidelity_constrained_matched_geometry__seed11437,11437,14029,3,2.27096781695554
Wall,jepa_wm_wall,48,6,fidelity_constrained_matched_geometry,fidelity_constrained_matched_geometry__seed11437,11437,14029,6,2.2448512383405324
Wall,jepa_wm_wall,49,6,fidelity_constrained_matched_geometry,fidelity_constrained_matched_geometry__seed11437,11437,14029,1,1.3840135971003742
Wall,jepa_wm_wall,49,6,fidelity_constrained_matched_geometry,fidelity_constrained_matched_geometry__seed11437,11437,14029,3,2.316841654058051
Wall,jepa_wm_wall,49,6,fidelity_constrained_matched_geometry,fidelity_constrained_matched_geometry__seed11437,11437,14029,6,2.206424260211319
Wall,jepa_wm_wall,50,6,fidelity_constrained_matched_geometry,fidelity_constrained_matched_geometry__seed11437,11437,14029,1,1.505277790107658
Wall,jepa_wm_wall,50,6,fidelity_constrained_matched_geometry,fidelity_constrained_matched_geometry__seed11437,11437,14029,3,2.1598133657683394
Wall,jepa_wm_wall,50,6,fidelity_constrained_matched_geometry,fidelity_constrained_matched_geometry__seed11437,11437,14029,6,2.3797493538383843
Wall,jepa_wm_wall,51,6,fidelity_constrained_matched_geometry,fidelity_constrained_matched_geometry__seed11437,11437,14029,1,1.8603571292104522
Wall,jepa_wm_wall,51,6,fidelity_constrained_matched_geometry,fidelity_constrained_matched_geometry__seed11437,11437,14029,3,2.194776442633078
Wall,jepa_wm_wall,51,6,fidelity_constrained_matched_geometry,fidelity_constrained_matched_geometry__seed11437,11437,14029,6,2.072186220405474
Wall,jepa_wm_wall,52,6,fidelity_constrained_matched_geometry,fidelity_constrained_matched_geometry__seed11437,11437,14029,1,1.542979761847724
Wall,jepa_wm_wall,52,6,fidelity_constrained_matched_geometry,fidelity_constrained_matched_geometry__seed11437,11437,14029,3,2.0522214199519317
Wall,jepa_wm_wall,52,6,fidelity_constrained_matched_geometry,fidelity_constrained_matched_geometry__seed11437,11437,14029,6,2.580908504978295
Wall,jepa_wm_wall,53,6,fidelity_constrained_matched_geometry,fidelity_constrained_matched_geometry__seed11437,11437,14029,1,1.1359562357288375
Wall,jepa_wm_wall,53,6,fidelity_constrained_matched_geometry,fidelity_constrained_matched_geometry__seed11437,11437,14029,3,2.0073279037545424
Wall,jepa_wm_wall,53,6,fidelity_constrained_matched_geometry,fidelity_constrained_matched_geometry__seed11437,11437,14029,6,2.1639905135716018
Wall,jepa_wm_wall,54,6,fidelity_constrained_matched_geometry,fidelity_constrained_matched_geometry__seed11437,11437,14029,1,1.7237158144633942
Wall,jepa_wm_wall,54,6,fidelity_constrained_matched_geometry,fidelity_constrained_matched_geometry__seed11437,11437,14029,3,2.1024769372694423
Wall,jepa_wm_wall,54,6,fidelity_constrained_matched_geometry,fidelity_constrained_matched_geometry__seed11437,11437,14029,6,2.50603234762009
Wall,jepa_wm_wall,55,6,fidelity_constrained_matched_geometry,fidelity_constrained_matched_geometry__seed11437,11437,14029,1,1.3638966159613364
Wall,jepa_wm_wall,55,6,fidelity_constrained_matched_geometry,fidelity_constrained_matched_geometry__seed11437,11437,14029,3,1.9843341976585571
Wall,jepa_wm_wall,55,6,fidelity_constrained_matched_geometry,fidelity_constrained_matched_geometry__seed11437,11437,14029,6,2.330262559818601
Wall,jepa_wm_wall,8,1,frozen,frozen,-1,14047,1,1.9443338460420705
Wall,jepa_wm_wall,8,1,frozen,frozen,-1,14047,3,1.9115954250890992
Wall,jepa_wm_wall,8,1,frozen,frozen,-1,14047,6,1.9806334775927956
Wall,jepa_wm_wall,9,1,frozen,frozen,-1,14047,1,1.186863108840665
Wall,jepa_wm_wall,9,1,frozen,frozen,-1,14047,3,1.9301546346593312
Wall,jepa_wm_wall,9,1,frozen,frozen,-1,14047,6,1.9133146316358647
Wall,jepa_wm_wall,10,1,frozen,frozen,-1,14047,1,1.8062255653393802
Wall,jepa_wm_wall,10,1,frozen,frozen,-1,14047,3,2.080323141798985
Wall,jepa_wm_wall,10,1,frozen,frozen,-1,14047,6,1.92440386698721
Wall,jepa_wm_wall,11,1,frozen,frozen,-1,14047,1,1.0643282537719758
Wall,jepa_wm_wall,11,1,frozen,frozen,-1,14047,3,2.1243991189620215
Wall,jepa_wm_wall,11,1,frozen,frozen,-1,14047,6,2.0396136802103575
Wall,jepa_wm_wall,12,1,frozen,frozen,-1,14047,1,1.1066185697884345
Wall,jepa_wm_wall,12,1,frozen,frozen,-1,14047,3,1.6666741257613231
Wall,jepa_wm_wall,12,1,frozen,frozen,-1,14047,6,2.151720478497397
Wall,jepa_wm_wall,13,1,frozen,frozen,-1,14047,1,1.5358733616078073
Wall,jepa_wm_wall,13,1,frozen,frozen,-1,14047,3,1.9356607155137788
Wall,jepa_wm_wall,13,1,frozen,frozen,-1,14047,6,2.0051728988784867
Wall,jepa_wm_wall,14,1,frozen,frozen,-1,14047,1,1.0321911124155763
Wall,jepa_wm_wall,14,1,frozen,frozen,-1,14047,3,2.103996179984121
Wall,jepa_wm_wall,14,1,frozen,frozen,-1,14047,6,1.835998243515448
Wall,jepa_wm_wall,15,1,frozen,frozen,-1,14047,1,1.6369571976997639
Wall,jepa_wm_wall,15,1,frozen,frozen,-1,14047,3,2.203018512037896
Wall,jepa_wm_wall,15,1,frozen,frozen,-1,14047,6,2.340854266009747
Wall,jepa_wm_wall,16,2,frozen,frozen,-1,14047,1,1.1720204004111563
Wall,jepa_wm_wall,16,2,frozen,frozen,-1,14047,3,1.9635547179283441
Wall,jepa_wm_wall,16,2,frozen,frozen,-1,14047,6,2.273589251695129
Wall,jepa_wm_wall,17,2,frozen,frozen,-1,14047,1,1.358308557831307
Wall,jepa_wm_wall,17,2,frozen,frozen,-1,14047,3,1.968977300294171
Wall,jepa_wm_wall,17,2,frozen,frozen,-1,14047,6,2.2894417760991996
Wall,jepa_wm_wall,18,2,frozen,frozen,-1,14047,1,0.9614213347947508
Wall,jepa_wm_wall,18,2,frozen,frozen,-1,14047,3,1.605271124590066
Wall,jepa_wm_wall,18,2,frozen,frozen,-1,14047,6,2.3041542730674243
Wall,jepa_wm_wall,19,2,frozen,frozen,-1,14047,1,1.8135436236725353
Wall,jepa_wm_wall,19,2,frozen,frozen,-1,14047,3,2.1684390102642346
Wall,jepa_wm_wall,19,2,frozen,frozen,-1,14047,6,2.0635840181733642
Wall,jepa_wm_wall,20,2,frozen,frozen,-1,14047,1,1.7788589698560422
Wall,jepa_wm_wall,20,2,frozen,frozen,-1,14047,3,2.068360258011154
Wall,jepa_wm_wall,20,2,frozen,frozen,-1,14047,6,2.2244375327003385
Wall,jepa_wm_wall,21,2,frozen,frozen,-1,14047,1,1.055274945947178
Wall,jepa_wm_wall,21,2,frozen,frozen,-1,14047,3,1.7393331477540277
Wall,jepa_wm_wall,21,2,frozen,frozen,-1,14047,6,2.329567789040978
Wall,jepa_wm_wall,22,2,frozen,frozen,-1,14047,1,1.3832308050442657
Wall,jepa_wm_wall,22,2,frozen,frozen,-1,14047,3,1.973655941679681
Wall,jepa_wm_wall,22,2,frozen,frozen,-1,14047,6,2.273347892146218
Wall,jepa_wm_wall,23,2,frozen,frozen,-1,14047,1,1.0330619733919408
Wall,jepa_wm_wall,23,2,frozen,frozen,-1,14047,3,1.9639153171363637
Wall,jepa_wm_wall,23,2,frozen,frozen,-1,14047,6,2.063382541673925
Wall,jepa_wm_wall,48,6,frozen,frozen,-1,14047,1,1.695497767069233
Wall,jepa_wm_wall,48,6,frozen,frozen,-1,14047,3,2.5276403628750828
Wall,jepa_wm_wall,48,6,frozen,frozen,-1,14047,6,2.3675559825013934
Wall,jepa_wm_wall,49,6,frozen,frozen,-1,14047,1,1.5257202724148458
Wall,jepa_wm_wall,49,6,frozen,frozen,-1,14047,3,2.509780449382272
Wall,jepa_wm_wall,49,6,frozen,frozen,-1,14047,6,2.3265428453790453
Wall,jepa_wm_wall,50,6,frozen,frozen,-1,14047,1,1.7978312732479027
Wall,jepa_wm_wall,50,6,frozen,frozen,-1,14047,3,2.252391367936908
Wall,jepa_wm_wall,50,6,frozen,frozen,-1,14047,6,2.355507290657414
Wall,jepa_wm_wall,51,6,frozen,frozen,-1,14047,1,1.876961397463153
Wall,jepa_wm_wall,51,6,frozen,frozen,-1,14047,3,2.3500716481154487
Wall,jepa_wm_wall,51,6,frozen,frozen,-1,14047,6,2.382461955359064
Wall,jepa_wm_wall,52,6,frozen,frozen,-1,14047,1,1.7888564117854526
Wall,jepa_wm_wall,52,6,frozen,frozen,-1,14047,3,2.33178288448665
Wall,jepa_wm_wall,52,6,frozen,frozen,-1,14047,6,2.640773771810986
Wall,jepa_wm_wall,53,6,frozen,frozen,-1,14047,1,1.3146891727762537
Wall,jepa_wm_wall,53,6,frozen,frozen,-1,14047,3,2.369805912376309
Wall,jepa_wm_wall,53,6,frozen,frozen,-1,14047,6,2.3137894465796847
Wall,jepa_wm_wall,54,6,frozen,frozen,-1,14047,1,1.8592785415451532
Wall,jepa_wm_wall,54,6,frozen,frozen,-1,14047,3,2.446721821242177
Wall,jepa_wm_wall,54,6,frozen,frozen,-1,14047,6,2.7014048642754127
Wall,jepa_wm_wall,55,6,frozen,frozen,-1,14047,1,1.5278448220919594
Wall,jepa_wm_wall,55,6,frozen,frozen,-1,14047,3,2.360026868374882
Wall,jepa_wm_wall,55,6,frozen,frozen,-1,14047,6,2.5938029868939627
Wall,jepa_wm_wall,8,1,fidelity_constrained_latent_only,fidelity_constrained_latent_only__seed11401,11401,14047,1,1.7780479889558076
Wall,jepa_wm_wall,8,1,fidelity_constrained_latent_only,fidelity_constrained_latent_only__seed11401,11401,14047,3,1.8247083827445199
Wall,jepa_wm_wall,8,1,fidelity_constrained_latent_only,fidelity_constrained_latent_only__seed11401,11401,14047,6,1.9587272421557398
Wall,jepa_wm_wall,9,1,fidelity_constrained_latent_only,fidelity_constrained_latent_only__seed11401,11401,14047,1,0.9558948670174355
Wall,jepa_wm_wall,9,1,fidelity_constrained_latent_only,fidelity_constrained_latent_only__seed11401,11401,14047,3,1.6702509446627287
Wall,jepa_wm_wall,9,1,fidelity_constrained_latent_only,fidelity_constrained_latent_only__seed11401,11401,14047,6,1.9481625652935093
Wall,jepa_wm_wall,10,1,fidelity_constrained_latent_only,fidelity_constrained_latent_only__seed11401,11401,14047,1,1.6187578488578098
Wall,jepa_wm_wall,10,1,fidelity_constrained_latent_only,fidelity_constrained_latent_only__seed11401,11401,14047,3,1.962170618100763
Wall,jepa_wm_wall,10,1,fidelity_constrained_latent_only,fidelity_constrained_latent_only__seed11401,11401,14047,6,1.9753089708101526
Wall,jepa_wm_wall,11,1,fidelity_constrained_latent_only,fidelity_constrained_latent_only__seed11401,11401,14047,1,0.9624955878338717
Wall,jepa_wm_wall,11,1,fidelity_constrained_latent_only,fidelity_constrained_latent_only__seed11401,11401,14047,3,1.948034488262184
Wall,jepa_wm_wall,11,1,fidelity_constrained_latent_only,fidelity_constrained_latent_only__seed11401,11401,14047,6,1.9859724211460255
Wall,jepa_wm_wall,12,1,fidelity_constrained_latent_only,fidelity_constrained_latent_only__seed11401,11401,14047,1,1.0168428065423694
Wall,jepa_wm_wall,12,1,fidelity_constrained_latent_only,fidelity_constrained_latent_only__seed11401,11401,14047,3,1.549407421498688
Wall,jepa_wm_wall,12,1,fidelity_constrained_latent_only,fidelity_constrained_latent_only__seed11401,11401,14047,6,2.146023719482627
Wall,jepa_wm_wall,13,1,fidelity_constrained_latent_only,fidelity_constrained_latent_only__seed11401,11401,14047,1,1.2926406804698105
Wall,jepa_wm_wall,13,1,fidelity_constrained_latent_only,fidelity_constrained_latent_only__seed11401,11401,14047,3,1.7754037089352228
Wall,jepa_wm_wall,13,1,fidelity_constrained_latent_only,fidelity_constrained_latent_only__seed11401,11401,14047,6,2.0957604872844255
Wall,jepa_wm_wall,14,1,fidelity_constrained_latent_only,fidelity_constrained_latent_only__seed11401,11401,14047,1,0.9500648486933744
Wall,jepa_wm_wall,14,1,fidelity_constrained_latent_only,fidelity_constrained_latent_only__seed11401,11401,14047,3,1.8646674096394413
Wall,jepa_wm_wall,14,1,fidelity_constrained_latent_only,fidelity_constrained_latent_only__seed11401,11401,14047,6,1.8638593242459283
Wall,jepa_wm_wall,15,1,fidelity_constrained_latent_only,fidelity_constrained_latent_only__seed11401,11401,14047,1,1.266271153784561
Wall,jepa_wm_wall,15,1,fidelity_constrained_latent_only,fidelity_constrained_latent_only__seed11401,11401,14047,3,1.9683753935625659
Wall,jepa_wm_wall,15,1,fidelity_constrained_latent_only,fidelity_constrained_latent_only__seed11401,11401,14047,6,2.3197743789462515
Wall,jepa_wm_wall,16,2,fidelity_constrained_latent_only,fidelity_constrained_latent_only__seed11401,11401,14047,1,1.1619115520682002
Wall,jepa_wm_wall,16,2,fidelity_constrained_latent_only,fidelity_constrained_latent_only__seed11401,11401,14047,3,1.9339982919543892
Wall,jepa_wm_wall,16,2,fidelity_constrained_latent_only,fidelity_constrained_latent_only__seed11401,11401,14047,6,2.1185966311999858
Wall,jepa_wm_wall,17,2,fidelity_constrained_latent_only,fidelity_constrained_latent_only__seed11401,11401,14047,1,1.3864936569245125
Wall,jepa_wm_wall,17,2,fidelity_constrained_latent_only,fidelity_constrained_latent_only__seed11401,11401,14047,3,1.885414780818113
Wall,jepa_wm_wall,17,2,fidelity_constrained_latent_only,fidelity_constrained_latent_only__seed11401,11401,14047,6,2.0016357253396255
Wall,jepa_wm_wall,18,2,fidelity_constrained_latent_only,fidelity_constrained_latent_only__seed11401,11401,14047,1,1.0295643959521097
Wall,jepa_wm_wall,18,2,fidelity_constrained_latent_only,fidelity_constrained_latent_only__seed11401,11401,14047,3,1.502751787621231
Wall,jepa_wm_wall,18,2,fidelity_constrained_latent_only,fidelity_constrained_latent_only__seed11401,11401,14047,6,2.0181994017359868
Wall,jepa_wm_wall,19,2,fidelity_constrained_latent_only,fidelity_constrained_latent_only__seed11401,11401,14047,1,1.7037872665878437
Wall,jepa_wm_wall,19,2,fidelity_constrained_latent_only,fidelity_constrained_latent_only__seed11401,11401,14047,3,1.9314767153943118
Wall,jepa_wm_wall,19,2,fidelity_constrained_latent_only,fidelity_constrained_latent_only__seed11401,11401,14047,6,2.120176465542671
Wall,jepa_wm_wall,20,2,fidelity_constrained_latent_only,fidelity_constrained_latent_only__seed11401,11401,14047,1,1.561655501719977
Wall,jepa_wm_wall,20,2,fidelity_constrained_latent_only,fidelity_constrained_latent_only__seed11401,11401,14047,3,1.902144254895532
Wall,jepa_wm_wall,20,2,fidelity_constrained_latent_only,fidelity_constrained_latent_only__seed11401,11401,14047,6,2.153042915058394
Wall,jepa_wm_wall,21,2,fidelity_constrained_latent_only,fidelity_constrained_latent_only__seed11401,11401,14047,1,1.1031971278647903
Wall,jepa_wm_wall,21,2,fidelity_constrained_latent_only,fidelity_constrained_latent_only__seed11401,11401,14047,3,1.5221298264452827
Wall,jepa_wm_wall,21,2,fidelity_constrained_latent_only,fidelity_constrained_latent_only__seed11401,11401,14047,6,2.172830801953537
Wall,jepa_wm_wall,22,2,fidelity_constrained_latent_only,fidelity_constrained_latent_only__seed11401,11401,14047,1,1.4070890603499182
Wall,jepa_wm_wall,22,2,fidelity_constrained_latent_only,fidelity_constrained_latent_only__seed11401,11401,14047,3,1.8853436225006275
Wall,jepa_wm_wall,22,2,fidelity_constrained_latent_only,fidelity_constrained_latent_only__seed11401,11401,14047,6,2.0396445180588163
Wall,jepa_wm_wall,23,2,fidelity_constrained_latent_only,fidelity_constrained_latent_only__seed11401,11401,14047,1,1.0973132555956868
Wall,jepa_wm_wall,23,2,fidelity_constrained_latent_only,fidelity_constrained_latent_only__seed11401,11401,14047,3,1.9715956411296798
Wall,jepa_wm_wall,23,2,fidelity_constrained_latent_only,fidelity_constrained_latent_only__seed11401,11401,14047,6,2.1752267755787322
Wall,jepa_wm_wall,48,6,fidelity_constrained_latent_only,fidelity_constrained_latent_only__seed11401,11401,14047,1,1.3932791832734337
Wall,jepa_wm_wall,48,6,fidelity_constrained_latent_only,fidelity_constrained_latent_only__seed11401,11401,14047,3,2.1629817045776436
Wall,jepa_wm_wall,48,6,fidelity_constrained_latent_only,fidelity_constrained_latent_only__seed11401,11401,14047,6,2.404865187913497
Wall,jepa_wm_wall,49,6,fidelity_constrained_latent_only,fidelity_constrained_latent_only__seed11401,11401,14047,1,1.3280436777718
Wall,jepa_wm_wall,49,6,fidelity_constrained_latent_only,fidelity_constrained_latent_only__seed11401,11401,14047,3,2.1812033544895013
Wall,jepa_wm_wall,49,6,fidelity_constrained_latent_only,fidelity_constrained_latent_only__seed11401,11401,14047,6,2.3870383337175056
Wall,jepa_wm_wall,50,6,fidelity_constrained_latent_only,fidelity_constrained_latent_only__seed11401,11401,14047,1,1.5682056244753861
Wall,jepa_wm_wall,50,6,fidelity_constrained_latent_only,fidelity_constrained_latent_only__seed11401,11401,14047,3,2.1021085941856033
Wall,jepa_wm_wall,50,6,fidelity_constrained_latent_only,fidelity_constrained_latent_only__seed11401,11401,14047,6,2.3205660038174236
Wall,jepa_wm_wall,51,6,fidelity_constrained_latent_only,fidelity_constrained_latent_only__seed11401,11401,14047,1,1.7359945913492787
Wall,jepa_wm_wall,51,6,fidelity_constrained_latent_only,fidelity_constrained_latent_only__seed11401,11401,14047,3,2.2118599893723196
Wall,jepa_wm_wall,51,6,fidelity_constrained_latent_only,fidelity_constrained_latent_only__seed11401,11401,14047,6,2.4784904648501564
Wall,jepa_wm_wall,52,6,fidelity_constrained_latent_only,fidelity_constrained_latent_only__seed11401,11401,14047,1,1.4370581742532178
Wall,jepa_wm_wall,52,6,fidelity_constrained_latent_only,fidelity_constrained_latent_only__seed11401,11401,14047,3,2.0601760411121197
Wall,jepa_wm_wall,52,6,fidelity_constrained_latent_only,fidelity_constrained_latent_only__seed11401,11401,14047,6,2.5278205990468536
Wall,jepa_wm_wall,53,6,fidelity_constrained_latent_only,fidelity_constrained_latent_only__seed11401,11401,14047,1,1.1131514195302366
Wall,jepa_wm_wall,53,6,fidelity_constrained_latent_only,fidelity_constrained_latent_only__seed11401,11401,14047,3,2.047369133486374
Wall,jepa_wm_wall,53,6,fidelity_constrained_latent_only,fidelity_constrained_latent_only__seed11401,11401,14047,6,2.262526473993727
Wall,jepa_wm_wall,54,6,fidelity_constrained_latent_only,fidelity_constrained_latent_only__seed11401,11401,14047,1,1.7197113821203884
Wall,jepa_wm_wall,54,6,fidelity_constrained_latent_only,fidelity_constrained_latent_only__seed11401,11401,14047,3,2.1838070531029428
Wall,jepa_wm_wall,54,6,fidelity_constrained_latent_only,fidelity_constrained_latent_only__seed11401,11401,14047,6,2.5480529187881142
Wall,jepa_wm_wall,55,6,fidelity_constrained_latent_only,fidelity_constrained_latent_only__seed11401,11401,14047,1,1.3815313629578496
Wall,jepa_wm_wall,55,6,fidelity_constrained_latent_only,fidelity_constrained_latent_only__seed11401,11401,14047,3,2.0246808194309316
Wall,jepa_wm_wall,55,6,fidelity_constrained_latent_only,fidelity_constrained_latent_only__seed11401,11401,14047,6,2.563958554902368
Wall,jepa_wm_wall,8,1,fidelity_constrained_shuffled_geometry,fidelity_constrained_shuffled_geometry__seed11401,11401,14047,1,1.8604964673439641
Wall,jepa_wm_wall,8,1,fidelity_constrained_shuffled_geometry,fidelity_constrained_shuffled_geometry__seed11401,11401,14047,3,1.8310710617624122
Wall,jepa_wm_wall,8,1,fidelity_constrained_shuffled_geometry,fidelity_constrained_shuffled_geometry__seed11401,11401,14047,6,1.8669766810236506
Wall,jepa_wm_wall,9,1,fidelity_constrained_shuffled_geometry,fidelity_constrained_shuffled_geometry__seed11401,11401,14047,1,1.0313356054821
Wall,jepa_wm_wall,9,1,fidelity_constrained_shuffled_geometry,fidelity_constrained_shuffled_geometry__seed11401,11401,14047,3,1.8734384358655451
Wall,jepa_wm_wall,9,1,fidelity_constrained_shuffled_geometry,fidelity_constrained_shuffled_geometry__seed11401,11401,14047,6,1.893143204085549
Wall,jepa_wm_wall,10,1,fidelity_constrained_shuffled_geometry,fidelity_constrained_shuffled_geometry__seed11401,11401,14047,1,1.7163031595473046
Wall,jepa_wm_wall,10,1,fidelity_constrained_shuffled_geometry,fidelity_constrained_shuffled_geometry__seed11401,11401,14047,3,2.0060581874220715
Wall,jepa_wm_wall,10,1,fidelity_constrained_shuffled_geometry,fidelity_constrained_shuffled_geometry__seed11401,11401,14047,6,1.84454752295505
Wall,jepa_wm_wall,11,1,fidelity_constrained_shuffled_geometry,fidelity_constrained_shuffled_geometry__seed11401,11401,14047,1,1.0274652841032246
Wall,jepa_wm_wall,11,1,fidelity_constrained_shuffled_geometry,fidelity_constrained_shuffled_geometry__seed11401,11401,14047,3,1.9913316153916285
Wall,jepa_wm_wall,11,1,fidelity_constrained_shuffled_geometry,fidelity_constrained_shuffled_geometry__seed11401,11401,14047,6,1.9366274338089589
Wall,jepa_wm_wall,12,1,fidelity_constrained_shuffled_geometry,fidelity_constrained_shuffled_geometry__seed11401,11401,14047,1,1.0530466405569394
Wall,jepa_wm_wall,12,1,fidelity_constrained_shuffled_geometry,fidelity_constrained_shuffled_geometry__seed11401,11401,14047,3,1.6070609204626132
Wall,jepa_wm_wall,12,1,fidelity_constrained_shuffled_geometry,fidelity_constrained_shuffled_geometry__seed11401,11401,14047,6,1.970548814029879
Wall,jepa_wm_wall,13,1,fidelity_constrained_shuffled_geometry,fidelity_constrained_shuffled_geometry__seed11401,11401,14047,1,1.4145943281688886
Wall,jepa_wm_wall,13,1,fidelity_constrained_shuffled_geometry,fidelity_constrained_shuffled_geometry__seed11401,11401,14047,3,1.7901726798081117
Wall,jepa_wm_wall,13,1,fidelity_constrained_shuffled_geometry,fidelity_constrained_shuffled_geometry__seed11401,11401,14047,6,1.793569610835066
Wall,jepa_wm_wall,14,1,fidelity_constrained_shuffled_geometry,fidelity_constrained_shuffled_geometry__seed11401,11401,14047,1,0.9132582757854221
Wall,jepa_wm_wall,14,1,fidelity_constrained_shuffled_geometry,fidelity_constrained_shuffled_geometry__seed11401,11401,14047,3,1.9217243393170849
Wall,jepa_wm_wall,14,1,fidelity_constrained_shuffled_geometry,fidelity_constrained_shuffled_geometry__seed11401,11401,14047,6,1.769544170913456
Wall,jepa_wm_wall,15,1,fidelity_constrained_shuffled_geometry,fidelity_constrained_shuffled_geometry__seed11401,11401,14047,1,1.4680100360763884
Wall,jepa_wm_wall,15,1,fidelity_constrained_shuffled_geometry,fidelity_constrained_shuffled_geometry__seed11401,11401,14047,3,2.11052598597433
Wall,jepa_wm_wall,15,1,fidelity_constrained_shuffled_geometry,fidelity_constrained_shuffled_geometry__seed11401,11401,14047,6,2.029584114557855
Wall,jepa_wm_wall,16,2,fidelity_constrained_shuffled_geometry,fidelity_constrained_shuffled_geometry__seed11401,11401,14047,1,1.1365613177628298
Wall,jepa_wm_wall,16,2,fidelity_constrained_shuffled_geometry,fidelity_constrained_shuffled_geometry__seed11401,11401,14047,3,1.9272511328888875
Wall,jepa_wm_wall,16,2,fidelity_constrained_shuffled_geometry,fidelity_constrained_shuffled_geometry__seed11401,11401,14047,6,2.163802163107827
Wall,jepa_wm_wall,17,2,fidelity_constrained_shuffled_geometry,fidelity_constrained_shuffled_geometry__seed11401,11401,14047,1,1.2627694624720318
Wall,jepa_wm_wall,17,2,fidelity_constrained_shuffled_geometry,fidelity_constrained_shuffled_geometry__seed11401,11401,14047,3,1.7869142311799657
Wall,jepa_wm_wall,17,2,fidelity_constrained_shuffled_geometry,fidelity_constrained_shuffled_geometry__seed11401,11401,14047,6,2.21240411635987
Wall,jepa_wm_wall,18,2,fidelity_constrained_shuffled_geometry,fidelity_constrained_shuffled_geometry__seed11401,11401,14047,1,0.9591404650321067
Wall,jepa_wm_wall,18,2,fidelity_constrained_shuffled_geometry,fidelity_constrained_shuffled_geometry__seed11401,11401,14047,3,1.5325191668568896
Wall,jepa_wm_wall,18,2,fidelity_constrained_shuffled_geometry,fidelity_constrained_shuffled_geometry__seed11401,11401,14047,6,2.3191683604265863
Wall,jepa_wm_wall,19,2,fidelity_constrained_shuffled_geometry,fidelity_constrained_shuffled_geometry__seed11401,11401,14047,1,1.736033460326314
Wall,jepa_wm_wall,19,2,fidelity_constrained_shuffled_geometry,fidelity_constrained_shuffled_geometry__seed11401,11401,14047,3,2.0812213057577718
Wall,jepa_wm_wall,19,2,fidelity_constrained_shuffled_geometry,fidelity_constrained_shuffled_geometry__seed11401,11401,14047,6,2.0457446494133125
Wall,jepa_wm_wall,20,2,fidelity_constrained_shuffled_geometry,fidelity_constrained_shuffled_geometry__seed11401,11401,14047,1,1.717718328374851
Wall,jepa_wm_wall,20,2,fidelity_constrained_shuffled_geometry,fidelity_constrained_shuffled_geometry__seed11401,11401,14047,3,1.9227470826716053
Wall,jepa_wm_wall,20,2,fidelity_constrained_shuffled_geometry,fidelity_constrained_shuffled_geometry__seed11401,11401,14047,6,2.067764513921556
Wall,jepa_wm_wall,21,2,fidelity_constrained_shuffled_geometry,fidelity_constrained_shuffled_geometry__seed11401,11401,14047,1,0.9840555136959492
Wall,jepa_wm_wall,21,2,fidelity_constrained_shuffled_geometry,fidelity_constrained_shuffled_geometry__seed11401,11401,14047,3,1.6638844667528676
Wall,jepa_wm_wall,21,2,fidelity_constrained_shuffled_geometry,fidelity_constrained_shuffled_geometry__seed11401,11401,14047,6,2.2843435064714335
Wall,jepa_wm_wall,22,2,fidelity_constrained_shuffled_geometry,fidelity_constrained_shuffled_geometry__seed11401,11401,14047,1,1.3033649424544227
Wall,jepa_wm_wall,22,2,fidelity_constrained_shuffled_geometry,fidelity_constrained_shuffled_geometry__seed11401,11401,14047,3,1.7968071155117717
Wall,jepa_wm_wall,22,2,fidelity_constrained_shuffled_geometry,fidelity_constrained_shuffled_geometry__seed11401,11401,14047,6,2.1641838137864227
Wall,jepa_wm_wall,23,2,fidelity_constrained_shuffled_geometry,fidelity_constrained_shuffled_geometry__seed11401,11401,14047,1,1.0589900230159102
Wall,jepa_wm_wall,23,2,fidelity_constrained_shuffled_geometry,fidelity_constrained_shuffled_geometry__seed11401,11401,14047,3,1.864950801339972
Wall,jepa_wm_wall,23,2,fidelity_constrained_shuffled_geometry,fidelity_constrained_shuffled_geometry__seed11401,11401,14047,6,2.0055948151683602
Wall,jepa_wm_wall,48,6,fidelity_constrained_shuffled_geometry,fidelity_constrained_shuffled_geometry__seed11401,11401,14047,1,1.533423330813899
Wall,jepa_wm_wall,48,6,fidelity_constrained_shuffled_geometry,fidelity_constrained_shuffled_geometry__seed11401,11401,14047,3,2.3853129972383296
Wall,jepa_wm_wall,48,6,fidelity_constrained_shuffled_geometry,fidelity_constrained_shuffled_geometry__seed11401,11401,14047,6,2.218161532364704
Wall,jepa_wm_wall,49,6,fidelity_constrained_shuffled_geometry,fidelity_constrained_shuffled_geometry__seed11401,11401,14047,1,1.4003497645297063
Wall,jepa_wm_wall,49,6,fidelity_constrained_shuffled_geometry,fidelity_constrained_shuffled_geometry__seed11401,11401,14047,3,2.3781340602589727
Wall,jepa_wm_wall,49,6,fidelity_constrained_shuffled_geometry,fidelity_constrained_shuffled_geometry__seed11401,11401,14047,6,2.199924851073986
Wall,jepa_wm_wall,50,6,fidelity_constrained_shuffled_geometry,fidelity_constrained_shuffled_geometry__seed11401,11401,14047,1,1.7041941240979555
Wall,jepa_wm_wall,50,6,fidelity_constrained_shuffled_geometry,fidelity_constrained_shuffled_geometry__seed11401,11401,14047,3,2.2171252116333457
Wall,jepa_wm_wall,50,6,fidelity_constrained_shuffled_geometry,fidelity_constrained_shuffled_geometry__seed11401,11401,14047,6,2.2875055577239825
Wall,jepa_wm_wall,51,6,fidelity_constrained_shuffled_geometry,fidelity_constrained_shuffled_geometry__seed11401,11401,14047,1,1.8012719346252324
Wall,jepa_wm_wall,51,6,fidelity_constrained_shuffled_geometry,fidelity_constrained_shuffled_geometry__seed11401,11401,14047,3,2.229380274495504
Wall,jepa_wm_wall,51,6,fidelity_constrained_shuffled_geometry,fidelity_constrained_shuffled_geometry__seed11401,11401,14047,6,2.26460274291983
Wall,jepa_wm_wall,52,6,fidelity_constrained_shuffled_geometry,fidelity_constrained_shuffled_geometry__seed11401,11401,14047,1,1.5634722064889235
Wall,jepa_wm_wall,52,6,fidelity_constrained_shuffled_geometry,fidelity_constrained_shuffled_geometry__seed11401,11401,14047,3,2.1945273634537856
Wall,jepa_wm_wall,52,6,fidelity_constrained_shuffled_geometry,fidelity_constrained_shuffled_geometry__seed11401,11401,14047,6,2.5406272776570424
Wall,jepa_wm_wall,53,6,fidelity_constrained_shuffled_geometry,fidelity_constrained_shuffled_geometry__seed11401,11401,14047,1,1.2495899025839041
Wall,jepa_wm_wall,53,6,fidelity_constrained_shuffled_geometry,fidelity_constrained_shuffled_geometry__seed11401,11401,14047,3,2.2328530431178977
Wall,jepa_wm_wall,53,6,fidelity_constrained_shuffled_geometry,fidelity_constrained_shuffled_geometry__seed11401,11401,14047,6,2.132961146404792
Wall,jepa_wm_wall,54,6,fidelity_constrained_shuffled_geometry,fidelity_constrained_shuffled_geometry__seed11401,11401,14047,1,1.7782184410486157
Wall,jepa_wm_wall,54,6,fidelity_constrained_shuffled_geometry,fidelity_constrained_shuffled_geometry__seed11401,11401,14047,3,2.3150212039769897
Wall,jepa_wm_wall,54,6,fidelity_constrained_shuffled_geometry,fidelity_constrained_shuffled_geometry__seed11401,11401,14047,6,2.573033581679832
Wall,jepa_wm_wall,55,6,fidelity_constrained_shuffled_geometry,fidelity_constrained_shuffled_geometry__seed11401,11401,14047,1,1.371468292250053
Wall,jepa_wm_wall,55,6,fidelity_constrained_shuffled_geometry,fidelity_constrained_shuffled_geometry__seed11401,11401,14047,3,2.2183154495830517
Wall,jepa_wm_wall,55,6,fidelity_constrained_shuffled_geometry,fidelity_constrained_shuffled_geometry__seed11401,11401,14047,6,2.4537060064975194
Wall,jepa_wm_wall,8,1,fidelity_constrained_matched_geometry,fidelity_constrained_matched_geometry__seed11401,11401,14047,1,1.832347211239538
Wall,jepa_wm_wall,8,1,fidelity_constrained_matched_geometry,fidelity_constrained_matched_geometry__seed11401,11401,14047,3,1.7993062434602272
Wall,jepa_wm_wall,8,1,fidelity_constrained_matched_geometry,fidelity_constrained_matched_geometry__seed11401,11401,14047,6,1.7715715265195005
Wall,jepa_wm_wall,9,1,fidelity_constrained_matched_geometry,fidelity_constrained_matched_geometry__seed11401,11401,14047,1,0.9810703786122379
Wall,jepa_wm_wall,9,1,fidelity_constrained_matched_geometry,fidelity_constrained_matched_geometry__seed11401,11401,14047,3,1.7913112285077728
Wall,jepa_wm_wall,9,1,fidelity_constrained_matched_geometry,fidelity_constrained_matched_geometry__seed11401,11401,14047,6,1.8593474991830028
Wall,jepa_wm_wall,10,1,fidelity_constrained_matched_geometry,fidelity_constrained_matched_geometry__seed11401,11401,14047,1,1.6877012756642866
Wall,jepa_wm_wall,10,1,fidelity_constrained_matched_geometry,fidelity_constrained_matched_geometry__seed11401,11401,14047,3,1.9330946718978674
Wall,jepa_wm_wall,10,1,fidelity_constrained_matched_geometry,fidelity_constrained_matched_geometry__seed11401,11401,14047,6,1.8229305414200414
Wall,jepa_wm_wall,11,1,fidelity_constrained_matched_geometry,fidelity_constrained_matched_geometry__seed11401,11401,14047,1,1.0364473235333465
Wall,jepa_wm_wall,11,1,fidelity_constrained_matched_geometry,fidelity_constrained_matched_geometry__seed11401,11401,14047,3,1.9072081433331436
Wall,jepa_wm_wall,11,1,fidelity_constrained_matched_geometry,fidelity_constrained_matched_geometry__seed11401,11401,14047,6,1.8440303605535322
Wall,jepa_wm_wall,12,1,fidelity_constrained_matched_geometry,fidelity_constrained_matched_geometry__seed11401,11401,14047,1,1.0382704286174285
Wall,jepa_wm_wall,12,1,fidelity_constrained_matched_geometry,fidelity_constrained_matched_geometry__seed11401,11401,14047,3,1.5665005381402701
Wall,jepa_wm_wall,12,1,fidelity_constrained_matched_geometry,fidelity_constrained_matched_geometry__seed11401,11401,14047,6,2.020812639567665
Wall,jepa_wm_wall,13,1,fidelity_constrained_matched_geometry,fidelity_constrained_matched_geometry__seed11401,11401,14047,1,1.3714258786718956
Wall,jepa_wm_wall,13,1,fidelity_constrained_matched_geometry,fidelity_constrained_matched_geometry__seed11401,11401,14047,3,1.7386655549206331
Wall,jepa_wm_wall,13,1,fidelity_constrained_matched_geometry,fidelity_constrained_matched_geometry__seed11401,11401,14047,6,1.9010580723020274
Wall,jepa_wm_wall,14,1,fidelity_constrained_matched_geometry,fidelity_constrained_matched_geometry__seed11401,11401,14047,1,0.9174184612632971
Wall,jepa_wm_wall,14,1,fidelity_constrained_matched_geometry,fidelity_constrained_matched_geometry__seed11401,11401,14047,3,1.8842824546307986
Wall,jepa_wm_wall,14,1,fidelity_constrained_matched_geometry,fidelity_constrained_matched_geometry__seed11401,11401,14047,6,1.7099449838774607
Wall,jepa_wm_wall,15,1,fidelity_constrained_matched_geometry,fidelity_constrained_matched_geometry__seed11401,11401,14047,1,1.401153058955814
Wall,jepa_wm_wall,15,1,fidelity_constrained_matched_geometry,fidelity_constrained_matched_geometry__seed11401,11401,14047,3,2.023044449549475
Wall,jepa_wm_wall,15,1,fidelity_constrained_matched_geometry,fidelity_constrained_matched_geometry__seed11401,11401,14047,6,2.188997081524107
Wall,jepa_wm_wall,16,2,fidelity_constrained_matched_geometry,fidelity_constrained_matched_geometry__seed11401,11401,14047,1,1.1285082068035521
Wall,jepa_wm_wall,16,2,fidelity_constrained_matched_geometry,fidelity_constrained_matched_geometry__seed11401,11401,14047,3,1.7915770979003578
Wall,jepa_wm_wall,16,2,fidelity_constrained_matched_geometry,fidelity_constrained_matched_geometry__seed11401,11401,14047,6,2.1200430222281756
Wall,jepa_wm_wall,17,2,fidelity_constrained_matched_geometry,fidelity_constrained_matched_geometry__seed11401,11401,14047,1,1.2718662574324953
Wall,jepa_wm_wall,17,2,fidelity_constrained_matched_geometry,fidelity_constrained_matched_geometry__seed11401,11401,14047,3,1.7665679845353344
Wall,jepa_wm_wall,17,2,fidelity_constrained_matched_geometry,fidelity_constrained_matched_geometry__seed11401,11401,14047,6,2.153595190265156
Wall,jepa_wm_wall,18,2,fidelity_constrained_matched_geometry,fidelity_constrained_matched_geometry__seed11401,11401,14047,1,0.9999368028442015
Wall,jepa_wm_wall,18,2,fidelity_constrained_matched_geometry,fidelity_constrained_matched_geometry__seed11401,11401,14047,3,1.445874750927921
Wall,jepa_wm_wall,18,2,fidelity_constrained_matched_geometry,fidelity_constrained_matched_geometry__seed11401,11401,14047,6,2.2909740821493156
Wall,jepa_wm_wall,19,2,fidelity_constrained_matched_geometry,fidelity_constrained_matched_geometry__seed11401,11401,14047,1,1.7220635106261233
Wall,jepa_wm_wall,19,2,fidelity_constrained_matched_geometry,fidelity_constrained_matched_geometry__seed11401,11401,14047,3,1.9835472692019815
Wall,jepa_wm_wall,19,2,fidelity_constrained_matched_geometry,fidelity_constrained_matched_geometry__seed11401,11401,14047,6,1.9104394933596132
Wall,jepa_wm_wall,20,2,fidelity_constrained_matched_geometry,fidelity_constrained_matched_geometry__seed11401,11401,14047,1,1.7139861114074184
Wall,jepa_wm_wall,20,2,fidelity_constrained_matched_geometry,fidelity_constrained_matched_geometry__seed11401,11401,14047,3,1.8647238305572005
Wall,jepa_wm_wall,20,2,fidelity_constrained_matched_geometry,fidelity_constrained_matched_geometry__seed11401,11401,14047,6,2.073367092662719
Wall,jepa_wm_wall,21,2,fidelity_constrained_matched_geometry,fidelity_constrained_matched_geometry__seed11401,11401,14047,1,1.0209327306761218
Wall,jepa_wm_wall,21,2,fidelity_constrained_matched_geometry,fidelity_constrained_matched_geometry__seed11401,11401,14047,3,1.5997378118328571
Wall,jepa_wm_wall,21,2,fidelity_constrained_matched_geometry,fidelity_constrained_matched_geometry__seed11401,11401,14047,6,2.183591978304798
Wall,jepa_wm_wall,22,2,fidelity_constrained_matched_geometry,fidelity_constrained_matched_geometry__seed11401,11401,14047,1,1.3048568543777788
Wall,jepa_wm_wall,22,2,fidelity_constrained_matched_geometry,fidelity_constrained_matched_geometry__seed11401,11401,14047,3,1.769686675192754
Wall,jepa_wm_wall,22,2,fidelity_constrained_matched_geometry,fidelity_constrained_matched_geometry__seed11401,11401,14047,6,2.1217392705569775
Wall,jepa_wm_wall,23,2,fidelity_constrained_matched_geometry,fidelity_constrained_matched_geometry__seed11401,11401,14047,1,1.070288098450677
Wall,jepa_wm_wall,23,2,fidelity_constrained_matched_geometry,fidelity_constrained_matched_geometry__seed11401,11401,14047,3,1.8020351952831757
Wall,jepa_wm_wall,23,2,fidelity_constrained_matched_geometry,fidelity_constrained_matched_geometry__seed11401,11401,14047,6,2.0092294905162267
Wall,jepa_wm_wall,48,6,fidelity_constrained_matched_geometry,fidelity_constrained_matched_geometry__seed11401,11401,14047,1,1.4811937183924486
Wall,jepa_wm_wall,48,6,fidelity_constrained_matched_geometry,fidelity_constrained_matched_geometry__seed11401,11401,14047,3,2.2920931617501084
Wall,jepa_wm_wall,48,6,fidelity_constrained_matched_geometry,fidelity_constrained_matched_geometry__seed11401,11401,14047,6,2.225110465846058
Wall,jepa_wm_wall,49,6,fidelity_constrained_matched_geometry,fidelity_constrained_matched_geometry__seed11401,11401,14047,1,1.37264404052773
Wall,jepa_wm_wall,49,6,fidelity_constrained_matched_geometry,fidelity_constrained_matched_geometry__seed11401,11401,14047,3,2.275249755338363
Wall,jepa_wm_wall,49,6,fidelity_constrained_matched_geometry,fidelity_constrained_matched_geometry__seed11401,11401,14047,6,2.1993716373896675
Wall,jepa_wm_wall,50,6,fidelity_constrained_matched_geometry,fidelity_constrained_matched_geometry__seed11401,11401,14047,1,1.6520015467951132
Wall,jepa_wm_wall,50,6,fidelity_constrained_matched_geometry,fidelity_constrained_matched_geometry__seed11401,11401,14047,3,2.152213810352501
Wall,jepa_wm_wall,50,6,fidelity_constrained_matched_geometry,fidelity_constrained_matched_geometry__seed11401,11401,14047,6,2.301372526480537
Wall,jepa_wm_wall,51,6,fidelity_constrained_matched_geometry,fidelity_constrained_matched_geometry__seed11401,11401,14047,1,1.8002388494830057
Wall,jepa_wm_wall,51,6,fidelity_constrained_matched_geometry,fidelity_constrained_matched_geometry__seed11401,11401,14047,3,2.169807623012443
Wall,jepa_wm_wall,51,6,fidelity_constrained_matched_geometry,fidelity_constrained_matched_geometry__seed11401,11401,14047,6,2.210206093294716
Wall,jepa_wm_wall,52,6,fidelity_constrained_matched_geometry,fidelity_constrained_matched_geometry__seed11401,11401,14047,1,1.4686200244765701
Wall,jepa_wm_wall,52,6,fidelity_constrained_matched_geometry,fidelity_constrained_matched_geometry__seed11401,11401,14047,3,2.0955181909088916
Wall,jepa_wm_wall,52,6,fidelity_constrained_matched_geometry,fidelity_constrained_matched_geometry__seed11401,11401,14047,6,2.5281648622681447
Wall,jepa_wm_wall,53,6,fidelity_constrained_matched_geometry,fidelity_constrained_matched_geometry__seed11401,11401,14047,1,1.20203254182652
Wall,jepa_wm_wall,53,6,fidelity_constrained_matched_geometry,fidelity_constrained_matched_geometry__seed11401,11401,14047,3,2.1702461114401195
Wall,jepa_wm_wall,53,6,fidelity_constrained_matched_geometry,fidelity_constrained_matched_geometry__seed11401,11401,14047,6,2.14954039692688
Wall,jepa_wm_wall,54,6,fidelity_constrained_matched_geometry,fidelity_constrained_matched_geometry__seed11401,11401,14047,1,1.738041188049573
Wall,jepa_wm_wall,54,6,fidelity_constrained_matched_geometry,fidelity_constrained_matched_geometry__seed11401,11401,14047,3,2.275862321056013
Wall,jepa_wm_wall,54,6,fidelity_constrained_matched_geometry,fidelity_constrained_matched_geometry__seed11401,11401,14047,6,2.581247719548123
Wall,jepa_wm_wall,55,6,fidelity_constrained_matched_geometry,fidelity_constrained_matched_geometry__seed11401,11401,14047,1,1.3345874148892563
Wall,jepa_wm_wall,55,6,fidelity_constrained_matched_geometry,fidelity_constrained_matched_geometry__seed11401,11401,14047,3,2.141034280183808
Wall,jepa_wm_wall,55,6,fidelity_constrained_matched_geometry,fidelity_constrained_matched_geometry__seed11401,11401,14047,6,2.432565564662104
Wall,jepa_wm_wall,8,1,fidelity_constrained_latent_only,fidelity_constrained_latent_only__seed11419,11419,14047,1,1.7831778227141541
Wall,jepa_wm_wall,8,1,fidelity_constrained_latent_only,fidelity_constrained_latent_only__seed11419,11419,14047,3,1.8156806963840293
Wall,jepa_wm_wall,8,1,fidelity_constrained_latent_only,fidelity_constrained_latent_only__seed11419,11419,14047,6,1.9640035414066483
Wall,jepa_wm_wall,9,1,fidelity_constrained_latent_only,fidelity_constrained_latent_only__seed11419,11419,14047,1,0.9565638947928974
Wall,jepa_wm_wall,9,1,fidelity_constrained_latent_only,fidelity_constrained_latent_only__seed11419,11419,14047,3,1.6709746526908158
Wall,jepa_wm_wall,9,1,fidelity_constrained_latent_only,fidelity_constrained_latent_only__seed11419,11419,14047,6,1.9236778659300067
Wall,jepa_wm_wall,10,1,fidelity_constrained_latent_only,fidelity_constrained_latent_only__seed11419,11419,14047,1,1.6241181116508214
Wall,jepa_wm_wall,10,1,fidelity_constrained_latent_only,fidelity_constrained_latent_only__seed11419,11419,14047,3,1.9592344646029267
Wall,jepa_wm_wall,10,1,fidelity_constrained_latent_only,fidelity_constrained_latent_only__seed11419,11419,14047,6,1.9716751892780746
Wall,jepa_wm_wall,11,1,fidelity_constrained_latent_only,fidelity_constrained_latent_only__seed11419,11419,14047,1,0.9659504786831118
Wall,jepa_wm_wall,11,1,fidelity_constrained_latent_only,fidelity_constrained_latent_only__seed11419,11419,14047,3,1.950936727767904
Wall,jepa_wm_wall,11,1,fidelity_constrained_latent_only,fidelity_constrained_latent_only__seed11419,11419,14047,6,2.0009489338122775
Wall,jepa_wm_wall,12,1,fidelity_constrained_latent_only,fidelity_constrained_latent_only__seed11419,11419,14047,1,1.0152482118184565
Wall,jepa_wm_wall,12,1,fidelity_constrained_latent_only,fidelity_constrained_latent_only__seed11419,11419,14047,3,1.537251257079429
Wall,jepa_wm_wall,12,1,fidelity_constrained_latent_only,fidelity_constrained_latent_only__seed11419,11419,14047,6,2.15510393203484
Wall,jepa_wm_wall,13,1,fidelity_constrained_latent_only,fidelity_constrained_latent_only__seed11419,11419,14047,1,1.3023617295510392
Wall,jepa_wm_wall,13,1,fidelity_constrained_latent_only,fidelity_constrained_latent_only__seed11419,11419,14047,3,1.7716991933192157
Wall,jepa_wm_wall,13,1,fidelity_constrained_latent_only,fidelity_constrained_latent_only__seed11419,11419,14047,6,2.094141202627221
Wall,jepa_wm_wall,14,1,fidelity_constrained_latent_only,fidelity_constrained_latent_only__seed11419,11419,14047,1,0.9593262380797991
Wall,jepa_wm_wall,14,1,fidelity_constrained_latent_only,fidelity_constrained_latent_only__seed11419,11419,14047,3,1.8594869069180497
Wall,jepa_wm_wall,14,1,fidelity_constrained_latent_only,fidelity_constrained_latent_only__seed11419,11419,14047,6,1.8589817670013309
Wall,jepa_wm_wall,15,1,fidelity_constrained_latent_only,fidelity_constrained_latent_only__seed11419,11419,14047,1,1.260965285623325
Wall,jepa_wm_wall,15,1,fidelity_constrained_latent_only,fidelity_constrained_latent_only__seed11419,11419,14047,3,1.9528095121507105
Wall,jepa_wm_wall,15,1,fidelity_constrained_latent_only,fidelity_constrained_latent_only__seed11419,11419,14047,6,2.329493159043846
Wall,jepa_wm_wall,16,2,fidelity_constrained_latent_only,fidelity_constrained_latent_only__seed11419,11419,14047,1,1.1586059056564042
Wall,jepa_wm_wall,16,2,fidelity_constrained_latent_only,fidelity_constrained_latent_only__seed11419,11419,14047,3,1.9263473469402281
Wall,jepa_wm_wall,16,2,fidelity_constrained_latent_only,fidelity_constrained_latent_only__seed11419,11419,14047,6,2.1364434851067173
Wall,jepa_wm_wall,17,2,fidelity_constrained_latent_only,fidelity_constrained_latent_only__seed11419,11419,14047,1,1.3730137232472492
Wall,jepa_wm_wall,17,2,fidelity_constrained_latent_only,fidelity_constrained_latent_only__seed11419,11419,14047,3,1.8923242343683393
Wall,jepa_wm_wall,17,2,fidelity_constrained_latent_only,fidelity_constrained_latent_only__seed11419,11419,14047,6,1.9770200824883868
Wall,jepa_wm_wall,18,2,fidelity_constrained_latent_only,fidelity_constrained_latent_only__seed11419,11419,14047,1,1.027483562168092
Wall,jepa_wm_wall,18,2,fidelity_constrained_latent_only,fidelity_constrained_latent_only__seed11419,11419,14047,3,1.497464524901651
Wall,jepa_wm_wall,18,2,fidelity_constrained_latent_only,fidelity_constrained_latent_only__seed11419,11419,14047,6,2.0291598721768658
Wall,jepa_wm_wall,19,2,fidelity_constrained_latent_only,fidelity_constrained_latent_only__seed11419,11419,14047,1,1.706069927579082
Wall,jepa_wm_wall,19,2,fidelity_constrained_latent_only,fidelity_constrained_latent_only__seed11419,11419,14047,3,1.9421803745384478
Wall,jepa_wm_wall,19,2,fidelity_constrained_latent_only,fidelity_constrained_latent_only__seed11419,11419,14047,6,2.113919081664672
Wall,jepa_wm_wall,20,2,fidelity_constrained_latent_only,fidelity_constrained_latent_only__seed11419,11419,14047,1,1.557985037871389
Wall,jepa_wm_wall,20,2,fidelity_constrained_latent_only,fidelity_constrained_latent_only__seed11419,11419,14047,3,1.8979299398994232
Wall,jepa_wm_wall,20,2,fidelity_constrained_latent_only,fidelity_constrained_latent_only__seed11419,11419,14047,6,2.1426760722807043
Wall,jepa_wm_wall,21,2,fidelity_constrained_latent_only,fidelity_constrained_latent_only__seed11419,11419,14047,1,1.113808224698841
Wall,jepa_wm_wall,21,2,fidelity_constrained_latent_only,fidelity_constrained_latent_only__seed11419,11419,14047,3,1.5010656919271894
Wall,jepa_wm_wall,21,2,fidelity_constrained_latent_only,fidelity_constrained_latent_only__seed11419,11419,14047,6,2.0799362866525923
Wall,jepa_wm_wall,22,2,fidelity_constrained_latent_only,fidelity_constrained_latent_only__seed11419,11419,14047,1,1.3967070592647122
Wall,jepa_wm_wall,22,2,fidelity_constrained_latent_only,fidelity_constrained_latent_only__seed11419,11419,14047,3,1.8902510267986334
Wall,jepa_wm_wall,22,2,fidelity_constrained_latent_only,fidelity_constrained_latent_only__seed11419,11419,14047,6,2.016150350233783
Wall,jepa_wm_wall,23,2,fidelity_constrained_latent_only,fidelity_constrained_latent_only__seed11419,11419,14047,1,1.0946967094751048
Wall,jepa_wm_wall,23,2,fidelity_constrained_latent_only,fidelity_constrained_latent_only__seed11419,11419,14047,3,1.97102432864544
Wall,jepa_wm_wall,23,2,fidelity_constrained_latent_only,fidelity_constrained_latent_only__seed11419,11419,14047,6,2.1573842858687895
Wall,jepa_wm_wall,48,6,fidelity_constrained_latent_only,fidelity_constrained_latent_only__seed11419,11419,14047,1,1.3999924267902817
Wall,jepa_wm_wall,48,6,fidelity_constrained_latent_only,fidelity_constrained_latent_only__seed11419,11419,14047,3,2.166811523646209
Wall,jepa_wm_wall,48,6,fidelity_constrained_latent_only,fidelity_constrained_latent_only__seed11419,11419,14047,6,2.4134598317890603
Wall,jepa_wm_wall,49,6,fidelity_constrained_latent_only,fidelity_constrained_latent_only__seed11419,11419,14047,1,1.3344924565923224
Wall,jepa_wm_wall,49,6,fidelity_constrained_latent_only,fidelity_constrained_latent_only__seed11419,11419,14047,3,2.1753212245582607
Wall,jepa_wm_wall,49,6,fidelity_constrained_latent_only,fidelity_constrained_latent_only__seed11419,11419,14047,6,2.3771571156368774
Wall,jepa_wm_wall,50,6,fidelity_constrained_latent_only,fidelity_constrained_latent_only__seed11419,11419,14047,1,1.5648604164078397
Wall,jepa_wm_wall,50,6,fidelity_constrained_latent_only,fidelity_constrained_latent_only__seed11419,11419,14047,3,2.091343858623664
Wall,jepa_wm_wall,50,6,fidelity_constrained_latent_only,fidelity_constrained_latent_only__seed11419,11419,14047,6,2.304940842748011
Wall,jepa_wm_wall,51,6,fidelity_constrained_latent_only,fidelity_constrained_latent_only__seed11419,11419,14047,1,1.7414516015940749
Wall,jepa_wm_wall,51,6,fidelity_constrained_latent_only,fidelity_constrained_latent_only__seed11419,11419,14047,3,2.2032188619887094
Wall,jepa_wm_wall,51,6,fidelity_constrained_latent_only,fidelity_constrained_latent_only__seed11419,11419,14047,6,2.434122387806711
Wall,jepa_wm_wall,52,6,fidelity_constrained_latent_only,fidelity_constrained_latent_only__seed11419,11419,14047,1,1.4397741419396628
Wall,jepa_wm_wall,52,6,fidelity_constrained_latent_only,fidelity_constrained_latent_only__seed11419,11419,14047,3,2.043318181017611
Wall,jepa_wm_wall,52,6,fidelity_constrained_latent_only,fidelity_constrained_latent_only__seed11419,11419,14047,6,2.5778019613705183
Wall,jepa_wm_wall,53,6,fidelity_constrained_latent_only,fidelity_constrained_latent_only__seed11419,11419,14047,1,1.1186141357252266
Wall,jepa_wm_wall,53,6,fidelity_constrained_latent_only,fidelity_constrained_latent_only__seed11419,11419,14047,3,2.0395756885910465
Wall,jepa_wm_wall,53,6,fidelity_constrained_latent_only,fidelity_constrained_latent_only__seed11419,11419,14047,6,2.276782127016173
Wall,jepa_wm_wall,54,6,fidelity_constrained_latent_only,fidelity_constrained_latent_only__seed11419,11419,14047,1,1.719954019611164
Wall,jepa_wm_wall,54,6,fidelity_constrained_latent_only,fidelity_constrained_latent_only__seed11419,11419,14047,3,2.193857608106655
Wall,jepa_wm_wall,54,6,fidelity_constrained_latent_only,fidelity_constrained_latent_only__seed11419,11419,14047,6,2.6081618663699433
Wall,jepa_wm_wall,55,6,fidelity_constrained_latent_only,fidelity_constrained_latent_only__seed11419,11419,14047,1,1.386611910153352
Wall,jepa_wm_wall,55,6,fidelity_constrained_latent_only,fidelity_constrained_latent_only__seed11419,11419,14047,3,2.030379190288923
Wall,jepa_wm_wall,55,6,fidelity_constrained_latent_only,fidelity_constrained_latent_only__seed11419,11419,14047,6,2.480441505991647
Wall,jepa_wm_wall,8,1,fidelity_constrained_shuffled_geometry,fidelity_constrained_shuffled_geometry__seed11419,11419,14047,1,1.855118285310846
Wall,jepa_wm_wall,8,1,fidelity_constrained_shuffled_geometry,fidelity_constrained_shuffled_geometry__seed11419,11419,14047,3,1.8357458499082384
Wall,jepa_wm_wall,8,1,fidelity_constrained_shuffled_geometry,fidelity_constrained_shuffled_geometry__seed11419,11419,14047,6,1.837525848467956
Wall,jepa_wm_wall,9,1,fidelity_constrained_shuffled_geometry,fidelity_constrained_shuffled_geometry__seed11419,11419,14047,1,1.0312247722796823
Wall,jepa_wm_wall,9,1,fidelity_constrained_shuffled_geometry,fidelity_constrained_shuffled_geometry__seed11419,11419,14047,3,1.8732303312530392
Wall,jepa_wm_wall,9,1,fidelity_constrained_shuffled_geometry,fidelity_constrained_shuffled_geometry__seed11419,11419,14047,6,1.9164946230132154
Wall,jepa_wm_wall,10,1,fidelity_constrained_shuffled_geometry,fidelity_constrained_shuffled_geometry__seed11419,11419,14047,1,1.715165703247621
Wall,jepa_wm_wall,10,1,fidelity_constrained_shuffled_geometry,fidelity_constrained_shuffled_geometry__seed11419,11419,14047,3,2.013519148384732
Wall,jepa_wm_wall,10,1,fidelity_constrained_shuffled_geometry,fidelity_constrained_shuffled_geometry__seed11419,11419,14047,6,1.8328474865464657
Wall,jepa_wm_wall,11,1,fidelity_constrained_shuffled_geometry,fidelity_constrained_shuffled_geometry__seed11419,11419,14047,1,1.0301816460558557
Wall,jepa_wm_wall,11,1,fidelity_constrained_shuffled_geometry,fidelity_constrained_shuffled_geometry__seed11419,11419,14047,3,2.011275992991161
Wall,jepa_wm_wall,11,1,fidelity_constrained_shuffled_geometry,fidelity_constrained_shuffled_geometry__seed11419,11419,14047,6,1.9122042576390554
Wall,jepa_wm_wall,12,1,fidelity_constrained_shuffled_geometry,fidelity_constrained_shuffled_geometry__seed11419,11419,14047,1,1.0532503653579546
Wall,jepa_wm_wall,12,1,fidelity_constrained_shuffled_geometry,fidelity_constrained_shuffled_geometry__seed11419,11419,14047,3,1.604848861683599
Wall,jepa_wm_wall,12,1,fidelity_constrained_shuffled_geometry,fidelity_constrained_shuffled_geometry__seed11419,11419,14047,6,1.9810361009713342
Wall,jepa_wm_wall,13,1,fidelity_constrained_shuffled_geometry,fidelity_constrained_shuffled_geometry__seed11419,11419,14047,1,1.4197561412161464
Wall,jepa_wm_wall,13,1,fidelity_constrained_shuffled_geometry,fidelity_constrained_shuffled_geometry__seed11419,11419,14047,3,1.8024213104361861
Wall,jepa_wm_wall,13,1,fidelity_constrained_shuffled_geometry,fidelity_constrained_shuffled_geometry__seed11419,11419,14047,6,1.7769781994284968
Wall,jepa_wm_wall,14,1,fidelity_constrained_shuffled_geometry,fidelity_constrained_shuffled_geometry__seed11419,11419,14047,1,0.9096257565049136
Wall,jepa_wm_wall,14,1,fidelity_constrained_shuffled_geometry,fidelity_constrained_shuffled_geometry__seed11419,11419,14047,3,1.9296776945956287
Wall,jepa_wm_wall,14,1,fidelity_constrained_shuffled_geometry,fidelity_constrained_shuffled_geometry__seed11419,11419,14047,6,1.777297941921645
Wall,jepa_wm_wall,15,1,fidelity_constrained_shuffled_geometry,fidelity_constrained_shuffled_geometry__seed11419,11419,14047,1,1.4681272608407863
Wall,jepa_wm_wall,15,1,fidelity_constrained_shuffled_geometry,fidelity_constrained_shuffled_geometry__seed11419,11419,14047,3,2.0982597095497617
Wall,jepa_wm_wall,15,1,fidelity_constrained_shuffled_geometry,fidelity_constrained_shuffled_geometry__seed11419,11419,14047,6,2.0018747230236884
Wall,jepa_wm_wall,16,2,fidelity_constrained_shuffled_geometry,fidelity_constrained_shuffled_geometry__seed11419,11419,14047,1,1.134417494201782
Wall,jepa_wm_wall,16,2,fidelity_constrained_shuffled_geometry,fidelity_constrained_shuffled_geometry__seed11419,11419,14047,3,1.9320078152791815
Wall,jepa_wm_wall,16,2,fidelity_constrained_shuffled_geometry,fidelity_constrained_shuffled_geometry__seed11419,11419,14047,6,2.1573168434373167
Wall,jepa_wm_wall,17,2,fidelity_constrained_shuffled_geometry,fidelity_constrained_shuffled_geometry__seed11419,11419,14047,1,1.2609844246902944
Wall,jepa_wm_wall,17,2,fidelity_constrained_shuffled_geometry,fidelity_constrained_shuffled_geometry__seed11419,11419,14047,3,1.784573339372345
Wall,jepa_wm_wall,17,2,fidelity_constrained_shuffled_geometry,fidelity_constrained_shuffled_geometry__seed11419,11419,14047,6,2.2227471246949944
Wall,jepa_wm_wall,18,2,fidelity_constrained_shuffled_geometry,fidelity_constrained_shuffled_geometry__seed11419,11419,14047,1,0.956526360356092
Wall,jepa_wm_wall,18,2,fidelity_constrained_shuffled_geometry,fidelity_constrained_shuffled_geometry__seed11419,11419,14047,3,1.5505842447254905
Wall,jepa_wm_wall,18,2,fidelity_constrained_shuffled_geometry,fidelity_constrained_shuffled_geometry__seed11419,11419,14047,6,2.3244161764068703
Wall,jepa_wm_wall,19,2,fidelity_constrained_shuffled_geometry,fidelity_constrained_shuffled_geometry__seed11419,11419,14047,1,1.7363717483931875
Wall,jepa_wm_wall,19,2,fidelity_constrained_shuffled_geometry,fidelity_constrained_shuffled_geometry__seed11419,11419,14047,3,2.0559479667129477
Wall,jepa_wm_wall,19,2,fidelity_constrained_shuffled_geometry,fidelity_constrained_shuffled_geometry__seed11419,11419,14047,6,2.076576154001583
Wall,jepa_wm_wall,20,2,fidelity_constrained_shuffled_geometry,fidelity_constrained_shuffled_geometry__seed11419,11419,14047,1,1.7157941732808109
Wall,jepa_wm_wall,20,2,fidelity_constrained_shuffled_geometry,fidelity_constrained_shuffled_geometry__seed11419,11419,14047,3,1.9250520311670534
Wall,jepa_wm_wall,20,2,fidelity_constrained_shuffled_geometry,fidelity_constrained_shuffled_geometry__seed11419,11419,14047,6,2.0677940675745887
Wall,jepa_wm_wall,21,2,fidelity_constrained_shuffled_geometry,fidelity_constrained_shuffled_geometry__seed11419,11419,14047,1,0.9815175558288668
Wall,jepa_wm_wall,21,2,fidelity_constrained_shuffled_geometry,fidelity_constrained_shuffled_geometry__seed11419,11419,14047,3,1.6670534296467858
Wall,jepa_wm_wall,21,2,fidelity_constrained_shuffled_geometry,fidelity_constrained_shuffled_geometry__seed11419,11419,14047,6,2.298131635637813
Wall,jepa_wm_wall,22,2,fidelity_constrained_shuffled_geometry,fidelity_constrained_shuffled_geometry__seed11419,11419,14047,1,1.300375359394235
Wall,jepa_wm_wall,22,2,fidelity_constrained_shuffled_geometry,fidelity_constrained_shuffled_geometry__seed11419,11419,14047,3,1.795462729947698
Wall,jepa_wm_wall,22,2,fidelity_constrained_shuffled_geometry,fidelity_constrained_shuffled_geometry__seed11419,11419,14047,6,2.1817958622112394
Wall,jepa_wm_wall,23,2,fidelity_constrained_shuffled_geometry,fidelity_constrained_shuffled_geometry__seed11419,11419,14047,1,1.0646121310198737
Wall,jepa_wm_wall,23,2,fidelity_constrained_shuffled_geometry,fidelity_constrained_shuffled_geometry__seed11419,11419,14047,3,1.870927828923011
Wall,jepa_wm_wall,23,2,fidelity_constrained_shuffled_geometry,fidelity_constrained_shuffled_geometry__seed11419,11419,14047,6,2.0041788669765856
Wall,jepa_wm_wall,48,6,fidelity_constrained_shuffled_geometry,fidelity_constrained_shuffled_geometry__seed11419,11419,14047,1,1.532364085673235
Wall,jepa_wm_wall,48,6,fidelity_constrained_shuffled_geometry,fidelity_constrained_shuffled_geometry__seed11419,11419,14047,3,2.3808544769701623
Wall,jepa_wm_wall,48,6,fidelity_constrained_shuffled_geometry,fidelity_constrained_shuffled_geometry__seed11419,11419,14047,6,2.2181277967808315
Wall,jepa_wm_wall,49,6,fidelity_constrained_shuffled_geometry,fidelity_constrained_shuffled_geometry__seed11419,11419,14047,1,1.4004455136772003
Wall,jepa_wm_wall,49,6,fidelity_constrained_shuffled_geometry,fidelity_constrained_shuffled_geometry__seed11419,11419,14047,3,2.375135634350443
Wall,jepa_wm_wall,49,6,fidelity_constrained_shuffled_geometry,fidelity_constrained_shuffled_geometry__seed11419,11419,14047,6,2.1839098984001613
Wall,jepa_wm_wall,50,6,fidelity_constrained_shuffled_geometry,fidelity_constrained_shuffled_geometry__seed11419,11419,14047,1,1.6999551128335433
Wall,jepa_wm_wall,50,6,fidelity_constrained_shuffled_geometry,fidelity_constrained_shuffled_geometry__seed11419,11419,14047,3,2.209367844246195
Wall,jepa_wm_wall,50,6,fidelity_constrained_shuffled_geometry,fidelity_constrained_shuffled_geometry__seed11419,11419,14047,6,2.2794609325183477
Wall,jepa_wm_wall,51,6,fidelity_constrained_shuffled_geometry,fidelity_constrained_shuffled_geometry__seed11419,11419,14047,1,1.8019167630212467
Wall,jepa_wm_wall,51,6,fidelity_constrained_shuffled_geometry,fidelity_constrained_shuffled_geometry__seed11419,11419,14047,3,2.2268224098317435
Wall,jepa_wm_wall,51,6,fidelity_constrained_shuffled_geometry,fidelity_constrained_shuffled_geometry__seed11419,11419,14047,6,2.2611433970549526
Wall,jepa_wm_wall,52,6,fidelity_constrained_shuffled_geometry,fidelity_constrained_shuffled_geometry__seed11419,11419,14047,1,1.5533077192158384
Wall,jepa_wm_wall,52,6,fidelity_constrained_shuffled_geometry,fidelity_constrained_shuffled_geometry__seed11419,11419,14047,3,2.201087946666448
Wall,jepa_wm_wall,52,6,fidelity_constrained_shuffled_geometry,fidelity_constrained_shuffled_geometry__seed11419,11419,14047,6,2.534277456896654
Wall,jepa_wm_wall,53,6,fidelity_constrained_shuffled_geometry,fidelity_constrained_shuffled_geometry__seed11419,11419,14047,1,1.2428573195544435
Wall,jepa_wm_wall,53,6,fidelity_constrained_shuffled_geometry,fidelity_constrained_shuffled_geometry__seed11419,11419,14047,3,2.2214146844326055
Wall,jepa_wm_wall,53,6,fidelity_constrained_shuffled_geometry,fidelity_constrained_shuffled_geometry__seed11419,11419,14047,6,2.124784857497018
Wall,jepa_wm_wall,54,6,fidelity_constrained_shuffled_geometry,fidelity_constrained_shuffled_geometry__seed11419,11419,14047,1,1.7817029538754776
Wall,jepa_wm_wall,54,6,fidelity_constrained_shuffled_geometry,fidelity_constrained_shuffled_geometry__seed11419,11419,14047,3,2.30564729292272
Wall,jepa_wm_wall,54,6,fidelity_constrained_shuffled_geometry,fidelity_constrained_shuffled_geometry__seed11419,11419,14047,6,2.5698794305536246
Wall,jepa_wm_wall,55,6,fidelity_constrained_shuffled_geometry,fidelity_constrained_shuffled_geometry__seed11419,11419,14047,1,1.37159961798594
Wall,jepa_wm_wall,55,6,fidelity_constrained_shuffled_geometry,fidelity_constrained_shuffled_geometry__seed11419,11419,14047,3,2.232092527438164
Wall,jepa_wm_wall,55,6,fidelity_constrained_shuffled_geometry,fidelity_constrained_shuffled_geometry__seed11419,11419,14047,6,2.449258332045383
Wall,jepa_wm_wall,8,1,fidelity_constrained_matched_geometry,fidelity_constrained_matched_geometry__seed11419,11419,14047,1,1.8329998238784595
Wall,jepa_wm_wall,8,1,fidelity_constrained_matched_geometry,fidelity_constrained_matched_geometry__seed11419,11419,14047,3,1.7995370497624552
Wall,jepa_wm_wall,8,1,fidelity_constrained_matched_geometry,fidelity_constrained_matched_geometry__seed11419,11419,14047,6,1.7853112968132292
Wall,jepa_wm_wall,9,1,fidelity_constrained_matched_geometry,fidelity_constrained_matched_geometry__seed11419,11419,14047,1,0.9799832600374757
Wall,jepa_wm_wall,9,1,fidelity_constrained_matched_geometry,fidelity_constrained_matched_geometry__seed11419,11419,14047,3,1.788865908848612
Wall,jepa_wm_wall,9,1,fidelity_constrained_matched_geometry,fidelity_constrained_matched_geometry__seed11419,11419,14047,6,1.859027997063193
Wall,jepa_wm_wall,10,1,fidelity_constrained_matched_geometry,fidelity_constrained_matched_geometry__seed11419,11419,14047,1,1.686850350238988
Wall,jepa_wm_wall,10,1,fidelity_constrained_matched_geometry,fidelity_constrained_matched_geometry__seed11419,11419,14047,3,1.9334016115207857
Wall,jepa_wm_wall,10,1,fidelity_constrained_matched_geometry,fidelity_constrained_matched_geometry__seed11419,11419,14047,6,1.8273423852078186
Wall,jepa_wm_wall,11,1,fidelity_constrained_matched_geometry,fidelity_constrained_matched_geometry__seed11419,11419,14047,1,1.0359158918591485
Wall,jepa_wm_wall,11,1,fidelity_constrained_matched_geometry,fidelity_constrained_matched_geometry__seed11419,11419,14047,3,1.9095884625183521
Wall,jepa_wm_wall,11,1,fidelity_constrained_matched_geometry,fidelity_constrained_matched_geometry__seed11419,11419,14047,6,1.8518827582740414
Wall,jepa_wm_wall,12,1,fidelity_constrained_matched_geometry,fidelity_constrained_matched_geometry__seed11419,11419,14047,1,1.0348456333673342
Wall,jepa_wm_wall,12,1,fidelity_constrained_matched_geometry,fidelity_constrained_matched_geometry__seed11419,11419,14047,3,1.565104286172046
Wall,jepa_wm_wall,12,1,fidelity_constrained_matched_geometry,fidelity_constrained_matched_geometry__seed11419,11419,14047,6,2.010949805807819
Wall,jepa_wm_wall,13,1,fidelity_constrained_matched_geometry,fidelity_constrained_matched_geometry__seed11419,11419,14047,1,1.371717951976677
Wall,jepa_wm_wall,13,1,fidelity_constrained_matched_geometry,fidelity_constrained_matched_geometry__seed11419,11419,14047,3,1.7404429106029093
Wall,jepa_wm_wall,13,1,fidelity_constrained_matched_geometry,fidelity_constrained_matched_geometry__seed11419,11419,14047,6,1.9061406713597346
Wall,jepa_wm_wall,14,1,fidelity_constrained_matched_geometry,fidelity_constrained_matched_geometry__seed11419,11419,14047,1,0.9152225953039725
Wall,jepa_wm_wall,14,1,fidelity_constrained_matched_geometry,fidelity_constrained_matched_geometry__seed11419,11419,14047,3,1.8869398375688224
Wall,jepa_wm_wall,14,1,fidelity_constrained_matched_geometry,fidelity_constrained_matched_geometry__seed11419,11419,14047,6,1.7085410505171548
Wall,jepa_wm_wall,15,1,fidelity_constrained_matched_geometry,fidelity_constrained_matched_geometry__seed11419,11419,14047,1,1.3999443563838168
Wall,jepa_wm_wall,15,1,fidelity_constrained_matched_geometry,fidelity_constrained_matched_geometry__seed11419,11419,14047,3,2.0258330501278596
Wall,jepa_wm_wall,15,1,fidelity_constrained_matched_geometry,fidelity_constrained_matched_geometry__seed11419,11419,14047,6,2.1893705774102967
Wall,jepa_wm_wall,16,2,fidelity_constrained_matched_geometry,fidelity_constrained_matched_geometry__seed11419,11419,14047,1,1.1265509331378143
Wall,jepa_wm_wall,16,2,fidelity_constrained_matched_geometry,fidelity_constrained_matched_geometry__seed11419,11419,14047,3,1.796330568353493
Wall,jepa_wm_wall,16,2,fidelity_constrained_matched_geometry,fidelity_constrained_matched_geometry__seed11419,11419,14047,6,2.1195301857674633
Wall,jepa_wm_wall,17,2,fidelity_constrained_matched_geometry,fidelity_constrained_matched_geometry__seed11419,11419,14047,1,1.271376767324204
Wall,jepa_wm_wall,17,2,fidelity_constrained_matched_geometry,fidelity_constrained_matched_geometry__seed11419,11419,14047,3,1.771455245913314
Wall,jepa_wm_wall,17,2,fidelity_constrained_matched_geometry,fidelity_constrained_matched_geometry__seed11419,11419,14047,6,2.154769586638752
Wall,jepa_wm_wall,18,2,fidelity_constrained_matched_geometry,fidelity_constrained_matched_geometry__seed11419,11419,14047,1,0.9957548718984365
Wall,jepa_wm_wall,18,2,fidelity_constrained_matched_geometry,fidelity_constrained_matched_geometry__seed11419,11419,14047,3,1.4452853523392757
Wall,jepa_wm_wall,18,2,fidelity_constrained_matched_geometry,fidelity_constrained_matched_geometry__seed11419,11419,14047,6,2.289608545028238
Wall,jepa_wm_wall,19,2,fidelity_constrained_matched_geometry,fidelity_constrained_matched_geometry__seed11419,11419,14047,1,1.721492382560797
Wall,jepa_wm_wall,19,2,fidelity_constrained_matched_geometry,fidelity_constrained_matched_geometry__seed11419,11419,14047,3,1.9886081698153846
Wall,jepa_wm_wall,19,2,fidelity_constrained_matched_geometry,fidelity_constrained_matched_geometry__seed11419,11419,14047,6,1.939830131384268
Wall,jepa_wm_wall,20,2,fidelity_constrained_matched_geometry,fidelity_constrained_matched_geometry__seed11419,11419,14047,1,1.7126438524617913
Wall,jepa_wm_wall,20,2,fidelity_constrained_matched_geometry,fidelity_constrained_matched_geometry__seed11419,11419,14047,3,1.867107961164603
Wall,jepa_wm_wall,20,2,fidelity_constrained_matched_geometry,fidelity_constrained_matched_geometry__seed11419,11419,14047,6,2.0739228041312225
Wall,jepa_wm_wall,21,2,fidelity_constrained_matched_geometry,fidelity_constrained_matched_geometry__seed11419,11419,14047,1,1.0192558699450085
Wall,jepa_wm_wall,21,2,fidelity_constrained_matched_geometry,fidelity_constrained_matched_geometry__seed11419,11419,14047,3,1.6026380947597036
Wall,jepa_wm_wall,21,2,fidelity_constrained_matched_geometry,fidelity_constrained_matched_geometry__seed11419,11419,14047,6,2.1970687955565156
Wall,jepa_wm_wall,22,2,fidelity_constrained_matched_geometry,fidelity_constrained_matched_geometry__seed11419,11419,14047,1,1.304360754351466
Wall,jepa_wm_wall,22,2,fidelity_constrained_matched_geometry,fidelity_constrained_matched_geometry__seed11419,11419,14047,3,1.7735472501950225
Wall,jepa_wm_wall,22,2,fidelity_constrained_matched_geometry,fidelity_constrained_matched_geometry__seed11419,11419,14047,6,2.122599692783023
Wall,jepa_wm_wall,23,2,fidelity_constrained_matched_geometry,fidelity_constrained_matched_geometry__seed11419,11419,14047,1,1.069453981742018
Wall,jepa_wm_wall,23,2,fidelity_constrained_matched_geometry,fidelity_constrained_matched_geometry__seed11419,11419,14047,3,1.8035440635407682
Wall,jepa_wm_wall,23,2,fidelity_constrained_matched_geometry,fidelity_constrained_matched_geometry__seed11419,11419,14047,6,2.0135985896502886
Wall,jepa_wm_wall,48,6,fidelity_constrained_matched_geometry,fidelity_constrained_matched_geometry__seed11419,11419,14047,1,1.4817508553116963
Wall,jepa_wm_wall,48,6,fidelity_constrained_matched_geometry,fidelity_constrained_matched_geometry__seed11419,11419,14047,3,2.292250638358613
Wall,jepa_wm_wall,48,6,fidelity_constrained_matched_geometry,fidelity_constrained_matched_geometry__seed11419,11419,14047,6,2.231820163818381
Wall,jepa_wm_wall,49,6,fidelity_constrained_matched_geometry,fidelity_constrained_matched_geometry__seed11419,11419,14047,1,1.3749547782578695
Wall,jepa_wm_wall,49,6,fidelity_constrained_matched_geometry,fidelity_constrained_matched_geometry__seed11419,11419,14047,3,2.2762254209553294
Wall,jepa_wm_wall,49,6,fidelity_constrained_matched_geometry,fidelity_constrained_matched_geometry__seed11419,11419,14047,6,2.2107280609195334
Wall,jepa_wm_wall,50,6,fidelity_constrained_matched_geometry,fidelity_constrained_matched_geometry__seed11419,11419,14047,1,1.655393530338524
Wall,jepa_wm_wall,50,6,fidelity_constrained_matched_geometry,fidelity_constrained_matched_geometry__seed11419,11419,14047,3,2.1506233460440365
Wall,jepa_wm_wall,50,6,fidelity_constrained_matched_geometry,fidelity_constrained_matched_geometry__seed11419,11419,14047,6,2.301177330337876
Wall,jepa_wm_wall,51,6,fidelity_constrained_matched_geometry,fidelity_constrained_matched_geometry__seed11419,11419,14047,1,1.8008747888046437
Wall,jepa_wm_wall,51,6,fidelity_constrained_matched_geometry,fidelity_constrained_matched_geometry__seed11419,11419,14047,3,2.170014870824478
Wall,jepa_wm_wall,51,6,fidelity_constrained_matched_geometry,fidelity_constrained_matched_geometry__seed11419,11419,14047,6,2.223013309242573
Wall,jepa_wm_wall,52,6,fidelity_constrained_matched_geometry,fidelity_constrained_matched_geometry__seed11419,11419,14047,1,1.4673955336963658
Wall,jepa_wm_wall,52,6,fidelity_constrained_matched_geometry,fidelity_constrained_matched_geometry__seed11419,11419,14047,3,2.0898777239634687
Wall,jepa_wm_wall,52,6,fidelity_constrained_matched_geometry,fidelity_constrained_matched_geometry__seed11419,11419,14047,6,2.536479564794147
Wall,jepa_wm_wall,53,6,fidelity_constrained_matched_geometry,fidelity_constrained_matched_geometry__seed11419,11419,14047,1,1.2043598006868392
Wall,jepa_wm_wall,53,6,fidelity_constrained_matched_geometry,fidelity_constrained_matched_geometry__seed11419,11419,14047,3,2.1737073136305387
Wall,jepa_wm_wall,53,6,fidelity_constrained_matched_geometry,fidelity_constrained_matched_geometry__seed11419,11419,14047,6,2.162164533159673
Wall,jepa_wm_wall,54,6,fidelity_constrained_matched_geometry,fidelity_constrained_matched_geometry__seed11419,11419,14047,1,1.7405802081325632
Wall,jepa_wm_wall,54,6,fidelity_constrained_matched_geometry,fidelity_constrained_matched_geometry__seed11419,11419,14047,3,2.2695939157752987
Wall,jepa_wm_wall,54,6,fidelity_constrained_matched_geometry,fidelity_constrained_matched_geometry__seed11419,11419,14047,6,2.596376386265609
Wall,jepa_wm_wall,55,6,fidelity_constrained_matched_geometry,fidelity_constrained_matched_geometry__seed11419,11419,14047,1,1.3353905902067393
Wall,jepa_wm_wall,55,6,fidelity_constrained_matched_geometry,fidelity_constrained_matched_geometry__seed11419,11419,14047,3,2.138268400255419
Wall,jepa_wm_wall,55,6,fidelity_constrained_matched_geometry,fidelity_constrained_matched_geometry__seed11419,11419,14047,6,2.4494974309515416
Wall,jepa_wm_wall,8,1,fidelity_constrained_latent_only,fidelity_constrained_latent_only__seed11437,11437,14047,1,1.7816728497158691
Wall,jepa_wm_wall,8,1,fidelity_constrained_latent_only,fidelity_constrained_latent_only__seed11437,11437,14047,3,1.83564644954429
Wall,jepa_wm_wall,8,1,fidelity_constrained_latent_only,fidelity_constrained_latent_only__seed11437,11437,14047,6,1.9827991945765735
Wall,jepa_wm_wall,9,1,fidelity_constrained_latent_only,fidelity_constrained_latent_only__seed11437,11437,14047,1,0.9542949051984844
Wall,jepa_wm_wall,9,1,fidelity_constrained_latent_only,fidelity_constrained_latent_only__seed11437,11437,14047,3,1.691021508138403
Wall,jepa_wm_wall,9,1,fidelity_constrained_latent_only,fidelity_constrained_latent_only__seed11437,11437,14047,6,1.929294921847313
Wall,jepa_wm_wall,10,1,fidelity_constrained_latent_only,fidelity_constrained_latent_only__seed11437,11437,14047,1,1.6250443016445228
Wall,jepa_wm_wall,10,1,fidelity_constrained_latent_only,fidelity_constrained_latent_only__seed11437,11437,14047,3,1.9770245229672039
Wall,jepa_wm_wall,10,1,fidelity_constrained_latent_only,fidelity_constrained_latent_only__seed11437,11437,14047,6,2.009503788335044
Wall,jepa_wm_wall,11,1,fidelity_constrained_latent_only,fidelity_constrained_latent_only__seed11437,11437,14047,1,0.9611085270352931
Wall,jepa_wm_wall,11,1,fidelity_constrained_latent_only,fidelity_constrained_latent_only__seed11437,11437,14047,3,1.9534977210736022
Wall,jepa_wm_wall,11,1,fidelity_constrained_latent_only,fidelity_constrained_latent_only__seed11437,11437,14047,6,2.018741500803925
Wall,jepa_wm_wall,12,1,fidelity_constrained_latent_only,fidelity_constrained_latent_only__seed11437,11437,14047,1,1.010856332343429
Wall,jepa_wm_wall,12,1,fidelity_constrained_latent_only,fidelity_constrained_latent_only__seed11437,11437,14047,3,1.537283495331322
Wall,jepa_wm_wall,12,1,fidelity_constrained_latent_only,fidelity_constrained_latent_only__seed11437,11437,14047,6,2.1414265723064556
Wall,jepa_wm_wall,13,1,fidelity_constrained_latent_only,fidelity_constrained_latent_only__seed11437,11437,14047,1,1.3133247847815213
Wall,jepa_wm_wall,13,1,fidelity_constrained_latent_only,fidelity_constrained_latent_only__seed11437,11437,14047,3,1.7760538252412308
Wall,jepa_wm_wall,13,1,fidelity_constrained_latent_only,fidelity_constrained_latent_only__seed11437,11437,14047,6,2.0954362063531335
Wall,jepa_wm_wall,14,1,fidelity_constrained_latent_only,fidelity_constrained_latent_only__seed11437,11437,14047,1,0.9491092034779558
Wall,jepa_wm_wall,14,1,fidelity_constrained_latent_only,fidelity_constrained_latent_only__seed11437,11437,14047,3,1.8759338598555457
Wall,jepa_wm_wall,14,1,fidelity_constrained_latent_only,fidelity_constrained_latent_only__seed11437,11437,14047,6,1.8498099180015146
Wall,jepa_wm_wall,15,1,fidelity_constrained_latent_only,fidelity_constrained_latent_only__seed11437,11437,14047,1,1.2613460545820439
Wall,jepa_wm_wall,15,1,fidelity_constrained_latent_only,fidelity_constrained_latent_only__seed11437,11437,14047,3,1.970684897023663
Wall,jepa_wm_wall,15,1,fidelity_constrained_latent_only,fidelity_constrained_latent_only__seed11437,11437,14047,6,2.309101534852154
Wall,jepa_wm_wall,16,2,fidelity_constrained_latent_only,fidelity_constrained_latent_only__seed11437,11437,14047,1,1.153817560614886
Wall,jepa_wm_wall,16,2,fidelity_constrained_latent_only,fidelity_constrained_latent_only__seed11437,11437,14047,3,1.9331303287524575
Wall,jepa_wm_wall,16,2,fidelity_constrained_latent_only,fidelity_constrained_latent_only__seed11437,11437,14047,6,2.1683278241836805
Wall,jepa_wm_wall,17,2,fidelity_constrained_latent_only,fidelity_constrained_latent_only__seed11437,11437,14047,1,1.3643916965548044
Wall,jepa_wm_wall,17,2,fidelity_constrained_latent_only,fidelity_constrained_latent_only__seed11437,11437,14047,3,1.882709531934492
Wall,jepa_wm_wall,17,2,fidelity_constrained_latent_only,fidelity_constrained_latent_only__seed11437,11437,14047,6,2.0009727140073847
Wall,jepa_wm_wall,18,2,fidelity_constrained_latent_only,fidelity_constrained_latent_only__seed11437,11437,14047,1,1.0120131375057764
Wall,jepa_wm_wall,18,2,fidelity_constrained_latent_only,fidelity_constrained_latent_only__seed11437,11437,14047,3,1.479211393899131
Wall,jepa_wm_wall,18,2,fidelity_constrained_latent_only,fidelity_constrained_latent_only__seed11437,11437,14047,6,2.0199529891016406
Wall,jepa_wm_wall,19,2,fidelity_constrained_latent_only,fidelity_constrained_latent_only__seed11437,11437,14047,1,1.7091083414402957
Wall,jepa_wm_wall,19,2,fidelity_constrained_latent_only,fidelity_constrained_latent_only__seed11437,11437,14047,3,1.9350843828746327
Wall,jepa_wm_wall,19,2,fidelity_constrained_latent_only,fidelity_constrained_latent_only__seed11437,11437,14047,6,2.1251647012410064
Wall,jepa_wm_wall,20,2,fidelity_constrained_latent_only,fidelity_constrained_latent_only__seed11437,11437,14047,1,1.5568218840213606
Wall,jepa_wm_wall,20,2,fidelity_constrained_latent_only,fidelity_constrained_latent_only__seed11437,11437,14047,3,1.9061052941762586
Wall,jepa_wm_wall,20,2,fidelity_constrained_latent_only,fidelity_constrained_latent_only__seed11437,11437,14047,6,2.155013789032683
Wall,jepa_wm_wall,21,2,fidelity_constrained_latent_only,fidelity_constrained_latent_only__seed11437,11437,14047,1,1.101837920611254
Wall,jepa_wm_wall,21,2,fidelity_constrained_latent_only,fidelity_constrained_latent_only__seed11437,11437,14047,3,1.4921304079294504
Wall,jepa_wm_wall,21,2,fidelity_constrained_latent_only,fidelity_constrained_latent_only__seed11437,11437,14047,6,2.1451303085394806
Wall,jepa_wm_wall,22,2,fidelity_constrained_latent_only,fidelity_constrained_latent_only__seed11437,11437,14047,1,1.3883872676884752
Wall,jepa_wm_wall,22,2,fidelity_constrained_latent_only,fidelity_constrained_latent_only__seed11437,11437,14047,3,1.8831300167620741
Wall,jepa_wm_wall,22,2,fidelity_constrained_latent_only,fidelity_constrained_latent_only__seed11437,11437,14047,6,2.0413604214773433
Wall,jepa_wm_wall,23,2,fidelity_constrained_latent_only,fidelity_constrained_latent_only__seed11437,11437,14047,1,1.091588738019091
Wall,jepa_wm_wall,23,2,fidelity_constrained_latent_only,fidelity_constrained_latent_only__seed11437,11437,14047,3,1.9678953314383483
Wall,jepa_wm_wall,23,2,fidelity_constrained_latent_only,fidelity_constrained_latent_only__seed11437,11437,14047,6,2.1906251944105675
Wall,jepa_wm_wall,48,6,fidelity_constrained_latent_only,fidelity_constrained_latent_only__seed11437,11437,14047,1,1.4059284847615248
Wall,jepa_wm_wall,48,6,fidelity_constrained_latent_only,fidelity_constrained_latent_only__seed11437,11437,14047,3,2.172702186098148
Wall,jepa_wm_wall,48,6,fidelity_constrained_latent_only,fidelity_constrained_latent_only__seed11437,11437,14047,6,2.4469578252664177
Wall,jepa_wm_wall,49,6,fidelity_constrained_latent_only,fidelity_constrained_latent_only__seed11437,11437,14047,1,1.341250335139997
Wall,jepa_wm_wall,49,6,fidelity_constrained_latent_only,fidelity_constrained_latent_only__seed11437,11437,14047,3,2.1892611347886293
Wall,jepa_wm_wall,49,6,fidelity_constrained_latent_only,fidelity_constrained_latent_only__seed11437,11437,14047,6,2.4392262589006966
Wall,jepa_wm_wall,50,6,fidelity_constrained_latent_only,fidelity_constrained_latent_only__seed11437,11437,14047,1,1.5779098747603706
Wall,jepa_wm_wall,50,6,fidelity_constrained_latent_only,fidelity_constrained_latent_only__seed11437,11437,14047,3,2.096092780118951
Wall,jepa_wm_wall,50,6,fidelity_constrained_latent_only,fidelity_constrained_latent_only__seed11437,11437,14047,6,2.3027780214727565
Wall,jepa_wm_wall,51,6,fidelity_constrained_latent_only,fidelity_constrained_latent_only__seed11437,11437,14047,1,1.743408835660188
Wall,jepa_wm_wall,51,6,fidelity_constrained_latent_only,fidelity_constrained_latent_only__seed11437,11437,14047,3,2.1959006951280906
Wall,jepa_wm_wall,51,6,fidelity_constrained_latent_only,fidelity_constrained_latent_only__seed11437,11437,14047,6,2.4009698073111787
Wall,jepa_wm_wall,52,6,fidelity_constrained_latent_only,fidelity_constrained_latent_only__seed11437,11437,14047,1,1.438201402679753
Wall,jepa_wm_wall,52,6,fidelity_constrained_latent_only,fidelity_constrained_latent_only__seed11437,11437,14047,3,2.0494559580087555
Wall,jepa_wm_wall,52,6,fidelity_constrained_latent_only,fidelity_constrained_latent_only__seed11437,11437,14047,6,2.557041288589437
Wall,jepa_wm_wall,53,6,fidelity_constrained_latent_only,fidelity_constrained_latent_only__seed11437,11437,14047,1,1.1209697262535598
Wall,jepa_wm_wall,53,6,fidelity_constrained_latent_only,fidelity_constrained_latent_only__seed11437,11437,14047,3,2.0531613845290577
Wall,jepa_wm_wall,53,6,fidelity_constrained_latent_only,fidelity_constrained_latent_only__seed11437,11437,14047,6,2.2534513676186485
Wall,jepa_wm_wall,54,6,fidelity_constrained_latent_only,fidelity_constrained_latent_only__seed11437,11437,14047,1,1.7340856492550163
Wall,jepa_wm_wall,54,6,fidelity_constrained_latent_only,fidelity_constrained_latent_only__seed11437,11437,14047,3,2.1853111458351564
Wall,jepa_wm_wall,54,6,fidelity_constrained_latent_only,fidelity_constrained_latent_only__seed11437,11437,14047,6,2.5463753059101375
Wall,jepa_wm_wall,55,6,fidelity_constrained_latent_only,fidelity_constrained_latent_only__seed11437,11437,14047,1,1.3843551351638743
Wall,jepa_wm_wall,55,6,fidelity_constrained_latent_only,fidelity_constrained_latent_only__seed11437,11437,14047,3,2.0457909293901584
Wall,jepa_wm_wall,55,6,fidelity_constrained_latent_only,fidelity_constrained_latent_only__seed11437,11437,14047,6,2.4849415662274823
Wall,jepa_wm_wall,8,1,fidelity_constrained_shuffled_geometry,fidelity_constrained_shuffled_geometry__seed11437,11437,14047,1,1.8583984877539066
Wall,jepa_wm_wall,8,1,fidelity_constrained_shuffled_geometry,fidelity_constrained_shuffled_geometry__seed11437,11437,14047,3,1.8178235576165647
Wall,jepa_wm_wall,8,1,fidelity_constrained_shuffled_geometry,fidelity_constrained_shuffled_geometry__seed11437,11437,14047,6,1.8699150252886947
Wall,jepa_wm_wall,9,1,fidelity_constrained_shuffled_geometry,fidelity_constrained_shuffled_geometry__seed11437,11437,14047,1,1.0292127806431366
Wall,jepa_wm_wall,9,1,fidelity_constrained_shuffled_geometry,fidelity_constrained_shuffled_geometry__seed11437,11437,14047,3,1.8625691988966808
Wall,jepa_wm_wall,9,1,fidelity_constrained_shuffled_geometry,fidelity_constrained_shuffled_geometry__seed11437,11437,14047,6,1.914430955632449
Wall,jepa_wm_wall,10,1,fidelity_constrained_shuffled_geometry,fidelity_constrained_shuffled_geometry__seed11437,11437,14047,1,1.7203750368099833
Wall,jepa_wm_wall,10,1,fidelity_constrained_shuffled_geometry,fidelity_constrained_shuffled_geometry__seed11437,11437,14047,3,2.006694045059133
Wall,jepa_wm_wall,10,1,fidelity_constrained_shuffled_geometry,fidelity_constrained_shuffled_geometry__seed11437,11437,14047,6,1.8725727999424147
Wall,jepa_wm_wall,11,1,fidelity_constrained_shuffled_geometry,fidelity_constrained_shuffled_geometry__seed11437,11437,14047,1,1.0396496729234594
Wall,jepa_wm_wall,11,1,fidelity_constrained_shuffled_geometry,fidelity_constrained_shuffled_geometry__seed11437,11437,14047,3,1.9974231097377155
Wall,jepa_wm_wall,11,1,fidelity_constrained_shuffled_geometry,fidelity_constrained_shuffled_geometry__seed11437,11437,14047,6,1.9208759603175685
Wall,jepa_wm_wall,12,1,fidelity_constrained_shuffled_geometry,fidelity_constrained_shuffled_geometry__seed11437,11437,14047,1,1.0554944197407135
Wall,jepa_wm_wall,12,1,fidelity_constrained_shuffled_geometry,fidelity_constrained_shuffled_geometry__seed11437,11437,14047,3,1.600597499496742
Wall,jepa_wm_wall,12,1,fidelity_constrained_shuffled_geometry,fidelity_constrained_shuffled_geometry__seed11437,11437,14047,6,1.9390066846860399
Wall,jepa_wm_wall,13,1,fidelity_constrained_shuffled_geometry,fidelity_constrained_shuffled_geometry__seed11437,11437,14047,1,1.4240344342248443
Wall,jepa_wm_wall,13,1,fidelity_constrained_shuffled_geometry,fidelity_constrained_shuffled_geometry__seed11437,11437,14047,3,1.791348413990392
Wall,jepa_wm_wall,13,1,fidelity_constrained_shuffled_geometry,fidelity_constrained_shuffled_geometry__seed11437,11437,14047,6,1.7817474973737417
Wall,jepa_wm_wall,14,1,fidelity_constrained_shuffled_geometry,fidelity_constrained_shuffled_geometry__seed11437,11437,14047,1,0.9071119018661647
Wall,jepa_wm_wall,14,1,fidelity_constrained_shuffled_geometry,fidelity_constrained_shuffled_geometry__seed11437,11437,14047,3,1.9195064412453426
Wall,jepa_wm_wall,14,1,fidelity_constrained_shuffled_geometry,fidelity_constrained_shuffled_geometry__seed11437,11437,14047,6,1.7472043870905998
Wall,jepa_wm_wall,15,1,fidelity_constrained_shuffled_geometry,fidelity_constrained_shuffled_geometry__seed11437,11437,14047,1,1.460619404279671
Wall,jepa_wm_wall,15,1,fidelity_constrained_shuffled_geometry,fidelity_constrained_shuffled_geometry__seed11437,11437,14047,3,2.091806380802068
Wall,jepa_wm_wall,15,1,fidelity_constrained_shuffled_geometry,fidelity_constrained_shuffled_geometry__seed11437,11437,14047,6,2.0185915700583603
Wall,jepa_wm_wall,16,2,fidelity_constrained_shuffled_geometry,fidelity_constrained_shuffled_geometry__seed11437,11437,14047,1,1.1342129110955124
Wall,jepa_wm_wall,16,2,fidelity_constrained_shuffled_geometry,fidelity_constrained_shuffled_geometry__seed11437,11437,14047,3,1.9314042957066015
Wall,jepa_wm_wall,16,2,fidelity_constrained_shuffled_geometry,fidelity_constrained_shuffled_geometry__seed11437,11437,14047,6,2.1612818438269263
Wall,jepa_wm_wall,17,2,fidelity_constrained_shuffled_geometry,fidelity_constrained_shuffled_geometry__seed11437,11437,14047,1,1.26267112785221
Wall,jepa_wm_wall,17,2,fidelity_constrained_shuffled_geometry,fidelity_constrained_shuffled_geometry__seed11437,11437,14047,3,1.7733723926985674
Wall,jepa_wm_wall,17,2,fidelity_constrained_shuffled_geometry,fidelity_constrained_shuffled_geometry__seed11437,11437,14047,6,2.210907716753725
Wall,jepa_wm_wall,18,2,fidelity_constrained_shuffled_geometry,fidelity_constrained_shuffled_geometry__seed11437,11437,14047,1,0.9563985545471597
Wall,jepa_wm_wall,18,2,fidelity_constrained_shuffled_geometry,fidelity_constrained_shuffled_geometry__seed11437,11437,14047,3,1.5348189307729845
Wall,jepa_wm_wall,18,2,fidelity_constrained_shuffled_geometry,fidelity_constrained_shuffled_geometry__seed11437,11437,14047,6,2.310453642361746
Wall,jepa_wm_wall,19,2,fidelity_constrained_shuffled_geometry,fidelity_constrained_shuffled_geometry__seed11437,11437,14047,1,1.7371311784481442
Wall,jepa_wm_wall,19,2,fidelity_constrained_shuffled_geometry,fidelity_constrained_shuffled_geometry__seed11437,11437,14047,3,2.049606262494135
Wall,jepa_wm_wall,19,2,fidelity_constrained_shuffled_geometry,fidelity_constrained_shuffled_geometry__seed11437,11437,14047,6,2.064944071666785
Wall,jepa_wm_wall,20,2,fidelity_constrained_shuffled_geometry,fidelity_constrained_shuffled_geometry__seed11437,11437,14047,1,1.7168349181191431
Wall,jepa_wm_wall,20,2,fidelity_constrained_shuffled_geometry,fidelity_constrained_shuffled_geometry__seed11437,11437,14047,3,1.9227674678546443
Wall,jepa_wm_wall,20,2,fidelity_constrained_shuffled_geometry,fidelity_constrained_shuffled_geometry__seed11437,11437,14047,6,2.0710897346880053
Wall,jepa_wm_wall,21,2,fidelity_constrained_shuffled_geometry,fidelity_constrained_shuffled_geometry__seed11437,11437,14047,1,0.9885730338316904
Wall,jepa_wm_wall,21,2,fidelity_constrained_shuffled_geometry,fidelity_constrained_shuffled_geometry__seed11437,11437,14047,3,1.6611921285280469
Wall,jepa_wm_wall,21,2,fidelity_constrained_shuffled_geometry,fidelity_constrained_shuffled_geometry__seed11437,11437,14047,6,2.286079701909105
Wall,jepa_wm_wall,22,2,fidelity_constrained_shuffled_geometry,fidelity_constrained_shuffled_geometry__seed11437,11437,14047,1,1.303711540738699
Wall,jepa_wm_wall,22,2,fidelity_constrained_shuffled_geometry,fidelity_constrained_shuffled_geometry__seed11437,11437,14047,3,1.7847347759326566
Wall,jepa_wm_wall,22,2,fidelity_constrained_shuffled_geometry,fidelity_constrained_shuffled_geometry__seed11437,11437,14047,6,2.172924472809439
Wall,jepa_wm_wall,23,2,fidelity_constrained_shuffled_geometry,fidelity_constrained_shuffled_geometry__seed11437,11437,14047,1,1.0640708381503587
Wall,jepa_wm_wall,23,2,fidelity_constrained_shuffled_geometry,fidelity_constrained_shuffled_geometry__seed11437,11437,14047,3,1.864391901080034
Wall,jepa_wm_wall,23,2,fidelity_constrained_shuffled_geometry,fidelity_constrained_shuffled_geometry__seed11437,11437,14047,6,2.0102739507668077
Wall,jepa_wm_wall,48,6,fidelity_constrained_shuffled_geometry,fidelity_constrained_shuffled_geometry__seed11437,11437,14047,1,1.5336145629494422
Wall,jepa_wm_wall,48,6,fidelity_constrained_shuffled_geometry,fidelity_constrained_shuffled_geometry__seed11437,11437,14047,3,2.403203966379382
Wall,jepa_wm_wall,48,6,fidelity_constrained_shuffled_geometry,fidelity_constrained_shuffled_geometry__seed11437,11437,14047,6,2.234962374633578
Wall,jepa_wm_wall,49,6,fidelity_constrained_shuffled_geometry,fidelity_constrained_shuffled_geometry__seed11437,11437,14047,1,1.4021683787573047
Wall,jepa_wm_wall,49,6,fidelity_constrained_shuffled_geometry,fidelity_constrained_shuffled_geometry__seed11437,11437,14047,3,2.372575833786419
Wall,jepa_wm_wall,49,6,fidelity_constrained_shuffled_geometry,fidelity_constrained_shuffled_geometry__seed11437,11437,14047,6,2.2236270280538264
Wall,jepa_wm_wall,50,6,fidelity_constrained_shuffled_geometry,fidelity_constrained_shuffled_geometry__seed11437,11437,14047,1,1.697433477211684
Wall,jepa_wm_wall,50,6,fidelity_constrained_shuffled_geometry,fidelity_constrained_shuffled_geometry__seed11437,11437,14047,3,2.210561729313706
Wall,jepa_wm_wall,50,6,fidelity_constrained_shuffled_geometry,fidelity_constrained_shuffled_geometry__seed11437,11437,14047,6,2.2794897657553976
Wall,jepa_wm_wall,51,6,fidelity_constrained_shuffled_geometry,fidelity_constrained_shuffled_geometry__seed11437,11437,14047,1,1.8073846690026873
Wall,jepa_wm_wall,51,6,fidelity_constrained_shuffled_geometry,fidelity_constrained_shuffled_geometry__seed11437,11437,14047,3,2.227375781858062
Wall,jepa_wm_wall,51,6,fidelity_constrained_shuffled_geometry,fidelity_constrained_shuffled_geometry__seed11437,11437,14047,6,2.235223181081505
Wall,jepa_wm_wall,52,6,fidelity_constrained_shuffled_geometry,fidelity_constrained_shuffled_geometry__seed11437,11437,14047,1,1.5558221183209255
Wall,jepa_wm_wall,52,6,fidelity_constrained_shuffled_geometry,fidelity_constrained_shuffled_geometry__seed11437,11437,14047,3,2.193460487714403
Wall,jepa_wm_wall,52,6,fidelity_constrained_shuffled_geometry,fidelity_constrained_shuffled_geometry__seed11437,11437,14047,6,2.5616595114939114
Wall,jepa_wm_wall,53,6,fidelity_constrained_shuffled_geometry,fidelity_constrained_shuffled_geometry__seed11437,11437,14047,1,1.246484136388929
Wall,jepa_wm_wall,53,6,fidelity_constrained_shuffled_geometry,fidelity_constrained_shuffled_geometry__seed11437,11437,14047,3,2.225602582247149
Wall,jepa_wm_wall,53,6,fidelity_constrained_shuffled_geometry,fidelity_constrained_shuffled_geometry__seed11437,11437,14047,6,2.1455245379160344
Wall,jepa_wm_wall,54,6,fidelity_constrained_shuffled_geometry,fidelity_constrained_shuffled_geometry__seed11437,11437,14047,1,1.7743924549234695
Wall,jepa_wm_wall,54,6,fidelity_constrained_shuffled_geometry,fidelity_constrained_shuffled_geometry__seed11437,11437,14047,3,2.3133596269182726
Wall,jepa_wm_wall,54,6,fidelity_constrained_shuffled_geometry,fidelity_constrained_shuffled_geometry__seed11437,11437,14047,6,2.5767161649019314
Wall,jepa_wm_wall,55,6,fidelity_constrained_shuffled_geometry,fidelity_constrained_shuffled_geometry__seed11437,11437,14047,1,1.3643887098799092
Wall,jepa_wm_wall,55,6,fidelity_constrained_shuffled_geometry,fidelity_constrained_shuffled_geometry__seed11437,11437,14047,3,2.2546822557387967
Wall,jepa_wm_wall,55,6,fidelity_constrained_shuffled_geometry,fidelity_constrained_shuffled_geometry__seed11437,11437,14047,6,2.4661456997194717
Wall,jepa_wm_wall,8,1,fidelity_constrained_matched_geometry,fidelity_constrained_matched_geometry__seed11437,11437,14047,1,1.8331475593872792
Wall,jepa_wm_wall,8,1,fidelity_constrained_matched_geometry,fidelity_constrained_matched_geometry__seed11437,11437,14047,3,1.8009189307845803
Wall,jepa_wm_wall,8,1,fidelity_constrained_matched_geometry,fidelity_constrained_matched_geometry__seed11437,11437,14047,6,1.766082122921187
Wall,jepa_wm_wall,9,1,fidelity_constrained_matched_geometry,fidelity_constrained_matched_geometry__seed11437,11437,14047,1,0.9779547899847533
Wall,jepa_wm_wall,9,1,fidelity_constrained_matched_geometry,fidelity_constrained_matched_geometry__seed11437,11437,14047,3,1.7812459451170928
Wall,jepa_wm_wall,9,1,fidelity_constrained_matched_geometry,fidelity_constrained_matched_geometry__seed11437,11437,14047,6,1.860097146492339
Wall,jepa_wm_wall,10,1,fidelity_constrained_matched_geometry,fidelity_constrained_matched_geometry__seed11437,11437,14047,1,1.68455390895593
Wall,jepa_wm_wall,10,1,fidelity_constrained_matched_geometry,fidelity_constrained_matched_geometry__seed11437,11437,14047,3,1.9295177954777045
Wall,jepa_wm_wall,10,1,fidelity_constrained_matched_geometry,fidelity_constrained_matched_geometry__seed11437,11437,14047,6,1.8119500620726172
Wall,jepa_wm_wall,11,1,fidelity_constrained_matched_geometry,fidelity_constrained_matched_geometry__seed11437,11437,14047,1,1.0385286927870259
Wall,jepa_wm_wall,11,1,fidelity_constrained_matched_geometry,fidelity_constrained_matched_geometry__seed11437,11437,14047,3,1.9009189280791634
Wall,jepa_wm_wall,11,1,fidelity_constrained_matched_geometry,fidelity_constrained_matched_geometry__seed11437,11437,14047,6,1.8330980115944409
Wall,jepa_wm_wall,12,1,fidelity_constrained_matched_geometry,fidelity_constrained_matched_geometry__seed11437,11437,14047,1,1.0350925007393386
Wall,jepa_wm_wall,12,1,fidelity_constrained_matched_geometry,fidelity_constrained_matched_geometry__seed11437,11437,14047,3,1.561598846881373
Wall,jepa_wm_wall,12,1,fidelity_constrained_matched_geometry,fidelity_constrained_matched_geometry__seed11437,11437,14047,6,2.010402424663299
Wall,jepa_wm_wall,13,1,fidelity_constrained_matched_geometry,fidelity_constrained_matched_geometry__seed11437,11437,14047,1,1.368367929889855
Wall,jepa_wm_wall,13,1,fidelity_constrained_matched_geometry,fidelity_constrained_matched_geometry__seed11437,11437,14047,3,1.739313827346925
Wall,jepa_wm_wall,13,1,fidelity_constrained_matched_geometry,fidelity_constrained_matched_geometry__seed11437,11437,14047,6,1.8917866315709904
Wall,jepa_wm_wall,14,1,fidelity_constrained_matched_geometry,fidelity_constrained_matched_geometry__seed11437,11437,14047,1,0.9133830467785977
Wall,jepa_wm_wall,14,1,fidelity_constrained_matched_geometry,fidelity_constrained_matched_geometry__seed11437,11437,14047,3,1.8762609974199722
Wall,jepa_wm_wall,14,1,fidelity_constrained_matched_geometry,fidelity_constrained_matched_geometry__seed11437,11437,14047,6,1.7082727945597305
Wall,jepa_wm_wall,15,1,fidelity_constrained_matched_geometry,fidelity_constrained_matched_geometry__seed11437,11437,14047,1,1.393367327783876
Wall,jepa_wm_wall,15,1,fidelity_constrained_matched_geometry,fidelity_constrained_matched_geometry__seed11437,11437,14047,3,2.012027893305276
Wall,jepa_wm_wall,15,1,fidelity_constrained_matched_geometry,fidelity_constrained_matched_geometry__seed11437,11437,14047,6,2.1762736909020317
Wall,jepa_wm_wall,16,2,fidelity_constrained_matched_geometry,fidelity_constrained_matched_geometry__seed11437,11437,14047,1,1.130341903723268
Wall,jepa_wm_wall,16,2,fidelity_constrained_matched_geometry,fidelity_constrained_matched_geometry__seed11437,11437,14047,3,1.7954707465835051
Wall,jepa_wm_wall,16,2,fidelity_constrained_matched_geometry,fidelity_constrained_matched_geometry__seed11437,11437,14047,6,2.1364619168852528
Wall,jepa_wm_wall,17,2,fidelity_constrained_matched_geometry,fidelity_constrained_matched_geometry__seed11437,11437,14047,1,1.2834936243131954
Wall,jepa_wm_wall,17,2,fidelity_constrained_matched_geometry,fidelity_constrained_matched_geometry__seed11437,11437,14047,3,1.76720548249813
Wall,jepa_wm_wall,17,2,fidelity_constrained_matched_geometry,fidelity_constrained_matched_geometry__seed11437,11437,14047,6,2.150719938278139
Wall,jepa_wm_wall,18,2,fidelity_constrained_matched_geometry,fidelity_constrained_matched_geometry__seed11437,11437,14047,1,1.0031326607492554
Wall,jepa_wm_wall,18,2,fidelity_constrained_matched_geometry,fidelity_constrained_matched_geometry__seed11437,11437,14047,3,1.4424421409640862
Wall,jepa_wm_wall,18,2,fidelity_constrained_matched_geometry,fidelity_constrained_matched_geometry__seed11437,11437,14047,6,2.2999043594792283
Wall,jepa_wm_wall,19,2,fidelity_constrained_matched_geometry,fidelity_constrained_matched_geometry__seed11437,11437,14047,1,1.7201916228782508
Wall,jepa_wm_wall,19,2,fidelity_constrained_matched_geometry,fidelity_constrained_matched_geometry__seed11437,11437,14047,3,1.9807960655845864
Wall,jepa_wm_wall,19,2,fidelity_constrained_matched_geometry,fidelity_constrained_matched_geometry__seed11437,11437,14047,6,1.9151176954203302
Wall,jepa_wm_wall,20,2,fidelity_constrained_matched_geometry,fidelity_constrained_matched_geometry__seed11437,11437,14047,1,1.7114617280390163
Wall,jepa_wm_wall,20,2,fidelity_constrained_matched_geometry,fidelity_constrained_matched_geometry__seed11437,11437,14047,3,1.8627561589471429
Wall,jepa_wm_wall,20,2,fidelity_constrained_matched_geometry,fidelity_constrained_matched_geometry__seed11437,11437,14047,6,2.0571163917758946
Wall,jepa_wm_wall,21,2,fidelity_constrained_matched_geometry,fidelity_constrained_matched_geometry__seed11437,11437,14047,1,1.0220346815567936
Wall,jepa_wm_wall,21,2,fidelity_constrained_matched_geometry,fidelity_constrained_matched_geometry__seed11437,11437,14047,3,1.5998849103395927
Wall,jepa_wm_wall,21,2,fidelity_constrained_matched_geometry,fidelity_constrained_matched_geometry__seed11437,11437,14047,6,2.192109183071643
Wall,jepa_wm_wall,22,2,fidelity_constrained_matched_geometry,fidelity_constrained_matched_geometry__seed11437,11437,14047,1,1.3169246546036368
Wall,jepa_wm_wall,22,2,fidelity_constrained_matched_geometry,fidelity_constrained_matched_geometry__seed11437,11437,14047,3,1.768540236248609
Wall,jepa_wm_wall,22,2,fidelity_constrained_matched_geometry,fidelity_constrained_matched_geometry__seed11437,11437,14047,6,2.119446429020197
Wall,jepa_wm_wall,23,2,fidelity_constrained_matched_geometry,fidelity_constrained_matched_geometry__seed11437,11437,14047,1,1.0765536097823911
Wall,jepa_wm_wall,23,2,fidelity_constrained_matched_geometry,fidelity_constrained_matched_geometry__seed11437,11437,14047,3,1.7988712048951465
Wall,jepa_wm_wall,23,2,fidelity_constrained_matched_geometry,fidelity_constrained_matched_geometry__seed11437,11437,14047,6,2.0010434136767485
Wall,jepa_wm_wall,48,6,fidelity_constrained_matched_geometry,fidelity_constrained_matched_geometry__seed11437,11437,14047,1,1.4797397009218822
Wall,jepa_wm_wall,48,6,fidelity_constrained_matched_geometry,fidelity_constrained_matched_geometry__seed11437,11437,14047,3,2.2880436434019007
Wall,jepa_wm_wall,48,6,fidelity_constrained_matched_geometry,fidelity_constrained_matched_geometry__seed11437,11437,14047,6,2.2125406132139442
Wall,jepa_wm_wall,49,6,fidelity_constrained_matched_geometry,fidelity_constrained_matched_geometry__seed11437,11437,14047,1,1.3735705802632197
Wall,jepa_wm_wall,49,6,fidelity_constrained_matched_geometry,fidelity_constrained_matched_geometry__seed11437,11437,14047,3,2.270755256919516
Wall,jepa_wm_wall,49,6,fidelity_constrained_matched_geometry,fidelity_constrained_matched_geometry__seed11437,11437,14047,6,2.17943256800577
Wall,jepa_wm_wall,50,6,fidelity_constrained_matched_geometry,fidelity_constrained_matched_geometry__seed11437,11437,14047,1,1.6517630910916625
Wall,jepa_wm_wall,50,6,fidelity_constrained_matched_geometry,fidelity_constrained_matched_geometry__seed11437,11437,14047,3,2.15647758421222
Wall,jepa_wm_wall,50,6,fidelity_constrained_matched_geometry,fidelity_constrained_matched_geometry__seed11437,11437,14047,6,2.2783256827147365
Wall,jepa_wm_wall,51,6,fidelity_constrained_matched_geometry,fidelity_constrained_matched_geometry__seed11437,11437,14047,1,1.8011176868663525
Wall,jepa_wm_wall,51,6,fidelity_constrained_matched_geometry,fidelity_constrained_matched_geometry__seed11437,11437,14047,3,2.161921085492778
Wall,jepa_wm_wall,51,6,fidelity_constrained_matched_geometry,fidelity_constrained_matched_geometry__seed11437,11437,14047,6,2.2001011480723043
Wall,jepa_wm_wall,52,6,fidelity_constrained_matched_geometry,fidelity_constrained_matched_geometry__seed11437,11437,14047,1,1.4562238148353275
Wall,jepa_wm_wall,52,6,fidelity_constrained_matched_geometry,fidelity_constrained_matched_geometry__seed11437,11437,14047,3,2.094515968240741
Wall,jepa_wm_wall,52,6,fidelity_constrained_matched_geometry,fidelity_constrained_matched_geometry__seed11437,11437,14047,6,2.528974123192876
Wall,jepa_wm_wall,53,6,fidelity_constrained_matched_geometry,fidelity_constrained_matched_geometry__seed11437,11437,14047,1,1.1970185547865069
Wall,jepa_wm_wall,53,6,fidelity_constrained_matched_geometry,fidelity_constrained_matched_geometry__seed11437,11437,14047,3,2.1746601295001025
Wall,jepa_wm_wall,53,6,fidelity_constrained_matched_geometry,fidelity_constrained_matched_geometry__seed11437,11437,14047,6,2.1618330721595242
Wall,jepa_wm_wall,54,6,fidelity_constrained_matched_geometry,fidelity_constrained_matched_geometry__seed11437,11437,14047,1,1.7371014901120398
Wall,jepa_wm_wall,54,6,fidelity_constrained_matched_geometry,fidelity_constrained_matched_geometry__seed11437,11437,14047,3,2.282051833764847
Wall,jepa_wm_wall,54,6,fidelity_constrained_matched_geometry,fidelity_constrained_matched_geometry__seed11437,11437,14047,6,2.5665623908262756
Wall,jepa_wm_wall,55,6,fidelity_constrained_matched_geometry,fidelity_constrained_matched_geometry__seed11437,11437,14047,1,1.3323731362766658
Wall,jepa_wm_wall,55,6,fidelity_constrained_matched_geometry,fidelity_constrained_matched_geometry__seed11437,11437,14047,3,2.132792184468707
Wall,jepa_wm_wall,55,6,fidelity_constrained_matched_geometry,fidelity_constrained_matched_geometry__seed11437,11437,14047,6,2.449041355910129
Wall,jepa_wm_wall,8,1,frozen,frozen,-1,14065,1,1.9029166295450473
Wall,jepa_wm_wall,8,1,frozen,frozen,-1,14065,3,1.908349097034081
Wall,jepa_wm_wall,8,1,frozen,frozen,-1,14065,6,1.8195578452119507
Wall,jepa_wm_wall,9,1,frozen,frozen,-1,14065,1,1.1472166126255814
Wall,jepa_wm_wall,9,1,frozen,frozen,-1,14065,3,1.8926111651822508
Wall,jepa_wm_wall,9,1,frozen,frozen,-1,14065,6,2.015098455971761
Wall,jepa_wm_wall,10,1,frozen,frozen,-1,14065,1,1.7177263538912688
Wall,jepa_wm_wall,10,1,frozen,frozen,-1,14065,3,1.978595122675523
Wall,jepa_wm_wall,10,1,frozen,frozen,-1,14065,6,1.818771719294984
Wall,jepa_wm_wall,11,1,frozen,frozen,-1,14065,1,1.1003810458732945
Wall,jepa_wm_wall,11,1,frozen,frozen,-1,14065,3,2.0668115594103553
Wall,jepa_wm_wall,11,1,frozen,frozen,-1,14065,6,1.8705168363901206
Wall,jepa_wm_wall,12,1,frozen,frozen,-1,14065,1,1.0467613011138956
Wall,jepa_wm_wall,12,1,frozen,frozen,-1,14065,3,1.7685112448632585
Wall,jepa_wm_wall,12,1,frozen,frozen,-1,14065,6,2.2402544821551786
Wall,jepa_wm_wall,13,1,frozen,frozen,-1,14065,1,1.6541051889604803
Wall,jepa_wm_wall,13,1,frozen,frozen,-1,14065,3,1.8214045360696696
Wall,jepa_wm_wall,13,1,frozen,frozen,-1,14065,6,1.9172977043189763
Wall,jepa_wm_wall,14,1,frozen,frozen,-1,14065,1,1.0069506694098471
Wall,jepa_wm_wall,14,1,frozen,frozen,-1,14065,3,2.0108802863924913
Wall,jepa_wm_wall,14,1,frozen,frozen,-1,14065,6,1.860020135309452
Wall,jepa_wm_wall,15,1,frozen,frozen,-1,14065,1,1.5058651310037152
Wall,jepa_wm_wall,15,1,frozen,frozen,-1,14065,3,2.2697080183363743
Wall,jepa_wm_wall,15,1,frozen,frozen,-1,14065,6,2.215263148797217
Wall,jepa_wm_wall,16,2,frozen,frozen,-1,14065,1,1.0599812648755107
Wall,jepa_wm_wall,16,2,frozen,frozen,-1,14065,3,2.0231789507529054
Wall,jepa_wm_wall,16,2,frozen,frozen,-1,14065,6,2.271800950423456
Wall,jepa_wm_wall,17,2,frozen,frozen,-1,14065,1,1.172829044648042
Wall,jepa_wm_wall,17,2,frozen,frozen,-1,14065,3,1.9094879233062965
Wall,jepa_wm_wall,17,2,frozen,frozen,-1,14065,6,2.2333833756384136
Wall,jepa_wm_wall,18,2,frozen,frozen,-1,14065,1,0.8839598023362816
Wall,jepa_wm_wall,18,2,frozen,frozen,-1,14065,3,1.4358910245190109
Wall,jepa_wm_wall,18,2,frozen,frozen,-1,14065,6,2.0703995349686366
Wall,jepa_wm_wall,19,2,frozen,frozen,-1,14065,1,1.7556225201607667
Wall,jepa_wm_wall,19,2,frozen,frozen,-1,14065,3,2.1151354937593916
Wall,jepa_wm_wall,19,2,frozen,frozen,-1,14065,6,2.165188669023845
Wall,jepa_wm_wall,20,2,frozen,frozen,-1,14065,1,1.802581758288999
Wall,jepa_wm_wall,20,2,frozen,frozen,-1,14065,3,2.074923570625409
Wall,jepa_wm_wall,20,2,frozen,frozen,-1,14065,6,2.2158156672604927
Wall,jepa_wm_wall,21,2,frozen,frozen,-1,14065,1,0.9384224997043302
Wall,jepa_wm_wall,21,2,frozen,frozen,-1,14065,3,1.8274082804021037
Wall,jepa_wm_wall,21,2,frozen,frozen,-1,14065,6,2.1841432500925504
Wall,jepa_wm_wall,22,2,frozen,frozen,-1,14065,1,1.229679944100096
Wall,jepa_wm_wall,22,2,frozen,frozen,-1,14065,3,1.9101623788642295
Wall,jepa_wm_wall,22,2,frozen,frozen,-1,14065,6,2.2043160981592376
Wall,jepa_wm_wall,23,2,frozen,frozen,-1,14065,1,0.9241821124956358
Wall,jepa_wm_wall,23,2,frozen,frozen,-1,14065,3,1.854413624134146
Wall,jepa_wm_wall,23,2,frozen,frozen,-1,14065,6,2.1320100786108296
Wall,jepa_wm_wall,48,6,frozen,frozen,-1,14065,1,1.753539377833529
Wall,jepa_wm_wall,48,6,frozen,frozen,-1,14065,3,2.502685938433836
Wall,jepa_wm_wall,48,6,frozen,frozen,-1,14065,6,2.4144231467992974
Wall,jepa_wm_wall,49,6,frozen,frozen,-1,14065,1,1.5984258240023896
Wall,jepa_wm_wall,49,6,frozen,frozen,-1,14065,3,2.6096959742088397
Wall,jepa_wm_wall,49,6,frozen,frozen,-1,14065,6,2.3149764331257834
Wall,jepa_wm_wall,50,6,frozen,frozen,-1,14065,1,1.8783543223066346
Wall,jepa_wm_wall,50,6,frozen,frozen,-1,14065,3,2.214526953920956
Wall,jepa_wm_wall,50,6,frozen,frozen,-1,14065,6,2.423253073746843
Wall,jepa_wm_wall,51,6,frozen,frozen,-1,14065,1,1.9947286676088976
Wall,jepa_wm_wall,51,6,frozen,frozen,-1,14065,3,2.2747776228902774
Wall,jepa_wm_wall,51,6,frozen,frozen,-1,14065,6,2.3824900727061977
Wall,jepa_wm_wall,52,6,frozen,frozen,-1,14065,1,1.7052344854091257
Wall,jepa_wm_wall,52,6,frozen,frozen,-1,14065,3,2.310852799118907
Wall,jepa_wm_wall,52,6,frozen,frozen,-1,14065,6,2.524799350006404
Wall,jepa_wm_wall,53,6,frozen,frozen,-1,14065,1,1.3171732294786105
Wall,jepa_wm_wall,53,6,frozen,frozen,-1,14065,3,2.1953353170082277
Wall,jepa_wm_wall,53,6,frozen,frozen,-1,14065,6,2.3305445716625814
Wall,jepa_wm_wall,54,6,frozen,frozen,-1,14065,1,2.078825783958004
Wall,jepa_wm_wall,54,6,frozen,frozen,-1,14065,3,2.3682237893640803
Wall,jepa_wm_wall,54,6,frozen,frozen,-1,14065,6,2.5226163332996245
Wall,jepa_wm_wall,55,6,frozen,frozen,-1,14065,1,1.560066906009143
Wall,jepa_wm_wall,55,6,frozen,frozen,-1,14065,3,2.219073211173838
Wall,jepa_wm_wall,55,6,frozen,frozen,-1,14065,6,2.4665520104215615
Wall,jepa_wm_wall,8,1,fidelity_constrained_latent_only,fidelity_constrained_latent_only__seed11401,11401,14065,1,1.6951234578270693
Wall,jepa_wm_wall,8,1,fidelity_constrained_latent_only,fidelity_constrained_latent_only__seed11401,11401,14065,3,1.8962868696380157
Wall,jepa_wm_wall,8,1,fidelity_constrained_latent_only,fidelity_constrained_latent_only__seed11401,11401,14065,6,1.9479952032509678
Wall,jepa_wm_wall,9,1,fidelity_constrained_latent_only,fidelity_constrained_latent_only__seed11401,11401,14065,1,0.9887815723753257
Wall,jepa_wm_wall,9,1,fidelity_constrained_latent_only,fidelity_constrained_latent_only__seed11401,11401,14065,3,1.6540547123517095
Wall,jepa_wm_wall,9,1,fidelity_constrained_latent_only,fidelity_constrained_latent_only__seed11401,11401,14065,6,1.9587969826293938
Wall,jepa_wm_wall,10,1,fidelity_constrained_latent_only,fidelity_constrained_latent_only__seed11401,11401,14065,1,1.5998118262493544
Wall,jepa_wm_wall,10,1,fidelity_constrained_latent_only,fidelity_constrained_latent_only__seed11401,11401,14065,3,1.9119138871987154
Wall,jepa_wm_wall,10,1,fidelity_constrained_latent_only,fidelity_constrained_latent_only__seed11401,11401,14065,6,1.9136647543168337
Wall,jepa_wm_wall,11,1,fidelity_constrained_latent_only,fidelity_constrained_latent_only__seed11401,11401,14065,1,0.9969943922544274
Wall,jepa_wm_wall,11,1,fidelity_constrained_latent_only,fidelity_constrained_latent_only__seed11401,11401,14065,3,1.8754444770209728
Wall,jepa_wm_wall,11,1,fidelity_constrained_latent_only,fidelity_constrained_latent_only__seed11401,11401,14065,6,2.0795740044521396
Wall,jepa_wm_wall,12,1,fidelity_constrained_latent_only,fidelity_constrained_latent_only__seed11401,11401,14065,1,1.0418958213309923
Wall,jepa_wm_wall,12,1,fidelity_constrained_latent_only,fidelity_constrained_latent_only__seed11401,11401,14065,3,1.5962815451394
Wall,jepa_wm_wall,12,1,fidelity_constrained_latent_only,fidelity_constrained_latent_only__seed11401,11401,14065,6,2.180337157295435
Wall,jepa_wm_wall,13,1,fidelity_constrained_latent_only,fidelity_constrained_latent_only__seed11401,11401,14065,1,1.3542452220856906
Wall,jepa_wm_wall,13,1,fidelity_constrained_latent_only,fidelity_constrained_latent_only__seed11401,11401,14065,3,1.8307662509854705
Wall,jepa_wm_wall,13,1,fidelity_constrained_latent_only,fidelity_constrained_latent_only__seed11401,11401,14065,6,2.1726288596544814
Wall,jepa_wm_wall,14,1,fidelity_constrained_latent_only,fidelity_constrained_latent_only__seed11401,11401,14065,1,0.994981611868335
Wall,jepa_wm_wall,14,1,fidelity_constrained_latent_only,fidelity_constrained_latent_only__seed11401,11401,14065,3,1.7758458732747293
Wall,jepa_wm_wall,14,1,fidelity_constrained_latent_only,fidelity_constrained_latent_only__seed11401,11401,14065,6,1.8973141799744964
Wall,jepa_wm_wall,15,1,fidelity_constrained_latent_only,fidelity_constrained_latent_only__seed11401,11401,14065,1,1.2970137364300172
Wall,jepa_wm_wall,15,1,fidelity_constrained_latent_only,fidelity_constrained_latent_only__seed11401,11401,14065,3,1.910091608092285
Wall,jepa_wm_wall,15,1,fidelity_constrained_latent_only,fidelity_constrained_latent_only__seed11401,11401,14065,6,2.2733576764329237
Wall,jepa_wm_wall,16,2,fidelity_constrained_latent_only,fidelity_constrained_latent_only__seed11401,11401,14065,1,1.1059201124241946
Wall,jepa_wm_wall,16,2,fidelity_constrained_latent_only,fidelity_constrained_latent_only__seed11401,11401,14065,3,1.8109676588641732
Wall,jepa_wm_wall,16,2,fidelity_constrained_latent_only,fidelity_constrained_latent_only__seed11401,11401,14065,6,2.1035808489353904
Wall,jepa_wm_wall,17,2,fidelity_constrained_latent_only,fidelity_constrained_latent_only__seed11401,11401,14065,1,1.2668870696959063
Wall,jepa_wm_wall,17,2,fidelity_constrained_latent_only,fidelity_constrained_latent_only__seed11401,11401,14065,3,1.7435290288986394
Wall,jepa_wm_wall,17,2,fidelity_constrained_latent_only,fidelity_constrained_latent_only__seed11401,11401,14065,6,2.157363327062221
Wall,jepa_wm_wall,18,2,fidelity_constrained_latent_only,fidelity_constrained_latent_only__seed11401,11401,14065,1,0.9621787024262395
Wall,jepa_wm_wall,18,2,fidelity_constrained_latent_only,fidelity_constrained_latent_only__seed11401,11401,14065,3,1.4896076682876662
Wall,jepa_wm_wall,18,2,fidelity_constrained_latent_only,fidelity_constrained_latent_only__seed11401,11401,14065,6,1.9979129205568034
Wall,jepa_wm_wall,19,2,fidelity_constrained_latent_only,fidelity_constrained_latent_only__seed11401,11401,14065,1,1.645287374643457
Wall,jepa_wm_wall,19,2,fidelity_constrained_latent_only,fidelity_constrained_latent_only__seed11401,11401,14065,3,1.974331463634495
Wall,jepa_wm_wall,19,2,fidelity_constrained_latent_only,fidelity_constrained_latent_only__seed11401,11401,14065,6,1.9964725626812325
Wall,jepa_wm_wall,20,2,fidelity_constrained_latent_only,fidelity_constrained_latent_only__seed11401,11401,14065,1,1.6217300863001103
Wall,jepa_wm_wall,20,2,fidelity_constrained_latent_only,fidelity_constrained_latent_only__seed11401,11401,14065,3,1.9585949828828855
Wall,jepa_wm_wall,20,2,fidelity_constrained_latent_only,fidelity_constrained_latent_only__seed11401,11401,14065,6,2.122505295296052
Wall,jepa_wm_wall,21,2,fidelity_constrained_latent_only,fidelity_constrained_latent_only__seed11401,11401,14065,1,1.0665015702655731
Wall,jepa_wm_wall,21,2,fidelity_constrained_latent_only,fidelity_constrained_latent_only__seed11401,11401,14065,3,1.5776289815925428
Wall,jepa_wm_wall,21,2,fidelity_constrained_latent_only,fidelity_constrained_latent_only__seed11401,11401,14065,6,2.1390589933861324
Wall,jepa_wm_wall,22,2,fidelity_constrained_latent_only,fidelity_constrained_latent_only__seed11401,11401,14065,1,1.2849377107819806
Wall,jepa_wm_wall,22,2,fidelity_constrained_latent_only,fidelity_constrained_latent_only__seed11401,11401,14065,3,1.7809280414132338
Wall,jepa_wm_wall,22,2,fidelity_constrained_latent_only,fidelity_constrained_latent_only__seed11401,11401,14065,6,2.1876600384622646
Wall,jepa_wm_wall,23,2,fidelity_constrained_latent_only,fidelity_constrained_latent_only__seed11401,11401,14065,1,0.9834390992380121
Wall,jepa_wm_wall,23,2,fidelity_constrained_latent_only,fidelity_constrained_latent_only__seed11401,11401,14065,3,1.7450283947301573
Wall,jepa_wm_wall,23,2,fidelity_constrained_latent_only,fidelity_constrained_latent_only__seed11401,11401,14065,6,2.0460830535273318
Wall,jepa_wm_wall,48,6,fidelity_constrained_latent_only,fidelity_constrained_latent_only__seed11401,11401,14065,1,1.4917130448140852
Wall,jepa_wm_wall,48,6,fidelity_constrained_latent_only,fidelity_constrained_latent_only__seed11401,11401,14065,3,2.2402261891461466
Wall,jepa_wm_wall,48,6,fidelity_constrained_latent_only,fidelity_constrained_latent_only__seed11401,11401,14065,6,2.488197099210745
Wall,jepa_wm_wall,49,6,fidelity_constrained_latent_only,fidelity_constrained_latent_only__seed11401,11401,14065,1,1.4580025916385175
Wall,jepa_wm_wall,49,6,fidelity_constrained_latent_only,fidelity_constrained_latent_only__seed11401,11401,14065,3,2.302756453544642
Wall,jepa_wm_wall,49,6,fidelity_constrained_latent_only,fidelity_constrained_latent_only__seed11401,11401,14065,6,2.418551939953159
Wall,jepa_wm_wall,50,6,fidelity_constrained_latent_only,fidelity_constrained_latent_only__seed11401,11401,14065,1,1.6988101296820468
Wall,jepa_wm_wall,50,6,fidelity_constrained_latent_only,fidelity_constrained_latent_only__seed11401,11401,14065,3,2.147036644911053
Wall,jepa_wm_wall,50,6,fidelity_constrained_latent_only,fidelity_constrained_latent_only__seed11401,11401,14065,6,2.4568302874843106
Wall,jepa_wm_wall,51,6,fidelity_constrained_latent_only,fidelity_constrained_latent_only__seed11401,11401,14065,1,1.787965810310175
Wall,jepa_wm_wall,51,6,fidelity_constrained_latent_only,fidelity_constrained_latent_only__seed11401,11401,14065,3,2.164906193398013
Wall,jepa_wm_wall,51,6,fidelity_constrained_latent_only,fidelity_constrained_latent_only__seed11401,11401,14065,6,2.4313948985233136
Wall,jepa_wm_wall,52,6,fidelity_constrained_latent_only,fidelity_constrained_latent_only__seed11401,11401,14065,1,1.4793728372791735
Wall,jepa_wm_wall,52,6,fidelity_constrained_latent_only,fidelity_constrained_latent_only__seed11401,11401,14065,3,1.9970933081288669
Wall,jepa_wm_wall,52,6,fidelity_constrained_latent_only,fidelity_constrained_latent_only__seed11401,11401,14065,6,2.5561796951055666
Wall,jepa_wm_wall,53,6,fidelity_constrained_latent_only,fidelity_constrained_latent_only__seed11401,11401,14065,1,1.1756736511362418
Wall,jepa_wm_wall,53,6,fidelity_constrained_latent_only,fidelity_constrained_latent_only__seed11401,11401,14065,3,1.9903833707892808
Wall,jepa_wm_wall,53,6,fidelity_constrained_latent_only,fidelity_constrained_latent_only__seed11401,11401,14065,6,2.2902648869702196
Wall,jepa_wm_wall,54,6,fidelity_constrained_latent_only,fidelity_constrained_latent_only__seed11401,11401,14065,1,1.9208728860935573
Wall,jepa_wm_wall,54,6,fidelity_constrained_latent_only,fidelity_constrained_latent_only__seed11401,11401,14065,3,2.1805849354728193
Wall,jepa_wm_wall,54,6,fidelity_constrained_latent_only,fidelity_constrained_latent_only__seed11401,11401,14065,6,2.630025465695558
Wall,jepa_wm_wall,55,6,fidelity_constrained_latent_only,fidelity_constrained_latent_only__seed11401,11401,14065,1,1.4638963135009324
Wall,jepa_wm_wall,55,6,fidelity_constrained_latent_only,fidelity_constrained_latent_only__seed11401,11401,14065,3,1.8320928728392727
Wall,jepa_wm_wall,55,6,fidelity_constrained_latent_only,fidelity_constrained_latent_only__seed11401,11401,14065,6,2.4783999509364354
Wall,jepa_wm_wall,8,1,fidelity_constrained_shuffled_geometry,fidelity_constrained_shuffled_geometry__seed11401,11401,14065,1,1.7818896350201434
Wall,jepa_wm_wall,8,1,fidelity_constrained_shuffled_geometry,fidelity_constrained_shuffled_geometry__seed11401,11401,14065,3,1.8448633575818083
Wall,jepa_wm_wall,8,1,fidelity_constrained_shuffled_geometry,fidelity_constrained_shuffled_geometry__seed11401,11401,14065,6,1.746990993252366
Wall,jepa_wm_wall,9,1,fidelity_constrained_shuffled_geometry,fidelity_constrained_shuffled_geometry__seed11401,11401,14065,1,0.9908709387285424
Wall,jepa_wm_wall,9,1,fidelity_constrained_shuffled_geometry,fidelity_constrained_shuffled_geometry__seed11401,11401,14065,3,1.8134365911629773
Wall,jepa_wm_wall,9,1,fidelity_constrained_shuffled_geometry,fidelity_constrained_shuffled_geometry__seed11401,11401,14065,6,1.8808833934137468
Wall,jepa_wm_wall,10,1,fidelity_constrained_shuffled_geometry,fidelity_constrained_shuffled_geometry__seed11401,11401,14065,1,1.6304539881065034
Wall,jepa_wm_wall,10,1,fidelity_constrained_shuffled_geometry,fidelity_constrained_shuffled_geometry__seed11401,11401,14065,3,1.9291190681893133
Wall,jepa_wm_wall,10,1,fidelity_constrained_shuffled_geometry,fidelity_constrained_shuffled_geometry__seed11401,11401,14065,6,1.8112320539745848
Wall,jepa_wm_wall,11,1,fidelity_constrained_shuffled_geometry,fidelity_constrained_shuffled_geometry__seed11401,11401,14065,1,1.078338349700131
Wall,jepa_wm_wall,11,1,fidelity_constrained_shuffled_geometry,fidelity_constrained_shuffled_geometry__seed11401,11401,14065,3,1.9345599671582658
Wall,jepa_wm_wall,11,1,fidelity_constrained_shuffled_geometry,fidelity_constrained_shuffled_geometry__seed11401,11401,14065,6,1.8546707222692524
Wall,jepa_wm_wall,12,1,fidelity_constrained_shuffled_geometry,fidelity_constrained_shuffled_geometry__seed11401,11401,14065,1,1.0041531105822274
Wall,jepa_wm_wall,12,1,fidelity_constrained_shuffled_geometry,fidelity_constrained_shuffled_geometry__seed11401,11401,14065,3,1.6991098222213838
Wall,jepa_wm_wall,12,1,fidelity_constrained_shuffled_geometry,fidelity_constrained_shuffled_geometry__seed11401,11401,14065,6,1.9983676051234918
Wall,jepa_wm_wall,13,1,fidelity_constrained_shuffled_geometry,fidelity_constrained_shuffled_geometry__seed11401,11401,14065,1,1.5449839227625204
Wall,jepa_wm_wall,13,1,fidelity_constrained_shuffled_geometry,fidelity_constrained_shuffled_geometry__seed11401,11401,14065,3,1.7458695335300567
Wall,jepa_wm_wall,13,1,fidelity_constrained_shuffled_geometry,fidelity_constrained_shuffled_geometry__seed11401,11401,14065,6,1.8490980589315504
Wall,jepa_wm_wall,14,1,fidelity_constrained_shuffled_geometry,fidelity_constrained_shuffled_geometry__seed11401,11401,14065,1,0.9289462564537806
Wall,jepa_wm_wall,14,1,fidelity_constrained_shuffled_geometry,fidelity_constrained_shuffled_geometry__seed11401,11401,14065,3,1.845961036748213
Wall,jepa_wm_wall,14,1,fidelity_constrained_shuffled_geometry,fidelity_constrained_shuffled_geometry__seed11401,11401,14065,6,1.7713641022187727
Wall,jepa_wm_wall,15,1,fidelity_constrained_shuffled_geometry,fidelity_constrained_shuffled_geometry__seed11401,11401,14065,1,1.3866085430276653
Wall,jepa_wm_wall,15,1,fidelity_constrained_shuffled_geometry,fidelity_constrained_shuffled_geometry__seed11401,11401,14065,3,2.0808314893554227
Wall,jepa_wm_wall,15,1,fidelity_constrained_shuffled_geometry,fidelity_constrained_shuffled_geometry__seed11401,11401,14065,6,1.9747888470893562
Wall,jepa_wm_wall,16,2,fidelity_constrained_shuffled_geometry,fidelity_constrained_shuffled_geometry__seed11401,11401,14065,1,1.0349302718826432
Wall,jepa_wm_wall,16,2,fidelity_constrained_shuffled_geometry,fidelity_constrained_shuffled_geometry__seed11401,11401,14065,3,1.9624452175023992
Wall,jepa_wm_wall,16,2,fidelity_constrained_shuffled_geometry,fidelity_constrained_shuffled_geometry__seed11401,11401,14065,6,2.0931865188762315
Wall,jepa_wm_wall,17,2,fidelity_constrained_shuffled_geometry,fidelity_constrained_shuffled_geometry__seed11401,11401,14065,1,1.1250474484254203
Wall,jepa_wm_wall,17,2,fidelity_constrained_shuffled_geometry,fidelity_constrained_shuffled_geometry__seed11401,11401,14065,3,1.7600122711037005
Wall,jepa_wm_wall,17,2,fidelity_constrained_shuffled_geometry,fidelity_constrained_shuffled_geometry__seed11401,11401,14065,6,2.061404237660806
Wall,jepa_wm_wall,18,2,fidelity_constrained_shuffled_geometry,fidelity_constrained_shuffled_geometry__seed11401,11401,14065,1,0.8690070058690182
Wall,jepa_wm_wall,18,2,fidelity_constrained_shuffled_geometry,fidelity_constrained_shuffled_geometry__seed11401,11401,14065,3,1.3897941658046502
Wall,jepa_wm_wall,18,2,fidelity_constrained_shuffled_geometry,fidelity_constrained_shuffled_geometry__seed11401,11401,14065,6,2.1466847102798625
Wall,jepa_wm_wall,19,2,fidelity_constrained_shuffled_geometry,fidelity_constrained_shuffled_geometry__seed11401,11401,14065,1,1.6834878219335287
Wall,jepa_wm_wall,19,2,fidelity_constrained_shuffled_geometry,fidelity_constrained_shuffled_geometry__seed11401,11401,14065,3,2.032101991136564
Wall,jepa_wm_wall,19,2,fidelity_constrained_shuffled_geometry,fidelity_constrained_shuffled_geometry__seed11401,11401,14065,6,2.0922796488272866
Wall,jepa_wm_wall,20,2,fidelity_constrained_shuffled_geometry,fidelity_constrained_shuffled_geometry__seed11401,11401,14065,1,1.771430587769265
Wall,jepa_wm_wall,20,2,fidelity_constrained_shuffled_geometry,fidelity_constrained_shuffled_geometry__seed11401,11401,14065,3,1.9328429209909288
Wall,jepa_wm_wall,20,2,fidelity_constrained_shuffled_geometry,fidelity_constrained_shuffled_geometry__seed11401,11401,14065,6,2.115919237645758
Wall,jepa_wm_wall,21,2,fidelity_constrained_shuffled_geometry,fidelity_constrained_shuffled_geometry__seed11401,11401,14065,1,0.9235879495827845
Wall,jepa_wm_wall,21,2,fidelity_constrained_shuffled_geometry,fidelity_constrained_shuffled_geometry__seed11401,11401,14065,3,1.7274186987250975
Wall,jepa_wm_wall,21,2,fidelity_constrained_shuffled_geometry,fidelity_constrained_shuffled_geometry__seed11401,11401,14065,6,2.111394988477854
Wall,jepa_wm_wall,22,2,fidelity_constrained_shuffled_geometry,fidelity_constrained_shuffled_geometry__seed11401,11401,14065,1,1.1874072732069356
Wall,jepa_wm_wall,22,2,fidelity_constrained_shuffled_geometry,fidelity_constrained_shuffled_geometry__seed11401,11401,14065,3,1.7683665072428767
Wall,jepa_wm_wall,22,2,fidelity_constrained_shuffled_geometry,fidelity_constrained_shuffled_geometry__seed11401,11401,14065,6,2.075108345408788
Wall,jepa_wm_wall,23,2,fidelity_constrained_shuffled_geometry,fidelity_constrained_shuffled_geometry__seed11401,11401,14065,1,0.8936550004958418
Wall,jepa_wm_wall,23,2,fidelity_constrained_shuffled_geometry,fidelity_constrained_shuffled_geometry__seed11401,11401,14065,3,1.7971336370664943
Wall,jepa_wm_wall,23,2,fidelity_constrained_shuffled_geometry,fidelity_constrained_shuffled_geometry__seed11401,11401,14065,6,1.9603276394323248
Wall,jepa_wm_wall,48,6,fidelity_constrained_shuffled_geometry,fidelity_constrained_shuffled_geometry__seed11401,11401,14065,1,1.6214008070627293
Wall,jepa_wm_wall,48,6,fidelity_constrained_shuffled_geometry,fidelity_constrained_shuffled_geometry__seed11401,11401,14065,3,2.361464788400861
Wall,jepa_wm_wall,48,6,fidelity_constrained_shuffled_geometry,fidelity_constrained_shuffled_geometry__seed11401,11401,14065,6,2.231209968391372
Wall,jepa_wm_wall,49,6,fidelity_constrained_shuffled_geometry,fidelity_constrained_shuffled_geometry__seed11401,11401,14065,1,1.499372780460645
Wall,jepa_wm_wall,49,6,fidelity_constrained_shuffled_geometry,fidelity_constrained_shuffled_geometry__seed11401,11401,14065,3,2.490935961345257
Wall,jepa_wm_wall,49,6,fidelity_constrained_shuffled_geometry,fidelity_constrained_shuffled_geometry__seed11401,11401,14065,6,2.1682403711372924
Wall,jepa_wm_wall,50,6,fidelity_constrained_shuffled_geometry,fidelity_constrained_shuffled_geometry__seed11401,11401,14065,1,1.747730304858732
Wall,jepa_wm_wall,50,6,fidelity_constrained_shuffled_geometry,fidelity_constrained_shuffled_geometry__seed11401,11401,14065,3,2.1513076779387728
Wall,jepa_wm_wall,50,6,fidelity_constrained_shuffled_geometry,fidelity_constrained_shuffled_geometry__seed11401,11401,14065,6,2.285661831671007
Wall,jepa_wm_wall,51,6,fidelity_constrained_shuffled_geometry,fidelity_constrained_shuffled_geometry__seed11401,11401,14065,1,1.8884340558242005
Wall,jepa_wm_wall,51,6,fidelity_constrained_shuffled_geometry,fidelity_constrained_shuffled_geometry__seed11401,11401,14065,3,2.211304305074611
Wall,jepa_wm_wall,51,6,fidelity_constrained_shuffled_geometry,fidelity_constrained_shuffled_geometry__seed11401,11401,14065,6,2.199108697891325
Wall,jepa_wm_wall,52,6,fidelity_constrained_shuffled_geometry,fidelity_constrained_shuffled_geometry__seed11401,11401,14065,1,1.4886039967550684
Wall,jepa_wm_wall,52,6,fidelity_constrained_shuffled_geometry,fidelity_constrained_shuffled_geometry__seed11401,11401,14065,3,2.1876598092032524
Wall,jepa_wm_wall,52,6,fidelity_constrained_shuffled_geometry,fidelity_constrained_shuffled_geometry__seed11401,11401,14065,6,2.479609862824226
Wall,jepa_wm_wall,53,6,fidelity_constrained_shuffled_geometry,fidelity_constrained_shuffled_geometry__seed11401,11401,14065,1,1.234107375155825
Wall,jepa_wm_wall,53,6,fidelity_constrained_shuffled_geometry,fidelity_constrained_shuffled_geometry__seed11401,11401,14065,3,2.078704884650331
Wall,jepa_wm_wall,53,6,fidelity_constrained_shuffled_geometry,fidelity_constrained_shuffled_geometry__seed11401,11401,14065,6,2.1630527630763816
Wall,jepa_wm_wall,54,6,fidelity_constrained_shuffled_geometry,fidelity_constrained_shuffled_geometry__seed11401,11401,14065,1,1.9813790753451341
Wall,jepa_wm_wall,54,6,fidelity_constrained_shuffled_geometry,fidelity_constrained_shuffled_geometry__seed11401,11401,14065,3,2.2755140106081626
Wall,jepa_wm_wall,54,6,fidelity_constrained_shuffled_geometry,fidelity_constrained_shuffled_geometry__seed11401,11401,14065,6,2.3679824411449664
Wall,jepa_wm_wall,55,6,fidelity_constrained_shuffled_geometry,fidelity_constrained_shuffled_geometry__seed11401,11401,14065,1,1.461142237917476
Wall,jepa_wm_wall,55,6,fidelity_constrained_shuffled_geometry,fidelity_constrained_shuffled_geometry__seed11401,11401,14065,3,2.0547898518149323
Wall,jepa_wm_wall,55,6,fidelity_constrained_shuffled_geometry,fidelity_constrained_shuffled_geometry__seed11401,11401,14065,6,2.36808265874411
Wall,jepa_wm_wall,8,1,fidelity_constrained_matched_geometry,fidelity_constrained_matched_geometry__seed11401,11401,14065,1,1.7454199704361093
Wall,jepa_wm_wall,8,1,fidelity_constrained_matched_geometry,fidelity_constrained_matched_geometry__seed11401,11401,14065,3,1.8032521427858903
Wall,jepa_wm_wall,8,1,fidelity_constrained_matched_geometry,fidelity_constrained_matched_geometry__seed11401,11401,14065,6,1.7053866647354265
Wall,jepa_wm_wall,9,1,fidelity_constrained_matched_geometry,fidelity_constrained_matched_geometry__seed11401,11401,14065,1,0.9525762197486368
Wall,jepa_wm_wall,9,1,fidelity_constrained_matched_geometry,fidelity_constrained_matched_geometry__seed11401,11401,14065,3,1.7305176865375902
Wall,jepa_wm_wall,9,1,fidelity_constrained_matched_geometry,fidelity_constrained_matched_geometry__seed11401,11401,14065,6,1.8543792867033644
Wall,jepa_wm_wall,10,1,fidelity_constrained_matched_geometry,fidelity_constrained_matched_geometry__seed11401,11401,14065,1,1.6287125045830688
Wall,jepa_wm_wall,10,1,fidelity_constrained_matched_geometry,fidelity_constrained_matched_geometry__seed11401,11401,14065,3,1.8534631970288837
Wall,jepa_wm_wall,10,1,fidelity_constrained_matched_geometry,fidelity_constrained_matched_geometry__seed11401,11401,14065,6,1.763421748419741
Wall,jepa_wm_wall,11,1,fidelity_constrained_matched_geometry,fidelity_constrained_matched_geometry__seed11401,11401,14065,1,1.0684426812284267
Wall,jepa_wm_wall,11,1,fidelity_constrained_matched_geometry,fidelity_constrained_matched_geometry__seed11401,11401,14065,3,1.8671526166849752
Wall,jepa_wm_wall,11,1,fidelity_constrained_matched_geometry,fidelity_constrained_matched_geometry__seed11401,11401,14065,6,1.7919642499826454
Wall,jepa_wm_wall,12,1,fidelity_constrained_matched_geometry,fidelity_constrained_matched_geometry__seed11401,11401,14065,1,1.0046474618355574
Wall,jepa_wm_wall,12,1,fidelity_constrained_matched_geometry,fidelity_constrained_matched_geometry__seed11401,11401,14065,3,1.64385580566051
Wall,jepa_wm_wall,12,1,fidelity_constrained_matched_geometry,fidelity_constrained_matched_geometry__seed11401,11401,14065,6,2.1387496115849784
Wall,jepa_wm_wall,13,1,fidelity_constrained_matched_geometry,fidelity_constrained_matched_geometry__seed11401,11401,14065,1,1.4818924878321447
Wall,jepa_wm_wall,13,1,fidelity_constrained_matched_geometry,fidelity_constrained_matched_geometry__seed11401,11401,14065,3,1.6928956283911938
Wall,jepa_wm_wall,13,1,fidelity_constrained_matched_geometry,fidelity_constrained_matched_geometry__seed11401,11401,14065,6,1.9332779793697625
Wall,jepa_wm_wall,14,1,fidelity_constrained_matched_geometry,fidelity_constrained_matched_geometry__seed11401,11401,14065,1,0.924708877070126
Wall,jepa_wm_wall,14,1,fidelity_constrained_matched_geometry,fidelity_constrained_matched_geometry__seed11401,11401,14065,3,1.824478409330878
Wall,jepa_wm_wall,14,1,fidelity_constrained_matched_geometry,fidelity_constrained_matched_geometry__seed11401,11401,14065,6,1.7394658007022181
Wall,jepa_wm_wall,15,1,fidelity_constrained_matched_geometry,fidelity_constrained_matched_geometry__seed11401,11401,14065,1,1.3861597178081804
Wall,jepa_wm_wall,15,1,fidelity_constrained_matched_geometry,fidelity_constrained_matched_geometry__seed11401,11401,14065,3,2.049302943316807
Wall,jepa_wm_wall,15,1,fidelity_constrained_matched_geometry,fidelity_constrained_matched_geometry__seed11401,11401,14065,6,2.0933262170309037
Wall,jepa_wm_wall,16,2,fidelity_constrained_matched_geometry,fidelity_constrained_matched_geometry__seed11401,11401,14065,1,1.058244809432748
Wall,jepa_wm_wall,16,2,fidelity_constrained_matched_geometry,fidelity_constrained_matched_geometry__seed11401,11401,14065,3,1.8202741433693506
Wall,jepa_wm_wall,16,2,fidelity_constrained_matched_geometry,fidelity_constrained_matched_geometry__seed11401,11401,14065,6,2.081051947985155
Wall,jepa_wm_wall,17,2,fidelity_constrained_matched_geometry,fidelity_constrained_matched_geometry__seed11401,11401,14065,1,1.1259838596305614
Wall,jepa_wm_wall,17,2,fidelity_constrained_matched_geometry,fidelity_constrained_matched_geometry__seed11401,11401,14065,3,1.7304251523558312
Wall,jepa_wm_wall,17,2,fidelity_constrained_matched_geometry,fidelity_constrained_matched_geometry__seed11401,11401,14065,6,2.0283619060411087
Wall,jepa_wm_wall,18,2,fidelity_constrained_matched_geometry,fidelity_constrained_matched_geometry__seed11401,11401,14065,1,0.9095120647760233
Wall,jepa_wm_wall,18,2,fidelity_constrained_matched_geometry,fidelity_constrained_matched_geometry__seed11401,11401,14065,3,1.3376721112697731
Wall,jepa_wm_wall,18,2,fidelity_constrained_matched_geometry,fidelity_constrained_matched_geometry__seed11401,11401,14065,6,2.078289095240621
Wall,jepa_wm_wall,19,2,fidelity_constrained_matched_geometry,fidelity_constrained_matched_geometry__seed11401,11401,14065,1,1.6565382945721572
Wall,jepa_wm_wall,19,2,fidelity_constrained_matched_geometry,fidelity_constrained_matched_geometry__seed11401,11401,14065,3,1.9691660240738535
Wall,jepa_wm_wall,19,2,fidelity_constrained_matched_geometry,fidelity_constrained_matched_geometry__seed11401,11401,14065,6,1.985398342293492
Wall,jepa_wm_wall,20,2,fidelity_constrained_matched_geometry,fidelity_constrained_matched_geometry__seed11401,11401,14065,1,1.765385828804594
Wall,jepa_wm_wall,20,2,fidelity_constrained_matched_geometry,fidelity_constrained_matched_geometry__seed11401,11401,14065,3,1.8742791931771057
Wall,jepa_wm_wall,20,2,fidelity_constrained_matched_geometry,fidelity_constrained_matched_geometry__seed11401,11401,14065,6,2.0505351437473607
Wall,jepa_wm_wall,21,2,fidelity_constrained_matched_geometry,fidelity_constrained_matched_geometry__seed11401,11401,14065,1,0.9097474609872037
Wall,jepa_wm_wall,21,2,fidelity_constrained_matched_geometry,fidelity_constrained_matched_geometry__seed11401,11401,14065,3,1.6886486539867929
Wall,jepa_wm_wall,21,2,fidelity_constrained_matched_geometry,fidelity_constrained_matched_geometry__seed11401,11401,14065,6,2.0495020889736097
Wall,jepa_wm_wall,22,2,fidelity_constrained_matched_geometry,fidelity_constrained_matched_geometry__seed11401,11401,14065,1,1.1805917833511819
Wall,jepa_wm_wall,22,2,fidelity_constrained_matched_geometry,fidelity_constrained_matched_geometry__seed11401,11401,14065,3,1.735621634379248
Wall,jepa_wm_wall,22,2,fidelity_constrained_matched_geometry,fidelity_constrained_matched_geometry__seed11401,11401,14065,6,2.038856769199541
Wall,jepa_wm_wall,23,2,fidelity_constrained_matched_geometry,fidelity_constrained_matched_geometry__seed11401,11401,14065,1,0.9286843275251898
Wall,jepa_wm_wall,23,2,fidelity_constrained_matched_geometry,fidelity_constrained_matched_geometry__seed11401,11401,14065,3,1.7329635332891065
Wall,jepa_wm_wall,23,2,fidelity_constrained_matched_geometry,fidelity_constrained_matched_geometry__seed11401,11401,14065,6,1.9640319790992837
Wall,jepa_wm_wall,48,6,fidelity_constrained_matched_geometry,fidelity_constrained_matched_geometry__seed11401,11401,14065,1,1.566207335009514
Wall,jepa_wm_wall,48,6,fidelity_constrained_matched_geometry,fidelity_constrained_matched_geometry__seed11401,11401,14065,3,2.285388763604206
Wall,jepa_wm_wall,48,6,fidelity_constrained_matched_geometry,fidelity_constrained_matched_geometry__seed11401,11401,14065,6,2.1739718891581465
Wall,jepa_wm_wall,49,6,fidelity_constrained_matched_geometry,fidelity_constrained_matched_geometry__seed11401,11401,14065,1,1.4898625285094982
Wall,jepa_wm_wall,49,6,fidelity_constrained_matched_geometry,fidelity_constrained_matched_geometry__seed11401,11401,14065,3,2.41298057608752
Wall,jepa_wm_wall,49,6,fidelity_constrained_matched_geometry,fidelity_constrained_matched_geometry__seed11401,11401,14065,6,2.128461977240684
Wall,jepa_wm_wall,50,6,fidelity_constrained_matched_geometry,fidelity_constrained_matched_geometry__seed11401,11401,14065,1,1.6974536822078863
Wall,jepa_wm_wall,50,6,fidelity_constrained_matched_geometry,fidelity_constrained_matched_geometry__seed11401,11401,14065,3,2.1004676005560254
Wall,jepa_wm_wall,50,6,fidelity_constrained_matched_geometry,fidelity_constrained_matched_geometry__seed11401,11401,14065,6,2.289759551755122
Wall,jepa_wm_wall,51,6,fidelity_constrained_matched_geometry,fidelity_constrained_matched_geometry__seed11401,11401,14065,1,1.8490930487794135
Wall,jepa_wm_wall,51,6,fidelity_constrained_matched_geometry,fidelity_constrained_matched_geometry__seed11401,11401,14065,3,2.12433965607278
Wall,jepa_wm_wall,51,6,fidelity_constrained_matched_geometry,fidelity_constrained_matched_geometry__seed11401,11401,14065,6,2.136493413532838
Wall,jepa_wm_wall,52,6,fidelity_constrained_matched_geometry,fidelity_constrained_matched_geometry__seed11401,11401,14065,1,1.465075714239609
Wall,jepa_wm_wall,52,6,fidelity_constrained_matched_geometry,fidelity_constrained_matched_geometry__seed11401,11401,14065,3,2.0943029527457857
Wall,jepa_wm_wall,52,6,fidelity_constrained_matched_geometry,fidelity_constrained_matched_geometry__seed11401,11401,14065,6,2.4820782074805443
Wall,jepa_wm_wall,53,6,fidelity_constrained_matched_geometry,fidelity_constrained_matched_geometry__seed11401,11401,14065,1,1.2141778109267418
Wall,jepa_wm_wall,53,6,fidelity_constrained_matched_geometry,fidelity_constrained_matched_geometry__seed11401,11401,14065,3,2.0443069963395515
Wall,jepa_wm_wall,53,6,fidelity_constrained_matched_geometry,fidelity_constrained_matched_geometry__seed11401,11401,14065,6,2.1333562388168317
Wall,jepa_wm_wall,54,6,fidelity_constrained_matched_geometry,fidelity_constrained_matched_geometry__seed11401,11401,14065,1,1.920171367114815
Wall,jepa_wm_wall,54,6,fidelity_constrained_matched_geometry,fidelity_constrained_matched_geometry__seed11401,11401,14065,3,2.20390146154867
Wall,jepa_wm_wall,54,6,fidelity_constrained_matched_geometry,fidelity_constrained_matched_geometry__seed11401,11401,14065,6,2.397329266755956
Wall,jepa_wm_wall,55,6,fidelity_constrained_matched_geometry,fidelity_constrained_matched_geometry__seed11401,11401,14065,1,1.4331797842100238
Wall,jepa_wm_wall,55,6,fidelity_constrained_matched_geometry,fidelity_constrained_matched_geometry__seed11401,11401,14065,3,1.9776336669969248
Wall,jepa_wm_wall,55,6,fidelity_constrained_matched_geometry,fidelity_constrained_matched_geometry__seed11401,11401,14065,6,2.3555804457719534
Wall,jepa_wm_wall,8,1,fidelity_constrained_latent_only,fidelity_constrained_latent_only__seed11419,11419,14065,1,1.7003772612496002
Wall,jepa_wm_wall,8,1,fidelity_constrained_latent_only,fidelity_constrained_latent_only__seed11419,11419,14065,3,1.897556435357996
Wall,jepa_wm_wall,8,1,fidelity_constrained_latent_only,fidelity_constrained_latent_only__seed11419,11419,14065,6,1.9239273590665311
Wall,jepa_wm_wall,9,1,fidelity_constrained_latent_only,fidelity_constrained_latent_only__seed11419,11419,14065,1,0.9851812341840996
Wall,jepa_wm_wall,9,1,fidelity_constrained_latent_only,fidelity_constrained_latent_only__seed11419,11419,14065,3,1.6640210842610514
Wall,jepa_wm_wall,9,1,fidelity_constrained_latent_only,fidelity_constrained_latent_only__seed11419,11419,14065,6,1.924442656756796
Wall,jepa_wm_wall,10,1,fidelity_constrained_latent_only,fidelity_constrained_latent_only__seed11419,11419,14065,1,1.6007447185955739
Wall,jepa_wm_wall,10,1,fidelity_constrained_latent_only,fidelity_constrained_latent_only__seed11419,11419,14065,3,1.9110155122917023
Wall,jepa_wm_wall,10,1,fidelity_constrained_latent_only,fidelity_constrained_latent_only__seed11419,11419,14065,6,1.9141342638991077
Wall,jepa_wm_wall,11,1,fidelity_constrained_latent_only,fidelity_constrained_latent_only__seed11419,11419,14065,1,0.9960281417258507
Wall,jepa_wm_wall,11,1,fidelity_constrained_latent_only,fidelity_constrained_latent_only__seed11419,11419,14065,3,1.8741556004237792
Wall,jepa_wm_wall,11,1,fidelity_constrained_latent_only,fidelity_constrained_latent_only__seed11419,11419,14065,6,2.042360504515176
Wall,jepa_wm_wall,12,1,fidelity_constrained_latent_only,fidelity_constrained_latent_only__seed11419,11419,14065,1,1.0466682491969208
Wall,jepa_wm_wall,12,1,fidelity_constrained_latent_only,fidelity_constrained_latent_only__seed11419,11419,14065,3,1.5956056174175326
Wall,jepa_wm_wall,12,1,fidelity_constrained_latent_only,fidelity_constrained_latent_only__seed11419,11419,14065,6,2.1742792419437844
Wall,jepa_wm_wall,13,1,fidelity_constrained_latent_only,fidelity_constrained_latent_only__seed11419,11419,14065,1,1.369819645300143
Wall,jepa_wm_wall,13,1,fidelity_constrained_latent_only,fidelity_constrained_latent_only__seed11419,11419,14065,3,1.8427203632724065
Wall,jepa_wm_wall,13,1,fidelity_constrained_latent_only,fidelity_constrained_latent_only__seed11419,11419,14065,6,2.209729625896
Wall,jepa_wm_wall,14,1,fidelity_constrained_latent_only,fidelity_constrained_latent_only__seed11419,11419,14065,1,1.0044777714061934
Wall,jepa_wm_wall,14,1,fidelity_constrained_latent_only,fidelity_constrained_latent_only__seed11419,11419,14065,3,1.7765571913351403
Wall,jepa_wm_wall,14,1,fidelity_constrained_latent_only,fidelity_constrained_latent_only__seed11419,11419,14065,6,1.8766613778980386
Wall,jepa_wm_wall,15,1,fidelity_constrained_latent_only,fidelity_constrained_latent_only__seed11419,11419,14065,1,1.2932892336185091
Wall,jepa_wm_wall,15,1,fidelity_constrained_latent_only,fidelity_constrained_latent_only__seed11419,11419,14065,3,1.9059486959573628
Wall,jepa_wm_wall,15,1,fidelity_constrained_latent_only,fidelity_constrained_latent_only__seed11419,11419,14065,6,2.286966351376844
Wall,jepa_wm_wall,16,2,fidelity_constrained_latent_only,fidelity_constrained_latent_only__seed11419,11419,14065,1,1.0986414725323912
Wall,jepa_wm_wall,16,2,fidelity_constrained_latent_only,fidelity_constrained_latent_only__seed11419,11419,14065,3,1.817180586743328
Wall,jepa_wm_wall,16,2,fidelity_constrained_latent_only,fidelity_constrained_latent_only__seed11419,11419,14065,6,2.0972416798614852
Wall,jepa_wm_wall,17,2,fidelity_constrained_latent_only,fidelity_constrained_latent_only__seed11419,11419,14065,1,1.2570831608435769
Wall,jepa_wm_wall,17,2,fidelity_constrained_latent_only,fidelity_constrained_latent_only__seed11419,11419,14065,3,1.772383299401942
Wall,jepa_wm_wall,17,2,fidelity_constrained_latent_only,fidelity_constrained_latent_only__seed11419,11419,14065,6,2.141060603268179
Wall,jepa_wm_wall,18,2,fidelity_constrained_latent_only,fidelity_constrained_latent_only__seed11419,11419,14065,1,0.9692023192818874
Wall,jepa_wm_wall,18,2,fidelity_constrained_latent_only,fidelity_constrained_latent_only__seed11419,11419,14065,3,1.4933467167063808
Wall,jepa_wm_wall,18,2,fidelity_constrained_latent_only,fidelity_constrained_latent_only__seed11419,11419,14065,6,1.9808465295408832
Wall,jepa_wm_wall,19,2,fidelity_constrained_latent_only,fidelity_constrained_latent_only__seed11419,11419,14065,1,1.6416147281030817
Wall,jepa_wm_wall,19,2,fidelity_constrained_latent_only,fidelity_constrained_latent_only__seed11419,11419,14065,3,1.9652999621556042
Wall,jepa_wm_wall,19,2,fidelity_constrained_latent_only,fidelity_constrained_latent_only__seed11419,11419,14065,6,2.042156607172015
Wall,jepa_wm_wall,20,2,fidelity_constrained_latent_only,fidelity_constrained_latent_only__seed11419,11419,14065,1,1.6206595613113306
Wall,jepa_wm_wall,20,2,fidelity_constrained_latent_only,fidelity_constrained_latent_only__seed11419,11419,14065,3,1.9556816260558518
Wall,jepa_wm_wall,20,2,fidelity_constrained_latent_only,fidelity_constrained_latent_only__seed11419,11419,14065,6,2.1312211098712117
Wall,jepa_wm_wall,21,2,fidelity_constrained_latent_only,fidelity_constrained_latent_only__seed11419,11419,14065,1,1.0761907405431523
Wall,jepa_wm_wall,21,2,fidelity_constrained_latent_only,fidelity_constrained_latent_only__seed11419,11419,14065,3,1.559060949156218
Wall,jepa_wm_wall,21,2,fidelity_constrained_latent_only,fidelity_constrained_latent_only__seed11419,11419,14065,6,2.0671232528269843
Wall,jepa_wm_wall,22,2,fidelity_constrained_latent_only,fidelity_constrained_latent_only__seed11419,11419,14065,1,1.2784951680166958
Wall,jepa_wm_wall,22,2,fidelity_constrained_latent_only,fidelity_constrained_latent_only__seed11419,11419,14065,3,1.804089280830071
Wall,jepa_wm_wall,22,2,fidelity_constrained_latent_only,fidelity_constrained_latent_only__seed11419,11419,14065,6,2.1697760004978055
Wall,jepa_wm_wall,23,2,fidelity_constrained_latent_only,fidelity_constrained_latent_only__seed11419,11419,14065,1,0.9883133763718063
Wall,jepa_wm_wall,23,2,fidelity_constrained_latent_only,fidelity_constrained_latent_only__seed11419,11419,14065,3,1.7494313157133665
Wall,jepa_wm_wall,23,2,fidelity_constrained_latent_only,fidelity_constrained_latent_only__seed11419,11419,14065,6,2.0253601067378932
Wall,jepa_wm_wall,48,6,fidelity_constrained_latent_only,fidelity_constrained_latent_only__seed11419,11419,14065,1,1.4907282802366335
Wall,jepa_wm_wall,48,6,fidelity_constrained_latent_only,fidelity_constrained_latent_only__seed11419,11419,14065,3,2.224710040187242
Wall,jepa_wm_wall,48,6,fidelity_constrained_latent_only,fidelity_constrained_latent_only__seed11419,11419,14065,6,2.4999243627487577
Wall,jepa_wm_wall,49,6,fidelity_constrained_latent_only,fidelity_constrained_latent_only__seed11419,11419,14065,1,1.4545689371750528
Wall,jepa_wm_wall,49,6,fidelity_constrained_latent_only,fidelity_constrained_latent_only__seed11419,11419,14065,3,2.2909936193177174
Wall,jepa_wm_wall,49,6,fidelity_constrained_latent_only,fidelity_constrained_latent_only__seed11419,11419,14065,6,2.4216304305811427
Wall,jepa_wm_wall,50,6,fidelity_constrained_latent_only,fidelity_constrained_latent_only__seed11419,11419,14065,1,1.6922497230354074
Wall,jepa_wm_wall,50,6,fidelity_constrained_latent_only,fidelity_constrained_latent_only__seed11419,11419,14065,3,2.1397561208925358
Wall,jepa_wm_wall,50,6,fidelity_constrained_latent_only,fidelity_constrained_latent_only__seed11419,11419,14065,6,2.4126774268742492
Wall,jepa_wm_wall,51,6,fidelity_constrained_latent_only,fidelity_constrained_latent_only__seed11419,11419,14065,1,1.7819754538842234
Wall,jepa_wm_wall,51,6,fidelity_constrained_latent_only,fidelity_constrained_latent_only__seed11419,11419,14065,3,2.180927688574471
Wall,jepa_wm_wall,51,6,fidelity_constrained_latent_only,fidelity_constrained_latent_only__seed11419,11419,14065,6,2.413904145886357
Wall,jepa_wm_wall,52,6,fidelity_constrained_latent_only,fidelity_constrained_latent_only__seed11419,11419,14065,1,1.4778779254412344
Wall,jepa_wm_wall,52,6,fidelity_constrained_latent_only,fidelity_constrained_latent_only__seed11419,11419,14065,3,2.000073797793953
Wall,jepa_wm_wall,52,6,fidelity_constrained_latent_only,fidelity_constrained_latent_only__seed11419,11419,14065,6,2.580661491804922
Wall,jepa_wm_wall,53,6,fidelity_constrained_latent_only,fidelity_constrained_latent_only__seed11419,11419,14065,1,1.1758815011392199
Wall,jepa_wm_wall,53,6,fidelity_constrained_latent_only,fidelity_constrained_latent_only__seed11419,11419,14065,3,1.988542453546648
Wall,jepa_wm_wall,53,6,fidelity_constrained_latent_only,fidelity_constrained_latent_only__seed11419,11419,14065,6,2.303884033671757
Wall,jepa_wm_wall,54,6,fidelity_constrained_latent_only,fidelity_constrained_latent_only__seed11419,11419,14065,1,1.916722606926077
Wall,jepa_wm_wall,54,6,fidelity_constrained_latent_only,fidelity_constrained_latent_only__seed11419,11419,14065,3,2.208386979924493
Wall,jepa_wm_wall,54,6,fidelity_constrained_latent_only,fidelity_constrained_latent_only__seed11419,11419,14065,6,2.70903352977258
Wall,jepa_wm_wall,55,6,fidelity_constrained_latent_only,fidelity_constrained_latent_only__seed11419,11419,14065,1,1.462977614078091
Wall,jepa_wm_wall,55,6,fidelity_constrained_latent_only,fidelity_constrained_latent_only__seed11419,11419,14065,3,1.8480790221603902
Wall,jepa_wm_wall,55,6,fidelity_constrained_latent_only,fidelity_constrained_latent_only__seed11419,11419,14065,6,2.414779648497612
Wall,jepa_wm_wall,8,1,fidelity_constrained_shuffled_geometry,fidelity_constrained_shuffled_geometry__seed11419,11419,14065,1,1.780167240424324
Wall,jepa_wm_wall,8,1,fidelity_constrained_shuffled_geometry,fidelity_constrained_shuffled_geometry__seed11419,11419,14065,3,1.8552350926020569
Wall,jepa_wm_wall,8,1,fidelity_constrained_shuffled_geometry,fidelity_constrained_shuffled_geometry__seed11419,11419,14065,6,1.7108653266932206
Wall,jepa_wm_wall,9,1,fidelity_constrained_shuffled_geometry,fidelity_constrained_shuffled_geometry__seed11419,11419,14065,1,0.9940960560298095
Wall,jepa_wm_wall,9,1,fidelity_constrained_shuffled_geometry,fidelity_constrained_shuffled_geometry__seed11419,11419,14065,3,1.8167868584849676
Wall,jepa_wm_wall,9,1,fidelity_constrained_shuffled_geometry,fidelity_constrained_shuffled_geometry__seed11419,11419,14065,6,1.8730291216847903
Wall,jepa_wm_wall,10,1,fidelity_constrained_shuffled_geometry,fidelity_constrained_shuffled_geometry__seed11419,11419,14065,1,1.62707825300031
Wall,jepa_wm_wall,10,1,fidelity_constrained_shuffled_geometry,fidelity_constrained_shuffled_geometry__seed11419,11419,14065,3,1.934262923773611
Wall,jepa_wm_wall,10,1,fidelity_constrained_shuffled_geometry,fidelity_constrained_shuffled_geometry__seed11419,11419,14065,6,1.7793474990947762
Wall,jepa_wm_wall,11,1,fidelity_constrained_shuffled_geometry,fidelity_constrained_shuffled_geometry__seed11419,11419,14065,1,1.0808260223551136
Wall,jepa_wm_wall,11,1,fidelity_constrained_shuffled_geometry,fidelity_constrained_shuffled_geometry__seed11419,11419,14065,3,1.9379270074342076
Wall,jepa_wm_wall,11,1,fidelity_constrained_shuffled_geometry,fidelity_constrained_shuffled_geometry__seed11419,11419,14065,6,1.831786717569926
Wall,jepa_wm_wall,12,1,fidelity_constrained_shuffled_geometry,fidelity_constrained_shuffled_geometry__seed11419,11419,14065,1,1.0035237743566543
Wall,jepa_wm_wall,12,1,fidelity_constrained_shuffled_geometry,fidelity_constrained_shuffled_geometry__seed11419,11419,14065,3,1.6973099106080594
Wall,jepa_wm_wall,12,1,fidelity_constrained_shuffled_geometry,fidelity_constrained_shuffled_geometry__seed11419,11419,14065,6,2.003231701307916
Wall,jepa_wm_wall,13,1,fidelity_constrained_shuffled_geometry,fidelity_constrained_shuffled_geometry__seed11419,11419,14065,1,1.5522322569247282
Wall,jepa_wm_wall,13,1,fidelity_constrained_shuffled_geometry,fidelity_constrained_shuffled_geometry__seed11419,11419,14065,3,1.7769088343314932
Wall,jepa_wm_wall,13,1,fidelity_constrained_shuffled_geometry,fidelity_constrained_shuffled_geometry__seed11419,11419,14065,6,1.8333572325495648
Wall,jepa_wm_wall,14,1,fidelity_constrained_shuffled_geometry,fidelity_constrained_shuffled_geometry__seed11419,11419,14065,1,0.9323168593396142
Wall,jepa_wm_wall,14,1,fidelity_constrained_shuffled_geometry,fidelity_constrained_shuffled_geometry__seed11419,11419,14065,3,1.8589541914928134
Wall,jepa_wm_wall,14,1,fidelity_constrained_shuffled_geometry,fidelity_constrained_shuffled_geometry__seed11419,11419,14065,6,1.7747509646154254
Wall,jepa_wm_wall,15,1,fidelity_constrained_shuffled_geometry,fidelity_constrained_shuffled_geometry__seed11419,11419,14065,1,1.3902970979860592
Wall,jepa_wm_wall,15,1,fidelity_constrained_shuffled_geometry,fidelity_constrained_shuffled_geometry__seed11419,11419,14065,3,2.0570352822050375
Wall,jepa_wm_wall,15,1,fidelity_constrained_shuffled_geometry,fidelity_constrained_shuffled_geometry__seed11419,11419,14065,6,1.9501645844942845
Wall,jepa_wm_wall,16,2,fidelity_constrained_shuffled_geometry,fidelity_constrained_shuffled_geometry__seed11419,11419,14065,1,1.0303524987765178
Wall,jepa_wm_wall,16,2,fidelity_constrained_shuffled_geometry,fidelity_constrained_shuffled_geometry__seed11419,11419,14065,3,1.9713516222516525
Wall,jepa_wm_wall,16,2,fidelity_constrained_shuffled_geometry,fidelity_constrained_shuffled_geometry__seed11419,11419,14065,6,2.1086222229692457
Wall,jepa_wm_wall,17,2,fidelity_constrained_shuffled_geometry,fidelity_constrained_shuffled_geometry__seed11419,11419,14065,1,1.1234294015247188
Wall,jepa_wm_wall,17,2,fidelity_constrained_shuffled_geometry,fidelity_constrained_shuffled_geometry__seed11419,11419,14065,3,1.7520362107714127
Wall,jepa_wm_wall,17,2,fidelity_constrained_shuffled_geometry,fidelity_constrained_shuffled_geometry__seed11419,11419,14065,6,2.0663496566869157
Wall,jepa_wm_wall,18,2,fidelity_constrained_shuffled_geometry,fidelity_constrained_shuffled_geometry__seed11419,11419,14065,1,0.8660714897127317
Wall,jepa_wm_wall,18,2,fidelity_constrained_shuffled_geometry,fidelity_constrained_shuffled_geometry__seed11419,11419,14065,3,1.3973673172627903
Wall,jepa_wm_wall,18,2,fidelity_constrained_shuffled_geometry,fidelity_constrained_shuffled_geometry__seed11419,11419,14065,6,2.14719413516079
Wall,jepa_wm_wall,19,2,fidelity_constrained_shuffled_geometry,fidelity_constrained_shuffled_geometry__seed11419,11419,14065,1,1.6836086543480833
Wall,jepa_wm_wall,19,2,fidelity_constrained_shuffled_geometry,fidelity_constrained_shuffled_geometry__seed11419,11419,14065,3,2.041273861685104
Wall,jepa_wm_wall,19,2,fidelity_constrained_shuffled_geometry,fidelity_constrained_shuffled_geometry__seed11419,11419,14065,6,2.0824925122334834
Wall,jepa_wm_wall,20,2,fidelity_constrained_shuffled_geometry,fidelity_constrained_shuffled_geometry__seed11419,11419,14065,1,1.7710593665022696
Wall,jepa_wm_wall,20,2,fidelity_constrained_shuffled_geometry,fidelity_constrained_shuffled_geometry__seed11419,11419,14065,3,1.929005207692614
Wall,jepa_wm_wall,20,2,fidelity_constrained_shuffled_geometry,fidelity_constrained_shuffled_geometry__seed11419,11419,14065,6,2.1113924996942286
Wall,jepa_wm_wall,21,2,fidelity_constrained_shuffled_geometry,fidelity_constrained_shuffled_geometry__seed11419,11419,14065,1,0.9236551955645215
Wall,jepa_wm_wall,21,2,fidelity_constrained_shuffled_geometry,fidelity_constrained_shuffled_geometry__seed11419,11419,14065,3,1.7298478299687146
Wall,jepa_wm_wall,21,2,fidelity_constrained_shuffled_geometry,fidelity_constrained_shuffled_geometry__seed11419,11419,14065,6,2.124197740145349
Wall,jepa_wm_wall,22,2,fidelity_constrained_shuffled_geometry,fidelity_constrained_shuffled_geometry__seed11419,11419,14065,1,1.1856772401984734
Wall,jepa_wm_wall,22,2,fidelity_constrained_shuffled_geometry,fidelity_constrained_shuffled_geometry__seed11419,11419,14065,3,1.7619333905255168
Wall,jepa_wm_wall,22,2,fidelity_constrained_shuffled_geometry,fidelity_constrained_shuffled_geometry__seed11419,11419,14065,6,2.082951819284519
Wall,jepa_wm_wall,23,2,fidelity_constrained_shuffled_geometry,fidelity_constrained_shuffled_geometry__seed11419,11419,14065,1,0.8986384104565353
Wall,jepa_wm_wall,23,2,fidelity_constrained_shuffled_geometry,fidelity_constrained_shuffled_geometry__seed11419,11419,14065,3,1.812839134764107
Wall,jepa_wm_wall,23,2,fidelity_constrained_shuffled_geometry,fidelity_constrained_shuffled_geometry__seed11419,11419,14065,6,1.9522861808254512
Wall,jepa_wm_wall,48,6,fidelity_constrained_shuffled_geometry,fidelity_constrained_shuffled_geometry__seed11419,11419,14065,1,1.6184823082949318
Wall,jepa_wm_wall,48,6,fidelity_constrained_shuffled_geometry,fidelity_constrained_shuffled_geometry__seed11419,11419,14065,3,2.3638389189594395
Wall,jepa_wm_wall,48,6,fidelity_constrained_shuffled_geometry,fidelity_constrained_shuffled_geometry__seed11419,11419,14065,6,2.193739548980423
Wall,jepa_wm_wall,49,6,fidelity_constrained_shuffled_geometry,fidelity_constrained_shuffled_geometry__seed11419,11419,14065,1,1.4972853624888685
Wall,jepa_wm_wall,49,6,fidelity_constrained_shuffled_geometry,fidelity_constrained_shuffled_geometry__seed11419,11419,14065,3,2.4975110840198536
Wall,jepa_wm_wall,49,6,fidelity_constrained_shuffled_geometry,fidelity_constrained_shuffled_geometry__seed11419,11419,14065,6,2.1468487820023374
Wall,jepa_wm_wall,50,6,fidelity_constrained_shuffled_geometry,fidelity_constrained_shuffled_geometry__seed11419,11419,14065,1,1.7483859894613218
Wall,jepa_wm_wall,50,6,fidelity_constrained_shuffled_geometry,fidelity_constrained_shuffled_geometry__seed11419,11419,14065,3,2.151576226124475
Wall,jepa_wm_wall,50,6,fidelity_constrained_shuffled_geometry,fidelity_constrained_shuffled_geometry__seed11419,11419,14065,6,2.2414291005542846
Wall,jepa_wm_wall,51,6,fidelity_constrained_shuffled_geometry,fidelity_constrained_shuffled_geometry__seed11419,11419,14065,1,1.882692222934414
Wall,jepa_wm_wall,51,6,fidelity_constrained_shuffled_geometry,fidelity_constrained_shuffled_geometry__seed11419,11419,14065,3,2.217028540828238
Wall,jepa_wm_wall,51,6,fidelity_constrained_shuffled_geometry,fidelity_constrained_shuffled_geometry__seed11419,11419,14065,6,2.179142783718644
Wall,jepa_wm_wall,52,6,fidelity_constrained_shuffled_geometry,fidelity_constrained_shuffled_geometry__seed11419,11419,14065,1,1.4842058390166657
Wall,jepa_wm_wall,52,6,fidelity_constrained_shuffled_geometry,fidelity_constrained_shuffled_geometry__seed11419,11419,14065,3,2.18305267634567
Wall,jepa_wm_wall,52,6,fidelity_constrained_shuffled_geometry,fidelity_constrained_shuffled_geometry__seed11419,11419,14065,6,2.471019170337511
Wall,jepa_wm_wall,53,6,fidelity_constrained_shuffled_geometry,fidelity_constrained_shuffled_geometry__seed11419,11419,14065,1,1.232458969859851
Wall,jepa_wm_wall,53,6,fidelity_constrained_shuffled_geometry,fidelity_constrained_shuffled_geometry__seed11419,11419,14065,3,2.0853316584229775
Wall,jepa_wm_wall,53,6,fidelity_constrained_shuffled_geometry,fidelity_constrained_shuffled_geometry__seed11419,11419,14065,6,2.1537139104624146
Wall,jepa_wm_wall,54,6,fidelity_constrained_shuffled_geometry,fidelity_constrained_shuffled_geometry__seed11419,11419,14065,1,1.9770436453362
Wall,jepa_wm_wall,54,6,fidelity_constrained_shuffled_geometry,fidelity_constrained_shuffled_geometry__seed11419,11419,14065,3,2.275080888172985
Wall,jepa_wm_wall,54,6,fidelity_constrained_shuffled_geometry,fidelity_constrained_shuffled_geometry__seed11419,11419,14065,6,2.356408446415644
Wall,jepa_wm_wall,55,6,fidelity_constrained_shuffled_geometry,fidelity_constrained_shuffled_geometry__seed11419,11419,14065,1,1.459807236972397
Wall,jepa_wm_wall,55,6,fidelity_constrained_shuffled_geometry,fidelity_constrained_shuffled_geometry__seed11419,11419,14065,3,2.0616143666850597
Wall,jepa_wm_wall,55,6,fidelity_constrained_shuffled_geometry,fidelity_constrained_shuffled_geometry__seed11419,11419,14065,6,2.3547321567416164
Wall,jepa_wm_wall,8,1,fidelity_constrained_matched_geometry,fidelity_constrained_matched_geometry__seed11419,11419,14065,1,1.74714873839353
Wall,jepa_wm_wall,8,1,fidelity_constrained_matched_geometry,fidelity_constrained_matched_geometry__seed11419,11419,14065,3,1.8048795338998496
Wall,jepa_wm_wall,8,1,fidelity_constrained_matched_geometry,fidelity_constrained_matched_geometry__seed11419,11419,14065,6,1.6999437804970734
Wall,jepa_wm_wall,9,1,fidelity_constrained_matched_geometry,fidelity_constrained_matched_geometry__seed11419,11419,14065,1,0.951929506661079
Wall,jepa_wm_wall,9,1,fidelity_constrained_matched_geometry,fidelity_constrained_matched_geometry__seed11419,11419,14065,3,1.729046199579796
Wall,jepa_wm_wall,9,1,fidelity_constrained_matched_geometry,fidelity_constrained_matched_geometry__seed11419,11419,14065,6,1.8535595010085004
Wall,jepa_wm_wall,10,1,fidelity_constrained_matched_geometry,fidelity_constrained_matched_geometry__seed11419,11419,14065,1,1.6296408866116219
Wall,jepa_wm_wall,10,1,fidelity_constrained_matched_geometry,fidelity_constrained_matched_geometry__seed11419,11419,14065,3,1.8532842529564815
Wall,jepa_wm_wall,10,1,fidelity_constrained_matched_geometry,fidelity_constrained_matched_geometry__seed11419,11419,14065,6,1.7493727938648753
Wall,jepa_wm_wall,11,1,fidelity_constrained_matched_geometry,fidelity_constrained_matched_geometry__seed11419,11419,14065,1,1.0662709935334982
Wall,jepa_wm_wall,11,1,fidelity_constrained_matched_geometry,fidelity_constrained_matched_geometry__seed11419,11419,14065,3,1.8696971839858028
Wall,jepa_wm_wall,11,1,fidelity_constrained_matched_geometry,fidelity_constrained_matched_geometry__seed11419,11419,14065,6,1.7841271935838248
Wall,jepa_wm_wall,12,1,fidelity_constrained_matched_geometry,fidelity_constrained_matched_geometry__seed11419,11419,14065,1,1.0013303582501003
Wall,jepa_wm_wall,12,1,fidelity_constrained_matched_geometry,fidelity_constrained_matched_geometry__seed11419,11419,14065,3,1.6409399634354873
Wall,jepa_wm_wall,12,1,fidelity_constrained_matched_geometry,fidelity_constrained_matched_geometry__seed11419,11419,14065,6,2.134722334917998
Wall,jepa_wm_wall,13,1,fidelity_constrained_matched_geometry,fidelity_constrained_matched_geometry__seed11419,11419,14065,1,1.4837005942138042
Wall,jepa_wm_wall,13,1,fidelity_constrained_matched_geometry,fidelity_constrained_matched_geometry__seed11419,11419,14065,3,1.6945350987795234
Wall,jepa_wm_wall,13,1,fidelity_constrained_matched_geometry,fidelity_constrained_matched_geometry__seed11419,11419,14065,6,1.9305829681793694
Wall,jepa_wm_wall,14,1,fidelity_constrained_matched_geometry,fidelity_constrained_matched_geometry__seed11419,11419,14065,1,0.9217356032832527
Wall,jepa_wm_wall,14,1,fidelity_constrained_matched_geometry,fidelity_constrained_matched_geometry__seed11419,11419,14065,3,1.8269565774381873
Wall,jepa_wm_wall,14,1,fidelity_constrained_matched_geometry,fidelity_constrained_matched_geometry__seed11419,11419,14065,6,1.737734498617252
Wall,jepa_wm_wall,15,1,fidelity_constrained_matched_geometry,fidelity_constrained_matched_geometry__seed11419,11419,14065,1,1.384185058821137
Wall,jepa_wm_wall,15,1,fidelity_constrained_matched_geometry,fidelity_constrained_matched_geometry__seed11419,11419,14065,3,2.048636526581006
Wall,jepa_wm_wall,15,1,fidelity_constrained_matched_geometry,fidelity_constrained_matched_geometry__seed11419,11419,14065,6,2.086655771750567
Wall,jepa_wm_wall,16,2,fidelity_constrained_matched_geometry,fidelity_constrained_matched_geometry__seed11419,11419,14065,1,1.0543837233018492
Wall,jepa_wm_wall,16,2,fidelity_constrained_matched_geometry,fidelity_constrained_matched_geometry__seed11419,11419,14065,3,1.823096411699016
Wall,jepa_wm_wall,16,2,fidelity_constrained_matched_geometry,fidelity_constrained_matched_geometry__seed11419,11419,14065,6,2.0774530101286275
Wall,jepa_wm_wall,17,2,fidelity_constrained_matched_geometry,fidelity_constrained_matched_geometry__seed11419,11419,14065,1,1.1257921336324932
Wall,jepa_wm_wall,17,2,fidelity_constrained_matched_geometry,fidelity_constrained_matched_geometry__seed11419,11419,14065,3,1.7328176424915709
Wall,jepa_wm_wall,17,2,fidelity_constrained_matched_geometry,fidelity_constrained_matched_geometry__seed11419,11419,14065,6,2.0244503081913527
Wall,jepa_wm_wall,18,2,fidelity_constrained_matched_geometry,fidelity_constrained_matched_geometry__seed11419,11419,14065,1,0.9086301700052914
Wall,jepa_wm_wall,18,2,fidelity_constrained_matched_geometry,fidelity_constrained_matched_geometry__seed11419,11419,14065,3,1.3320929850167424
Wall,jepa_wm_wall,18,2,fidelity_constrained_matched_geometry,fidelity_constrained_matched_geometry__seed11419,11419,14065,6,2.077071161562896
Wall,jepa_wm_wall,19,2,fidelity_constrained_matched_geometry,fidelity_constrained_matched_geometry__seed11419,11419,14065,1,1.656609629964022
Wall,jepa_wm_wall,19,2,fidelity_constrained_matched_geometry,fidelity_constrained_matched_geometry__seed11419,11419,14065,3,1.9698457259264686
Wall,jepa_wm_wall,19,2,fidelity_constrained_matched_geometry,fidelity_constrained_matched_geometry__seed11419,11419,14065,6,2.002716931161473
Wall,jepa_wm_wall,20,2,fidelity_constrained_matched_geometry,fidelity_constrained_matched_geometry__seed11419,11419,14065,1,1.7657159938088178
Wall,jepa_wm_wall,20,2,fidelity_constrained_matched_geometry,fidelity_constrained_matched_geometry__seed11419,11419,14065,3,1.875531486924504
Wall,jepa_wm_wall,20,2,fidelity_constrained_matched_geometry,fidelity_constrained_matched_geometry__seed11419,11419,14065,6,2.047233920857224
Wall,jepa_wm_wall,21,2,fidelity_constrained_matched_geometry,fidelity_constrained_matched_geometry__seed11419,11419,14065,1,0.9077440222624124
Wall,jepa_wm_wall,21,2,fidelity_constrained_matched_geometry,fidelity_constrained_matched_geometry__seed11419,11419,14065,3,1.6938458672823007
Wall,jepa_wm_wall,21,2,fidelity_constrained_matched_geometry,fidelity_constrained_matched_geometry__seed11419,11419,14065,6,2.065376705634944
Wall,jepa_wm_wall,22,2,fidelity_constrained_matched_geometry,fidelity_constrained_matched_geometry__seed11419,11419,14065,1,1.1799437979750174
Wall,jepa_wm_wall,22,2,fidelity_constrained_matched_geometry,fidelity_constrained_matched_geometry__seed11419,11419,14065,3,1.7374776326493941
Wall,jepa_wm_wall,22,2,fidelity_constrained_matched_geometry,fidelity_constrained_matched_geometry__seed11419,11419,14065,6,2.0346006684626055
Wall,jepa_wm_wall,23,2,fidelity_constrained_matched_geometry,fidelity_constrained_matched_geometry__seed11419,11419,14065,1,0.9285654746518277
Wall,jepa_wm_wall,23,2,fidelity_constrained_matched_geometry,fidelity_constrained_matched_geometry__seed11419,11419,14065,3,1.7330861531116803
Wall,jepa_wm_wall,23,2,fidelity_constrained_matched_geometry,fidelity_constrained_matched_geometry__seed11419,11419,14065,6,1.9616977896104622
Wall,jepa_wm_wall,48,6,fidelity_constrained_matched_geometry,fidelity_constrained_matched_geometry__seed11419,11419,14065,1,1.5659129265020053
Wall,jepa_wm_wall,48,6,fidelity_constrained_matched_geometry,fidelity_constrained_matched_geometry__seed11419,11419,14065,3,2.294121909957728
Wall,jepa_wm_wall,48,6,fidelity_constrained_matched_geometry,fidelity_constrained_matched_geometry__seed11419,11419,14065,6,2.1915807608893623
Wall,jepa_wm_wall,49,6,fidelity_constrained_matched_geometry,fidelity_constrained_matched_geometry__seed11419,11419,14065,1,1.4899632510779606
Wall,jepa_wm_wall,49,6,fidelity_constrained_matched_geometry,fidelity_constrained_matched_geometry__seed11419,11419,14065,3,2.423149561065983
Wall,jepa_wm_wall,49,6,fidelity_constrained_matched_geometry,fidelity_constrained_matched_geometry__seed11419,11419,14065,6,2.146786157557085
Wall,jepa_wm_wall,50,6,fidelity_constrained_matched_geometry,fidelity_constrained_matched_geometry__seed11419,11419,14065,1,1.6984876671170623
Wall,jepa_wm_wall,50,6,fidelity_constrained_matched_geometry,fidelity_constrained_matched_geometry__seed11419,11419,14065,3,2.1066515029702235
Wall,jepa_wm_wall,50,6,fidelity_constrained_matched_geometry,fidelity_constrained_matched_geometry__seed11419,11419,14065,6,2.302704172149128
Wall,jepa_wm_wall,51,6,fidelity_constrained_matched_geometry,fidelity_constrained_matched_geometry__seed11419,11419,14065,1,1.8490619200030236
Wall,jepa_wm_wall,51,6,fidelity_constrained_matched_geometry,fidelity_constrained_matched_geometry__seed11419,11419,14065,3,2.129939003965762
Wall,jepa_wm_wall,51,6,fidelity_constrained_matched_geometry,fidelity_constrained_matched_geometry__seed11419,11419,14065,6,2.1648800170575826
Wall,jepa_wm_wall,52,6,fidelity_constrained_matched_geometry,fidelity_constrained_matched_geometry__seed11419,11419,14065,1,1.4634682793407214
Wall,jepa_wm_wall,52,6,fidelity_constrained_matched_geometry,fidelity_constrained_matched_geometry__seed11419,11419,14065,3,2.094846383112792
Wall,jepa_wm_wall,52,6,fidelity_constrained_matched_geometry,fidelity_constrained_matched_geometry__seed11419,11419,14065,6,2.4963916261025334
Wall,jepa_wm_wall,53,6,fidelity_constrained_matched_geometry,fidelity_constrained_matched_geometry__seed11419,11419,14065,1,1.2153775958556015
Wall,jepa_wm_wall,53,6,fidelity_constrained_matched_geometry,fidelity_constrained_matched_geometry__seed11419,11419,14065,3,2.0519040507769306
Wall,jepa_wm_wall,53,6,fidelity_constrained_matched_geometry,fidelity_constrained_matched_geometry__seed11419,11419,14065,6,2.156892942136856
Wall,jepa_wm_wall,54,6,fidelity_constrained_matched_geometry,fidelity_constrained_matched_geometry__seed11419,11419,14065,1,1.9208006615206354
Wall,jepa_wm_wall,54,6,fidelity_constrained_matched_geometry,fidelity_constrained_matched_geometry__seed11419,11419,14065,3,2.2066079173181024
Wall,jepa_wm_wall,54,6,fidelity_constrained_matched_geometry,fidelity_constrained_matched_geometry__seed11419,11419,14065,6,2.407315659022447
Wall,jepa_wm_wall,55,6,fidelity_constrained_matched_geometry,fidelity_constrained_matched_geometry__seed11419,11419,14065,1,1.4343590208174815
Wall,jepa_wm_wall,55,6,fidelity_constrained_matched_geometry,fidelity_constrained_matched_geometry__seed11419,11419,14065,3,1.9865752830251646
Wall,jepa_wm_wall,55,6,fidelity_constrained_matched_geometry,fidelity_constrained_matched_geometry__seed11419,11419,14065,6,2.3928892093040295
Wall,jepa_wm_wall,8,1,fidelity_constrained_latent_only,fidelity_constrained_latent_only__seed11437,11437,14065,1,1.7003043322342544
Wall,jepa_wm_wall,8,1,fidelity_constrained_latent_only,fidelity_constrained_latent_only__seed11437,11437,14065,3,1.8910212568247777
Wall,jepa_wm_wall,8,1,fidelity_constrained_latent_only,fidelity_constrained_latent_only__seed11437,11437,14065,6,1.9363537746631814
Wall,jepa_wm_wall,9,1,fidelity_constrained_latent_only,fidelity_constrained_latent_only__seed11437,11437,14065,1,0.9842282162970972
Wall,jepa_wm_wall,9,1,fidelity_constrained_latent_only,fidelity_constrained_latent_only__seed11437,11437,14065,3,1.666258679911708
Wall,jepa_wm_wall,9,1,fidelity_constrained_latent_only,fidelity_constrained_latent_only__seed11437,11437,14065,6,1.9570200144386833
Wall,jepa_wm_wall,10,1,fidelity_constrained_latent_only,fidelity_constrained_latent_only__seed11437,11437,14065,1,1.605689937261899
Wall,jepa_wm_wall,10,1,fidelity_constrained_latent_only,fidelity_constrained_latent_only__seed11437,11437,14065,3,1.9142478538391805
Wall,jepa_wm_wall,10,1,fidelity_constrained_latent_only,fidelity_constrained_latent_only__seed11437,11437,14065,6,1.9205169830859001
Wall,jepa_wm_wall,11,1,fidelity_constrained_latent_only,fidelity_constrained_latent_only__seed11437,11437,14065,1,0.997609047357625
Wall,jepa_wm_wall,11,1,fidelity_constrained_latent_only,fidelity_constrained_latent_only__seed11437,11437,14065,3,1.8741771303893868
Wall,jepa_wm_wall,11,1,fidelity_constrained_latent_only,fidelity_constrained_latent_only__seed11437,11437,14065,6,2.077405383176048
Wall,jepa_wm_wall,12,1,fidelity_constrained_latent_only,fidelity_constrained_latent_only__seed11437,11437,14065,1,1.038677235502042
Wall,jepa_wm_wall,12,1,fidelity_constrained_latent_only,fidelity_constrained_latent_only__seed11437,11437,14065,3,1.5800469275927922
Wall,jepa_wm_wall,12,1,fidelity_constrained_latent_only,fidelity_constrained_latent_only__seed11437,11437,14065,6,2.1757767833852246
Wall,jepa_wm_wall,13,1,fidelity_constrained_latent_only,fidelity_constrained_latent_only__seed11437,11437,14065,1,1.3708247392546653
Wall,jepa_wm_wall,13,1,fidelity_constrained_latent_only,fidelity_constrained_latent_only__seed11437,11437,14065,3,1.8347674629201747
Wall,jepa_wm_wall,13,1,fidelity_constrained_latent_only,fidelity_constrained_latent_only__seed11437,11437,14065,6,2.1849114502244276
Wall,jepa_wm_wall,14,1,fidelity_constrained_latent_only,fidelity_constrained_latent_only__seed11437,11437,14065,1,0.9917220751022826
Wall,jepa_wm_wall,14,1,fidelity_constrained_latent_only,fidelity_constrained_latent_only__seed11437,11437,14065,3,1.7827240827956388
Wall,jepa_wm_wall,14,1,fidelity_constrained_latent_only,fidelity_constrained_latent_only__seed11437,11437,14065,6,1.9081235369796739
Wall,jepa_wm_wall,15,1,fidelity_constrained_latent_only,fidelity_constrained_latent_only__seed11437,11437,14065,1,1.294354989578281
Wall,jepa_wm_wall,15,1,fidelity_constrained_latent_only,fidelity_constrained_latent_only__seed11437,11437,14065,3,1.906295733306478
Wall,jepa_wm_wall,15,1,fidelity_constrained_latent_only,fidelity_constrained_latent_only__seed11437,11437,14065,6,2.272881917184208
Wall,jepa_wm_wall,16,2,fidelity_constrained_latent_only,fidelity_constrained_latent_only__seed11437,11437,14065,1,1.0953786085482156
Wall,jepa_wm_wall,16,2,fidelity_constrained_latent_only,fidelity_constrained_latent_only__seed11437,11437,14065,3,1.7984870742648016
Wall,jepa_wm_wall,16,2,fidelity_constrained_latent_only,fidelity_constrained_latent_only__seed11437,11437,14065,6,2.1201111586441863
Wall,jepa_wm_wall,17,2,fidelity_constrained_latent_only,fidelity_constrained_latent_only__seed11437,11437,14065,1,1.2489834484108906
Wall,jepa_wm_wall,17,2,fidelity_constrained_latent_only,fidelity_constrained_latent_only__seed11437,11437,14065,3,1.7490760525449132
Wall,jepa_wm_wall,17,2,fidelity_constrained_latent_only,fidelity_constrained_latent_only__seed11437,11437,14065,6,2.1527349513442906
Wall,jepa_wm_wall,18,2,fidelity_constrained_latent_only,fidelity_constrained_latent_only__seed11437,11437,14065,1,0.9544188900612752
Wall,jepa_wm_wall,18,2,fidelity_constrained_latent_only,fidelity_constrained_latent_only__seed11437,11437,14065,3,1.47898795329788
Wall,jepa_wm_wall,18,2,fidelity_constrained_latent_only,fidelity_constrained_latent_only__seed11437,11437,14065,6,1.989317110025039
Wall,jepa_wm_wall,19,2,fidelity_constrained_latent_only,fidelity_constrained_latent_only__seed11437,11437,14065,1,1.6487061058807597
Wall,jepa_wm_wall,19,2,fidelity_constrained_latent_only,fidelity_constrained_latent_only__seed11437,11437,14065,3,1.9769368622907098
Wall,jepa_wm_wall,19,2,fidelity_constrained_latent_only,fidelity_constrained_latent_only__seed11437,11437,14065,6,2.015459806218645
Wall,jepa_wm_wall,20,2,fidelity_constrained_latent_only,fidelity_constrained_latent_only__seed11437,11437,14065,1,1.6273977599376521
Wall,jepa_wm_wall,20,2,fidelity_constrained_latent_only,fidelity_constrained_latent_only__seed11437,11437,14065,3,1.9577142631550033
Wall,jepa_wm_wall,20,2,fidelity_constrained_latent_only,fidelity_constrained_latent_only__seed11437,11437,14065,6,2.123516793064576
Wall,jepa_wm_wall,21,2,fidelity_constrained_latent_only,fidelity_constrained_latent_only__seed11437,11437,14065,1,1.061802711760308
Wall,jepa_wm_wall,21,2,fidelity_constrained_latent_only,fidelity_constrained_latent_only__seed11437,11437,14065,3,1.5561083183180062
Wall,jepa_wm_wall,21,2,fidelity_constrained_latent_only,fidelity_constrained_latent_only__seed11437,11437,14065,6,2.085439221701239
Wall,jepa_wm_wall,22,2,fidelity_constrained_latent_only,fidelity_constrained_latent_only__seed11437,11437,14065,1,1.2704085549936588
Wall,jepa_wm_wall,22,2,fidelity_constrained_latent_only,fidelity_constrained_latent_only__seed11437,11437,14065,3,1.7845833582092323
Wall,jepa_wm_wall,22,2,fidelity_constrained_latent_only,fidelity_constrained_latent_only__seed11437,11437,14065,6,2.170112079724231
Wall,jepa_wm_wall,23,2,fidelity_constrained_latent_only,fidelity_constrained_latent_only__seed11437,11437,14065,1,0.9759794789493236
Wall,jepa_wm_wall,23,2,fidelity_constrained_latent_only,fidelity_constrained_latent_only__seed11437,11437,14065,3,1.7320205462269853
Wall,jepa_wm_wall,23,2,fidelity_constrained_latent_only,fidelity_constrained_latent_only__seed11437,11437,14065,6,2.0565006799597003
Wall,jepa_wm_wall,48,6,fidelity_constrained_latent_only,fidelity_constrained_latent_only__seed11437,11437,14065,1,1.5033467990579121
Wall,jepa_wm_wall,48,6,fidelity_constrained_latent_only,fidelity_constrained_latent_only__seed11437,11437,14065,3,2.227326346624727
Wall,jepa_wm_wall,48,6,fidelity_constrained_latent_only,fidelity_constrained_latent_only__seed11437,11437,14065,6,2.5050094698989382
Wall,jepa_wm_wall,49,6,fidelity_constrained_latent_only,fidelity_constrained_latent_only__seed11437,11437,14065,1,1.4650959229076046
Wall,jepa_wm_wall,49,6,fidelity_constrained_latent_only,fidelity_constrained_latent_only__seed11437,11437,14065,3,2.293132828814387
Wall,jepa_wm_wall,49,6,fidelity_constrained_latent_only,fidelity_constrained_latent_only__seed11437,11437,14065,6,2.4070907240919155
Wall,jepa_wm_wall,50,6,fidelity_constrained_latent_only,fidelity_constrained_latent_only__seed11437,11437,14065,1,1.7048234936397426
Wall,jepa_wm_wall,50,6,fidelity_constrained_latent_only,fidelity_constrained_latent_only__seed11437,11437,14065,3,2.141902822231865
Wall,jepa_wm_wall,50,6,fidelity_constrained_latent_only,fidelity_constrained_latent_only__seed11437,11437,14065,6,2.4377266687916226
Wall,jepa_wm_wall,51,6,fidelity_constrained_latent_only,fidelity_constrained_latent_only__seed11437,11437,14065,1,1.7833055977955048
Wall,jepa_wm_wall,51,6,fidelity_constrained_latent_only,fidelity_constrained_latent_only__seed11437,11437,14065,3,2.166750201845132
Wall,jepa_wm_wall,51,6,fidelity_constrained_latent_only,fidelity_constrained_latent_only__seed11437,11437,14065,6,2.353371679222048
Wall,jepa_wm_wall,52,6,fidelity_constrained_latent_only,fidelity_constrained_latent_only__seed11437,11437,14065,1,1.4787422016944816
Wall,jepa_wm_wall,52,6,fidelity_constrained_latent_only,fidelity_constrained_latent_only__seed11437,11437,14065,3,1.986758153459893
Wall,jepa_wm_wall,52,6,fidelity_constrained_latent_only,fidelity_constrained_latent_only__seed11437,11437,14065,6,2.5822606209090835
Wall,jepa_wm_wall,53,6,fidelity_constrained_latent_only,fidelity_constrained_latent_only__seed11437,11437,14065,1,1.1749693784583894
Wall,jepa_wm_wall,53,6,fidelity_constrained_latent_only,fidelity_constrained_latent_only__seed11437,11437,14065,3,1.98050625256071
Wall,jepa_wm_wall,53,6,fidelity_constrained_latent_only,fidelity_constrained_latent_only__seed11437,11437,14065,6,2.2587570421883605
Wall,jepa_wm_wall,54,6,fidelity_constrained_latent_only,fidelity_constrained_latent_only__seed11437,11437,14065,1,1.9334054068491648
Wall,jepa_wm_wall,54,6,fidelity_constrained_latent_only,fidelity_constrained_latent_only__seed11437,11437,14065,3,2.1910482277972005
Wall,jepa_wm_wall,54,6,fidelity_constrained_latent_only,fidelity_constrained_latent_only__seed11437,11437,14065,6,2.644383608880516
Wall,jepa_wm_wall,55,6,fidelity_constrained_latent_only,fidelity_constrained_latent_only__seed11437,11437,14065,1,1.4635075730745764
Wall,jepa_wm_wall,55,6,fidelity_constrained_latent_only,fidelity_constrained_latent_only__seed11437,11437,14065,3,1.840309541183742
Wall,jepa_wm_wall,55,6,fidelity_constrained_latent_only,fidelity_constrained_latent_only__seed11437,11437,14065,6,2.462141154537442
Wall,jepa_wm_wall,8,1,fidelity_constrained_shuffled_geometry,fidelity_constrained_shuffled_geometry__seed11437,11437,14065,1,1.7803726448949588
Wall,jepa_wm_wall,8,1,fidelity_constrained_shuffled_geometry,fidelity_constrained_shuffled_geometry__seed11437,11437,14065,3,1.8675825389385772
Wall,jepa_wm_wall,8,1,fidelity_constrained_shuffled_geometry,fidelity_constrained_shuffled_geometry__seed11437,11437,14065,6,1.7450260297291784
Wall,jepa_wm_wall,9,1,fidelity_constrained_shuffled_geometry,fidelity_constrained_shuffled_geometry__seed11437,11437,14065,1,0.9962953334730249
Wall,jepa_wm_wall,9,1,fidelity_constrained_shuffled_geometry,fidelity_constrained_shuffled_geometry__seed11437,11437,14065,3,1.8054122933344723
Wall,jepa_wm_wall,9,1,fidelity_constrained_shuffled_geometry,fidelity_constrained_shuffled_geometry__seed11437,11437,14065,6,1.8629732338889289
Wall,jepa_wm_wall,10,1,fidelity_constrained_shuffled_geometry,fidelity_constrained_shuffled_geometry__seed11437,11437,14065,1,1.6351571190069702
Wall,jepa_wm_wall,10,1,fidelity_constrained_shuffled_geometry,fidelity_constrained_shuffled_geometry__seed11437,11437,14065,3,1.9407115906944903
Wall,jepa_wm_wall,10,1,fidelity_constrained_shuffled_geometry,fidelity_constrained_shuffled_geometry__seed11437,11437,14065,6,1.8189048556201244
Wall,jepa_wm_wall,11,1,fidelity_constrained_shuffled_geometry,fidelity_constrained_shuffled_geometry__seed11437,11437,14065,1,1.0880356898038188
Wall,jepa_wm_wall,11,1,fidelity_constrained_shuffled_geometry,fidelity_constrained_shuffled_geometry__seed11437,11437,14065,3,1.9424577890405421
Wall,jepa_wm_wall,11,1,fidelity_constrained_shuffled_geometry,fidelity_constrained_shuffled_geometry__seed11437,11437,14065,6,1.8696317163702496
Wall,jepa_wm_wall,12,1,fidelity_constrained_shuffled_geometry,fidelity_constrained_shuffled_geometry__seed11437,11437,14065,1,1.0059956329254316
Wall,jepa_wm_wall,12,1,fidelity_constrained_shuffled_geometry,fidelity_constrained_shuffled_geometry__seed11437,11437,14065,3,1.7054015144202406
Wall,jepa_wm_wall,12,1,fidelity_constrained_shuffled_geometry,fidelity_constrained_shuffled_geometry__seed11437,11437,14065,6,2.0228103426504047
Wall,jepa_wm_wall,13,1,fidelity_constrained_shuffled_geometry,fidelity_constrained_shuffled_geometry__seed11437,11437,14065,1,1.5565707120766075
Wall,jepa_wm_wall,13,1,fidelity_constrained_shuffled_geometry,fidelity_constrained_shuffled_geometry__seed11437,11437,14065,3,1.776962679897084
Wall,jepa_wm_wall,13,1,fidelity_constrained_shuffled_geometry,fidelity_constrained_shuffled_geometry__seed11437,11437,14065,6,1.831146529197189
Wall,jepa_wm_wall,14,1,fidelity_constrained_shuffled_geometry,fidelity_constrained_shuffled_geometry__seed11437,11437,14065,1,0.9263533227417644
Wall,jepa_wm_wall,14,1,fidelity_constrained_shuffled_geometry,fidelity_constrained_shuffled_geometry__seed11437,11437,14065,3,1.8428301125349271
Wall,jepa_wm_wall,14,1,fidelity_constrained_shuffled_geometry,fidelity_constrained_shuffled_geometry__seed11437,11437,14065,6,1.7689071754986188
Wall,jepa_wm_wall,15,1,fidelity_constrained_shuffled_geometry,fidelity_constrained_shuffled_geometry__seed11437,11437,14065,1,1.3874548462136522
Wall,jepa_wm_wall,15,1,fidelity_constrained_shuffled_geometry,fidelity_constrained_shuffled_geometry__seed11437,11437,14065,3,2.0658554589935876
Wall,jepa_wm_wall,15,1,fidelity_constrained_shuffled_geometry,fidelity_constrained_shuffled_geometry__seed11437,11437,14065,6,1.9739343321512606
Wall,jepa_wm_wall,16,2,fidelity_constrained_shuffled_geometry,fidelity_constrained_shuffled_geometry__seed11437,11437,14065,1,1.04125023556135
Wall,jepa_wm_wall,16,2,fidelity_constrained_shuffled_geometry,fidelity_constrained_shuffled_geometry__seed11437,11437,14065,3,1.9758343322034846
Wall,jepa_wm_wall,16,2,fidelity_constrained_shuffled_geometry,fidelity_constrained_shuffled_geometry__seed11437,11437,14065,6,2.1053511265074967
Wall,jepa_wm_wall,17,2,fidelity_constrained_shuffled_geometry,fidelity_constrained_shuffled_geometry__seed11437,11437,14065,1,1.128685942560418
Wall,jepa_wm_wall,17,2,fidelity_constrained_shuffled_geometry,fidelity_constrained_shuffled_geometry__seed11437,11437,14065,3,1.744998386097484
Wall,jepa_wm_wall,17,2,fidelity_constrained_shuffled_geometry,fidelity_constrained_shuffled_geometry__seed11437,11437,14065,6,2.0475601722631716
Wall,jepa_wm_wall,18,2,fidelity_constrained_shuffled_geometry,fidelity_constrained_shuffled_geometry__seed11437,11437,14065,1,0.8664574885446641
Wall,jepa_wm_wall,18,2,fidelity_constrained_shuffled_geometry,fidelity_constrained_shuffled_geometry__seed11437,11437,14065,3,1.3831335744241784
Wall,jepa_wm_wall,18,2,fidelity_constrained_shuffled_geometry,fidelity_constrained_shuffled_geometry__seed11437,11437,14065,6,2.136213110097627
Wall,jepa_wm_wall,19,2,fidelity_constrained_shuffled_geometry,fidelity_constrained_shuffled_geometry__seed11437,11437,14065,1,1.6802236133419364
Wall,jepa_wm_wall,19,2,fidelity_constrained_shuffled_geometry,fidelity_constrained_shuffled_geometry__seed11437,11437,14065,3,2.049247704781662
Wall,jepa_wm_wall,19,2,fidelity_constrained_shuffled_geometry,fidelity_constrained_shuffled_geometry__seed11437,11437,14065,6,2.0690399948731804
Wall,jepa_wm_wall,20,2,fidelity_constrained_shuffled_geometry,fidelity_constrained_shuffled_geometry__seed11437,11437,14065,1,1.7751865912576943
Wall,jepa_wm_wall,20,2,fidelity_constrained_shuffled_geometry,fidelity_constrained_shuffled_geometry__seed11437,11437,14065,3,1.9230223744138106
Wall,jepa_wm_wall,20,2,fidelity_constrained_shuffled_geometry,fidelity_constrained_shuffled_geometry__seed11437,11437,14065,6,2.1157284277762516
Wall,jepa_wm_wall,21,2,fidelity_constrained_shuffled_geometry,fidelity_constrained_shuffled_geometry__seed11437,11437,14065,1,0.9227891016356553
Wall,jepa_wm_wall,21,2,fidelity_constrained_shuffled_geometry,fidelity_constrained_shuffled_geometry__seed11437,11437,14065,3,1.7301114987092183
Wall,jepa_wm_wall,21,2,fidelity_constrained_shuffled_geometry,fidelity_constrained_shuffled_geometry__seed11437,11437,14065,6,2.117459160744472
Wall,jepa_wm_wall,22,2,fidelity_constrained_shuffled_geometry,fidelity_constrained_shuffled_geometry__seed11437,11437,14065,1,1.1907999781584557
Wall,jepa_wm_wall,22,2,fidelity_constrained_shuffled_geometry,fidelity_constrained_shuffled_geometry__seed11437,11437,14065,3,1.7554213991548515
Wall,jepa_wm_wall,22,2,fidelity_constrained_shuffled_geometry,fidelity_constrained_shuffled_geometry__seed11437,11437,14065,6,2.0679795421097023
Wall,jepa_wm_wall,23,2,fidelity_constrained_shuffled_geometry,fidelity_constrained_shuffled_geometry__seed11437,11437,14065,1,0.9014740018988775
Wall,jepa_wm_wall,23,2,fidelity_constrained_shuffled_geometry,fidelity_constrained_shuffled_geometry__seed11437,11437,14065,3,1.799483765253353
Wall,jepa_wm_wall,23,2,fidelity_constrained_shuffled_geometry,fidelity_constrained_shuffled_geometry__seed11437,11437,14065,6,1.9639063245622599
Wall,jepa_wm_wall,48,6,fidelity_constrained_shuffled_geometry,fidelity_constrained_shuffled_geometry__seed11437,11437,14065,1,1.6148817182403918
Wall,jepa_wm_wall,48,6,fidelity_constrained_shuffled_geometry,fidelity_constrained_shuffled_geometry__seed11437,11437,14065,3,2.3752912075397403
Wall,jepa_wm_wall,48,6,fidelity_constrained_shuffled_geometry,fidelity_constrained_shuffled_geometry__seed11437,11437,14065,6,2.1967278892693236
Wall,jepa_wm_wall,49,6,fidelity_constrained_shuffled_geometry,fidelity_constrained_shuffled_geometry__seed11437,11437,14065,1,1.4952420212165622
Wall,jepa_wm_wall,49,6,fidelity_constrained_shuffled_geometry,fidelity_constrained_shuffled_geometry__seed11437,11437,14065,3,2.492305126468083
Wall,jepa_wm_wall,49,6,fidelity_constrained_shuffled_geometry,fidelity_constrained_shuffled_geometry__seed11437,11437,14065,6,2.1661847657842546
Wall,jepa_wm_wall,50,6,fidelity_constrained_shuffled_geometry,fidelity_constrained_shuffled_geometry__seed11437,11437,14065,1,1.7466183711003647
Wall,jepa_wm_wall,50,6,fidelity_constrained_shuffled_geometry,fidelity_constrained_shuffled_geometry__seed11437,11437,14065,3,2.1516907280776105
Wall,jepa_wm_wall,50,6,fidelity_constrained_shuffled_geometry,fidelity_constrained_shuffled_geometry__seed11437,11437,14065,6,2.241541236162755
Wall,jepa_wm_wall,51,6,fidelity_constrained_shuffled_geometry,fidelity_constrained_shuffled_geometry__seed11437,11437,14065,1,1.8825095543541714
Wall,jepa_wm_wall,51,6,fidelity_constrained_shuffled_geometry,fidelity_constrained_shuffled_geometry__seed11437,11437,14065,3,2.220238434740108
Wall,jepa_wm_wall,51,6,fidelity_constrained_shuffled_geometry,fidelity_constrained_shuffled_geometry__seed11437,11437,14065,6,2.1807684255898425
Wall,jepa_wm_wall,52,6,fidelity_constrained_shuffled_geometry,fidelity_constrained_shuffled_geometry__seed11437,11437,14065,1,1.4874502145720885
Wall,jepa_wm_wall,52,6,fidelity_constrained_shuffled_geometry,fidelity_constrained_shuffled_geometry__seed11437,11437,14065,3,2.1730492658928897
Wall,jepa_wm_wall,52,6,fidelity_constrained_shuffled_geometry,fidelity_constrained_shuffled_geometry__seed11437,11437,14065,6,2.4695654365066946
Wall,jepa_wm_wall,53,6,fidelity_constrained_shuffled_geometry,fidelity_constrained_shuffled_geometry__seed11437,11437,14065,1,1.238402075395347
Wall,jepa_wm_wall,53,6,fidelity_constrained_shuffled_geometry,fidelity_constrained_shuffled_geometry__seed11437,11437,14065,3,2.0744289869034542
Wall,jepa_wm_wall,53,6,fidelity_constrained_shuffled_geometry,fidelity_constrained_shuffled_geometry__seed11437,11437,14065,6,2.1608835995697797
Wall,jepa_wm_wall,54,6,fidelity_constrained_shuffled_geometry,fidelity_constrained_shuffled_geometry__seed11437,11437,14065,1,1.976988402747913
Wall,jepa_wm_wall,54,6,fidelity_constrained_shuffled_geometry,fidelity_constrained_shuffled_geometry__seed11437,11437,14065,3,2.2694205997632446
Wall,jepa_wm_wall,54,6,fidelity_constrained_shuffled_geometry,fidelity_constrained_shuffled_geometry__seed11437,11437,14065,6,2.355789014541859
Wall,jepa_wm_wall,55,6,fidelity_constrained_shuffled_geometry,fidelity_constrained_shuffled_geometry__seed11437,11437,14065,1,1.4583115458974873
Wall,jepa_wm_wall,55,6,fidelity_constrained_shuffled_geometry,fidelity_constrained_shuffled_geometry__seed11437,11437,14065,3,2.076837554812411
Wall,jepa_wm_wall,55,6,fidelity_constrained_shuffled_geometry,fidelity_constrained_shuffled_geometry__seed11437,11437,14065,6,2.3455645139331307
Wall,jepa_wm_wall,8,1,fidelity_constrained_matched_geometry,fidelity_constrained_matched_geometry__seed11437,11437,14065,1,1.746043063410488
Wall,jepa_wm_wall,8,1,fidelity_constrained_matched_geometry,fidelity_constrained_matched_geometry__seed11437,11437,14065,3,1.8077001313275134
Wall,jepa_wm_wall,8,1,fidelity_constrained_matched_geometry,fidelity_constrained_matched_geometry__seed11437,11437,14065,6,1.6934985202904544
Wall,jepa_wm_wall,9,1,fidelity_constrained_matched_geometry,fidelity_constrained_matched_geometry__seed11437,11437,14065,1,0.9503337556039506
Wall,jepa_wm_wall,9,1,fidelity_constrained_matched_geometry,fidelity_constrained_matched_geometry__seed11437,11437,14065,3,1.721075228706024
Wall,jepa_wm_wall,9,1,fidelity_constrained_matched_geometry,fidelity_constrained_matched_geometry__seed11437,11437,14065,6,1.8431025709853397
Wall,jepa_wm_wall,10,1,fidelity_constrained_matched_geometry,fidelity_constrained_matched_geometry__seed11437,11437,14065,1,1.6267426401696348
Wall,jepa_wm_wall,10,1,fidelity_constrained_matched_geometry,fidelity_constrained_matched_geometry__seed11437,11437,14065,3,1.8511365281496999
Wall,jepa_wm_wall,10,1,fidelity_constrained_matched_geometry,fidelity_constrained_matched_geometry__seed11437,11437,14065,6,1.7494720919191158
Wall,jepa_wm_wall,11,1,fidelity_constrained_matched_geometry,fidelity_constrained_matched_geometry__seed11437,11437,14065,1,1.070146291642033
Wall,jepa_wm_wall,11,1,fidelity_constrained_matched_geometry,fidelity_constrained_matched_geometry__seed11437,11437,14065,3,1.860361197854037
Wall,jepa_wm_wall,11,1,fidelity_constrained_matched_geometry,fidelity_constrained_matched_geometry__seed11437,11437,14065,6,1.7802004906167845
Wall,jepa_wm_wall,12,1,fidelity_constrained_matched_geometry,fidelity_constrained_matched_geometry__seed11437,11437,14065,1,1.0039394732061568
Wall,jepa_wm_wall,12,1,fidelity_constrained_matched_geometry,fidelity_constrained_matched_geometry__seed11437,11437,14065,3,1.6350005600642492
Wall,jepa_wm_wall,12,1,fidelity_constrained_matched_geometry,fidelity_constrained_matched_geometry__seed11437,11437,14065,6,2.1371811426291507
Wall,jepa_wm_wall,13,1,fidelity_constrained_matched_geometry,fidelity_constrained_matched_geometry__seed11437,11437,14065,1,1.478200079996782
Wall,jepa_wm_wall,13,1,fidelity_constrained_matched_geometry,fidelity_constrained_matched_geometry__seed11437,11437,14065,3,1.6952867057561678
Wall,jepa_wm_wall,13,1,fidelity_constrained_matched_geometry,fidelity_constrained_matched_geometry__seed11437,11437,14065,6,1.9076323001125999
Wall,jepa_wm_wall,14,1,fidelity_constrained_matched_geometry,fidelity_constrained_matched_geometry__seed11437,11437,14065,1,0.9197002642016068
Wall,jepa_wm_wall,14,1,fidelity_constrained_matched_geometry,fidelity_constrained_matched_geometry__seed11437,11437,14065,3,1.820684989884094
Wall,jepa_wm_wall,14,1,fidelity_constrained_matched_geometry,fidelity_constrained_matched_geometry__seed11437,11437,14065,6,1.7314751950518474
Wall,jepa_wm_wall,15,1,fidelity_constrained_matched_geometry,fidelity_constrained_matched_geometry__seed11437,11437,14065,1,1.3821835229971455
Wall,jepa_wm_wall,15,1,fidelity_constrained_matched_geometry,fidelity_constrained_matched_geometry__seed11437,11437,14065,3,2.036629950086749
Wall,jepa_wm_wall,15,1,fidelity_constrained_matched_geometry,fidelity_constrained_matched_geometry__seed11437,11437,14065,6,2.0760398885479834
Wall,jepa_wm_wall,16,2,fidelity_constrained_matched_geometry,fidelity_constrained_matched_geometry__seed11437,11437,14065,1,1.0567191574552575
Wall,jepa_wm_wall,16,2,fidelity_constrained_matched_geometry,fidelity_constrained_matched_geometry__seed11437,11437,14065,3,1.8206885163347797
Wall,jepa_wm_wall,16,2,fidelity_constrained_matched_geometry,fidelity_constrained_matched_geometry__seed11437,11437,14065,6,2.0810110080756883
Wall,jepa_wm_wall,17,2,fidelity_constrained_matched_geometry,fidelity_constrained_matched_geometry__seed11437,11437,14065,1,1.1364712709798215
Wall,jepa_wm_wall,17,2,fidelity_constrained_matched_geometry,fidelity_constrained_matched_geometry__seed11437,11437,14065,3,1.7333729725217368
Wall,jepa_wm_wall,17,2,fidelity_constrained_matched_geometry,fidelity_constrained_matched_geometry__seed11437,11437,14065,6,2.0205346237413675
Wall,jepa_wm_wall,18,2,fidelity_constrained_matched_geometry,fidelity_constrained_matched_geometry__seed11437,11437,14065,1,0.9130541047062659
Wall,jepa_wm_wall,18,2,fidelity_constrained_matched_geometry,fidelity_constrained_matched_geometry__seed11437,11437,14065,3,1.333310780701538
Wall,jepa_wm_wall,18,2,fidelity_constrained_matched_geometry,fidelity_constrained_matched_geometry__seed11437,11437,14065,6,2.083769786385063
Wall,jepa_wm_wall,19,2,fidelity_constrained_matched_geometry,fidelity_constrained_matched_geometry__seed11437,11437,14065,1,1.6545180311736842
Wall,jepa_wm_wall,19,2,fidelity_constrained_matched_geometry,fidelity_constrained_matched_geometry__seed11437,11437,14065,3,1.971081183866805
Wall,jepa_wm_wall,19,2,fidelity_constrained_matched_geometry,fidelity_constrained_matched_geometry__seed11437,11437,14065,6,1.9910263939961534
Wall,jepa_wm_wall,20,2,fidelity_constrained_matched_geometry,fidelity_constrained_matched_geometry__seed11437,11437,14065,1,1.7640566093446772
Wall,jepa_wm_wall,20,2,fidelity_constrained_matched_geometry,fidelity_constrained_matched_geometry__seed11437,11437,14065,3,1.8706379855552908
Wall,jepa_wm_wall,20,2,fidelity_constrained_matched_geometry,fidelity_constrained_matched_geometry__seed11437,11437,14065,6,2.0413514594432836
Wall,jepa_wm_wall,21,2,fidelity_constrained_matched_geometry,fidelity_constrained_matched_geometry__seed11437,11437,14065,1,0.910751021935482
Wall,jepa_wm_wall,21,2,fidelity_constrained_matched_geometry,fidelity_constrained_matched_geometry__seed11437,11437,14065,3,1.6904809780732752
Wall,jepa_wm_wall,21,2,fidelity_constrained_matched_geometry,fidelity_constrained_matched_geometry__seed11437,11437,14065,6,2.069734841607238
Wall,jepa_wm_wall,22,2,fidelity_constrained_matched_geometry,fidelity_constrained_matched_geometry__seed11437,11437,14065,1,1.1900562635800127
Wall,jepa_wm_wall,22,2,fidelity_constrained_matched_geometry,fidelity_constrained_matched_geometry__seed11437,11437,14065,3,1.7370477480070774
Wall,jepa_wm_wall,22,2,fidelity_constrained_matched_geometry,fidelity_constrained_matched_geometry__seed11437,11437,14065,6,2.033241199854645
Wall,jepa_wm_wall,23,2,fidelity_constrained_matched_geometry,fidelity_constrained_matched_geometry__seed11437,11437,14065,1,0.9317473607338408
Wall,jepa_wm_wall,23,2,fidelity_constrained_matched_geometry,fidelity_constrained_matched_geometry__seed11437,11437,14065,3,1.7314539789301528
Wall,jepa_wm_wall,23,2,fidelity_constrained_matched_geometry,fidelity_constrained_matched_geometry__seed11437,11437,14065,6,1.9705818698372732
Wall,jepa_wm_wall,48,6,fidelity_constrained_matched_geometry,fidelity_constrained_matched_geometry__seed11437,11437,14065,1,1.563969117626678
Wall,jepa_wm_wall,48,6,fidelity_constrained_matched_geometry,fidelity_constrained_matched_geometry__seed11437,11437,14065,3,2.2903147676685203
Wall,jepa_wm_wall,48,6,fidelity_constrained_matched_geometry,fidelity_constrained_matched_geometry__seed11437,11437,14065,6,2.1704453720074626
Wall,jepa_wm_wall,49,6,fidelity_constrained_matched_geometry,fidelity_constrained_matched_geometry__seed11437,11437,14065,1,1.4899256907689233
Wall,jepa_wm_wall,49,6,fidelity_constrained_matched_geometry,fidelity_constrained_matched_geometry__seed11437,11437,14065,3,2.4104411623434316
Wall,jepa_wm_wall,49,6,fidelity_constrained_matched_geometry,fidelity_constrained_matched_geometry__seed11437,11437,14065,6,2.1198527987165323
Wall,jepa_wm_wall,50,6,fidelity_constrained_matched_geometry,fidelity_constrained_matched_geometry__seed11437,11437,14065,1,1.696990654514744
Wall,jepa_wm_wall,50,6,fidelity_constrained_matched_geometry,fidelity_constrained_matched_geometry__seed11437,11437,14065,3,2.0937025736374197
Wall,jepa_wm_wall,50,6,fidelity_constrained_matched_geometry,fidelity_constrained_matched_geometry__seed11437,11437,14065,6,2.288368977929042
Wall,jepa_wm_wall,51,6,fidelity_constrained_matched_geometry,fidelity_constrained_matched_geometry__seed11437,11437,14065,1,1.8471417917639905
Wall,jepa_wm_wall,51,6,fidelity_constrained_matched_geometry,fidelity_constrained_matched_geometry__seed11437,11437,14065,3,2.120860439621489
Wall,jepa_wm_wall,51,6,fidelity_constrained_matched_geometry,fidelity_constrained_matched_geometry__seed11437,11437,14065,6,2.1301964943471368
Wall,jepa_wm_wall,52,6,fidelity_constrained_matched_geometry,fidelity_constrained_matched_geometry__seed11437,11437,14065,1,1.4601391484727377
Wall,jepa_wm_wall,52,6,fidelity_constrained_matched_geometry,fidelity_constrained_matched_geometry__seed11437,11437,14065,3,2.082879985986349
Wall,jepa_wm_wall,52,6,fidelity_constrained_matched_geometry,fidelity_constrained_matched_geometry__seed11437,11437,14065,6,2.4695042019684315
Wall,jepa_wm_wall,53,6,fidelity_constrained_matched_geometry,fidelity_constrained_matched_geometry__seed11437,11437,14065,1,1.21167294122227
Wall,jepa_wm_wall,53,6,fidelity_constrained_matched_geometry,fidelity_constrained_matched_geometry__seed11437,11437,14065,3,2.0417694790974483
Wall,jepa_wm_wall,53,6,fidelity_constrained_matched_geometry,fidelity_constrained_matched_geometry__seed11437,11437,14065,6,2.1350688900930557
Wall,jepa_wm_wall,54,6,fidelity_constrained_matched_geometry,fidelity_constrained_matched_geometry__seed11437,11437,14065,1,1.9132226113194168
Wall,jepa_wm_wall,54,6,fidelity_constrained_matched_geometry,fidelity_constrained_matched_geometry__seed11437,11437,14065,3,2.1937809207683583
Wall,jepa_wm_wall,54,6,fidelity_constrained_matched_geometry,fidelity_constrained_matched_geometry__seed11437,11437,14065,6,2.386638595595952
Wall,jepa_wm_wall,55,6,fidelity_constrained_matched_geometry,fidelity_constrained_matched_geometry__seed11437,11437,14065,1,1.4328725799757482
Wall,jepa_wm_wall,55,6,fidelity_constrained_matched_geometry,fidelity_constrained_matched_geometry__seed11437,11437,14065,3,1.967781709524662
Wall,jepa_wm_wall,55,6,fidelity_constrained_matched_geometry,fidelity_constrained_matched_geometry__seed11437,11437,14065,6,2.340308987685506
Wall,jepa_wm_wall,8,1,frozen,frozen,-1,14083,1,1.9916138180886789
Wall,jepa_wm_wall,8,1,frozen,frozen,-1,14083,3,1.9706295103160725
Wall,jepa_wm_wall,8,1,frozen,frozen,-1,14083,6,1.9489994938243502
Wall,jepa_wm_wall,9,1,frozen,frozen,-1,14083,1,1.0319143960898793
Wall,jepa_wm_wall,9,1,frozen,frozen,-1,14083,3,2.0128743355543928
Wall,jepa_wm_wall,9,1,frozen,frozen,-1,14083,6,2.0201366095465323
Wall,jepa_wm_wall,10,1,frozen,frozen,-1,14083,1,1.8079327313273676
Wall,jepa_wm_wall,10,1,frozen,frozen,-1,14083,3,2.0187548180320536
Wall,jepa_wm_wall,10,1,frozen,frozen,-1,14083,6,1.8352460841085818
Wall,jepa_wm_wall,11,1,frozen,frozen,-1,14083,1,1.1495684792203966
Wall,jepa_wm_wall,11,1,frozen,frozen,-1,14083,3,2.064823091904029
Wall,jepa_wm_wall,11,1,frozen,frozen,-1,14083,6,1.9072817084333085
Wall,jepa_wm_wall,12,1,frozen,frozen,-1,14083,1,1.0373613955858285
Wall,jepa_wm_wall,12,1,frozen,frozen,-1,14083,3,1.795946363876967
Wall,jepa_wm_wall,12,1,frozen,frozen,-1,14083,6,2.1507291068943024
Wall,jepa_wm_wall,13,1,frozen,frozen,-1,14083,1,1.6439531106549956
Wall,jepa_wm_wall,13,1,frozen,frozen,-1,14083,3,1.8795374037840988
Wall,jepa_wm_wall,13,1,frozen,frozen,-1,14083,6,1.822906280171221
Wall,jepa_wm_wall,14,1,frozen,frozen,-1,14083,1,0.9951442885728976
Wall,jepa_wm_wall,14,1,frozen,frozen,-1,14083,3,1.980127250487962
Wall,jepa_wm_wall,14,1,frozen,frozen,-1,14083,6,1.842877110909262
Wall,jepa_wm_wall,15,1,frozen,frozen,-1,14083,1,1.4950153608847363
Wall,jepa_wm_wall,15,1,frozen,frozen,-1,14083,3,2.1775232613488553
Wall,jepa_wm_wall,15,1,frozen,frozen,-1,14083,6,2.160718667885945
Wall,jepa_wm_wall,16,2,frozen,frozen,-1,14083,1,1.165527431523653
Wall,jepa_wm_wall,16,2,frozen,frozen,-1,14083,3,1.9100831425713534
Wall,jepa_wm_wall,16,2,frozen,frozen,-1,14083,6,2.2905019171499195
Wall,jepa_wm_wall,17,2,frozen,frozen,-1,14083,1,1.2269743418071903
Wall,jepa_wm_wall,17,2,frozen,frozen,-1,14083,3,2.011706198950436
Wall,jepa_wm_wall,17,2,frozen,frozen,-1,14083,6,2.262919761331332
Wall,jepa_wm_wall,18,2,frozen,frozen,-1,14083,1,0.824246599863987
Wall,jepa_wm_wall,18,2,frozen,frozen,-1,14083,3,1.4498626845694556
Wall,jepa_wm_wall,18,2,frozen,frozen,-1,14083,6,2.1855807587669043
Wall,jepa_wm_wall,19,2,frozen,frozen,-1,14083,1,1.8547229664631337
Wall,jepa_wm_wall,19,2,frozen,frozen,-1,14083,3,2.0707015946991243
Wall,jepa_wm_wall,19,2,frozen,frozen,-1,14083,6,2.0527782180319174
Wall,jepa_wm_wall,20,2,frozen,frozen,-1,14083,1,1.6725007479760927
Wall,jepa_wm_wall,20,2,frozen,frozen,-1,14083,3,2.1735983833872576
Wall,jepa_wm_wall,20,2,frozen,frozen,-1,14083,6,2.251590423731025
Wall,jepa_wm_wall,21,2,frozen,frozen,-1,14083,1,0.9952813535172454
Wall,jepa_wm_wall,21,2,frozen,frozen,-1,14083,3,1.836345042727031
Wall,jepa_wm_wall,21,2,frozen,frozen,-1,14083,6,2.2366273619223533
Wall,jepa_wm_wall,22,2,frozen,frozen,-1,14083,1,1.256389317117043
Wall,jepa_wm_wall,22,2,frozen,frozen,-1,14083,3,2.020015865960178
Wall,jepa_wm_wall,22,2,frozen,frozen,-1,14083,6,2.309640459215649
Wall,jepa_wm_wall,23,2,frozen,frozen,-1,14083,1,1.018477929888679
Wall,jepa_wm_wall,23,2,frozen,frozen,-1,14083,3,1.9505676147236906
Wall,jepa_wm_wall,23,2,frozen,frozen,-1,14083,6,2.1344275562288857
Wall,jepa_wm_wall,48,6,frozen,frozen,-1,14083,1,1.817957618888845
Wall,jepa_wm_wall,48,6,frozen,frozen,-1,14083,3,2.60540783646431
Wall,jepa_wm_wall,48,6,frozen,frozen,-1,14083,6,2.499072541178135
Wall,jepa_wm_wall,49,6,frozen,frozen,-1,14083,1,1.756906852652706
Wall,jepa_wm_wall,49,6,frozen,frozen,-1,14083,3,2.6326462602754783
Wall,jepa_wm_wall,49,6,frozen,frozen,-1,14083,6,2.4167251845546383
Wall,jepa_wm_wall,50,6,frozen,frozen,-1,14083,1,1.9027721769817996
Wall,jepa_wm_wall,50,6,frozen,frozen,-1,14083,3,2.430873296530973
Wall,jepa_wm_wall,50,6,frozen,frozen,-1,14083,6,2.5035118053138845
Wall,jepa_wm_wall,51,6,frozen,frozen,-1,14083,1,2.1202267895231874
Wall,jepa_wm_wall,51,6,frozen,frozen,-1,14083,3,2.49221459988071
Wall,jepa_wm_wall,51,6,frozen,frozen,-1,14083,6,2.2889263875824666
Wall,jepa_wm_wall,52,6,frozen,frozen,-1,14083,1,1.7669003507499506
Wall,jepa_wm_wall,52,6,frozen,frozen,-1,14083,3,2.610907920756764
Wall,jepa_wm_wall,52,6,frozen,frozen,-1,14083,6,2.553462980721466
Wall,jepa_wm_wall,53,6,frozen,frozen,-1,14083,1,1.3600115555379084
Wall,jepa_wm_wall,53,6,frozen,frozen,-1,14083,3,2.4223722714126685
Wall,jepa_wm_wall,53,6,frozen,frozen,-1,14083,6,2.34887758554724
Wall,jepa_wm_wall,54,6,frozen,frozen,-1,14083,1,2.0080419805246073
Wall,jepa_wm_wall,54,6,frozen,frozen,-1,14083,3,2.5402196839552285
Wall,jepa_wm_wall,54,6,frozen,frozen,-1,14083,6,2.588579578873517
Wall,jepa_wm_wall,55,6,frozen,frozen,-1,14083,1,1.5511816047056028
Wall,jepa_wm_wall,55,6,frozen,frozen,-1,14083,3,2.4630912432895715
Wall,jepa_wm_wall,55,6,frozen,frozen,-1,14083,6,2.6748682657930316
Wall,jepa_wm_wall,8,1,fidelity_constrained_latent_only,fidelity_constrained_latent_only__seed11401,11401,14083,1,1.749746694335499
Wall,jepa_wm_wall,8,1,fidelity_constrained_latent_only,fidelity_constrained_latent_only__seed11401,11401,14083,3,1.8951435677683703
Wall,jepa_wm_wall,8,1,fidelity_constrained_latent_only,fidelity_constrained_latent_only__seed11401,11401,14083,6,2.0179437321065814
Wall,jepa_wm_wall,9,1,fidelity_constrained_latent_only,fidelity_constrained_latent_only__seed11401,11401,14083,1,0.9232415674324479
Wall,jepa_wm_wall,9,1,fidelity_constrained_latent_only,fidelity_constrained_latent_only__seed11401,11401,14083,3,1.7278841834266678
Wall,jepa_wm_wall,9,1,fidelity_constrained_latent_only,fidelity_constrained_latent_only__seed11401,11401,14083,6,1.8616901899458103
Wall,jepa_wm_wall,10,1,fidelity_constrained_latent_only,fidelity_constrained_latent_only__seed11401,11401,14083,1,1.6830005559590306
Wall,jepa_wm_wall,10,1,fidelity_constrained_latent_only,fidelity_constrained_latent_only__seed11401,11401,14083,3,1.8464360543682883
Wall,jepa_wm_wall,10,1,fidelity_constrained_latent_only,fidelity_constrained_latent_only__seed11401,11401,14083,6,1.9304383207190894
Wall,jepa_wm_wall,11,1,fidelity_constrained_latent_only,fidelity_constrained_latent_only__seed11401,11401,14083,1,1.0796055449169322
Wall,jepa_wm_wall,11,1,fidelity_constrained_latent_only,fidelity_constrained_latent_only__seed11401,11401,14083,3,1.9024368112814596
Wall,jepa_wm_wall,11,1,fidelity_constrained_latent_only,fidelity_constrained_latent_only__seed11401,11401,14083,6,1.9135322585430805
Wall,jepa_wm_wall,12,1,fidelity_constrained_latent_only,fidelity_constrained_latent_only__seed11401,11401,14083,1,0.9222293159904167
Wall,jepa_wm_wall,12,1,fidelity_constrained_latent_only,fidelity_constrained_latent_only__seed11401,11401,14083,3,1.5356368693003088
Wall,jepa_wm_wall,12,1,fidelity_constrained_latent_only,fidelity_constrained_latent_only__seed11401,11401,14083,6,2.1597643570287857
Wall,jepa_wm_wall,13,1,fidelity_constrained_latent_only,fidelity_constrained_latent_only__seed11401,11401,14083,1,1.3816462103472829
Wall,jepa_wm_wall,13,1,fidelity_constrained_latent_only,fidelity_constrained_latent_only__seed11401,11401,14083,3,1.8145786059828142
Wall,jepa_wm_wall,13,1,fidelity_constrained_latent_only,fidelity_constrained_latent_only__seed11401,11401,14083,6,1.9853253320787412
Wall,jepa_wm_wall,14,1,fidelity_constrained_latent_only,fidelity_constrained_latent_only__seed11401,11401,14083,1,0.9526994419368634
Wall,jepa_wm_wall,14,1,fidelity_constrained_latent_only,fidelity_constrained_latent_only__seed11401,11401,14083,3,1.8476244935720654
Wall,jepa_wm_wall,14,1,fidelity_constrained_latent_only,fidelity_constrained_latent_only__seed11401,11401,14083,6,1.7900833096982558
Wall,jepa_wm_wall,15,1,fidelity_constrained_latent_only,fidelity_constrained_latent_only__seed11401,11401,14083,1,1.270406099149475
Wall,jepa_wm_wall,15,1,fidelity_constrained_latent_only,fidelity_constrained_latent_only__seed11401,11401,14083,3,1.983059337592614
Wall,jepa_wm_wall,15,1,fidelity_constrained_latent_only,fidelity_constrained_latent_only__seed11401,11401,14083,6,2.2508604313457385
Wall,jepa_wm_wall,16,2,fidelity_constrained_latent_only,fidelity_constrained_latent_only__seed11401,11401,14083,1,1.107507680575766
Wall,jepa_wm_wall,16,2,fidelity_constrained_latent_only,fidelity_constrained_latent_only__seed11401,11401,14083,3,1.8126537551408042
Wall,jepa_wm_wall,16,2,fidelity_constrained_latent_only,fidelity_constrained_latent_only__seed11401,11401,14083,6,2.0934137555592462
Wall,jepa_wm_wall,17,2,fidelity_constrained_latent_only,fidelity_constrained_latent_only__seed11401,11401,14083,1,1.3024029633957783
Wall,jepa_wm_wall,17,2,fidelity_constrained_latent_only,fidelity_constrained_latent_only__seed11401,11401,14083,3,1.645548372581601
Wall,jepa_wm_wall,17,2,fidelity_constrained_latent_only,fidelity_constrained_latent_only__seed11401,11401,14083,6,2.092026606366683
Wall,jepa_wm_wall,18,2,fidelity_constrained_latent_only,fidelity_constrained_latent_only__seed11401,11401,14083,1,1.0152519647860938
Wall,jepa_wm_wall,18,2,fidelity_constrained_latent_only,fidelity_constrained_latent_only__seed11401,11401,14083,3,1.541986664085232
Wall,jepa_wm_wall,18,2,fidelity_constrained_latent_only,fidelity_constrained_latent_only__seed11401,11401,14083,6,2.1371780965771685
Wall,jepa_wm_wall,19,2,fidelity_constrained_latent_only,fidelity_constrained_latent_only__seed11401,11401,14083,1,1.7385750738197414
Wall,jepa_wm_wall,19,2,fidelity_constrained_latent_only,fidelity_constrained_latent_only__seed11401,11401,14083,3,1.8893264870518363
Wall,jepa_wm_wall,19,2,fidelity_constrained_latent_only,fidelity_constrained_latent_only__seed11401,11401,14083,6,1.9339196337142255
Wall,jepa_wm_wall,20,2,fidelity_constrained_latent_only,fidelity_constrained_latent_only__seed11401,11401,14083,1,1.6091805337580982
Wall,jepa_wm_wall,20,2,fidelity_constrained_latent_only,fidelity_constrained_latent_only__seed11401,11401,14083,3,1.9990260898117638
Wall,jepa_wm_wall,20,2,fidelity_constrained_latent_only,fidelity_constrained_latent_only__seed11401,11401,14083,6,2.1309408450642104
Wall,jepa_wm_wall,21,2,fidelity_constrained_latent_only,fidelity_constrained_latent_only__seed11401,11401,14083,1,1.0621545598932178
Wall,jepa_wm_wall,21,2,fidelity_constrained_latent_only,fidelity_constrained_latent_only__seed11401,11401,14083,3,1.5286506166979716
Wall,jepa_wm_wall,21,2,fidelity_constrained_latent_only,fidelity_constrained_latent_only__seed11401,11401,14083,6,2.1284185638862865
Wall,jepa_wm_wall,22,2,fidelity_constrained_latent_only,fidelity_constrained_latent_only__seed11401,11401,14083,1,1.2667207586917655
Wall,jepa_wm_wall,22,2,fidelity_constrained_latent_only,fidelity_constrained_latent_only__seed11401,11401,14083,3,1.662840056247858
Wall,jepa_wm_wall,22,2,fidelity_constrained_latent_only,fidelity_constrained_latent_only__seed11401,11401,14083,6,2.1536501313876486
Wall,jepa_wm_wall,23,2,fidelity_constrained_latent_only,fidelity_constrained_latent_only__seed11401,11401,14083,1,1.0715236832681705
Wall,jepa_wm_wall,23,2,fidelity_constrained_latent_only,fidelity_constrained_latent_only__seed11401,11401,14083,3,1.7841885615658761
Wall,jepa_wm_wall,23,2,fidelity_constrained_latent_only,fidelity_constrained_latent_only__seed11401,11401,14083,6,2.023249959791463
Wall,jepa_wm_wall,48,6,fidelity_constrained_latent_only,fidelity_constrained_latent_only__seed11401,11401,14083,1,1.373389753358524
Wall,jepa_wm_wall,48,6,fidelity_constrained_latent_only,fidelity_constrained_latent_only__seed11401,11401,14083,3,2.361025599782785
Wall,jepa_wm_wall,48,6,fidelity_constrained_latent_only,fidelity_constrained_latent_only__seed11401,11401,14083,6,2.637162953040389
Wall,jepa_wm_wall,49,6,fidelity_constrained_latent_only,fidelity_constrained_latent_only__seed11401,11401,14083,1,1.4499643904205788
Wall,jepa_wm_wall,49,6,fidelity_constrained_latent_only,fidelity_constrained_latent_only__seed11401,11401,14083,3,2.387350545521117
Wall,jepa_wm_wall,49,6,fidelity_constrained_latent_only,fidelity_constrained_latent_only__seed11401,11401,14083,6,2.6624544230420564
Wall,jepa_wm_wall,50,6,fidelity_constrained_latent_only,fidelity_constrained_latent_only__seed11401,11401,14083,1,1.5669326776448915
Wall,jepa_wm_wall,50,6,fidelity_constrained_latent_only,fidelity_constrained_latent_only__seed11401,11401,14083,3,2.1682256486536278
Wall,jepa_wm_wall,50,6,fidelity_constrained_latent_only,fidelity_constrained_latent_only__seed11401,11401,14083,6,2.5382705043906197
Wall,jepa_wm_wall,51,6,fidelity_constrained_latent_only,fidelity_constrained_latent_only__seed11401,11401,14083,1,1.736033735901466
Wall,jepa_wm_wall,51,6,fidelity_constrained_latent_only,fidelity_constrained_latent_only__seed11401,11401,14083,3,2.2352860820710694
Wall,jepa_wm_wall,51,6,fidelity_constrained_latent_only,fidelity_constrained_latent_only__seed11401,11401,14083,6,2.4591510137172503
Wall,jepa_wm_wall,52,6,fidelity_constrained_latent_only,fidelity_constrained_latent_only__seed11401,11401,14083,1,1.4602360509668695
Wall,jepa_wm_wall,52,6,fidelity_constrained_latent_only,fidelity_constrained_latent_only__seed11401,11401,14083,3,2.0910658521488075
Wall,jepa_wm_wall,52,6,fidelity_constrained_latent_only,fidelity_constrained_latent_only__seed11401,11401,14083,6,2.5132224741357865
Wall,jepa_wm_wall,53,6,fidelity_constrained_latent_only,fidelity_constrained_latent_only__seed11401,11401,14083,1,1.0975637305445722
Wall,jepa_wm_wall,53,6,fidelity_constrained_latent_only,fidelity_constrained_latent_only__seed11401,11401,14083,3,2.057999332841383
Wall,jepa_wm_wall,53,6,fidelity_constrained_latent_only,fidelity_constrained_latent_only__seed11401,11401,14083,6,2.552142980930986
Wall,jepa_wm_wall,54,6,fidelity_constrained_latent_only,fidelity_constrained_latent_only__seed11401,11401,14083,1,1.6562082553401225
Wall,jepa_wm_wall,54,6,fidelity_constrained_latent_only,fidelity_constrained_latent_only__seed11401,11401,14083,3,2.1914422263393263
Wall,jepa_wm_wall,54,6,fidelity_constrained_latent_only,fidelity_constrained_latent_only__seed11401,11401,14083,6,2.612617749782503
Wall,jepa_wm_wall,55,6,fidelity_constrained_latent_only,fidelity_constrained_latent_only__seed11401,11401,14083,1,1.3332181274084833
Wall,jepa_wm_wall,55,6,fidelity_constrained_latent_only,fidelity_constrained_latent_only__seed11401,11401,14083,3,2.028110189461905
Wall,jepa_wm_wall,55,6,fidelity_constrained_latent_only,fidelity_constrained_latent_only__seed11401,11401,14083,6,2.6304898757161412
Wall,jepa_wm_wall,8,1,fidelity_constrained_shuffled_geometry,fidelity_constrained_shuffled_geometry__seed11401,11401,14083,1,1.8697182494469757
Wall,jepa_wm_wall,8,1,fidelity_constrained_shuffled_geometry,fidelity_constrained_shuffled_geometry__seed11401,11401,14083,3,1.8964136089090402
Wall,jepa_wm_wall,8,1,fidelity_constrained_shuffled_geometry,fidelity_constrained_shuffled_geometry__seed11401,11401,14083,6,1.7914172145431346
Wall,jepa_wm_wall,9,1,fidelity_constrained_shuffled_geometry,fidelity_constrained_shuffled_geometry__seed11401,11401,14083,1,0.9122759722963563
Wall,jepa_wm_wall,9,1,fidelity_constrained_shuffled_geometry,fidelity_constrained_shuffled_geometry__seed11401,11401,14083,3,1.9763911627127015
Wall,jepa_wm_wall,9,1,fidelity_constrained_shuffled_geometry,fidelity_constrained_shuffled_geometry__seed11401,11401,14083,6,1.8357257673087
Wall,jepa_wm_wall,10,1,fidelity_constrained_shuffled_geometry,fidelity_constrained_shuffled_geometry__seed11401,11401,14083,1,1.7177628246746415
Wall,jepa_wm_wall,10,1,fidelity_constrained_shuffled_geometry,fidelity_constrained_shuffled_geometry__seed11401,11401,14083,3,1.9616617101344298
Wall,jepa_wm_wall,10,1,fidelity_constrained_shuffled_geometry,fidelity_constrained_shuffled_geometry__seed11401,11401,14083,6,1.7941368181127892
Wall,jepa_wm_wall,11,1,fidelity_constrained_shuffled_geometry,fidelity_constrained_shuffled_geometry__seed11401,11401,14083,1,1.13005215334168
Wall,jepa_wm_wall,11,1,fidelity_constrained_shuffled_geometry,fidelity_constrained_shuffled_geometry__seed11401,11401,14083,3,2.00697880656821
Wall,jepa_wm_wall,11,1,fidelity_constrained_shuffled_geometry,fidelity_constrained_shuffled_geometry__seed11401,11401,14083,6,1.8538877724379703
Wall,jepa_wm_wall,12,1,fidelity_constrained_shuffled_geometry,fidelity_constrained_shuffled_geometry__seed11401,11401,14083,1,0.9950839788734341
Wall,jepa_wm_wall,12,1,fidelity_constrained_shuffled_geometry,fidelity_constrained_shuffled_geometry__seed11401,11401,14083,3,1.708302087925797
Wall,jepa_wm_wall,12,1,fidelity_constrained_shuffled_geometry,fidelity_constrained_shuffled_geometry__seed11401,11401,14083,6,1.9345435697970121
Wall,jepa_wm_wall,13,1,fidelity_constrained_shuffled_geometry,fidelity_constrained_shuffled_geometry__seed11401,11401,14083,1,1.5124495387591697
Wall,jepa_wm_wall,13,1,fidelity_constrained_shuffled_geometry,fidelity_constrained_shuffled_geometry__seed11401,11401,14083,3,1.8034856659076368
Wall,jepa_wm_wall,13,1,fidelity_constrained_shuffled_geometry,fidelity_constrained_shuffled_geometry__seed11401,11401,14083,6,1.6718901256593743
Wall,jepa_wm_wall,14,1,fidelity_constrained_shuffled_geometry,fidelity_constrained_shuffled_geometry__seed11401,11401,14083,1,0.9356727201532182
Wall,jepa_wm_wall,14,1,fidelity_constrained_shuffled_geometry,fidelity_constrained_shuffled_geometry__seed11401,11401,14083,3,1.834437614318285
Wall,jepa_wm_wall,14,1,fidelity_constrained_shuffled_geometry,fidelity_constrained_shuffled_geometry__seed11401,11401,14083,6,1.7495923458292901
Wall,jepa_wm_wall,15,1,fidelity_constrained_shuffled_geometry,fidelity_constrained_shuffled_geometry__seed11401,11401,14083,1,1.333601714130335
Wall,jepa_wm_wall,15,1,fidelity_constrained_shuffled_geometry,fidelity_constrained_shuffled_geometry__seed11401,11401,14083,3,2.0561020232422225
Wall,jepa_wm_wall,15,1,fidelity_constrained_shuffled_geometry,fidelity_constrained_shuffled_geometry__seed11401,11401,14083,6,1.9636569938309676
Wall,jepa_wm_wall,16,2,fidelity_constrained_shuffled_geometry,fidelity_constrained_shuffled_geometry__seed11401,11401,14083,1,1.16581988207925
Wall,jepa_wm_wall,16,2,fidelity_constrained_shuffled_geometry,fidelity_constrained_shuffled_geometry__seed11401,11401,14083,3,1.8725258324592968
Wall,jepa_wm_wall,16,2,fidelity_constrained_shuffled_geometry,fidelity_constrained_shuffled_geometry__seed11401,11401,14083,6,2.1302944004592166
Wall,jepa_wm_wall,17,2,fidelity_constrained_shuffled_geometry,fidelity_constrained_shuffled_geometry__seed11401,11401,14083,1,1.198344641551451
Wall,jepa_wm_wall,17,2,fidelity_constrained_shuffled_geometry,fidelity_constrained_shuffled_geometry__seed11401,11401,14083,3,1.8730235638830341
Wall,jepa_wm_wall,17,2,fidelity_constrained_shuffled_geometry,fidelity_constrained_shuffled_geometry__seed11401,11401,14083,6,2.1434205231261405
Wall,jepa_wm_wall,18,2,fidelity_constrained_shuffled_geometry,fidelity_constrained_shuffled_geometry__seed11401,11401,14083,1,0.8314497186111683
Wall,jepa_wm_wall,18,2,fidelity_constrained_shuffled_geometry,fidelity_constrained_shuffled_geometry__seed11401,11401,14083,3,1.445098149202522
Wall,jepa_wm_wall,18,2,fidelity_constrained_shuffled_geometry,fidelity_constrained_shuffled_geometry__seed11401,11401,14083,6,2.269298480730906
Wall,jepa_wm_wall,19,2,fidelity_constrained_shuffled_geometry,fidelity_constrained_shuffled_geometry__seed11401,11401,14083,1,1.7693949202811692
Wall,jepa_wm_wall,19,2,fidelity_constrained_shuffled_geometry,fidelity_constrained_shuffled_geometry__seed11401,11401,14083,3,2.0023062194214116
Wall,jepa_wm_wall,19,2,fidelity_constrained_shuffled_geometry,fidelity_constrained_shuffled_geometry__seed11401,11401,14083,6,1.9800538400723804
Wall,jepa_wm_wall,20,2,fidelity_constrained_shuffled_geometry,fidelity_constrained_shuffled_geometry__seed11401,11401,14083,1,1.622419697461099
Wall,jepa_wm_wall,20,2,fidelity_constrained_shuffled_geometry,fidelity_constrained_shuffled_geometry__seed11401,11401,14083,3,2.04991938812028
Wall,jepa_wm_wall,20,2,fidelity_constrained_shuffled_geometry,fidelity_constrained_shuffled_geometry__seed11401,11401,14083,6,2.1510772109293863
Wall,jepa_wm_wall,21,2,fidelity_constrained_shuffled_geometry,fidelity_constrained_shuffled_geometry__seed11401,11401,14083,1,0.9328646309510473
Wall,jepa_wm_wall,21,2,fidelity_constrained_shuffled_geometry,fidelity_constrained_shuffled_geometry__seed11401,11401,14083,3,1.7096955858965786
Wall,jepa_wm_wall,21,2,fidelity_constrained_shuffled_geometry,fidelity_constrained_shuffled_geometry__seed11401,11401,14083,6,2.045144328997212
Wall,jepa_wm_wall,22,2,fidelity_constrained_shuffled_geometry,fidelity_constrained_shuffled_geometry__seed11401,11401,14083,1,1.234066516973948
Wall,jepa_wm_wall,22,2,fidelity_constrained_shuffled_geometry,fidelity_constrained_shuffled_geometry__seed11401,11401,14083,3,1.8823810622071881
Wall,jepa_wm_wall,22,2,fidelity_constrained_shuffled_geometry,fidelity_constrained_shuffled_geometry__seed11401,11401,14083,6,2.197978199097466
Wall,jepa_wm_wall,23,2,fidelity_constrained_shuffled_geometry,fidelity_constrained_shuffled_geometry__seed11401,11401,14083,1,1.0295713487190354
Wall,jepa_wm_wall,23,2,fidelity_constrained_shuffled_geometry,fidelity_constrained_shuffled_geometry__seed11401,11401,14083,3,1.8012181816687087
Wall,jepa_wm_wall,23,2,fidelity_constrained_shuffled_geometry,fidelity_constrained_shuffled_geometry__seed11401,11401,14083,6,2.040150428542364
Wall,jepa_wm_wall,48,6,fidelity_constrained_shuffled_geometry,fidelity_constrained_shuffled_geometry__seed11401,11401,14083,1,1.6398606938099187
Wall,jepa_wm_wall,48,6,fidelity_constrained_shuffled_geometry,fidelity_constrained_shuffled_geometry__seed11401,11401,14083,3,2.4487548282108986
Wall,jepa_wm_wall,48,6,fidelity_constrained_shuffled_geometry,fidelity_constrained_shuffled_geometry__seed11401,11401,14083,6,2.391811576846205
Wall,jepa_wm_wall,49,6,fidelity_constrained_shuffled_geometry,fidelity_constrained_shuffled_geometry__seed11401,11401,14083,1,1.606000390967189
Wall,jepa_wm_wall,49,6,fidelity_constrained_shuffled_geometry,fidelity_constrained_shuffled_geometry__seed11401,11401,14083,3,2.4747720685704984
Wall,jepa_wm_wall,49,6,fidelity_constrained_shuffled_geometry,fidelity_constrained_shuffled_geometry__seed11401,11401,14083,6,2.3681415467783693
Wall,jepa_wm_wall,50,6,fidelity_constrained_shuffled_geometry,fidelity_constrained_shuffled_geometry__seed11401,11401,14083,1,1.739491508799341
Wall,jepa_wm_wall,50,6,fidelity_constrained_shuffled_geometry,fidelity_constrained_shuffled_geometry__seed11401,11401,14083,3,2.3428904140200375
Wall,jepa_wm_wall,50,6,fidelity_constrained_shuffled_geometry,fidelity_constrained_shuffled_geometry__seed11401,11401,14083,6,2.422632674311662
Wall,jepa_wm_wall,51,6,fidelity_constrained_shuffled_geometry,fidelity_constrained_shuffled_geometry__seed11401,11401,14083,1,2.0316671532871546
Wall,jepa_wm_wall,51,6,fidelity_constrained_shuffled_geometry,fidelity_constrained_shuffled_geometry__seed11401,11401,14083,3,2.342724254735055
Wall,jepa_wm_wall,51,6,fidelity_constrained_shuffled_geometry,fidelity_constrained_shuffled_geometry__seed11401,11401,14083,6,2.214611299702427
Wall,jepa_wm_wall,52,6,fidelity_constrained_shuffled_geometry,fidelity_constrained_shuffled_geometry__seed11401,11401,14083,1,1.5936542519191135
Wall,jepa_wm_wall,52,6,fidelity_constrained_shuffled_geometry,fidelity_constrained_shuffled_geometry__seed11401,11401,14083,3,2.4565847101373293
Wall,jepa_wm_wall,52,6,fidelity_constrained_shuffled_geometry,fidelity_constrained_shuffled_geometry__seed11401,11401,14083,6,2.4970911689333417
Wall,jepa_wm_wall,53,6,fidelity_constrained_shuffled_geometry,fidelity_constrained_shuffled_geometry__seed11401,11401,14083,1,1.2517603715887413
Wall,jepa_wm_wall,53,6,fidelity_constrained_shuffled_geometry,fidelity_constrained_shuffled_geometry__seed11401,11401,14083,3,2.251724366583536
Wall,jepa_wm_wall,53,6,fidelity_constrained_shuffled_geometry,fidelity_constrained_shuffled_geometry__seed11401,11401,14083,6,2.2885419606122386
Wall,jepa_wm_wall,54,6,fidelity_constrained_shuffled_geometry,fidelity_constrained_shuffled_geometry__seed11401,11401,14083,1,1.874872602564082
Wall,jepa_wm_wall,54,6,fidelity_constrained_shuffled_geometry,fidelity_constrained_shuffled_geometry__seed11401,11401,14083,3,2.3988289938548526
Wall,jepa_wm_wall,54,6,fidelity_constrained_shuffled_geometry,fidelity_constrained_shuffled_geometry__seed11401,11401,14083,6,2.5003404933416586
Wall,jepa_wm_wall,55,6,fidelity_constrained_shuffled_geometry,fidelity_constrained_shuffled_geometry__seed11401,11401,14083,1,1.4241543659450284
Wall,jepa_wm_wall,55,6,fidelity_constrained_shuffled_geometry,fidelity_constrained_shuffled_geometry__seed11401,11401,14083,3,2.322465996374623
Wall,jepa_wm_wall,55,6,fidelity_constrained_shuffled_geometry,fidelity_constrained_shuffled_geometry__seed11401,11401,14083,6,2.558016829486129
Wall,jepa_wm_wall,8,1,fidelity_constrained_matched_geometry,fidelity_constrained_matched_geometry__seed11401,11401,14083,1,1.8233572436308643
Wall,jepa_wm_wall,8,1,fidelity_constrained_matched_geometry,fidelity_constrained_matched_geometry__seed11401,11401,14083,3,1.9090687785461438
Wall,jepa_wm_wall,8,1,fidelity_constrained_matched_geometry,fidelity_constrained_matched_geometry__seed11401,11401,14083,6,1.774347663750369
Wall,jepa_wm_wall,9,1,fidelity_constrained_matched_geometry,fidelity_constrained_matched_geometry__seed11401,11401,14083,1,0.8706008885590355
Wall,jepa_wm_wall,9,1,fidelity_constrained_matched_geometry,fidelity_constrained_matched_geometry__seed11401,11401,14083,3,1.8314430028567479
Wall,jepa_wm_wall,9,1,fidelity_constrained_matched_geometry,fidelity_constrained_matched_geometry__seed11401,11401,14083,6,1.7776694122797867
Wall,jepa_wm_wall,10,1,fidelity_constrained_matched_geometry,fidelity_constrained_matched_geometry__seed11401,11401,14083,1,1.659941795399989
Wall,jepa_wm_wall,10,1,fidelity_constrained_matched_geometry,fidelity_constrained_matched_geometry__seed11401,11401,14083,3,1.8849869985443448
Wall,jepa_wm_wall,10,1,fidelity_constrained_matched_geometry,fidelity_constrained_matched_geometry__seed11401,11401,14083,6,1.7502589724084756
Wall,jepa_wm_wall,11,1,fidelity_constrained_matched_geometry,fidelity_constrained_matched_geometry__seed11401,11401,14083,1,1.1123555988936265
Wall,jepa_wm_wall,11,1,fidelity_constrained_matched_geometry,fidelity_constrained_matched_geometry__seed11401,11401,14083,3,1.9360911103694816
Wall,jepa_wm_wall,11,1,fidelity_constrained_matched_geometry,fidelity_constrained_matched_geometry__seed11401,11401,14083,6,1.8057626691629318
Wall,jepa_wm_wall,12,1,fidelity_constrained_matched_geometry,fidelity_constrained_matched_geometry__seed11401,11401,14083,1,0.9615941234143474
Wall,jepa_wm_wall,12,1,fidelity_constrained_matched_geometry,fidelity_constrained_matched_geometry__seed11401,11401,14083,3,1.5875046706628684
Wall,jepa_wm_wall,12,1,fidelity_constrained_matched_geometry,fidelity_constrained_matched_geometry__seed11401,11401,14083,6,1.9928475841895126
Wall,jepa_wm_wall,13,1,fidelity_constrained_matched_geometry,fidelity_constrained_matched_geometry__seed11401,11401,14083,1,1.4578820635955287
Wall,jepa_wm_wall,13,1,fidelity_constrained_matched_geometry,fidelity_constrained_matched_geometry__seed11401,11401,14083,3,1.768712235205939
Wall,jepa_wm_wall,13,1,fidelity_constrained_matched_geometry,fidelity_constrained_matched_geometry__seed11401,11401,14083,6,1.7345890640620825
Wall,jepa_wm_wall,14,1,fidelity_constrained_matched_geometry,fidelity_constrained_matched_geometry__seed11401,11401,14083,1,0.9142146132279364
Wall,jepa_wm_wall,14,1,fidelity_constrained_matched_geometry,fidelity_constrained_matched_geometry__seed11401,11401,14083,3,1.8004569366441299
Wall,jepa_wm_wall,14,1,fidelity_constrained_matched_geometry,fidelity_constrained_matched_geometry__seed11401,11401,14083,6,1.6741928172665272
Wall,jepa_wm_wall,15,1,fidelity_constrained_matched_geometry,fidelity_constrained_matched_geometry__seed11401,11401,14083,1,1.2926209986592447
Wall,jepa_wm_wall,15,1,fidelity_constrained_matched_geometry,fidelity_constrained_matched_geometry__seed11401,11401,14083,3,2.0094006599041045
Wall,jepa_wm_wall,15,1,fidelity_constrained_matched_geometry,fidelity_constrained_matched_geometry__seed11401,11401,14083,6,1.9549370721056218
Wall,jepa_wm_wall,16,2,fidelity_constrained_matched_geometry,fidelity_constrained_matched_geometry__seed11401,11401,14083,1,1.1697480854431055
Wall,jepa_wm_wall,16,2,fidelity_constrained_matched_geometry,fidelity_constrained_matched_geometry__seed11401,11401,14083,3,1.7650364057948884
Wall,jepa_wm_wall,16,2,fidelity_constrained_matched_geometry,fidelity_constrained_matched_geometry__seed11401,11401,14083,6,2.123992083109436
Wall,jepa_wm_wall,17,2,fidelity_constrained_matched_geometry,fidelity_constrained_matched_geometry__seed11401,11401,14083,1,1.226745174542614
Wall,jepa_wm_wall,17,2,fidelity_constrained_matched_geometry,fidelity_constrained_matched_geometry__seed11401,11401,14083,3,1.8377366478375883
Wall,jepa_wm_wall,17,2,fidelity_constrained_matched_geometry,fidelity_constrained_matched_geometry__seed11401,11401,14083,6,2.1103491896104134
Wall,jepa_wm_wall,18,2,fidelity_constrained_matched_geometry,fidelity_constrained_matched_geometry__seed11401,11401,14083,1,0.8750400523446223
Wall,jepa_wm_wall,18,2,fidelity_constrained_matched_geometry,fidelity_constrained_matched_geometry__seed11401,11401,14083,3,1.3965297786494972
Wall,jepa_wm_wall,18,2,fidelity_constrained_matched_geometry,fidelity_constrained_matched_geometry__seed11401,11401,14083,6,2.2359604546165435
Wall,jepa_wm_wall,19,2,fidelity_constrained_matched_geometry,fidelity_constrained_matched_geometry__seed11401,11401,14083,1,1.7519568063261508
Wall,jepa_wm_wall,19,2,fidelity_constrained_matched_geometry,fidelity_constrained_matched_geometry__seed11401,11401,14083,3,1.9299364171952245
Wall,jepa_wm_wall,19,2,fidelity_constrained_matched_geometry,fidelity_constrained_matched_geometry__seed11401,11401,14083,6,1.893011489136367
Wall,jepa_wm_wall,20,2,fidelity_constrained_matched_geometry,fidelity_constrained_matched_geometry__seed11401,11401,14083,1,1.6250558538930877
Wall,jepa_wm_wall,20,2,fidelity_constrained_matched_geometry,fidelity_constrained_matched_geometry__seed11401,11401,14083,3,2.0170424076331464
Wall,jepa_wm_wall,20,2,fidelity_constrained_matched_geometry,fidelity_constrained_matched_geometry__seed11401,11401,14083,6,2.11490302999016
Wall,jepa_wm_wall,21,2,fidelity_constrained_matched_geometry,fidelity_constrained_matched_geometry__seed11401,11401,14083,1,0.9437584749948756
Wall,jepa_wm_wall,21,2,fidelity_constrained_matched_geometry,fidelity_constrained_matched_geometry__seed11401,11401,14083,3,1.6718707917870037
Wall,jepa_wm_wall,21,2,fidelity_constrained_matched_geometry,fidelity_constrained_matched_geometry__seed11401,11401,14083,6,2.118246092694525
Wall,jepa_wm_wall,22,2,fidelity_constrained_matched_geometry,fidelity_constrained_matched_geometry__seed11401,11401,14083,1,1.2495456044471482
Wall,jepa_wm_wall,22,2,fidelity_constrained_matched_geometry,fidelity_constrained_matched_geometry__seed11401,11401,14083,3,1.8464838870815616
Wall,jepa_wm_wall,22,2,fidelity_constrained_matched_geometry,fidelity_constrained_matched_geometry__seed11401,11401,14083,6,2.1502709507195523
Wall,jepa_wm_wall,23,2,fidelity_constrained_matched_geometry,fidelity_constrained_matched_geometry__seed11401,11401,14083,1,1.0498776215459051
Wall,jepa_wm_wall,23,2,fidelity_constrained_matched_geometry,fidelity_constrained_matched_geometry__seed11401,11401,14083,3,1.7925113071670686
Wall,jepa_wm_wall,23,2,fidelity_constrained_matched_geometry,fidelity_constrained_matched_geometry__seed11401,11401,14083,6,2.06148944575649
Wall,jepa_wm_wall,48,6,fidelity_constrained_matched_geometry,fidelity_constrained_matched_geometry__seed11401,11401,14083,1,1.5927507454328396
Wall,jepa_wm_wall,48,6,fidelity_constrained_matched_geometry,fidelity_constrained_matched_geometry__seed11401,11401,14083,3,2.3911724996775163
Wall,jepa_wm_wall,48,6,fidelity_constrained_matched_geometry,fidelity_constrained_matched_geometry__seed11401,11401,14083,6,2.4142637279275605
Wall,jepa_wm_wall,49,6,fidelity_constrained_matched_geometry,fidelity_constrained_matched_geometry__seed11401,11401,14083,1,1.5790158970366963
Wall,jepa_wm_wall,49,6,fidelity_constrained_matched_geometry,fidelity_constrained_matched_geometry__seed11401,11401,14083,3,2.4265381675356985
Wall,jepa_wm_wall,49,6,fidelity_constrained_matched_geometry,fidelity_constrained_matched_geometry__seed11401,11401,14083,6,2.382515359430287
Wall,jepa_wm_wall,50,6,fidelity_constrained_matched_geometry,fidelity_constrained_matched_geometry__seed11401,11401,14083,1,1.66080906354396
Wall,jepa_wm_wall,50,6,fidelity_constrained_matched_geometry,fidelity_constrained_matched_geometry__seed11401,11401,14083,3,2.3059541229587075
Wall,jepa_wm_wall,50,6,fidelity_constrained_matched_geometry,fidelity_constrained_matched_geometry__seed11401,11401,14083,6,2.437785338540176
Wall,jepa_wm_wall,51,6,fidelity_constrained_matched_geometry,fidelity_constrained_matched_geometry__seed11401,11401,14083,1,1.9701336120762416
Wall,jepa_wm_wall,51,6,fidelity_constrained_matched_geometry,fidelity_constrained_matched_geometry__seed11401,11401,14083,3,2.2646590198611305
Wall,jepa_wm_wall,51,6,fidelity_constrained_matched_geometry,fidelity_constrained_matched_geometry__seed11401,11401,14083,6,2.2442389849443445
Wall,jepa_wm_wall,52,6,fidelity_constrained_matched_geometry,fidelity_constrained_matched_geometry__seed11401,11401,14083,1,1.5021373771432642
Wall,jepa_wm_wall,52,6,fidelity_constrained_matched_geometry,fidelity_constrained_matched_geometry__seed11401,11401,14083,3,2.3210625683314614
Wall,jepa_wm_wall,52,6,fidelity_constrained_matched_geometry,fidelity_constrained_matched_geometry__seed11401,11401,14083,6,2.5319180444826697
Wall,jepa_wm_wall,53,6,fidelity_constrained_matched_geometry,fidelity_constrained_matched_geometry__seed11401,11401,14083,1,1.2010555974763621
Wall,jepa_wm_wall,53,6,fidelity_constrained_matched_geometry,fidelity_constrained_matched_geometry__seed11401,11401,14083,3,2.2154466347518573
Wall,jepa_wm_wall,53,6,fidelity_constrained_matched_geometry,fidelity_constrained_matched_geometry__seed11401,11401,14083,6,2.3629832880226243
Wall,jepa_wm_wall,54,6,fidelity_constrained_matched_geometry,fidelity_constrained_matched_geometry__seed11401,11401,14083,1,1.8050951513516011
Wall,jepa_wm_wall,54,6,fidelity_constrained_matched_geometry,fidelity_constrained_matched_geometry__seed11401,11401,14083,3,2.3253385200835686
Wall,jepa_wm_wall,54,6,fidelity_constrained_matched_geometry,fidelity_constrained_matched_geometry__seed11401,11401,14083,6,2.5247557622712242
Wall,jepa_wm_wall,55,6,fidelity_constrained_matched_geometry,fidelity_constrained_matched_geometry__seed11401,11401,14083,1,1.370780197370273
Wall,jepa_wm_wall,55,6,fidelity_constrained_matched_geometry,fidelity_constrained_matched_geometry__seed11401,11401,14083,3,2.221209377493929
Wall,jepa_wm_wall,55,6,fidelity_constrained_matched_geometry,fidelity_constrained_matched_geometry__seed11401,11401,14083,6,2.572048794107668
Wall,jepa_wm_wall,8,1,fidelity_constrained_latent_only,fidelity_constrained_latent_only__seed11419,11419,14083,1,1.7494698967047144
Wall,jepa_wm_wall,8,1,fidelity_constrained_latent_only,fidelity_constrained_latent_only__seed11419,11419,14083,3,1.8948883633188216
Wall,jepa_wm_wall,8,1,fidelity_constrained_latent_only,fidelity_constrained_latent_only__seed11419,11419,14083,6,2.0332489017535353
Wall,jepa_wm_wall,9,1,fidelity_constrained_latent_only,fidelity_constrained_latent_only__seed11419,11419,14083,1,0.9239480803570201
Wall,jepa_wm_wall,9,1,fidelity_constrained_latent_only,fidelity_constrained_latent_only__seed11419,11419,14083,3,1.7378826410838102
Wall,jepa_wm_wall,9,1,fidelity_constrained_latent_only,fidelity_constrained_latent_only__seed11419,11419,14083,6,1.8512270358904142
Wall,jepa_wm_wall,10,1,fidelity_constrained_latent_only,fidelity_constrained_latent_only__seed11419,11419,14083,1,1.6823016416985097
Wall,jepa_wm_wall,10,1,fidelity_constrained_latent_only,fidelity_constrained_latent_only__seed11419,11419,14083,3,1.84372954152493
Wall,jepa_wm_wall,10,1,fidelity_constrained_latent_only,fidelity_constrained_latent_only__seed11419,11419,14083,6,1.9162710954988083
Wall,jepa_wm_wall,11,1,fidelity_constrained_latent_only,fidelity_constrained_latent_only__seed11419,11419,14083,1,1.076208937047329
Wall,jepa_wm_wall,11,1,fidelity_constrained_latent_only,fidelity_constrained_latent_only__seed11419,11419,14083,3,1.8994350238421454
Wall,jepa_wm_wall,11,1,fidelity_constrained_latent_only,fidelity_constrained_latent_only__seed11419,11419,14083,6,1.9190758154088219
Wall,jepa_wm_wall,12,1,fidelity_constrained_latent_only,fidelity_constrained_latent_only__seed11419,11419,14083,1,0.927825969474499
Wall,jepa_wm_wall,12,1,fidelity_constrained_latent_only,fidelity_constrained_latent_only__seed11419,11419,14083,3,1.540827190150302
Wall,jepa_wm_wall,12,1,fidelity_constrained_latent_only,fidelity_constrained_latent_only__seed11419,11419,14083,6,2.1447661694185123
Wall,jepa_wm_wall,13,1,fidelity_constrained_latent_only,fidelity_constrained_latent_only__seed11419,11419,14083,1,1.3959832084903232
Wall,jepa_wm_wall,13,1,fidelity_constrained_latent_only,fidelity_constrained_latent_only__seed11419,11419,14083,3,1.838495626322555
Wall,jepa_wm_wall,13,1,fidelity_constrained_latent_only,fidelity_constrained_latent_only__seed11419,11419,14083,6,2.0175271262292656
Wall,jepa_wm_wall,14,1,fidelity_constrained_latent_only,fidelity_constrained_latent_only__seed11419,11419,14083,1,0.9617229706000456
Wall,jepa_wm_wall,14,1,fidelity_constrained_latent_only,fidelity_constrained_latent_only__seed11419,11419,14083,3,1.845052463101993
Wall,jepa_wm_wall,14,1,fidelity_constrained_latent_only,fidelity_constrained_latent_only__seed11419,11419,14083,6,1.7571709992944085
Wall,jepa_wm_wall,15,1,fidelity_constrained_latent_only,fidelity_constrained_latent_only__seed11419,11419,14083,1,1.2712756561096146
Wall,jepa_wm_wall,15,1,fidelity_constrained_latent_only,fidelity_constrained_latent_only__seed11419,11419,14083,3,1.971522019288013
Wall,jepa_wm_wall,15,1,fidelity_constrained_latent_only,fidelity_constrained_latent_only__seed11419,11419,14083,6,2.2560244636093105
Wall,jepa_wm_wall,16,2,fidelity_constrained_latent_only,fidelity_constrained_latent_only__seed11419,11419,14083,1,1.1025825413569204
Wall,jepa_wm_wall,16,2,fidelity_constrained_latent_only,fidelity_constrained_latent_only__seed11419,11419,14083,3,1.8129325754700023
Wall,jepa_wm_wall,16,2,fidelity_constrained_latent_only,fidelity_constrained_latent_only__seed11419,11419,14083,6,2.085194813363072
Wall,jepa_wm_wall,17,2,fidelity_constrained_latent_only,fidelity_constrained_latent_only__seed11419,11419,14083,1,1.2897900035147982
Wall,jepa_wm_wall,17,2,fidelity_constrained_latent_only,fidelity_constrained_latent_only__seed11419,11419,14083,3,1.6656305978383945
Wall,jepa_wm_wall,17,2,fidelity_constrained_latent_only,fidelity_constrained_latent_only__seed11419,11419,14083,6,2.118946633922469
Wall,jepa_wm_wall,18,2,fidelity_constrained_latent_only,fidelity_constrained_latent_only__seed11419,11419,14083,1,1.017937954246782
Wall,jepa_wm_wall,18,2,fidelity_constrained_latent_only,fidelity_constrained_latent_only__seed11419,11419,14083,3,1.557750412674944
Wall,jepa_wm_wall,18,2,fidelity_constrained_latent_only,fidelity_constrained_latent_only__seed11419,11419,14083,6,2.1416126275176803
Wall,jepa_wm_wall,19,2,fidelity_constrained_latent_only,fidelity_constrained_latent_only__seed11419,11419,14083,1,1.7292621741006344
Wall,jepa_wm_wall,19,2,fidelity_constrained_latent_only,fidelity_constrained_latent_only__seed11419,11419,14083,3,1.8891660816268576
Wall,jepa_wm_wall,19,2,fidelity_constrained_latent_only,fidelity_constrained_latent_only__seed11419,11419,14083,6,1.9467516799599178
Wall,jepa_wm_wall,20,2,fidelity_constrained_latent_only,fidelity_constrained_latent_only__seed11419,11419,14083,1,1.6138543553132039
Wall,jepa_wm_wall,20,2,fidelity_constrained_latent_only,fidelity_constrained_latent_only__seed11419,11419,14083,3,1.9965882026406596
Wall,jepa_wm_wall,20,2,fidelity_constrained_latent_only,fidelity_constrained_latent_only__seed11419,11419,14083,6,2.128981068310183
Wall,jepa_wm_wall,21,2,fidelity_constrained_latent_only,fidelity_constrained_latent_only__seed11419,11419,14083,1,1.0724021704350806
Wall,jepa_wm_wall,21,2,fidelity_constrained_latent_only,fidelity_constrained_latent_only__seed11419,11419,14083,3,1.520026670317436
Wall,jepa_wm_wall,21,2,fidelity_constrained_latent_only,fidelity_constrained_latent_only__seed11419,11419,14083,6,2.1018327028340056
Wall,jepa_wm_wall,22,2,fidelity_constrained_latent_only,fidelity_constrained_latent_only__seed11419,11419,14083,1,1.2559306965431296
Wall,jepa_wm_wall,22,2,fidelity_constrained_latent_only,fidelity_constrained_latent_only__seed11419,11419,14083,3,1.6806151400264537
Wall,jepa_wm_wall,22,2,fidelity_constrained_latent_only,fidelity_constrained_latent_only__seed11419,11419,14083,6,2.162917906799772
Wall,jepa_wm_wall,23,2,fidelity_constrained_latent_only,fidelity_constrained_latent_only__seed11419,11419,14083,1,1.0747631386055974
Wall,jepa_wm_wall,23,2,fidelity_constrained_latent_only,fidelity_constrained_latent_only__seed11419,11419,14083,3,1.7733748426887033
Wall,jepa_wm_wall,23,2,fidelity_constrained_latent_only,fidelity_constrained_latent_only__seed11419,11419,14083,6,2.0195438911251595
Wall,jepa_wm_wall,48,6,fidelity_constrained_latent_only,fidelity_constrained_latent_only__seed11419,11419,14083,1,1.3732757369440614
Wall,jepa_wm_wall,48,6,fidelity_constrained_latent_only,fidelity_constrained_latent_only__seed11419,11419,14083,3,2.3240572651610854
Wall,jepa_wm_wall,48,6,fidelity_constrained_latent_only,fidelity_constrained_latent_only__seed11419,11419,14083,6,2.616789412880518
Wall,jepa_wm_wall,49,6,fidelity_constrained_latent_only,fidelity_constrained_latent_only__seed11419,11419,14083,1,1.4493124561323174
Wall,jepa_wm_wall,49,6,fidelity_constrained_latent_only,fidelity_constrained_latent_only__seed11419,11419,14083,3,2.3696799016258794
Wall,jepa_wm_wall,49,6,fidelity_constrained_latent_only,fidelity_constrained_latent_only__seed11419,11419,14083,6,2.6438257860855425
Wall,jepa_wm_wall,50,6,fidelity_constrained_latent_only,fidelity_constrained_latent_only__seed11419,11419,14083,1,1.5671293852107593
Wall,jepa_wm_wall,50,6,fidelity_constrained_latent_only,fidelity_constrained_latent_only__seed11419,11419,14083,3,2.1644073457938355
Wall,jepa_wm_wall,50,6,fidelity_constrained_latent_only,fidelity_constrained_latent_only__seed11419,11419,14083,6,2.538598595165787
Wall,jepa_wm_wall,51,6,fidelity_constrained_latent_only,fidelity_constrained_latent_only__seed11419,11419,14083,1,1.7333584034209462
Wall,jepa_wm_wall,51,6,fidelity_constrained_latent_only,fidelity_constrained_latent_only__seed11419,11419,14083,3,2.2458182766410757
Wall,jepa_wm_wall,51,6,fidelity_constrained_latent_only,fidelity_constrained_latent_only__seed11419,11419,14083,6,2.419155734829563
Wall,jepa_wm_wall,52,6,fidelity_constrained_latent_only,fidelity_constrained_latent_only__seed11419,11419,14083,1,1.4617497663416141
Wall,jepa_wm_wall,52,6,fidelity_constrained_latent_only,fidelity_constrained_latent_only__seed11419,11419,14083,3,2.1056278335787533
Wall,jepa_wm_wall,52,6,fidelity_constrained_latent_only,fidelity_constrained_latent_only__seed11419,11419,14083,6,2.5666217741151724
Wall,jepa_wm_wall,53,6,fidelity_constrained_latent_only,fidelity_constrained_latent_only__seed11419,11419,14083,1,1.1017965632194626
Wall,jepa_wm_wall,53,6,fidelity_constrained_latent_only,fidelity_constrained_latent_only__seed11419,11419,14083,3,2.060943871486553
Wall,jepa_wm_wall,53,6,fidelity_constrained_latent_only,fidelity_constrained_latent_only__seed11419,11419,14083,6,2.535388612905527
Wall,jepa_wm_wall,54,6,fidelity_constrained_latent_only,fidelity_constrained_latent_only__seed11419,11419,14083,1,1.6626566680321608
Wall,jepa_wm_wall,54,6,fidelity_constrained_latent_only,fidelity_constrained_latent_only__seed11419,11419,14083,3,2.211227625613778
Wall,jepa_wm_wall,54,6,fidelity_constrained_latent_only,fidelity_constrained_latent_only__seed11419,11419,14083,6,2.703700167780788
Wall,jepa_wm_wall,55,6,fidelity_constrained_latent_only,fidelity_constrained_latent_only__seed11419,11419,14083,1,1.3306695993514612
Wall,jepa_wm_wall,55,6,fidelity_constrained_latent_only,fidelity_constrained_latent_only__seed11419,11419,14083,3,2.0611262294954287
Wall,jepa_wm_wall,55,6,fidelity_constrained_latent_only,fidelity_constrained_latent_only__seed11419,11419,14083,6,2.608174243799654
Wall,jepa_wm_wall,8,1,fidelity_constrained_shuffled_geometry,fidelity_constrained_shuffled_geometry__seed11419,11419,14083,1,1.868209827596196
Wall,jepa_wm_wall,8,1,fidelity_constrained_shuffled_geometry,fidelity_constrained_shuffled_geometry__seed11419,11419,14083,3,1.8918062646106146
Wall,jepa_wm_wall,8,1,fidelity_constrained_shuffled_geometry,fidelity_constrained_shuffled_geometry__seed11419,11419,14083,6,1.763654088953458
Wall,jepa_wm_wall,9,1,fidelity_constrained_shuffled_geometry,fidelity_constrained_shuffled_geometry__seed11419,11419,14083,1,0.9114642367195653
Wall,jepa_wm_wall,9,1,fidelity_constrained_shuffled_geometry,fidelity_constrained_shuffled_geometry__seed11419,11419,14083,3,1.9824562126497391
Wall,jepa_wm_wall,9,1,fidelity_constrained_shuffled_geometry,fidelity_constrained_shuffled_geometry__seed11419,11419,14083,6,1.8357968383051173
Wall,jepa_wm_wall,10,1,fidelity_constrained_shuffled_geometry,fidelity_constrained_shuffled_geometry__seed11419,11419,14083,1,1.7147661576358315
Wall,jepa_wm_wall,10,1,fidelity_constrained_shuffled_geometry,fidelity_constrained_shuffled_geometry__seed11419,11419,14083,3,1.9655772986042557
Wall,jepa_wm_wall,10,1,fidelity_constrained_shuffled_geometry,fidelity_constrained_shuffled_geometry__seed11419,11419,14083,6,1.7308623388730078
Wall,jepa_wm_wall,11,1,fidelity_constrained_shuffled_geometry,fidelity_constrained_shuffled_geometry__seed11419,11419,14083,1,1.1290095134174292
Wall,jepa_wm_wall,11,1,fidelity_constrained_shuffled_geometry,fidelity_constrained_shuffled_geometry__seed11419,11419,14083,3,2.0110553017663935
Wall,jepa_wm_wall,11,1,fidelity_constrained_shuffled_geometry,fidelity_constrained_shuffled_geometry__seed11419,11419,14083,6,1.8254425516644879
Wall,jepa_wm_wall,12,1,fidelity_constrained_shuffled_geometry,fidelity_constrained_shuffled_geometry__seed11419,11419,14083,1,0.9906264779731255
Wall,jepa_wm_wall,12,1,fidelity_constrained_shuffled_geometry,fidelity_constrained_shuffled_geometry__seed11419,11419,14083,3,1.7167851738016218
Wall,jepa_wm_wall,12,1,fidelity_constrained_shuffled_geometry,fidelity_constrained_shuffled_geometry__seed11419,11419,14083,6,1.9431555407940015
Wall,jepa_wm_wall,13,1,fidelity_constrained_shuffled_geometry,fidelity_constrained_shuffled_geometry__seed11419,11419,14083,1,1.5125409150000753
Wall,jepa_wm_wall,13,1,fidelity_constrained_shuffled_geometry,fidelity_constrained_shuffled_geometry__seed11419,11419,14083,3,1.8302538099241576
Wall,jepa_wm_wall,13,1,fidelity_constrained_shuffled_geometry,fidelity_constrained_shuffled_geometry__seed11419,11419,14083,6,1.6670061435352679
Wall,jepa_wm_wall,14,1,fidelity_constrained_shuffled_geometry,fidelity_constrained_shuffled_geometry__seed11419,11419,14083,1,0.9377293143246268
Wall,jepa_wm_wall,14,1,fidelity_constrained_shuffled_geometry,fidelity_constrained_shuffled_geometry__seed11419,11419,14083,3,1.833732267784955
Wall,jepa_wm_wall,14,1,fidelity_constrained_shuffled_geometry,fidelity_constrained_shuffled_geometry__seed11419,11419,14083,6,1.7505102242917843
Wall,jepa_wm_wall,15,1,fidelity_constrained_shuffled_geometry,fidelity_constrained_shuffled_geometry__seed11419,11419,14083,1,1.336340607775913
Wall,jepa_wm_wall,15,1,fidelity_constrained_shuffled_geometry,fidelity_constrained_shuffled_geometry__seed11419,11419,14083,3,2.0515030475063254
Wall,jepa_wm_wall,15,1,fidelity_constrained_shuffled_geometry,fidelity_constrained_shuffled_geometry__seed11419,11419,14083,6,1.9748564503671902
Wall,jepa_wm_wall,16,2,fidelity_constrained_shuffled_geometry,fidelity_constrained_shuffled_geometry__seed11419,11419,14083,1,1.1610497623637537
Wall,jepa_wm_wall,16,2,fidelity_constrained_shuffled_geometry,fidelity_constrained_shuffled_geometry__seed11419,11419,14083,3,1.8769090213096424
Wall,jepa_wm_wall,16,2,fidelity_constrained_shuffled_geometry,fidelity_constrained_shuffled_geometry__seed11419,11419,14083,6,2.143125041712513
Wall,jepa_wm_wall,17,2,fidelity_constrained_shuffled_geometry,fidelity_constrained_shuffled_geometry__seed11419,11419,14083,1,1.195917535335256
Wall,jepa_wm_wall,17,2,fidelity_constrained_shuffled_geometry,fidelity_constrained_shuffled_geometry__seed11419,11419,14083,3,1.858179129594964
Wall,jepa_wm_wall,17,2,fidelity_constrained_shuffled_geometry,fidelity_constrained_shuffled_geometry__seed11419,11419,14083,6,2.1539525456113675
Wall,jepa_wm_wall,18,2,fidelity_constrained_shuffled_geometry,fidelity_constrained_shuffled_geometry__seed11419,11419,14083,1,0.8262422747586554
Wall,jepa_wm_wall,18,2,fidelity_constrained_shuffled_geometry,fidelity_constrained_shuffled_geometry__seed11419,11419,14083,3,1.4599719630734322
Wall,jepa_wm_wall,18,2,fidelity_constrained_shuffled_geometry,fidelity_constrained_shuffled_geometry__seed11419,11419,14083,6,2.2679021734580993
Wall,jepa_wm_wall,19,2,fidelity_constrained_shuffled_geometry,fidelity_constrained_shuffled_geometry__seed11419,11419,14083,1,1.7721218259123879
Wall,jepa_wm_wall,19,2,fidelity_constrained_shuffled_geometry,fidelity_constrained_shuffled_geometry__seed11419,11419,14083,3,1.9876967010246667
Wall,jepa_wm_wall,19,2,fidelity_constrained_shuffled_geometry,fidelity_constrained_shuffled_geometry__seed11419,11419,14083,6,1.984626958124239
Wall,jepa_wm_wall,20,2,fidelity_constrained_shuffled_geometry,fidelity_constrained_shuffled_geometry__seed11419,11419,14083,1,1.628200009757867
Wall,jepa_wm_wall,20,2,fidelity_constrained_shuffled_geometry,fidelity_constrained_shuffled_geometry__seed11419,11419,14083,3,2.046758070215906
Wall,jepa_wm_wall,20,2,fidelity_constrained_shuffled_geometry,fidelity_constrained_shuffled_geometry__seed11419,11419,14083,6,2.154289494302574
Wall,jepa_wm_wall,21,2,fidelity_constrained_shuffled_geometry,fidelity_constrained_shuffled_geometry__seed11419,11419,14083,1,0.9271675062170944
Wall,jepa_wm_wall,21,2,fidelity_constrained_shuffled_geometry,fidelity_constrained_shuffled_geometry__seed11419,11419,14083,3,1.7199257981098923
Wall,jepa_wm_wall,21,2,fidelity_constrained_shuffled_geometry,fidelity_constrained_shuffled_geometry__seed11419,11419,14083,6,2.0621622156895616
Wall,jepa_wm_wall,22,2,fidelity_constrained_shuffled_geometry,fidelity_constrained_shuffled_geometry__seed11419,11419,14083,1,1.2315960135187007
Wall,jepa_wm_wall,22,2,fidelity_constrained_shuffled_geometry,fidelity_constrained_shuffled_geometry__seed11419,11419,14083,3,1.8670908034614953
Wall,jepa_wm_wall,22,2,fidelity_constrained_shuffled_geometry,fidelity_constrained_shuffled_geometry__seed11419,11419,14083,6,2.208584953404635
Wall,jepa_wm_wall,23,2,fidelity_constrained_shuffled_geometry,fidelity_constrained_shuffled_geometry__seed11419,11419,14083,1,1.0338646758722172
Wall,jepa_wm_wall,23,2,fidelity_constrained_shuffled_geometry,fidelity_constrained_shuffled_geometry__seed11419,11419,14083,3,1.8113908584643879
Wall,jepa_wm_wall,23,2,fidelity_constrained_shuffled_geometry,fidelity_constrained_shuffled_geometry__seed11419,11419,14083,6,2.0318459389001142
Wall,jepa_wm_wall,48,6,fidelity_constrained_shuffled_geometry,fidelity_constrained_shuffled_geometry__seed11419,11419,14083,1,1.6393008851860926
Wall,jepa_wm_wall,48,6,fidelity_constrained_shuffled_geometry,fidelity_constrained_shuffled_geometry__seed11419,11419,14083,3,2.4460212019709364
Wall,jepa_wm_wall,48,6,fidelity_constrained_shuffled_geometry,fidelity_constrained_shuffled_geometry__seed11419,11419,14083,6,2.3881908840191377
Wall,jepa_wm_wall,49,6,fidelity_constrained_shuffled_geometry,fidelity_constrained_shuffled_geometry__seed11419,11419,14083,1,1.605194233753091
Wall,jepa_wm_wall,49,6,fidelity_constrained_shuffled_geometry,fidelity_constrained_shuffled_geometry__seed11419,11419,14083,3,2.462235682633492
Wall,jepa_wm_wall,49,6,fidelity_constrained_shuffled_geometry,fidelity_constrained_shuffled_geometry__seed11419,11419,14083,6,2.3633680284989333
Wall,jepa_wm_wall,50,6,fidelity_constrained_shuffled_geometry,fidelity_constrained_shuffled_geometry__seed11419,11419,14083,1,1.737104811759854
Wall,jepa_wm_wall,50,6,fidelity_constrained_shuffled_geometry,fidelity_constrained_shuffled_geometry__seed11419,11419,14083,3,2.3284498312818895
Wall,jepa_wm_wall,50,6,fidelity_constrained_shuffled_geometry,fidelity_constrained_shuffled_geometry__seed11419,11419,14083,6,2.409939351505104
Wall,jepa_wm_wall,51,6,fidelity_constrained_shuffled_geometry,fidelity_constrained_shuffled_geometry__seed11419,11419,14083,1,2.034919804490367
Wall,jepa_wm_wall,51,6,fidelity_constrained_shuffled_geometry,fidelity_constrained_shuffled_geometry__seed11419,11419,14083,3,2.3349059004182915
Wall,jepa_wm_wall,51,6,fidelity_constrained_shuffled_geometry,fidelity_constrained_shuffled_geometry__seed11419,11419,14083,6,2.2307069111375095
Wall,jepa_wm_wall,52,6,fidelity_constrained_shuffled_geometry,fidelity_constrained_shuffled_geometry__seed11419,11419,14083,1,1.588536790707543
Wall,jepa_wm_wall,52,6,fidelity_constrained_shuffled_geometry,fidelity_constrained_shuffled_geometry__seed11419,11419,14083,3,2.45585296297217
Wall,jepa_wm_wall,52,6,fidelity_constrained_shuffled_geometry,fidelity_constrained_shuffled_geometry__seed11419,11419,14083,6,2.493975336916522
Wall,jepa_wm_wall,53,6,fidelity_constrained_shuffled_geometry,fidelity_constrained_shuffled_geometry__seed11419,11419,14083,1,1.2494477440703653
Wall,jepa_wm_wall,53,6,fidelity_constrained_shuffled_geometry,fidelity_constrained_shuffled_geometry__seed11419,11419,14083,3,2.2466535632183104
Wall,jepa_wm_wall,53,6,fidelity_constrained_shuffled_geometry,fidelity_constrained_shuffled_geometry__seed11419,11419,14083,6,2.294467792495302
Wall,jepa_wm_wall,54,6,fidelity_constrained_shuffled_geometry,fidelity_constrained_shuffled_geometry__seed11419,11419,14083,1,1.871055792610285
Wall,jepa_wm_wall,54,6,fidelity_constrained_shuffled_geometry,fidelity_constrained_shuffled_geometry__seed11419,11419,14083,3,2.395546839894556
Wall,jepa_wm_wall,54,6,fidelity_constrained_shuffled_geometry,fidelity_constrained_shuffled_geometry__seed11419,11419,14083,6,2.5209565321784884
Wall,jepa_wm_wall,55,6,fidelity_constrained_shuffled_geometry,fidelity_constrained_shuffled_geometry__seed11419,11419,14083,1,1.4246890047699456
Wall,jepa_wm_wall,55,6,fidelity_constrained_shuffled_geometry,fidelity_constrained_shuffled_geometry__seed11419,11419,14083,3,2.328441522391646
Wall,jepa_wm_wall,55,6,fidelity_constrained_shuffled_geometry,fidelity_constrained_shuffled_geometry__seed11419,11419,14083,6,2.542234594050836
Wall,jepa_wm_wall,8,1,fidelity_constrained_matched_geometry,fidelity_constrained_matched_geometry__seed11419,11419,14083,1,1.8222198047044622
Wall,jepa_wm_wall,8,1,fidelity_constrained_matched_geometry,fidelity_constrained_matched_geometry__seed11419,11419,14083,3,1.906548243742098
Wall,jepa_wm_wall,8,1,fidelity_constrained_matched_geometry,fidelity_constrained_matched_geometry__seed11419,11419,14083,6,1.7592827459099758
Wall,jepa_wm_wall,9,1,fidelity_constrained_matched_geometry,fidelity_constrained_matched_geometry__seed11419,11419,14083,1,0.8691522656544255
Wall,jepa_wm_wall,9,1,fidelity_constrained_matched_geometry,fidelity_constrained_matched_geometry__seed11419,11419,14083,3,1.8288799994491902
Wall,jepa_wm_wall,9,1,fidelity_constrained_matched_geometry,fidelity_constrained_matched_geometry__seed11419,11419,14083,6,1.7780422135282
Wall,jepa_wm_wall,10,1,fidelity_constrained_matched_geometry,fidelity_constrained_matched_geometry__seed11419,11419,14083,1,1.6607276402491564
Wall,jepa_wm_wall,10,1,fidelity_constrained_matched_geometry,fidelity_constrained_matched_geometry__seed11419,11419,14083,3,1.8855877701065666
Wall,jepa_wm_wall,10,1,fidelity_constrained_matched_geometry,fidelity_constrained_matched_geometry__seed11419,11419,14083,6,1.7420724049042677
Wall,jepa_wm_wall,11,1,fidelity_constrained_matched_geometry,fidelity_constrained_matched_geometry__seed11419,11419,14083,1,1.1099457595684972
Wall,jepa_wm_wall,11,1,fidelity_constrained_matched_geometry,fidelity_constrained_matched_geometry__seed11419,11419,14083,3,1.9359484578883976
Wall,jepa_wm_wall,11,1,fidelity_constrained_matched_geometry,fidelity_constrained_matched_geometry__seed11419,11419,14083,6,1.802241131133991
Wall,jepa_wm_wall,12,1,fidelity_constrained_matched_geometry,fidelity_constrained_matched_geometry__seed11419,11419,14083,1,0.9579606916693097
Wall,jepa_wm_wall,12,1,fidelity_constrained_matched_geometry,fidelity_constrained_matched_geometry__seed11419,11419,14083,3,1.5856522885926148
Wall,jepa_wm_wall,12,1,fidelity_constrained_matched_geometry,fidelity_constrained_matched_geometry__seed11419,11419,14083,6,1.9971865777858866
Wall,jepa_wm_wall,13,1,fidelity_constrained_matched_geometry,fidelity_constrained_matched_geometry__seed11419,11419,14083,1,1.4589951377154977
Wall,jepa_wm_wall,13,1,fidelity_constrained_matched_geometry,fidelity_constrained_matched_geometry__seed11419,11419,14083,3,1.768318284154818
Wall,jepa_wm_wall,13,1,fidelity_constrained_matched_geometry,fidelity_constrained_matched_geometry__seed11419,11419,14083,6,1.7471114340215879
Wall,jepa_wm_wall,14,1,fidelity_constrained_matched_geometry,fidelity_constrained_matched_geometry__seed11419,11419,14083,1,0.9109358592850247
Wall,jepa_wm_wall,14,1,fidelity_constrained_matched_geometry,fidelity_constrained_matched_geometry__seed11419,11419,14083,3,1.8025449261250377
Wall,jepa_wm_wall,14,1,fidelity_constrained_matched_geometry,fidelity_constrained_matched_geometry__seed11419,11419,14083,6,1.6743577821244104
Wall,jepa_wm_wall,15,1,fidelity_constrained_matched_geometry,fidelity_constrained_matched_geometry__seed11419,11419,14083,1,1.2916066991604924
Wall,jepa_wm_wall,15,1,fidelity_constrained_matched_geometry,fidelity_constrained_matched_geometry__seed11419,11419,14083,3,2.007618082252845
Wall,jepa_wm_wall,15,1,fidelity_constrained_matched_geometry,fidelity_constrained_matched_geometry__seed11419,11419,14083,6,1.9546942463945167
Wall,jepa_wm_wall,16,2,fidelity_constrained_matched_geometry,fidelity_constrained_matched_geometry__seed11419,11419,14083,1,1.1678705874470021
Wall,jepa_wm_wall,16,2,fidelity_constrained_matched_geometry,fidelity_constrained_matched_geometry__seed11419,11419,14083,3,1.770897338955028
Wall,jepa_wm_wall,16,2,fidelity_constrained_matched_geometry,fidelity_constrained_matched_geometry__seed11419,11419,14083,6,2.1167824049956883
Wall,jepa_wm_wall,17,2,fidelity_constrained_matched_geometry,fidelity_constrained_matched_geometry__seed11419,11419,14083,1,1.2275452893904673
Wall,jepa_wm_wall,17,2,fidelity_constrained_matched_geometry,fidelity_constrained_matched_geometry__seed11419,11419,14083,3,1.8417577551765745
Wall,jepa_wm_wall,17,2,fidelity_constrained_matched_geometry,fidelity_constrained_matched_geometry__seed11419,11419,14083,6,2.109324511390554
Wall,jepa_wm_wall,18,2,fidelity_constrained_matched_geometry,fidelity_constrained_matched_geometry__seed11419,11419,14083,1,0.8742640032086061
Wall,jepa_wm_wall,18,2,fidelity_constrained_matched_geometry,fidelity_constrained_matched_geometry__seed11419,11419,14083,3,1.3947436012876044
Wall,jepa_wm_wall,18,2,fidelity_constrained_matched_geometry,fidelity_constrained_matched_geometry__seed11419,11419,14083,6,2.221397471171042
Wall,jepa_wm_wall,19,2,fidelity_constrained_matched_geometry,fidelity_constrained_matched_geometry__seed11419,11419,14083,1,1.7517602281688878
Wall,jepa_wm_wall,19,2,fidelity_constrained_matched_geometry,fidelity_constrained_matched_geometry__seed11419,11419,14083,3,1.9322548933489474
Wall,jepa_wm_wall,19,2,fidelity_constrained_matched_geometry,fidelity_constrained_matched_geometry__seed11419,11419,14083,6,1.9145753022129015
Wall,jepa_wm_wall,20,2,fidelity_constrained_matched_geometry,fidelity_constrained_matched_geometry__seed11419,11419,14083,1,1.6258744290133345
Wall,jepa_wm_wall,20,2,fidelity_constrained_matched_geometry,fidelity_constrained_matched_geometry__seed11419,11419,14083,3,2.0204883491381156
Wall,jepa_wm_wall,20,2,fidelity_constrained_matched_geometry,fidelity_constrained_matched_geometry__seed11419,11419,14083,6,2.1070832797905092
Wall,jepa_wm_wall,21,2,fidelity_constrained_matched_geometry,fidelity_constrained_matched_geometry__seed11419,11419,14083,1,0.9428999470811733
Wall,jepa_wm_wall,21,2,fidelity_constrained_matched_geometry,fidelity_constrained_matched_geometry__seed11419,11419,14083,3,1.6762115908092912
Wall,jepa_wm_wall,21,2,fidelity_constrained_matched_geometry,fidelity_constrained_matched_geometry__seed11419,11419,14083,6,2.139778915610248
Wall,jepa_wm_wall,22,2,fidelity_constrained_matched_geometry,fidelity_constrained_matched_geometry__seed11419,11419,14083,1,1.2505303865489237
Wall,jepa_wm_wall,22,2,fidelity_constrained_matched_geometry,fidelity_constrained_matched_geometry__seed11419,11419,14083,3,1.8501413763314059
Wall,jepa_wm_wall,22,2,fidelity_constrained_matched_geometry,fidelity_constrained_matched_geometry__seed11419,11419,14083,6,2.1501539344324514
Wall,jepa_wm_wall,23,2,fidelity_constrained_matched_geometry,fidelity_constrained_matched_geometry__seed11419,11419,14083,1,1.0483735513057768
Wall,jepa_wm_wall,23,2,fidelity_constrained_matched_geometry,fidelity_constrained_matched_geometry__seed11419,11419,14083,3,1.7944323288904722
Wall,jepa_wm_wall,23,2,fidelity_constrained_matched_geometry,fidelity_constrained_matched_geometry__seed11419,11419,14083,6,2.0625094856716966
Wall,jepa_wm_wall,48,6,fidelity_constrained_matched_geometry,fidelity_constrained_matched_geometry__seed11419,11419,14083,1,1.587615806007339
Wall,jepa_wm_wall,48,6,fidelity_constrained_matched_geometry,fidelity_constrained_matched_geometry__seed11419,11419,14083,3,2.389348589818684
Wall,jepa_wm_wall,48,6,fidelity_constrained_matched_geometry,fidelity_constrained_matched_geometry__seed11419,11419,14083,6,2.4272635164347673
Wall,jepa_wm_wall,49,6,fidelity_constrained_matched_geometry,fidelity_constrained_matched_geometry__seed11419,11419,14083,1,1.5752224379576125
Wall,jepa_wm_wall,49,6,fidelity_constrained_matched_geometry,fidelity_constrained_matched_geometry__seed11419,11419,14083,3,2.427014149234968
Wall,jepa_wm_wall,49,6,fidelity_constrained_matched_geometry,fidelity_constrained_matched_geometry__seed11419,11419,14083,6,2.387421109030818
Wall,jepa_wm_wall,50,6,fidelity_constrained_matched_geometry,fidelity_constrained_matched_geometry__seed11419,11419,14083,1,1.6589583563871058
Wall,jepa_wm_wall,50,6,fidelity_constrained_matched_geometry,fidelity_constrained_matched_geometry__seed11419,11419,14083,3,2.30899571438789
Wall,jepa_wm_wall,50,6,fidelity_constrained_matched_geometry,fidelity_constrained_matched_geometry__seed11419,11419,14083,6,2.4591274739391182
Wall,jepa_wm_wall,51,6,fidelity_constrained_matched_geometry,fidelity_constrained_matched_geometry__seed11419,11419,14083,1,1.9695862899560594
Wall,jepa_wm_wall,51,6,fidelity_constrained_matched_geometry,fidelity_constrained_matched_geometry__seed11419,11419,14083,3,2.2670243053670402
Wall,jepa_wm_wall,51,6,fidelity_constrained_matched_geometry,fidelity_constrained_matched_geometry__seed11419,11419,14083,6,2.2526229779188816
Wall,jepa_wm_wall,52,6,fidelity_constrained_matched_geometry,fidelity_constrained_matched_geometry__seed11419,11419,14083,1,1.5014805026403184
Wall,jepa_wm_wall,52,6,fidelity_constrained_matched_geometry,fidelity_constrained_matched_geometry__seed11419,11419,14083,3,2.325860140226582
Wall,jepa_wm_wall,52,6,fidelity_constrained_matched_geometry,fidelity_constrained_matched_geometry__seed11419,11419,14083,6,2.5400781723007704
Wall,jepa_wm_wall,53,6,fidelity_constrained_matched_geometry,fidelity_constrained_matched_geometry__seed11419,11419,14083,1,1.196908618768814
Wall,jepa_wm_wall,53,6,fidelity_constrained_matched_geometry,fidelity_constrained_matched_geometry__seed11419,11419,14083,3,2.2200121830114927
Wall,jepa_wm_wall,53,6,fidelity_constrained_matched_geometry,fidelity_constrained_matched_geometry__seed11419,11419,14083,6,2.36472398107314
Wall,jepa_wm_wall,54,6,fidelity_constrained_matched_geometry,fidelity_constrained_matched_geometry__seed11419,11419,14083,1,1.8050933383357228
Wall,jepa_wm_wall,54,6,fidelity_constrained_matched_geometry,fidelity_constrained_matched_geometry__seed11419,11419,14083,3,2.3275062892892673
Wall,jepa_wm_wall,54,6,fidelity_constrained_matched_geometry,fidelity_constrained_matched_geometry__seed11419,11419,14083,6,2.5372172218016376
Wall,jepa_wm_wall,55,6,fidelity_constrained_matched_geometry,fidelity_constrained_matched_geometry__seed11419,11419,14083,1,1.3692143118764941
Wall,jepa_wm_wall,55,6,fidelity_constrained_matched_geometry,fidelity_constrained_matched_geometry__seed11419,11419,14083,3,2.225217708034074
Wall,jepa_wm_wall,55,6,fidelity_constrained_matched_geometry,fidelity_constrained_matched_geometry__seed11419,11419,14083,6,2.593833508306492
Wall,jepa_wm_wall,8,1,fidelity_constrained_latent_only,fidelity_constrained_latent_only__seed11437,11437,14083,1,1.751233714505211
Wall,jepa_wm_wall,8,1,fidelity_constrained_latent_only,fidelity_constrained_latent_only__seed11437,11437,14083,3,1.8949965042440382
Wall,jepa_wm_wall,8,1,fidelity_constrained_latent_only,fidelity_constrained_latent_only__seed11437,11437,14083,6,1.9993573687326733
Wall,jepa_wm_wall,9,1,fidelity_constrained_latent_only,fidelity_constrained_latent_only__seed11437,11437,14083,1,0.9232380705056356
Wall,jepa_wm_wall,9,1,fidelity_constrained_latent_only,fidelity_constrained_latent_only__seed11437,11437,14083,3,1.7573278923968112
Wall,jepa_wm_wall,9,1,fidelity_constrained_latent_only,fidelity_constrained_latent_only__seed11437,11437,14083,6,1.8634721915693144
Wall,jepa_wm_wall,10,1,fidelity_constrained_latent_only,fidelity_constrained_latent_only__seed11437,11437,14083,1,1.6855213897715589
Wall,jepa_wm_wall,10,1,fidelity_constrained_latent_only,fidelity_constrained_latent_only__seed11437,11437,14083,3,1.853966792450251
Wall,jepa_wm_wall,10,1,fidelity_constrained_latent_only,fidelity_constrained_latent_only__seed11437,11437,14083,6,1.906891046382652
Wall,jepa_wm_wall,11,1,fidelity_constrained_latent_only,fidelity_constrained_latent_only__seed11437,11437,14083,1,1.0776583944604232
Wall,jepa_wm_wall,11,1,fidelity_constrained_latent_only,fidelity_constrained_latent_only__seed11437,11437,14083,3,1.8973000497395212
Wall,jepa_wm_wall,11,1,fidelity_constrained_latent_only,fidelity_constrained_latent_only__seed11437,11437,14083,6,1.916505348854471
Wall,jepa_wm_wall,12,1,fidelity_constrained_latent_only,fidelity_constrained_latent_only__seed11437,11437,14083,1,0.9319143972586812
Wall,jepa_wm_wall,12,1,fidelity_constrained_latent_only,fidelity_constrained_latent_only__seed11437,11437,14083,3,1.5329894497065366
Wall,jepa_wm_wall,12,1,fidelity_constrained_latent_only,fidelity_constrained_latent_only__seed11437,11437,14083,6,2.1578707837511035
Wall,jepa_wm_wall,13,1,fidelity_constrained_latent_only,fidelity_constrained_latent_only__seed11437,11437,14083,1,1.4019332566325169
Wall,jepa_wm_wall,13,1,fidelity_constrained_latent_only,fidelity_constrained_latent_only__seed11437,11437,14083,3,1.8169032548836677
Wall,jepa_wm_wall,13,1,fidelity_constrained_latent_only,fidelity_constrained_latent_only__seed11437,11437,14083,6,1.9784908584711813
Wall,jepa_wm_wall,14,1,fidelity_constrained_latent_only,fidelity_constrained_latent_only__seed11437,11437,14083,1,0.9506746763248857
Wall,jepa_wm_wall,14,1,fidelity_constrained_latent_only,fidelity_constrained_latent_only__seed11437,11437,14083,3,1.854565093270012
Wall,jepa_wm_wall,14,1,fidelity_constrained_latent_only,fidelity_constrained_latent_only__seed11437,11437,14083,6,1.8058817808486807
Wall,jepa_wm_wall,15,1,fidelity_constrained_latent_only,fidelity_constrained_latent_only__seed11437,11437,14083,1,1.2708484126539266
Wall,jepa_wm_wall,15,1,fidelity_constrained_latent_only,fidelity_constrained_latent_only__seed11437,11437,14083,3,1.987274796174313
Wall,jepa_wm_wall,15,1,fidelity_constrained_latent_only,fidelity_constrained_latent_only__seed11437,11437,14083,6,2.252153073053524
Wall,jepa_wm_wall,16,2,fidelity_constrained_latent_only,fidelity_constrained_latent_only__seed11437,11437,14083,1,1.0992076318524562
Wall,jepa_wm_wall,16,2,fidelity_constrained_latent_only,fidelity_constrained_latent_only__seed11437,11437,14083,3,1.803526592324358
Wall,jepa_wm_wall,16,2,fidelity_constrained_latent_only,fidelity_constrained_latent_only__seed11437,11437,14083,6,2.1100368644322445
Wall,jepa_wm_wall,17,2,fidelity_constrained_latent_only,fidelity_constrained_latent_only__seed11437,11437,14083,1,1.279664649320051
Wall,jepa_wm_wall,17,2,fidelity_constrained_latent_only,fidelity_constrained_latent_only__seed11437,11437,14083,3,1.6640916209043537
Wall,jepa_wm_wall,17,2,fidelity_constrained_latent_only,fidelity_constrained_latent_only__seed11437,11437,14083,6,2.1291504166782604
Wall,jepa_wm_wall,18,2,fidelity_constrained_latent_only,fidelity_constrained_latent_only__seed11437,11437,14083,1,1.0025667436249632
Wall,jepa_wm_wall,18,2,fidelity_constrained_latent_only,fidelity_constrained_latent_only__seed11437,11437,14083,3,1.5406450099759705
Wall,jepa_wm_wall,18,2,fidelity_constrained_latent_only,fidelity_constrained_latent_only__seed11437,11437,14083,6,2.1363272880466866
Wall,jepa_wm_wall,19,2,fidelity_constrained_latent_only,fidelity_constrained_latent_only__seed11437,11437,14083,1,1.7333865267167827
Wall,jepa_wm_wall,19,2,fidelity_constrained_latent_only,fidelity_constrained_latent_only__seed11437,11437,14083,3,1.8939042738395393
Wall,jepa_wm_wall,19,2,fidelity_constrained_latent_only,fidelity_constrained_latent_only__seed11437,11437,14083,6,1.9631407456518672
Wall,jepa_wm_wall,20,2,fidelity_constrained_latent_only,fidelity_constrained_latent_only__seed11437,11437,14083,1,1.6003517182437208
Wall,jepa_wm_wall,20,2,fidelity_constrained_latent_only,fidelity_constrained_latent_only__seed11437,11437,14083,3,1.9906292729198833
Wall,jepa_wm_wall,20,2,fidelity_constrained_latent_only,fidelity_constrained_latent_only__seed11437,11437,14083,6,2.12312512441117
Wall,jepa_wm_wall,21,2,fidelity_constrained_latent_only,fidelity_constrained_latent_only__seed11437,11437,14083,1,1.0661218351967754
Wall,jepa_wm_wall,21,2,fidelity_constrained_latent_only,fidelity_constrained_latent_only__seed11437,11437,14083,3,1.519875772472607
Wall,jepa_wm_wall,21,2,fidelity_constrained_latent_only,fidelity_constrained_latent_only__seed11437,11437,14083,6,2.1363451681316854
Wall,jepa_wm_wall,22,2,fidelity_constrained_latent_only,fidelity_constrained_latent_only__seed11437,11437,14083,1,1.249746969083761
Wall,jepa_wm_wall,22,2,fidelity_constrained_latent_only,fidelity_constrained_latent_only__seed11437,11437,14083,3,1.6801398612885463
Wall,jepa_wm_wall,22,2,fidelity_constrained_latent_only,fidelity_constrained_latent_only__seed11437,11437,14083,6,2.1755859130873567
Wall,jepa_wm_wall,23,2,fidelity_constrained_latent_only,fidelity_constrained_latent_only__seed11437,11437,14083,1,1.06320690621321
Wall,jepa_wm_wall,23,2,fidelity_constrained_latent_only,fidelity_constrained_latent_only__seed11437,11437,14083,3,1.7629368523072402
Wall,jepa_wm_wall,23,2,fidelity_constrained_latent_only,fidelity_constrained_latent_only__seed11437,11437,14083,6,2.024908323455752
Wall,jepa_wm_wall,48,6,fidelity_constrained_latent_only,fidelity_constrained_latent_only__seed11437,11437,14083,1,1.3793360367981078
Wall,jepa_wm_wall,48,6,fidelity_constrained_latent_only,fidelity_constrained_latent_only__seed11437,11437,14083,3,2.348249579989892
Wall,jepa_wm_wall,48,6,fidelity_constrained_latent_only,fidelity_constrained_latent_only__seed11437,11437,14083,6,2.632447478777529
Wall,jepa_wm_wall,49,6,fidelity_constrained_latent_only,fidelity_constrained_latent_only__seed11437,11437,14083,1,1.4517130673030005
Wall,jepa_wm_wall,49,6,fidelity_constrained_latent_only,fidelity_constrained_latent_only__seed11437,11437,14083,3,2.3821000106726813
Wall,jepa_wm_wall,49,6,fidelity_constrained_latent_only,fidelity_constrained_latent_only__seed11437,11437,14083,6,2.6648674791377083
Wall,jepa_wm_wall,50,6,fidelity_constrained_latent_only,fidelity_constrained_latent_only__seed11437,11437,14083,1,1.5774418036295381
Wall,jepa_wm_wall,50,6,fidelity_constrained_latent_only,fidelity_constrained_latent_only__seed11437,11437,14083,3,2.1610276298527027
Wall,jepa_wm_wall,50,6,fidelity_constrained_latent_only,fidelity_constrained_latent_only__seed11437,11437,14083,6,2.5751838657284964
Wall,jepa_wm_wall,51,6,fidelity_constrained_latent_only,fidelity_constrained_latent_only__seed11437,11437,14083,1,1.7429345052478802
Wall,jepa_wm_wall,51,6,fidelity_constrained_latent_only,fidelity_constrained_latent_only__seed11437,11437,14083,3,2.241891222913816
Wall,jepa_wm_wall,51,6,fidelity_constrained_latent_only,fidelity_constrained_latent_only__seed11437,11437,14083,6,2.3858581865026456
Wall,jepa_wm_wall,52,6,fidelity_constrained_latent_only,fidelity_constrained_latent_only__seed11437,11437,14083,1,1.4581936771350068
Wall,jepa_wm_wall,52,6,fidelity_constrained_latent_only,fidelity_constrained_latent_only__seed11437,11437,14083,3,2.0852580858910272
Wall,jepa_wm_wall,52,6,fidelity_constrained_latent_only,fidelity_constrained_latent_only__seed11437,11437,14083,6,2.521810461438268
Wall,jepa_wm_wall,53,6,fidelity_constrained_latent_only,fidelity_constrained_latent_only__seed11437,11437,14083,1,1.099499574065536
Wall,jepa_wm_wall,53,6,fidelity_constrained_latent_only,fidelity_constrained_latent_only__seed11437,11437,14083,3,2.0502900362256056
Wall,jepa_wm_wall,53,6,fidelity_constrained_latent_only,fidelity_constrained_latent_only__seed11437,11437,14083,6,2.5641708602908375
Wall,jepa_wm_wall,54,6,fidelity_constrained_latent_only,fidelity_constrained_latent_only__seed11437,11437,14083,1,1.6738616017526247
Wall,jepa_wm_wall,54,6,fidelity_constrained_latent_only,fidelity_constrained_latent_only__seed11437,11437,14083,3,2.1984938715578877
Wall,jepa_wm_wall,54,6,fidelity_constrained_latent_only,fidelity_constrained_latent_only__seed11437,11437,14083,6,2.6405371887274454
Wall,jepa_wm_wall,55,6,fidelity_constrained_latent_only,fidelity_constrained_latent_only__seed11437,11437,14083,1,1.335364544761948
Wall,jepa_wm_wall,55,6,fidelity_constrained_latent_only,fidelity_constrained_latent_only__seed11437,11437,14083,3,2.035810031155226
Wall,jepa_wm_wall,55,6,fidelity_constrained_latent_only,fidelity_constrained_latent_only__seed11437,11437,14083,6,2.6619907543924253
Wall,jepa_wm_wall,8,1,fidelity_constrained_shuffled_geometry,fidelity_constrained_shuffled_geometry__seed11437,11437,14083,1,1.8667463857088904
Wall,jepa_wm_wall,8,1,fidelity_constrained_shuffled_geometry,fidelity_constrained_shuffled_geometry__seed11437,11437,14083,3,1.8872603752528123
Wall,jepa_wm_wall,8,1,fidelity_constrained_shuffled_geometry,fidelity_constrained_shuffled_geometry__seed11437,11437,14083,6,1.7879068046647553
Wall,jepa_wm_wall,9,1,fidelity_constrained_shuffled_geometry,fidelity_constrained_shuffled_geometry__seed11437,11437,14083,1,0.9105639557107872
Wall,jepa_wm_wall,9,1,fidelity_constrained_shuffled_geometry,fidelity_constrained_shuffled_geometry__seed11437,11437,14083,3,1.9725167333160343
Wall,jepa_wm_wall,9,1,fidelity_constrained_shuffled_geometry,fidelity_constrained_shuffled_geometry__seed11437,11437,14083,6,1.8364352795453307
Wall,jepa_wm_wall,10,1,fidelity_constrained_shuffled_geometry,fidelity_constrained_shuffled_geometry__seed11437,11437,14083,1,1.716464974003127
Wall,jepa_wm_wall,10,1,fidelity_constrained_shuffled_geometry,fidelity_constrained_shuffled_geometry__seed11437,11437,14083,3,1.9545896631397834
Wall,jepa_wm_wall,10,1,fidelity_constrained_shuffled_geometry,fidelity_constrained_shuffled_geometry__seed11437,11437,14083,6,1.7572972697583287
Wall,jepa_wm_wall,11,1,fidelity_constrained_shuffled_geometry,fidelity_constrained_shuffled_geometry__seed11437,11437,14083,1,1.1363989379703696
Wall,jepa_wm_wall,11,1,fidelity_constrained_shuffled_geometry,fidelity_constrained_shuffled_geometry__seed11437,11437,14083,3,2.0117436035670457
Wall,jepa_wm_wall,11,1,fidelity_constrained_shuffled_geometry,fidelity_constrained_shuffled_geometry__seed11437,11437,14083,6,1.8206241902342575
Wall,jepa_wm_wall,12,1,fidelity_constrained_shuffled_geometry,fidelity_constrained_shuffled_geometry__seed11437,11437,14083,1,0.9891172821983313
Wall,jepa_wm_wall,12,1,fidelity_constrained_shuffled_geometry,fidelity_constrained_shuffled_geometry__seed11437,11437,14083,3,1.714545290259213
Wall,jepa_wm_wall,12,1,fidelity_constrained_shuffled_geometry,fidelity_constrained_shuffled_geometry__seed11437,11437,14083,6,1.935291441324004
Wall,jepa_wm_wall,13,1,fidelity_constrained_shuffled_geometry,fidelity_constrained_shuffled_geometry__seed11437,11437,14083,1,1.5138949946889433
Wall,jepa_wm_wall,13,1,fidelity_constrained_shuffled_geometry,fidelity_constrained_shuffled_geometry__seed11437,11437,14083,3,1.8396526987514497
Wall,jepa_wm_wall,13,1,fidelity_constrained_shuffled_geometry,fidelity_constrained_shuffled_geometry__seed11437,11437,14083,6,1.642692223410316
Wall,jepa_wm_wall,14,1,fidelity_constrained_shuffled_geometry,fidelity_constrained_shuffled_geometry__seed11437,11437,14083,1,0.9319761273111594
Wall,jepa_wm_wall,14,1,fidelity_constrained_shuffled_geometry,fidelity_constrained_shuffled_geometry__seed11437,11437,14083,3,1.8072655244608533
Wall,jepa_wm_wall,14,1,fidelity_constrained_shuffled_geometry,fidelity_constrained_shuffled_geometry__seed11437,11437,14083,6,1.7363104452913547
Wall,jepa_wm_wall,15,1,fidelity_constrained_shuffled_geometry,fidelity_constrained_shuffled_geometry__seed11437,11437,14083,1,1.3311373660973338
Wall,jepa_wm_wall,15,1,fidelity_constrained_shuffled_geometry,fidelity_constrained_shuffled_geometry__seed11437,11437,14083,3,2.0523276334217293
Wall,jepa_wm_wall,15,1,fidelity_constrained_shuffled_geometry,fidelity_constrained_shuffled_geometry__seed11437,11437,14083,6,1.987964442367101
Wall,jepa_wm_wall,16,2,fidelity_constrained_shuffled_geometry,fidelity_constrained_shuffled_geometry__seed11437,11437,14083,1,1.1681084754733742
Wall,jepa_wm_wall,16,2,fidelity_constrained_shuffled_geometry,fidelity_constrained_shuffled_geometry__seed11437,11437,14083,3,1.867616927960389
Wall,jepa_wm_wall,16,2,fidelity_constrained_shuffled_geometry,fidelity_constrained_shuffled_geometry__seed11437,11437,14083,6,2.1434143786609523
Wall,jepa_wm_wall,17,2,fidelity_constrained_shuffled_geometry,fidelity_constrained_shuffled_geometry__seed11437,11437,14083,1,1.2005693710969276
Wall,jepa_wm_wall,17,2,fidelity_constrained_shuffled_geometry,fidelity_constrained_shuffled_geometry__seed11437,11437,14083,3,1.8353472784145286
Wall,jepa_wm_wall,17,2,fidelity_constrained_shuffled_geometry,fidelity_constrained_shuffled_geometry__seed11437,11437,14083,6,2.1401048657788135
Wall,jepa_wm_wall,18,2,fidelity_constrained_shuffled_geometry,fidelity_constrained_shuffled_geometry__seed11437,11437,14083,1,0.8274353314950376
Wall,jepa_wm_wall,18,2,fidelity_constrained_shuffled_geometry,fidelity_constrained_shuffled_geometry__seed11437,11437,14083,3,1.442003812948707
Wall,jepa_wm_wall,18,2,fidelity_constrained_shuffled_geometry,fidelity_constrained_shuffled_geometry__seed11437,11437,14083,6,2.2612295987162483
Wall,jepa_wm_wall,19,2,fidelity_constrained_shuffled_geometry,fidelity_constrained_shuffled_geometry__seed11437,11437,14083,1,1.7749903136308869
Wall,jepa_wm_wall,19,2,fidelity_constrained_shuffled_geometry,fidelity_constrained_shuffled_geometry__seed11437,11437,14083,3,1.982440189583585
Wall,jepa_wm_wall,19,2,fidelity_constrained_shuffled_geometry,fidelity_constrained_shuffled_geometry__seed11437,11437,14083,6,1.9843214583134672
Wall,jepa_wm_wall,20,2,fidelity_constrained_shuffled_geometry,fidelity_constrained_shuffled_geometry__seed11437,11437,14083,1,1.6277220059383068
Wall,jepa_wm_wall,20,2,fidelity_constrained_shuffled_geometry,fidelity_constrained_shuffled_geometry__seed11437,11437,14083,3,2.0466823189299226
Wall,jepa_wm_wall,20,2,fidelity_constrained_shuffled_geometry,fidelity_constrained_shuffled_geometry__seed11437,11437,14083,6,2.145598508966597
Wall,jepa_wm_wall,21,2,fidelity_constrained_shuffled_geometry,fidelity_constrained_shuffled_geometry__seed11437,11437,14083,1,0.9349894192231177
Wall,jepa_wm_wall,21,2,fidelity_constrained_shuffled_geometry,fidelity_constrained_shuffled_geometry__seed11437,11437,14083,3,1.7170966975066828
Wall,jepa_wm_wall,21,2,fidelity_constrained_shuffled_geometry,fidelity_constrained_shuffled_geometry__seed11437,11437,14083,6,2.083093614240675
Wall,jepa_wm_wall,22,2,fidelity_constrained_shuffled_geometry,fidelity_constrained_shuffled_geometry__seed11437,11437,14083,1,1.235222676909205
Wall,jepa_wm_wall,22,2,fidelity_constrained_shuffled_geometry,fidelity_constrained_shuffled_geometry__seed11437,11437,14083,3,1.8439353050450986
Wall,jepa_wm_wall,22,2,fidelity_constrained_shuffled_geometry,fidelity_constrained_shuffled_geometry__seed11437,11437,14083,6,2.1852654577372763
Wall,jepa_wm_wall,23,2,fidelity_constrained_shuffled_geometry,fidelity_constrained_shuffled_geometry__seed11437,11437,14083,1,1.0351551205633018
Wall,jepa_wm_wall,23,2,fidelity_constrained_shuffled_geometry,fidelity_constrained_shuffled_geometry__seed11437,11437,14083,3,1.81119582318947
Wall,jepa_wm_wall,23,2,fidelity_constrained_shuffled_geometry,fidelity_constrained_shuffled_geometry__seed11437,11437,14083,6,2.0275039794230776
Wall,jepa_wm_wall,48,6,fidelity_constrained_shuffled_geometry,fidelity_constrained_shuffled_geometry__seed11437,11437,14083,1,1.6420347570608718
Wall,jepa_wm_wall,48,6,fidelity_constrained_shuffled_geometry,fidelity_constrained_shuffled_geometry__seed11437,11437,14083,3,2.4650849001381956
Wall,jepa_wm_wall,48,6,fidelity_constrained_shuffled_geometry,fidelity_constrained_shuffled_geometry__seed11437,11437,14083,6,2.395151551697719
Wall,jepa_wm_wall,49,6,fidelity_constrained_shuffled_geometry,fidelity_constrained_shuffled_geometry__seed11437,11437,14083,1,1.6060560248251654
Wall,jepa_wm_wall,49,6,fidelity_constrained_shuffled_geometry,fidelity_constrained_shuffled_geometry__seed11437,11437,14083,3,2.466952974762281
Wall,jepa_wm_wall,49,6,fidelity_constrained_shuffled_geometry,fidelity_constrained_shuffled_geometry__seed11437,11437,14083,6,2.370191434464505
Wall,jepa_wm_wall,50,6,fidelity_constrained_shuffled_geometry,fidelity_constrained_shuffled_geometry__seed11437,11437,14083,1,1.7344987309519864
Wall,jepa_wm_wall,50,6,fidelity_constrained_shuffled_geometry,fidelity_constrained_shuffled_geometry__seed11437,11437,14083,3,2.332770328050302
Wall,jepa_wm_wall,50,6,fidelity_constrained_shuffled_geometry,fidelity_constrained_shuffled_geometry__seed11437,11437,14083,6,2.4068249895219567
Wall,jepa_wm_wall,51,6,fidelity_constrained_shuffled_geometry,fidelity_constrained_shuffled_geometry__seed11437,11437,14083,1,2.0374611445509396
Wall,jepa_wm_wall,51,6,fidelity_constrained_shuffled_geometry,fidelity_constrained_shuffled_geometry__seed11437,11437,14083,3,2.335685616762329
Wall,jepa_wm_wall,51,6,fidelity_constrained_shuffled_geometry,fidelity_constrained_shuffled_geometry__seed11437,11437,14083,6,2.2678463688420254
Wall,jepa_wm_wall,52,6,fidelity_constrained_shuffled_geometry,fidelity_constrained_shuffled_geometry__seed11437,11437,14083,1,1.5913072128254877
Wall,jepa_wm_wall,52,6,fidelity_constrained_shuffled_geometry,fidelity_constrained_shuffled_geometry__seed11437,11437,14083,3,2.4571583970174817
Wall,jepa_wm_wall,52,6,fidelity_constrained_shuffled_geometry,fidelity_constrained_shuffled_geometry__seed11437,11437,14083,6,2.489141692340181
Wall,jepa_wm_wall,53,6,fidelity_constrained_shuffled_geometry,fidelity_constrained_shuffled_geometry__seed11437,11437,14083,1,1.2507242485210432
Wall,jepa_wm_wall,53,6,fidelity_constrained_shuffled_geometry,fidelity_constrained_shuffled_geometry__seed11437,11437,14083,3,2.2335434097981395
Wall,jepa_wm_wall,53,6,fidelity_constrained_shuffled_geometry,fidelity_constrained_shuffled_geometry__seed11437,11437,14083,6,2.297413979862347
Wall,jepa_wm_wall,54,6,fidelity_constrained_shuffled_geometry,fidelity_constrained_shuffled_geometry__seed11437,11437,14083,1,1.8687675077845736
Wall,jepa_wm_wall,54,6,fidelity_constrained_shuffled_geometry,fidelity_constrained_shuffled_geometry__seed11437,11437,14083,3,2.388879953860835
Wall,jepa_wm_wall,54,6,fidelity_constrained_shuffled_geometry,fidelity_constrained_shuffled_geometry__seed11437,11437,14083,6,2.5243779270555553
Wall,jepa_wm_wall,55,6,fidelity_constrained_shuffled_geometry,fidelity_constrained_shuffled_geometry__seed11437,11437,14083,1,1.419852369574132
Wall,jepa_wm_wall,55,6,fidelity_constrained_shuffled_geometry,fidelity_constrained_shuffled_geometry__seed11437,11437,14083,3,2.3376352202044948
Wall,jepa_wm_wall,55,6,fidelity_constrained_shuffled_geometry,fidelity_constrained_shuffled_geometry__seed11437,11437,14083,6,2.541221101245387
Wall,jepa_wm_wall,8,1,fidelity_constrained_matched_geometry,fidelity_constrained_matched_geometry__seed11437,11437,14083,1,1.8192946469380586
Wall,jepa_wm_wall,8,1,fidelity_constrained_matched_geometry,fidelity_constrained_matched_geometry__seed11437,11437,14083,3,1.914081268748094
Wall,jepa_wm_wall,8,1,fidelity_constrained_matched_geometry,fidelity_constrained_matched_geometry__seed11437,11437,14083,6,1.751237784600698
Wall,jepa_wm_wall,9,1,fidelity_constrained_matched_geometry,fidelity_constrained_matched_geometry__seed11437,11437,14083,1,0.8698824387891542
Wall,jepa_wm_wall,9,1,fidelity_constrained_matched_geometry,fidelity_constrained_matched_geometry__seed11437,11437,14083,3,1.8235673388384044
Wall,jepa_wm_wall,9,1,fidelity_constrained_matched_geometry,fidelity_constrained_matched_geometry__seed11437,11437,14083,6,1.7694906058707098
Wall,jepa_wm_wall,10,1,fidelity_constrained_matched_geometry,fidelity_constrained_matched_geometry__seed11437,11437,14083,1,1.659459526017129
Wall,jepa_wm_wall,10,1,fidelity_constrained_matched_geometry,fidelity_constrained_matched_geometry__seed11437,11437,14083,3,1.8830744324991504
Wall,jepa_wm_wall,10,1,fidelity_constrained_matched_geometry,fidelity_constrained_matched_geometry__seed11437,11437,14083,6,1.7397258052099882
Wall,jepa_wm_wall,11,1,fidelity_constrained_matched_geometry,fidelity_constrained_matched_geometry__seed11437,11437,14083,1,1.116693393431358
Wall,jepa_wm_wall,11,1,fidelity_constrained_matched_geometry,fidelity_constrained_matched_geometry__seed11437,11437,14083,3,1.9332450023532333
Wall,jepa_wm_wall,11,1,fidelity_constrained_matched_geometry,fidelity_constrained_matched_geometry__seed11437,11437,14083,6,1.786077957606387
Wall,jepa_wm_wall,12,1,fidelity_constrained_matched_geometry,fidelity_constrained_matched_geometry__seed11437,11437,14083,1,0.9591899446165059
Wall,jepa_wm_wall,12,1,fidelity_constrained_matched_geometry,fidelity_constrained_matched_geometry__seed11437,11437,14083,3,1.5802240177876727
Wall,jepa_wm_wall,12,1,fidelity_constrained_matched_geometry,fidelity_constrained_matched_geometry__seed11437,11437,14083,6,1.9853088321686005
Wall,jepa_wm_wall,13,1,fidelity_constrained_matched_geometry,fidelity_constrained_matched_geometry__seed11437,11437,14083,1,1.4518058834740104
Wall,jepa_wm_wall,13,1,fidelity_constrained_matched_geometry,fidelity_constrained_matched_geometry__seed11437,11437,14083,3,1.7749790008274928
Wall,jepa_wm_wall,13,1,fidelity_constrained_matched_geometry,fidelity_constrained_matched_geometry__seed11437,11437,14083,6,1.726561558550897
Wall,jepa_wm_wall,14,1,fidelity_constrained_matched_geometry,fidelity_constrained_matched_geometry__seed11437,11437,14083,1,0.9136108610122199
Wall,jepa_wm_wall,14,1,fidelity_constrained_matched_geometry,fidelity_constrained_matched_geometry__seed11437,11437,14083,3,1.8009507313680584
Wall,jepa_wm_wall,14,1,fidelity_constrained_matched_geometry,fidelity_constrained_matched_geometry__seed11437,11437,14083,6,1.6679607619820376
Wall,jepa_wm_wall,15,1,fidelity_constrained_matched_geometry,fidelity_constrained_matched_geometry__seed11437,11437,14083,1,1.2858750934631904
Wall,jepa_wm_wall,15,1,fidelity_constrained_matched_geometry,fidelity_constrained_matched_geometry__seed11437,11437,14083,3,2.0022098904433627
Wall,jepa_wm_wall,15,1,fidelity_constrained_matched_geometry,fidelity_constrained_matched_geometry__seed11437,11437,14083,6,1.9491330184151945
Wall,jepa_wm_wall,16,2,fidelity_constrained_matched_geometry,fidelity_constrained_matched_geometry__seed11437,11437,14083,1,1.1677734973358305
Wall,jepa_wm_wall,16,2,fidelity_constrained_matched_geometry,fidelity_constrained_matched_geometry__seed11437,11437,14083,3,1.7718371106986923
Wall,jepa_wm_wall,16,2,fidelity_constrained_matched_geometry,fidelity_constrained_matched_geometry__seed11437,11437,14083,6,2.1201581492656527
Wall,jepa_wm_wall,17,2,fidelity_constrained_matched_geometry,fidelity_constrained_matched_geometry__seed11437,11437,14083,1,1.236501804338268
Wall,jepa_wm_wall,17,2,fidelity_constrained_matched_geometry,fidelity_constrained_matched_geometry__seed11437,11437,14083,3,1.841388528207297
Wall,jepa_wm_wall,17,2,fidelity_constrained_matched_geometry,fidelity_constrained_matched_geometry__seed11437,11437,14083,6,2.1003805920849774
Wall,jepa_wm_wall,18,2,fidelity_constrained_matched_geometry,fidelity_constrained_matched_geometry__seed11437,11437,14083,1,0.87920901252301
Wall,jepa_wm_wall,18,2,fidelity_constrained_matched_geometry,fidelity_constrained_matched_geometry__seed11437,11437,14083,3,1.4036741549146525
Wall,jepa_wm_wall,18,2,fidelity_constrained_matched_geometry,fidelity_constrained_matched_geometry__seed11437,11437,14083,6,2.208287336147264
Wall,jepa_wm_wall,19,2,fidelity_constrained_matched_geometry,fidelity_constrained_matched_geometry__seed11437,11437,14083,1,1.7516524026535272
Wall,jepa_wm_wall,19,2,fidelity_constrained_matched_geometry,fidelity_constrained_matched_geometry__seed11437,11437,14083,3,1.9265519354576057
Wall,jepa_wm_wall,19,2,fidelity_constrained_matched_geometry,fidelity_constrained_matched_geometry__seed11437,11437,14083,6,1.8963514583409662
Wall,jepa_wm_wall,20,2,fidelity_constrained_matched_geometry,fidelity_constrained_matched_geometry__seed11437,11437,14083,1,1.6239470290201432
Wall,jepa_wm_wall,20,2,fidelity_constrained_matched_geometry,fidelity_constrained_matched_geometry__seed11437,11437,14083,3,2.0165366592652685
Wall,jepa_wm_wall,20,2,fidelity_constrained_matched_geometry,fidelity_constrained_matched_geometry__seed11437,11437,14083,6,2.101994418703817
Wall,jepa_wm_wall,21,2,fidelity_constrained_matched_geometry,fidelity_constrained_matched_geometry__seed11437,11437,14083,1,0.9452325605687428
Wall,jepa_wm_wall,21,2,fidelity_constrained_matched_geometry,fidelity_constrained_matched_geometry__seed11437,11437,14083,3,1.672658880207023
Wall,jepa_wm_wall,21,2,fidelity_constrained_matched_geometry,fidelity_constrained_matched_geometry__seed11437,11437,14083,6,2.1391336794342783
Wall,jepa_wm_wall,22,2,fidelity_constrained_matched_geometry,fidelity_constrained_matched_geometry__seed11437,11437,14083,1,1.2592635584501182
Wall,jepa_wm_wall,22,2,fidelity_constrained_matched_geometry,fidelity_constrained_matched_geometry__seed11437,11437,14083,3,1.8487797206394303
Wall,jepa_wm_wall,22,2,fidelity_constrained_matched_geometry,fidelity_constrained_matched_geometry__seed11437,11437,14083,6,2.1452000874480817
Wall,jepa_wm_wall,23,2,fidelity_constrained_matched_geometry,fidelity_constrained_matched_geometry__seed11437,11437,14083,1,1.0559954796497402
Wall,jepa_wm_wall,23,2,fidelity_constrained_matched_geometry,fidelity_constrained_matched_geometry__seed11437,11437,14083,3,1.794096512284219
Wall,jepa_wm_wall,23,2,fidelity_constrained_matched_geometry,fidelity_constrained_matched_geometry__seed11437,11437,14083,6,2.0542281705303145
Wall,jepa_wm_wall,48,6,fidelity_constrained_matched_geometry,fidelity_constrained_matched_geometry__seed11437,11437,14083,1,1.583584048478526
Wall,jepa_wm_wall,48,6,fidelity_constrained_matched_geometry,fidelity_constrained_matched_geometry__seed11437,11437,14083,3,2.3749636513302046
Wall,jepa_wm_wall,48,6,fidelity_constrained_matched_geometry,fidelity_constrained_matched_geometry__seed11437,11437,14083,6,2.428914186022474
Wall,jepa_wm_wall,49,6,fidelity_constrained_matched_geometry,fidelity_constrained_matched_geometry__seed11437,11437,14083,1,1.5754024712850438
Wall,jepa_wm_wall,49,6,fidelity_constrained_matched_geometry,fidelity_constrained_matched_geometry__seed11437,11437,14083,3,2.407474148001945
Wall,jepa_wm_wall,49,6,fidelity_constrained_matched_geometry,fidelity_constrained_matched_geometry__seed11437,11437,14083,6,2.4051374063371
Wall,jepa_wm_wall,50,6,fidelity_constrained_matched_geometry,fidelity_constrained_matched_geometry__seed11437,11437,14083,1,1.6594350740468715
Wall,jepa_wm_wall,50,6,fidelity_constrained_matched_geometry,fidelity_constrained_matched_geometry__seed11437,11437,14083,3,2.2976419865621187
Wall,jepa_wm_wall,50,6,fidelity_constrained_matched_geometry,fidelity_constrained_matched_geometry__seed11437,11437,14083,6,2.4429433814624457
Wall,jepa_wm_wall,51,6,fidelity_constrained_matched_geometry,fidelity_constrained_matched_geometry__seed11437,11437,14083,1,1.964275752662815
Wall,jepa_wm_wall,51,6,fidelity_constrained_matched_geometry,fidelity_constrained_matched_geometry__seed11437,11437,14083,3,2.2612578426266836
Wall,jepa_wm_wall,51,6,fidelity_constrained_matched_geometry,fidelity_constrained_matched_geometry__seed11437,11437,14083,6,2.244848215846862
Wall,jepa_wm_wall,52,6,fidelity_constrained_matched_geometry,fidelity_constrained_matched_geometry__seed11437,11437,14083,1,1.494445295811975
Wall,jepa_wm_wall,52,6,fidelity_constrained_matched_geometry,fidelity_constrained_matched_geometry__seed11437,11437,14083,3,2.3165072635917388
Wall,jepa_wm_wall,52,6,fidelity_constrained_matched_geometry,fidelity_constrained_matched_geometry__seed11437,11437,14083,6,2.5294537075353922
Wall,jepa_wm_wall,53,6,fidelity_constrained_matched_geometry,fidelity_constrained_matched_geometry__seed11437,11437,14083,1,1.2000121382115985
Wall,jepa_wm_wall,53,6,fidelity_constrained_matched_geometry,fidelity_constrained_matched_geometry__seed11437,11437,14083,3,2.2067149598350113
Wall,jepa_wm_wall,53,6,fidelity_constrained_matched_geometry,fidelity_constrained_matched_geometry__seed11437,11437,14083,6,2.37506774623924
Wall,jepa_wm_wall,54,6,fidelity_constrained_matched_geometry,fidelity_constrained_matched_geometry__seed11437,11437,14083,1,1.799893526707126
Wall,jepa_wm_wall,54,6,fidelity_constrained_matched_geometry,fidelity_constrained_matched_geometry__seed11437,11437,14083,3,2.325630683210428
Wall,jepa_wm_wall,54,6,fidelity_constrained_matched_geometry,fidelity_constrained_matched_geometry__seed11437,11437,14083,6,2.5154133977267574
Wall,jepa_wm_wall,55,6,fidelity_constrained_matched_geometry,fidelity_constrained_matched_geometry__seed11437,11437,14083,1,1.3730095242391795
Wall,jepa_wm_wall,55,6,fidelity_constrained_matched_geometry,fidelity_constrained_matched_geometry__seed11437,11437,14083,3,2.2056082680352085
Wall,jepa_wm_wall,55,6,fidelity_constrained_matched_geometry,fidelity_constrained_matched_geometry__seed11437,11437,14083,6,2.565365223925463
