environment,method,adaptation_seed,projection_seed,horizon,metric,estimate,low,high,n_tasks,n_bootstrap,task_means_json
PushT,fidelity_constrained_latent_only,11401,14011,1,normalized_regret,0.3620849475870336,0.23780461484971135,0.49031139276528335,3,2000,"{""1"": 0.23780461484971133, ""2"": 0.3581388351461061, ""6"": 0.49031139276528335}"
PushT,fidelity_constrained_latent_only,11401,14011,1,weighted_pairwise_accuracy,0.4765348878676614,0.3994677237330786,0.5485289972729489,3,2000,"{""1"": 0.5485289972729489, ""2"": 0.48160794259695666, ""6"": 0.3994677237330786}"
PushT,fidelity_constrained_latent_only,11401,14011,1,top1_correct,0.4583333333333333,0.25,0.625,3,2000,"{""1"": 0.625, ""2"": 0.5, ""6"": 0.25}"
PushT,fidelity_constrained_latent_only,11401,14011,1,normalized_margin_rmse,5.401666989130425,1.9835373310811812,8.346578668688306,3,2000,"{""1"": 1.9835373310811812, ""2"": 5.874884967621789, ""6"": 8.346578668688306}"
PushT,fidelity_constrained_latent_only,11401,14011,1,pose_error,0.08652872193812876,0.07604301631597259,0.10368605192418368,3,2000,"{""1"": 0.10368605192418368, ""2"": 0.07604301631597259, ""6"": 0.07985709757422998}"
PushT,fidelity_constrained_latent_only,11401,14011,1,selected_is_null,0.041666666666666664,0.0,0.125,3,2000,"{""1"": 0.0, ""2"": 0.125, ""6"": 0.0}"
PushT,fidelity_constrained_latent_only,11401,14011,3,normalized_regret,0.2703537801080604,0.11933730067421479,0.4136161311593359,3,2000,"{""1"": 0.2781079084906304, ""2"": 0.41361613115933593, ""6"": 0.11933730067421479}"
PushT,fidelity_constrained_latent_only,11401,14011,3,weighted_pairwise_accuracy,0.7074970109487261,0.6098959173804599,0.7636578168659242,3,2000,"{""1"": 0.7636578168659243, ""2"": 0.6098959173804599, ""6"": 0.7489372985997943}"
PushT,fidelity_constrained_latent_only,11401,14011,3,top1_correct,0.375,0.25,0.5,3,2000,"{""1"": 0.5, ""2"": 0.25, ""6"": 0.375}"
PushT,fidelity_constrained_latent_only,11401,14011,3,normalized_margin_rmse,1.2508495061416827,1.0162440477238728,1.624401283152257,3,2000,"{""1"": 1.1119031875489185, ""2"": 1.624401283152257, ""6"": 1.0162440477238728}"
PushT,fidelity_constrained_latent_only,11401,14011,3,pose_error,0.08702133564360144,0.07137640652180248,0.1090657367527122,3,2000,"{""1"": 0.07137640652180248, ""2"": 0.1090657367527122, ""6"": 0.08062186365628964}"
PushT,fidelity_constrained_latent_only,11401,14011,3,selected_is_null,0.041666666666666664,0.0,0.125,3,2000,"{""1"": 0.125, ""2"": 0.0, ""6"": 0.0}"
PushT,fidelity_constrained_latent_only,11401,14011,6,normalized_regret,0.20997288043147125,0.051562353127594086,0.3853905558270017,3,2000,"{""1"": 0.38539055582700177, ""2"": 0.19296573233981798, ""6"": 0.051562353127594086}"
PushT,fidelity_constrained_latent_only,11401,14011,6,weighted_pairwise_accuracy,0.68372816847427,0.6317952201209731,0.7818013767387293,3,2000,"{""1"": 0.6317952201209731, ""2"": 0.6375879085631075, ""6"": 0.7818013767387293}"
PushT,fidelity_constrained_latent_only,11401,14011,6,top1_correct,0.5,0.375,0.625,3,2000,"{""1"": 0.375, ""2"": 0.5, ""6"": 0.625}"
PushT,fidelity_constrained_latent_only,11401,14011,6,normalized_margin_rmse,1.0714066995077884,1.0052268554665085,1.1736755302995339,3,2000,"{""1"": 1.1736755302995339, ""2"": 1.035317712757323, ""6"": 1.0052268554665085}"
PushT,fidelity_constrained_latent_only,11401,14011,6,pose_error,0.11726129286243708,0.09713267567137375,0.1359938843732185,3,2000,"{""1"": 0.09713267567137375, ""2"": 0.1359938843732185, ""6"": 0.11865731854271899}"
PushT,fidelity_constrained_latent_only,11401,14011,6,selected_is_null,0.0,0.0,0.0,3,2000,"{""1"": 0.0, ""2"": 0.0, ""6"": 0.0}"
PushT,fidelity_constrained_latent_only,11401,14029,1,normalized_regret,0.25129742672686534,0.17365105508785286,0.3732298173554276,3,2000,"{""1"": 0.1736510550878529, ""2"": 0.20701140773731555, ""6"": 0.3732298173554276}"
PushT,fidelity_constrained_latent_only,11401,14029,1,weighted_pairwise_accuracy,0.6180022136298836,0.4277409365599489,0.7873028923261827,3,2000,"{""1"": 0.7873028923261827, ""2"": 0.6389628120035191, ""6"": 0.4277409365599488}"
PushT,fidelity_constrained_latent_only,11401,14029,1,top1_correct,0.5,0.375,0.625,3,2000,"{""1"": 0.375, ""2"": 0.625, ""6"": 0.5}"
PushT,fidelity_constrained_latent_only,11401,14029,1,normalized_margin_rmse,4.977374416438626,1.9084422839194561,8.786837174560777,3,2000,"{""1"": 1.9084422839194561, ""2"": 8.786837174560777, ""6"": 4.236843790835644}"
PushT,fidelity_constrained_latent_only,11401,14029,1,pose_error,0.10540296387150255,0.09132099647548375,0.12176316150033928,3,2000,"{""1"": 0.10312473363868464, ""2"": 0.12176316150033928, ""6"": 0.09132099647548375}"
PushT,fidelity_constrained_latent_only,11401,14029,1,selected_is_null,0.0,0.0,0.0,3,2000,"{""1"": 0.0, ""2"": 0.0, ""6"": 0.0}"
PushT,fidelity_constrained_latent_only,11401,14029,3,normalized_regret,0.22243486565239215,0.2092667816231419,0.23585293840171295,3,2000,"{""1"": 0.2092667816231419, ""2"": 0.22218487693232164, ""6"": 0.23585293840171295}"
PushT,fidelity_constrained_latent_only,11401,14029,3,weighted_pairwise_accuracy,0.7419832704853807,0.6777594666810828,0.8126001632402424,3,2000,"{""1"": 0.7355901815348168, ""2"": 0.6777594666810829, ""6"": 0.8126001632402424}"
PushT,fidelity_constrained_latent_only,11401,14029,3,top1_correct,0.3333333333333333,0.125,0.5,3,2000,"{""1"": 0.5, ""2"": 0.375, ""6"": 0.125}"
PushT,fidelity_constrained_latent_only,11401,14029,3,normalized_margin_rmse,1.2284235809449389,0.8707135925704019,1.6226129601240382,3,2000,"{""1"": 1.191944190140377, ""2"": 1.6226129601240382, ""6"": 0.8707135925704019}"
PushT,fidelity_constrained_latent_only,11401,14029,3,pose_error,0.10256245620794237,0.0848350885614325,0.12886835103164218,3,2000,"{""1"": 0.09398392903075242, ""2"": 0.12886835103164218, ""6"": 0.0848350885614325}"
PushT,fidelity_constrained_latent_only,11401,14029,3,selected_is_null,0.0,0.0,0.0,3,2000,"{""1"": 0.0, ""2"": 0.0, ""6"": 0.0}"
PushT,fidelity_constrained_latent_only,11401,14029,6,normalized_regret,0.29120382347273804,0.23793628214460782,0.3395321575151526,3,2000,"{""1"": 0.23793628214460782, ""2"": 0.2961430307584536, ""6"": 0.3395321575151526}"
PushT,fidelity_constrained_latent_only,11401,14029,6,weighted_pairwise_accuracy,0.6604984385292857,0.6219566314672355,0.7054057610989249,3,2000,"{""1"": 0.6219566314672355, ""2"": 0.6541329230216966, ""6"": 0.7054057610989249}"
PushT,fidelity_constrained_latent_only,11401,14029,6,top1_correct,0.375,0.25,0.5,3,2000,"{""1"": 0.375, ""2"": 0.5, ""6"": 0.25}"
PushT,fidelity_constrained_latent_only,11401,14029,6,normalized_margin_rmse,1.115692181043334,1.0358316672201635,1.211903998740787,3,2000,"{""1"": 1.211903998740787, ""2"": 1.0993408771690514, ""6"": 1.0358316672201635}"
PushT,fidelity_constrained_latent_only,11401,14029,6,pose_error,0.13072564180763552,0.1186790391843582,0.14760302340315962,3,2000,"{""1"": 0.1186790391843582, ""2"": 0.14760302340315962, ""6"": 0.12589486283538875}"
PushT,fidelity_constrained_latent_only,11401,14029,6,selected_is_null,0.0,0.0,0.0,3,2000,"{""1"": 0.0, ""2"": 0.0, ""6"": 0.0}"
PushT,fidelity_constrained_latent_only,11401,14047,1,normalized_regret,0.38521572854992364,0.2942928878094987,0.4359417505161271,3,2000,"{""1"": 0.2942928878094987, ""2"": 0.4359417505161271, ""6"": 0.4254125473241452}"
PushT,fidelity_constrained_latent_only,11401,14047,1,weighted_pairwise_accuracy,0.5241585967246466,0.4769028339805422,0.5775280502272485,3,2000,"{""1"": 0.5775280502272485, ""2"": 0.5180449059661492, ""6"": 0.47690283398054223}"
PushT,fidelity_constrained_latent_only,11401,14047,1,top1_correct,0.375,0.25,0.5,3,2000,"{""1"": 0.375, ""2"": 0.5, ""6"": 0.25}"
PushT,fidelity_constrained_latent_only,11401,14047,1,normalized_margin_rmse,4.28038924503511,1.825847243303228,5.72639883758404,3,2000,"{""1"": 1.825847243303228, ""2"": 5.288921654218063, ""6"": 5.72639883758404}"
PushT,fidelity_constrained_latent_only,11401,14047,1,pose_error,0.0781917094909876,0.0633288584313298,0.0967676704974662,3,2000,"{""1"": 0.07447859954416683, ""2"": 0.09676767049746618, ""6"": 0.0633288584313298}"
PushT,fidelity_constrained_latent_only,11401,14047,1,selected_is_null,0.125,0.0,0.25,3,2000,"{""1"": 0.25, ""2"": 0.0, ""6"": 0.125}"
PushT,fidelity_constrained_latent_only,11401,14047,3,normalized_regret,0.22957963711980364,0.13660215794529704,0.37548567719960113,3,2000,"{""1"": 0.1766510762145127, ""2"": 0.37548567719960113, ""6"": 0.13660215794529704}"
PushT,fidelity_constrained_latent_only,11401,14047,3,weighted_pairwise_accuracy,0.7913866523242458,0.744026576584473,0.863518877489242,3,2000,"{""1"": 0.7440265765844731, ""2"": 0.7666145028990221, ""6"": 0.863518877489242}"
PushT,fidelity_constrained_latent_only,11401,14047,3,top1_correct,0.4166666666666667,0.25,0.625,3,2000,"{""1"": 0.625, ""2"": 0.25, ""6"": 0.375}"
PushT,fidelity_constrained_latent_only,11401,14047,3,normalized_margin_rmse,1.0172215110263707,0.6947863626171383,1.2964649776886779,3,2000,"{""1"": 1.060413192773296, ""2"": 1.2964649776886779, ""6"": 0.6947863626171383}"
PushT,fidelity_constrained_latent_only,11401,14047,3,pose_error,0.09004758657783958,0.07471419064028095,0.11761445332602878,3,2000,"{""1"": 0.077814115767209, ""2"": 0.11761445332602878, ""6"": 0.07471419064028095}"
PushT,fidelity_constrained_latent_only,11401,14047,3,selected_is_null,0.041666666666666664,0.0,0.125,3,2000,"{""1"": 0.0, ""2"": 0.0, ""6"": 0.125}"
PushT,fidelity_constrained_latent_only,11401,14047,6,normalized_regret,0.22807397942697957,0.10234726103799324,0.4043268293270276,3,2000,"{""1"": 0.4043268293270276, ""2"": 0.17754784791591777, ""6"": 0.10234726103799324}"
PushT,fidelity_constrained_latent_only,11401,14047,6,weighted_pairwise_accuracy,0.7268824104847859,0.6463174832825326,0.8437985109943531,3,2000,"{""1"": 0.6463174832825326, ""2"": 0.6905312371774717, ""6"": 0.8437985109943531}"
PushT,fidelity_constrained_latent_only,11401,14047,6,top1_correct,0.25,0.0,0.5,3,2000,"{""1"": 0.0, ""2"": 0.5, ""6"": 0.25}"
PushT,fidelity_constrained_latent_only,11401,14047,6,normalized_margin_rmse,1.0121557970045114,0.8085137503134089,1.1808557390987784,3,2000,"{""1"": 1.0470979016013473, ""2"": 1.1808557390987784, ""6"": 0.808513750313409}"
PushT,fidelity_constrained_latent_only,11401,14047,6,pose_error,0.11809148901766413,0.103406772139297,0.14203322805675006,3,2000,"{""1"": 0.103406772139297, ""2"": 0.14203322805675006, ""6"": 0.10883446685694534}"
PushT,fidelity_constrained_latent_only,11401,14047,6,selected_is_null,0.0,0.0,0.0,3,2000,"{""1"": 0.0, ""2"": 0.0, ""6"": 0.0}"
PushT,fidelity_constrained_latent_only,11401,14065,1,normalized_regret,0.35109063455414874,0.11488593896873889,0.5650941036366038,3,2000,"{""1"": 0.5650941036366038, ""2"": 0.37329186105710355, ""6"": 0.11488593896873889}"
PushT,fidelity_constrained_latent_only,11401,14065,1,weighted_pairwise_accuracy,0.550735394825124,0.34013956970782006,0.6608409282103842,3,2000,"{""1"": 0.34013956970782006, ""2"": 0.6608409282103842, ""6"": 0.6512256865571676}"
PushT,fidelity_constrained_latent_only,11401,14065,1,top1_correct,0.4166666666666667,0.25,0.625,3,2000,"{""1"": 0.25, ""2"": 0.375, ""6"": 0.625}"
PushT,fidelity_constrained_latent_only,11401,14065,1,normalized_margin_rmse,5.053411383683034,2.1347026169810515,8.785026756466774,3,2000,"{""1"": 2.1347026169810515, ""2"": 8.785026756466774, ""6"": 4.240504777601277}"
PushT,fidelity_constrained_latent_only,11401,14065,1,pose_error,0.07856363222072178,0.06095106427437478,0.09091431301999375,3,2000,"{""1"": 0.08382551936779684, ""2"": 0.09091431301999375, ""6"": 0.060951064274374786}"
PushT,fidelity_constrained_latent_only,11401,14065,1,selected_is_null,0.125,0.0,0.25,3,2000,"{""1"": 0.25, ""2"": 0.0, ""6"": 0.125}"
PushT,fidelity_constrained_latent_only,11401,14065,3,normalized_regret,0.1177989237499293,0.08638917396275465,0.1690004110292899,3,2000,"{""1"": 0.16900041102928992, ""2"": 0.09800718625774335, ""6"": 0.08638917396275465}"
PushT,fidelity_constrained_latent_only,11401,14065,3,weighted_pairwise_accuracy,0.7750470052212108,0.7376840825421556,0.803614914041837,3,2000,"{""1"": 0.7838420190796398, ""2"": 0.7376840825421556, ""6"": 0.8036149140418372}"
PushT,fidelity_constrained_latent_only,11401,14065,3,top1_correct,0.5,0.375,0.625,3,2000,"{""1"": 0.375, ""2"": 0.5, ""6"": 0.625}"
PushT,fidelity_constrained_latent_only,11401,14065,3,normalized_margin_rmse,1.1083947206765163,0.8092409913449771,1.320321624654225,3,2000,"{""1"": 1.1956215460303472, ""2"": 1.320321624654225, ""6"": 0.809240991344977}"
PushT,fidelity_constrained_latent_only,11401,14065,3,pose_error,0.09053485649483821,0.07652003299316015,0.11580639569973294,3,2000,"{""1"": 0.0792781407916215, ""2"": 0.11580639569973294, ""6"": 0.07652003299316015}"
PushT,fidelity_constrained_latent_only,11401,14065,3,selected_is_null,0.0,0.0,0.0,3,2000,"{""1"": 0.0, ""2"": 0.0, ""6"": 0.0}"
PushT,fidelity_constrained_latent_only,11401,14065,6,normalized_regret,0.23616405810889204,0.17855022494625872,0.3212581980873214,3,2000,"{""1"": 0.3212581980873214, ""2"": 0.20868375129309596, ""6"": 0.17855022494625872}"
PushT,fidelity_constrained_latent_only,11401,14065,6,weighted_pairwise_accuracy,0.7115785342952705,0.672362427318264,0.7792580724228676,3,2000,"{""1"": 0.672362427318264, ""2"": 0.6831151031446803, ""6"": 0.7792580724228675}"
PushT,fidelity_constrained_latent_only,11401,14065,6,top1_correct,0.4166666666666667,0.375,0.5,3,2000,"{""1"": 0.375, ""2"": 0.375, ""6"": 0.5}"
PushT,fidelity_constrained_latent_only,11401,14065,6,normalized_margin_rmse,1.119529828651707,0.9456876898651988,1.237618540736051,3,2000,"{""1"": 1.237618540736051, ""2"": 1.1752832553538717, ""6"": 0.9456876898651988}"
PushT,fidelity_constrained_latent_only,11401,14065,6,pose_error,0.11894383595994264,0.10762312642640187,0.13288659088225427,3,2000,"{""1"": 0.10762312642640187, ""2"": 0.13288659088225427, ""6"": 0.11632179057117178}"
PushT,fidelity_constrained_latent_only,11401,14065,6,selected_is_null,0.0,0.0,0.0,3,2000,"{""1"": 0.0, ""2"": 0.0, ""6"": 0.0}"
PushT,fidelity_constrained_latent_only,11401,14083,1,normalized_regret,0.29860381074709375,0.20521755904521044,0.41711216025647974,3,2000,"{""1"": 0.2734817129395911, ""2"": 0.4171121602564797, ""6"": 0.20521755904521044}"
PushT,fidelity_constrained_latent_only,11401,14083,1,weighted_pairwise_accuracy,0.5483983553714121,0.42290335426684944,0.6391272385007211,3,2000,"{""1"": 0.583164473346666, ""2"": 0.42290335426684944, ""6"": 0.6391272385007211}"
PushT,fidelity_constrained_latent_only,11401,14083,1,top1_correct,0.375,0.25,0.5,3,2000,"{""1"": 0.25, ""2"": 0.375, ""6"": 0.5}"
PushT,fidelity_constrained_latent_only,11401,14083,1,normalized_margin_rmse,7.358310100482654,2.0778304011765907,10.38335231582603,3,2000,"{""1"": 2.0778304011765907, ""2"": 10.38335231582603, ""6"": 9.613747584445338}"
PushT,fidelity_constrained_latent_only,11401,14083,1,pose_error,0.0909190677386034,0.05799742023135629,0.11101596152614084,3,2000,"{""1"": 0.10374382145831305, ""2"": 0.11101596152614084, ""6"": 0.05799742023135629}"
PushT,fidelity_constrained_latent_only,11401,14083,1,selected_is_null,0.041666666666666664,0.0,0.125,3,2000,"{""1"": 0.0, ""2"": 0.0, ""6"": 0.125}"
PushT,fidelity_constrained_latent_only,11401,14083,3,normalized_regret,0.3344010305038407,0.2412996619430344,0.5064622150530231,3,2000,"{""1"": 0.5064622150530231, ""2"": 0.2554412145154646, ""6"": 0.24129966194303437}"
PushT,fidelity_constrained_latent_only,11401,14083,3,weighted_pairwise_accuracy,0.6878350039993757,0.5340871920040158,0.7690378510525294,3,2000,"{""1"": 0.5340871920040158, ""2"": 0.7603799689415816, ""6"": 0.7690378510525295}"
PushT,fidelity_constrained_latent_only,11401,14083,3,top1_correct,0.3333333333333333,0.25,0.5,3,2000,"{""1"": 0.25, ""2"": 0.5, ""6"": 0.25}"
PushT,fidelity_constrained_latent_only,11401,14083,3,normalized_margin_rmse,1.2031022220219956,0.8371543269679599,1.5436696026406314,3,2000,"{""1"": 1.2284827364573951, ""2"": 1.5436696026406316, ""6"": 0.8371543269679599}"
PushT,fidelity_constrained_latent_only,11401,14083,3,pose_error,0.10216865912735477,0.0798916885211361,0.13161411312416949,3,2000,"{""1"": 0.0798916885211361, ""2"": 0.13161411312416949, ""6"": 0.0950001757367587}"
PushT,fidelity_constrained_latent_only,11401,14083,3,selected_is_null,0.125,0.0,0.25,3,2000,"{""1"": 0.25, ""2"": 0.0, ""6"": 0.125}"
PushT,fidelity_constrained_latent_only,11401,14083,6,normalized_regret,0.26651562799562606,0.19341060259421125,0.32702419523355963,3,2000,"{""1"": 0.32702419523355963, ""2"": 0.2791120861591073, ""6"": 0.19341060259421125}"
PushT,fidelity_constrained_latent_only,11401,14083,6,weighted_pairwise_accuracy,0.7160782941041058,0.6759697844885325,0.7731294696583862,3,2000,"{""1"": 0.6991356281653988, ""2"": 0.6759697844885324, ""6"": 0.7731294696583862}"
PushT,fidelity_constrained_latent_only,11401,14083,6,top1_correct,0.20833333333333334,0.125,0.375,3,2000,"{""1"": 0.125, ""2"": 0.375, ""6"": 0.125}"
PushT,fidelity_constrained_latent_only,11401,14083,6,normalized_margin_rmse,1.0136304824617266,0.9378362210864704,1.1221505314977729,3,2000,"{""1"": 0.9809046948009367, ""2"": 1.1221505314977729, ""6"": 0.9378362210864704}"
PushT,fidelity_constrained_latent_only,11401,14083,6,pose_error,0.12581837769157134,0.10730258448847756,0.14453643932550958,3,2000,"{""1"": 0.10730258448847754, ""2"": 0.14453643932550958, ""6"": 0.12561610926072686}"
PushT,fidelity_constrained_latent_only,11401,14083,6,selected_is_null,0.0,0.0,0.0,3,2000,"{""1"": 0.0, ""2"": 0.0, ""6"": 0.0}"
PushT,fidelity_constrained_latent_only,11419,14011,1,normalized_regret,0.3620849475870336,0.23780461484971135,0.49031139276528335,3,2000,"{""1"": 0.23780461484971133, ""2"": 0.3581388351461061, ""6"": 0.49031139276528335}"
PushT,fidelity_constrained_latent_only,11419,14011,1,weighted_pairwise_accuracy,0.48141399149280334,0.4037799055354992,0.545593945627143,3,2000,"{""1"": 0.545593945627143, ""2"": 0.49486812331576796, ""6"": 0.4037799055354992}"
PushT,fidelity_constrained_latent_only,11419,14011,1,top1_correct,0.4583333333333333,0.25,0.625,3,2000,"{""1"": 0.625, ""2"": 0.5, ""6"": 0.25}"
PushT,fidelity_constrained_latent_only,11419,14011,1,normalized_margin_rmse,5.256929067075241,1.9851078831648845,8.017982763344252,3,2000,"{""1"": 1.9851078831648845, ""2"": 5.767696554716586, ""6"": 8.017982763344252}"
PushT,fidelity_constrained_latent_only,11419,14011,1,pose_error,0.08675476030214606,0.07593055794933569,0.10414226089657025,3,2000,"{""1"": 0.10414226089657025, ""2"": 0.07593055794933569, ""6"": 0.08019146206053224}"
PushT,fidelity_constrained_latent_only,11419,14011,1,selected_is_null,0.041666666666666664,0.0,0.125,3,2000,"{""1"": 0.0, ""2"": 0.125, ""6"": 0.0}"
PushT,fidelity_constrained_latent_only,11419,14011,3,normalized_regret,0.24631562385457573,0.11933730067421479,0.4136161311593359,3,2000,"{""1"": 0.20599343973017642, ""2"": 0.41361613115933593, ""6"": 0.11933730067421479}"
PushT,fidelity_constrained_latent_only,11419,14011,3,weighted_pairwise_accuracy,0.7163716717504193,0.6172622874194984,0.7764389994888287,3,2000,"{""1"": 0.7764389994888286, ""2"": 0.6172622874194984, ""6"": 0.7554137283429307}"
PushT,fidelity_constrained_latent_only,11419,14011,3,top1_correct,0.4166666666666667,0.25,0.625,3,2000,"{""1"": 0.625, ""2"": 0.25, ""6"": 0.375}"
PushT,fidelity_constrained_latent_only,11419,14011,3,normalized_margin_rmse,1.2446273024933778,1.007580936703246,1.6139034262438965,3,2000,"{""1"": 1.1123975445329912, ""2"": 1.6139034262438965, ""6"": 1.007580936703246}"
PushT,fidelity_constrained_latent_only,11419,14011,3,pose_error,0.08714686749645818,0.07186173667629692,0.10947204947734095,3,2000,"{""1"": 0.07186173667629692, ""2"": 0.10947204947734093, ""6"": 0.08010681633573673}"
PushT,fidelity_constrained_latent_only,11419,14011,3,selected_is_null,0.041666666666666664,0.0,0.125,3,2000,"{""1"": 0.125, ""2"": 0.0, ""6"": 0.0}"
PushT,fidelity_constrained_latent_only,11419,14011,6,normalized_regret,0.20997288043147125,0.051562353127594086,0.3853905558270017,3,2000,"{""1"": 0.38539055582700177, ""2"": 0.19296573233981798, ""6"": 0.051562353127594086}"
PushT,fidelity_constrained_latent_only,11419,14011,6,weighted_pairwise_accuracy,0.67928024813646,0.627817809609873,0.7773394870541592,3,2000,"{""1"": 0.6326834477453478, ""2"": 0.627817809609873, ""6"": 0.7773394870541592}"
PushT,fidelity_constrained_latent_only,11419,14011,6,top1_correct,0.5,0.375,0.625,3,2000,"{""1"": 0.375, ""2"": 0.5, ""6"": 0.625}"
PushT,fidelity_constrained_latent_only,11419,14011,6,normalized_margin_rmse,1.0727897806953959,1.0035300316266191,1.1767350005190174,3,2000,"{""1"": 1.1767350005190174, ""2"": 1.0381043099405511, ""6"": 1.0035300316266191}"
PushT,fidelity_constrained_latent_only,11419,14011,6,pose_error,0.11749201959638574,0.09720253528648531,0.1365813859883806,3,2000,"{""1"": 0.09720253528648531, ""2"": 0.1365813859883806, ""6"": 0.11869213751429131}"
PushT,fidelity_constrained_latent_only,11419,14011,6,selected_is_null,0.0,0.0,0.0,3,2000,"{""1"": 0.0, ""2"": 0.0, ""6"": 0.0}"
PushT,fidelity_constrained_latent_only,11419,14029,1,normalized_regret,0.2422609966667564,0.17365105508785286,0.3461205271751007,3,2000,"{""1"": 0.1736510550878529, ""2"": 0.20701140773731555, ""6"": 0.3461205271751008}"
PushT,fidelity_constrained_latent_only,11419,14029,1,weighted_pairwise_accuracy,0.6230206483017743,0.440601427437779,0.7873028923261827,3,2000,"{""1"": 0.7873028923261827, ""2"": 0.6411576251413612, ""6"": 0.440601427437779}"
PushT,fidelity_constrained_latent_only,11419,14029,1,top1_correct,0.5,0.375,0.625,3,2000,"{""1"": 0.375, ""2"": 0.625, ""6"": 0.5}"
PushT,fidelity_constrained_latent_only,11419,14029,1,normalized_margin_rmse,5.00362123086239,1.9084855566008796,8.879528841423696,3,2000,"{""1"": 1.9084855566008796, ""2"": 8.879528841423696, ""6"": 4.222849294562595}"
PushT,fidelity_constrained_latent_only,11419,14029,1,pose_error,0.1047241331100594,0.0899829449605225,0.12023226582377626,3,2000,"{""1"": 0.10395718854587946, ""2"": 0.12023226582377625, ""6"": 0.0899829449605225}"
PushT,fidelity_constrained_latent_only,11419,14029,1,selected_is_null,0.041666666666666664,0.0,0.125,3,2000,"{""1"": 0.0, ""2"": 0.125, ""6"": 0.0}"
PushT,fidelity_constrained_latent_only,11419,14029,3,normalized_regret,0.20053428299641565,0.12728616827886047,0.32195784052583765,3,2000,"{""1"": 0.32195784052583765, ""2"": 0.15235884018454887, ""6"": 0.12728616827886047}"
PushT,fidelity_constrained_latent_only,11419,14029,3,weighted_pairwise_accuracy,0.7431546466214797,0.6849229590411706,0.8221712448385152,3,2000,"{""1"": 0.7223697359847535, ""2"": 0.6849229590411705, ""6"": 0.8221712448385152}"
PushT,fidelity_constrained_latent_only,11419,14029,3,top1_correct,0.375,0.25,0.5,3,2000,"{""1"": 0.5, ""2"": 0.375, ""6"": 0.25}"
PushT,fidelity_constrained_latent_only,11419,14029,3,normalized_margin_rmse,1.2196264311526612,0.8654477111595996,1.6145027580825342,3,2000,"{""1"": 1.1789288242158507, ""2"": 1.614502758082534, ""6"": 0.8654477111595995}"
PushT,fidelity_constrained_latent_only,11419,14029,3,pose_error,0.10190190273450743,0.08383806416894606,0.12840575060537707,3,2000,"{""1"": 0.09346189342919915, ""2"": 0.12840575060537707, ""6"": 0.08383806416894604}"
PushT,fidelity_constrained_latent_only,11419,14029,3,selected_is_null,0.0,0.0,0.0,3,2000,"{""1"": 0.0, ""2"": 0.0, ""6"": 0.0}"
PushT,fidelity_constrained_latent_only,11419,14029,6,normalized_regret,0.29120382347273804,0.23793628214460782,0.3395321575151526,3,2000,"{""1"": 0.23793628214460782, ""2"": 0.2961430307584536, ""6"": 0.3395321575151526}"
PushT,fidelity_constrained_latent_only,11419,14029,6,weighted_pairwise_accuracy,0.6538557204485484,0.613118742869459,0.7014723341606658,3,2000,"{""1"": 0.613118742869459, ""2"": 0.6469760843155207, ""6"": 0.7014723341606658}"
PushT,fidelity_constrained_latent_only,11419,14029,6,top1_correct,0.375,0.25,0.5,3,2000,"{""1"": 0.375, ""2"": 0.5, ""6"": 0.25}"
PushT,fidelity_constrained_latent_only,11419,14029,6,normalized_margin_rmse,1.1200588547104913,1.036110611053496,1.2181172909191855,3,2000,"{""1"": 1.2181172909191855, ""2"": 1.105948662158793, ""6"": 1.036110611053496}"
PushT,fidelity_constrained_latent_only,11419,14029,6,pose_error,0.13068681427978912,0.11868536435850596,0.14760618216245658,3,2000,"{""1"": 0.11868536435850596, ""2"": 0.14760618216245658, ""6"": 0.12576889631840482}"
PushT,fidelity_constrained_latent_only,11419,14029,6,selected_is_null,0.0,0.0,0.0,3,2000,"{""1"": 0.0, ""2"": 0.0, ""6"": 0.0}"
PushT,fidelity_constrained_latent_only,11419,14047,1,normalized_regret,0.380571406551873,0.2942928878094987,0.44777580332006056,3,2000,"{""1"": 0.2942928878094987, ""2"": 0.3996455285260596, ""6"": 0.4477758033200606}"
PushT,fidelity_constrained_latent_only,11419,14047,1,weighted_pairwise_accuracy,0.5249880133638014,0.48519023518717286,0.5761465293589704,3,2000,"{""1"": 0.5761465293589704, ""2"": 0.513627275545261, ""6"": 0.48519023518717286}"
PushT,fidelity_constrained_latent_only,11419,14047,1,top1_correct,0.375,0.25,0.5,3,2000,"{""1"": 0.375, ""2"": 0.5, ""6"": 0.25}"
PushT,fidelity_constrained_latent_only,11419,14047,1,normalized_margin_rmse,4.25334147409023,1.803573498239098,5.696495113545917,3,2000,"{""1"": 1.803573498239098, ""2"": 5.259955810485675, ""6"": 5.696495113545916}"
PushT,fidelity_constrained_latent_only,11419,14047,1,pose_error,0.07806542095401045,0.0632762787379905,0.09632311808796823,3,2000,"{""1"": 0.07459686603607264, ""2"": 0.09632311808796823, ""6"": 0.0632762787379905}"
PushT,fidelity_constrained_latent_only,11419,14047,1,selected_is_null,0.16666666666666666,0.0,0.25,3,2000,"{""1"": 0.25, ""2"": 0.0, ""6"": 0.25}"
PushT,fidelity_constrained_latent_only,11419,14047,3,normalized_regret,0.22957963711980364,0.13660215794529704,0.37548567719960113,3,2000,"{""1"": 0.1766510762145127, ""2"": 0.37548567719960113, ""6"": 0.13660215794529704}"
PushT,fidelity_constrained_latent_only,11419,14047,3,weighted_pairwise_accuracy,0.798713858103795,0.7608500738477252,0.8602046048253132,3,2000,"{""1"": 0.775086895638347, ""2"": 0.7608500738477251, ""6"": 0.8602046048253131}"
PushT,fidelity_constrained_latent_only,11419,14047,3,top1_correct,0.4166666666666667,0.25,0.625,3,2000,"{""1"": 0.625, ""2"": 0.25, ""6"": 0.375}"
PushT,fidelity_constrained_latent_only,11419,14047,3,normalized_margin_rmse,1.0070612030791242,0.6975343240387465,1.2879559194701935,3,2000,"{""1"": 1.0356933657284322, ""2"": 1.2879559194701935, ""6"": 0.6975343240387465}"
PushT,fidelity_constrained_latent_only,11419,14047,3,pose_error,0.08963085972667512,0.07459482485954834,0.117312345679545,3,2000,"{""1"": 0.07698540864093201, ""2"": 0.11731234567954499, ""6"": 0.07459482485954834}"
PushT,fidelity_constrained_latent_only,11419,14047,3,selected_is_null,0.041666666666666664,0.0,0.125,3,2000,"{""1"": 0.0, ""2"": 0.0, ""6"": 0.125}"
PushT,fidelity_constrained_latent_only,11419,14047,6,normalized_regret,0.22807397942697957,0.10234726103799324,0.4043268293270276,3,2000,"{""1"": 0.4043268293270276, ""2"": 0.17754784791591777, ""6"": 0.10234726103799324}"
PushT,fidelity_constrained_latent_only,11419,14047,6,weighted_pairwise_accuracy,0.7171214657587833,0.6400471251441238,0.8314934575005598,3,2000,"{""1"": 0.6400471251441238, ""2"": 0.6798238146316664, ""6"": 0.8314934575005599}"
PushT,fidelity_constrained_latent_only,11419,14047,6,top1_correct,0.25,0.0,0.5,3,2000,"{""1"": 0.0, ""2"": 0.5, ""6"": 0.25}"
PushT,fidelity_constrained_latent_only,11419,14047,6,normalized_margin_rmse,1.0142798979383287,0.8126331821475672,1.1831082943616054,3,2000,"{""1"": 1.0470982173058136, ""2"": 1.1831082943616054, ""6"": 0.8126331821475672}"
PushT,fidelity_constrained_latent_only,11419,14047,6,pose_error,0.11811989257039561,0.10306492957574602,0.14210250371355915,3,2000,"{""1"": 0.103064929575746, ""2"": 0.14210250371355915, ""6"": 0.10919224442188166}"
PushT,fidelity_constrained_latent_only,11419,14047,6,selected_is_null,0.0,0.0,0.0,3,2000,"{""1"": 0.0, ""2"": 0.0, ""6"": 0.0}"
PushT,fidelity_constrained_latent_only,11419,14065,1,normalized_regret,0.35109063455414874,0.11488593896873889,0.5650941036366038,3,2000,"{""1"": 0.5650941036366038, ""2"": 0.37329186105710355, ""6"": 0.11488593896873889}"
PushT,fidelity_constrained_latent_only,11419,14065,1,weighted_pairwise_accuracy,0.5498983161243829,0.3376283336055968,0.6608409282103842,3,2000,"{""1"": 0.3376283336055968, ""2"": 0.6608409282103842, ""6"": 0.6512256865571676}"
PushT,fidelity_constrained_latent_only,11419,14065,1,top1_correct,0.4166666666666667,0.25,0.625,3,2000,"{""1"": 0.25, ""2"": 0.375, ""6"": 0.625}"
PushT,fidelity_constrained_latent_only,11419,14065,1,normalized_margin_rmse,4.967391538939591,2.1767599308957934,8.638724557935827,3,2000,"{""1"": 2.1767599308957934, ""2"": 8.638724557935827, ""6"": 4.086690127987152}"
PushT,fidelity_constrained_latent_only,11419,14065,1,pose_error,0.07763183994011454,0.05958874401222872,0.09006653335413702,3,2000,"{""1"": 0.08324024245397785, ""2"": 0.09006653335413703, ""6"": 0.05958874401222872}"
PushT,fidelity_constrained_latent_only,11419,14065,1,selected_is_null,0.125,0.0,0.25,3,2000,"{""1"": 0.25, ""2"": 0.0, ""6"": 0.125}"
PushT,fidelity_constrained_latent_only,11419,14065,3,normalized_regret,0.1177989237499293,0.08638917396275465,0.1690004110292899,3,2000,"{""1"": 0.16900041102928992, ""2"": 0.09800718625774335, ""6"": 0.08638917396275465}"
PushT,fidelity_constrained_latent_only,11419,14065,3,weighted_pairwise_accuracy,0.7733431207292041,0.738437264223712,0.8020156196966481,3,2000,"{""1"": 0.7795764782672521, ""2"": 0.738437264223712, ""6"": 0.8020156196966481}"
PushT,fidelity_constrained_latent_only,11419,14065,3,top1_correct,0.5,0.375,0.625,3,2000,"{""1"": 0.375, ""2"": 0.5, ""6"": 0.625}"
PushT,fidelity_constrained_latent_only,11419,14065,3,normalized_margin_rmse,1.1062782600716043,0.8075463726812832,1.3129709574195991,3,2000,"{""1"": 1.1983174501139309, ""2"": 1.3129709574195991, ""6"": 0.8075463726812832}"
PushT,fidelity_constrained_latent_only,11419,14065,3,pose_error,0.09021450884801809,0.07622954790336973,0.11546267191942,3,2000,"{""1"": 0.07895130672126452, ""2"": 0.11546267191942, ""6"": 0.07622954790336973}"
PushT,fidelity_constrained_latent_only,11419,14065,3,selected_is_null,0.0,0.0,0.0,3,2000,"{""1"": 0.0, ""2"": 0.0, ""6"": 0.0}"
PushT,fidelity_constrained_latent_only,11419,14065,6,normalized_regret,0.23616405810889204,0.17855022494625872,0.3212581980873214,3,2000,"{""1"": 0.3212581980873214, ""2"": 0.20868375129309596, ""6"": 0.17855022494625872}"
PushT,fidelity_constrained_latent_only,11419,14065,6,weighted_pairwise_accuracy,0.7121410905853618,0.6707341803193887,0.7766100345157557,3,2000,"{""1"": 0.6707341803193887, ""2"": 0.6890790569209411, ""6"": 0.7766100345157556}"
PushT,fidelity_constrained_latent_only,11419,14065,6,top1_correct,0.4166666666666667,0.375,0.5,3,2000,"{""1"": 0.375, ""2"": 0.375, ""6"": 0.5}"
PushT,fidelity_constrained_latent_only,11419,14065,6,normalized_margin_rmse,1.1193430107167155,0.9392042511444143,1.2376303877374464,3,2000,"{""1"": 1.2376303877374464, ""2"": 1.1811943932682856, ""6"": 0.9392042511444143}"
PushT,fidelity_constrained_latent_only,11419,14065,6,pose_error,0.11865582887873853,0.10779773901816064,0.13206989200303706,3,2000,"{""1"": 0.10779773901816064, ""2"": 0.13206989200303706, ""6"": 0.11609985561501787}"
PushT,fidelity_constrained_latent_only,11419,14065,6,selected_is_null,0.0,0.0,0.0,3,2000,"{""1"": 0.0, ""2"": 0.0, ""6"": 0.0}"
PushT,fidelity_constrained_latent_only,11419,14083,1,normalized_regret,0.29860381074709375,0.20521755904521044,0.41711216025647974,3,2000,"{""1"": 0.2734817129395911, ""2"": 0.4171121602564797, ""6"": 0.20521755904521044}"
PushT,fidelity_constrained_latent_only,11419,14083,1,weighted_pairwise_accuracy,0.543788173764573,0.43463353523487963,0.6183213611716878,3,2000,"{""1"": 0.5784096248871514, ""2"": 0.4346335352348797, ""6"": 0.6183213611716878}"
PushT,fidelity_constrained_latent_only,11419,14083,1,top1_correct,0.375,0.25,0.5,3,2000,"{""1"": 0.25, ""2"": 0.375, ""6"": 0.5}"
PushT,fidelity_constrained_latent_only,11419,14083,1,normalized_margin_rmse,7.456385816036668,2.060589093981418,10.609615629020098,3,2000,"{""1"": 2.060589093981418, ""2"": 10.609615629020098, ""6"": 9.698952725108484}"
PushT,fidelity_constrained_latent_only,11419,14083,1,pose_error,0.0904292925934988,0.05854523761490917,0.1104948929887987,3,2000,"{""1"": 0.10224774717678853, ""2"": 0.1104948929887987, ""6"": 0.05854523761490917}"
PushT,fidelity_constrained_latent_only,11419,14083,1,selected_is_null,0.041666666666666664,0.0,0.125,3,2000,"{""1"": 0.0, ""2"": 0.0, ""6"": 0.125}"
PushT,fidelity_constrained_latent_only,11419,14083,3,normalized_regret,0.3344010305038407,0.2412996619430344,0.5064622150530231,3,2000,"{""1"": 0.5064622150530231, ""2"": 0.2554412145154646, ""6"": 0.24129966194303437}"
PushT,fidelity_constrained_latent_only,11419,14083,3,weighted_pairwise_accuracy,0.6847133277208455,0.5331132467855488,0.7694817732945896,3,2000,"{""1"": 0.5331132467855488, ""2"": 0.7515449630823979, ""6"": 0.7694817732945896}"
PushT,fidelity_constrained_latent_only,11419,14083,3,top1_correct,0.3333333333333333,0.25,0.5,3,2000,"{""1"": 0.25, ""2"": 0.5, ""6"": 0.25}"
PushT,fidelity_constrained_latent_only,11419,14083,3,normalized_margin_rmse,1.1925893223916353,0.835797810323907,1.5148419852144848,3,2000,"{""1"": 1.2271281716365143, ""2"": 1.5148419852144848, ""6"": 0.835797810323907}"
PushT,fidelity_constrained_latent_only,11419,14083,3,pose_error,0.10198869548921023,0.07955854613991575,0.1315469748223498,3,2000,"{""1"": 0.07955854613991575, ""2"": 0.1315469748223498, ""6"": 0.09486056550536512}"
PushT,fidelity_constrained_latent_only,11419,14083,3,selected_is_null,0.125,0.0,0.25,3,2000,"{""1"": 0.25, ""2"": 0.0, ""6"": 0.125}"
PushT,fidelity_constrained_latent_only,11419,14083,6,normalized_regret,0.26651562799562606,0.19341060259421125,0.32702419523355963,3,2000,"{""1"": 0.32702419523355963, ""2"": 0.2791120861591073, ""6"": 0.19341060259421125}"
PushT,fidelity_constrained_latent_only,11419,14083,6,weighted_pairwise_accuracy,0.7163511975087898,0.6735859368787928,0.7702187398255601,3,2000,"{""1"": 0.7052489158220168, ""2"": 0.6735859368787926, ""6"": 0.7702187398255601}"
PushT,fidelity_constrained_latent_only,11419,14083,6,top1_correct,0.20833333333333334,0.125,0.375,3,2000,"{""1"": 0.125, ""2"": 0.375, ""6"": 0.125}"
PushT,fidelity_constrained_latent_only,11419,14083,6,normalized_margin_rmse,1.010209605573767,0.9356616155365675,1.1140380270550048,3,2000,"{""1"": 0.9809291741297286, ""2"": 1.1140380270550048, ""6"": 0.9356616155365675}"
PushT,fidelity_constrained_latent_only,11419,14083,6,pose_error,0.12591566165665194,0.10696820945909995,0.14522280652895886,3,2000,"{""1"": 0.10696820945909995, ""2"": 0.14522280652895886, ""6"": 0.12555596898189697}"
PushT,fidelity_constrained_latent_only,11419,14083,6,selected_is_null,0.0,0.0,0.0,3,2000,"{""1"": 0.0, ""2"": 0.0, ""6"": 0.0}"
PushT,fidelity_constrained_latent_only,11437,14011,1,normalized_regret,0.3620849475870336,0.23780461484971135,0.49031139276528335,3,2000,"{""1"": 0.23780461484971133, ""2"": 0.3581388351461061, ""6"": 0.49031139276528335}"
PushT,fidelity_constrained_latent_only,11437,14011,1,weighted_pairwise_accuracy,0.48160720575661453,0.40435954832693266,0.545593945627143,3,2000,"{""1"": 0.545593945627143, ""2"": 0.49486812331576796, ""6"": 0.40435954832693266}"
PushT,fidelity_constrained_latent_only,11437,14011,1,top1_correct,0.4583333333333333,0.25,0.625,3,2000,"{""1"": 0.625, ""2"": 0.5, ""6"": 0.25}"
PushT,fidelity_constrained_latent_only,11437,14011,1,normalized_margin_rmse,5.303569322691665,1.975240132522148,8.150671814627351,3,2000,"{""1"": 1.975240132522148, ""2"": 5.784796020925496, ""6"": 8.150671814627351}"
PushT,fidelity_constrained_latent_only,11437,14011,1,pose_error,0.08666983063861733,0.07531666368943407,0.10398863412683783,3,2000,"{""1"": 0.10398863412683783, ""2"": 0.07531666368943407, ""6"": 0.08070419409958009}"
PushT,fidelity_constrained_latent_only,11437,14011,1,selected_is_null,0.041666666666666664,0.0,0.125,3,2000,"{""1"": 0.0, ""2"": 0.125, ""6"": 0.0}"
PushT,fidelity_constrained_latent_only,11437,14011,3,normalized_regret,0.28798229052124236,0.11933730067421479,0.4136161311593359,3,2000,"{""1"": 0.33099343973017636, ""2"": 0.41361613115933593, ""6"": 0.11933730067421479}"
PushT,fidelity_constrained_latent_only,11437,14011,3,weighted_pairwise_accuracy,0.7061345988827874,0.6143986587322204,0.757990009181199,3,2000,"{""1"": 0.7579900091811991, ""2"": 0.6143986587322204, ""6"": 0.7460151287349428}"
PushT,fidelity_constrained_latent_only,11437,14011,3,top1_correct,0.375,0.25,0.5,3,2000,"{""1"": 0.5, ""2"": 0.25, ""6"": 0.375}"
PushT,fidelity_constrained_latent_only,11437,14011,3,normalized_margin_rmse,1.2484589300774291,1.013325967942015,1.620272501566671,3,2000,"{""1"": 1.1117783207236014, ""2"": 1.620272501566671, ""6"": 1.013325967942015}"
PushT,fidelity_constrained_latent_only,11437,14011,3,pose_error,0.0872208946290205,0.07172788950846605,0.10947735813444727,3,2000,"{""1"": 0.07172788950846605, ""2"": 0.10947735813444727, ""6"": 0.08045743624414815}"
PushT,fidelity_constrained_latent_only,11437,14011,3,selected_is_null,0.041666666666666664,0.0,0.125,3,2000,"{""1"": 0.125, ""2"": 0.0, ""6"": 0.0}"
PushT,fidelity_constrained_latent_only,11437,14011,6,normalized_regret,0.20997288043147125,0.051562353127594086,0.3853905558270017,3,2000,"{""1"": 0.38539055582700177, ""2"": 0.19296573233981798, ""6"": 0.051562353127594086}"
PushT,fidelity_constrained_latent_only,11437,14011,6,weighted_pairwise_accuracy,0.6780689014067819,0.6217127201139238,0.7724157042284284,3,2000,"{""1"": 0.6400782798779937, ""2"": 0.6217127201139238, ""6"": 0.7724157042284283}"
PushT,fidelity_constrained_latent_only,11437,14011,6,top1_correct,0.5,0.375,0.625,3,2000,"{""1"": 0.375, ""2"": 0.5, ""6"": 0.625}"
PushT,fidelity_constrained_latent_only,11437,14011,6,normalized_margin_rmse,1.076517558498306,1.0079185984403216,1.1804222131411288,3,2000,"{""1"": 1.1804222131411288, ""2"": 1.041211863913467, ""6"": 1.0079185984403216}"
PushT,fidelity_constrained_latent_only,11437,14011,6,pose_error,0.11763006739931148,0.09751112590740801,0.13668417958297555,3,2000,"{""1"": 0.09751112590740801, ""2"": 0.13668417958297555, ""6"": 0.11869489670755085}"
PushT,fidelity_constrained_latent_only,11437,14011,6,selected_is_null,0.0,0.0,0.0,3,2000,"{""1"": 0.0, ""2"": 0.0, ""6"": 0.0}"
PushT,fidelity_constrained_latent_only,11437,14029,1,normalized_regret,0.2422609966667564,0.17365105508785286,0.3461205271751007,3,2000,"{""1"": 0.1736510550878529, ""2"": 0.20701140773731555, ""6"": 0.3461205271751008}"
PushT,fidelity_constrained_latent_only,11437,14029,1,weighted_pairwise_accuracy,0.6272963724517503,0.4534285998877072,0.7873028923261827,3,2000,"{""1"": 0.7873028923261827, ""2"": 0.6411576251413612, ""6"": 0.4534285998877072}"
PushT,fidelity_constrained_latent_only,11437,14029,1,top1_correct,0.5,0.375,0.625,3,2000,"{""1"": 0.375, ""2"": 0.625, ""6"": 0.5}"
PushT,fidelity_constrained_latent_only,11437,14029,1,normalized_margin_rmse,5.029827230988577,1.9116969686072756,8.83444980766344,3,2000,"{""1"": 1.9116969686072756, ""2"": 8.83444980766344, ""6"": 4.3433349166950155}"
PushT,fidelity_constrained_latent_only,11437,14029,1,pose_error,0.10484347831658149,0.09094870152597005,0.11986522202654855,3,2000,"{""1"": 0.10371651139722587, ""2"": 0.11986522202654856, ""6"": 0.09094870152597004}"
PushT,fidelity_constrained_latent_only,11437,14029,1,selected_is_null,0.0,0.0,0.0,3,2000,"{""1"": 0.0, ""2"": 0.0, ""6"": 0.0}"
PushT,fidelity_constrained_latent_only,11437,14029,3,normalized_regret,0.1686688437788355,0.12728616827886047,0.22636152287309727,3,2000,"{""1"": 0.22636152287309727, ""2"": 0.15235884018454887, ""6"": 0.12728616827886047}"
PushT,fidelity_constrained_latent_only,11437,14029,3,weighted_pairwise_accuracy,0.7464818389791082,0.6839657605604414,0.8221712448385152,3,2000,"{""1"": 0.733308511538368, ""2"": 0.6839657605604414, ""6"": 0.8221712448385152}"
PushT,fidelity_constrained_latent_only,11437,14029,3,top1_correct,0.3333333333333333,0.25,0.375,3,2000,"{""1"": 0.375, ""2"": 0.375, ""6"": 0.25}"
PushT,fidelity_constrained_latent_only,11437,14029,3,normalized_margin_rmse,1.222610111636756,0.8740780347481251,1.6146700002236756,3,2000,"{""1"": 1.1790822999384671, ""2"": 1.6146700002236756, ""6"": 0.8740780347481251}"
PushT,fidelity_constrained_latent_only,11437,14029,3,pose_error,0.10211481451746623,0.08466246501491792,0.1282577555472686,3,2000,"{""1"": 0.09342422299021219, ""2"": 0.1282577555472686, ""6"": 0.08466246501491792}"
PushT,fidelity_constrained_latent_only,11437,14029,3,selected_is_null,0.0,0.0,0.0,3,2000,"{""1"": 0.0, ""2"": 0.0, ""6"": 0.0}"
PushT,fidelity_constrained_latent_only,11437,14029,6,normalized_regret,0.29120382347273804,0.23793628214460782,0.3395321575151526,3,2000,"{""1"": 0.23793628214460782, ""2"": 0.2961430307584536, ""6"": 0.3395321575151526}"
PushT,fidelity_constrained_latent_only,11437,14029,6,weighted_pairwise_accuracy,0.6509589074446236,0.6121305608843217,0.6922586190503939,3,2000,"{""1"": 0.6121305608843217, ""2"": 0.6484875423991551, ""6"": 0.6922586190503939}"
PushT,fidelity_constrained_latent_only,11437,14029,6,top1_correct,0.375,0.25,0.5,3,2000,"{""1"": 0.375, ""2"": 0.5, ""6"": 0.25}"
PushT,fidelity_constrained_latent_only,11437,14029,6,normalized_margin_rmse,1.1236182323622963,1.045884680458688,1.2167353713262887,3,2000,"{""1"": 1.2167353713262887, ""2"": 1.1082346453019116, ""6"": 1.045884680458688}"
PushT,fidelity_constrained_latent_only,11437,14029,6,pose_error,0.13097420928274237,0.11864408285490262,0.1475430591393206,3,2000,"{""1"": 0.11864408285490262, ""2"": 0.1475430591393206, ""6"": 0.12673548585400382}"
PushT,fidelity_constrained_latent_only,11437,14029,6,selected_is_null,0.0,0.0,0.0,3,2000,"{""1"": 0.0, ""2"": 0.0, ""6"": 0.0}"
PushT,fidelity_constrained_latent_only,11437,14047,1,normalized_regret,0.380571406551873,0.2942928878094987,0.44777580332006056,3,2000,"{""1"": 0.2942928878094987, ""2"": 0.3996455285260596, ""6"": 0.4477758033200606}"
PushT,fidelity_constrained_latent_only,11437,14047,1,weighted_pairwise_accuracy,0.5267414258687118,0.48511912337541346,0.5775280502272485,3,2000,"{""1"": 0.5775280502272485, ""2"": 0.5175771040034731, ""6"": 0.48511912337541346}"
PushT,fidelity_constrained_latent_only,11437,14047,1,top1_correct,0.375,0.25,0.5,3,2000,"{""1"": 0.375, ""2"": 0.5, ""6"": 0.25}"
PushT,fidelity_constrained_latent_only,11437,14047,1,normalized_margin_rmse,4.356325080861025,1.8176243555060652,5.873185878601778,3,2000,"{""1"": 1.8176243555060652, ""2"": 5.378165008475234, ""6"": 5.873185878601778}"
PushT,fidelity_constrained_latent_only,11437,14047,1,pose_error,0.0779604589090649,0.06339395430244692,0.0961098245818993,3,2000,"{""1"": 0.0743775978428485, ""2"": 0.0961098245818993, ""6"": 0.06339395430244692}"
PushT,fidelity_constrained_latent_only,11437,14047,1,selected_is_null,0.16666666666666666,0.0,0.25,3,2000,"{""1"": 0.25, ""2"": 0.0, ""6"": 0.25}"
PushT,fidelity_constrained_latent_only,11437,14047,3,normalized_regret,0.22957963711980364,0.13660215794529704,0.37548567719960113,3,2000,"{""1"": 0.1766510762145127, ""2"": 0.37548567719960113, ""6"": 0.13660215794529704}"
PushT,fidelity_constrained_latent_only,11437,14047,3,weighted_pairwise_accuracy,0.803003533293866,0.7645090578188011,0.8698574942028706,3,2000,"{""1"": 0.7746440478599262, ""2"": 0.7645090578188011, ""6"": 0.8698574942028705}"
PushT,fidelity_constrained_latent_only,11437,14047,3,top1_correct,0.4166666666666667,0.25,0.625,3,2000,"{""1"": 0.625, ""2"": 0.25, ""6"": 0.375}"
PushT,fidelity_constrained_latent_only,11437,14047,3,normalized_margin_rmse,1.0072496876002903,0.693736827135235,1.2917456959617266,3,2000,"{""1"": 1.0362665397039088, ""2"": 1.2917456959617266, ""6"": 0.6937368271352351}"
PushT,fidelity_constrained_latent_only,11437,14047,3,pose_error,0.08962802353981864,0.07461106677394114,0.1171950328048928,3,2000,"{""1"": 0.07707797104062197, ""2"": 0.1171950328048928, ""6"": 0.07461106677394114}"
PushT,fidelity_constrained_latent_only,11437,14047,3,selected_is_null,0.041666666666666664,0.0,0.125,3,2000,"{""1"": 0.0, ""2"": 0.0, ""6"": 0.125}"
PushT,fidelity_constrained_latent_only,11437,14047,6,normalized_regret,0.22807397942697957,0.10234726103799324,0.4043268293270276,3,2000,"{""1"": 0.4043268293270276, ""2"": 0.17754784791591777, ""6"": 0.10234726103799324}"
PushT,fidelity_constrained_latent_only,11437,14047,6,weighted_pairwise_accuracy,0.7191945905336924,0.6370103580723627,0.8407859324076167,3,2000,"{""1"": 0.6370103580723627, ""2"": 0.6797874811210977, ""6"": 0.8407859324076167}"
PushT,fidelity_constrained_latent_only,11437,14047,6,top1_correct,0.25,0.0,0.5,3,2000,"{""1"": 0.0, ""2"": 0.5, ""6"": 0.25}"
PushT,fidelity_constrained_latent_only,11437,14047,6,normalized_margin_rmse,1.0165771519345659,0.8180765383841591,1.1831924497523472,3,2000,"{""1"": 1.0484624676671914, ""2"": 1.1831924497523472, ""6"": 0.8180765383841591}"
PushT,fidelity_constrained_latent_only,11437,14047,6,pose_error,0.11820751242764628,0.10313144347975635,0.14194739323875394,3,2000,"{""1"": 0.10313144347975635, ""2"": 0.14194739323875394, ""6"": 0.10954370056442857}"
PushT,fidelity_constrained_latent_only,11437,14047,6,selected_is_null,0.0,0.0,0.0,3,2000,"{""1"": 0.0, ""2"": 0.0, ""6"": 0.0}"
PushT,fidelity_constrained_latent_only,11437,14065,1,normalized_regret,0.35109063455414874,0.11488593896873889,0.5650941036366038,3,2000,"{""1"": 0.5650941036366038, ""2"": 0.37329186105710355, ""6"": 0.11488593896873889}"
PushT,fidelity_constrained_latent_only,11437,14065,1,weighted_pairwise_accuracy,0.5501112242636382,0.33848044367262053,0.6608409282103842,3,2000,"{""1"": 0.33848044367262053, ""2"": 0.6608409282103842, ""6"": 0.6510123009079101}"
PushT,fidelity_constrained_latent_only,11437,14065,1,top1_correct,0.4166666666666667,0.25,0.625,3,2000,"{""1"": 0.25, ""2"": 0.375, ""6"": 0.625}"
PushT,fidelity_constrained_latent_only,11437,14065,1,normalized_margin_rmse,4.917754194395802,2.156968797752907,8.61600359321844,3,2000,"{""1"": 2.156968797752907, ""2"": 8.61600359321844, ""6"": 3.9802901922160583}"
PushT,fidelity_constrained_latent_only,11437,14065,1,pose_error,0.07762710828462482,0.06005805031095055,0.09002587794225518,3,2000,"{""1"": 0.08279739660066876, ""2"": 0.09002587794225517, ""6"": 0.06005805031095056}"
PushT,fidelity_constrained_latent_only,11437,14065,1,selected_is_null,0.125,0.0,0.25,3,2000,"{""1"": 0.25, ""2"": 0.0, ""6"": 0.125}"
PushT,fidelity_constrained_latent_only,11437,14065,3,normalized_regret,0.1177989237499293,0.08638917396275465,0.1690004110292899,3,2000,"{""1"": 0.16900041102928992, ""2"": 0.09800718625774335, ""6"": 0.08638917396275465}"
PushT,fidelity_constrained_latent_only,11437,14065,3,weighted_pairwise_accuracy,0.7752665332436246,0.7375752540668078,0.803614914041837,3,2000,"{""1"": 0.7846094316222285, ""2"": 0.7375752540668078, ""6"": 0.8036149140418372}"
PushT,fidelity_constrained_latent_only,11437,14065,3,top1_correct,0.5,0.375,0.625,3,2000,"{""1"": 0.375, ""2"": 0.5, ""6"": 0.625}"
PushT,fidelity_constrained_latent_only,11437,14065,3,normalized_margin_rmse,1.1019732232775974,0.801874073837443,1.3130691399862449,3,2000,"{""1"": 1.1909764560091043, ""2"": 1.3130691399862449, ""6"": 0.801874073837443}"
PushT,fidelity_constrained_latent_only,11437,14065,3,pose_error,0.09001825172561558,0.07603772435993707,0.11526700573968855,3,2000,"{""1"": 0.07875002507722115, ""2"": 0.11526700573968855, ""6"": 0.07603772435993707}"
PushT,fidelity_constrained_latent_only,11437,14065,3,selected_is_null,0.0,0.0,0.0,3,2000,"{""1"": 0.0, ""2"": 0.0, ""6"": 0.0}"
PushT,fidelity_constrained_latent_only,11437,14065,6,normalized_regret,0.23616405810889204,0.17855022494625872,0.3212581980873214,3,2000,"{""1"": 0.3212581980873214, ""2"": 0.20868375129309596, ""6"": 0.17855022494625872}"
PushT,fidelity_constrained_latent_only,11437,14065,6,weighted_pairwise_accuracy,0.7076103375870471,0.6591948544400699,0.7746309498821907,3,2000,"{""1"": 0.6591948544400699, ""2"": 0.6890052084388805, ""6"": 0.7746309498821907}"
PushT,fidelity_constrained_latent_only,11437,14065,6,top1_correct,0.4166666666666667,0.375,0.5,3,2000,"{""1"": 0.375, ""2"": 0.375, ""6"": 0.5}"
PushT,fidelity_constrained_latent_only,11437,14065,6,normalized_margin_rmse,1.1200026303112827,0.943273845983209,1.236604167219019,3,2000,"{""1"": 1.236604167219019, ""2"": 1.1801298777316203, ""6"": 0.9432738459832091}"
PushT,fidelity_constrained_latent_only,11437,14065,6,pose_error,0.11869191710713788,0.10780868177588065,0.13185556221131525,3,2000,"{""1"": 0.10780868177588065, ""2"": 0.13185556221131525, ""6"": 0.1164115073342177}"
PushT,fidelity_constrained_latent_only,11437,14065,6,selected_is_null,0.0,0.0,0.0,3,2000,"{""1"": 0.0, ""2"": 0.0, ""6"": 0.0}"
PushT,fidelity_constrained_latent_only,11437,14083,1,normalized_regret,0.29860381074709375,0.20521755904521044,0.41711216025647974,3,2000,"{""1"": 0.2734817129395911, ""2"": 0.4171121602564797, ""6"": 0.20521755904521044}"
PushT,fidelity_constrained_latent_only,11437,14083,1,weighted_pairwise_accuracy,0.5443281010386068,0.43463353523487963,0.6244139351509559,3,2000,"{""1"": 0.573936832729985, ""2"": 0.4346335352348797, ""6"": 0.6244139351509559}"
PushT,fidelity_constrained_latent_only,11437,14083,1,top1_correct,0.375,0.25,0.5,3,2000,"{""1"": 0.25, ""2"": 0.375, ""6"": 0.5}"
PushT,fidelity_constrained_latent_only,11437,14083,1,normalized_margin_rmse,7.4881028541415136,2.0915177176631734,10.57682335697387,3,2000,"{""1"": 2.0915177176631734, ""2"": 10.57682335697387, ""6"": 9.795967487787497}"
PushT,fidelity_constrained_latent_only,11437,14083,1,pose_error,0.09010861405529937,0.05866117475343829,0.10975026515346971,3,2000,"{""1"": 0.10191440225899012, ""2"": 0.10975026515346971, ""6"": 0.05866117475343829}"
PushT,fidelity_constrained_latent_only,11437,14083,1,selected_is_null,0.041666666666666664,0.0,0.125,3,2000,"{""1"": 0.0, ""2"": 0.0, ""6"": 0.125}"
PushT,fidelity_constrained_latent_only,11437,14083,3,normalized_regret,0.3208056556823165,0.214655090050892,0.5064622150530231,3,2000,"{""1"": 0.5064622150530231, ""2"": 0.214655090050892, ""6"": 0.24129966194303437}"
PushT,fidelity_constrained_latent_only,11437,14083,3,weighted_pairwise_accuracy,0.6834843779549532,0.524286336314339,0.77095792742803,3,2000,"{""1"": 0.524286336314339, ""2"": 0.7552088701224907, ""6"": 0.77095792742803}"
PushT,fidelity_constrained_latent_only,11437,14083,3,top1_correct,0.375,0.25,0.625,3,2000,"{""1"": 0.25, ""2"": 0.625, ""6"": 0.25}"
PushT,fidelity_constrained_latent_only,11437,14083,3,normalized_margin_rmse,1.1967817530335223,0.8419698180131139,1.5112386746792428,3,2000,"{""1"": 1.2371367664082105, ""2"": 1.5112386746792428, ""6"": 0.8419698180131139}"
PushT,fidelity_constrained_latent_only,11437,14083,3,pose_error,0.10217364342959963,0.07987126238427417,0.13164485586555,3,2000,"{""1"": 0.07987126238427417, ""2"": 0.13164485586555, ""6"": 0.09500481203897476}"
PushT,fidelity_constrained_latent_only,11437,14083,3,selected_is_null,0.125,0.0,0.25,3,2000,"{""1"": 0.25, ""2"": 0.0, ""6"": 0.125}"
PushT,fidelity_constrained_latent_only,11437,14083,6,normalized_regret,0.26651562799562606,0.19341060259421125,0.32702419523355963,3,2000,"{""1"": 0.32702419523355963, ""2"": 0.2791120861591073, ""6"": 0.19341060259421125}"
PushT,fidelity_constrained_latent_only,11437,14083,6,weighted_pairwise_accuracy,0.7115381578767087,0.6676659711848588,0.7744390224927971,3,2000,"{""1"": 0.69250947995247, ""2"": 0.6676659711848589, ""6"": 0.7744390224927971}"
PushT,fidelity_constrained_latent_only,11437,14083,6,top1_correct,0.20833333333333334,0.125,0.375,3,2000,"{""1"": 0.125, ""2"": 0.375, ""6"": 0.125}"
PushT,fidelity_constrained_latent_only,11437,14083,6,normalized_margin_rmse,1.0141900155327555,0.939059557569586,1.1171054718433004,3,2000,"{""1"": 0.9864050171853799, ""2"": 1.1171054718433004, ""6"": 0.9390595575695861}"
PushT,fidelity_constrained_latent_only,11437,14083,6,pose_error,0.12588001411118477,0.10677608956070461,0.14548735553094239,3,2000,"{""1"": 0.10677608956070461, ""2"": 0.14548735553094239, ""6"": 0.1253765972419073}"
PushT,fidelity_constrained_latent_only,11437,14083,6,selected_is_null,0.0,0.0,0.0,3,2000,"{""1"": 0.0, ""2"": 0.0, ""6"": 0.0}"
PushT,fidelity_constrained_matched_geometry,11401,14011,1,normalized_regret,0.39183069926541786,0.327041869884864,0.49031139276528335,3,2000,"{""1"": 0.327041869884864, ""2"": 0.3581388351461061, ""6"": 0.49031139276528335}"
PushT,fidelity_constrained_matched_geometry,11401,14011,1,weighted_pairwise_accuracy,0.4975776095501807,0.43064576708192986,0.5672364673956983,3,2000,"{""1"": 0.5672364673956983, ""2"": 0.4948505941729139, ""6"": 0.43064576708192986}"
PushT,fidelity_constrained_matched_geometry,11401,14011,1,top1_correct,0.4583333333333333,0.25,0.625,3,2000,"{""1"": 0.625, ""2"": 0.5, ""6"": 0.25}"
PushT,fidelity_constrained_matched_geometry,11401,14011,1,normalized_margin_rmse,5.147360082475925,1.8161038164635193,8.24392787063429,3,2000,"{""1"": 1.8161038164635193, ""2"": 5.3820485603299675, ""6"": 8.24392787063429}"
PushT,fidelity_constrained_matched_geometry,11401,14011,1,pose_error,0.08606604525254524,0.0727983615704004,0.10369307782486303,3,2000,"{""1"": 0.10369307782486303, ""2"": 0.0727983615704004, ""6"": 0.08170669636237232}"
PushT,fidelity_constrained_matched_geometry,11401,14011,1,selected_is_null,0.08333333333333333,0.0,0.125,3,2000,"{""1"": 0.125, ""2"": 0.125, ""6"": 0.0}"
PushT,fidelity_constrained_matched_geometry,11401,14011,3,normalized_regret,0.24631562385457573,0.11933730067421479,0.4136161311593359,3,2000,"{""1"": 0.20599343973017642, ""2"": 0.41361613115933593, ""6"": 0.11933730067421479}"
PushT,fidelity_constrained_matched_geometry,11401,14011,3,weighted_pairwise_accuracy,0.7256623121962583,0.6223134426579396,0.7870217998529404,3,2000,"{""1"": 0.7870217998529404, ""2"": 0.6223134426579396, ""6"": 0.7676516940778946}"
PushT,fidelity_constrained_matched_geometry,11401,14011,3,top1_correct,0.4166666666666667,0.25,0.625,3,2000,"{""1"": 0.625, ""2"": 0.25, ""6"": 0.375}"
PushT,fidelity_constrained_matched_geometry,11401,14011,3,normalized_margin_rmse,1.2209187726428123,1.0167782802272347,1.5682092044488491,3,2000,"{""1"": 1.0777688332523534, ""2"": 1.568209204448849, ""6"": 1.0167782802272347}"
PushT,fidelity_constrained_matched_geometry,11401,14011,3,pose_error,0.08515182738131084,0.07052618630256982,0.10552635178027109,3,2000,"{""1"": 0.07052618630256982, ""2"": 0.10552635178027109, ""6"": 0.07940294406109163}"
PushT,fidelity_constrained_matched_geometry,11401,14011,3,selected_is_null,0.041666666666666664,0.0,0.125,3,2000,"{""1"": 0.125, ""2"": 0.0, ""6"": 0.0}"
PushT,fidelity_constrained_matched_geometry,11401,14011,6,normalized_regret,0.23651894822214448,0.051562353127594086,0.3853905558270017,3,2000,"{""1"": 0.38539055582700177, ""2"": 0.27260393571183766, ""6"": 0.051562353127594086}"
PushT,fidelity_constrained_matched_geometry,11401,14011,6,weighted_pairwise_accuracy,0.6867631122676853,0.6436020276418029,0.7688739974423612,3,2000,"{""1"": 0.6436020276418029, ""2"": 0.6478133117188916, ""6"": 0.7688739974423611}"
PushT,fidelity_constrained_matched_geometry,11401,14011,6,top1_correct,0.5,0.375,0.625,3,2000,"{""1"": 0.375, ""2"": 0.5, ""6"": 0.625}"
PushT,fidelity_constrained_matched_geometry,11401,14011,6,normalized_margin_rmse,1.062619327563131,1.0187050024655901,1.133657448048909,3,2000,"{""1"": 1.133657448048909, ""2"": 1.0187050024655901, ""6"": 1.035495532174894}"
PushT,fidelity_constrained_matched_geometry,11401,14011,6,pose_error,0.11684233092930235,0.09510751690585655,0.13568558163277591,3,2000,"{""1"": 0.09510751690585653, ""2"": 0.13568558163277591, ""6"": 0.11973389424927462}"
PushT,fidelity_constrained_matched_geometry,11401,14011,6,selected_is_null,0.0,0.0,0.0,3,2000,"{""1"": 0.0, ""2"": 0.0, ""6"": 0.0}"
PushT,fidelity_constrained_matched_geometry,11401,14029,1,normalized_regret,0.292964093393532,0.17365105508785286,0.4982298173554276,3,2000,"{""1"": 0.1736510550878529, ""2"": 0.20701140773731555, ""6"": 0.4982298173554276}"
PushT,fidelity_constrained_matched_geometry,11401,14029,1,weighted_pairwise_accuracy,0.6282847828751369,0.43798106488463584,0.8139316492238877,3,2000,"{""1"": 0.8139316492238877, ""2"": 0.6329416345168871, ""6"": 0.43798106488463584}"
PushT,fidelity_constrained_matched_geometry,11401,14029,1,top1_correct,0.4583333333333333,0.375,0.625,3,2000,"{""1"": 0.375, ""2"": 0.625, ""6"": 0.375}"
PushT,fidelity_constrained_matched_geometry,11401,14029,1,normalized_margin_rmse,4.999363931346017,1.803871277191595,8.712880257322471,3,2000,"{""1"": 1.803871277191595, ""2"": 8.712880257322471, ""6"": 4.481340259523984}"
PushT,fidelity_constrained_matched_geometry,11401,14029,1,pose_error,0.10432523365993795,0.08805037740085093,0.1194764482247146,3,2000,"{""1"": 0.10544887535424834, ""2"": 0.1194764482247146, ""6"": 0.08805037740085093}"
PushT,fidelity_constrained_matched_geometry,11401,14029,1,selected_is_null,0.041666666666666664,0.0,0.125,3,2000,"{""1"": 0.0, ""2"": 0.125, ""6"": 0.0}"
PushT,fidelity_constrained_matched_geometry,11401,14029,3,normalized_regret,0.20308232473494794,0.1055266111471978,0.3513615228730973,3,2000,"{""1"": 0.3513615228730973, ""2"": 0.15235884018454887, ""6"": 0.1055266111471978}"
PushT,fidelity_constrained_matched_geometry,11401,14029,3,weighted_pairwise_accuracy,0.7386197095138551,0.7001724235912136,0.8075825842476737,3,2000,"{""1"": 0.7081041207026779, ""2"": 0.7001724235912137, ""6"": 0.8075825842476737}"
PushT,fidelity_constrained_matched_geometry,11401,14029,3,top1_correct,0.3333333333333333,0.25,0.375,3,2000,"{""1"": 0.25, ""2"": 0.375, ""6"": 0.375}"
PushT,fidelity_constrained_matched_geometry,11401,14029,3,normalized_margin_rmse,1.1947226149137349,0.8619497539034365,1.56068619003487,3,2000,"{""1"": 1.1615319008028984, ""2"": 1.56068619003487, ""6"": 0.8619497539034365}"
PushT,fidelity_constrained_matched_geometry,11401,14029,3,pose_error,0.09992155151338962,0.0825810620660496,0.12549835345451205,3,2000,"{""1"": 0.0916852390196072, ""2"": 0.12549835345451205, ""6"": 0.0825810620660496}"
PushT,fidelity_constrained_matched_geometry,11401,14029,3,selected_is_null,0.0,0.0,0.0,3,2000,"{""1"": 0.0, ""2"": 0.0, ""6"": 0.0}"
PushT,fidelity_constrained_matched_geometry,11401,14029,6,normalized_regret,0.29550981747186916,0.23793628214460782,0.3395321575151526,3,2000,"{""1"": 0.23793628214460782, ""2"": 0.3090610127558471, ""6"": 0.3395321575151526}"
PushT,fidelity_constrained_matched_geometry,11401,14029,6,weighted_pairwise_accuracy,0.6625245299076101,0.6230797164182527,0.7072852044405722,3,2000,"{""1"": 0.6230797164182527, ""2"": 0.6572086688640055, ""6"": 0.7072852044405722}"
PushT,fidelity_constrained_matched_geometry,11401,14029,6,top1_correct,0.3333333333333333,0.25,0.375,3,2000,"{""1"": 0.375, ""2"": 0.375, ""6"": 0.25}"
PushT,fidelity_constrained_matched_geometry,11401,14029,6,normalized_margin_rmse,1.1087523448122856,1.0224813156866632,1.1665986544613953,3,2000,"{""1"": 1.1665986544613953, ""2"": 1.1371770642887982, ""6"": 1.0224813156866632}"
PushT,fidelity_constrained_matched_geometry,11401,14029,6,pose_error,0.12822400191916186,0.11561370673424544,0.1455277860508443,3,2000,"{""1"": 0.11561370673424544, ""2"": 0.1455277860508443, ""6"": 0.12353051297239587}"
PushT,fidelity_constrained_matched_geometry,11401,14029,6,selected_is_null,0.0,0.0,0.0,3,2000,"{""1"": 0.0, ""2"": 0.0, ""6"": 0.0}"
PushT,fidelity_constrained_matched_geometry,11401,14047,1,normalized_regret,0.3755508403632821,0.27923118924372625,0.44777580332006056,3,2000,"{""1"": 0.27923118924372625, ""2"": 0.3996455285260596, ""6"": 0.4477758033200606}"
PushT,fidelity_constrained_matched_geometry,11401,14047,1,weighted_pairwise_accuracy,0.5434452002607496,0.4746720218800971,0.6199109532144323,3,2000,"{""1"": 0.6199109532144323, ""2"": 0.5357526256877195, ""6"": 0.47467202188009716}"
PushT,fidelity_constrained_matched_geometry,11401,14047,1,top1_correct,0.4166666666666667,0.25,0.5,3,2000,"{""1"": 0.5, ""2"": 0.5, ""6"": 0.25}"
PushT,fidelity_constrained_matched_geometry,11401,14047,1,normalized_margin_rmse,4.136768745020578,1.6867517564984469,5.380439385084391,3,2000,"{""1"": 1.6867517564984469, ""2"": 5.343115093478895, ""6"": 5.380439385084391}"
PushT,fidelity_constrained_matched_geometry,11401,14047,1,pose_error,0.07688220073096289,0.06460718284663844,0.09157247065452297,3,2000,"{""1"": 0.07446694869172725, ""2"": 0.09157247065452297, ""6"": 0.06460718284663844}"
PushT,fidelity_constrained_matched_geometry,11401,14047,1,selected_is_null,0.16666666666666666,0.0,0.25,3,2000,"{""1"": 0.25, ""2"": 0.0, ""6"": 0.25}"
PushT,fidelity_constrained_matched_geometry,11401,14047,3,normalized_regret,0.22957963711980364,0.13660215794529704,0.37548567719960113,3,2000,"{""1"": 0.1766510762145127, ""2"": 0.37548567719960113, ""6"": 0.13660215794529704}"
PushT,fidelity_constrained_matched_geometry,11401,14047,3,weighted_pairwise_accuracy,0.7880197282924127,0.7383848856420622,0.8806864773463531,3,2000,"{""1"": 0.7383848856420621, ""2"": 0.7449878218888231, ""6"": 0.8806864773463532}"
PushT,fidelity_constrained_matched_geometry,11401,14047,3,top1_correct,0.4166666666666667,0.25,0.625,3,2000,"{""1"": 0.625, ""2"": 0.25, ""6"": 0.375}"
PushT,fidelity_constrained_matched_geometry,11401,14047,3,normalized_margin_rmse,0.9778009541507968,0.6890745755408721,1.2285771250829063,3,2000,"{""1"": 1.015751161828612, ""2"": 1.2285771250829063, ""6"": 0.6890745755408723}"
PushT,fidelity_constrained_matched_geometry,11401,14047,3,pose_error,0.08805704819103122,0.07424525471003572,0.11424884812215953,3,2000,"{""1"": 0.07567704174089837, ""2"": 0.11424884812215953, ""6"": 0.07424525471003572}"
PushT,fidelity_constrained_matched_geometry,11401,14047,3,selected_is_null,0.041666666666666664,0.0,0.125,3,2000,"{""1"": 0.0, ""2"": 0.0, ""6"": 0.125}"
PushT,fidelity_constrained_matched_geometry,11401,14047,6,normalized_regret,0.21976174102107301,0.09114218641189982,0.39059518873540133,3,2000,"{""1"": 0.39059518873540133, ""2"": 0.17754784791591777, ""6"": 0.09114218641189983}"
PushT,fidelity_constrained_matched_geometry,11401,14047,6,weighted_pairwise_accuracy,0.7084363949296021,0.6419775402932775,0.8266413236936531,3,2000,"{""1"": 0.6419775402932775, ""2"": 0.6566903208018757, ""6"": 0.826641323693653}"
PushT,fidelity_constrained_matched_geometry,11401,14047,6,top1_correct,0.2916666666666667,0.125,0.5,3,2000,"{""1"": 0.125, ""2"": 0.5, ""6"": 0.25}"
PushT,fidelity_constrained_matched_geometry,11401,14047,6,normalized_margin_rmse,1.0077726892034435,0.7890675671101924,1.1762455759794297,3,2000,"{""1"": 1.0580049245207077, ""2"": 1.1762455759794297, ""6"": 0.7890675671101925}"
PushT,fidelity_constrained_matched_geometry,11401,14047,6,pose_error,0.11780753737296869,0.10167534007577479,0.1416468736270614,3,2000,"{""1"": 0.1016753400757748, ""2"": 0.1416468736270614, ""6"": 0.11010039841606988}"
PushT,fidelity_constrained_matched_geometry,11401,14047,6,selected_is_null,0.0,0.0,0.0,3,2000,"{""1"": 0.0, ""2"": 0.0, ""6"": 0.0}"
PushT,fidelity_constrained_matched_geometry,11401,14065,1,normalized_regret,0.32221944015970916,0.12615124334429384,0.48578594596873703,3,2000,"{""1"": 0.48578594596873703, ""2"": 0.3547211311660966, ""6"": 0.12615124334429384}"
PushT,fidelity_constrained_matched_geometry,11401,14065,1,weighted_pairwise_accuracy,0.561578475836862,0.3286087375095102,0.704907260460459,3,2000,"{""1"": 0.3286087375095102, ""2"": 0.704907260460459, ""6"": 0.6512194295406168}"
PushT,fidelity_constrained_matched_geometry,11401,14065,1,top1_correct,0.375,0.25,0.5,3,2000,"{""1"": 0.25, ""2"": 0.375, ""6"": 0.5}"
PushT,fidelity_constrained_matched_geometry,11401,14065,1,normalized_margin_rmse,5.063406046355037,2.2496944569613437,9.298316450136955,3,2000,"{""1"": 2.2496944569613437, ""2"": 9.298316450136955, ""6"": 3.642207231966813}"
PushT,fidelity_constrained_matched_geometry,11401,14065,1,pose_error,0.07633785016183232,0.0567367174061462,0.08899496553636432,3,2000,"{""1"": 0.08328186754298644, ""2"": 0.08899496553636432, ""6"": 0.056736717406146206}"
PushT,fidelity_constrained_matched_geometry,11401,14065,1,selected_is_null,0.16666666666666666,0.0,0.25,3,2000,"{""1"": 0.25, ""2"": 0.0, ""6"": 0.25}"
PushT,fidelity_constrained_matched_geometry,11401,14065,3,normalized_regret,0.1177989237499293,0.08638917396275465,0.1690004110292899,3,2000,"{""1"": 0.16900041102928992, ""2"": 0.09800718625774335, ""6"": 0.08638917396275465}"
PushT,fidelity_constrained_matched_geometry,11401,14065,3,weighted_pairwise_accuracy,0.7724882389084566,0.7258699788448865,0.7976375425572672,3,2000,"{""1"": 0.793957195323216, ""2"": 0.7258699788448865, ""6"": 0.7976375425572673}"
PushT,fidelity_constrained_matched_geometry,11401,14065,3,top1_correct,0.5,0.375,0.625,3,2000,"{""1"": 0.375, ""2"": 0.5, ""6"": 0.625}"
PushT,fidelity_constrained_matched_geometry,11401,14065,3,normalized_margin_rmse,1.1202662252835205,0.8137110916793256,1.3790810743575017,3,2000,"{""1"": 1.1680065098137336, ""2"": 1.3790810743575017, ""6"": 0.8137110916793258}"
PushT,fidelity_constrained_matched_geometry,11401,14065,3,pose_error,0.08890268164085074,0.07546449691778356,0.11494644569850637,3,2000,"{""1"": 0.0762971023062623, ""2"": 0.11494644569850637, ""6"": 0.07546449691778356}"
PushT,fidelity_constrained_matched_geometry,11401,14065,3,selected_is_null,0.0,0.0,0.0,3,2000,"{""1"": 0.0, ""2"": 0.0, ""6"": 0.0}"
PushT,fidelity_constrained_matched_geometry,11401,14065,6,normalized_regret,0.2380486559497074,0.16765558476008416,0.33780663179594206,3,2000,"{""1"": 0.33780663179594206, ""2"": 0.20868375129309596, ""6"": 0.1676555847600842}"
PushT,fidelity_constrained_matched_geometry,11401,14065,6,weighted_pairwise_accuracy,0.7019611679632822,0.6512113485215658,0.7606755200036502,3,2000,"{""1"": 0.6512113485215658, ""2"": 0.6939966353646305, ""6"": 0.7606755200036502}"
PushT,fidelity_constrained_matched_geometry,11401,14065,6,top1_correct,0.3333333333333333,0.25,0.375,3,2000,"{""1"": 0.25, ""2"": 0.375, ""6"": 0.375}"
PushT,fidelity_constrained_matched_geometry,11401,14065,6,normalized_margin_rmse,1.1206946463347653,0.9541002000092571,1.21700519144633,3,2000,"{""1"": 1.21700519144633, ""2"": 1.1909785475487094, ""6"": 0.9541002000092571}"
PushT,fidelity_constrained_matched_geometry,11401,14065,6,pose_error,0.11873740308451793,0.10674016392844153,0.1323432237737968,3,2000,"{""1"": 0.10674016392844153, ""2"": 0.1323432237737968, ""6"": 0.11712882155131552}"
PushT,fidelity_constrained_matched_geometry,11401,14065,6,selected_is_null,0.0,0.0,0.0,3,2000,"{""1"": 0.0, ""2"": 0.0, ""6"": 0.0}"
PushT,fidelity_constrained_matched_geometry,11401,14083,1,normalized_regret,0.26485944562273855,0.20345865973656344,0.3176379641920612,3,2000,"{""1"": 0.2734817129395911, ""2"": 0.3176379641920612, ""6"": 0.20345865973656344}"
PushT,fidelity_constrained_matched_geometry,11401,14083,1,weighted_pairwise_accuracy,0.5758921094149178,0.49580706845396777,0.6271463564533811,3,2000,"{""1"": 0.6047229033374043, ""2"": 0.4958070684539678, ""6"": 0.6271463564533811}"
PushT,fidelity_constrained_matched_geometry,11401,14083,1,top1_correct,0.4166666666666667,0.25,0.5,3,2000,"{""1"": 0.25, ""2"": 0.5, ""6"": 0.5}"
PushT,fidelity_constrained_matched_geometry,11401,14083,1,normalized_margin_rmse,7.044621940454088,2.067662921680449,10.22896153510769,3,2000,"{""1"": 2.067662921680449, ""2"": 8.837241364574124, ""6"": 10.22896153510769}"
PushT,fidelity_constrained_matched_geometry,11401,14083,1,pose_error,0.08940662410556721,0.0590108442430169,0.1056546718406629,3,2000,"{""1"": 0.10355435623302182, ""2"": 0.1056546718406629, ""6"": 0.0590108442430169}"
PushT,fidelity_constrained_matched_geometry,11401,14083,1,selected_is_null,0.08333333333333333,0.0,0.25,3,2000,"{""1"": 0.0, ""2"": 0.0, ""6"": 0.25}"
PushT,fidelity_constrained_matched_geometry,11401,14083,3,normalized_regret,0.343856477576255,0.2412996619430344,0.534828556270266,3,2000,"{""1"": 0.534828556270266, ""2"": 0.2554412145154646, ""6"": 0.24129966194303437}"
PushT,fidelity_constrained_matched_geometry,11401,14083,3,weighted_pairwise_accuracy,0.6793536207051812,0.5175120020393357,0.7705718756082464,3,2000,"{""1"": 0.5175120020393357, ""2"": 0.7499769844679615, ""6"": 0.7705718756082464}"
PushT,fidelity_constrained_matched_geometry,11401,14083,3,top1_correct,0.3333333333333333,0.25,0.5,3,2000,"{""1"": 0.25, ""2"": 0.5, ""6"": 0.25}"
PushT,fidelity_constrained_matched_geometry,11401,14083,3,normalized_margin_rmse,1.2089838884918114,0.8285053738776691,1.5599416501803367,3,2000,"{""1"": 1.2385046414174283, ""2"": 1.5599416501803367, ""6"": 0.8285053738776691}"
PushT,fidelity_constrained_matched_geometry,11401,14083,3,pose_error,0.10096813644449247,0.07900218900893496,0.12741443478791042,3,2000,"{""1"": 0.07900218900893496, ""2"": 0.12741443478791042, ""6"": 0.096487785536632}"
PushT,fidelity_constrained_matched_geometry,11401,14083,3,selected_is_null,0.125,0.0,0.25,3,2000,"{""1"": 0.25, ""2"": 0.0, ""6"": 0.125}"
PushT,fidelity_constrained_matched_geometry,11401,14083,6,normalized_regret,0.2613686049540153,0.20942363011421783,0.2883219546651157,3,2000,"{""1"": 0.2863602300827124, ""2"": 0.2883219546651157, ""6"": 0.20942363011421783}"
PushT,fidelity_constrained_matched_geometry,11401,14083,6,weighted_pairwise_accuracy,0.7057860425544559,0.6644919674259935,0.7654956955350088,3,2000,"{""1"": 0.6873704647023653, ""2"": 0.6644919674259935, ""6"": 0.7654956955350088}"
PushT,fidelity_constrained_matched_geometry,11401,14083,6,top1_correct,0.20833333333333334,0.125,0.375,3,2000,"{""1"": 0.125, ""2"": 0.375, ""6"": 0.125}"
PushT,fidelity_constrained_matched_geometry,11401,14083,6,normalized_margin_rmse,1.0127244863389213,0.9243462518769959,1.1293853441079853,3,2000,"{""1"": 0.9844418630317827, ""2"": 1.1293853441079853, ""6"": 0.9243462518769959}"
PushT,fidelity_constrained_matched_geometry,11401,14083,6,pose_error,0.12535269186127831,0.10658398497818462,0.14204160517702924,3,2000,"{""1"": 0.10658398497818464, ""2"": 0.14204160517702924, ""6"": 0.12743248542862107}"
PushT,fidelity_constrained_matched_geometry,11401,14083,6,selected_is_null,0.0,0.0,0.0,3,2000,"{""1"": 0.0, ""2"": 0.0, ""6"": 0.0}"
PushT,fidelity_constrained_matched_geometry,11419,14011,1,normalized_regret,0.39183069926541786,0.327041869884864,0.49031139276528335,3,2000,"{""1"": 0.327041869884864, ""2"": 0.3581388351461061, ""6"": 0.49031139276528335}"
PushT,fidelity_constrained_matched_geometry,11419,14011,1,weighted_pairwise_accuracy,0.49478204947346405,0.43055667050286384,0.5589388837446145,3,2000,"{""1"": 0.5589388837446145, ""2"": 0.4948505941729139, ""6"": 0.43055667050286384}"
PushT,fidelity_constrained_matched_geometry,11419,14011,1,top1_correct,0.4583333333333333,0.25,0.625,3,2000,"{""1"": 0.625, ""2"": 0.5, ""6"": 0.25}"
PushT,fidelity_constrained_matched_geometry,11419,14011,1,normalized_margin_rmse,5.120987980013813,1.8128108064522193,8.14857914595394,3,2000,"{""1"": 1.8128108064522193, ""2"": 5.4015739876352775, ""6"": 8.14857914595394}"
PushT,fidelity_constrained_matched_geometry,11419,14011,1,pose_error,0.0860499565468915,0.07280358361954763,0.10358848516306463,3,2000,"{""1"": 0.10358848516306463, ""2"": 0.07280358361954763, ""6"": 0.08175780085806222}"
PushT,fidelity_constrained_matched_geometry,11419,14011,1,selected_is_null,0.041666666666666664,0.0,0.125,3,2000,"{""1"": 0.125, ""2"": 0.0, ""6"": 0.0}"
PushT,fidelity_constrained_matched_geometry,11419,14011,3,normalized_regret,0.24631562385457573,0.11933730067421479,0.4136161311593359,3,2000,"{""1"": 0.20599343973017642, ""2"": 0.41361613115933593, ""6"": 0.11933730067421479}"
PushT,fidelity_constrained_matched_geometry,11419,14011,3,weighted_pairwise_accuracy,0.7230686056780694,0.6223134426579396,0.7792406802983741,3,2000,"{""1"": 0.7792406802983741, ""2"": 0.6223134426579396, ""6"": 0.7676516940778946}"
PushT,fidelity_constrained_matched_geometry,11419,14011,3,top1_correct,0.4166666666666667,0.25,0.625,3,2000,"{""1"": 0.625, ""2"": 0.25, ""6"": 0.375}"
PushT,fidelity_constrained_matched_geometry,11419,14011,3,normalized_margin_rmse,1.2201767397264878,1.0158157969733526,1.5669430880650161,3,2000,"{""1"": 1.0777713341410946, ""2"": 1.5669430880650161, ""6"": 1.0158157969733526}"
PushT,fidelity_constrained_matched_geometry,11419,14011,3,pose_error,0.08527445310450066,0.070786325959238,0.10571194918785766,3,2000,"{""1"": 0.070786325959238, ""2"": 0.10571194918785766, ""6"": 0.0793250841664063}"
PushT,fidelity_constrained_matched_geometry,11419,14011,3,selected_is_null,0.041666666666666664,0.0,0.125,3,2000,"{""1"": 0.125, ""2"": 0.0, ""6"": 0.0}"
PushT,fidelity_constrained_matched_geometry,11419,14011,6,normalized_regret,0.20997288043147125,0.051562353127594086,0.3853905558270017,3,2000,"{""1"": 0.38539055582700177, ""2"": 0.19296573233981798, ""6"": 0.051562353127594086}"
PushT,fidelity_constrained_matched_geometry,11419,14011,6,weighted_pairwise_accuracy,0.685669928553315,0.6436020276418029,0.7598662221367931,3,2000,"{""1"": 0.6436020276418029, ""2"": 0.6535415358813488, ""6"": 0.7598662221367931}"
PushT,fidelity_constrained_matched_geometry,11419,14011,6,top1_correct,0.5,0.375,0.625,3,2000,"{""1"": 0.375, ""2"": 0.5, ""6"": 0.625}"
PushT,fidelity_constrained_matched_geometry,11419,14011,6,normalized_margin_rmse,1.0647487841417778,1.021433252324433,1.1381745156999086,3,2000,"{""1"": 1.1381745156999086, ""2"": 1.021433252324433, ""6"": 1.0346385844009922}"
PushT,fidelity_constrained_matched_geometry,11419,14011,6,pose_error,0.11704573498621956,0.09542049197916379,0.13587233795121656,3,2000,"{""1"": 0.09542049197916379, ""2"": 0.13587233795121656, ""6"": 0.11984437502827831}"
PushT,fidelity_constrained_matched_geometry,11419,14011,6,selected_is_null,0.0,0.0,0.0,3,2000,"{""1"": 0.0, ""2"": 0.0, ""6"": 0.0}"
PushT,fidelity_constrained_matched_geometry,11419,14029,1,normalized_regret,0.2422609966667564,0.17365105508785286,0.3461205271751007,3,2000,"{""1"": 0.1736510550878529, ""2"": 0.20701140773731555, ""6"": 0.3461205271751008}"
PushT,fidelity_constrained_matched_geometry,11419,14029,1,weighted_pairwise_accuracy,0.6345963429732443,0.4569157451789579,0.8139316492238877,3,2000,"{""1"": 0.8139316492238877, ""2"": 0.6329416345168871, ""6"": 0.45691574517895794}"
PushT,fidelity_constrained_matched_geometry,11419,14029,1,top1_correct,0.5,0.375,0.625,3,2000,"{""1"": 0.375, ""2"": 0.625, ""6"": 0.5}"
PushT,fidelity_constrained_matched_geometry,11419,14029,1,normalized_margin_rmse,4.978209841982923,1.801045825781095,8.664457307838706,3,2000,"{""1"": 1.801045825781095, ""2"": 8.664457307838706, ""6"": 4.469126392328967}"
PushT,fidelity_constrained_matched_geometry,11419,14029,1,pose_error,0.10408574986190466,0.08788593875237612,0.11915953983746345,3,2000,"{""1"": 0.10521177099587439, ""2"": 0.11915953983746344, ""6"": 0.08788593875237613}"
PushT,fidelity_constrained_matched_geometry,11419,14029,1,selected_is_null,0.041666666666666664,0.0,0.125,3,2000,"{""1"": 0.0, ""2"": 0.125, ""6"": 0.0}"
PushT,fidelity_constrained_matched_geometry,11419,14029,3,normalized_regret,0.20308232473494794,0.1055266111471978,0.3513615228730973,3,2000,"{""1"": 0.3513615228730973, ""2"": 0.15235884018454887, ""6"": 0.1055266111471978}"
PushT,fidelity_constrained_matched_geometry,11419,14029,3,weighted_pairwise_accuracy,0.738300643353612,0.6992152251104846,0.8075825842476737,3,2000,"{""1"": 0.7081041207026779, ""2"": 0.6992152251104846, ""6"": 0.8075825842476737}"
PushT,fidelity_constrained_matched_geometry,11419,14029,3,top1_correct,0.3333333333333333,0.25,0.375,3,2000,"{""1"": 0.25, ""2"": 0.375, ""6"": 0.375}"
PushT,fidelity_constrained_matched_geometry,11419,14029,3,normalized_margin_rmse,1.1936854357135112,0.8640274041056614,1.5579626281397543,3,2000,"{""1"": 1.1590662748951184, ""2"": 1.5579626281397543, ""6"": 0.8640274041056613}"
PushT,fidelity_constrained_matched_geometry,11419,14029,3,pose_error,0.09987888665343926,0.08258072497644761,0.12542095963862082,3,2000,"{""1"": 0.09163497534524936, ""2"": 0.12542095963862082, ""6"": 0.08258072497644761}"
PushT,fidelity_constrained_matched_geometry,11419,14029,3,selected_is_null,0.0,0.0,0.0,3,2000,"{""1"": 0.0, ""2"": 0.0, ""6"": 0.0}"
PushT,fidelity_constrained_matched_geometry,11419,14029,6,normalized_regret,0.29550981747186916,0.23793628214460782,0.3395321575151526,3,2000,"{""1"": 0.23793628214460782, ""2"": 0.3090610127558471, ""6"": 0.3395321575151526}"
PushT,fidelity_constrained_matched_geometry,11419,14029,6,weighted_pairwise_accuracy,0.6609084850828935,0.6181629576443859,0.7037978749415744,3,2000,"{""1"": 0.6181629576443859, ""2"": 0.6607646226627202, ""6"": 0.7037978749415744}"
PushT,fidelity_constrained_matched_geometry,11419,14029,6,top1_correct,0.3333333333333333,0.25,0.375,3,2000,"{""1"": 0.375, ""2"": 0.375, ""6"": 0.25}"
PushT,fidelity_constrained_matched_geometry,11419,14029,6,normalized_margin_rmse,1.1096400244184748,1.0229799864127491,1.167759571190675,3,2000,"{""1"": 1.167759571190675, ""2"": 1.1381805156519997, ""6"": 1.0229799864127491}"
PushT,fidelity_constrained_matched_geometry,11419,14029,6,pose_error,0.12826548805010604,0.11570994968080024,0.14562801924607552,3,2000,"{""1"": 0.11570994968080026, ""2"": 0.14562801924607552, ""6"": 0.12345849522344232}"
PushT,fidelity_constrained_matched_geometry,11419,14029,6,selected_is_null,0.0,0.0,0.0,3,2000,"{""1"": 0.0, ""2"": 0.0, ""6"": 0.0}"
PushT,fidelity_constrained_matched_geometry,11419,14047,1,normalized_regret,0.3755508403632821,0.27923118924372625,0.44777580332006056,3,2000,"{""1"": 0.27923118924372625, ""2"": 0.3996455285260596, ""6"": 0.4477758033200606}"
PushT,fidelity_constrained_matched_geometry,11419,14047,1,weighted_pairwise_accuracy,0.5445492603103789,0.47798420202898484,0.6199109532144323,3,2000,"{""1"": 0.6199109532144323, ""2"": 0.5357526256877195, ""6"": 0.47798420202898484}"
PushT,fidelity_constrained_matched_geometry,11419,14047,1,top1_correct,0.4166666666666667,0.25,0.5,3,2000,"{""1"": 0.5, ""2"": 0.5, ""6"": 0.25}"
PushT,fidelity_constrained_matched_geometry,11419,14047,1,normalized_margin_rmse,4.150416030767098,1.6832062090811692,5.387470395574418,3,2000,"{""1"": 1.6832062090811692, ""2"": 5.387470395574418, ""6"": 5.3805714876457085}"
PushT,fidelity_constrained_matched_geometry,11419,14047,1,pose_error,0.0767898786126498,0.06452729109270192,0.09168108971699367,3,2000,"{""1"": 0.07416125502825383, ""2"": 0.09168108971699365, ""6"": 0.06452729109270192}"
PushT,fidelity_constrained_matched_geometry,11419,14047,1,selected_is_null,0.16666666666666666,0.0,0.25,3,2000,"{""1"": 0.25, ""2"": 0.0, ""6"": 0.25}"
PushT,fidelity_constrained_matched_geometry,11419,14047,3,normalized_regret,0.22957963711980364,0.13660215794529704,0.37548567719960113,3,2000,"{""1"": 0.1766510762145127, ""2"": 0.37548567719960113, ""6"": 0.13660215794529704}"
PushT,fidelity_constrained_matched_geometry,11419,14047,3,weighted_pairwise_accuracy,0.7922098299964754,0.74216095644084,0.8806864773463531,3,2000,"{""1"": 0.74216095644084, ""2"": 0.7537820562022328, ""6"": 0.8806864773463532}"
PushT,fidelity_constrained_matched_geometry,11419,14047,3,top1_correct,0.4166666666666667,0.25,0.625,3,2000,"{""1"": 0.625, ""2"": 0.25, ""6"": 0.375}"
PushT,fidelity_constrained_matched_geometry,11419,14047,3,normalized_margin_rmse,0.9756929818098126,0.6862208247276955,1.2258406411079843,3,2000,"{""1"": 1.0150174795937579, ""2"": 1.2258406411079843, ""6"": 0.6862208247276955}"
PushT,fidelity_constrained_matched_geometry,11419,14047,3,pose_error,0.08804125804828904,0.07414468118133286,0.1142761127532292,3,2000,"{""1"": 0.07570298021030503, ""2"": 0.11427611275322921, ""6"": 0.07414468118133286}"
PushT,fidelity_constrained_matched_geometry,11419,14047,3,selected_is_null,0.041666666666666664,0.0,0.125,3,2000,"{""1"": 0.0, ""2"": 0.0, ""6"": 0.125}"
PushT,fidelity_constrained_matched_geometry,11419,14047,6,normalized_regret,0.21976174102107301,0.09114218641189982,0.39059518873540133,3,2000,"{""1"": 0.39059518873540133, ""2"": 0.17754784791591777, ""6"": 0.09114218641189983}"
PushT,fidelity_constrained_matched_geometry,11419,14047,6,weighted_pairwise_accuracy,0.7088247237256137,0.6419775402932775,0.826469998089805,3,2000,"{""1"": 0.6419775402932775, ""2"": 0.6580266327937588, ""6"": 0.826469998089805}"
PushT,fidelity_constrained_matched_geometry,11419,14047,6,top1_correct,0.2916666666666667,0.125,0.5,3,2000,"{""1"": 0.125, ""2"": 0.5, ""6"": 0.25}"
PushT,fidelity_constrained_matched_geometry,11419,14047,6,normalized_margin_rmse,1.0071811764211813,0.7868186790734302,1.1764548240600576,3,2000,"{""1"": 1.0582700261300564, ""2"": 1.1764548240600576, ""6"": 0.7868186790734302}"
PushT,fidelity_constrained_matched_geometry,11419,14047,6,pose_error,0.1177198001705353,0.10165743728516737,0.1415490548150018,3,2000,"{""1"": 0.10165743728516738, ""2"": 0.1415490548150018, ""6"": 0.1099529084114367}"
PushT,fidelity_constrained_matched_geometry,11419,14047,6,selected_is_null,0.0,0.0,0.0,3,2000,"{""1"": 0.0, ""2"": 0.0, ""6"": 0.0}"
PushT,fidelity_constrained_matched_geometry,11419,14065,1,normalized_regret,0.32221944015970916,0.12615124334429384,0.48578594596873703,3,2000,"{""1"": 0.48578594596873703, ""2"": 0.3547211311660966, ""6"": 0.12615124334429384}"
PushT,fidelity_constrained_matched_geometry,11419,14065,1,weighted_pairwise_accuracy,0.561578475836862,0.3286087375095102,0.704907260460459,3,2000,"{""1"": 0.3286087375095102, ""2"": 0.704907260460459, ""6"": 0.6512194295406168}"
PushT,fidelity_constrained_matched_geometry,11419,14065,1,top1_correct,0.375,0.25,0.5,3,2000,"{""1"": 0.25, ""2"": 0.375, ""6"": 0.5}"
PushT,fidelity_constrained_matched_geometry,11419,14065,1,normalized_margin_rmse,5.029242307789432,2.2494951007322928,9.27513969955649,3,2000,"{""1"": 2.2494951007322928, ""2"": 9.27513969955649, ""6"": 3.5630921230795147}"
PushT,fidelity_constrained_matched_geometry,11419,14065,1,pose_error,0.0762817112226289,0.056518388781060636,0.0891809460957193,3,2000,"{""1"": 0.08314579879110678, ""2"": 0.0891809460957193, ""6"": 0.056518388781060636}"
PushT,fidelity_constrained_matched_geometry,11419,14065,1,selected_is_null,0.16666666666666666,0.0,0.25,3,2000,"{""1"": 0.25, ""2"": 0.0, ""6"": 0.25}"
PushT,fidelity_constrained_matched_geometry,11419,14065,3,normalized_regret,0.1177989237499293,0.08638917396275465,0.1690004110292899,3,2000,"{""1"": 0.16900041102928992, ""2"": 0.09800718625774335, ""6"": 0.08638917396275465}"
PushT,fidelity_constrained_matched_geometry,11419,14065,3,weighted_pairwise_accuracy,0.7728831274633096,0.7270546445094456,0.7976375425572672,3,2000,"{""1"": 0.793957195323216, ""2"": 0.7270546445094456, ""6"": 0.7976375425572673}"
PushT,fidelity_constrained_matched_geometry,11419,14065,3,top1_correct,0.5,0.375,0.625,3,2000,"{""1"": 0.375, ""2"": 0.5, ""6"": 0.625}"
PushT,fidelity_constrained_matched_geometry,11419,14065,3,normalized_margin_rmse,1.120403950424363,0.8114288903228198,1.3811739976587516,3,2000,"{""1"": 1.1686089632915175, ""2"": 1.3811739976587516, ""6"": 0.8114288903228198}"
PushT,fidelity_constrained_matched_geometry,11419,14065,3,pose_error,0.08889056155983573,0.0753420647989494,0.11504559280757819,3,2000,"{""1"": 0.0762840270729796, ""2"": 0.11504559280757819, ""6"": 0.0753420647989494}"
PushT,fidelity_constrained_matched_geometry,11419,14065,3,selected_is_null,0.0,0.0,0.0,3,2000,"{""1"": 0.0, ""2"": 0.0, ""6"": 0.0}"
PushT,fidelity_constrained_matched_geometry,11419,14065,6,normalized_regret,0.23290065707022803,0.16876002183026673,0.3212581980873214,3,2000,"{""1"": 0.3212581980873214, ""2"": 0.20868375129309596, ""6"": 0.16876002183026673}"
PushT,fidelity_constrained_matched_geometry,11419,14065,6,weighted_pairwise_accuracy,0.7027179664407939,0.6543494960887684,0.760570772284567,3,2000,"{""1"": 0.6543494960887684, ""2"": 0.6932336309490461, ""6"": 0.760570772284567}"
PushT,fidelity_constrained_matched_geometry,11419,14065,6,top1_correct,0.375,0.375,0.375,3,2000,"{""1"": 0.375, ""2"": 0.375, ""6"": 0.375}"
PushT,fidelity_constrained_matched_geometry,11419,14065,6,normalized_margin_rmse,1.1201998604500638,0.9525183025714511,1.216883998713687,3,2000,"{""1"": 1.216883998713687, ""2"": 1.1911972800650537, ""6"": 0.9525183025714511}"
PushT,fidelity_constrained_matched_geometry,11419,14065,6,pose_error,0.11883565695795417,0.10672072122171937,0.13253148940664464,3,2000,"{""1"": 0.10672072122171937, ""2"": 0.13253148940664464, ""6"": 0.1172547602454985}"
PushT,fidelity_constrained_matched_geometry,11419,14065,6,selected_is_null,0.0,0.0,0.0,3,2000,"{""1"": 0.0, ""2"": 0.0, ""6"": 0.0}"
PushT,fidelity_constrained_matched_geometry,11419,14083,1,normalized_regret,0.26485944562273855,0.20345865973656344,0.3176379641920612,3,2000,"{""1"": 0.2734817129395911, ""2"": 0.3176379641920612, ""6"": 0.20345865973656344}"
PushT,fidelity_constrained_matched_geometry,11419,14083,1,weighted_pairwise_accuracy,0.5642675703694292,0.4867725624981647,0.6199343674155517,3,2000,"{""1"": 0.5860957811945711, ""2"": 0.4867725624981647, ""6"": 0.6199343674155517}"
PushT,fidelity_constrained_matched_geometry,11419,14083,1,top1_correct,0.4166666666666667,0.25,0.5,3,2000,"{""1"": 0.25, ""2"": 0.5, ""6"": 0.5}"
PushT,fidelity_constrained_matched_geometry,11419,14083,1,normalized_margin_rmse,7.075982828903451,2.0779104015229266,10.276506399757537,3,2000,"{""1"": 2.0779104015229266, ""2"": 8.873531685429892, ""6"": 10.276506399757537}"
PushT,fidelity_constrained_matched_geometry,11419,14083,1,pose_error,0.08930344463949164,0.0590866325296401,0.10561745549831332,3,2000,"{""1"": 0.10320624589052148, ""2"": 0.10561745549831333, ""6"": 0.0590866325296401}"
PushT,fidelity_constrained_matched_geometry,11419,14083,1,selected_is_null,0.08333333333333333,0.0,0.25,3,2000,"{""1"": 0.0, ""2"": 0.0, ""6"": 0.25}"
PushT,fidelity_constrained_matched_geometry,11419,14083,3,normalized_regret,0.343856477576255,0.2412996619430344,0.534828556270266,3,2000,"{""1"": 0.534828556270266, ""2"": 0.2554412145154646, ""6"": 0.24129966194303437}"
PushT,fidelity_constrained_matched_geometry,11419,14083,3,weighted_pairwise_accuracy,0.6785483471824945,0.5159765004004914,0.7705718756082464,3,2000,"{""1"": 0.5159765004004914, ""2"": 0.7490966655387457, ""6"": 0.7705718756082464}"
PushT,fidelity_constrained_matched_geometry,11419,14083,3,top1_correct,0.3333333333333333,0.25,0.5,3,2000,"{""1"": 0.25, ""2"": 0.5, ""6"": 0.25}"
PushT,fidelity_constrained_matched_geometry,11419,14083,3,normalized_margin_rmse,1.2103711430864512,0.8327703645877294,1.5603200986193768,3,2000,"{""1"": 1.2380229660522475, ""2"": 1.5603200986193768, ""6"": 0.8327703645877294}"
PushT,fidelity_constrained_matched_geometry,11419,14083,3,pose_error,0.10104548952502883,0.0790087260366891,0.12748873149292844,3,2000,"{""1"": 0.0790087260366891, ""2"": 0.12748873149292844, ""6"": 0.09663901104546893}"
PushT,fidelity_constrained_matched_geometry,11419,14083,3,selected_is_null,0.125,0.0,0.25,3,2000,"{""1"": 0.25, ""2"": 0.0, ""6"": 0.125}"
PushT,fidelity_constrained_matched_geometry,11419,14083,6,normalized_regret,0.2613686049540153,0.20942363011421783,0.2883219546651157,3,2000,"{""1"": 0.2863602300827124, ""2"": 0.2883219546651157, ""6"": 0.20942363011421783}"
PushT,fidelity_constrained_matched_geometry,11419,14083,6,weighted_pairwise_accuracy,0.7077369328655528,0.6663396532736695,0.7630556368057513,3,2000,"{""1"": 0.6938155085172376, ""2"": 0.6663396532736695, ""6"": 0.7630556368057513}"
PushT,fidelity_constrained_matched_geometry,11419,14083,6,top1_correct,0.20833333333333334,0.125,0.375,3,2000,"{""1"": 0.125, ""2"": 0.375, ""6"": 0.125}"
PushT,fidelity_constrained_matched_geometry,11419,14083,6,normalized_margin_rmse,1.012001589985829,0.9225175228860722,1.129992158077187,3,2000,"{""1"": 0.9834950889942277, ""2"": 1.129992158077187, ""6"": 0.9225175228860722}"
PushT,fidelity_constrained_matched_geometry,11419,14083,6,pose_error,0.12515267950801193,0.10644005314314425,0.1418680376459776,3,2000,"{""1"": 0.10644005314314425, ""2"": 0.1418680376459776, ""6"": 0.12714994773491392}"
PushT,fidelity_constrained_matched_geometry,11419,14083,6,selected_is_null,0.0,0.0,0.0,3,2000,"{""1"": 0.0, ""2"": 0.0, ""6"": 0.0}"
PushT,fidelity_constrained_matched_geometry,11437,14011,1,normalized_regret,0.39183069926541786,0.327041869884864,0.49031139276528335,3,2000,"{""1"": 0.327041869884864, ""2"": 0.3581388351461061, ""6"": 0.49031139276528335}"
PushT,fidelity_constrained_matched_geometry,11437,14011,1,weighted_pairwise_accuracy,0.5045551166543419,0.4432807047433298,0.5755340510467821,3,2000,"{""1"": 0.5755340510467821, ""2"": 0.4948505941729139, ""6"": 0.4432807047433298}"
PushT,fidelity_constrained_matched_geometry,11437,14011,1,top1_correct,0.4583333333333333,0.25,0.625,3,2000,"{""1"": 0.625, ""2"": 0.5, ""6"": 0.25}"
PushT,fidelity_constrained_matched_geometry,11437,14011,1,normalized_margin_rmse,5.259884876320011,1.8034380845381062,8.733289554803793,3,2000,"{""1"": 1.8034380845381062, ""2"": 5.242926989618131, ""6"": 8.733289554803793}"
PushT,fidelity_constrained_matched_geometry,11437,14011,1,pose_error,0.0856125367206315,0.07366107421940617,0.10252473177306658,3,2000,"{""1"": 0.10252473177306656, ""2"": 0.07366107421940617, ""6"": 0.08065180416942176}"
PushT,fidelity_constrained_matched_geometry,11437,14011,1,selected_is_null,0.08333333333333333,0.0,0.125,3,2000,"{""1"": 0.125, ""2"": 0.125, ""6"": 0.0}"
PushT,fidelity_constrained_matched_geometry,11437,14011,3,normalized_regret,0.261819160525168,0.1250617862214192,0.4544022556239085,3,2000,"{""1"": 0.20599343973017642, ""2"": 0.4544022556239085, ""6"": 0.1250617862214192}"
PushT,fidelity_constrained_matched_geometry,11437,14011,3,weighted_pairwise_accuracy,0.730088489172827,0.6193823490350441,0.7858324579750353,3,2000,"{""1"": 0.7858324579750353, ""2"": 0.6193823490350441, ""6"": 0.7850506605084013}"
PushT,fidelity_constrained_matched_geometry,11437,14011,3,top1_correct,0.3333333333333333,0.125,0.625,3,2000,"{""1"": 0.625, ""2"": 0.125, ""6"": 0.25}"
PushT,fidelity_constrained_matched_geometry,11437,14011,3,normalized_margin_rmse,1.2194142312748817,1.0087897775505659,1.5747433747602402,3,2000,"{""1"": 1.0747095415138386, ""2"": 1.5747433747602402, ""6"": 1.0087897775505659}"
PushT,fidelity_constrained_matched_geometry,11437,14011,3,pose_error,0.08511959349308806,0.06990427643742529,0.10586775767837432,3,2000,"{""1"": 0.06990427643742529, ""2"": 0.10586775767837432, ""6"": 0.07958674636346458}"
PushT,fidelity_constrained_matched_geometry,11437,14011,3,selected_is_null,0.041666666666666664,0.0,0.125,3,2000,"{""1"": 0.125, ""2"": 0.0, ""6"": 0.0}"
PushT,fidelity_constrained_matched_geometry,11437,14011,6,normalized_regret,0.23651894822214448,0.051562353127594086,0.3853905558270017,3,2000,"{""1"": 0.38539055582700177, ""2"": 0.27260393571183766, ""6"": 0.051562353127594086}"
PushT,fidelity_constrained_matched_geometry,11437,14011,6,weighted_pairwise_accuracy,0.6908531564750297,0.6436020276418029,0.7795993993608641,3,2000,"{""1"": 0.6436020276418029, ""2"": 0.6493580424224223, ""6"": 0.7795993993608641}"
PushT,fidelity_constrained_matched_geometry,11437,14011,6,top1_correct,0.5,0.375,0.625,3,2000,"{""1"": 0.375, ""2"": 0.5, ""6"": 0.625}"
PushT,fidelity_constrained_matched_geometry,11437,14011,6,normalized_margin_rmse,1.0578294930674537,1.0211877375798972,1.1289779763852115,3,2000,"{""1"": 1.1289779763852115, ""2"": 1.023322765237253, ""6"": 1.0211877375798972}"
PushT,fidelity_constrained_matched_geometry,11437,14011,6,pose_error,0.11627981227362953,0.09487908121892108,0.13528423265424724,3,2000,"{""1"": 0.09487908121892108, ""2"": 0.13528423265424724, ""6"": 0.11867612294772027}"
PushT,fidelity_constrained_matched_geometry,11437,14011,6,selected_is_null,0.0,0.0,0.0,3,2000,"{""1"": 0.0, ""2"": 0.0, ""6"": 0.0}"
PushT,fidelity_constrained_matched_geometry,11437,14029,1,normalized_regret,0.292964093393532,0.17365105508785286,0.4982298173554276,3,2000,"{""1"": 0.1736510550878529, ""2"": 0.20701140773731555, ""6"": 0.4982298173554276}"
PushT,fidelity_constrained_matched_geometry,11437,14029,1,weighted_pairwise_accuracy,0.6301267987155786,0.43798106488463584,0.819457696745213,3,2000,"{""1"": 0.819457696745213, ""2"": 0.6329416345168871, ""6"": 0.43798106488463584}"
PushT,fidelity_constrained_matched_geometry,11437,14029,1,top1_correct,0.4583333333333333,0.375,0.625,3,2000,"{""1"": 0.375, ""2"": 0.625, ""6"": 0.375}"
PushT,fidelity_constrained_matched_geometry,11437,14029,1,normalized_margin_rmse,4.9990097743360264,1.834068295505966,8.67497531640256,3,2000,"{""1"": 1.834068295505966, ""2"": 8.67497531640256, ""6"": 4.4879857110995545}"
PushT,fidelity_constrained_matched_geometry,11437,14029,1,pose_error,0.10492906703921716,0.08872802776047439,0.12061612984446297,3,2000,"{""1"": 0.10544304351271408, ""2"": 0.12061612984446297, ""6"": 0.08872802776047439}"
PushT,fidelity_constrained_matched_geometry,11437,14029,1,selected_is_null,0.041666666666666664,0.0,0.125,3,2000,"{""1"": 0.0, ""2"": 0.125, ""6"": 0.0}"
PushT,fidelity_constrained_matched_geometry,11437,14029,3,normalized_regret,0.22601610300404407,0.12159665045666863,0.33426678162314194,3,2000,"{""1"": 0.33426678162314194, ""2"": 0.22218487693232164, ""6"": 0.12159665045666863}"
PushT,fidelity_constrained_matched_geometry,11437,14029,3,weighted_pairwise_accuracy,0.7405192823402986,0.6959774374174342,0.8174064585768863,3,2000,"{""1"": 0.7081739510265754, ""2"": 0.6959774374174341, ""6"": 0.8174064585768863}"
PushT,fidelity_constrained_matched_geometry,11437,14029,3,top1_correct,0.3333333333333333,0.25,0.375,3,2000,"{""1"": 0.375, ""2"": 0.375, ""6"": 0.25}"
PushT,fidelity_constrained_matched_geometry,11437,14029,3,normalized_margin_rmse,1.1958075664424161,0.8746437911677972,1.5349275582740163,3,2000,"{""1"": 1.1778513498854355, ""2"": 1.5349275582740163, ""6"": 0.8746437911677971}"
PushT,fidelity_constrained_matched_geometry,11437,14029,3,pose_error,0.10042007663322228,0.08314409899226924,0.12568648286070389,3,2000,"{""1"": 0.09242964804669371, ""2"": 0.12568648286070389, ""6"": 0.08314409899226924}"
PushT,fidelity_constrained_matched_geometry,11437,14029,3,selected_is_null,0.041666666666666664,0.0,0.125,3,2000,"{""1"": 0.0, ""2"": 0.125, ""6"": 0.0}"
PushT,fidelity_constrained_matched_geometry,11437,14029,6,normalized_regret,0.29550981747186916,0.23793628214460782,0.3395321575151526,3,2000,"{""1"": 0.23793628214460782, ""2"": 0.3090610127558471, ""6"": 0.3395321575151526}"
PushT,fidelity_constrained_matched_geometry,11437,14029,6,weighted_pairwise_accuracy,0.6708124534277374,0.6270020909642668,0.7176448191219968,3,2000,"{""1"": 0.6270020909642668, ""2"": 0.6677904501969487, ""6"": 0.7176448191219968}"
PushT,fidelity_constrained_matched_geometry,11437,14029,6,top1_correct,0.3333333333333333,0.25,0.375,3,2000,"{""1"": 0.375, ""2"": 0.375, ""6"": 0.25}"
PushT,fidelity_constrained_matched_geometry,11437,14029,6,normalized_margin_rmse,1.108826392416333,1.0300621922197928,1.1656525024076283,3,2000,"{""1"": 1.1656525024076283, ""2"": 1.1307644826215784, ""6"": 1.0300621922197928}"
PushT,fidelity_constrained_matched_geometry,11437,14029,6,pose_error,0.12885193600657738,0.11640081889383451,0.1460154910941369,3,2000,"{""1"": 0.1164008188938345, ""2"": 0.1460154910941369, ""6"": 0.12413949803176072}"
PushT,fidelity_constrained_matched_geometry,11437,14029,6,selected_is_null,0.0,0.0,0.0,3,2000,"{""1"": 0.0, ""2"": 0.0, ""6"": 0.0}"
PushT,fidelity_constrained_matched_geometry,11437,14047,1,normalized_regret,0.3752566546212144,0.27923118924372625,0.4468932460938572,3,2000,"{""1"": 0.27923118924372625, ""2"": 0.3996455285260596, ""6"": 0.4468932460938572}"
PushT,fidelity_constrained_matched_geometry,11437,14047,1,weighted_pairwise_accuracy,0.5306187530680957,0.4710483184356111,0.6072775373031788,3,2000,"{""1"": 0.6072775373031788, ""2"": 0.5135304034654973, ""6"": 0.4710483184356111}"
PushT,fidelity_constrained_matched_geometry,11437,14047,1,top1_correct,0.4166666666666667,0.25,0.5,3,2000,"{""1"": 0.5, ""2"": 0.5, ""6"": 0.25}"
PushT,fidelity_constrained_matched_geometry,11437,14047,1,normalized_margin_rmse,4.260408233719841,1.7017872506613456,5.586889848773943,3,2000,"{""1"": 1.7017872506613456, ""2"": 5.586889848773943, ""6"": 5.492547601724235}"
PushT,fidelity_constrained_matched_geometry,11437,14047,1,pose_error,0.07756812047199273,0.06329526353749704,0.09389037058169787,3,2000,"{""1"": 0.07551872729678324, ""2"": 0.09389037058169789, ""6"": 0.06329526353749704}"
PushT,fidelity_constrained_matched_geometry,11437,14047,1,selected_is_null,0.16666666666666666,0.0,0.25,3,2000,"{""1"": 0.25, ""2"": 0.0, ""6"": 0.25}"
PushT,fidelity_constrained_matched_geometry,11437,14047,3,normalized_regret,0.22957963711980364,0.13660215794529704,0.37548567719960113,3,2000,"{""1"": 0.1766510762145127, ""2"": 0.37548567719960113, ""6"": 0.13660215794529704}"
PushT,fidelity_constrained_matched_geometry,11437,14047,3,weighted_pairwise_accuracy,0.7831966858545178,0.726005383606676,0.881511613422273,3,2000,"{""1"": 0.726005383606676, ""2"": 0.7420730605346046, ""6"": 0.881511613422273}"
PushT,fidelity_constrained_matched_geometry,11437,14047,3,top1_correct,0.4166666666666667,0.25,0.625,3,2000,"{""1"": 0.625, ""2"": 0.25, ""6"": 0.375}"
PushT,fidelity_constrained_matched_geometry,11437,14047,3,normalized_margin_rmse,0.9869256470095715,0.6801896497682426,1.2524192020156835,3,2000,"{""1"": 1.0281680892447889, ""2"": 1.2524192020156835, ""6"": 0.6801896497682425}"
PushT,fidelity_constrained_matched_geometry,11437,14047,3,pose_error,0.08864258930885134,0.07369228449984283,0.11560657403341362,3,2000,"{""1"": 0.07662890939329761, ""2"": 0.11560657403341362, ""6"": 0.07369228449984283}"
PushT,fidelity_constrained_matched_geometry,11437,14047,3,selected_is_null,0.041666666666666664,0.0,0.125,3,2000,"{""1"": 0.0, ""2"": 0.0, ""6"": 0.125}"
PushT,fidelity_constrained_matched_geometry,11437,14047,6,normalized_regret,0.21976174102107301,0.09114218641189982,0.39059518873540133,3,2000,"{""1"": 0.39059518873540133, ""2"": 0.17754784791591777, ""6"": 0.09114218641189983}"
PushT,fidelity_constrained_matched_geometry,11437,14047,6,weighted_pairwise_accuracy,0.7114016594127556,0.6430522369184056,0.8192953664663443,3,2000,"{""1"": 0.6430522369184056, ""2"": 0.671857374853517, ""6"": 0.8192953664663443}"
PushT,fidelity_constrained_matched_geometry,11437,14047,6,top1_correct,0.2916666666666667,0.125,0.5,3,2000,"{""1"": 0.125, ""2"": 0.5, ""6"": 0.25}"
PushT,fidelity_constrained_matched_geometry,11437,14047,6,normalized_margin_rmse,1.012646993598237,0.7992169594041,1.1833620112650194,3,2000,"{""1"": 1.0553620101255923, ""2"": 1.1833620112650194, ""6"": 0.7992169594040999}"
PushT,fidelity_constrained_matched_geometry,11437,14047,6,pose_error,0.1182010717264216,0.10226580643181411,0.14210902819585108,3,2000,"{""1"": 0.10226580643181411, ""2"": 0.14210902819585108, ""6"": 0.11022838055159961}"
PushT,fidelity_constrained_matched_geometry,11437,14047,6,selected_is_null,0.0,0.0,0.0,3,2000,"{""1"": 0.0, ""2"": 0.0, ""6"": 0.0}"
PushT,fidelity_constrained_matched_geometry,11437,14065,1,normalized_regret,0.32221944015970916,0.12615124334429384,0.48578594596873703,3,2000,"{""1"": 0.48578594596873703, ""2"": 0.3547211311660966, ""6"": 0.12615124334429384}"
PushT,fidelity_constrained_matched_geometry,11437,14065,1,weighted_pairwise_accuracy,0.5555053777466147,0.32728638425307843,0.704907260460459,3,2000,"{""1"": 0.32728638425307843, ""2"": 0.704907260460459, ""6"": 0.6343224885263063}"
PushT,fidelity_constrained_matched_geometry,11437,14065,1,top1_correct,0.375,0.25,0.5,3,2000,"{""1"": 0.25, ""2"": 0.375, ""6"": 0.5}"
PushT,fidelity_constrained_matched_geometry,11437,14065,1,normalized_margin_rmse,5.385388475721733,2.169353077405052,9.657674547151748,3,2000,"{""1"": 2.169353077405052, ""2"": 9.657674547151748, ""6"": 4.329137802608399}"
PushT,fidelity_constrained_matched_geometry,11437,14065,1,pose_error,0.07662478049679793,0.0583033169517389,0.08943415544838883,3,2000,"{""1"": 0.08213686909026602, ""2"": 0.08943415544838883, ""6"": 0.0583033169517389}"
PushT,fidelity_constrained_matched_geometry,11437,14065,1,selected_is_null,0.16666666666666666,0.0,0.25,3,2000,"{""1"": 0.25, ""2"": 0.0, ""6"": 0.25}"
PushT,fidelity_constrained_matched_geometry,11437,14065,3,normalized_regret,0.1177989237499293,0.08638917396275465,0.1690004110292899,3,2000,"{""1"": 0.16900041102928992, ""2"": 0.09800718625774335, ""6"": 0.08638917396275465}"
PushT,fidelity_constrained_matched_geometry,11437,14065,3,weighted_pairwise_accuracy,0.7734428199549358,0.7314263653262937,0.7946391388510831,3,2000,"{""1"": 0.7942629556874305, ""2"": 0.7314263653262937, ""6"": 0.794639138851083}"
PushT,fidelity_constrained_matched_geometry,11437,14065,3,top1_correct,0.5,0.375,0.625,3,2000,"{""1"": 0.375, ""2"": 0.5, ""6"": 0.625}"
PushT,fidelity_constrained_matched_geometry,11437,14065,3,normalized_margin_rmse,1.1102290238867594,0.8233811148570117,1.3506066260550238,3,2000,"{""1"": 1.1566993307482427, ""2"": 1.3506066260550238, ""6"": 0.8233811148570116}"
PushT,fidelity_constrained_matched_geometry,11437,14065,3,pose_error,0.08924030659533777,0.07576436005082032,0.11536791707441485,3,2000,"{""1"": 0.07576436005082032, ""2"": 0.11536791707441485, ""6"": 0.07658864266077811}"
PushT,fidelity_constrained_matched_geometry,11437,14065,3,selected_is_null,0.0,0.0,0.0,3,2000,"{""1"": 0.0, ""2"": 0.0, ""6"": 0.0}"
PushT,fidelity_constrained_matched_geometry,11437,14065,6,normalized_regret,0.23856754413247794,0.16765558476008416,0.33780663179594206,3,2000,"{""1"": 0.33780663179594206, ""2"": 0.2102404158414075, ""6"": 0.1676555847600842}"
PushT,fidelity_constrained_matched_geometry,11437,14065,6,weighted_pairwise_accuracy,0.7073690922720527,0.6643400146819044,0.7646536482006926,3,2000,"{""1"": 0.6643400146819044, ""2"": 0.6931136139335612, ""6"": 0.7646536482006925}"
PushT,fidelity_constrained_matched_geometry,11437,14065,6,top1_correct,0.3333333333333333,0.25,0.375,3,2000,"{""1"": 0.25, ""2"": 0.375, ""6"": 0.375}"
PushT,fidelity_constrained_matched_geometry,11437,14065,6,normalized_margin_rmse,1.117776457222665,0.9531280333246976,1.2099807387500383,3,2000,"{""1"": 1.2099807387500383, ""2"": 1.1902205995932589, ""6"": 0.9531280333246976}"
PushT,fidelity_constrained_matched_geometry,11437,14065,6,pose_error,0.1182900824639745,0.10632578480732874,0.13190530078028373,3,2000,"{""1"": 0.10632578480732874, ""2"": 0.13190530078028373, ""6"": 0.11663916180431108}"
PushT,fidelity_constrained_matched_geometry,11437,14065,6,selected_is_null,0.0,0.0,0.0,3,2000,"{""1"": 0.0, ""2"": 0.0, ""6"": 0.0}"
PushT,fidelity_constrained_matched_geometry,11437,14083,1,normalized_regret,0.26485944562273855,0.20345865973656344,0.3176379641920612,3,2000,"{""1"": 0.2734817129395911, ""2"": 0.3176379641920612, ""6"": 0.20345865973656344}"
PushT,fidelity_constrained_matched_geometry,11437,14083,1,weighted_pairwise_accuracy,0.5794151635603717,0.47624425624080374,0.6323830944301772,3,2000,"{""1"": 0.6296181400101342, ""2"": 0.4762442562408037, ""6"": 0.6323830944301772}"
PushT,fidelity_constrained_matched_geometry,11437,14083,1,top1_correct,0.4166666666666667,0.25,0.5,3,2000,"{""1"": 0.25, ""2"": 0.5, ""6"": 0.5}"
PushT,fidelity_constrained_matched_geometry,11437,14083,1,normalized_margin_rmse,7.0026848306774605,1.9931542349163534,10.281053850657926,3,2000,"{""1"": 1.9931542349163534, ""2"": 8.733846406458103, ""6"": 10.281053850657926}"
PushT,fidelity_constrained_matched_geometry,11437,14083,1,pose_error,0.0905134723899434,0.05933200066736405,0.10772468315114668,3,2000,"{""1"": 0.10448373335131945, ""2"": 0.10772468315114668, ""6"": 0.05933200066736405}"
PushT,fidelity_constrained_matched_geometry,11437,14083,1,selected_is_null,0.08333333333333333,0.0,0.25,3,2000,"{""1"": 0.0, ""2"": 0.0, ""6"": 0.25}"
PushT,fidelity_constrained_matched_geometry,11437,14083,3,normalized_regret,0.343856477576255,0.2412996619430344,0.534828556270266,3,2000,"{""1"": 0.534828556270266, ""2"": 0.2554412145154646, ""6"": 0.24129966194303437}"
PushT,fidelity_constrained_matched_geometry,11437,14083,3,weighted_pairwise_accuracy,0.6838813330153947,0.5342131309571903,0.7663552916653643,3,2000,"{""1"": 0.5342131309571903, ""2"": 0.7510755764236293, ""6"": 0.7663552916653643}"
PushT,fidelity_constrained_matched_geometry,11437,14083,3,top1_correct,0.3333333333333333,0.25,0.5,3,2000,"{""1"": 0.25, ""2"": 0.5, ""6"": 0.25}"
PushT,fidelity_constrained_matched_geometry,11437,14083,3,normalized_margin_rmse,1.2038763160415062,0.8223411327016757,1.5760579112732545,3,2000,"{""1"": 1.2132299041495886, ""2"": 1.5760579112732545, ""6"": 0.8223411327016759}"
PushT,fidelity_constrained_matched_geometry,11437,14083,3,pose_error,0.1006732193005732,0.07884517678202735,0.1266144456344862,3,2000,"{""1"": 0.07884517678202735, ""2"": 0.1266144456344862, ""6"": 0.09656003548520606}"
PushT,fidelity_constrained_matched_geometry,11437,14083,3,selected_is_null,0.125,0.0,0.25,3,2000,"{""1"": 0.25, ""2"": 0.0, ""6"": 0.125}"
PushT,fidelity_constrained_matched_geometry,11437,14083,6,normalized_regret,0.2613686049540153,0.20942363011421783,0.2883219546651157,3,2000,"{""1"": 0.2863602300827124, ""2"": 0.2883219546651157, ""6"": 0.20942363011421783}"
PushT,fidelity_constrained_matched_geometry,11437,14083,6,weighted_pairwise_accuracy,0.7064496547436386,0.6729908589051208,0.7570527477140298,3,2000,"{""1"": 0.6893053576117654, ""2"": 0.6729908589051208, ""6"": 0.7570527477140299}"
PushT,fidelity_constrained_matched_geometry,11437,14083,6,top1_correct,0.20833333333333334,0.125,0.375,3,2000,"{""1"": 0.125, ""2"": 0.375, ""6"": 0.125}"
PushT,fidelity_constrained_matched_geometry,11437,14083,6,normalized_margin_rmse,1.01476851189081,0.9346766735622202,1.1310791477699127,3,2000,"{""1"": 0.978549714340297, ""2"": 1.1310791477699127, ""6"": 0.9346766735622202}"
PushT,fidelity_constrained_matched_geometry,11437,14083,6,pose_error,0.12499775807365539,0.10622842744858348,0.14117654141652788,3,2000,"{""1"": 0.10622842744858349, ""2"": 0.14117654141652788, ""6"": 0.12758830535585478}"
PushT,fidelity_constrained_matched_geometry,11437,14083,6,selected_is_null,0.0,0.0,0.0,3,2000,"{""1"": 0.0, ""2"": 0.0, ""6"": 0.0}"
PushT,fidelity_constrained_shuffled_geometry,11401,14011,1,normalized_regret,0.3643890468338495,0.2841358531943593,0.45672661880837023,3,2000,"{""1"": 0.2841358531943593, ""2"": 0.3523046684988188, ""6"": 0.4567266188083702}"
PushT,fidelity_constrained_shuffled_geometry,11401,14011,1,weighted_pairwise_accuracy,0.48626294375125045,0.4203289336139571,0.6040316659384836,3,2000,"{""1"": 0.6040316659384836, ""2"": 0.4203289336139571, ""6"": 0.43442823170131073}"
PushT,fidelity_constrained_shuffled_geometry,11401,14011,1,top1_correct,0.4583333333333333,0.25,0.625,3,2000,"{""1"": 0.5, ""2"": 0.625, ""6"": 0.25}"
PushT,fidelity_constrained_shuffled_geometry,11401,14011,1,normalized_margin_rmse,4.996387670185129,1.7909426284778762,8.047484454411727,3,2000,"{""1"": 1.7909426284778762, ""2"": 5.150735927665783, ""6"": 8.047484454411727}"
PushT,fidelity_constrained_shuffled_geometry,11401,14011,1,pose_error,0.08646996578222521,0.07208649229614225,0.10124319447212722,3,2000,"{""1"": 0.10124319447212723, ""2"": 0.07208649229614225, ""6"": 0.08608021057840617}"
PushT,fidelity_constrained_shuffled_geometry,11401,14011,1,selected_is_null,0.08333333333333333,0.0,0.125,3,2000,"{""1"": 0.125, ""2"": 0.125, ""6"": 0.0}"
PushT,fidelity_constrained_shuffled_geometry,11401,14011,3,normalized_regret,0.2739089814426411,0.17191903510944984,0.4136161311593359,3,2000,"{""1"": 0.23619177805913755, ""2"": 0.41361613115933593, ""6"": 0.17191903510944984}"
PushT,fidelity_constrained_shuffled_geometry,11401,14011,3,weighted_pairwise_accuracy,0.6932458126269346,0.5972173972531999,0.7628212127282885,3,2000,"{""1"": 0.7196988278993153, ""2"": 0.5972173972531999, ""6"": 0.7628212127282885}"
PushT,fidelity_constrained_shuffled_geometry,11401,14011,3,top1_correct,0.3333333333333333,0.25,0.5,3,2000,"{""1"": 0.5, ""2"": 0.25, ""6"": 0.25}"
PushT,fidelity_constrained_shuffled_geometry,11401,14011,3,normalized_margin_rmse,1.1477010859597494,0.9454874982246055,1.4704844047269567,3,2000,"{""1"": 1.0271313549276861, ""2"": 1.4704844047269567, ""6"": 0.9454874982246055}"
PushT,fidelity_constrained_shuffled_geometry,11401,14011,3,pose_error,0.08502717843654177,0.07095327556825448,0.10464897089443975,3,2000,"{""1"": 0.07095327556825448, ""2"": 0.10464897089443975, ""6"": 0.07947928884693103}"
PushT,fidelity_constrained_shuffled_geometry,11401,14011,3,selected_is_null,0.041666666666666664,0.0,0.125,3,2000,"{""1"": 0.125, ""2"": 0.0, ""6"": 0.0}"
PushT,fidelity_constrained_shuffled_geometry,11401,14011,6,normalized_regret,0.20124684867034306,0.1524643443107751,0.2657619541036903,3,2000,"{""1"": 0.2657619541036903, ""2"": 0.18551424759656374, ""6"": 0.1524643443107751}"
PushT,fidelity_constrained_shuffled_geometry,11401,14011,6,weighted_pairwise_accuracy,0.6647402279687805,0.6179775466628944,0.7559150638264818,3,2000,"{""1"": 0.6179775466628944, ""2"": 0.6203280734169656, ""6"": 0.7559150638264818}"
PushT,fidelity_constrained_shuffled_geometry,11401,14011,6,top1_correct,0.4583333333333333,0.375,0.5,3,2000,"{""1"": 0.5, ""2"": 0.375, ""6"": 0.5}"
PushT,fidelity_constrained_shuffled_geometry,11401,14011,6,normalized_margin_rmse,1.055883204764378,0.9779979241458486,1.157880512030737,3,2000,"{""1"": 1.157880512030737, ""2"": 1.0317711781165486, ""6"": 0.9779979241458486}"
PushT,fidelity_constrained_shuffled_geometry,11401,14011,6,pose_error,0.11723298180803286,0.09648146632241127,0.13686592694147837,3,2000,"{""1"": 0.09648146632241127, ""2"": 0.13686592694147837, ""6"": 0.11835155216020891}"
PushT,fidelity_constrained_shuffled_geometry,11401,14011,6,selected_is_null,0.08333333333333333,0.0,0.25,3,2000,"{""1"": 0.0, ""2"": 0.0, ""6"": 0.25}"
PushT,fidelity_constrained_shuffled_geometry,11401,14029,1,normalized_regret,0.26478186724891223,0.13330798681413641,0.3320114077373155,3,2000,"{""1"": 0.13330798681413641, ""2"": 0.3320114077373155, ""6"": 0.3290262071952847}"
PushT,fidelity_constrained_shuffled_geometry,11401,14029,1,weighted_pairwise_accuracy,0.6216351856583836,0.4398140861621331,0.8107508898907856,3,2000,"{""1"": 0.8107508898907856, ""2"": 0.6143405809222322, ""6"": 0.4398140861621331}"
PushT,fidelity_constrained_shuffled_geometry,11401,14029,1,top1_correct,0.4583333333333333,0.375,0.5,3,2000,"{""1"": 0.375, ""2"": 0.5, ""6"": 0.5}"
PushT,fidelity_constrained_shuffled_geometry,11401,14029,1,normalized_margin_rmse,4.2593295770837765,1.673622673763546,8.065232905986937,3,2000,"{""1"": 1.673622673763546, ""2"": 8.065232905986937, ""6"": 3.0391331515008475}"
PushT,fidelity_constrained_shuffled_geometry,11401,14029,1,pose_error,0.10142874328370173,0.08296531259378082,0.11368750234412615,3,2000,"{""1"": 0.10763341491319826, ""2"": 0.11368750234412615, ""6"": 0.08296531259378082}"
PushT,fidelity_constrained_shuffled_geometry,11401,14029,1,selected_is_null,0.125,0.0,0.25,3,2000,"{""1"": 0.0, ""2"": 0.125, ""6"": 0.25}"
PushT,fidelity_constrained_shuffled_geometry,11401,14029,3,normalized_regret,0.19885306271536926,0.10471019674885729,0.32195784052583765,3,2000,"{""1"": 0.32195784052583765, ""2"": 0.16989115087141285, ""6"": 0.10471019674885729}"
PushT,fidelity_constrained_shuffled_geometry,11401,14029,3,weighted_pairwise_accuracy,0.7586848129394573,0.7057023342394814,0.81604429522611,3,2000,"{""1"": 0.754307809352781, ""2"": 0.7057023342394813, ""6"": 0.81604429522611}"
PushT,fidelity_constrained_shuffled_geometry,11401,14029,3,top1_correct,0.3333333333333333,0.25,0.5,3,2000,"{""1"": 0.5, ""2"": 0.25, ""6"": 0.25}"
PushT,fidelity_constrained_shuffled_geometry,11401,14029,3,normalized_margin_rmse,1.153637514247459,0.8214627917311943,1.5395837129009269,3,2000,"{""1"": 1.0998660381102563, ""2"": 1.5395837129009269, ""6"": 0.8214627917311943}"
PushT,fidelity_constrained_shuffled_geometry,11401,14029,3,pose_error,0.09734574559552193,0.080171697703255,0.12461623493737613,3,2000,"{""1"": 0.08724930414593467, ""2"": 0.12461623493737614, ""6"": 0.080171697703255}"
PushT,fidelity_constrained_shuffled_geometry,11401,14029,3,selected_is_null,0.0,0.0,0.0,3,2000,"{""1"": 0.0, ""2"": 0.0, ""6"": 0.0}"
PushT,fidelity_constrained_shuffled_geometry,11401,14029,6,normalized_regret,0.3625520127898377,0.28841247613147775,0.422165311687408,3,2000,"{""1"": 0.422165311687408, ""2"": 0.37707825055062727, ""6"": 0.28841247613147775}"
PushT,fidelity_constrained_shuffled_geometry,11401,14029,6,weighted_pairwise_accuracy,0.659625146522912,0.5999931877199066,0.6924436108531994,3,2000,"{""1"": 0.5999931877199066, ""2"": 0.6924436108531994, ""6"": 0.6864386409956299}"
PushT,fidelity_constrained_shuffled_geometry,11401,14029,6,top1_correct,0.3333333333333333,0.25,0.5,3,2000,"{""1"": 0.25, ""2"": 0.5, ""6"": 0.25}"
PushT,fidelity_constrained_shuffled_geometry,11401,14029,6,normalized_margin_rmse,1.096876124719189,1.0021736059812278,1.1945815099833914,3,2000,"{""1"": 1.1945815099833914, ""2"": 1.0938732581929473, ""6"": 1.0021736059812278}"
PushT,fidelity_constrained_shuffled_geometry,11401,14029,6,pose_error,0.12854031662816898,0.11393351479771786,0.14798329368288857,3,2000,"{""1"": 0.11393351479771786, ""2"": 0.14798329368288857, ""6"": 0.12370414140390053}"
PushT,fidelity_constrained_shuffled_geometry,11401,14029,6,selected_is_null,0.0,0.0,0.0,3,2000,"{""1"": 0.0, ""2"": 0.0, ""6"": 0.0}"
PushT,fidelity_constrained_shuffled_geometry,11401,14047,1,normalized_regret,0.368096421697977,0.27923118924372625,0.4254125473241452,3,2000,"{""1"": 0.27923118924372625, ""2"": 0.3996455285260596, ""6"": 0.4254125473241452}"
PushT,fidelity_constrained_shuffled_geometry,11401,14047,1,weighted_pairwise_accuracy,0.5419335639136359,0.48091198840686183,0.605606303527115,3,2000,"{""1"": 0.605606303527115, ""2"": 0.5392823998069306, ""6"": 0.4809119884068619}"
PushT,fidelity_constrained_shuffled_geometry,11401,14047,1,top1_correct,0.4166666666666667,0.25,0.5,3,2000,"{""1"": 0.5, ""2"": 0.5, ""6"": 0.25}"
PushT,fidelity_constrained_shuffled_geometry,11401,14047,1,normalized_margin_rmse,4.0413548679292965,1.6391948522341488,5.806156268279833,3,2000,"{""1"": 1.6391948522341488, ""2"": 4.678713483273908, ""6"": 5.806156268279833}"
PushT,fidelity_constrained_shuffled_geometry,11401,14047,1,pose_error,0.0757614550206326,0.06366657975506429,0.08763074227013695,3,2000,"{""1"": 0.07598704303669657, ""2"": 0.08763074227013695, ""6"": 0.06366657975506429}"
PushT,fidelity_constrained_shuffled_geometry,11401,14047,1,selected_is_null,0.125,0.0,0.25,3,2000,"{""1"": 0.25, ""2"": 0.0, ""6"": 0.125}"
PushT,fidelity_constrained_shuffled_geometry,11401,14047,3,normalized_regret,0.2385127685518917,0.11884733329745863,0.41664758462108237,3,2000,"{""1"": 0.18004338773713408, ""2"": 0.41664758462108237, ""6"": 0.11884733329745864}"
PushT,fidelity_constrained_shuffled_geometry,11401,14047,3,weighted_pairwise_accuracy,0.7834544488351488,0.7317408695791934,0.8686805924368627,3,2000,"{""1"": 0.7317408695791934, ""2"": 0.7499418844893905, ""6"": 0.8686805924368627}"
PushT,fidelity_constrained_shuffled_geometry,11401,14047,3,top1_correct,0.3333333333333333,0.125,0.625,3,2000,"{""1"": 0.625, ""2"": 0.125, ""6"": 0.25}"
PushT,fidelity_constrained_shuffled_geometry,11401,14047,3,normalized_margin_rmse,0.9289227061294629,0.67096176574938,1.1446696889481114,3,2000,"{""1"": 0.9711366636908972, ""2"": 1.1446696889481114, ""6"": 0.67096176574938}"
PushT,fidelity_constrained_shuffled_geometry,11401,14047,3,pose_error,0.08674334941436017,0.07346961741387649,0.1128465001020826,3,2000,"{""1"": 0.07391393072712138, ""2"": 0.11284650010208261, ""6"": 0.07346961741387649}"
PushT,fidelity_constrained_shuffled_geometry,11401,14047,3,selected_is_null,0.0,0.0,0.0,3,2000,"{""1"": 0.0, ""2"": 0.0, ""6"": 0.0}"
PushT,fidelity_constrained_shuffled_geometry,11401,14047,6,normalized_regret,0.24195550931461432,0.17754784791591774,0.35181300118628006,3,2000,"{""1"": 0.35181300118628, ""2"": 0.17754784791591777, ""6"": 0.19650567884164533}"
PushT,fidelity_constrained_shuffled_geometry,11401,14047,6,weighted_pairwise_accuracy,0.6985674738751962,0.6245270715549444,0.8453722191488792,3,2000,"{""1"": 0.6258031309217655, ""2"": 0.6245270715549444, ""6"": 0.8453722191488791}"
PushT,fidelity_constrained_shuffled_geometry,11401,14047,6,top1_correct,0.2916666666666667,0.125,0.5,3,2000,"{""1"": 0.25, ""2"": 0.5, ""6"": 0.125}"
PushT,fidelity_constrained_shuffled_geometry,11401,14047,6,normalized_margin_rmse,1.0023246403505566,0.7545911663071495,1.1836931324608728,3,2000,"{""1"": 1.0686896222836473, ""2"": 1.1836931324608728, ""6"": 0.7545911663071495}"
PushT,fidelity_constrained_shuffled_geometry,11401,14047,6,pose_error,0.11761832843904756,0.10232295093641626,0.14229938499359218,3,2000,"{""1"": 0.10232295093641627, ""2"": 0.14229938499359218, ""6"": 0.10823264938713423}"
PushT,fidelity_constrained_shuffled_geometry,11401,14047,6,selected_is_null,0.0,0.0,0.0,3,2000,"{""1"": 0.0, ""2"": 0.0, ""6"": 0.0}"
PushT,fidelity_constrained_shuffled_geometry,11401,14065,1,normalized_regret,0.3076719454497699,0.12615124334429384,0.5671434618389193,3,2000,"{""1"": 0.5671434618389193, ""2"": 0.22972113116609663, ""6"": 0.12615124334429384}"
PushT,fidelity_constrained_shuffled_geometry,11401,14065,1,weighted_pairwise_accuracy,0.5701543836083931,0.2759844024587959,0.7780027130895268,3,2000,"{""1"": 0.2759844024587959, ""2"": 0.7780027130895268, ""6"": 0.6564760352768565}"
PushT,fidelity_constrained_shuffled_geometry,11401,14065,1,top1_correct,0.4166666666666667,0.25,0.5,3,2000,"{""1"": 0.25, ""2"": 0.5, ""6"": 0.5}"
PushT,fidelity_constrained_shuffled_geometry,11401,14065,1,normalized_margin_rmse,4.5909999518640445,2.2967149131452653,8.349494254357921,3,2000,"{""1"": 2.2967149131452653, ""2"": 8.349494254357921, ""6"": 3.1267906880889447}"
PushT,fidelity_constrained_shuffled_geometry,11401,14065,1,pose_error,0.0805828649587856,0.055265512194597244,0.09422317251695911,3,2000,"{""1"": 0.09225991016480045, ""2"": 0.09422317251695911, ""6"": 0.055265512194597244}"
PushT,fidelity_constrained_shuffled_geometry,11401,14065,1,selected_is_null,0.16666666666666666,0.0,0.25,3,2000,"{""1"": 0.25, ""2"": 0.0, ""6"": 0.25}"
PushT,fidelity_constrained_shuffled_geometry,11401,14065,3,normalized_regret,0.11726276088045862,0.08478068535434259,0.1690004110292899,3,2000,"{""1"": 0.16900041102928992, ""2"": 0.09800718625774335, ""6"": 0.08478068535434259}"
PushT,fidelity_constrained_shuffled_geometry,11401,14065,3,weighted_pairwise_accuracy,0.7744686932680901,0.7624250344176549,0.7940783782728357,3,2000,"{""1"": 0.7624250344176549, ""2"": 0.7669026671137794, ""6"": 0.7940783782728358}"
PushT,fidelity_constrained_shuffled_geometry,11401,14065,3,top1_correct,0.5,0.375,0.625,3,2000,"{""1"": 0.375, ""2"": 0.5, ""6"": 0.625}"
PushT,fidelity_constrained_shuffled_geometry,11401,14065,3,normalized_margin_rmse,1.1124625516823439,0.7891390283474307,1.316440717621283,3,2000,"{""1"": 1.2318079090783183, ""2"": 1.316440717621283, ""6"": 0.7891390283474307}"
PushT,fidelity_constrained_shuffled_geometry,11401,14065,3,pose_error,0.09024087356156506,0.07333639746096345,0.11833291554394292,3,2000,"{""1"": 0.07905330767978881, ""2"": 0.1183329155439429, ""6"": 0.07333639746096345}"
PushT,fidelity_constrained_shuffled_geometry,11401,14065,3,selected_is_null,0.0,0.0,0.0,3,2000,"{""1"": 0.0, ""2"": 0.0, ""6"": 0.0}"
PushT,fidelity_constrained_shuffled_geometry,11401,14065,6,normalized_regret,0.18980172393828687,0.11648626244051181,0.27327001715718563,3,2000,"{""1"": 0.27327001715718563, ""2"": 0.11648626244051183, ""6"": 0.17964889221716318}"
PushT,fidelity_constrained_shuffled_geometry,11401,14065,6,weighted_pairwise_accuracy,0.7011044528530507,0.6380885658567428,0.7638905033928788,3,2000,"{""1"": 0.6380885658567428, ""2"": 0.7013342893095309, ""6"": 0.7638905033928787}"
PushT,fidelity_constrained_shuffled_geometry,11401,14065,6,top1_correct,0.3333333333333333,0.25,0.375,3,2000,"{""1"": 0.25, ""2"": 0.375, ""6"": 0.375}"
PushT,fidelity_constrained_shuffled_geometry,11401,14065,6,normalized_margin_rmse,1.1051291186879246,0.9088529708180162,1.2442958523606316,3,2000,"{""1"": 1.2442958523606316, ""2"": 1.1622385328851261, ""6"": 0.9088529708180162}"
PushT,fidelity_constrained_shuffled_geometry,11401,14065,6,pose_error,0.12003880640168059,0.10882293702136187,0.1354316616954545,3,2000,"{""1"": 0.10882293702136187, ""2"": 0.1354316616954545, ""6"": 0.11586182048822544}"
PushT,fidelity_constrained_shuffled_geometry,11401,14065,6,selected_is_null,0.0,0.0,0.0,3,2000,"{""1"": 0.0, ""2"": 0.0, ""6"": 0.0}"
PushT,fidelity_constrained_shuffled_geometry,11401,14083,1,normalized_regret,0.30652611228940524,0.2734817129395911,0.3284586597365634,3,2000,"{""1"": 0.2734817129395911, ""2"": 0.3176379641920612, ""6"": 0.3284586597365634}"
PushT,fidelity_constrained_shuffled_geometry,11401,14083,1,weighted_pairwise_accuracy,0.5489025745869122,0.4416762329755321,0.6100337641986763,3,2000,"{""1"": 0.6100337641986763, ""2"": 0.44167623297553205, ""6"": 0.594997726586528}"
PushT,fidelity_constrained_shuffled_geometry,11401,14083,1,top1_correct,0.375,0.25,0.5,3,2000,"{""1"": 0.25, ""2"": 0.5, ""6"": 0.375}"
PushT,fidelity_constrained_shuffled_geometry,11401,14083,1,normalized_margin_rmse,7.617928876443311,1.9686900366525066,11.07633861254884,3,2000,"{""1"": 1.9686900366525066, ""2"": 11.07633861254884, ""6"": 9.808757980128583}"
PushT,fidelity_constrained_shuffled_geometry,11401,14083,1,pose_error,0.08793803267458222,0.05623287860083309,0.1063957240573782,3,2000,"{""1"": 0.10118549536553537, ""2"": 0.1063957240573782, ""6"": 0.05623287860083309}"
PushT,fidelity_constrained_shuffled_geometry,11401,14083,1,selected_is_null,0.08333333333333333,0.0,0.25,3,2000,"{""1"": 0.0, ""2"": 0.0, ""6"": 0.25}"
PushT,fidelity_constrained_shuffled_geometry,11401,14083,3,normalized_regret,0.3414811354260028,0.23624952549871214,0.5468942188362619,3,2000,"{""1"": 0.5468942188362619, ""2"": 0.23624952549871214, ""6"": 0.24129966194303437}"
PushT,fidelity_constrained_shuffled_geometry,11401,14083,3,weighted_pairwise_accuracy,0.7122613995996908,0.5827321380797591,0.7817902486478499,3,2000,"{""1"": 0.5827321380797591, ""2"": 0.7722618120714633, ""6"": 0.7817902486478499}"
PushT,fidelity_constrained_shuffled_geometry,11401,14083,3,top1_correct,0.3333333333333333,0.25,0.5,3,2000,"{""1"": 0.25, ""2"": 0.5, ""6"": 0.25}"
PushT,fidelity_constrained_shuffled_geometry,11401,14083,3,normalized_margin_rmse,1.0944801058714282,0.7699905271614677,1.3631564591362704,3,2000,"{""1"": 1.1502933313165467, ""2"": 1.3631564591362704, ""6"": 0.7699905271614675}"
PushT,fidelity_constrained_shuffled_geometry,11401,14083,3,pose_error,0.09944246619090889,0.07900117193314288,0.1268323928361571,3,2000,"{""1"": 0.07900117193314288, ""2"": 0.1268323928361571, ""6"": 0.09249383380342668}"
PushT,fidelity_constrained_shuffled_geometry,11401,14083,3,selected_is_null,0.125,0.0,0.25,3,2000,"{""1"": 0.25, ""2"": 0.0, ""6"": 0.125}"
PushT,fidelity_constrained_shuffled_geometry,11401,14083,6,normalized_regret,0.3091940953135363,0.2163802420705083,0.42288008920498493,3,2000,"{""1"": 0.42288008920498493, ""2"": 0.2883219546651157, ""6"": 0.2163802420705083}"
PushT,fidelity_constrained_shuffled_geometry,11401,14083,6,weighted_pairwise_accuracy,0.6998430715930527,0.6190528240435496,0.814573489690498,3,2000,"{""1"": 0.6190528240435496, ""2"": 0.6659029010451104, ""6"": 0.814573489690498}"
PushT,fidelity_constrained_shuffled_geometry,11401,14083,6,top1_correct,0.20833333333333334,0.125,0.375,3,2000,"{""1"": 0.125, ""2"": 0.375, ""6"": 0.125}"
PushT,fidelity_constrained_shuffled_geometry,11401,14083,6,normalized_margin_rmse,0.9845805339004087,0.8854554108560514,1.056864698620677,3,2000,"{""1"": 1.0114214922244982, ""2"": 1.056864698620677, ""6"": 0.8854554108560514}"
PushT,fidelity_constrained_shuffled_geometry,11401,14083,6,pose_error,0.12394727126775729,0.10571105014065928,0.14145102536071097,3,2000,"{""1"": 0.10571105014065928, ""2"": 0.14145102536071097, ""6"": 0.12467973830190157}"
PushT,fidelity_constrained_shuffled_geometry,11401,14083,6,selected_is_null,0.0,0.0,0.0,3,2000,"{""1"": 0.0, ""2"": 0.0, ""6"": 0.0}"
PushT,fidelity_constrained_shuffled_geometry,11419,14011,1,normalized_regret,0.3643890468338495,0.2841358531943593,0.45672661880837023,3,2000,"{""1"": 0.2841358531943593, ""2"": 0.3523046684988188, ""6"": 0.4567266188083702}"
PushT,fidelity_constrained_shuffled_geometry,11419,14011,1,weighted_pairwise_accuracy,0.4846642662976162,0.4203289336139571,0.60036595970578,3,2000,"{""1"": 0.60036595970578, ""2"": 0.4203289336139571, ""6"": 0.43329790557311165}"
PushT,fidelity_constrained_shuffled_geometry,11419,14011,1,top1_correct,0.4583333333333333,0.25,0.625,3,2000,"{""1"": 0.5, ""2"": 0.625, ""6"": 0.25}"
PushT,fidelity_constrained_shuffled_geometry,11419,14011,1,normalized_margin_rmse,4.920617379918096,1.809392301883724,8.018921371104675,3,2000,"{""1"": 1.809392301883724, ""2"": 4.93353846676589, ""6"": 8.018921371104675}"
PushT,fidelity_constrained_shuffled_geometry,11419,14011,1,pose_error,0.08681272505936351,0.0730391445849447,0.1011596089209202,3,2000,"{""1"": 0.10115960892092021, ""2"": 0.0730391445849447, ""6"": 0.08623942167222565}"
PushT,fidelity_constrained_shuffled_geometry,11419,14011,1,selected_is_null,0.08333333333333333,0.0,0.125,3,2000,"{""1"": 0.125, ""2"": 0.125, ""6"": 0.0}"
PushT,fidelity_constrained_shuffled_geometry,11419,14011,3,normalized_regret,0.3068892700495385,0.17191903510944984,0.4177553353089893,3,2000,"{""1"": 0.33099343973017636, ""2"": 0.41775533530898923, ""6"": 0.17191903510944984}"
PushT,fidelity_constrained_shuffled_geometry,11419,14011,3,weighted_pairwise_accuracy,0.6887867391111522,0.5998517900712454,0.7527122985676087,3,2000,"{""1"": 0.7137961286946022, ""2"": 0.5998517900712454, ""6"": 0.7527122985676087}"
PushT,fidelity_constrained_shuffled_geometry,11419,14011,3,top1_correct,0.3333333333333333,0.25,0.5,3,2000,"{""1"": 0.5, ""2"": 0.25, ""6"": 0.25}"
PushT,fidelity_constrained_shuffled_geometry,11419,14011,3,normalized_margin_rmse,1.164589022126065,0.9534072225086452,1.4964464543798544,3,2000,"{""1"": 1.043913389489696, ""2"": 1.4964464543798544, ""6"": 0.9534072225086452}"
PushT,fidelity_constrained_shuffled_geometry,11419,14011,3,pose_error,0.0857192661423138,0.07090138405310539,0.10621350964675147,3,2000,"{""1"": 0.07090138405310539, ""2"": 0.10621350964675147, ""6"": 0.08004290472708456}"
PushT,fidelity_constrained_shuffled_geometry,11419,14011,3,selected_is_null,0.041666666666666664,0.0,0.125,3,2000,"{""1"": 0.125, ""2"": 0.0, ""6"": 0.0}"
PushT,fidelity_constrained_shuffled_geometry,11419,14011,6,normalized_regret,0.2155792106879902,0.1524643443107751,0.3087590401566317,3,2000,"{""1"": 0.3087590401566317, ""2"": 0.18551424759656374, ""6"": 0.1524643443107751}"
PushT,fidelity_constrained_shuffled_geometry,11419,14011,6,weighted_pairwise_accuracy,0.66439989522446,0.6091982875263505,0.7532712090363592,3,2000,"{""1"": 0.6091982875263505, ""2"": 0.6307301891106699, ""6"": 0.7532712090363594}"
PushT,fidelity_constrained_shuffled_geometry,11419,14011,6,top1_correct,0.4166666666666667,0.375,0.5,3,2000,"{""1"": 0.375, ""2"": 0.375, ""6"": 0.5}"
PushT,fidelity_constrained_shuffled_geometry,11419,14011,6,normalized_margin_rmse,1.0595783349616548,0.9890120784823443,1.1589654875862152,3,2000,"{""1"": 1.1589654875862152, ""2"": 1.030757438816405, ""6"": 0.9890120784823442}"
PushT,fidelity_constrained_shuffled_geometry,11419,14011,6,pose_error,0.11747784480332861,0.09600101908443333,0.1375648032319078,3,2000,"{""1"": 0.09600101908443334, ""2"": 0.1375648032319078, ""6"": 0.11886771209364466}"
PushT,fidelity_constrained_shuffled_geometry,11419,14011,6,selected_is_null,0.08333333333333333,0.0,0.25,3,2000,"{""1"": 0.0, ""2"": 0.0, ""6"": 0.25}"
PushT,fidelity_constrained_shuffled_geometry,11419,14029,1,normalized_regret,0.22311520058224557,0.13330798681413641,0.3290262071952847,3,2000,"{""1"": 0.13330798681413641, ""2"": 0.20701140773731555, ""6"": 0.3290262071952847}"
PushT,fidelity_constrained_shuffled_geometry,11419,14029,1,weighted_pairwise_accuracy,0.6247797579561601,0.45245573329213523,0.7983561540127844,3,2000,"{""1"": 0.7983561540127844, ""2"": 0.6235273865635607, ""6"": 0.45245573329213523}"
PushT,fidelity_constrained_shuffled_geometry,11419,14029,1,top1_correct,0.5,0.375,0.625,3,2000,"{""1"": 0.375, ""2"": 0.625, ""6"": 0.5}"
PushT,fidelity_constrained_shuffled_geometry,11419,14029,1,normalized_margin_rmse,4.305055606926346,1.7112364378193412,8.211499160259539,3,2000,"{""1"": 1.7112364378193412, ""2"": 8.211499160259539, ""6"": 2.9924312227001577}"
PushT,fidelity_constrained_shuffled_geometry,11419,14029,1,pose_error,0.10149226744978841,0.08247130178240675,0.11419424422499742,3,2000,"{""1"": 0.10781125634196108, ""2"": 0.11419424422499744, ""6"": 0.08247130178240675}"
PushT,fidelity_constrained_shuffled_geometry,11419,14029,1,selected_is_null,0.08333333333333333,0.0,0.25,3,2000,"{""1"": 0.0, ""2"": 0.0, ""6"": 0.25}"
PushT,fidelity_constrained_shuffled_geometry,11419,14029,3,normalized_regret,0.19300895915308125,0.10471019674885729,0.32195784052583765,3,2000,"{""1"": 0.32195784052583765, ""2"": 0.15235884018454887, ""6"": 0.10471019674885729}"
PushT,fidelity_constrained_shuffled_geometry,11419,14029,3,weighted_pairwise_accuracy,0.7546765921525812,0.6947899258304858,0.8245597425179154,3,2000,"{""1"": 0.7446801081093424, ""2"": 0.6947899258304858, ""6"": 0.8245597425179154}"
PushT,fidelity_constrained_shuffled_geometry,11419,14029,3,top1_correct,0.375,0.25,0.5,3,2000,"{""1"": 0.5, ""2"": 0.375, ""6"": 0.25}"
PushT,fidelity_constrained_shuffled_geometry,11419,14029,3,normalized_margin_rmse,1.163152392054536,0.8142292705630497,1.5638274262446743,3,2000,"{""1"": 1.1114004793558836, ""2"": 1.5638274262446745, ""6"": 0.8142292705630497}"
PushT,fidelity_constrained_shuffled_geometry,11419,14029,3,pose_error,0.09718080212646847,0.07984830460843173,0.12467590672513734,3,2000,"{""1"": 0.08701819504583636, ""2"": 0.12467590672513734, ""6"": 0.07984830460843173}"
PushT,fidelity_constrained_shuffled_geometry,11419,14029,3,selected_is_null,0.0,0.0,0.0,3,2000,"{""1"": 0.0, ""2"": 0.0, ""6"": 0.0}"
PushT,fidelity_constrained_shuffled_geometry,11419,14029,6,normalized_regret,0.3625520127898377,0.28841247613147775,0.422165311687408,3,2000,"{""1"": 0.422165311687408, ""2"": 0.37707825055062727, ""6"": 0.28841247613147775}"
PushT,fidelity_constrained_shuffled_geometry,11419,14029,6,weighted_pairwise_accuracy,0.6550810320458927,0.605589568935743,0.6805842573228039,3,2000,"{""1"": 0.605589568935743, ""2"": 0.6805842573228038, ""6"": 0.6790692698791316}"
PushT,fidelity_constrained_shuffled_geometry,11419,14029,6,top1_correct,0.3333333333333333,0.25,0.5,3,2000,"{""1"": 0.25, ""2"": 0.5, ""6"": 0.25}"
PushT,fidelity_constrained_shuffled_geometry,11419,14029,6,normalized_margin_rmse,1.0960677207278506,1.012741444315766,1.1838012452509776,3,2000,"{""1"": 1.1838012452509776, ""2"": 1.0916604726168082, ""6"": 1.012741444315766}"
PushT,fidelity_constrained_shuffled_geometry,11419,14029,6,pose_error,0.12849768425137278,0.11334844934375395,0.14787029276429517,3,2000,"{""1"": 0.11334844934375396, ""2"": 0.14787029276429517, ""6"": 0.12427431064606927}"
PushT,fidelity_constrained_shuffled_geometry,11419,14029,6,selected_is_null,0.0,0.0,0.0,3,2000,"{""1"": 0.0, ""2"": 0.0, ""6"": 0.0}"
PushT,fidelity_constrained_shuffled_geometry,11419,14047,1,normalized_regret,0.368096421697977,0.27923118924372625,0.4254125473241452,3,2000,"{""1"": 0.27923118924372625, ""2"": 0.3996455285260596, ""6"": 0.4254125473241452}"
PushT,fidelity_constrained_shuffled_geometry,11419,14047,1,weighted_pairwise_accuracy,0.5398337122781607,0.48091198840686183,0.5993067486206893,3,2000,"{""1"": 0.5993067486206893, ""2"": 0.5392823998069306, ""6"": 0.4809119884068619}"
PushT,fidelity_constrained_shuffled_geometry,11419,14047,1,top1_correct,0.4166666666666667,0.25,0.5,3,2000,"{""1"": 0.5, ""2"": 0.5, ""6"": 0.25}"
PushT,fidelity_constrained_shuffled_geometry,11419,14047,1,normalized_margin_rmse,4.046986641167229,1.6125787475150697,5.859470222887701,3,2000,"{""1"": 1.6125787475150697, ""2"": 4.668910953098917, ""6"": 5.859470222887701}"
PushT,fidelity_constrained_shuffled_geometry,11419,14047,1,pose_error,0.07600640983272298,0.06424713798582538,0.08779111047626925,3,2000,"{""1"": 0.07598098103607434, ""2"": 0.08779111047626925, ""6"": 0.06424713798582538}"
PushT,fidelity_constrained_shuffled_geometry,11419,14047,1,selected_is_null,0.125,0.0,0.25,3,2000,"{""1"": 0.25, ""2"": 0.0, ""6"": 0.125}"
PushT,fidelity_constrained_shuffled_geometry,11419,14047,3,normalized_regret,0.30007614543666206,0.11884733329745863,0.5468688409788988,3,2000,"{""1"": 0.2345122620336287, ""2"": 0.5468688409788988, ""6"": 0.11884733329745864}"
PushT,fidelity_constrained_shuffled_geometry,11419,14047,3,weighted_pairwise_accuracy,0.7824138741516542,0.7376687936032886,0.87024547781132,3,2000,"{""1"": 0.7376687936032886, ""2"": 0.739327351040354, ""6"": 0.87024547781132}"
PushT,fidelity_constrained_shuffled_geometry,11419,14047,3,top1_correct,0.25,0.0,0.5,3,2000,"{""1"": 0.5, ""2"": 0.0, ""6"": 0.25}"
PushT,fidelity_constrained_shuffled_geometry,11419,14047,3,normalized_margin_rmse,0.9429688385966758,0.6816163899330488,1.1664640607665533,3,2000,"{""1"": 0.9808260650904259, ""2"": 1.1664640607665533, ""6"": 0.6816163899330487}"
PushT,fidelity_constrained_shuffled_geometry,11419,14047,3,pose_error,0.08706528283103261,0.07338984379129254,0.11325204583459152,3,2000,"{""1"": 0.07338984379129254, ""2"": 0.1132520458345915, ""6"": 0.0745539588672138}"
PushT,fidelity_constrained_shuffled_geometry,11419,14047,3,selected_is_null,0.0,0.0,0.0,3,2000,"{""1"": 0.0, ""2"": 0.0, ""6"": 0.0}"
PushT,fidelity_constrained_shuffled_geometry,11419,14047,6,normalized_regret,0.21976174102107301,0.09114218641189982,0.39059518873540133,3,2000,"{""1"": 0.39059518873540133, ""2"": 0.17754784791591777, ""6"": 0.09114218641189983}"
PushT,fidelity_constrained_shuffled_geometry,11419,14047,6,weighted_pairwise_accuracy,0.6992976673236506,0.6214146262173788,0.8526709877687423,3,2000,"{""1"": 0.6238073879848307, ""2"": 0.6214146262173788, ""6"": 0.8526709877687423}"
PushT,fidelity_constrained_shuffled_geometry,11419,14047,6,top1_correct,0.2916666666666667,0.125,0.5,3,2000,"{""1"": 0.125, ""2"": 0.5, ""6"": 0.25}"
PushT,fidelity_constrained_shuffled_geometry,11419,14047,6,normalized_margin_rmse,1.014242192792566,0.7714178570525818,1.1997416200670843,3,2000,"{""1"": 1.0715671012580317, ""2"": 1.1997416200670843, ""6"": 0.7714178570525818}"
PushT,fidelity_constrained_shuffled_geometry,11419,14047,6,pose_error,0.11830379568587664,0.10205753923376688,0.1429746753235563,3,2000,"{""1"": 0.10205753923376688, ""2"": 0.1429746753235563, ""6"": 0.10987917250030677}"
PushT,fidelity_constrained_shuffled_geometry,11419,14047,6,selected_is_null,0.0,0.0,0.0,3,2000,"{""1"": 0.0, ""2"": 0.0, ""6"": 0.0}"
PushT,fidelity_constrained_shuffled_geometry,11419,14065,1,normalized_regret,0.344341708797564,0.11116053338767602,0.5671434618389193,3,2000,"{""1"": 0.5671434618389193, ""2"": 0.3547211311660966, ""6"": 0.11116053338767604}"
PushT,fidelity_constrained_shuffled_geometry,11419,14065,1,weighted_pairwise_accuracy,0.559369825216677,0.26976494480076313,0.7557804908673046,3,2000,"{""1"": 0.26976494480076313, ""2"": 0.7557804908673046, ""6"": 0.6525640399819632}"
PushT,fidelity_constrained_shuffled_geometry,11419,14065,1,top1_correct,0.4166666666666667,0.25,0.625,3,2000,"{""1"": 0.25, ""2"": 0.375, ""6"": 0.625}"
PushT,fidelity_constrained_shuffled_geometry,11419,14065,1,normalized_margin_rmse,4.572092294805247,2.2994057038272797,8.262908609972527,3,2000,"{""1"": 2.2994057038272797, ""2"": 8.262908609972527, ""6"": 3.1539625706159344}"
PushT,fidelity_constrained_shuffled_geometry,11419,14065,1,pose_error,0.08032286646402073,0.05532392891717925,0.09486531408615746,3,2000,"{""1"": 0.09077935638872547, ""2"": 0.09486531408615748, ""6"": 0.05532392891717925}"
PushT,fidelity_constrained_shuffled_geometry,11419,14065,1,selected_is_null,0.16666666666666666,0.0,0.25,3,2000,"{""1"": 0.25, ""2"": 0.0, ""6"": 0.25}"
PushT,fidelity_constrained_shuffled_geometry,11419,14065,3,normalized_regret,0.12082498052900843,0.08478068535434259,0.1690004110292899,3,2000,"{""1"": 0.16900041102928992, ""2"": 0.10869384520339281, ""6"": 0.08478068535434259}"
PushT,fidelity_constrained_shuffled_geometry,11419,14065,3,weighted_pairwise_accuracy,0.7782659092195198,0.7675236792767595,0.7934285716111037,3,2000,"{""1"": 0.7675236792767595, ""2"": 0.7738454767706959, ""6"": 0.7934285716111037}"
PushT,fidelity_constrained_shuffled_geometry,11419,14065,3,top1_correct,0.4583333333333333,0.375,0.625,3,2000,"{""1"": 0.375, ""2"": 0.375, ""6"": 0.625}"
PushT,fidelity_constrained_shuffled_geometry,11419,14065,3,normalized_margin_rmse,1.1057512827555909,0.7870961311111452,1.3034598339815295,3,2000,"{""1"": 1.226697883174098, ""2"": 1.3034598339815295, ""6"": 0.7870961311111452}"
PushT,fidelity_constrained_shuffled_geometry,11419,14065,3,pose_error,0.09000218793658255,0.07350229741407327,0.11824087060464132,3,2000,"{""1"": 0.07826339579103309, ""2"": 0.11824087060464131, ""6"": 0.07350229741407327}"
PushT,fidelity_constrained_shuffled_geometry,11419,14065,3,selected_is_null,0.0,0.0,0.0,3,2000,"{""1"": 0.0, ""2"": 0.0, ""6"": 0.0}"
PushT,fidelity_constrained_shuffled_geometry,11419,14065,6,normalized_regret,0.18980172393828687,0.11648626244051181,0.27327001715718563,3,2000,"{""1"": 0.27327001715718563, ""2"": 0.11648626244051183, ""6"": 0.17964889221716318}"
PushT,fidelity_constrained_shuffled_geometry,11419,14065,6,weighted_pairwise_accuracy,0.7038502969885835,0.635529616999185,0.7682993892060545,3,2000,"{""1"": 0.635529616999185, ""2"": 0.7077218847605111, ""6"": 0.7682993892060546}"
PushT,fidelity_constrained_shuffled_geometry,11419,14065,6,top1_correct,0.3333333333333333,0.25,0.375,3,2000,"{""1"": 0.25, ""2"": 0.375, ""6"": 0.375}"
PushT,fidelity_constrained_shuffled_geometry,11419,14065,6,normalized_margin_rmse,1.1108987813875963,0.9112559330661831,1.251017891910993,3,2000,"{""1"": 1.251017891910993, ""2"": 1.1704225191856132, ""6"": 0.9112559330661831}"
PushT,fidelity_constrained_shuffled_geometry,11419,14065,6,pose_error,0.1205813286857955,0.10895337678500716,0.13627794005589533,3,2000,"{""1"": 0.10895337678500716, ""2"": 0.13627794005589533, ""6"": 0.11651266921648402}"
PushT,fidelity_constrained_shuffled_geometry,11419,14065,6,selected_is_null,0.0,0.0,0.0,3,2000,"{""1"": 0.0, ""2"": 0.0, ""6"": 0.0}"
PushT,fidelity_constrained_shuffled_geometry,11419,14083,1,normalized_regret,0.3095198435048843,0.2734817129395911,0.3284586597365634,3,2000,"{""1"": 0.2734817129395911, ""2"": 0.3266191578384985, ""6"": 0.3284586597365634}"
PushT,fidelity_constrained_shuffled_geometry,11419,14083,1,weighted_pairwise_accuracy,0.5479768786327219,0.4508568842104732,0.600031953006517,3,2000,"{""1"": 0.600031953006517, ""2"": 0.4508568842104732, ""6"": 0.5930417986811756}"
PushT,fidelity_constrained_shuffled_geometry,11419,14083,1,top1_correct,0.3333333333333333,0.25,0.375,3,2000,"{""1"": 0.25, ""2"": 0.375, ""6"": 0.375}"
PushT,fidelity_constrained_shuffled_geometry,11419,14083,1,normalized_margin_rmse,7.6577296755934325,1.9863080920893623,11.239384832184859,3,2000,"{""1"": 1.9863080920893623, ""2"": 11.239384832184859, ""6"": 9.747496102506075}"
PushT,fidelity_constrained_shuffled_geometry,11419,14083,1,pose_error,0.0874386638849557,0.05617654282971459,0.10539397410734547,3,2000,"{""1"": 0.10074547471780707, ""2"": 0.10539397410734547, ""6"": 0.056176542829714585}"
PushT,fidelity_constrained_shuffled_geometry,11419,14083,1,selected_is_null,0.08333333333333333,0.0,0.25,3,2000,"{""1"": 0.0, ""2"": 0.0, ""6"": 0.25}"
PushT,fidelity_constrained_shuffled_geometry,11419,14083,3,normalized_regret,0.3598044486076652,0.2412996619430344,0.5468942188362619,3,2000,"{""1"": 0.5468942188362619, ""2"": 0.29121946504369933, ""6"": 0.24129966194303437}"
PushT,fidelity_constrained_shuffled_geometry,11419,14083,3,weighted_pairwise_accuracy,0.7070341252283779,0.5900117282292628,0.7813383589705943,3,2000,"{""1"": 0.5900117282292628, ""2"": 0.7497522884852763, ""6"": 0.7813383589705943}"
PushT,fidelity_constrained_shuffled_geometry,11419,14083,3,top1_correct,0.3333333333333333,0.25,0.5,3,2000,"{""1"": 0.25, ""2"": 0.5, ""6"": 0.25}"
PushT,fidelity_constrained_shuffled_geometry,11419,14083,3,normalized_margin_rmse,1.1174142229387227,0.7801916162921811,1.386442759426579,3,2000,"{""1"": 1.1856082930974083, ""2"": 1.386442759426579, ""6"": 0.7801916162921811}"
PushT,fidelity_constrained_shuffled_geometry,11419,14083,3,pose_error,0.09933815419875713,0.07890407656453957,0.1264709704283886,3,2000,"{""1"": 0.07890407656453957, ""2"": 0.1264709704283886, ""6"": 0.09263941560334327}"
PushT,fidelity_constrained_shuffled_geometry,11419,14083,3,selected_is_null,0.125,0.0,0.25,3,2000,"{""1"": 0.25, ""2"": 0.0, ""6"": 0.125}"
PushT,fidelity_constrained_shuffled_geometry,11419,14083,6,normalized_regret,0.2911973492830181,0.2163802420705083,0.36888985111343037,3,2000,"{""1"": 0.3688898511134303, ""2"": 0.2883219546651157, ""6"": 0.2163802420705083}"
PushT,fidelity_constrained_shuffled_geometry,11419,14083,6,weighted_pairwise_accuracy,0.702423703821489,0.6251758499261315,0.8102308539717035,3,2000,"{""1"": 0.6251758499261315, ""2"": 0.671864407566632, ""6"": 0.8102308539717036}"
PushT,fidelity_constrained_shuffled_geometry,11419,14083,6,top1_correct,0.20833333333333334,0.125,0.375,3,2000,"{""1"": 0.125, ""2"": 0.375, ""6"": 0.125}"
PushT,fidelity_constrained_shuffled_geometry,11419,14083,6,normalized_margin_rmse,0.9971587095133329,0.8821139059819458,1.0634942350379113,3,2000,"{""1"": 1.0458679875201413, ""2"": 1.0634942350379113, ""6"": 0.8821139059819458}"
PushT,fidelity_constrained_shuffled_geometry,11419,14083,6,pose_error,0.12409227890661555,0.10650712732841454,0.141543157602862,3,2000,"{""1"": 0.10650712732841452, ""2"": 0.141543157602862, ""6"": 0.1242265517885701}"
PushT,fidelity_constrained_shuffled_geometry,11419,14083,6,selected_is_null,0.0,0.0,0.0,3,2000,"{""1"": 0.0, ""2"": 0.0, ""6"": 0.0}"
PushT,fidelity_constrained_shuffled_geometry,11437,14011,1,normalized_regret,0.41089620692675216,0.35230466849881886,0.5174206829456102,3,2000,"{""1"": 0.36296326933582773, ""2"": 0.3523046684988188, ""6"": 0.5174206829456102}"
PushT,fidelity_constrained_shuffled_geometry,11437,14011,1,weighted_pairwise_accuracy,0.49939814475640415,0.4308250763058455,0.5934091742636367,3,2000,"{""1"": 0.5934091742636367, ""2"": 0.47396018369973014, ""6"": 0.43082507630584554}"
PushT,fidelity_constrained_shuffled_geometry,11437,14011,1,top1_correct,0.4166666666666667,0.25,0.625,3,2000,"{""1"": 0.375, ""2"": 0.625, ""6"": 0.25}"
PushT,fidelity_constrained_shuffled_geometry,11437,14011,1,normalized_margin_rmse,4.930317439273044,1.7886429363552765,8.284289026331598,3,2000,"{""1"": 1.7886429363552765, ""2"": 4.718020355132258, ""6"": 8.284289026331598}"
PushT,fidelity_constrained_shuffled_geometry,11437,14011,1,pose_error,0.08658974443966555,0.07294927087630293,0.100779993972048,3,2000,"{""1"": 0.10077999397204798, ""2"": 0.07294927087630293, ""6"": 0.08603996847064574}"
PushT,fidelity_constrained_shuffled_geometry,11437,14011,1,selected_is_null,0.08333333333333333,0.0,0.125,3,2000,"{""1"": 0.125, ""2"": 0.125, ""6"": 0.0}"
PushT,fidelity_constrained_shuffled_geometry,11437,14011,3,normalized_regret,0.30550953533298736,0.17191903510944984,0.4136161311593359,3,2000,"{""1"": 0.33099343973017636, ""2"": 0.41361613115933593, ""6"": 0.17191903510944984}"
PushT,fidelity_constrained_shuffled_geometry,11437,14011,3,weighted_pairwise_accuracy,0.6837726999641108,0.5946200368999719,0.7533851150335567,3,2000,"{""1"": 0.7033129479588037, ""2"": 0.5946200368999719, ""6"": 0.7533851150335567}"
PushT,fidelity_constrained_shuffled_geometry,11437,14011,3,top1_correct,0.3333333333333333,0.25,0.5,3,2000,"{""1"": 0.5, ""2"": 0.25, ""6"": 0.25}"
PushT,fidelity_constrained_shuffled_geometry,11437,14011,3,normalized_margin_rmse,1.1565858896242218,0.9400346792984425,1.4988218774129136,3,2000,"{""1"": 1.0309011121613092, ""2"": 1.4988218774129136, ""6"": 0.9400346792984424}"
PushT,fidelity_constrained_shuffled_geometry,11437,14011,3,pose_error,0.084617944917153,0.07027181394412774,0.10479057884581024,3,2000,"{""1"": 0.07027181394412774, ""2"": 0.10479057884581024, ""6"": 0.07879144196152105}"
PushT,fidelity_constrained_shuffled_geometry,11437,14011,3,selected_is_null,0.041666666666666664,0.0,0.125,3,2000,"{""1"": 0.125, ""2"": 0.0, ""6"": 0.0}"
PushT,fidelity_constrained_shuffled_geometry,11437,14011,6,normalized_regret,0.1929605492387104,0.1276054460158771,0.2657619541036903,3,2000,"{""1"": 0.2657619541036903, ""2"": 0.18551424759656374, ""6"": 0.1276054460158771}"
PushT,fidelity_constrained_shuffled_geometry,11437,14011,6,weighted_pairwise_accuracy,0.6731725965232073,0.6279796361635784,0.7610362647303606,3,2000,"{""1"": 0.6279796361635784, ""2"": 0.6305018886756826, ""6"": 0.7610362647303606}"
PushT,fidelity_constrained_shuffled_geometry,11437,14011,6,top1_correct,0.5,0.375,0.625,3,2000,"{""1"": 0.5, ""2"": 0.375, ""6"": 0.625}"
PushT,fidelity_constrained_shuffled_geometry,11437,14011,6,normalized_margin_rmse,1.0507018481343529,0.9716504675038244,1.1487928998048798,3,2000,"{""1"": 1.1487928998048798, ""2"": 1.0316621770943546, ""6"": 0.9716504675038244}"
PushT,fidelity_constrained_shuffled_geometry,11437,14011,6,pose_error,0.11670702070329668,0.09571829919091739,0.13698213158819034,3,2000,"{""1"": 0.09571829919091739, ""2"": 0.13698213158819034, ""6"": 0.11742063133078229}"
PushT,fidelity_constrained_shuffled_geometry,11437,14011,6,selected_is_null,0.08333333333333333,0.0,0.25,3,2000,"{""1"": 0.0, ""2"": 0.0, ""6"": 0.25}"
PushT,fidelity_constrained_shuffled_geometry,11437,14029,1,normalized_regret,0.22311520058224557,0.13330798681413641,0.3290262071952847,3,2000,"{""1"": 0.13330798681413641, ""2"": 0.20701140773731555, ""6"": 0.3290262071952847}"
PushT,fidelity_constrained_shuffled_geometry,11437,14029,1,weighted_pairwise_accuracy,0.6357397420696418,0.46287410977900006,0.8080139266688082,3,2000,"{""1"": 0.8080139266688082, ""2"": 0.636331189761117, ""6"": 0.46287410977900006}"
PushT,fidelity_constrained_shuffled_geometry,11437,14029,1,top1_correct,0.5,0.375,0.625,3,2000,"{""1"": 0.375, ""2"": 0.625, ""6"": 0.5}"
PushT,fidelity_constrained_shuffled_geometry,11437,14029,1,normalized_margin_rmse,4.414138428221871,1.7041179869974539,8.5288106695258,3,2000,"{""1"": 1.7041179869974539, ""2"": 8.5288106695258, ""6"": 3.009486628142357}"
PushT,fidelity_constrained_shuffled_geometry,11437,14029,1,pose_error,0.10277196669620757,0.08387481460338142,0.11548052178352596,3,2000,"{""1"": 0.10896056370171531, ""2"": 0.11548052178352596, ""6"": 0.08387481460338142}"
PushT,fidelity_constrained_shuffled_geometry,11437,14029,1,selected_is_null,0.08333333333333333,0.0,0.25,3,2000,"{""1"": 0.0, ""2"": 0.0, ""6"": 0.25}"
PushT,fidelity_constrained_shuffled_geometry,11437,14029,3,normalized_regret,0.19300895915308125,0.10471019674885729,0.32195784052583765,3,2000,"{""1"": 0.32195784052583765, ""2"": 0.15235884018454887, ""6"": 0.10471019674885729}"
PushT,fidelity_constrained_shuffled_geometry,11437,14029,3,weighted_pairwise_accuracy,0.7571004337175032,0.6889546571284724,0.8560385951744998,3,2000,"{""1"": 0.7263080488495376, ""2"": 0.6889546571284724, ""6"": 0.8560385951744998}"
PushT,fidelity_constrained_shuffled_geometry,11437,14029,3,top1_correct,0.375,0.25,0.5,3,2000,"{""1"": 0.5, ""2"": 0.375, ""6"": 0.25}"
PushT,fidelity_constrained_shuffled_geometry,11437,14029,3,normalized_margin_rmse,1.166537822428687,0.8111187007151518,1.5707599423249585,3,2000,"{""1"": 1.1177348242459506, ""2"": 1.5707599423249585, ""6"": 0.8111187007151519}"
PushT,fidelity_constrained_shuffled_geometry,11437,14029,3,pose_error,0.09759203431112866,0.07997159786961089,0.12546459508119545,3,2000,"{""1"": 0.08733990998257962, ""2"": 0.12546459508119545, ""6"": 0.07997159786961089}"
PushT,fidelity_constrained_shuffled_geometry,11437,14029,3,selected_is_null,0.0,0.0,0.0,3,2000,"{""1"": 0.0, ""2"": 0.0, ""6"": 0.0}"
PushT,fidelity_constrained_shuffled_geometry,11437,14029,6,normalized_regret,0.34183324833094025,0.31327137442637576,0.3770782505506272,3,2000,"{""1"": 0.33515012001581757, ""2"": 0.37707825055062727, ""6"": 0.31327137442637576}"
PushT,fidelity_constrained_shuffled_geometry,11437,14029,6,weighted_pairwise_accuracy,0.6540046016626597,0.6074080082096152,0.6824655190745679,3,2000,"{""1"": 0.6074080082096152, ""2"": 0.6824655190745679, ""6"": 0.6721402777037963}"
PushT,fidelity_constrained_shuffled_geometry,11437,14029,6,top1_correct,0.2916666666666667,0.125,0.5,3,2000,"{""1"": 0.25, ""2"": 0.5, ""6"": 0.125}"
PushT,fidelity_constrained_shuffled_geometry,11437,14029,6,normalized_margin_rmse,1.0946995609069101,1.006528893712702,1.1773249952659144,3,2000,"{""1"": 1.1773249952659144, ""2"": 1.1002447937421143, ""6"": 1.006528893712702}"
PushT,fidelity_constrained_shuffled_geometry,11437,14029,6,pose_error,0.1288180045963496,0.11347507228649041,0.1485624577594173,3,2000,"{""1"": 0.11347507228649042, ""2"": 0.1485624577594173, ""6"": 0.12441648374314106}"
PushT,fidelity_constrained_shuffled_geometry,11437,14029,6,selected_is_null,0.0,0.0,0.0,3,2000,"{""1"": 0.0, ""2"": 0.0, ""6"": 0.0}"
PushT,fidelity_constrained_shuffled_geometry,11437,14047,1,normalized_regret,0.3434850660705829,0.27923118924372625,0.44777580332006056,3,2000,"{""1"": 0.27923118924372625, ""2"": 0.3034482056479619, ""6"": 0.4477758033200606}"
PushT,fidelity_constrained_shuffled_geometry,11437,14047,1,weighted_pairwise_accuracy,0.5422753015333212,0.48082815816416025,0.5983761842221885,3,2000,"{""1"": 0.5983761842221885, ""2"": 0.5476215622136148, ""6"": 0.48082815816416025}"
PushT,fidelity_constrained_shuffled_geometry,11437,14047,1,top1_correct,0.4166666666666667,0.25,0.5,3,2000,"{""1"": 0.5, ""2"": 0.5, ""6"": 0.25}"
PushT,fidelity_constrained_shuffled_geometry,11437,14047,1,normalized_margin_rmse,3.9664019473341963,1.6403015351204877,5.695678829595162,3,2000,"{""1"": 1.6403015351204877, ""2"": 4.56322547728694, ""6"": 5.6956788295951615}"
PushT,fidelity_constrained_shuffled_geometry,11437,14047,1,pose_error,0.07598273062277999,0.06393265989455377,0.08720322155152209,3,2000,"{""1"": 0.07681231042226411, ""2"": 0.08720322155152209, ""6"": 0.06393265989455377}"
PushT,fidelity_constrained_shuffled_geometry,11437,14047,1,selected_is_null,0.125,0.0,0.25,3,2000,"{""1"": 0.25, ""2"": 0.0, ""6"": 0.125}"
PushT,fidelity_constrained_shuffled_geometry,11437,14047,3,normalized_regret,0.281270137835673,0.13899368548729885,0.4703044659860914,3,2000,"{""1"": 0.2345122620336287, ""2"": 0.47030446598609144, ""6"": 0.13899368548729885}"
PushT,fidelity_constrained_shuffled_geometry,11437,14047,3,weighted_pairwise_accuracy,0.7859354752323814,0.7274476592736542,0.8780522722376599,3,2000,"{""1"": 0.7274476592736542, ""2"": 0.7523064941858304, ""6"": 0.87805227223766}"
PushT,fidelity_constrained_shuffled_geometry,11437,14047,3,top1_correct,0.25,0.125,0.5,3,2000,"{""1"": 0.5, ""2"": 0.125, ""6"": 0.125}"
PushT,fidelity_constrained_shuffled_geometry,11437,14047,3,normalized_margin_rmse,0.9386029063103702,0.6802191063445919,1.159901249230423,3,2000,"{""1"": 0.9756883633560957, ""2"": 1.159901249230423, ""6"": 0.6802191063445919}"
PushT,fidelity_constrained_shuffled_geometry,11437,14047,3,pose_error,0.08697341863829489,0.07413355342225475,0.11208287733041611,3,2000,"{""1"": 0.0747038251622138, ""2"": 0.11208287733041611, ""6"": 0.07413355342225475}"
PushT,fidelity_constrained_shuffled_geometry,11437,14047,3,selected_is_null,0.0,0.0,0.0,3,2000,"{""1"": 0.0, ""2"": 0.0, ""6"": 0.0}"
PushT,fidelity_constrained_shuffled_geometry,11437,14047,6,normalized_regret,0.21976174102107301,0.09114218641189982,0.39059518873540133,3,2000,"{""1"": 0.39059518873540133, ""2"": 0.17754784791591777, ""6"": 0.09114218641189983}"
PushT,fidelity_constrained_shuffled_geometry,11437,14047,6,weighted_pairwise_accuracy,0.7027898310055444,0.6209011728275937,0.8563568162297348,3,2000,"{""1"": 0.6209011728275937, ""2"": 0.6311115039593044, ""6"": 0.8563568162297348}"
PushT,fidelity_constrained_shuffled_geometry,11437,14047,6,top1_correct,0.2916666666666667,0.125,0.5,3,2000,"{""1"": 0.125, ""2"": 0.5, ""6"": 0.25}"
PushT,fidelity_constrained_shuffled_geometry,11437,14047,6,normalized_margin_rmse,1.0089247714859755,0.7663468886682266,1.190723014290683,3,2000,"{""1"": 1.0697044114990168, ""2"": 1.190723014290683, ""6"": 0.7663468886682266}"
PushT,fidelity_constrained_shuffled_geometry,11437,14047,6,pose_error,0.11808409866344649,0.10196841512224238,0.14275651123683078,3,2000,"{""1"": 0.10196841512224238, ""2"": 0.14275651123683078, ""6"": 0.1095273696312663}"
PushT,fidelity_constrained_shuffled_geometry,11437,14047,6,selected_is_null,0.0,0.0,0.0,3,2000,"{""1"": 0.0, ""2"": 0.0, ""6"": 0.0}"
PushT,fidelity_constrained_shuffled_geometry,11437,14065,1,normalized_regret,0.3026750421308973,0.11116053338767602,0.5671434618389193,3,2000,"{""1"": 0.5671434618389193, ""2"": 0.22972113116609663, ""6"": 0.11116053338767604}"
PushT,fidelity_constrained_shuffled_geometry,11437,14065,1,weighted_pairwise_accuracy,0.5764140875936808,0.2751322923917723,0.7823505985386453,3,2000,"{""1"": 0.2751322923917723, ""2"": 0.7823505985386453, ""6"": 0.6717593718506248}"
PushT,fidelity_constrained_shuffled_geometry,11437,14065,1,top1_correct,0.4583333333333333,0.25,0.625,3,2000,"{""1"": 0.25, ""2"": 0.5, ""6"": 0.625}"
PushT,fidelity_constrained_shuffled_geometry,11437,14065,1,normalized_margin_rmse,4.680905744682206,2.2901543922844736,8.59715579149093,3,2000,"{""1"": 2.2901543922844736, ""2"": 8.59715579149093, ""6"": 3.1554070502712133}"
PushT,fidelity_constrained_shuffled_geometry,11437,14065,1,pose_error,0.08057234756574637,0.05533826378199036,0.09453399228456462,3,2000,"{""1"": 0.09184478663068413, ""2"": 0.09453399228456462, ""6"": 0.05533826378199036}"
PushT,fidelity_constrained_shuffled_geometry,11437,14065,1,selected_is_null,0.16666666666666666,0.0,0.25,3,2000,"{""1"": 0.25, ""2"": 0.0, ""6"": 0.25}"
PushT,fidelity_constrained_shuffled_geometry,11437,14065,3,normalized_regret,0.13219137638467052,0.08478068535434259,0.1690004110292899,3,2000,"{""1"": 0.16900041102928992, ""2"": 0.14279303277037908, ""6"": 0.08478068535434259}"
PushT,fidelity_constrained_shuffled_geometry,11437,14065,3,weighted_pairwise_accuracy,0.7741921329931284,0.7570206297055919,0.7940783782728357,3,2000,"{""1"": 0.7714773910009577, ""2"": 0.7570206297055919, ""6"": 0.7940783782728358}"
PushT,fidelity_constrained_shuffled_geometry,11437,14065,3,top1_correct,0.5,0.375,0.625,3,2000,"{""1"": 0.375, ""2"": 0.5, ""6"": 0.625}"
PushT,fidelity_constrained_shuffled_geometry,11437,14065,3,normalized_margin_rmse,1.1077942604496274,0.7907050100623839,1.3022600488467004,3,2000,"{""1"": 1.2304177224397976, ""2"": 1.3022600488467004, ""6"": 0.7907050100623839}"
PushT,fidelity_constrained_shuffled_geometry,11437,14065,3,pose_error,0.09020761202418504,0.0740258422961034,0.11796775125906937,3,2000,"{""1"": 0.07862924251738239, ""2"": 0.11796775125906936, ""6"": 0.0740258422961034}"
PushT,fidelity_constrained_shuffled_geometry,11437,14065,3,selected_is_null,0.0,0.0,0.0,3,2000,"{""1"": 0.0, ""2"": 0.0, ""6"": 0.0}"
PushT,fidelity_constrained_shuffled_geometry,11437,14065,6,normalized_regret,0.228892476616281,0.11648626244051181,0.3905422751911681,3,2000,"{""1"": 0.3905422751911681, ""2"": 0.11648626244051183, ""6"": 0.17964889221716318}"
PushT,fidelity_constrained_shuffled_geometry,11437,14065,6,weighted_pairwise_accuracy,0.7037206947363547,0.6287421274640127,0.7781024823625131,3,2000,"{""1"": 0.6287421274640127, ""2"": 0.7043174743825379, ""6"": 0.7781024823625131}"
PushT,fidelity_constrained_shuffled_geometry,11437,14065,6,top1_correct,0.3333333333333333,0.25,0.375,3,2000,"{""1"": 0.25, ""2"": 0.375, ""6"": 0.375}"
PushT,fidelity_constrained_shuffled_geometry,11437,14065,6,normalized_margin_rmse,1.112707557068471,0.9156982207915711,1.255047889281776,3,2000,"{""1"": 1.255047889281776, ""2"": 1.1673765611320661, ""6"": 0.9156982207915711}"
PushT,fidelity_constrained_shuffled_geometry,11437,14065,6,pose_error,0.12053174527167954,0.10953208037795185,0.136115675365771,3,2000,"{""1"": 0.10953208037795184, ""2"": 0.136115675365771, ""6"": 0.11594748007131579}"
PushT,fidelity_constrained_shuffled_geometry,11437,14065,6,selected_is_null,0.0,0.0,0.0,3,2000,"{""1"": 0.0, ""2"": 0.0, ""6"": 0.0}"
PushT,fidelity_constrained_shuffled_geometry,11437,14083,1,normalized_regret,0.3271986953339208,0.24835524302955472,0.4156028787801465,3,2000,"{""1"": 0.24835524302955475, ""2"": 0.3176379641920612, ""6"": 0.41560287878014657}"
PushT,fidelity_constrained_shuffled_geometry,11437,14083,1,weighted_pairwise_accuracy,0.5505606717201569,0.4555538539214215,0.6081603889590982,3,2000,"{""1"": 0.6081603889590982, ""2"": 0.4555538539214215, ""6"": 0.5879677722799508}"
PushT,fidelity_constrained_shuffled_geometry,11437,14083,1,top1_correct,0.4166666666666667,0.375,0.5,3,2000,"{""1"": 0.375, ""2"": 0.5, ""6"": 0.375}"
PushT,fidelity_constrained_shuffled_geometry,11437,14083,1,normalized_margin_rmse,7.204779685591032,1.9820209437071303,10.285750744470842,3,2000,"{""1"": 1.9820209437071303, ""2"": 10.285750744470842, ""6"": 9.346567368595123}"
PushT,fidelity_constrained_shuffled_geometry,11437,14083,1,pose_error,0.08800553792503413,0.05551941110034784,0.10623381015837458,3,2000,"{""1"": 0.10226339251637995, ""2"": 0.10623381015837458, ""6"": 0.055519411100347846}"
PushT,fidelity_constrained_shuffled_geometry,11437,14083,1,selected_is_null,0.041666666666666664,0.0,0.125,3,2000,"{""1"": 0.0, ""2"": 0.0, ""6"": 0.125}"
PushT,fidelity_constrained_shuffled_geometry,11437,14083,3,normalized_regret,0.3414811354260028,0.23624952549871214,0.5468942188362619,3,2000,"{""1"": 0.5468942188362619, ""2"": 0.23624952549871214, ""6"": 0.24129966194303437}"
PushT,fidelity_constrained_shuffled_geometry,11437,14083,3,weighted_pairwise_accuracy,0.7059339984803858,0.5799171687402292,0.7820896630753905,3,2000,"{""1"": 0.5799171687402292, ""2"": 0.7557951636255377, ""6"": 0.7820896630753905}"
PushT,fidelity_constrained_shuffled_geometry,11437,14083,3,top1_correct,0.3333333333333333,0.25,0.5,3,2000,"{""1"": 0.25, ""2"": 0.5, ""6"": 0.25}"
PushT,fidelity_constrained_shuffled_geometry,11437,14083,3,normalized_margin_rmse,1.1019793627834698,0.7702010589024723,1.3485312067529316,3,2000,"{""1"": 1.1872058226950053, ""2"": 1.3485312067529316, ""6"": 0.7702010589024723}"
PushT,fidelity_constrained_shuffled_geometry,11437,14083,3,pose_error,0.09941262502722155,0.07945121342610903,0.12653507112796392,3,2000,"{""1"": 0.07945121342610903, ""2"": 0.12653507112796392, ""6"": 0.0922515905275917}"
PushT,fidelity_constrained_shuffled_geometry,11437,14083,3,selected_is_null,0.125,0.0,0.25,3,2000,"{""1"": 0.25, ""2"": 0.0, ""6"": 0.125}"
PushT,fidelity_constrained_shuffled_geometry,11437,14083,6,normalized_regret,0.2997844305512767,0.2094292038546639,0.4016021331340504,3,2000,"{""1"": 0.4016021331340504, ""2"": 0.2883219546651157, ""6"": 0.2094292038546639}"
PushT,fidelity_constrained_shuffled_geometry,11437,14083,6,weighted_pairwise_accuracy,0.6994512310424978,0.6216277472664049,0.8086596644235037,3,2000,"{""1"": 0.6216277472664049, ""2"": 0.6680662814375853, ""6"": 0.8086596644235036}"
PushT,fidelity_constrained_shuffled_geometry,11437,14083,6,top1_correct,0.25,0.125,0.375,3,2000,"{""1"": 0.125, ""2"": 0.375, ""6"": 0.25}"
PushT,fidelity_constrained_shuffled_geometry,11437,14083,6,normalized_margin_rmse,0.9993189850838043,0.8841544947232323,1.0650329097575424,3,2000,"{""1"": 1.048769550770638, ""2"": 1.0650329097575424, ""6"": 0.8841544947232323}"
PushT,fidelity_constrained_shuffled_geometry,11437,14083,6,pose_error,0.12509416908532614,0.10782475447803237,0.14278882691648231,3,2000,"{""1"": 0.10782475447803239, ""2"": 0.14278882691648231, ""6"": 0.1246689258614637}"
PushT,fidelity_constrained_shuffled_geometry,11437,14083,6,selected_is_null,0.0,0.0,0.0,3,2000,"{""1"": 0.0, ""2"": 0.0, ""6"": 0.0}"
PushT,frozen,-1,14011,1,normalized_regret,0.37438443597108345,0.34123131078638824,0.42961732862804336,3,2000,"{""1"": 0.34123131078638824, ""2"": 0.3523046684988188, ""6"": 0.42961732862804336}"
PushT,frozen,-1,14011,1,weighted_pairwise_accuracy,0.5065491186538389,0.4069536472960273,0.5732685073477277,3,2000,"{""1"": 0.5394252013177617, ""2"": 0.5732685073477277, ""6"": 0.40695364729602723}"
PushT,frozen,-1,14011,1,top1_correct,0.4583333333333333,0.25,0.625,3,2000,"{""1"": 0.5, ""2"": 0.625, ""6"": 0.25}"
PushT,frozen,-1,14011,1,normalized_margin_rmse,5.4151565463264255,2.0825007355313963,7.121677879388495,3,2000,"{""1"": 2.0825007355313963, ""2"": 7.121677879388495, ""6"": 7.041291024059386}"
PushT,frozen,-1,14011,1,pose_error,0.08530419104321163,0.07140937589729418,0.1024955749182413,3,2000,"{""1"": 0.1024955749182413, ""2"": 0.07140937589729418, ""6"": 0.08200762231409944}"
PushT,frozen,-1,14011,1,selected_is_null,0.0,0.0,0.0,3,2000,"{""1"": 0.0, ""2"": 0.0, ""6"": 0.0}"
PushT,frozen,-1,14011,3,normalized_regret,0.2739089814426411,0.17191903510944984,0.4136161311593359,3,2000,"{""1"": 0.23619177805913755, ""2"": 0.41361613115933593, ""6"": 0.17191903510944984}"
PushT,frozen,-1,14011,3,weighted_pairwise_accuracy,0.675140727487901,0.5403982542124632,0.7441799676754263,3,2000,"{""1"": 0.7441799676754262, ""2"": 0.5403982542124632, ""6"": 0.7408439605758136}"
PushT,frozen,-1,14011,3,top1_correct,0.3333333333333333,0.25,0.5,3,2000,"{""1"": 0.5, ""2"": 0.25, ""6"": 0.25}"
PushT,frozen,-1,14011,3,normalized_margin_rmse,1.2677748412493008,1.0095154744847565,1.6421240373661206,3,2000,"{""1"": 1.151685011897026, ""2"": 1.6421240373661203, ""6"": 1.0095154744847565}"
PushT,frozen,-1,14011,3,pose_error,0.08756203533950797,0.07254992601279925,0.1092495121485502,3,2000,"{""1"": 0.07254992601279925, ""2"": 0.10924951214855019, ""6"": 0.08088666785717448}"
PushT,frozen,-1,14011,3,selected_is_null,0.041666666666666664,0.0,0.125,3,2000,"{""1"": 0.125, ""2"": 0.0, ""6"": 0.0}"
PushT,frozen,-1,14011,6,normalized_regret,0.2805764631932455,0.1524643443107751,0.3830342121376728,3,2000,"{""1"": 0.38303421213767275, ""2"": 0.30623083313128846, ""6"": 0.1524643443107751}"
PushT,frozen,-1,14011,6,weighted_pairwise_accuracy,0.6505258956474659,0.6062331126616862,0.7270027404719027,3,2000,"{""1"": 0.6062331126616862, ""2"": 0.6183418338088087, ""6"": 0.7270027404719028}"
PushT,frozen,-1,14011,6,top1_correct,0.4583333333333333,0.375,0.5,3,2000,"{""1"": 0.5, ""2"": 0.375, ""6"": 0.5}"
PushT,frozen,-1,14011,6,normalized_margin_rmse,1.0825982924506032,1.0032267254018095,1.1817067071674074,3,2000,"{""1"": 1.1817067071674074, ""2"": 1.062861444782593, ""6"": 1.0032267254018095}"
PushT,frozen,-1,14011,6,pose_error,0.11915285463493104,0.0982147151614358,0.138571619239933,3,2000,"{""1"": 0.09821471516143579, ""2"": 0.138571619239933, ""6"": 0.12067222950342438}"
PushT,frozen,-1,14011,6,selected_is_null,0.125,0.0,0.25,3,2000,"{""1"": 0.0, ""2"": 0.125, ""6"": 0.25}"
PushT,frozen,-1,14029,1,normalized_regret,0.24834096474066192,0.19189095930956943,0.3461205271751007,3,2000,"{""1"": 0.19189095930956943, ""2"": 0.20701140773731555, ""6"": 0.3461205271751008}"
PushT,frozen,-1,14029,1,weighted_pairwise_accuracy,0.6284368383938378,0.4651673682718993,0.7996167199210644,3,2000,"{""1"": 0.7996167199210644, ""2"": 0.6205264269885499, ""6"": 0.4651673682718993}"
PushT,frozen,-1,14029,1,top1_correct,0.5,0.375,0.625,3,2000,"{""1"": 0.375, ""2"": 0.625, ""6"": 0.5}"
PushT,frozen,-1,14029,1,normalized_margin_rmse,6.536852434999216,2.0695666397107275,11.884597520357895,3,2000,"{""1"": 2.0695666397107275, ""2"": 11.884597520357897, ""6"": 5.656393144929025}"
PushT,frozen,-1,14029,1,pose_error,0.10595333224058799,0.0917310891436089,0.11772944509989658,3,2000,"{""1"": 0.10839946247825849, ""2"": 0.11772944509989658, ""6"": 0.0917310891436089}"
PushT,frozen,-1,14029,1,selected_is_null,0.0,0.0,0.0,3,2000,"{""1"": 0.0, ""2"": 0.0, ""6"": 0.0}"
PushT,frozen,-1,14029,3,normalized_regret,0.17597296452752872,0.1389556388738378,0.21282550459673757,3,2000,"{""1"": 0.1389556388738378, ""2"": 0.21282550459673757, ""6"": 0.17613775011201077}"
PushT,frozen,-1,14029,3,weighted_pairwise_accuracy,0.7383662535696605,0.6730552918239013,0.7765836061134946,3,2000,"{""1"": 0.7654598627715854, ""2"": 0.6730552918239014, ""6"": 0.7765836061134948}"
PushT,frozen,-1,14029,3,top1_correct,0.2916666666666667,0.0,0.5,3,2000,"{""1"": 0.5, ""2"": 0.375, ""6"": 0.0}"
PushT,frozen,-1,14029,3,normalized_margin_rmse,1.228804807882347,0.8985705122086097,1.6895600763112144,3,2000,"{""1"": 1.0982838351272166, ""2"": 1.6895600763112144, ""6"": 0.8985705122086098}"
PushT,frozen,-1,14029,3,pose_error,0.10085843988790459,0.08455154324547214,0.12634228271743436,3,2000,"{""1"": 0.09168149370080725, ""2"": 0.12634228271743436, ""6"": 0.08455154324547212}"
PushT,frozen,-1,14029,3,selected_is_null,0.0,0.0,0.0,3,2000,"{""1"": 0.0, ""2"": 0.0, ""6"": 0.0}"
PushT,frozen,-1,14029,6,normalized_regret,0.3216051277106326,0.25078123413047326,0.3853905558270017,3,2000,"{""1"": 0.38539055582700177, ""2"": 0.25078123413047326, ""6"": 0.3286435931744228}"
PushT,frozen,-1,14029,6,weighted_pairwise_accuracy,0.6615955515383168,0.6202281737481233,0.7043794147147722,3,2000,"{""1"": 0.6202281737481233, ""2"": 0.7043794147147722, ""6"": 0.660179066152055}"
PushT,frozen,-1,14029,6,top1_correct,0.4166666666666667,0.25,0.625,3,2000,"{""1"": 0.375, ""2"": 0.625, ""6"": 0.25}"
PushT,frozen,-1,14029,6,normalized_margin_rmse,1.125057915234432,1.090361976285187,1.190904681355093,3,2000,"{""1"": 1.190904681355093, ""2"": 1.0939070880630157, ""6"": 1.090361976285187}"
PushT,frozen,-1,14029,6,pose_error,0.13176568358793492,0.11873091731146855,0.14869838210044692,3,2000,"{""1"": 0.11873091731146855, ""2"": 0.14869838210044692, ""6"": 0.12786775135188932}"
PushT,frozen,-1,14029,6,selected_is_null,0.0,0.0,0.0,3,2000,"{""1"": 0.0, ""2"": 0.0, ""6"": 0.0}"
PushT,frozen,-1,14047,1,normalized_regret,0.3847730758693831,0.33579230516662073,0.44777580332006056,3,2000,"{""1"": 0.33579230516662073, ""2"": 0.37075111912146796, ""6"": 0.4477758033200606}"
PushT,frozen,-1,14047,1,weighted_pairwise_accuracy,0.5223938975380363,0.42420845968515514,0.59601413243741,3,2000,"{""1"": 0.59601413243741, ""2"": 0.546959100491544, ""6"": 0.4242084596851551}"
PushT,frozen,-1,14047,1,top1_correct,0.4166666666666667,0.25,0.5,3,2000,"{""1"": 0.5, ""2"": 0.5, ""6"": 0.25}"
PushT,frozen,-1,14047,1,normalized_margin_rmse,4.27909488994104,1.8944092277063824,5.782303600876617,3,2000,"{""1"": 1.8944092277063824, ""2"": 5.160571841240122, ""6"": 5.782303600876617}"
PushT,frozen,-1,14047,1,pose_error,0.07867465085125368,0.06936635934573976,0.09179183259961289,3,2000,"{""1"": 0.07486576060840837, ""2"": 0.09179183259961289, ""6"": 0.06936635934573976}"
PushT,frozen,-1,14047,1,selected_is_null,0.16666666666666666,0.0,0.25,3,2000,"{""1"": 0.25, ""2"": 0.0, ""6"": 0.25}"
PushT,frozen,-1,14047,3,normalized_regret,0.22498291034032072,0.13512091870415266,0.37548567719960113,3,2000,"{""1"": 0.1643421351172084, ""2"": 0.37548567719960113, ""6"": 0.13512091870415266}"
PushT,frozen,-1,14047,3,weighted_pairwise_accuracy,0.8140772125332604,0.786730112627778,0.8618701292478504,3,2000,"{""1"": 0.7936313957241525, ""2"": 0.786730112627778, ""6"": 0.8618701292478504}"
PushT,frozen,-1,14047,3,top1_correct,0.4166666666666667,0.25,0.75,3,2000,"{""1"": 0.75, ""2"": 0.25, ""6"": 0.25}"
PushT,frozen,-1,14047,3,normalized_margin_rmse,1.0074999293192712,0.7207722497883932,1.272052728229558,3,2000,"{""1"": 1.029674809939863, ""2"": 1.272052728229558, ""6"": 0.720772249788393}"
PushT,frozen,-1,14047,3,pose_error,0.08811947666319003,0.07440521033258651,0.11453920163819349,3,2000,"{""1"": 0.07440521033258651, ""2"": 0.11453920163819349, ""6"": 0.07541401801879012}"
PushT,frozen,-1,14047,3,selected_is_null,0.041666666666666664,0.0,0.125,3,2000,"{""1"": 0.0, ""2"": 0.0, ""6"": 0.125}"
PushT,frozen,-1,14047,6,normalized_regret,0.20160985296130726,0.09740297887235434,0.32987873209564955,3,2000,"{""1"": 0.32987873209564955, ""2"": 0.17754784791591777, ""6"": 0.09740297887235434}"
PushT,frozen,-1,14047,6,weighted_pairwise_accuracy,0.7212723799256007,0.6408428768022181,0.7969152019769442,3,2000,"{""1"": 0.6408428768022181, ""2"": 0.7260590609976398, ""6"": 0.7969152019769441}"
PushT,frozen,-1,14047,6,top1_correct,0.375,0.25,0.5,3,2000,"{""1"": 0.25, ""2"": 0.5, ""6"": 0.375}"
PushT,frozen,-1,14047,6,normalized_margin_rmse,1.0107852691196066,0.8244627464321819,1.151251509070735,3,2000,"{""1"": 1.0566415518559031, ""2"": 1.151251509070735, ""6"": 0.8244627464321819}"
PushT,frozen,-1,14047,6,pose_error,0.11962298409166318,0.1014305013479105,0.14419131342508848,3,2000,"{""1"": 0.10143050134791051, ""2"": 0.14419131342508848, ""6"": 0.11324713750199056}"
PushT,frozen,-1,14047,6,selected_is_null,0.0,0.0,0.0,3,2000,"{""1"": 0.0, ""2"": 0.0, ""6"": 0.0}"
PushT,frozen,-1,14065,1,normalized_regret,0.3259314948573545,0.11488593896873889,0.508187414437228,3,2000,"{""1"": 0.508187414437228, ""2"": 0.3547211311660966, ""6"": 0.11488593896873889}"
PushT,frozen,-1,14065,1,weighted_pairwise_accuracy,0.5867671721439294,0.33991271087179625,0.757933563178581,3,2000,"{""1"": 0.33991271087179625, ""2"": 0.757933563178581, ""6"": 0.662455242381411}"
PushT,frozen,-1,14065,1,top1_correct,0.4166666666666667,0.25,0.625,3,2000,"{""1"": 0.25, ""2"": 0.375, ""6"": 0.625}"
PushT,frozen,-1,14065,1,normalized_margin_rmse,4.213844172947865,2.2533639191327732,7.665048419952107,3,2000,"{""1"": 2.2533639191327732, ""2"": 7.665048419952107, ""6"": 2.723120179758712}"
PushT,frozen,-1,14065,1,pose_error,0.07670820837611264,0.053465156340599305,0.09201945772251467,3,2000,"{""1"": 0.08464001106522395, ""2"": 0.09201945772251466, ""6"": 0.0534651563405993}"
PushT,frozen,-1,14065,1,selected_is_null,0.125,0.0,0.25,3,2000,"{""1"": 0.25, ""2"": 0.0, ""6"": 0.125}"
PushT,frozen,-1,14065,3,normalized_regret,0.12197502850063292,0.08638917396275465,0.1690004110292899,3,2000,"{""1"": 0.16900041102928992, ""2"": 0.11053550050985424, ""6"": 0.08638917396275465}"
PushT,frozen,-1,14065,3,weighted_pairwise_accuracy,0.7790737361049511,0.7675241703302782,0.7864755599748564,3,2000,"{""1"": 0.7832214780097186, ""2"": 0.7675241703302782, ""6"": 0.7864755599748564}"
PushT,frozen,-1,14065,3,top1_correct,0.4583333333333333,0.375,0.625,3,2000,"{""1"": 0.375, ""2"": 0.375, ""6"": 0.625}"
PushT,frozen,-1,14065,3,normalized_margin_rmse,1.1123487713163691,0.8299537690113272,1.3737389003493998,3,2000,"{""1"": 1.1333536445883805, ""2"": 1.3737389003493998, ""6"": 0.8299537690113272}"
PushT,frozen,-1,14065,3,pose_error,0.08922724751588242,0.07443263219605477,0.11472102572704423,3,2000,"{""1"": 0.07852808462454823, ""2"": 0.11472102572704423, ""6"": 0.07443263219605477}"
PushT,frozen,-1,14065,3,selected_is_null,0.0,0.0,0.0,3,2000,"{""1"": 0.0, ""2"": 0.0, ""6"": 0.0}"
PushT,frozen,-1,14065,6,normalized_regret,0.24567112238255093,0.17461796651565276,0.369429668292182,3,2000,"{""1"": 0.369429668292182, ""2"": 0.19296573233981798, ""6"": 0.17461796651565276}"
PushT,frozen,-1,14065,6,weighted_pairwise_accuracy,0.7081015940616342,0.649570046596601,0.7736342452559417,3,2000,"{""1"": 0.649570046596601, ""2"": 0.7011004903323599, ""6"": 0.7736342452559417}"
PushT,frozen,-1,14065,6,top1_correct,0.4166666666666667,0.25,0.5,3,2000,"{""1"": 0.25, ""2"": 0.5, ""6"": 0.5}"
PushT,frozen,-1,14065,6,normalized_margin_rmse,1.1488175980315454,0.9364428817954783,1.2710239464243518,3,2000,"{""1"": 1.2710239464243518, ""2"": 1.238985965874806, ""6"": 0.9364428817954782}"
PushT,frozen,-1,14065,6,pose_error,0.12165844407091146,0.10982369399198448,0.13635177473171822,3,2000,"{""1"": 0.10982369399198447, ""2"": 0.13635177473171822, ""6"": 0.1187998634890317}"
PushT,frozen,-1,14065,6,selected_is_null,0.0,0.0,0.0,3,2000,"{""1"": 0.0, ""2"": 0.0, ""6"": 0.0}"
PushT,frozen,-1,14083,1,normalized_regret,0.3139029112184815,0.2511148604593738,0.41711216025647974,3,2000,"{""1"": 0.2734817129395911, ""2"": 0.4171121602564797, ""6"": 0.2511148604593738}"
PushT,frozen,-1,14083,1,weighted_pairwise_accuracy,0.5508684268966788,0.4145261882217266,0.6916980773727553,3,2000,"{""1"": 0.5463810150955547, ""2"": 0.4145261882217266, ""6"": 0.6916980773727552}"
PushT,frozen,-1,14083,1,top1_correct,0.375,0.25,0.5,3,2000,"{""1"": 0.25, ""2"": 0.375, ""6"": 0.5}"
PushT,frozen,-1,14083,1,normalized_margin_rmse,8.253062133330944,2.2141959010481345,11.648183796479623,3,2000,"{""1"": 2.2141959010481345, ""2"": 11.648183796479623, ""6"": 10.896806702465074}"
PushT,frozen,-1,14083,1,pose_error,0.08934466920064282,0.06255260343138823,0.10448011588141372,3,2000,"{""1"": 0.10100128828912652, ""2"": 0.10448011588141372, ""6"": 0.06255260343138823}"
PushT,frozen,-1,14083,1,selected_is_null,0.041666666666666664,0.0,0.125,3,2000,"{""1"": 0.0, ""2"": 0.0, ""6"": 0.125}"
PushT,frozen,-1,14083,3,normalized_regret,0.33933275674413393,0.2412996619430344,0.534828556270266,3,2000,"{""1"": 0.534828556270266, ""2"": 0.24187005201910136, ""6"": 0.24129966194303437}"
PushT,frozen,-1,14083,3,weighted_pairwise_accuracy,0.6793707228435579,0.5171486146640434,0.7620973834438812,3,2000,"{""1"": 0.5171486146640434, ""2"": 0.7588661704227491, ""6"": 0.7620973834438812}"
PushT,frozen,-1,14083,3,top1_correct,0.375,0.25,0.625,3,2000,"{""1"": 0.25, ""2"": 0.625, ""6"": 0.25}"
PushT,frozen,-1,14083,3,normalized_margin_rmse,1.284761845697384,0.877072046216265,1.6487018273420773,3,2000,"{""1"": 1.32851166353381, ""2"": 1.648701827342077, ""6"": 0.877072046216265}"
PushT,frozen,-1,14083,3,pose_error,0.10397931392351849,0.08037961631647189,0.13238626344392135,3,2000,"{""1"": 0.08037961631647189, ""2"": 0.13238626344392135, ""6"": 0.09917206201016221}"
PushT,frozen,-1,14083,3,selected_is_null,0.125,0.0,0.25,3,2000,"{""1"": 0.25, ""2"": 0.0, ""6"": 0.125}"
PushT,frozen,-1,14083,6,normalized_regret,0.29523887668691273,0.2163802420705083,0.3810144333251142,3,2000,"{""1"": 0.3810144333251142, ""2"": 0.2883219546651157, ""6"": 0.2163802420705083}"
PushT,frozen,-1,14083,6,weighted_pairwise_accuracy,0.6955123787552626,0.645567611809676,0.7673305348954607,3,2000,"{""1"": 0.6736389895606512, ""2"": 0.645567611809676, ""6"": 0.7673305348954607}"
PushT,frozen,-1,14083,6,top1_correct,0.20833333333333334,0.125,0.375,3,2000,"{""1"": 0.125, ""2"": 0.375, ""6"": 0.125}"
PushT,frozen,-1,14083,6,normalized_margin_rmse,1.0620272990738704,0.9728987674960244,1.201762278283089,3,2000,"{""1"": 1.0114208514424976, ""2"": 1.201762278283089, ""6"": 0.9728987674960244}"
PushT,frozen,-1,14083,6,pose_error,0.12848403893848503,0.10681851906598161,0.1501189059908036,3,2000,"{""1"": 0.10681851906598161, ""2"": 0.1501189059908036, ""6"": 0.12851469175866992}"
PushT,frozen,-1,14083,6,selected_is_null,0.0,0.0,0.0,3,2000,"{""1"": 0.0, ""2"": 0.0, ""6"": 0.0}"
Wall,fidelity_constrained_latent_only,11401,14011,1,normalized_regret,0.3038920520209094,0.20538274658993264,0.43841395343774997,3,2000,"{""1"": 0.20538274658993266, ""2"": 0.43841395343774997, ""6"": 0.2678794560350456}"
Wall,fidelity_constrained_latent_only,11401,14011,1,weighted_pairwise_accuracy,0.586038781429793,0.5024986355249597,0.7069902452208656,3,2000,"{""1"": 0.7069902452208656, ""2"": 0.5024986355249597, ""6"": 0.5486274635435539}"
Wall,fidelity_constrained_latent_only,11401,14011,1,top1_correct,0.125,0.0,0.25,3,2000,"{""1"": 0.0, ""2"": 0.125, ""6"": 0.25}"
Wall,fidelity_constrained_latent_only,11401,14011,1,normalized_margin_rmse,0.985565330657734,0.9082576028897439,1.0422637545159392,3,2000,"{""1"": 0.908257602889744, ""2"": 1.0422637545159392, ""6"": 1.006174634567519}"
Wall,fidelity_constrained_latent_only,11401,14011,1,pose_error,0.19718955637744973,0.15003286152609357,0.24250029110174345,3,2000,"{""1"": 0.19903551650451212, ""2"": 0.24250029110174348, ""6"": 0.15003286152609357}"
Wall,fidelity_constrained_latent_only,11401,14011,1,selected_is_null,0.041666666666666664,0.0,0.125,3,2000,"{""1"": 0.125, ""2"": 0.0, ""6"": 0.0}"
Wall,fidelity_constrained_latent_only,11401,14011,3,normalized_regret,0.24967471559790747,0.13282152363350683,0.33418568772405344,3,2000,"{""1"": 0.13282152363350683, ""2"": 0.33418568772405344, ""6"": 0.28201693543616213}"
Wall,fidelity_constrained_latent_only,11401,14011,3,weighted_pairwise_accuracy,0.5448982978622363,0.31452658324837535,0.7126697911915089,3,2000,"{""1"": 0.7126697911915089, ""2"": 0.31452658324837535, ""6"": 0.6074985191468247}"
Wall,fidelity_constrained_latent_only,11401,14011,3,top1_correct,0.041666666666666664,0.0,0.125,3,2000,"{""1"": 0.125, ""2"": 0.0, ""6"": 0.0}"
Wall,fidelity_constrained_latent_only,11401,14011,3,normalized_margin_rmse,1.0232602709994563,0.9135151315661071,1.1418163514188158,3,2000,"{""1"": 0.9135151315661071, ""2"": 1.1418163514188158, ""6"": 1.0144493300134456}"
Wall,fidelity_constrained_latent_only,11401,14011,3,pose_error,0.1804050026151253,0.15133807029190088,0.19660469837118824,3,2000,"{""1"": 0.19327223918228675, ""2"": 0.19660469837118824, ""6"": 0.15133807029190088}"
Wall,fidelity_constrained_latent_only,11401,14011,3,selected_is_null,0.0,0.0,0.0,3,2000,"{""1"": 0.0, ""2"": 0.0, ""6"": 0.0}"
Wall,fidelity_constrained_latent_only,11401,14011,6,normalized_regret,0.36993978535845046,0.040972287814671646,0.6577202472684516,3,2000,"{""1"": 0.040972287814671646, ""2"": 0.6577202472684516, ""6"": 0.4111268209922282}"
Wall,fidelity_constrained_latent_only,11401,14011,6,weighted_pairwise_accuracy,0.5267201990923961,0.1290848209762876,0.8681007034058955,3,2000,"{""1"": 0.8681007034058955, ""2"": 0.1290848209762876, ""6"": 0.5829750728950054}"
Wall,fidelity_constrained_latent_only,11401,14011,6,top1_correct,0.3333333333333333,0.0,0.625,3,2000,"{""1"": 0.625, ""2"": 0.0, ""6"": 0.375}"
Wall,fidelity_constrained_latent_only,11401,14011,6,normalized_margin_rmse,0.9686713271321489,0.7812702509626369,1.145767948301655,3,2000,"{""1"": 0.7812702509626368, ""2"": 1.145767948301655, ""6"": 0.9789757821321547}"
Wall,fidelity_constrained_latent_only,11401,14011,6,pose_error,0.29704775890599977,0.27431936428041104,0.3090003684781079,3,2000,"{""1"": 0.27431936428041104, ""2"": 0.3090003684781079, ""6"": 0.3078235439594804}"
Wall,fidelity_constrained_latent_only,11401,14011,6,selected_is_null,0.0,0.0,0.0,3,2000,"{""1"": 0.0, ""2"": 0.0, ""6"": 0.0}"
Wall,fidelity_constrained_latent_only,11401,14029,1,normalized_regret,0.09137728390560902,0.03191610751005898,0.15514978885197134,3,2000,"{""1"": 0.03191610751005898, ""2"": 0.15514978885197134, ""6"": 0.08706595535479676}"
Wall,fidelity_constrained_latent_only,11401,14029,1,weighted_pairwise_accuracy,0.8981654368137372,0.8792072408899391,0.9294785383078278,3,2000,"{""1"": 0.9294785383078279, ""2"": 0.8792072408899391, ""6"": 0.8858105312434448}"
Wall,fidelity_constrained_latent_only,11401,14029,1,top1_correct,0.375,0.25,0.625,3,2000,"{""1"": 0.625, ""2"": 0.25, ""6"": 0.25}"
Wall,fidelity_constrained_latent_only,11401,14029,1,normalized_margin_rmse,0.6827951675202805,0.5871043834616196,0.7824877745064048,3,2000,"{""1"": 0.5871043834616196, ""2"": 0.6787933445928171, ""6"": 0.7824877745064048}"
Wall,fidelity_constrained_latent_only,11401,14029,1,pose_error,0.08419174883230669,0.07681436962061988,0.09516901011361874,3,2000,"{""1"": 0.07681436962061988, ""2"": 0.09516901011361875, ""6"": 0.08059186676268146}"
Wall,fidelity_constrained_latent_only,11401,14029,1,selected_is_null,0.0,0.0,0.0,3,2000,"{""1"": 0.0, ""2"": 0.0, ""6"": 0.0}"
Wall,fidelity_constrained_latent_only,11401,14029,3,normalized_regret,0.10612938416295703,0.08095294708099843,0.14662848864439115,3,2000,"{""1"": 0.08095294708099843, ""2"": 0.14662848864439115, ""6"": 0.09080671676348154}"
Wall,fidelity_constrained_latent_only,11401,14029,3,weighted_pairwise_accuracy,0.8845037879695736,0.8036144049183002,0.9404258966482679,3,2000,"{""1"": 0.9404258966482679, ""2"": 0.8036144049183002, ""6"": 0.9094710623421526}"
Wall,fidelity_constrained_latent_only,11401,14029,3,top1_correct,0.3333333333333333,0.25,0.375,3,2000,"{""1"": 0.25, ""2"": 0.375, ""6"": 0.375}"
Wall,fidelity_constrained_latent_only,11401,14029,3,normalized_margin_rmse,0.6133462580657724,0.5011402718457756,0.773539122947075,3,2000,"{""1"": 0.5011402718457756, ""2"": 0.773539122947075, ""6"": 0.5653593794044665}"
Wall,fidelity_constrained_latent_only,11401,14029,3,pose_error,0.13222398317077844,0.1099404310854724,0.146098461791643,3,2000,"{""1"": 0.1406330566352199, ""2"": 0.146098461791643, ""6"": 0.10994043108547238}"
Wall,fidelity_constrained_latent_only,11401,14029,3,selected_is_null,0.041666666666666664,0.0,0.125,3,2000,"{""1"": 0.0, ""2"": 0.125, ""6"": 0.0}"
Wall,fidelity_constrained_latent_only,11401,14029,6,normalized_regret,0.21858627951497842,0.040972287814671646,0.4691346728452286,3,2000,"{""1"": 0.040972287814671646, ""2"": 0.4691346728452286, ""6"": 0.14565187788503497}"
Wall,fidelity_constrained_latent_only,11401,14029,6,weighted_pairwise_accuracy,0.8618826471962873,0.7496543278487032,0.9416337335232706,3,2000,"{""1"": 0.9416337335232707, ""2"": 0.7496543278487032, ""6"": 0.8943598802168878}"
Wall,fidelity_constrained_latent_only,11401,14029,6,top1_correct,0.3333333333333333,0.0,0.625,3,2000,"{""1"": 0.625, ""2"": 0.0, ""6"": 0.375}"
Wall,fidelity_constrained_latent_only,11401,14029,6,normalized_margin_rmse,0.7168228283085026,0.5719958829016839,0.8884482588672139,3,2000,"{""1"": 0.5719958829016839, ""2"": 0.888448258867214, ""6"": 0.69002434315661}"
Wall,fidelity_constrained_latent_only,11401,14029,6,pose_error,0.23090492062961443,0.19536075150772392,0.25304134677289264,3,2000,"{""1"": 0.19536075150772392, ""2"": 0.25304134677289264, ""6"": 0.2443126636082267}"
Wall,fidelity_constrained_latent_only,11401,14029,6,selected_is_null,0.08333333333333333,0.0,0.25,3,2000,"{""1"": 0.0, ""2"": 0.25, ""6"": 0.0}"
Wall,fidelity_constrained_latent_only,11401,14047,1,normalized_regret,0.14671060361225108,0.09024335573153815,0.21774236776763642,3,2000,"{""1"": 0.21774236776763642, ""2"": 0.13214608733757863, ""6"": 0.09024335573153816}"
Wall,fidelity_constrained_latent_only,11401,14047,1,weighted_pairwise_accuracy,0.8523011837347249,0.8393157505952359,0.8761639976734114,3,2000,"{""1"": 0.8414238029355272, ""2"": 0.8393157505952359, ""6"": 0.8761639976734114}"
Wall,fidelity_constrained_latent_only,11401,14047,1,top1_correct,0.25,0.0,0.5,3,2000,"{""1"": 0.0, ""2"": 0.25, ""6"": 0.5}"
Wall,fidelity_constrained_latent_only,11401,14047,1,normalized_margin_rmse,0.784974702573864,0.6209800819396534,0.9836884972004304,3,2000,"{""1"": 0.7502555285815081, ""2"": 0.9836884972004304, ""6"": 0.6209800819396534}"
Wall,fidelity_constrained_latent_only,11401,14047,1,pose_error,0.20950569325045465,0.11281640617765838,0.2864341196619973,3,2000,"{""1"": 0.22926655391170825, ""2"": 0.2864341196619973, ""6"": 0.1128164061776584}"
Wall,fidelity_constrained_latent_only,11401,14047,1,selected_is_null,0.041666666666666664,0.0,0.125,3,2000,"{""1"": 0.125, ""2"": 0.0, ""6"": 0.0}"
Wall,fidelity_constrained_latent_only,11401,14047,3,normalized_regret,0.09672888592142408,0.07682000983884182,0.10811206798631239,3,2000,"{""1"": 0.10811206798631237, ""2"": 0.10525457993911798, ""6"": 0.07682000983884182}"
Wall,fidelity_constrained_latent_only,11401,14047,3,weighted_pairwise_accuracy,0.901648912403612,0.8797313864202239,0.9327127091002225,3,2000,"{""1"": 0.8797313864202239, ""2"": 0.8925026416903894, ""6"": 0.9327127091002225}"
Wall,fidelity_constrained_latent_only,11401,14047,3,top1_correct,0.25,0.0,0.625,3,2000,"{""1"": 0.0, ""2"": 0.125, ""6"": 0.625}"
Wall,fidelity_constrained_latent_only,11401,14047,3,normalized_margin_rmse,0.6487391701844447,0.4817833896517088,0.737298281429572,3,2000,"{""1"": 0.737298281429572, ""2"": 0.7271358394720535, ""6"": 0.4817833896517088}"
Wall,fidelity_constrained_latent_only,11401,14047,3,pose_error,0.23200534406994264,0.17857646162432764,0.2736942635180535,3,2000,"{""1"": 0.24374530706744682, ""2"": 0.2736942635180535, ""6"": 0.17857646162432766}"
Wall,fidelity_constrained_latent_only,11401,14047,3,selected_is_null,0.0,0.0,0.0,3,2000,"{""1"": 0.0, ""2"": 0.0, ""6"": 0.0}"
Wall,fidelity_constrained_latent_only,11401,14047,6,normalized_regret,0.3040478145986126,0.2459331873799587,0.4115756349224884,3,2000,"{""1"": 0.24593318737995867, ""2"": 0.4115756349224884, ""6"": 0.25463462149339067}"
Wall,fidelity_constrained_latent_only,11401,14047,6,weighted_pairwise_accuracy,0.7911675468142239,0.6878759312188811,0.8753859187648144,3,2000,"{""1"": 0.8753859187648144, ""2"": 0.6878759312188811, ""6"": 0.8102407904589757}"
Wall,fidelity_constrained_latent_only,11401,14047,6,top1_correct,0.20833333333333334,0.0,0.375,3,2000,"{""1"": 0.375, ""2"": 0.0, ""6"": 0.25}"
Wall,fidelity_constrained_latent_only,11401,14047,6,normalized_margin_rmse,0.7926775633902463,0.65875703675085,0.9183842746998409,3,2000,"{""1"": 0.65875703675085, ""2"": 0.918384274699841, ""6"": 0.800891378720048}"
Wall,fidelity_constrained_latent_only,11401,14047,6,pose_error,0.25928655874866097,0.24559968660924061,0.28403491538342684,3,2000,"{""1"": 0.24822507425331525, ""2"": 0.28403491538342684, ""6"": 0.24559968660924064}"
Wall,fidelity_constrained_latent_only,11401,14047,6,selected_is_null,0.0,0.0,0.0,3,2000,"{""1"": 0.0, ""2"": 0.0, ""6"": 0.0}"
Wall,fidelity_constrained_latent_only,11401,14065,1,normalized_regret,0.10552481136214564,0.09188810514661296,0.11585836294241501,3,2000,"{""1"": 0.09188810514661296, ""2"": 0.11585836294241501, ""6"": 0.10882796599740896}"
Wall,fidelity_constrained_latent_only,11401,14065,1,weighted_pairwise_accuracy,0.8702838008911482,0.8203895911431872,0.9036814261413714,3,2000,"{""1"": 0.8867803853888859, ""2"": 0.8203895911431872, ""6"": 0.9036814261413715}"
Wall,fidelity_constrained_latent_only,11401,14065,1,top1_correct,0.20833333333333334,0.125,0.25,3,2000,"{""1"": 0.25, ""2"": 0.125, ""6"": 0.25}"
Wall,fidelity_constrained_latent_only,11401,14065,1,normalized_margin_rmse,0.6655348157088697,0.6442598380895821,0.6949409201584581,3,2000,"{""1"": 0.694940920158458, ""2"": 0.657403688878569, ""6"": 0.6442598380895821}"
Wall,fidelity_constrained_latent_only,11401,14065,1,pose_error,0.17696262947022998,0.14737620360446851,0.21464254265442306,3,2000,"{""1"": 0.16886914215179832, ""2"": 0.14737620360446851, ""6"": 0.21464254265442306}"
Wall,fidelity_constrained_latent_only,11401,14065,1,selected_is_null,0.0,0.0,0.0,3,2000,"{""1"": 0.0, ""2"": 0.0, ""6"": 0.0}"
Wall,fidelity_constrained_latent_only,11401,14065,3,normalized_regret,0.19292312253610935,0.05973680213466833,0.3715611429570422,3,2000,"{""1"": 0.059736802134668324, ""2"": 0.3715611429570421, ""6"": 0.14747142251661766}"
Wall,fidelity_constrained_latent_only,11401,14065,3,weighted_pairwise_accuracy,0.846488954433467,0.7194992405707931,0.9323525147987143,3,2000,"{""1"": 0.9323525147987144, ""2"": 0.7194992405707932, ""6"": 0.8876151079308936}"
Wall,fidelity_constrained_latent_only,11401,14065,3,top1_correct,0.20833333333333334,0.0,0.375,3,2000,"{""1"": 0.375, ""2"": 0.0, ""6"": 0.25}"
Wall,fidelity_constrained_latent_only,11401,14065,3,normalized_margin_rmse,0.7534054325640408,0.6091354775734261,0.9634370517789962,3,2000,"{""1"": 0.6091354775734261, ""2"": 0.9634370517789962, ""6"": 0.6876437683397001}"
Wall,fidelity_constrained_latent_only,11401,14065,3,pose_error,0.1615496640230049,0.1469388954268907,0.1870739752403673,3,2000,"{""1"": 0.1506361214017567, ""2"": 0.1469388954268907, ""6"": 0.18707397524036734}"
Wall,fidelity_constrained_latent_only,11401,14065,3,selected_is_null,0.0,0.0,0.0,3,2000,"{""1"": 0.0, ""2"": 0.0, ""6"": 0.0}"
Wall,fidelity_constrained_latent_only,11401,14065,6,normalized_regret,0.3459118926728278,0.003730859299145783,0.6650358671945562,3,2000,"{""1"": 0.0037308592991457832, ""2"": 0.6650358671945562, ""6"": 0.36896895152478154}"
Wall,fidelity_constrained_latent_only,11401,14065,6,weighted_pairwise_accuracy,0.7563924311875923,0.5285317609177019,0.9219117046659421,3,2000,"{""1"": 0.9219117046659421, ""2"": 0.5285317609177019, ""6"": 0.8187338279791325}"
Wall,fidelity_constrained_latent_only,11401,14065,6,top1_correct,0.3333333333333333,0.0,0.875,3,2000,"{""1"": 0.875, ""2"": 0.0, ""6"": 0.125}"
Wall,fidelity_constrained_latent_only,11401,14065,6,normalized_margin_rmse,0.7804046218645491,0.590176672584043,1.0035944326935005,3,2000,"{""1"": 0.590176672584043, ""2"": 1.0035944326935005, ""6"": 0.7474427603161039}"
Wall,fidelity_constrained_latent_only,11401,14065,6,pose_error,0.2415472360301035,0.1975192710014415,0.27074734655841715,3,2000,"{""1"": 0.1975192710014415, ""2"": 0.2563750905304519, ""6"": 0.27074734655841715}"
Wall,fidelity_constrained_latent_only,11401,14065,6,selected_is_null,0.0,0.0,0.0,3,2000,"{""1"": 0.0, ""2"": 0.0, ""6"": 0.0}"
Wall,fidelity_constrained_latent_only,11401,14083,1,normalized_regret,0.10119971811387851,0.034372078802125325,0.1549160045239073,3,2000,"{""1"": 0.1549160045239073, ""2"": 0.11431107101560287, ""6"": 0.034372078802125325}"
Wall,fidelity_constrained_latent_only,11401,14083,1,weighted_pairwise_accuracy,0.8118574831151747,0.7736108683603761,0.875159979171067,3,2000,"{""1"": 0.7736108683603761, ""2"": 0.7868016018140808, ""6"": 0.875159979171067}"
Wall,fidelity_constrained_latent_only,11401,14083,1,top1_correct,0.2916666666666667,0.125,0.5,3,2000,"{""1"": 0.125, ""2"": 0.25, ""6"": 0.5}"
Wall,fidelity_constrained_latent_only,11401,14083,1,normalized_margin_rmse,0.8001913139371201,0.635330266511346,0.9574661735804032,3,2000,"{""1"": 0.9574661735804032, ""2"": 0.8077775017196107, ""6"": 0.635330266511346}"
Wall,fidelity_constrained_latent_only,11401,14083,1,pose_error,0.2036068899931588,0.11940527623302143,0.3045598486491314,3,2000,"{""1"": 0.3045598486491314, ""2"": 0.1868555450973236, ""6"": 0.11940527623302143}"
Wall,fidelity_constrained_latent_only,11401,14083,1,selected_is_null,0.0,0.0,0.0,3,2000,"{""1"": 0.0, ""2"": 0.0, ""6"": 0.0}"
Wall,fidelity_constrained_latent_only,11401,14083,3,normalized_regret,0.10834453772778556,0.10097958770649935,0.11752703248026782,3,2000,"{""1"": 0.10097958770649937, ""2"": 0.10652699299658949, ""6"": 0.11752703248026783}"
Wall,fidelity_constrained_latent_only,11401,14083,3,weighted_pairwise_accuracy,0.8699929875198169,0.7751392242717706,0.9180800865032976,3,2000,"{""1"": 0.7751392242717706, ""2"": 0.9180800865032976, ""6"": 0.9167596517843823}"
Wall,fidelity_constrained_latent_only,11401,14083,3,top1_correct,0.2916666666666667,0.25,0.375,3,2000,"{""1"": 0.25, ""2"": 0.25, ""6"": 0.375}"
Wall,fidelity_constrained_latent_only,11401,14083,3,normalized_margin_rmse,0.7177571832628632,0.5531010369603653,1.002877258568946,3,2000,"{""1"": 1.002877258568946, ""2"": 0.5531010369603653, ""6"": 0.597293254259278}"
Wall,fidelity_constrained_latent_only,11401,14083,3,pose_error,0.20437962224787012,0.12729241860522,0.30580363441418756,3,2000,"{""1"": 0.30580363441418756, ""2"": 0.18004281372420286, ""6"": 0.12729241860522}"
Wall,fidelity_constrained_latent_only,11401,14083,3,selected_is_null,0.0,0.0,0.0,3,2000,"{""1"": 0.0, ""2"": 0.0, ""6"": 0.0}"
Wall,fidelity_constrained_latent_only,11401,14083,6,normalized_regret,0.13355041310848972,0.0145765097511535,0.264471795603872,3,2000,"{""1"": 0.0145765097511535, ""2"": 0.264471795603872, ""6"": 0.12160293397044372}"
Wall,fidelity_constrained_latent_only,11401,14083,6,weighted_pairwise_accuracy,0.8868974415269176,0.8176957887826375,0.93150163648238,3,2000,"{""1"": 0.93150163648238, ""2"": 0.8176957887826375, ""6"": 0.9114948993157355}"
Wall,fidelity_constrained_latent_only,11401,14083,6,top1_correct,0.4583333333333333,0.125,0.75,3,2000,"{""1"": 0.75, ""2"": 0.125, ""6"": 0.5}"
Wall,fidelity_constrained_latent_only,11401,14083,6,normalized_margin_rmse,0.6862604743819372,0.5541270390204986,0.7969260756362172,3,2000,"{""1"": 0.5541270390204986, ""2"": 0.7969260756362172, ""6"": 0.7077283084890953}"
Wall,fidelity_constrained_latent_only,11401,14083,6,pose_error,0.21982502451243358,0.21311250169774562,0.23168275264822555,3,2000,"{""1"": 0.23168275264822552, ""2"": 0.21467981919132967, ""6"": 0.2131125016977456}"
Wall,fidelity_constrained_latent_only,11401,14083,6,selected_is_null,0.0,0.0,0.0,3,2000,"{""1"": 0.0, ""2"": 0.0, ""6"": 0.0}"
Wall,fidelity_constrained_latent_only,11419,14011,1,normalized_regret,0.3038920520209094,0.20538274658993264,0.43841395343774997,3,2000,"{""1"": 0.20538274658993266, ""2"": 0.43841395343774997, ""6"": 0.2678794560350456}"
Wall,fidelity_constrained_latent_only,11419,14011,1,weighted_pairwise_accuracy,0.5768393840037302,0.4796490791299142,0.6995279795783795,3,2000,"{""1"": 0.6995279795783795, ""2"": 0.4796490791299142, ""6"": 0.551341093302897}"
Wall,fidelity_constrained_latent_only,11419,14011,1,top1_correct,0.125,0.0,0.25,3,2000,"{""1"": 0.0, ""2"": 0.125, ""6"": 0.25}"
Wall,fidelity_constrained_latent_only,11419,14011,1,normalized_margin_rmse,0.9875185120948703,0.9075397892754129,1.0462522018839628,3,2000,"{""1"": 0.9075397892754129, ""2"": 1.0462522018839628, ""6"": 1.0087635451252353}"
Wall,fidelity_constrained_latent_only,11419,14011,1,pose_error,0.1970040672289831,0.14932826907033625,0.24279523800166547,3,2000,"{""1"": 0.19888869461494751, ""2"": 0.24279523800166547, ""6"": 0.14932826907033625}"
Wall,fidelity_constrained_latent_only,11419,14011,1,selected_is_null,0.041666666666666664,0.0,0.125,3,2000,"{""1"": 0.125, ""2"": 0.0, ""6"": 0.0}"
Wall,fidelity_constrained_latent_only,11419,14011,3,normalized_regret,0.23809651508800198,0.13282152363350683,0.33418568772405344,3,2000,"{""1"": 0.13282152363350683, ""2"": 0.33418568772405344, ""6"": 0.24728233390644555}"
Wall,fidelity_constrained_latent_only,11419,14011,3,weighted_pairwise_accuracy,0.5482688221705128,0.3066663356859817,0.7192611726695638,3,2000,"{""1"": 0.7192611726695637, ""2"": 0.3066663356859817, ""6"": 0.6188789581559927}"
Wall,fidelity_constrained_latent_only,11419,14011,3,top1_correct,0.041666666666666664,0.0,0.125,3,2000,"{""1"": 0.125, ""2"": 0.0, ""6"": 0.0}"
Wall,fidelity_constrained_latent_only,11419,14011,3,normalized_margin_rmse,1.0237751889425548,0.9104972241095185,1.1470604129176005,3,2000,"{""1"": 0.9104972241095186, ""2"": 1.1470604129176005, ""6"": 1.0137679298005455}"
Wall,fidelity_constrained_latent_only,11419,14011,3,pose_error,0.18018786202092418,0.15151843537205845,0.19720253430725543,3,2000,"{""1"": 0.1918426163834587, ""2"": 0.19720253430725543, ""6"": 0.15151843537205845}"
Wall,fidelity_constrained_latent_only,11419,14011,3,selected_is_null,0.0,0.0,0.0,3,2000,"{""1"": 0.0, ""2"": 0.0, ""6"": 0.0}"
Wall,fidelity_constrained_latent_only,11419,14011,6,normalized_regret,0.36377431658265547,0.040972287814671646,0.7013101335553354,3,2000,"{""1"": 0.040972287814671646, ""2"": 0.7013101335553353, ""6"": 0.3490405283779593}"
Wall,fidelity_constrained_latent_only,11419,14011,6,weighted_pairwise_accuracy,0.5366979293922496,0.13545309780718928,0.8719656229125925,3,2000,"{""1"": 0.8719656229125925, ""2"": 0.13545309780718928, ""6"": 0.602675067456967}"
Wall,fidelity_constrained_latent_only,11419,14011,6,top1_correct,0.3333333333333333,0.0,0.625,3,2000,"{""1"": 0.625, ""2"": 0.0, ""6"": 0.375}"
Wall,fidelity_constrained_latent_only,11419,14011,6,normalized_margin_rmse,0.9706819800373214,0.7831445079856384,1.151254314772523,3,2000,"{""1"": 0.7831445079856384, ""2"": 1.151254314772523, ""6"": 0.977647117353803}"
Wall,fidelity_constrained_latent_only,11419,14011,6,pose_error,0.2971263165298186,0.27377029635272904,0.30967891315324514,3,2000,"{""1"": 0.27377029635272904, ""2"": 0.30967891315324514, ""6"": 0.3079297400834815}"
Wall,fidelity_constrained_latent_only,11419,14011,6,selected_is_null,0.0,0.0,0.0,3,2000,"{""1"": 0.0, ""2"": 0.0, ""6"": 0.0}"
Wall,fidelity_constrained_latent_only,11419,14029,1,normalized_regret,0.07686245799941376,0.04736514806893601,0.10975102437824251,3,2000,"{""1"": 0.047365148068936005, ""2"": 0.1097510243782425, ""6"": 0.07347120155106274}"
Wall,fidelity_constrained_latent_only,11419,14029,1,weighted_pairwise_accuracy,0.8974020421215919,0.8848070866267291,0.913532092911664,3,2000,"{""1"": 0.913532092911664, ""2"": 0.8938669468263822, ""6"": 0.8848070866267291}"
Wall,fidelity_constrained_latent_only,11419,14029,1,top1_correct,0.3333333333333333,0.25,0.5,3,2000,"{""1"": 0.5, ""2"": 0.25, ""6"": 0.25}"
Wall,fidelity_constrained_latent_only,11419,14029,1,normalized_margin_rmse,0.6801739754357269,0.6321283246018488,0.7660271433034804,3,2000,"{""1"": 0.6321283246018488, ""2"": 0.6423664584018517, ""6"": 0.7660271433034804}"
Wall,fidelity_constrained_latent_only,11419,14029,1,pose_error,0.08012816526976467,0.07416453735517756,0.08560131162044576,3,2000,"{""1"": 0.0806186468336707, ""2"": 0.08560131162044576, ""6"": 0.07416453735517756}"
Wall,fidelity_constrained_latent_only,11419,14029,1,selected_is_null,0.0,0.0,0.0,3,2000,"{""1"": 0.0, ""2"": 0.0, ""6"": 0.0}"
Wall,fidelity_constrained_latent_only,11419,14029,3,normalized_regret,0.08908785745951019,0.08095294708099843,0.0955039085340506,3,2000,"{""1"": 0.08095294708099843, ""2"": 0.09550390853405058, ""6"": 0.09080671676348154}"
Wall,fidelity_constrained_latent_only,11419,14029,3,weighted_pairwise_accuracy,0.8895936051077727,0.8163484648147618,0.942704780801558,3,2000,"{""1"": 0.942704780801558, ""2"": 0.8163484648147616, ""6"": 0.9097275697069984}"
Wall,fidelity_constrained_latent_only,11419,14029,3,top1_correct,0.3333333333333333,0.25,0.375,3,2000,"{""1"": 0.25, ""2"": 0.375, ""6"": 0.375}"
Wall,fidelity_constrained_latent_only,11419,14029,3,normalized_margin_rmse,0.6256870771964455,0.5322700754907927,0.781003311805777,3,2000,"{""1"": 0.5322700754907927, ""2"": 0.781003311805777, ""6"": 0.5637878442927666}"
Wall,fidelity_constrained_latent_only,11419,14029,3,pose_error,0.13662464337153638,0.11473242613596678,0.15613374369758476,3,2000,"{""1"": 0.15613374369758476, ""2"": 0.1390077602810576, ""6"": 0.11473242613596678}"
Wall,fidelity_constrained_latent_only,11419,14029,3,selected_is_null,0.0,0.0,0.0,3,2000,"{""1"": 0.0, ""2"": 0.0, ""6"": 0.0}"
Wall,fidelity_constrained_latent_only,11419,14029,6,normalized_regret,0.17277527638717347,0.040009538519012657,0.437344002827836,3,2000,"{""1"": 0.040972287814671646, ""2"": 0.43734400282783603, ""6"": 0.040009538519012657}"
Wall,fidelity_constrained_latent_only,11419,14029,6,weighted_pairwise_accuracy,0.8322423251576545,0.6474441656219978,0.9375813560226488,3,2000,"{""1"": 0.9375813560226487, ""2"": 0.6474441656219978, ""6"": 0.911701453828317}"
Wall,fidelity_constrained_latent_only,11419,14029,6,top1_correct,0.4166666666666667,0.0,0.625,3,2000,"{""1"": 0.625, ""2"": 0.0, ""6"": 0.625}"
Wall,fidelity_constrained_latent_only,11419,14029,6,normalized_margin_rmse,0.7373387967693429,0.5908579203545705,0.9272554661610898,3,2000,"{""1"": 0.5908579203545705, ""2"": 0.9272554661610898, ""6"": 0.6939030037923684}"
Wall,fidelity_constrained_latent_only,11419,14029,6,pose_error,0.24113740469818068,0.21281921295652265,0.2555474918448398,3,2000,"{""1"": 0.21281921295652267, ""2"": 0.2555474918448398, ""6"": 0.2550455092931796}"
Wall,fidelity_constrained_latent_only,11419,14029,6,selected_is_null,0.08333333333333333,0.0,0.25,3,2000,"{""1"": 0.0, ""2"": 0.25, ""6"": 0.0}"
Wall,fidelity_constrained_latent_only,11419,14047,1,normalized_regret,0.1483602879391502,0.09024335573153815,0.1909710517297839,3,2000,"{""1"": 0.1909710517297839, ""2"": 0.1638664563561285, ""6"": 0.09024335573153816}"
Wall,fidelity_constrained_latent_only,11419,14047,1,weighted_pairwise_accuracy,0.8524884081980377,0.7977097870798019,0.9008656705988844,3,2000,"{""1"": 0.858889766915427, ""2"": 0.7977097870798018, ""6"": 0.9008656705988844}"
Wall,fidelity_constrained_latent_only,11419,14047,1,top1_correct,0.25,0.125,0.5,3,2000,"{""1"": 0.125, ""2"": 0.125, ""6"": 0.5}"
Wall,fidelity_constrained_latent_only,11419,14047,1,normalized_margin_rmse,0.7974723562918319,0.6213934846108038,1.0329536733107885,3,2000,"{""1"": 0.7380699109539031, ""2"": 1.0329536733107885, ""6"": 0.6213934846108038}"
Wall,fidelity_constrained_latent_only,11419,14047,1,pose_error,0.20956656854706812,0.12020823201425927,0.29094987901080427,3,2000,"{""1"": 0.21754159461614087, ""2"": 0.29094987901080427, ""6"": 0.12020823201425926}"
Wall,fidelity_constrained_latent_only,11419,14047,1,selected_is_null,0.041666666666666664,0.0,0.125,3,2000,"{""1"": 0.125, ""2"": 0.0, ""6"": 0.0}"
Wall,fidelity_constrained_latent_only,11419,14047,3,normalized_regret,0.11318652690881992,0.10486100993445935,0.126586502805688,3,2000,"{""1"": 0.10811206798631237, ""2"": 0.10486100993445935, ""6"": 0.126586502805688}"
Wall,fidelity_constrained_latent_only,11419,14047,3,weighted_pairwise_accuracy,0.8934145763903499,0.8707122954411379,0.9309154133375838,3,2000,"{""1"": 0.8707122954411379, ""2"": 0.8786160203923278, ""6"": 0.9309154133375838}"
Wall,fidelity_constrained_latent_only,11419,14047,3,top1_correct,0.20833333333333334,0.0,0.375,3,2000,"{""1"": 0.0, ""2"": 0.25, ""6"": 0.375}"
Wall,fidelity_constrained_latent_only,11419,14047,3,normalized_margin_rmse,0.6617337708697866,0.485642082796097,0.7680857265995437,3,2000,"{""1"": 0.7314735032137191, ""2"": 0.7680857265995436, ""6"": 0.485642082796097}"
Wall,fidelity_constrained_latent_only,11419,14047,3,pose_error,0.2314741241713875,0.19355664438027975,0.27624463572774527,3,2000,"{""1"": 0.2246210924061375, ""2"": 0.27624463572774527, ""6"": 0.19355664438027975}"
Wall,fidelity_constrained_latent_only,11419,14047,3,selected_is_null,0.0,0.0,0.0,3,2000,"{""1"": 0.0, ""2"": 0.0, ""6"": 0.0}"
Wall,fidelity_constrained_latent_only,11419,14047,6,normalized_regret,0.27472800547891535,0.1535936471780197,0.4115756349224884,3,2000,"{""1"": 0.1535936471780197, ""2"": 0.4115756349224884, ""6"": 0.25901473433623784}"
Wall,fidelity_constrained_latent_only,11419,14047,6,weighted_pairwise_accuracy,0.8186182534752584,0.6980606372923029,0.9192524163776817,3,2000,"{""1"": 0.9192524163776817, ""2"": 0.698060637292303, ""6"": 0.8385417067557903}"
Wall,fidelity_constrained_latent_only,11419,14047,6,top1_correct,0.25,0.0,0.5,3,2000,"{""1"": 0.5, ""2"": 0.0, ""6"": 0.25}"
Wall,fidelity_constrained_latent_only,11419,14047,6,normalized_margin_rmse,0.768436481126822,0.626132624435547,0.9181773555536444,3,2000,"{""1"": 0.626132624435547, ""2"": 0.9181773555536444, ""6"": 0.7609994633912747}"
Wall,fidelity_constrained_latent_only,11419,14047,6,pose_error,0.2541288843822113,0.23730653909868793,0.2867311213275016,3,2000,"{""1"": 0.23730653909868793, ""2"": 0.2867311213275016, ""6"": 0.2383489927204444}"
Wall,fidelity_constrained_latent_only,11419,14047,6,selected_is_null,0.0,0.0,0.0,3,2000,"{""1"": 0.0, ""2"": 0.0, ""6"": 0.0}"
Wall,fidelity_constrained_latent_only,11419,14065,1,normalized_regret,0.09471133570846559,0.09188810514661296,0.0999526127934068,3,2000,"{""1"": 0.09188810514661296, ""2"": 0.092293289185377, ""6"": 0.09995261279340681}"
Wall,fidelity_constrained_latent_only,11419,14065,1,weighted_pairwise_accuracy,0.9000339996848795,0.8794785367584081,0.9209715151651586,3,2000,"{""1"": 0.8996519471310718, ""2"": 0.8794785367584081, ""6"": 0.9209715151651586}"
Wall,fidelity_constrained_latent_only,11419,14065,1,top1_correct,0.25,0.125,0.375,3,2000,"{""1"": 0.25, ""2"": 0.125, ""6"": 0.375}"
Wall,fidelity_constrained_latent_only,11419,14065,1,normalized_margin_rmse,0.6177160261510551,0.6003383633050052,0.6469309842018651,3,2000,"{""1"": 0.6469309842018651, ""2"": 0.6058787309462953, ""6"": 0.6003383633050052}"
Wall,fidelity_constrained_latent_only,11419,14065,1,pose_error,0.1742845411826203,0.15310448570784393,0.20924994047797943,3,2000,"{""1"": 0.16049919736203752, ""2"": 0.15310448570784393, ""6"": 0.20924994047797946}"
Wall,fidelity_constrained_latent_only,11419,14065,1,selected_is_null,0.0,0.0,0.0,3,2000,"{""1"": 0.0, ""2"": 0.0, ""6"": 0.0}"
Wall,fidelity_constrained_latent_only,11419,14065,3,normalized_regret,0.18086220538228306,0.05973680213466833,0.34460669681801104,3,2000,"{""1"": 0.059736802134668324, ""2"": 0.34460669681801104, ""6"": 0.13824311719416987}"
Wall,fidelity_constrained_latent_only,11419,14065,3,weighted_pairwise_accuracy,0.8482959979822242,0.7317314676178978,0.9213336964086348,3,2000,"{""1"": 0.9213336964086347, ""2"": 0.7317314676178978, ""6"": 0.8918228299201403}"
Wall,fidelity_constrained_latent_only,11419,14065,3,top1_correct,0.20833333333333334,0.0,0.375,3,2000,"{""1"": 0.375, ""2"": 0.0, ""6"": 0.25}"
Wall,fidelity_constrained_latent_only,11419,14065,3,normalized_margin_rmse,0.7387287206941516,0.6343092171955206,0.9339053243858015,3,2000,"{""1"": 0.6343092171955206, ""2"": 0.9339053243858015, ""6"": 0.6479716205011328}"
Wall,fidelity_constrained_latent_only,11419,14065,3,pose_error,0.16229750979754906,0.1435214988391551,0.1983803434350754,3,2000,"{""1"": 0.14499068711841667, ""2"": 0.1435214988391551, ""6"": 0.1983803434350754}"
Wall,fidelity_constrained_latent_only,11419,14065,3,selected_is_null,0.0,0.0,0.0,3,2000,"{""1"": 0.0, ""2"": 0.0, ""6"": 0.0}"
Wall,fidelity_constrained_latent_only,11419,14065,6,normalized_regret,0.37773704992005935,0.0,0.7110869612457226,3,2000,"{""1"": 0.0, ""2"": 0.7110869612457227, ""6"": 0.42212418851445527}"
Wall,fidelity_constrained_latent_only,11419,14065,6,weighted_pairwise_accuracy,0.7467724563158474,0.5344342675177919,0.9211897086074142,3,2000,"{""1"": 0.9211897086074142, ""2"": 0.5344342675177919, ""6"": 0.7846933928223362}"
Wall,fidelity_constrained_latent_only,11419,14065,6,top1_correct,0.375,0.0,1.0,3,2000,"{""1"": 1.0, ""2"": 0.0, ""6"": 0.125}"
Wall,fidelity_constrained_latent_only,11419,14065,6,normalized_margin_rmse,0.7974789369021685,0.6184365234378817,1.0045287151877291,3,2000,"{""1"": 0.6184365234378817, ""2"": 1.0045287151877291, ""6"": 0.7694715720808946}"
Wall,fidelity_constrained_latent_only,11419,14065,6,pose_error,0.24703473412052687,0.19803770306425186,0.28579548284422507,3,2000,"{""1"": 0.1980377030642519, ""2"": 0.2572710164531037, ""6"": 0.28579548284422507}"
Wall,fidelity_constrained_latent_only,11419,14065,6,selected_is_null,0.0,0.0,0.0,3,2000,"{""1"": 0.0, ""2"": 0.0, ""6"": 0.0}"
Wall,fidelity_constrained_latent_only,11419,14083,1,normalized_regret,0.10293335809566678,0.03957299874749013,0.1549160045239073,3,2000,"{""1"": 0.1549160045239073, ""2"": 0.11431107101560287, ""6"": 0.03957299874749013}"
Wall,fidelity_constrained_latent_only,11419,14083,1,weighted_pairwise_accuracy,0.8052854644374744,0.7564585294868831,0.8663065706509198,3,2000,"{""1"": 0.7564585294868831, ""2"": 0.7930912931746206, ""6"": 0.8663065706509198}"
Wall,fidelity_constrained_latent_only,11419,14083,1,top1_correct,0.25,0.125,0.375,3,2000,"{""1"": 0.125, ""2"": 0.25, ""6"": 0.375}"
Wall,fidelity_constrained_latent_only,11419,14083,1,normalized_margin_rmse,0.8252771682414881,0.6380993900184828,0.9883076385882634,3,2000,"{""1"": 0.9883076385882634, ""2"": 0.8494244761177179, ""6"": 0.6380993900184828}"
Wall,fidelity_constrained_latent_only,11419,14083,1,pose_error,0.22101140818050655,0.14293870031354902,0.32176283040751774,3,2000,"{""1"": 0.32176283040751774, ""2"": 0.19833269382045282, ""6"": 0.14293870031354902}"
Wall,fidelity_constrained_latent_only,11419,14083,1,selected_is_null,0.0,0.0,0.0,3,2000,"{""1"": 0.0, ""2"": 0.0, ""6"": 0.0}"
Wall,fidelity_constrained_latent_only,11419,14083,3,normalized_regret,0.10487360826298116,0.05998813285486118,0.1536531042275829,3,2000,"{""1"": 0.10097958770649937, ""2"": 0.05998813285486118, ""6"": 0.1536531042275829}"
Wall,fidelity_constrained_latent_only,11419,14083,3,weighted_pairwise_accuracy,0.8699401325405964,0.7759268892029452,0.9370585046435641,3,2000,"{""1"": 0.7759268892029452, ""2"": 0.9370585046435641, ""6"": 0.8968350037752798}"
Wall,fidelity_constrained_latent_only,11419,14083,3,top1_correct,0.20833333333333334,0.125,0.25,3,2000,"{""1"": 0.25, ""2"": 0.25, ""6"": 0.125}"
Wall,fidelity_constrained_latent_only,11419,14083,3,normalized_margin_rmse,0.7273267183506559,0.531568572631955,1.0053752707542718,3,2000,"{""1"": 1.0053752707542718, ""2"": 0.531568572631955, ""6"": 0.6450363116657407}"
Wall,fidelity_constrained_latent_only,11419,14083,3,pose_error,0.22000649031487932,0.14759135487550837,0.33217409792275376,3,2000,"{""1"": 0.33217409792275376, ""2"": 0.18025401814637587, ""6"": 0.14759135487550837}"
Wall,fidelity_constrained_latent_only,11419,14083,3,selected_is_null,0.0,0.0,0.0,3,2000,"{""1"": 0.0, ""2"": 0.0, ""6"": 0.0}"
Wall,fidelity_constrained_latent_only,11419,14083,6,normalized_regret,0.23665104854038665,0.0145765097511535,0.498592871281311,3,2000,"{""1"": 0.0145765097511535, ""2"": 0.498592871281311, ""6"": 0.1967837645886954}"
Wall,fidelity_constrained_latent_only,11419,14083,6,weighted_pairwise_accuracy,0.8710155741853587,0.804335028048758,0.9247932661651067,3,2000,"{""1"": 0.9247932661651068, ""2"": 0.804335028048758, ""6"": 0.883918428342211}"
Wall,fidelity_constrained_latent_only,11419,14083,6,top1_correct,0.3333333333333333,0.125,0.75,3,2000,"{""1"": 0.75, ""2"": 0.125, ""6"": 0.125}"
Wall,fidelity_constrained_latent_only,11419,14083,6,normalized_margin_rmse,0.7065008405878433,0.5740906672942736,0.8152670954248435,3,2000,"{""1"": 0.5740906672942736, ""2"": 0.8152670954248435, ""6"": 0.7301447590444127}"
Wall,fidelity_constrained_latent_only,11419,14083,6,pose_error,0.22593405948767362,0.21374834752336777,0.2479367277400718,3,2000,"{""1"": 0.2479367277400718, ""2"": 0.21374834752336774, ""6"": 0.21611710319958127}"
Wall,fidelity_constrained_latent_only,11419,14083,6,selected_is_null,0.0,0.0,0.0,3,2000,"{""1"": 0.0, ""2"": 0.0, ""6"": 0.0}"
Wall,fidelity_constrained_latent_only,11437,14011,1,normalized_regret,0.3165024832913358,0.20538274658993264,0.43841395343774997,3,2000,"{""1"": 0.20538274658993266, ""2"": 0.43841395343774997, ""6"": 0.30571074984632474}"
Wall,fidelity_constrained_latent_only,11437,14011,1,weighted_pairwise_accuracy,0.5789283100143943,0.47919307715309706,0.7111030933763262,3,2000,"{""1"": 0.711103093376326, ""2"": 0.47919307715309706, ""6"": 0.5464887595137597}"
Wall,fidelity_constrained_latent_only,11437,14011,1,top1_correct,0.125,0.0,0.25,3,2000,"{""1"": 0.0, ""2"": 0.125, ""6"": 0.25}"
Wall,fidelity_constrained_latent_only,11437,14011,1,normalized_margin_rmse,0.9884333826399195,0.9079383659439032,1.0452006253354966,3,2000,"{""1"": 0.9079383659439032, ""2"": 1.0452006253354966, ""6"": 1.0121611566403588}"
Wall,fidelity_constrained_latent_only,11437,14011,1,pose_error,0.19648055519553762,0.14909676420899928,0.24162693442305505,3,2000,"{""1"": 0.19871796695455846, ""2"": 0.24162693442305505, ""6"": 0.14909676420899928}"
Wall,fidelity_constrained_latent_only,11437,14011,1,selected_is_null,0.041666666666666664,0.0,0.125,3,2000,"{""1"": 0.125, ""2"": 0.0, ""6"": 0.0}"
Wall,fidelity_constrained_latent_only,11437,14011,3,normalized_regret,0.2411726168621512,0.13282152363350683,0.33418568772405344,3,2000,"{""1"": 0.13282152363350683, ""2"": 0.33418568772405344, ""6"": 0.2565106392288933}"
Wall,fidelity_constrained_latent_only,11437,14011,3,weighted_pairwise_accuracy,0.5451346090607923,0.31868445287091335,0.7119209525066408,3,2000,"{""1"": 0.7119209525066408, ""2"": 0.31868445287091335, ""6"": 0.6047984218048226}"
Wall,fidelity_constrained_latent_only,11437,14011,3,top1_correct,0.041666666666666664,0.0,0.125,3,2000,"{""1"": 0.125, ""2"": 0.0, ""6"": 0.0}"
Wall,fidelity_constrained_latent_only,11437,14011,3,normalized_margin_rmse,1.0233557688198438,0.9157078186135066,1.1380736022459716,3,2000,"{""1"": 0.9157078186135066, ""2"": 1.1380736022459716, ""6"": 1.0162858856000532}"
Wall,fidelity_constrained_latent_only,11437,14011,3,pose_error,0.1795033134742813,0.15064440088645806,0.19545429647662915,3,2000,"{""1"": 0.19241124305975676, ""2"": 0.19545429647662915, ""6"": 0.15064440088645806}"
Wall,fidelity_constrained_latent_only,11437,14011,3,selected_is_null,0.0,0.0,0.0,3,2000,"{""1"": 0.0, ""2"": 0.0, ""6"": 0.0}"
Wall,fidelity_constrained_latent_only,11437,14011,6,normalized_regret,0.37252117215880537,0.040972287814671646,0.7013101335553354,3,2000,"{""1"": 0.040972287814671646, ""2"": 0.7013101335553353, ""6"": 0.3752810951064092}"
Wall,fidelity_constrained_latent_only,11437,14011,6,weighted_pairwise_accuracy,0.5297050550860499,0.13792589410698086,0.8669596422483816,3,2000,"{""1"": 0.8669596422483816, ""2"": 0.13792589410698086, ""6"": 0.5842296289027871}"
Wall,fidelity_constrained_latent_only,11437,14011,6,top1_correct,0.3333333333333333,0.0,0.625,3,2000,"{""1"": 0.625, ""2"": 0.0, ""6"": 0.375}"
Wall,fidelity_constrained_latent_only,11437,14011,6,normalized_margin_rmse,0.9698960797301232,0.7827176219578975,1.1435663393570206,3,2000,"{""1"": 0.7827176219578975, ""2"": 1.1435663393570206, ""6"": 0.9834042778754513}"
Wall,fidelity_constrained_latent_only,11437,14011,6,pose_error,0.297190683934503,0.27444962742781037,0.3094942620315293,3,2000,"{""1"": 0.27444962742781037, ""2"": 0.3076281623441693, ""6"": 0.3094942620315293}"
Wall,fidelity_constrained_latent_only,11437,14011,6,selected_is_null,0.0,0.0,0.0,3,2000,"{""1"": 0.0, ""2"": 0.0, ""6"": 0.0}"
Wall,fidelity_constrained_latent_only,11437,14029,1,normalized_regret,0.07599510361839344,0.03191610751005898,0.11765821545661741,3,2000,"{""1"": 0.03191610751005898, ""2"": 0.11765821545661741, ""6"": 0.07841098788850392}"
Wall,fidelity_constrained_latent_only,11437,14029,1,weighted_pairwise_accuracy,0.9035703971779725,0.8744657252611266,0.9433541226986693,3,2000,"{""1"": 0.9433541226986693, ""2"": 0.8928913435741217, ""6"": 0.8744657252611266}"
Wall,fidelity_constrained_latent_only,11437,14029,1,top1_correct,0.375,0.25,0.625,3,2000,"{""1"": 0.625, ""2"": 0.25, ""6"": 0.25}"
Wall,fidelity_constrained_latent_only,11437,14029,1,normalized_margin_rmse,0.6691282403575683,0.584444430451736,0.795581952765334,3,2000,"{""1"": 0.584444430451736, ""2"": 0.6273583378556351, ""6"": 0.795581952765334}"
Wall,fidelity_constrained_latent_only,11437,14029,1,pose_error,0.08813041904578302,0.07540131264364688,0.09584404451509591,3,2000,"{""1"": 0.07540131264364688, ""2"": 0.09314589997860628, ""6"": 0.0958440445150959}"
Wall,fidelity_constrained_latent_only,11437,14029,1,selected_is_null,0.0,0.0,0.0,3,2000,"{""1"": 0.0, ""2"": 0.0, ""6"": 0.0}"
Wall,fidelity_constrained_latent_only,11437,14029,3,normalized_regret,0.09972001559244315,0.06172484136945674,0.14662848864439115,3,2000,"{""1"": 0.06172484136945673, ""2"": 0.14662848864439115, ""6"": 0.09080671676348154}"
Wall,fidelity_constrained_latent_only,11437,14029,3,weighted_pairwise_accuracy,0.8857310340947929,0.8009926832854486,0.9497289295048293,3,2000,"{""1"": 0.9497289295048293, ""2"": 0.8009926832854486, ""6"": 0.9064714894941006}"
Wall,fidelity_constrained_latent_only,11437,14029,3,top1_correct,0.375,0.375,0.375,3,2000,"{""1"": 0.375, ""2"": 0.375, ""6"": 0.375}"
Wall,fidelity_constrained_latent_only,11437,14029,3,normalized_margin_rmse,0.6100970394030515,0.4950722130779283,0.7640236626030492,3,2000,"{""1"": 0.4950722130779283, ""2"": 0.7640236626030492, ""6"": 0.5711952425281768}"
Wall,fidelity_constrained_latent_only,11437,14029,3,pose_error,0.13841856325536067,0.12343413604143334,0.14602875422096426,3,2000,"{""1"": 0.14602875422096426, ""2"": 0.14579279950368446, ""6"": 0.12343413604143334}"
Wall,fidelity_constrained_latent_only,11437,14029,3,selected_is_null,0.041666666666666664,0.0,0.125,3,2000,"{""1"": 0.0, ""2"": 0.125, ""6"": 0.0}"
Wall,fidelity_constrained_latent_only,11437,14029,6,normalized_regret,0.1912893784492946,0.029032272269340704,0.4650385607299743,3,2000,"{""1"": 0.029032272269340707, ""2"": 0.4650385607299743, ""6"": 0.07979730234856887}"
Wall,fidelity_constrained_latent_only,11437,14029,6,weighted_pairwise_accuracy,0.8685168997254968,0.7556521048750802,0.9430561634496534,3,2000,"{""1"": 0.9430561634496534, ""2"": 0.7556521048750802, ""6"": 0.9068424308517571}"
Wall,fidelity_constrained_latent_only,11437,14029,6,top1_correct,0.3333333333333333,0.0,0.75,3,2000,"{""1"": 0.75, ""2"": 0.0, ""6"": 0.25}"
Wall,fidelity_constrained_latent_only,11437,14029,6,normalized_margin_rmse,0.703978924043401,0.5547416428938826,0.8808893129308709,3,2000,"{""1"": 0.5547416428938826, ""2"": 0.880889312930871, ""6"": 0.6763058163054492}"
Wall,fidelity_constrained_latent_only,11437,14029,6,pose_error,0.2317149203468948,0.19216943641192963,0.2550425261378763,3,2000,"{""1"": 0.19216943641192963, ""2"": 0.24793279849087851, ""6"": 0.2550425261378763}"
Wall,fidelity_constrained_latent_only,11437,14029,6,selected_is_null,0.08333333333333333,0.0,0.25,3,2000,"{""1"": 0.0, ""2"": 0.25, ""6"": 0.0}"
Wall,fidelity_constrained_latent_only,11437,14047,1,normalized_regret,0.12328344512982019,0.09024335573153815,0.16250750762715294,3,2000,"{""1"": 0.1170994720307695, ""2"": 0.16250750762715294, ""6"": 0.09024335573153816}"
Wall,fidelity_constrained_latent_only,11437,14047,1,weighted_pairwise_accuracy,0.8713555234294482,0.8501997527617563,0.8832715422782598,3,2000,"{""1"": 0.8805952752483288, ""2"": 0.8501997527617562, ""6"": 0.8832715422782598}"
Wall,fidelity_constrained_latent_only,11437,14047,1,top1_correct,0.2916666666666667,0.125,0.5,3,2000,"{""1"": 0.25, ""2"": 0.125, ""6"": 0.5}"
Wall,fidelity_constrained_latent_only,11437,14047,1,normalized_margin_rmse,0.7820222034213747,0.6310150600975852,0.999434882145202,3,2000,"{""1"": 0.7156166680213369, ""2"": 0.999434882145202, ""6"": 0.6310150600975852}"
Wall,fidelity_constrained_latent_only,11437,14047,1,pose_error,0.21005291932859127,0.10841990724976709,0.29192090883208255,3,2000,"{""1"": 0.22981794190392413, ""2"": 0.29192090883208255, ""6"": 0.10841990724976709}"
Wall,fidelity_constrained_latent_only,11437,14047,1,selected_is_null,0.0,0.0,0.0,3,2000,"{""1"": 0.0, ""2"": 0.0, ""6"": 0.0}"
Wall,fidelity_constrained_latent_only,11437,14047,3,normalized_regret,0.10646414440490844,0.10160823757017745,0.10967212765823553,3,2000,"{""1"": 0.10811206798631237, ""2"": 0.10967212765823553, ""6"": 0.10160823757017745}"
Wall,fidelity_constrained_latent_only,11437,14047,3,weighted_pairwise_accuracy,0.9032531837533835,0.8859733679963985,0.9311776856922634,3,2000,"{""1"": 0.8926084975714886, ""2"": 0.8859733679963985, ""6"": 0.9311776856922636}"
Wall,fidelity_constrained_latent_only,11437,14047,3,top1_correct,0.20833333333333334,0.0,0.5,3,2000,"{""1"": 0.0, ""2"": 0.125, ""6"": 0.5}"
Wall,fidelity_constrained_latent_only,11437,14047,3,normalized_margin_rmse,0.6323215104026721,0.4761912125757688,0.7225812979564793,3,2000,"{""1"": 0.6981920206757684, ""2"": 0.7225812979564792, ""6"": 0.4761912125757688}"
Wall,fidelity_constrained_latent_only,11437,14047,3,pose_error,0.23169261806944128,0.17881418730014997,0.2747873109948943,3,2000,"{""1"": 0.24147635591327954, ""2"": 0.2747873109948943, ""6"": 0.17881418730014997}"
Wall,fidelity_constrained_latent_only,11437,14047,3,selected_is_null,0.0,0.0,0.0,3,2000,"{""1"": 0.0, ""2"": 0.0, ""6"": 0.0}"
Wall,fidelity_constrained_latent_only,11437,14047,6,normalized_regret,0.2975662451395286,0.2010197551219447,0.4113551034637181,3,2000,"{""1"": 0.2010197551219447, ""2"": 0.41135510346371806, ""6"": 0.28032387683292315}"
Wall,fidelity_constrained_latent_only,11437,14047,6,weighted_pairwise_accuracy,0.8132521071432127,0.7419715370641379,0.8885178025502082,3,2000,"{""1"": 0.8885178025502081, ""2"": 0.7419715370641378, ""6"": 0.8092669818152922}"
Wall,fidelity_constrained_latent_only,11437,14047,6,top1_correct,0.20833333333333334,0.0,0.5,3,2000,"{""1"": 0.5, ""2"": 0.0, ""6"": 0.125}"
Wall,fidelity_constrained_latent_only,11437,14047,6,normalized_margin_rmse,0.7617586224551895,0.6261556320955133,0.8780386316502199,3,2000,"{""1"": 0.6261556320955133, ""2"": 0.8780386316502199, ""6"": 0.7810816036198354}"
Wall,fidelity_constrained_latent_only,11437,14047,6,pose_error,0.2527536851780881,0.2390663184754932,0.2790911789414716,3,2000,"{""1"": 0.2401035581172994, ""2"": 0.2790911789414716, ""6"": 0.2390663184754932}"
Wall,fidelity_constrained_latent_only,11437,14047,6,selected_is_null,0.0,0.0,0.0,3,2000,"{""1"": 0.0, ""2"": 0.0, ""6"": 0.0}"
Wall,fidelity_constrained_latent_only,11437,14065,1,normalized_regret,0.10395097183411894,0.09188810514661296,0.1200121975623371,3,2000,"{""1"": 0.09188810514661296, ""2"": 0.1200121975623371, ""6"": 0.09995261279340681}"
Wall,fidelity_constrained_latent_only,11437,14065,1,weighted_pairwise_accuracy,0.8725595783940577,0.8398157243183486,0.8916197459855466,3,2000,"{""1"": 0.8862432648782778, ""2"": 0.8398157243183486, ""6"": 0.8916197459855466}"
Wall,fidelity_constrained_latent_only,11437,14065,1,top1_correct,0.25,0.125,0.375,3,2000,"{""1"": 0.25, ""2"": 0.125, ""6"": 0.375}"
Wall,fidelity_constrained_latent_only,11437,14065,1,normalized_margin_rmse,0.681026427959729,0.6578524278427079,0.7061780306260929,3,2000,"{""1"": 0.706178030626093, ""2"": 0.6790488254103861, ""6"": 0.6578524278427079}"
Wall,fidelity_constrained_latent_only,11437,14065,1,pose_error,0.17575690358438245,0.1632906941647143,0.19953464513778915,3,2000,"{""1"": 0.16444537145064386, ""2"": 0.1632906941647143, ""6"": 0.19953464513778912}"
Wall,fidelity_constrained_latent_only,11437,14065,1,selected_is_null,0.0,0.0,0.0,3,2000,"{""1"": 0.0, ""2"": 0.0, ""6"": 0.0}"
Wall,fidelity_constrained_latent_only,11437,14065,3,normalized_regret,0.19292312253610935,0.05973680213466833,0.3715611429570422,3,2000,"{""1"": 0.059736802134668324, ""2"": 0.3715611429570421, ""6"": 0.14747142251661766}"
Wall,fidelity_constrained_latent_only,11437,14065,3,weighted_pairwise_accuracy,0.8305512984930009,0.6895144365062177,0.9170517987912276,3,2000,"{""1"": 0.9170517987912276, ""2"": 0.6895144365062177, ""6"": 0.8850876601815577}"
Wall,fidelity_constrained_latent_only,11437,14065,3,top1_correct,0.20833333333333334,0.0,0.375,3,2000,"{""1"": 0.375, ""2"": 0.0, ""6"": 0.25}"
Wall,fidelity_constrained_latent_only,11437,14065,3,normalized_margin_rmse,0.7676180215999064,0.6263091827115629,1.0043552492721477,3,2000,"{""1"": 0.6263091827115629, ""2"": 1.0043552492721477, ""6"": 0.672189632816009}"
Wall,fidelity_constrained_latent_only,11437,14065,3,pose_error,0.16182853359821756,0.14863597249316063,0.17631607136170344,3,2000,"{""1"": 0.14863597249316063, ""2"": 0.16053355693978852, ""6"": 0.17631607136170344}"
Wall,fidelity_constrained_latent_only,11437,14065,3,selected_is_null,0.0,0.0,0.0,3,2000,"{""1"": 0.0, ""2"": 0.0, ""6"": 0.0}"
Wall,fidelity_constrained_latent_only,11437,14065,6,normalized_regret,0.31411751359827905,0.00263649420582256,0.7104533475544526,3,2000,"{""1"": 0.00263649420582256, ""2"": 0.7104533475544526, ""6"": 0.22926269903456215}"
Wall,fidelity_constrained_latent_only,11437,14065,6,weighted_pairwise_accuracy,0.7479953899113244,0.4890800200775702,0.9242475000558104,3,2000,"{""1"": 0.9242475000558104, ""2"": 0.4890800200775702, ""6"": 0.8306586496005927}"
Wall,fidelity_constrained_latent_only,11437,14065,6,top1_correct,0.4166666666666667,0.0,0.875,3,2000,"{""1"": 0.875, ""2"": 0.0, ""6"": 0.375}"
Wall,fidelity_constrained_latent_only,11437,14065,6,normalized_margin_rmse,0.786372806574191,0.598906965085515,1.0261818686273776,3,2000,"{""1"": 0.598906965085515, ""2"": 1.0261818686273776, ""6"": 0.7340295860096804}"
Wall,fidelity_constrained_latent_only,11437,14065,6,pose_error,0.2420680127054136,0.19629927043502973,0.2666430374329303,3,2000,"{""1"": 0.19629927043502973, ""2"": 0.26326173024828076, ""6"": 0.2666430374329303}"
Wall,fidelity_constrained_latent_only,11437,14065,6,selected_is_null,0.0,0.0,0.0,3,2000,"{""1"": 0.0, ""2"": 0.0, ""6"": 0.0}"
Wall,fidelity_constrained_latent_only,11437,14083,1,normalized_regret,0.10119971811387851,0.034372078802125325,0.1549160045239073,3,2000,"{""1"": 0.1549160045239073, ""2"": 0.11431107101560287, ""6"": 0.034372078802125325}"
Wall,fidelity_constrained_latent_only,11437,14083,1,weighted_pairwise_accuracy,0.8302045955973316,0.7924667526922579,0.8940129237759336,3,2000,"{""1"": 0.7924667526922579, ""2"": 0.8041341103238034, ""6"": 0.8940129237759336}"
Wall,fidelity_constrained_latent_only,11437,14083,1,top1_correct,0.2916666666666667,0.125,0.5,3,2000,"{""1"": 0.125, ""2"": 0.25, ""6"": 0.5}"
Wall,fidelity_constrained_latent_only,11437,14083,1,normalized_margin_rmse,0.7767957481932125,0.6196357131496295,0.9208498267333264,3,2000,"{""1"": 0.9208498267333264, ""2"": 0.7899017046966816, ""6"": 0.6196357131496295}"
Wall,fidelity_constrained_latent_only,11437,14083,1,pose_error,0.2110759629265119,0.12934090527285652,0.3059821809227884,3,2000,"{""1"": 0.3059821809227884, ""2"": 0.19790480258389073, ""6"": 0.12934090527285652}"
Wall,fidelity_constrained_latent_only,11437,14083,1,selected_is_null,0.0,0.0,0.0,3,2000,"{""1"": 0.0, ""2"": 0.0, ""6"": 0.0}"
Wall,fidelity_constrained_latent_only,11437,14083,3,normalized_regret,0.1114477978043329,0.10097958770649935,0.1271063767015634,3,2000,"{""1"": 0.10097958770649937, ""2"": 0.1062574290049359, ""6"": 0.1271063767015634}"
Wall,fidelity_constrained_latent_only,11437,14083,3,weighted_pairwise_accuracy,0.8795773117172575,0.7848583522505401,0.932091379853078,3,2000,"{""1"": 0.7848583522505401, ""2"": 0.9320913798530779, ""6"": 0.9217822030481543}"
Wall,fidelity_constrained_latent_only,11437,14083,3,top1_correct,0.16666666666666666,0.125,0.25,3,2000,"{""1"": 0.25, ""2"": 0.125, ""6"": 0.125}"
Wall,fidelity_constrained_latent_only,11437,14083,3,normalized_margin_rmse,0.7026172016254021,0.5362477542735078,0.9991571830751586,3,2000,"{""1"": 0.9991571830751587, ""2"": 0.5362477542735078, ""6"": 0.5724466675275397}"
Wall,fidelity_constrained_latent_only,11437,14083,3,pose_error,0.20926176399945773,0.1317138056765983,0.30988697507174523,3,2000,"{""1"": 0.30988697507174523, ""2"": 0.1861845112500297, ""6"": 0.1317138056765983}"
Wall,fidelity_constrained_latent_only,11437,14083,3,selected_is_null,0.0,0.0,0.0,3,2000,"{""1"": 0.0, ""2"": 0.0, ""6"": 0.0}"
Wall,fidelity_constrained_latent_only,11437,14083,6,normalized_regret,0.22018798001048148,0.0145765097511535,0.498592871281311,3,2000,"{""1"": 0.0145765097511535, ""2"": 0.498592871281311, ""6"": 0.14739455899897996}"
Wall,fidelity_constrained_latent_only,11437,14083,6,weighted_pairwise_accuracy,0.88024086825153,0.8021781481572443,0.935638787731428,3,2000,"{""1"": 0.9356387877314278, ""2"": 0.8021781481572443, ""6"": 0.902905668865918}"
Wall,fidelity_constrained_latent_only,11437,14083,6,top1_correct,0.375,0.125,0.75,3,2000,"{""1"": 0.75, ""2"": 0.125, ""6"": 0.25}"
Wall,fidelity_constrained_latent_only,11437,14083,6,normalized_margin_rmse,0.6971930038695712,0.5637211802371459,0.8058839372754981,3,2000,"{""1"": 0.5637211802371459, ""2"": 0.805883937275498, ""6"": 0.7219738940960695}"
Wall,fidelity_constrained_latent_only,11437,14083,6,pose_error,0.22103890427859654,0.2142885549211567,0.23283955072569507,3,2000,"{""1"": 0.23283955072569507, ""2"": 0.2142885549211567, ""6"": 0.2159886071889379}"
Wall,fidelity_constrained_latent_only,11437,14083,6,selected_is_null,0.0,0.0,0.0,3,2000,"{""1"": 0.0, ""2"": 0.0, ""6"": 0.0}"
Wall,fidelity_constrained_matched_geometry,11401,14011,1,normalized_regret,0.04726144307799888,0.033868239455095005,0.06651944231750995,3,2000,"{""1"": 0.06651944231750995, ""2"": 0.033868239455095005, ""6"": 0.0413966474613917}"
Wall,fidelity_constrained_matched_geometry,11401,14011,1,weighted_pairwise_accuracy,0.9084360332704629,0.8912493883120675,0.9229529616314093,3,2000,"{""1"": 0.9111057498679118, ""2"": 0.9229529616314094, ""6"": 0.8912493883120673}"
Wall,fidelity_constrained_matched_geometry,11401,14011,1,top1_correct,0.5,0.25,0.625,3,2000,"{""1"": 0.25, ""2"": 0.625, ""6"": 0.625}"
Wall,fidelity_constrained_matched_geometry,11401,14011,1,normalized_margin_rmse,0.5689407150258493,0.515846529903558,0.6253151162471245,3,2000,"{""1"": 0.6253151162471245, ""2"": 0.515846529903558, ""6"": 0.5656604989268652}"
Wall,fidelity_constrained_matched_geometry,11401,14011,1,pose_error,0.12305297724360915,0.0841154331506891,0.14944533106843544,3,2000,"{""1"": 0.08411543315068912, ""2"": 0.13559816751170292, ""6"": 0.14944533106843544}"
Wall,fidelity_constrained_matched_geometry,11401,14011,1,selected_is_null,0.0,0.0,0.0,3,2000,"{""1"": 0.0, ""2"": 0.0, ""6"": 0.0}"
Wall,fidelity_constrained_matched_geometry,11401,14011,3,normalized_regret,0.13814548146796993,0.08755750937847412,0.20156122322546058,3,2000,"{""1"": 0.12531771179997514, ""2"": 0.08755750937847412, ""6"": 0.20156122322546058}"
Wall,fidelity_constrained_matched_geometry,11401,14011,3,weighted_pairwise_accuracy,0.9078035585209614,0.8958813292550789,0.9168647452626901,3,2000,"{""1"": 0.9168647452626901, ""2"": 0.8958813292550789, ""6"": 0.910664601045115}"
Wall,fidelity_constrained_matched_geometry,11401,14011,3,top1_correct,0.16666666666666666,0.0,0.5,3,2000,"{""1"": 0.0, ""2"": 0.5, ""6"": 0.0}"
Wall,fidelity_constrained_matched_geometry,11401,14011,3,normalized_margin_rmse,0.6286948564455217,0.5926784686345719,0.6701692586640581,3,2000,"{""1"": 0.5926784686345719, ""2"": 0.6232368420379354, ""6"": 0.670169258664058}"
Wall,fidelity_constrained_matched_geometry,11401,14011,3,pose_error,0.1405223793028867,0.11153073214807978,0.19005783540511775,3,2000,"{""1"": 0.11997857035546257, ""2"": 0.11153073214807976, ""6"": 0.19005783540511773}"
Wall,fidelity_constrained_matched_geometry,11401,14011,3,selected_is_null,0.0,0.0,0.0,3,2000,"{""1"": 0.0, ""2"": 0.0, ""6"": 0.0}"
Wall,fidelity_constrained_matched_geometry,11401,14011,6,normalized_regret,0.21528133384665907,0.040972287814671646,0.4529815902235826,3,2000,"{""1"": 0.040972287814671646, ""2"": 0.45298159022358264, ""6"": 0.15189012350172296}"
Wall,fidelity_constrained_matched_geometry,11401,14011,6,weighted_pairwise_accuracy,0.8056662505683194,0.6455943915245744,0.9533174857358752,3,2000,"{""1"": 0.9533174857358752, ""2"": 0.6455943915245744, ""6"": 0.8180868744445086}"
Wall,fidelity_constrained_matched_geometry,11401,14011,6,top1_correct,0.2916666666666667,0.0,0.625,3,2000,"{""1"": 0.625, ""2"": 0.0, ""6"": 0.25}"
Wall,fidelity_constrained_matched_geometry,11401,14011,6,normalized_margin_rmse,0.7706008158553713,0.46496047509020927,1.035161100865407,3,2000,"{""1"": 0.4649604750902093, ""2"": 1.035161100865407, ""6"": 0.8116808716104981}"
Wall,fidelity_constrained_matched_geometry,11401,14011,6,pose_error,0.20375496798627057,0.12878729652668586,0.2548202410494036,3,2000,"{""1"": 0.12878729652668586, ""2"": 0.2548202410494036, ""6"": 0.22765736638272227}"
Wall,fidelity_constrained_matched_geometry,11401,14011,6,selected_is_null,0.0,0.0,0.0,3,2000,"{""1"": 0.0, ""2"": 0.0, ""6"": 0.0}"
Wall,fidelity_constrained_matched_geometry,11401,14029,1,normalized_regret,0.060213194950221614,0.04381379577781799,0.08827866288891506,3,2000,"{""1"": 0.04854712618393179, ""2"": 0.08827866288891506, ""6"": 0.04381379577781799}"
Wall,fidelity_constrained_matched_geometry,11401,14029,1,weighted_pairwise_accuracy,0.9479800660233951,0.9242246015505821,0.9606038823526278,3,2000,"{""1"": 0.9606038823526278, ""2"": 0.9242246015505821, ""6"": 0.9591117141669755}"
Wall,fidelity_constrained_matched_geometry,11401,14029,1,top1_correct,0.375,0.25,0.5,3,2000,"{""1"": 0.5, ""2"": 0.25, ""6"": 0.375}"
Wall,fidelity_constrained_matched_geometry,11401,14029,1,normalized_margin_rmse,0.5209978574940749,0.46215816038243235,0.6193555824141995,3,2000,"{""1"": 0.46215816038243235, ""2"": 0.4814798296855929, ""6"": 0.6193555824141995}"
Wall,fidelity_constrained_matched_geometry,11401,14029,1,pose_error,0.08185217020936088,0.06375081252070457,0.11024546670699714,3,2000,"{""1"": 0.07156023140038092, ""2"": 0.11024546670699714, ""6"": 0.06375081252070457}"
Wall,fidelity_constrained_matched_geometry,11401,14029,1,selected_is_null,0.0,0.0,0.0,3,2000,"{""1"": 0.0, ""2"": 0.0, ""6"": 0.0}"
Wall,fidelity_constrained_matched_geometry,11401,14029,3,normalized_regret,0.13916852047729067,0.10651487921390167,0.20156122322546058,3,2000,"{""1"": 0.10651487921390167, ""2"": 0.1094294589925098, ""6"": 0.20156122322546058}"
Wall,fidelity_constrained_matched_geometry,11401,14029,3,weighted_pairwise_accuracy,0.8832912143642991,0.8548813167561328,0.9202472935505105,3,2000,"{""1"": 0.9202472935505105, ""2"": 0.8548813167561329, ""6"": 0.8747450327862543}"
Wall,fidelity_constrained_matched_geometry,11401,14029,3,top1_correct,0.16666666666666666,0.0,0.375,3,2000,"{""1"": 0.125, ""2"": 0.375, ""6"": 0.0}"
Wall,fidelity_constrained_matched_geometry,11401,14029,3,normalized_margin_rmse,0.6739540391451398,0.5779644525678442,0.7595129522639302,3,2000,"{""1"": 0.5779644525678442, ""2"": 0.6843847126036453, ""6"": 0.7595129522639301}"
Wall,fidelity_constrained_matched_geometry,11401,14029,3,pose_error,0.1149128834537833,0.10140452033467418,0.134848997186774,3,2000,"{""1"": 0.10848513283990169, ""2"": 0.134848997186774, ""6"": 0.10140452033467418}"
Wall,fidelity_constrained_matched_geometry,11401,14029,3,selected_is_null,0.0,0.0,0.0,3,2000,"{""1"": 0.0, ""2"": 0.0, ""6"": 0.0}"
Wall,fidelity_constrained_matched_geometry,11401,14029,6,normalized_regret,0.21528133384665907,0.040972287814671646,0.4529815902235826,3,2000,"{""1"": 0.040972287814671646, ""2"": 0.45298159022358264, ""6"": 0.15189012350172296}"
Wall,fidelity_constrained_matched_geometry,11401,14029,6,weighted_pairwise_accuracy,0.8445292916238051,0.7581629348413209,0.9564476643350682,3,2000,"{""1"": 0.9564476643350683, ""2"": 0.758162934841321, ""6"": 0.8189772756950255}"
Wall,fidelity_constrained_matched_geometry,11401,14029,6,top1_correct,0.2916666666666667,0.0,0.625,3,2000,"{""1"": 0.625, ""2"": 0.0, ""6"": 0.25}"
Wall,fidelity_constrained_matched_geometry,11401,14029,6,normalized_margin_rmse,0.7442174542723942,0.490850315502347,0.9239915584057345,3,2000,"{""1"": 0.490850315502347, ""2"": 0.9239915584057345, ""6"": 0.8178104889091007}"
Wall,fidelity_constrained_matched_geometry,11401,14029,6,pose_error,0.21062617917511295,0.15245491814793366,0.24634044692045917,3,2000,"{""1"": 0.15245491814793366, ""2"": 0.24634044692045914, ""6"": 0.233083172456946}"
Wall,fidelity_constrained_matched_geometry,11401,14029,6,selected_is_null,0.0,0.0,0.0,3,2000,"{""1"": 0.0, ""2"": 0.0, ""6"": 0.0}"
Wall,fidelity_constrained_matched_geometry,11401,14047,1,normalized_regret,0.13620608201866508,0.11428343416874208,0.17725966236381996,3,2000,"{""1"": 0.11428343416874208, ""2"": 0.1170751495234332, ""6"": 0.17725966236381996}"
Wall,fidelity_constrained_matched_geometry,11401,14047,1,weighted_pairwise_accuracy,0.8625973415996476,0.8173826361224169,0.904929006917729,3,2000,"{""1"": 0.9049290069177289, ""2"": 0.8173826361224169, ""6"": 0.865480381758797}"
Wall,fidelity_constrained_matched_geometry,11401,14047,1,top1_correct,0.375,0.375,0.375,3,2000,"{""1"": 0.375, ""2"": 0.375, ""6"": 0.375}"
Wall,fidelity_constrained_matched_geometry,11401,14047,1,normalized_margin_rmse,0.6777698705946437,0.5471681671426617,0.7550821208226294,3,2000,"{""1"": 0.5471681671426617, ""2"": 0.7310593238186398, ""6"": 0.7550821208226294}"
Wall,fidelity_constrained_matched_geometry,11401,14047,1,pose_error,0.11920198706201857,0.1108068955878914,0.1235836864931838,3,2000,"{""1"": 0.1108068955878914, ""2"": 0.12321537910498052, ""6"": 0.1235836864931838}"
Wall,fidelity_constrained_matched_geometry,11401,14047,1,selected_is_null,0.0,0.0,0.0,3,2000,"{""1"": 0.0, ""2"": 0.0, ""6"": 0.0}"
Wall,fidelity_constrained_matched_geometry,11401,14047,3,normalized_regret,0.1322271676671678,0.07898257460715627,0.21387942062147167,3,2000,"{""1"": 0.07898257460715627, ""2"": 0.1038195077728755, ""6"": 0.21387942062147167}"
Wall,fidelity_constrained_matched_geometry,11401,14047,3,weighted_pairwise_accuracy,0.8806017611204414,0.857659819602255,0.9167347179833497,3,2000,"{""1"": 0.9167347179833497, ""2"": 0.857659819602255, ""6"": 0.8674107457757194}"
Wall,fidelity_constrained_matched_geometry,11401,14047,3,top1_correct,0.25,0.0,0.375,3,2000,"{""1"": 0.375, ""2"": 0.375, ""6"": 0.0}"
Wall,fidelity_constrained_matched_geometry,11401,14047,3,normalized_margin_rmse,0.7048419144819468,0.6284229483598271,0.7567058244021435,3,2000,"{""1"": 0.6284229483598271, ""2"": 0.7293969706838699, ""6"": 0.7567058244021435}"
Wall,fidelity_constrained_matched_geometry,11401,14047,3,pose_error,0.11644613208376398,0.09093579493298122,0.13458529229542676,3,2000,"{""1"": 0.09093579493298122, ""2"": 0.13458529229542676, ""6"": 0.12381730902288396}"
Wall,fidelity_constrained_matched_geometry,11401,14047,3,selected_is_null,0.0,0.0,0.0,3,2000,"{""1"": 0.0, ""2"": 0.0, ""6"": 0.0}"
Wall,fidelity_constrained_matched_geometry,11401,14047,6,normalized_regret,0.21976759830195824,0.054431081180569114,0.4529815902235826,3,2000,"{""1"": 0.054431081180569114, ""2"": 0.45298159022358264, ""6"": 0.15189012350172296}"
Wall,fidelity_constrained_matched_geometry,11401,14047,6,weighted_pairwise_accuracy,0.7483732367439805,0.46325784860505514,0.9440327137238359,3,2000,"{""1"": 0.9440327137238359, ""2"": 0.46325784860505514, ""6"": 0.8378291479030504}"
Wall,fidelity_constrained_matched_geometry,11401,14047,6,top1_correct,0.2916666666666667,0.0,0.625,3,2000,"{""1"": 0.625, ""2"": 0.0, ""6"": 0.25}"
Wall,fidelity_constrained_matched_geometry,11401,14047,6,normalized_margin_rmse,0.8072503188660066,0.5471428426656106,1.064325161999773,3,2000,"{""1"": 0.5471428426656106, ""2"": 1.064325161999773, ""6"": 0.8102829519326364}"
Wall,fidelity_constrained_matched_geometry,11401,14047,6,pose_error,0.21228403891715675,0.14337429612720548,0.2716101566000354,3,2000,"{""1"": 0.14337429612720548, ""2"": 0.2716101566000354, ""6"": 0.22186766402422942}"
Wall,fidelity_constrained_matched_geometry,11401,14047,6,selected_is_null,0.0,0.0,0.0,3,2000,"{""1"": 0.0, ""2"": 0.0, ""6"": 0.0}"
Wall,fidelity_constrained_matched_geometry,11401,14065,1,normalized_regret,0.06848662252136271,0.04920529746618089,0.08865839365764656,3,2000,"{""1"": 0.08865839365764658, ""2"": 0.06759617644026066, ""6"": 0.049205297466180895}"
Wall,fidelity_constrained_matched_geometry,11401,14065,1,weighted_pairwise_accuracy,0.9215518190122252,0.8899409893981703,0.9532649636975986,3,2000,"{""1"": 0.9214495039409063, ""2"": 0.8899409893981705, ""6"": 0.9532649636975987}"
Wall,fidelity_constrained_matched_geometry,11401,14065,1,top1_correct,0.2916666666666667,0.25,0.375,3,2000,"{""1"": 0.25, ""2"": 0.375, ""6"": 0.25}"
Wall,fidelity_constrained_matched_geometry,11401,14065,1,normalized_margin_rmse,0.5290470711092948,0.4928044370881152,0.5524331184260849,3,2000,"{""1"": 0.5419036578136845, ""2"": 0.5524331184260849, ""6"": 0.49280443708811517}"
Wall,fidelity_constrained_matched_geometry,11401,14065,1,pose_error,0.11549478120767737,0.08399184801554123,0.16922453497163337,3,2000,"{""1"": 0.08399184801554124, ""2"": 0.09326796063585747, ""6"": 0.16922453497163337}"
Wall,fidelity_constrained_matched_geometry,11401,14065,1,selected_is_null,0.0,0.0,0.0,3,2000,"{""1"": 0.0, ""2"": 0.0, ""6"": 0.0}"
Wall,fidelity_constrained_matched_geometry,11401,14065,3,normalized_regret,0.15122879991675187,0.04859707752142183,0.2261962894055541,3,2000,"{""1"": 0.04859707752142183, ""2"": 0.17889303282327967, ""6"": 0.22619628940555409}"
Wall,fidelity_constrained_matched_geometry,11401,14065,3,weighted_pairwise_accuracy,0.8996129718625615,0.8619182906697799,0.9508411230076876,3,2000,"{""1"": 0.9508411230076876, ""2"": 0.8619182906697799, ""6"": 0.8860795019102171}"
Wall,fidelity_constrained_matched_geometry,11401,14065,3,top1_correct,0.3333333333333333,0.0,0.625,3,2000,"{""1"": 0.625, ""2"": 0.375, ""6"": 0.0}"
Wall,fidelity_constrained_matched_geometry,11401,14065,3,normalized_margin_rmse,0.6436280934860599,0.5229993148443286,0.7865539031656951,3,2000,"{""1"": 0.5229993148443286, ""2"": 0.6213310624481558, ""6"": 0.7865539031656951}"
Wall,fidelity_constrained_matched_geometry,11401,14065,3,pose_error,0.12337479347100622,0.10143882573445895,0.16064077309453673,3,2000,"{""1"": 0.10143882573445895, ""2"": 0.10804478158402299, ""6"": 0.16064077309453673}"
Wall,fidelity_constrained_matched_geometry,11401,14065,3,selected_is_null,0.0,0.0,0.0,3,2000,"{""1"": 0.0, ""2"": 0.0, ""6"": 0.0}"
Wall,fidelity_constrained_matched_geometry,11401,14065,6,normalized_regret,0.23807448194713324,0.0145765097511535,0.47658354372254125,3,2000,"{""1"": 0.0145765097511535, ""2"": 0.4765835437225413, ""6"": 0.22306339236770498}"
Wall,fidelity_constrained_matched_geometry,11401,14065,6,weighted_pairwise_accuracy,0.783150124268885,0.5671559813359952,0.9624143035039024,3,2000,"{""1"": 0.9624143035039024, ""2"": 0.5671559813359952, ""6"": 0.8198800879667573}"
Wall,fidelity_constrained_matched_geometry,11401,14065,6,top1_correct,0.3333333333333333,0.0,0.75,3,2000,"{""1"": 0.75, ""2"": 0.0, ""6"": 0.25}"
Wall,fidelity_constrained_matched_geometry,11401,14065,6,normalized_margin_rmse,0.7764573462410015,0.46951025665232243,1.0134139508826951,3,2000,"{""1"": 0.4695102566523225, ""2"": 1.0134139508826951, ""6"": 0.8464478311879866}"
Wall,fidelity_constrained_matched_geometry,11401,14065,6,pose_error,0.20943363742905766,0.13433601354472585,0.25787969632175733,3,2000,"{""1"": 0.13433601354472585, ""2"": 0.25787969632175733, ""6"": 0.23608520242068975}"
Wall,fidelity_constrained_matched_geometry,11401,14065,6,selected_is_null,0.0,0.0,0.0,3,2000,"{""1"": 0.0, ""2"": 0.0, ""6"": 0.0}"
Wall,fidelity_constrained_matched_geometry,11401,14083,1,normalized_regret,0.10436239684278963,0.09254559792234325,0.12443284634074218,3,2000,"{""1"": 0.09254559792234326, ""2"": 0.12443284634074217, ""6"": 0.0961087462652834}"
Wall,fidelity_constrained_matched_geometry,11401,14083,1,weighted_pairwise_accuracy,0.8511101571516128,0.7919306464369428,0.9062610106652426,3,2000,"{""1"": 0.7919306464369428, ""2"": 0.9062610106652426, ""6"": 0.8551388143526527}"
Wall,fidelity_constrained_matched_geometry,11401,14083,1,top1_correct,0.25,0.25,0.25,3,2000,"{""1"": 0.25, ""2"": 0.25, ""6"": 0.25}"
Wall,fidelity_constrained_matched_geometry,11401,14083,1,normalized_margin_rmse,0.7829450355355134,0.6666258738415913,0.9833227102860836,3,2000,"{""1"": 0.9833227102860836, ""2"": 0.6666258738415913, ""6"": 0.6988865224788655}"
Wall,fidelity_constrained_matched_geometry,11401,14083,1,pose_error,0.11935067755020252,0.1153592860594001,0.1236480951225251,3,2000,"{""1"": 0.12364809512252509, ""2"": 0.1153592860594001, ""6"": 0.1190446514686824}"
Wall,fidelity_constrained_matched_geometry,11401,14083,1,selected_is_null,0.0,0.0,0.0,3,2000,"{""1"": 0.0, ""2"": 0.0, ""6"": 0.0}"
Wall,fidelity_constrained_matched_geometry,11401,14083,3,normalized_regret,0.13935112117893478,0.08043407162059593,0.22042117164657704,3,2000,"{""1"": 0.08043407162059593, ""2"": 0.11719812026963136, ""6"": 0.22042117164657704}"
Wall,fidelity_constrained_matched_geometry,11401,14083,3,weighted_pairwise_accuracy,0.8915711744418205,0.8690458137028214,0.9350982945213179,3,2000,"{""1"": 0.9350982945213178, ""2"": 0.8690458137028214, ""6"": 0.8705694151013224}"
Wall,fidelity_constrained_matched_geometry,11401,14083,3,top1_correct,0.125,0.0,0.25,3,2000,"{""1"": 0.25, ""2"": 0.125, ""6"": 0.0}"
Wall,fidelity_constrained_matched_geometry,11401,14083,3,normalized_margin_rmse,0.6790222104630276,0.6140310624421244,0.7505373864475082,3,2000,"{""1"": 0.6140310624421244, ""2"": 0.6724981824994503, ""6"": 0.7505373864475082}"
Wall,fidelity_constrained_matched_geometry,11401,14083,3,pose_error,0.13621975579726706,0.09772471613436844,0.19671228435164703,3,2000,"{""1"": 0.09772471613436842, ""2"": 0.11422226690578569, ""6"": 0.19671228435164706}"
Wall,fidelity_constrained_matched_geometry,11401,14083,3,selected_is_null,0.0,0.0,0.0,3,2000,"{""1"": 0.0, ""2"": 0.0, ""6"": 0.0}"
Wall,fidelity_constrained_matched_geometry,11401,14083,6,normalized_regret,0.24178062620209687,0.04433360540776941,0.46852448780531913,3,2000,"{""1"": 0.044333605407769414, ""2"": 0.46852448780531913, ""6"": 0.21248378539320215}"
Wall,fidelity_constrained_matched_geometry,11401,14083,6,weighted_pairwise_accuracy,0.838917306368984,0.6902973433343546,0.9549622408859038,3,2000,"{""1"": 0.9549622408859038, ""2"": 0.6902973433343547, ""6"": 0.8714923348866935}"
Wall,fidelity_constrained_matched_geometry,11401,14083,6,top1_correct,0.2916666666666667,0.0,0.625,3,2000,"{""1"": 0.625, ""2"": 0.0, ""6"": 0.25}"
Wall,fidelity_constrained_matched_geometry,11401,14083,6,normalized_margin_rmse,0.7223530919673268,0.49715615971304805,0.9438637573550314,3,2000,"{""1"": 0.49715615971304805, ""2"": 0.9438637573550314, ""6"": 0.7260393588339009}"
Wall,fidelity_constrained_matched_geometry,11401,14083,6,pose_error,0.21840691509719137,0.14043633128453442,0.26990900387143524,3,2000,"{""1"": 0.14043633128453442, ""2"": 0.24487541013560446, ""6"": 0.26990900387143524}"
Wall,fidelity_constrained_matched_geometry,11401,14083,6,selected_is_null,0.0,0.0,0.0,3,2000,"{""1"": 0.0, ""2"": 0.0, ""6"": 0.0}"
Wall,fidelity_constrained_matched_geometry,11419,14011,1,normalized_regret,0.04726144307799888,0.033868239455095005,0.06651944231750995,3,2000,"{""1"": 0.06651944231750995, ""2"": 0.033868239455095005, ""6"": 0.0413966474613917}"
Wall,fidelity_constrained_matched_geometry,11419,14011,1,weighted_pairwise_accuracy,0.9174223429881038,0.9101034611079831,0.9270169348282756,3,2000,"{""1"": 0.9101034611079831, ""2"": 0.9151466330280525, ""6"": 0.9270169348282755}"
Wall,fidelity_constrained_matched_geometry,11419,14011,1,top1_correct,0.5,0.25,0.625,3,2000,"{""1"": 0.25, ""2"": 0.625, ""6"": 0.625}"
Wall,fidelity_constrained_matched_geometry,11419,14011,1,normalized_margin_rmse,0.5626680398832073,0.5062398148087427,0.6536751709632926,3,2000,"{""1"": 0.6536751709632926, ""2"": 0.5280891338775867, ""6"": 0.5062398148087427}"
Wall,fidelity_constrained_matched_geometry,11419,14011,1,pose_error,0.10628487171438665,0.07340590213520813,0.130018892499845,3,2000,"{""1"": 0.07340590213520813, ""2"": 0.130018892499845, ""6"": 0.1154298205081068}"
Wall,fidelity_constrained_matched_geometry,11419,14011,1,selected_is_null,0.0,0.0,0.0,3,2000,"{""1"": 0.0, ""2"": 0.0, ""6"": 0.0}"
Wall,fidelity_constrained_matched_geometry,11419,14011,3,normalized_regret,0.14614285212279118,0.08755750937847412,0.19830751667930965,3,2000,"{""1"": 0.15256353031058972, ""2"": 0.08755750937847412, ""6"": 0.19830751667930965}"
Wall,fidelity_constrained_matched_geometry,11419,14011,3,weighted_pairwise_accuracy,0.9152723761114846,0.9028759863962348,0.9226091149564949,3,2000,"{""1"": 0.9226091149564948, ""2"": 0.9028759863962348, ""6"": 0.9203320269817241}"
Wall,fidelity_constrained_matched_geometry,11419,14011,3,top1_correct,0.16666666666666666,0.0,0.5,3,2000,"{""1"": 0.0, ""2"": 0.5, ""6"": 0.0}"
Wall,fidelity_constrained_matched_geometry,11419,14011,3,normalized_margin_rmse,0.608894062312063,0.6016064644767654,0.6226638920567851,3,2000,"{""1"": 0.6016064644767654, ""2"": 0.6024118304026385, ""6"": 0.6226638920567851}"
Wall,fidelity_constrained_matched_geometry,11419,14011,3,pose_error,0.12623449085564617,0.11029640820839719,0.1438943646564551,3,2000,"{""1"": 0.12451269970208619, ""2"": 0.11029640820839719, ""6"": 0.1438943646564551}"
Wall,fidelity_constrained_matched_geometry,11419,14011,3,selected_is_null,0.0,0.0,0.0,3,2000,"{""1"": 0.0, ""2"": 0.0, ""6"": 0.0}"
Wall,fidelity_constrained_matched_geometry,11419,14011,6,normalized_regret,0.21528133384665907,0.040972287814671646,0.4529815902235826,3,2000,"{""1"": 0.040972287814671646, ""2"": 0.45298159022358264, ""6"": 0.15189012350172296}"
Wall,fidelity_constrained_matched_geometry,11419,14011,6,weighted_pairwise_accuracy,0.8122871033283712,0.6565917721345924,0.9527396777715413,3,2000,"{""1"": 0.9527396777715413, ""2"": 0.6565917721345924, ""6"": 0.8275298600789799}"
Wall,fidelity_constrained_matched_geometry,11419,14011,6,top1_correct,0.2916666666666667,0.0,0.625,3,2000,"{""1"": 0.625, ""2"": 0.0, ""6"": 0.25}"
Wall,fidelity_constrained_matched_geometry,11419,14011,6,normalized_margin_rmse,0.763597315955864,0.4671910407974795,1.03248929550068,3,2000,"{""1"": 0.4671910407974795, ""2"": 1.03248929550068, ""6"": 0.7911116115694324}"
Wall,fidelity_constrained_matched_geometry,11419,14011,6,pose_error,0.19971544163780539,0.12991322927951418,0.2554976690173564,3,2000,"{""1"": 0.12991322927951418, ""2"": 0.2554976690173564, ""6"": 0.21373542661654557}"
Wall,fidelity_constrained_matched_geometry,11419,14011,6,selected_is_null,0.0,0.0,0.0,3,2000,"{""1"": 0.0, ""2"": 0.0, ""6"": 0.0}"
Wall,fidelity_constrained_matched_geometry,11419,14029,1,normalized_regret,0.07134833490532182,0.04381379577781799,0.10605023053261635,3,2000,"{""1"": 0.06418097840553114, ""2"": 0.10605023053261634, ""6"": 0.04381379577781799}"
Wall,fidelity_constrained_matched_geometry,11419,14029,1,weighted_pairwise_accuracy,0.9427733229887737,0.9128279847087648,0.9606731451144114,3,2000,"{""1"": 0.9548188391431449, ""2"": 0.9128279847087648, ""6"": 0.9606731451144114}"
Wall,fidelity_constrained_matched_geometry,11419,14029,1,top1_correct,0.2916666666666667,0.125,0.375,3,2000,"{""1"": 0.375, ""2"": 0.125, ""6"": 0.375}"
Wall,fidelity_constrained_matched_geometry,11419,14029,1,normalized_margin_rmse,0.5230267991589211,0.47336178010297125,0.6013605910105451,3,2000,"{""1"": 0.49435802636324694, ""2"": 0.47336178010297125, ""6"": 0.6013605910105451}"
Wall,fidelity_constrained_matched_geometry,11419,14029,1,pose_error,0.08349625944360106,0.05932589160963167,0.10766084171689455,3,2000,"{""1"": 0.08350204500427694, ""2"": 0.10766084171689455, ""6"": 0.05932589160963167}"
Wall,fidelity_constrained_matched_geometry,11419,14029,1,selected_is_null,0.0,0.0,0.0,3,2000,"{""1"": 0.0, ""2"": 0.0, ""6"": 0.0}"
Wall,fidelity_constrained_matched_geometry,11419,14029,3,normalized_regret,0.14040151117293878,0.1054296331534203,0.2063454413728862,3,2000,"{""1"": 0.1054296331534203, ""2"": 0.1094294589925098, ""6"": 0.2063454413728862}"
Wall,fidelity_constrained_matched_geometry,11419,14029,3,weighted_pairwise_accuracy,0.8780965161410036,0.8412747821854122,0.9334522561146602,3,2000,"{""1"": 0.9334522561146602, ""2"": 0.8595625101229383, ""6"": 0.8412747821854121}"
Wall,fidelity_constrained_matched_geometry,11419,14029,3,top1_correct,0.16666666666666666,0.0,0.375,3,2000,"{""1"": 0.125, ""2"": 0.375, ""6"": 0.0}"
Wall,fidelity_constrained_matched_geometry,11419,14029,3,normalized_margin_rmse,0.6909183276904676,0.5518979106395875,0.8242251355569885,3,2000,"{""1"": 0.5518979106395875, ""2"": 0.6966319368748268, ""6"": 0.8242251355569885}"
Wall,fidelity_constrained_matched_geometry,11419,14029,3,pose_error,0.12038525480505717,0.11183578298039541,0.1325858764434028,3,2000,"{""1"": 0.11183578298039541, ""2"": 0.1325858764434028, ""6"": 0.11673410499137328}"
Wall,fidelity_constrained_matched_geometry,11419,14029,3,selected_is_null,0.0,0.0,0.0,3,2000,"{""1"": 0.0, ""2"": 0.0, ""6"": 0.0}"
Wall,fidelity_constrained_matched_geometry,11419,14029,6,normalized_regret,0.21528133384665907,0.040972287814671646,0.4529815902235826,3,2000,"{""1"": 0.040972287814671646, ""2"": 0.45298159022358264, ""6"": 0.15189012350172296}"
Wall,fidelity_constrained_matched_geometry,11419,14029,6,weighted_pairwise_accuracy,0.8213376955723293,0.7138629572802783,0.9594274196369507,3,2000,"{""1"": 0.9594274196369507, ""2"": 0.7138629572802782, ""6"": 0.7907227097997593}"
Wall,fidelity_constrained_matched_geometry,11419,14029,6,top1_correct,0.2916666666666667,0.0,0.625,3,2000,"{""1"": 0.625, ""2"": 0.0, ""6"": 0.25}"
Wall,fidelity_constrained_matched_geometry,11419,14029,6,normalized_margin_rmse,0.7573810831994415,0.4788731453656843,0.9378651475751197,3,2000,"{""1"": 0.47887314536568437, ""2"": 0.9378651475751197, ""6"": 0.8554049566575203}"
Wall,fidelity_constrained_matched_geometry,11419,14029,6,pose_error,0.21735850782413393,0.150513174837688,0.25313636134586043,3,2000,"{""1"": 0.150513174837688, ""2"": 0.24842598728885334, ""6"": 0.25313636134586043}"
Wall,fidelity_constrained_matched_geometry,11419,14029,6,selected_is_null,0.0,0.0,0.0,3,2000,"{""1"": 0.0, ""2"": 0.0, ""6"": 0.0}"
Wall,fidelity_constrained_matched_geometry,11419,14047,1,normalized_regret,0.16483919962868324,0.12973247472761912,0.18653397660903473,3,2000,"{""1"": 0.12973247472761912, ""2"": 0.18653397660903476, ""6"": 0.1782511475493959}"
Wall,fidelity_constrained_matched_geometry,11419,14047,1,weighted_pairwise_accuracy,0.8517541291874129,0.7846554563609972,0.9157851108443974,3,2000,"{""1"": 0.9157851108443974, ""2"": 0.7846554563609971, ""6"": 0.8548218203568441}"
Wall,fidelity_constrained_matched_geometry,11419,14047,1,top1_correct,0.2916666666666667,0.25,0.375,3,2000,"{""1"": 0.25, ""2"": 0.375, ""6"": 0.25}"
Wall,fidelity_constrained_matched_geometry,11419,14047,1,normalized_margin_rmse,0.6994250881206129,0.5236416826917524,0.7975918585382167,3,2000,"{""1"": 0.5236416826917524, ""2"": 0.7770417231318698, ""6"": 0.7975918585382167}"
Wall,fidelity_constrained_matched_geometry,11419,14047,1,pose_error,0.12105732000199372,0.10775841365707045,0.138205172358764,3,2000,"{""1"": 0.10775841365707045, ""2"": 0.11720837399014672, ""6"": 0.138205172358764}"
Wall,fidelity_constrained_matched_geometry,11419,14047,1,selected_is_null,0.0,0.0,0.0,3,2000,"{""1"": 0.0, ""2"": 0.0, ""6"": 0.0}"
Wall,fidelity_constrained_matched_geometry,11419,14047,3,normalized_regret,0.1270641886244853,0.07898257460715627,0.19839048349342414,3,2000,"{""1"": 0.07898257460715627, ""2"": 0.1038195077728755, ""6"": 0.19839048349342414}"
Wall,fidelity_constrained_matched_geometry,11419,14047,3,weighted_pairwise_accuracy,0.8777532829626024,0.8579874290769206,0.9049196662822486,3,2000,"{""1"": 0.9049196662822486, ""2"": 0.8579874290769205, ""6"": 0.8703527535286375}"
Wall,fidelity_constrained_matched_geometry,11419,14047,3,top1_correct,0.25,0.0,0.375,3,2000,"{""1"": 0.375, ""2"": 0.375, ""6"": 0.0}"
Wall,fidelity_constrained_matched_geometry,11419,14047,3,normalized_margin_rmse,0.6958916305313604,0.645070147960096,0.7338298623588124,3,2000,"{""1"": 0.645070147960096, ""2"": 0.7087748812751724, ""6"": 0.7338298623588124}"
Wall,fidelity_constrained_matched_geometry,11419,14047,3,pose_error,0.11932228101238006,0.09524129023529111,0.13150185077012685,3,2000,"{""1"": 0.09524129023529111, ""2"": 0.13150185077012685, ""6"": 0.13122370203172218}"
Wall,fidelity_constrained_matched_geometry,11419,14047,3,selected_is_null,0.0,0.0,0.0,3,2000,"{""1"": 0.0, ""2"": 0.0, ""6"": 0.0}"
Wall,fidelity_constrained_matched_geometry,11419,14047,6,normalized_regret,0.21888876690001738,0.05179458697474656,0.4529815902235826,3,2000,"{""1"": 0.05179458697474656, ""2"": 0.45298159022358264, ""6"": 0.15189012350172296}"
Wall,fidelity_constrained_matched_geometry,11419,14047,6,weighted_pairwise_accuracy,0.7733956198909359,0.5381658716240008,0.9445550200095187,3,2000,"{""1"": 0.9445550200095187, ""2"": 0.5381658716240008, ""6"": 0.8374659680392882}"
Wall,fidelity_constrained_matched_geometry,11419,14047,6,top1_correct,0.3333333333333333,0.0,0.75,3,2000,"{""1"": 0.75, ""2"": 0.0, ""6"": 0.25}"
Wall,fidelity_constrained_matched_geometry,11419,14047,6,normalized_margin_rmse,0.8059915301946919,0.5436445442375246,1.0538180111432063,3,2000,"{""1"": 0.5436445442375246, ""2"": 1.0538180111432063, ""6"": 0.8205120352033453}"
Wall,fidelity_constrained_matched_geometry,11419,14047,6,pose_error,0.21535424780694176,0.14286421111832942,0.27112490862040906,3,2000,"{""1"": 0.14286421111832942, ""2"": 0.27112490862040906, ""6"": 0.23207362368208673}"
Wall,fidelity_constrained_matched_geometry,11419,14047,6,selected_is_null,0.0,0.0,0.0,3,2000,"{""1"": 0.0, ""2"": 0.0, ""6"": 0.0}"
Wall,fidelity_constrained_matched_geometry,11419,14065,1,normalized_regret,0.07420105773058484,0.03910601857839286,0.1108904059433567,3,2000,"{""1"": 0.1108904059433567, ""2"": 0.072606748670005, ""6"": 0.03910601857839286}"
Wall,fidelity_constrained_matched_geometry,11419,14065,1,weighted_pairwise_accuracy,0.8950023102585422,0.8794581982246606,0.9152760780211842,3,2000,"{""1"": 0.8902726545297817, ""2"": 0.8794581982246605, ""6"": 0.9152760780211842}"
Wall,fidelity_constrained_matched_geometry,11419,14065,1,top1_correct,0.4166666666666667,0.375,0.5,3,2000,"{""1"": 0.375, ""2"": 0.375, ""6"": 0.5}"
Wall,fidelity_constrained_matched_geometry,11419,14065,1,normalized_margin_rmse,0.5744271502218324,0.5546615070781292,0.5983865844102634,3,2000,"{""1"": 0.5983865844102634, ""2"": 0.5546615070781292, ""6"": 0.570233359177105}"
Wall,fidelity_constrained_matched_geometry,11419,14065,1,pose_error,0.12540759168633364,0.0927532971194231,0.17763228943320666,3,2000,"{""1"": 0.10583718850637114, ""2"": 0.0927532971194231, ""6"": 0.1776322894332067}"
Wall,fidelity_constrained_matched_geometry,11419,14065,1,selected_is_null,0.0,0.0,0.0,3,2000,"{""1"": 0.0, ""2"": 0.0, ""6"": 0.0}"
Wall,fidelity_constrained_matched_geometry,11419,14065,3,normalized_regret,0.15196544132771742,0.050807001754318515,0.2261962894055541,3,2000,"{""1"": 0.050807001754318515, ""2"": 0.17889303282327967, ""6"": 0.22619628940555409}"
Wall,fidelity_constrained_matched_geometry,11419,14065,3,weighted_pairwise_accuracy,0.8907555797273198,0.8479776826167211,0.9418519080221,3,2000,"{""1"": 0.9418519080221, ""2"": 0.8479776826167211, ""6"": 0.8824371485431383}"
Wall,fidelity_constrained_matched_geometry,11419,14065,3,top1_correct,0.3333333333333333,0.0,0.625,3,2000,"{""1"": 0.625, ""2"": 0.375, ""6"": 0.0}"
Wall,fidelity_constrained_matched_geometry,11419,14065,3,normalized_margin_rmse,0.6635916971037509,0.5686060566266309,0.7773884411398416,3,2000,"{""1"": 0.5686060566266309, ""2"": 0.6447805935447803, ""6"": 0.7773884411398415}"
Wall,fidelity_constrained_matched_geometry,11419,14065,3,pose_error,0.11935785546576323,0.10785523595171893,0.14038793517197995,3,2000,"{""1"": 0.10785523595171895, ""2"": 0.10983039527359081, ""6"": 0.14038793517197995}"
Wall,fidelity_constrained_matched_geometry,11419,14065,3,selected_is_null,0.0,0.0,0.0,3,2000,"{""1"": 0.0, ""2"": 0.0, ""6"": 0.0}"
Wall,fidelity_constrained_matched_geometry,11419,14065,6,normalized_regret,0.23807448194713324,0.0145765097511535,0.47658354372254125,3,2000,"{""1"": 0.0145765097511535, ""2"": 0.4765835437225413, ""6"": 0.22306339236770498}"
Wall,fidelity_constrained_matched_geometry,11419,14065,6,weighted_pairwise_accuracy,0.786670588283681,0.5714082735475887,0.9605881984598144,3,2000,"{""1"": 0.9605881984598144, ""2"": 0.5714082735475887, ""6"": 0.8280152928436398}"
Wall,fidelity_constrained_matched_geometry,11419,14065,6,top1_correct,0.3333333333333333,0.0,0.75,3,2000,"{""1"": 0.75, ""2"": 0.0, ""6"": 0.25}"
Wall,fidelity_constrained_matched_geometry,11419,14065,6,normalized_margin_rmse,0.7812135426302113,0.47586385982773033,1.0293910660646706,3,2000,"{""1"": 0.47586385982773033, ""2"": 1.0293910660646706, ""6"": 0.838385701998233}"
Wall,fidelity_constrained_matched_geometry,11419,14065,6,pose_error,0.20866719361322117,0.1377002395260645,0.2615185025022082,3,2000,"{""1"": 0.1377002395260645, ""2"": 0.2615185025022082, ""6"": 0.22678283881139083}"
Wall,fidelity_constrained_matched_geometry,11419,14065,6,selected_is_null,0.0,0.0,0.0,3,2000,"{""1"": 0.0, ""2"": 0.0, ""6"": 0.0}"
Wall,fidelity_constrained_matched_geometry,11419,14083,1,normalized_regret,0.08742060782266874,0.07699238293511955,0.10381064032075486,3,2000,"{""1"": 0.10381064032075485, ""2"": 0.07699238293511955, ""6"": 0.08145880021213181}"
Wall,fidelity_constrained_matched_geometry,11419,14083,1,weighted_pairwise_accuracy,0.8938093553902364,0.8292324043654551,0.9350204837637511,3,2000,"{""1"": 0.8292324043654551, ""2"": 0.9350204837637512, ""6"": 0.9171751780415031}"
Wall,fidelity_constrained_matched_geometry,11419,14083,1,top1_correct,0.25,0.125,0.375,3,2000,"{""1"": 0.125, ""2"": 0.25, ""6"": 0.375}"
Wall,fidelity_constrained_matched_geometry,11419,14083,1,normalized_margin_rmse,0.6410472755379418,0.555881435103329,0.805150160901797,3,2000,"{""1"": 0.805150160901797, ""2"": 0.5621102306086995, ""6"": 0.555881435103329}"
Wall,fidelity_constrained_matched_geometry,11419,14083,1,pose_error,0.13380957642003458,0.09926996132529259,0.15486491039473993,3,2000,"{""1"": 0.15486491039473993, ""2"": 0.14729385754007124, ""6"": 0.09926996132529259}"
Wall,fidelity_constrained_matched_geometry,11419,14083,1,selected_is_null,0.0,0.0,0.0,3,2000,"{""1"": 0.0, ""2"": 0.0, ""6"": 0.0}"
Wall,fidelity_constrained_matched_geometry,11419,14083,3,normalized_regret,0.10703240993815982,0.07800324296621405,0.15719750636251506,3,2000,"{""1"": 0.07800324296621405, ""2"": 0.08589648048575035, ""6"": 0.15719750636251506}"
Wall,fidelity_constrained_matched_geometry,11419,14083,3,weighted_pairwise_accuracy,0.9014284684888536,0.8918243603514027,0.9065859171547439,3,2000,"{""1"": 0.9058751279604141, ""2"": 0.8918243603514027, ""6"": 0.9065859171547439}"
Wall,fidelity_constrained_matched_geometry,11419,14083,3,top1_correct,0.3333333333333333,0.125,0.5,3,2000,"{""1"": 0.375, ""2"": 0.5, ""6"": 0.125}"
Wall,fidelity_constrained_matched_geometry,11419,14083,3,normalized_margin_rmse,0.6482051463773455,0.6218129054914875,0.6923363219686829,3,2000,"{""1"": 0.6218129054914875, ""2"": 0.6304662116718661, ""6"": 0.6923363219686829}"
Wall,fidelity_constrained_matched_geometry,11419,14083,3,pose_error,0.1252211862118682,0.11166499693945714,0.13802234371969277,3,2000,"{""1"": 0.11166499693945714, ""2"": 0.12597621797645475, ""6"": 0.13802234371969277}"
Wall,fidelity_constrained_matched_geometry,11419,14083,3,selected_is_null,0.0,0.0,0.0,3,2000,"{""1"": 0.0, ""2"": 0.0, ""6"": 0.0}"
Wall,fidelity_constrained_matched_geometry,11419,14083,6,normalized_regret,0.21528133384665907,0.040972287814671646,0.4529815902235826,3,2000,"{""1"": 0.040972287814671646, ""2"": 0.45298159022358264, ""6"": 0.15189012350172296}"
Wall,fidelity_constrained_matched_geometry,11419,14083,6,weighted_pairwise_accuracy,0.8335583944850985,0.6857842396767726,0.953088344677585,3,2000,"{""1"": 0.9530883446775851, ""2"": 0.6857842396767726, ""6"": 0.8618025991009379}"
Wall,fidelity_constrained_matched_geometry,11419,14083,6,top1_correct,0.2916666666666667,0.0,0.625,3,2000,"{""1"": 0.625, ""2"": 0.0, ""6"": 0.25}"
Wall,fidelity_constrained_matched_geometry,11419,14083,6,normalized_margin_rmse,0.7144262872696391,0.4712153978290143,0.9378629149338047,3,2000,"{""1"": 0.4712153978290142, ""2"": 0.9378629149338047, ""6"": 0.7342005490460981}"
Wall,fidelity_constrained_matched_geometry,11419,14083,6,pose_error,0.20733975262011892,0.14891867980270002,0.2450815249164988,3,2000,"{""1"": 0.14891867980270002, ""2"": 0.2450815249164988, ""6"": 0.22801905314115795}"
Wall,fidelity_constrained_matched_geometry,11419,14083,6,selected_is_null,0.0,0.0,0.0,3,2000,"{""1"": 0.0, ""2"": 0.0, ""6"": 0.0}"
Wall,fidelity_constrained_matched_geometry,11437,14011,1,normalized_regret,0.09056928673237985,0.04675059920995369,0.1437234106336335,3,2000,"{""1"": 0.08123385035355238, ""2"": 0.1437234106336335, ""6"": 0.04675059920995368}"
Wall,fidelity_constrained_matched_geometry,11437,14011,1,weighted_pairwise_accuracy,0.8916858030385447,0.8648503392701218,0.9189747938734775,3,2000,"{""1"": 0.9189747938734775, ""2"": 0.8912322759720347, ""6"": 0.8648503392701218}"
Wall,fidelity_constrained_matched_geometry,11437,14011,1,top1_correct,0.5,0.375,0.625,3,2000,"{""1"": 0.375, ""2"": 0.625, ""6"": 0.5}"
Wall,fidelity_constrained_matched_geometry,11437,14011,1,normalized_margin_rmse,0.6006322971829208,0.5436161665309026,0.6450149053824086,3,2000,"{""1"": 0.6450149053824086, ""2"": 0.5436161665309026, ""6"": 0.613265819635451}"
Wall,fidelity_constrained_matched_geometry,11437,14011,1,pose_error,0.12026461596926742,0.07731486138264976,0.15502873212057383,3,2000,"{""1"": 0.07731486138264976, ""2"": 0.1284502544045787, ""6"": 0.15502873212057383}"
Wall,fidelity_constrained_matched_geometry,11437,14011,1,selected_is_null,0.0,0.0,0.0,3,2000,"{""1"": 0.0, ""2"": 0.0, ""6"": 0.0}"
Wall,fidelity_constrained_matched_geometry,11437,14011,3,normalized_regret,0.14788670872511603,0.08755750937847412,0.19830751667930965,3,2000,"{""1"": 0.15779510011756437, ""2"": 0.08755750937847412, ""6"": 0.19830751667930965}"
Wall,fidelity_constrained_matched_geometry,11437,14011,3,weighted_pairwise_accuracy,0.9060465291902952,0.8893035293378032,0.9258907596220567,3,2000,"{""1"": 0.9258907596220567, ""2"": 0.9029452986110258, ""6"": 0.8893035293378031}"
Wall,fidelity_constrained_matched_geometry,11437,14011,3,top1_correct,0.16666666666666666,0.0,0.5,3,2000,"{""1"": 0.0, ""2"": 0.5, ""6"": 0.0}"
Wall,fidelity_constrained_matched_geometry,11437,14011,3,normalized_margin_rmse,0.6260598834560284,0.5771801939040513,0.6950447762902975,3,2000,"{""1"": 0.5771801939040513, ""2"": 0.6059546801737363, ""6"": 0.6950447762902974}"
Wall,fidelity_constrained_matched_geometry,11437,14011,3,pose_error,0.143449931030911,0.11200261846923894,0.1950800833826766,3,2000,"{""1"": 0.12326709124081744, ""2"": 0.11200261846923895, ""6"": 0.19508008338267663}"
Wall,fidelity_constrained_matched_geometry,11437,14011,3,selected_is_null,0.0,0.0,0.0,3,2000,"{""1"": 0.0, ""2"": 0.0, ""6"": 0.0}"
Wall,fidelity_constrained_matched_geometry,11437,14011,6,normalized_regret,0.20864297796861223,0.02105722018053112,0.4529815902235826,3,2000,"{""1"": 0.02105722018053112, ""2"": 0.45298159022358264, ""6"": 0.15189012350172296}"
Wall,fidelity_constrained_matched_geometry,11437,14011,6,weighted_pairwise_accuracy,0.8093573157405052,0.652407944432584,0.9528777825044488,3,2000,"{""1"": 0.9528777825044488, ""2"": 0.652407944432584, ""6"": 0.8227862202844827}"
Wall,fidelity_constrained_matched_geometry,11437,14011,6,top1_correct,0.2916666666666667,0.0,0.625,3,2000,"{""1"": 0.625, ""2"": 0.0, ""6"": 0.25}"
Wall,fidelity_constrained_matched_geometry,11437,14011,6,normalized_margin_rmse,0.7638538813605225,0.46219516717825143,1.0291585469446405,3,2000,"{""1"": 0.46219516717825143, ""2"": 1.0291585469446405, ""6"": 0.8002079299586753}"
Wall,fidelity_constrained_matched_geometry,11437,14011,6,pose_error,0.20129056850656193,0.1267918269692852,0.2553393912846564,3,2000,"{""1"": 0.1267918269692852, ""2"": 0.2553393912846564, ""6"": 0.22174048726574425}"
Wall,fidelity_constrained_matched_geometry,11437,14011,6,selected_is_null,0.0,0.0,0.0,3,2000,"{""1"": 0.0, ""2"": 0.0, ""6"": 0.0}"
Wall,fidelity_constrained_matched_geometry,11437,14029,1,normalized_regret,0.06415081384642828,0.04381379577781799,0.09601348129764176,3,2000,"{""1"": 0.052625164463825085, ""2"": 0.09601348129764176, ""6"": 0.04381379577781799}"
Wall,fidelity_constrained_matched_geometry,11437,14029,1,weighted_pairwise_accuracy,0.9494787402113257,0.9281114948968351,0.9602087404685622,3,2000,"{""1"": 0.9601159852685798, ""2"": 0.9281114948968351, ""6"": 0.9602087404685622}"
Wall,fidelity_constrained_matched_geometry,11437,14029,1,top1_correct,0.3333333333333333,0.25,0.375,3,2000,"{""1"": 0.375, ""2"": 0.25, ""6"": 0.375}"
Wall,fidelity_constrained_matched_geometry,11437,14029,1,normalized_margin_rmse,0.4900440868770454,0.4354457314531694,0.5840928384608783,3,2000,"{""1"": 0.4354457314531694, ""2"": 0.45059369071708855, ""6"": 0.5840928384608783}"
Wall,fidelity_constrained_matched_geometry,11437,14029,1,pose_error,0.07832442550538651,0.0629918343160834,0.10122550703150786,3,2000,"{""1"": 0.07075593516856826, ""2"": 0.10122550703150787, ""6"": 0.0629918343160834}"
Wall,fidelity_constrained_matched_geometry,11437,14029,1,selected_is_null,0.0,0.0,0.0,3,2000,"{""1"": 0.0, ""2"": 0.0, ""6"": 0.0}"
Wall,fidelity_constrained_matched_geometry,11437,14029,3,normalized_regret,0.13880677179046355,0.1054296331534203,0.20156122322546058,3,2000,"{""1"": 0.1054296331534203, ""2"": 0.1094294589925098, ""6"": 0.20156122322546058}"
Wall,fidelity_constrained_matched_geometry,11437,14029,3,weighted_pairwise_accuracy,0.8810063022119078,0.8491736913423202,0.9255032693666383,3,2000,"{""1"": 0.9255032693666383, ""2"": 0.8491736913423202, ""6"": 0.8683419459267647}"
Wall,fidelity_constrained_matched_geometry,11437,14029,3,top1_correct,0.16666666666666666,0.0,0.375,3,2000,"{""1"": 0.125, ""2"": 0.375, ""6"": 0.0}"
Wall,fidelity_constrained_matched_geometry,11437,14029,3,normalized_margin_rmse,0.6869138276328023,0.5938943914349981,0.7890374191599361,3,2000,"{""1"": 0.5938943914349981, ""2"": 0.6778096723034726, ""6"": 0.7890374191599361}"
Wall,fidelity_constrained_matched_geometry,11437,14029,3,pose_error,0.11937642543464418,0.10941150033896367,0.13164981367800097,3,2000,"{""1"": 0.10941150033896366, ""2"": 0.13164981367800097, ""6"": 0.11706796228696793}"
Wall,fidelity_constrained_matched_geometry,11437,14029,3,selected_is_null,0.0,0.0,0.0,3,2000,"{""1"": 0.0, ""2"": 0.0, ""6"": 0.0}"
Wall,fidelity_constrained_matched_geometry,11437,14029,6,normalized_regret,0.23471736565584408,0.040972287814671646,0.45069602375965845,3,2000,"{""1"": 0.040972287814671646, ""2"": 0.45069602375965845, ""6"": 0.21248378539320215}"
Wall,fidelity_constrained_matched_geometry,11437,14029,6,weighted_pairwise_accuracy,0.833694337878352,0.7136322658081659,0.9666872207084172,3,2000,"{""1"": 0.9666872207084172, ""2"": 0.713632265808166, ""6"": 0.8207635271184731}"
Wall,fidelity_constrained_matched_geometry,11437,14029,6,top1_correct,0.2916666666666667,0.0,0.625,3,2000,"{""1"": 0.625, ""2"": 0.0, ""6"": 0.25}"
Wall,fidelity_constrained_matched_geometry,11437,14029,6,normalized_margin_rmse,0.7512051009956413,0.4873217481354349,0.9376983762271917,3,2000,"{""1"": 0.4873217481354349, ""2"": 0.9376983762271917, ""6"": 0.8285951786242974}"
Wall,fidelity_constrained_matched_geometry,11437,14029,6,pose_error,0.2137140718633556,0.14878594834459194,0.2469901588056819,3,2000,"{""1"": 0.14878594834459194, ""2"": 0.24699015880568193, ""6"": 0.2453661084397929}"
Wall,fidelity_constrained_matched_geometry,11437,14029,6,selected_is_null,0.0,0.0,0.0,3,2000,"{""1"": 0.0, ""2"": 0.0, ""6"": 0.0}"
Wall,fidelity_constrained_matched_geometry,11437,14047,1,normalized_regret,0.13620608201866508,0.11428343416874208,0.17725966236381996,3,2000,"{""1"": 0.11428343416874208, ""2"": 0.1170751495234332, ""6"": 0.17725966236381996}"
Wall,fidelity_constrained_matched_geometry,11437,14047,1,weighted_pairwise_accuracy,0.8751687930848476,0.8524653229414229,0.9112107016882871,3,2000,"{""1"": 0.9112107016882871, ""2"": 0.8524653229414227, ""6"": 0.8618303546248334}"
Wall,fidelity_constrained_matched_geometry,11437,14047,1,top1_correct,0.375,0.375,0.375,3,2000,"{""1"": 0.375, ""2"": 0.375, ""6"": 0.375}"
Wall,fidelity_constrained_matched_geometry,11437,14047,1,normalized_margin_rmse,0.6593816941963865,0.5512746629999712,0.7436185078016612,3,2000,"{""1"": 0.5512746629999712, ""2"": 0.6832519117875272, ""6"": 0.743618507801661}"
Wall,fidelity_constrained_matched_geometry,11437,14047,1,pose_error,0.13169775854349425,0.11315034150507314,0.16582630122961378,3,2000,"{""1"": 0.11315034150507314, ""2"": 0.11611663289579581, ""6"": 0.16582630122961378}"
Wall,fidelity_constrained_matched_geometry,11437,14047,1,selected_is_null,0.0,0.0,0.0,3,2000,"{""1"": 0.0, ""2"": 0.0, ""6"": 0.0}"
Wall,fidelity_constrained_matched_geometry,11437,14047,3,normalized_regret,0.12004803054822806,0.041079661307565886,0.20131847390806457,3,2000,"{""1"": 0.041079661307565886, ""2"": 0.11774595642905375, ""6"": 0.20131847390806457}"
Wall,fidelity_constrained_matched_geometry,11437,14047,3,weighted_pairwise_accuracy,0.9018147472626552,0.8679653428951006,0.9428790876796462,3,2000,"{""1"": 0.9428790876796462, ""2"": 0.8679653428951006, ""6"": 0.894599811213219}"
Wall,fidelity_constrained_matched_geometry,11437,14047,3,top1_correct,0.3333333333333333,0.125,0.5,3,2000,"{""1"": 0.5, ""2"": 0.375, ""6"": 0.125}"
Wall,fidelity_constrained_matched_geometry,11437,14047,3,normalized_margin_rmse,0.6653134445551915,0.5631484794978151,0.7212717661753288,3,2000,"{""1"": 0.5631484794978151, ""2"": 0.721271766175329, ""6"": 0.7115200879924306}"
Wall,fidelity_constrained_matched_geometry,11437,14047,3,pose_error,0.11657967944987803,0.0910671323408329,0.13214055165416377,3,2000,"{""1"": 0.0910671323408329, ""2"": 0.12653135435463742, ""6"": 0.13214055165416377}"
Wall,fidelity_constrained_matched_geometry,11437,14047,3,selected_is_null,0.0,0.0,0.0,3,2000,"{""1"": 0.0, ""2"": 0.0, ""6"": 0.0}"
Wall,fidelity_constrained_matched_geometry,11437,14047,6,normalized_regret,0.21976759830195824,0.054431081180569114,0.4529815902235826,3,2000,"{""1"": 0.054431081180569114, ""2"": 0.45298159022358264, ""6"": 0.15189012350172296}"
Wall,fidelity_constrained_matched_geometry,11437,14047,6,weighted_pairwise_accuracy,0.7460417853430678,0.4670372060024623,0.9347417797691101,3,2000,"{""1"": 0.9347417797691102, ""2"": 0.4670372060024623, ""6"": 0.8363463702576306}"
Wall,fidelity_constrained_matched_geometry,11437,14047,6,top1_correct,0.2916666666666667,0.0,0.625,3,2000,"{""1"": 0.625, ""2"": 0.0, ""6"": 0.25}"
Wall,fidelity_constrained_matched_geometry,11437,14047,6,normalized_margin_rmse,0.805887501719892,0.5509762378519163,1.0586200472901113,3,2000,"{""1"": 0.5509762378519163, ""2"": 1.0586200472901113, ""6"": 0.8080662200176484}"
Wall,fidelity_constrained_matched_geometry,11437,14047,6,pose_error,0.21500245264074178,0.14628306655088835,0.27471210617923514,3,2000,"{""1"": 0.14628306655088835, ""2"": 0.27471210617923514, ""6"": 0.22401218519210178}"
Wall,fidelity_constrained_matched_geometry,11437,14047,6,selected_is_null,0.0,0.0,0.0,3,2000,"{""1"": 0.0, ""2"": 0.0, ""6"": 0.0}"
Wall,fidelity_constrained_matched_geometry,11437,14065,1,normalized_regret,0.062365300471644236,0.045281750593370335,0.09260885335538145,3,2000,"{""1"": 0.09260885335538147, ""2"": 0.045281750593370335, ""6"": 0.049205297466180895}"
Wall,fidelity_constrained_matched_geometry,11437,14065,1,weighted_pairwise_accuracy,0.901771566834638,0.8841933488108719,0.9193306183684283,3,2000,"{""1"": 0.9017907333246139, ""2"": 0.8841933488108717, ""6"": 0.9193306183684282}"
Wall,fidelity_constrained_matched_geometry,11437,14065,1,top1_correct,0.375,0.25,0.625,3,2000,"{""1"": 0.25, ""2"": 0.625, ""6"": 0.25}"
Wall,fidelity_constrained_matched_geometry,11437,14065,1,normalized_margin_rmse,0.5538666700947298,0.5218144335189657,0.5936754307465084,3,2000,"{""1"": 0.5936754307465084, ""2"": 0.5218144335189657, ""6"": 0.5461101460187154}"
Wall,fidelity_constrained_matched_geometry,11437,14065,1,pose_error,0.11213573875794747,0.08936583952338649,0.15339688978377458,3,2000,"{""1"": 0.08936583952338649, ""2"": 0.09364448696668132, ""6"": 0.15339688978377458}"
Wall,fidelity_constrained_matched_geometry,11437,14065,1,selected_is_null,0.0,0.0,0.0,3,2000,"{""1"": 0.0, ""2"": 0.0, ""6"": 0.0}"
Wall,fidelity_constrained_matched_geometry,11437,14065,3,normalized_regret,0.15196544132771742,0.050807001754318515,0.2261962894055541,3,2000,"{""1"": 0.050807001754318515, ""2"": 0.17889303282327967, ""6"": 0.22619628940555409}"
Wall,fidelity_constrained_matched_geometry,11437,14065,3,weighted_pairwise_accuracy,0.9118640859981838,0.8796018906475918,0.9529198149317617,3,2000,"{""1"": 0.9529198149317617, ""2"": 0.8796018906475918, ""6"": 0.9030705524151982}"
Wall,fidelity_constrained_matched_geometry,11437,14065,3,top1_correct,0.3333333333333333,0.0,0.625,3,2000,"{""1"": 0.625, ""2"": 0.375, ""6"": 0.0}"
Wall,fidelity_constrained_matched_geometry,11437,14065,3,normalized_margin_rmse,0.6262059555983597,0.5028134851433874,0.772359694668958,3,2000,"{""1"": 0.5028134851433874, ""2"": 0.6034446869827337, ""6"": 0.7723596946689579}"
Wall,fidelity_constrained_matched_geometry,11437,14065,3,pose_error,0.11960152266055124,0.1014787148916431,0.14939812843943887,3,2000,"{""1"": 0.1014787148916431, ""2"": 0.1079277246505718, ""6"": 0.14939812843943887}"
Wall,fidelity_constrained_matched_geometry,11437,14065,3,selected_is_null,0.0,0.0,0.0,3,2000,"{""1"": 0.0, ""2"": 0.0, ""6"": 0.0}"
Wall,fidelity_constrained_matched_geometry,11437,14065,6,normalized_regret,0.24687307463497266,0.040972287814671646,0.47658354372254125,3,2000,"{""1"": 0.040972287814671646, ""2"": 0.4765835437225413, ""6"": 0.22306339236770498}"
Wall,fidelity_constrained_matched_geometry,11437,14065,6,weighted_pairwise_accuracy,0.7880002566679867,0.5795724995266425,0.9601148652920286,3,2000,"{""1"": 0.9601148652920286, ""2"": 0.5795724995266425, ""6"": 0.8243134051852887}"
Wall,fidelity_constrained_matched_geometry,11437,14065,6,top1_correct,0.2916666666666667,0.0,0.625,3,2000,"{""1"": 0.625, ""2"": 0.0, ""6"": 0.25}"
Wall,fidelity_constrained_matched_geometry,11437,14065,6,normalized_margin_rmse,0.759424723131893,0.45911415570841263,1.0034563954602378,3,2000,"{""1"": 0.45911415570841263, ""2"": 1.0034563954602378, ""6"": 0.8157036182270284}"
Wall,fidelity_constrained_matched_geometry,11437,14065,6,pose_error,0.20723532323594793,0.13494954336517054,0.2593662334136174,3,2000,"{""1"": 0.13494954336517054, ""2"": 0.2593662334136174, ""6"": 0.22739019292905577}"
Wall,fidelity_constrained_matched_geometry,11437,14065,6,selected_is_null,0.0,0.0,0.0,3,2000,"{""1"": 0.0, ""2"": 0.0, ""6"": 0.0}"
Wall,fidelity_constrained_matched_geometry,11437,14083,1,normalized_regret,0.11044733475730277,0.10398325909304951,0.1191792950349162,3,2000,"{""1"": 0.10817945014394262, ""2"": 0.1191792950349162, ""6"": 0.10398325909304951}"
Wall,fidelity_constrained_matched_geometry,11437,14083,1,weighted_pairwise_accuracy,0.8613699603809283,0.8203472602392933,0.91483364243774,3,2000,"{""1"": 0.8203472602392933, ""2"": 0.91483364243774, ""6"": 0.8489289784657514}"
Wall,fidelity_constrained_matched_geometry,11437,14083,1,top1_correct,0.20833333333333334,0.125,0.25,3,2000,"{""1"": 0.125, ""2"": 0.25, ""6"": 0.25}"
Wall,fidelity_constrained_matched_geometry,11437,14083,1,normalized_margin_rmse,0.759852910276854,0.6234484048872828,0.9376846868962767,3,2000,"{""1"": 0.9376846868962767, ""2"": 0.6234484048872828, ""6"": 0.7184256390470025}"
Wall,fidelity_constrained_matched_geometry,11437,14083,1,pose_error,0.13454324553522054,0.1266871898444059,0.1434435258359585,3,2000,"{""1"": 0.13349902092529714, ""2"": 0.1266871898444059, ""6"": 0.1434435258359585}"
Wall,fidelity_constrained_matched_geometry,11437,14083,1,selected_is_null,0.041666666666666664,0.0,0.125,3,2000,"{""1"": 0.0, ""2"": 0.0, ""6"": 0.125}"
Wall,fidelity_constrained_matched_geometry,11437,14083,3,normalized_regret,0.10532095729866058,0.05973680213466833,0.139027949491682,3,2000,"{""1"": 0.059736802134668324, ""2"": 0.11719812026963136, ""6"": 0.139027949491682}"
Wall,fidelity_constrained_matched_geometry,11437,14083,3,weighted_pairwise_accuracy,0.9010978331185703,0.8573011365609253,0.9604360201165446,3,2000,"{""1"": 0.9604360201165446, ""2"": 0.8573011365609253, ""6"": 0.8855563426782409}"
Wall,fidelity_constrained_matched_geometry,11437,14083,3,top1_correct,0.25,0.125,0.375,3,2000,"{""1"": 0.375, ""2"": 0.125, ""6"": 0.25}"
Wall,fidelity_constrained_matched_geometry,11437,14083,3,normalized_margin_rmse,0.6653668457228904,0.5478333266207929,0.7536995153441831,3,2000,"{""1"": 0.5478333266207929, ""2"": 0.6945676952036953, ""6"": 0.7536995153441831}"
Wall,fidelity_constrained_matched_geometry,11437,14083,3,pose_error,0.1351326789678318,0.10462808607598538,0.17592042249002915,3,2000,"{""1"": 0.10462808607598538, ""2"": 0.12484952833748089, ""6"": 0.17592042249002915}"
Wall,fidelity_constrained_matched_geometry,11437,14083,3,selected_is_null,0.0,0.0,0.0,3,2000,"{""1"": 0.0, ""2"": 0.0, ""6"": 0.0}"
Wall,fidelity_constrained_matched_geometry,11437,14083,6,normalized_regret,0.22158273890493715,0.04433360540776941,0.46852448780531913,3,2000,"{""1"": 0.044333605407769414, ""2"": 0.46852448780531913, ""6"": 0.15189012350172296}"
Wall,fidelity_constrained_matched_geometry,11437,14083,6,weighted_pairwise_accuracy,0.8166114015514068,0.6144626661478994,0.946477142821291,3,2000,"{""1"": 0.946477142821291, ""2"": 0.6144626661478994, ""6"": 0.8888943956850298}"
Wall,fidelity_constrained_matched_geometry,11437,14083,6,top1_correct,0.2916666666666667,0.0,0.625,3,2000,"{""1"": 0.625, ""2"": 0.0, ""6"": 0.25}"
Wall,fidelity_constrained_matched_geometry,11437,14083,6,normalized_margin_rmse,0.7243988167090856,0.49786864219607924,0.9775400097527657,3,2000,"{""1"": 0.4978686421960793, ""2"": 0.9775400097527658, ""6"": 0.6977877981784119}"
Wall,fidelity_constrained_matched_geometry,11437,14083,6,pose_error,0.21131326315288035,0.140892804402436,0.25525088432333065,3,2000,"{""1"": 0.140892804402436, ""2"": 0.25525088432333065, ""6"": 0.2377961007328744}"
Wall,fidelity_constrained_matched_geometry,11437,14083,6,selected_is_null,0.0,0.0,0.0,3,2000,"{""1"": 0.0, ""2"": 0.0, ""6"": 0.0}"
Wall,fidelity_constrained_shuffled_geometry,11401,14011,1,normalized_regret,0.0632957788771663,0.05131537145403459,0.07640112190435708,3,2000,"{""1"": 0.05131537145403459, ""2"": 0.07640112190435708, ""6"": 0.06217084327310719}"
Wall,fidelity_constrained_shuffled_geometry,11401,14011,1,weighted_pairwise_accuracy,0.86250107589272,0.7504119476903476,0.9592049368074645,3,2000,"{""1"": 0.9592049368074644, ""2"": 0.7504119476903475, ""6"": 0.8778863431803478}"
Wall,fidelity_constrained_shuffled_geometry,11401,14011,1,top1_correct,0.2916666666666667,0.125,0.375,3,2000,"{""1"": 0.375, ""2"": 0.125, ""6"": 0.375}"
Wall,fidelity_constrained_shuffled_geometry,11401,14011,1,normalized_margin_rmse,0.5983582746935091,0.41706759027682966,0.7891766327866159,3,2000,"{""1"": 0.41706759027682966, ""2"": 0.7891766327866159, ""6"": 0.5888306010170816}"
Wall,fidelity_constrained_shuffled_geometry,11401,14011,1,pose_error,0.11540367601140962,0.06295805755113074,0.14995280136231603,3,2000,"{""1"": 0.06295805755113074, ""2"": 0.14995280136231603, ""6"": 0.13330016912078207}"
Wall,fidelity_constrained_shuffled_geometry,11401,14011,1,selected_is_null,0.0,0.0,0.0,3,2000,"{""1"": 0.0, ""2"": 0.0, ""6"": 0.0}"
Wall,fidelity_constrained_shuffled_geometry,11401,14011,3,normalized_regret,0.15271990131038418,0.1123215631558136,0.21557374669533394,3,2000,"{""1"": 0.1123215631558136, ""2"": 0.13026439408000504, ""6"": 0.21557374669533397}"
Wall,fidelity_constrained_shuffled_geometry,11401,14011,3,weighted_pairwise_accuracy,0.8916878796848989,0.8726007103630561,0.9055258253615269,3,2000,"{""1"": 0.9055258253615268, ""2"": 0.872600710363056, ""6"": 0.8969371033301141}"
Wall,fidelity_constrained_shuffled_geometry,11401,14011,3,top1_correct,0.08333333333333333,0.0,0.125,3,2000,"{""1"": 0.125, ""2"": 0.125, ""6"": 0.0}"
Wall,fidelity_constrained_shuffled_geometry,11401,14011,3,normalized_margin_rmse,0.6759880857614906,0.6585811923717086,0.6935809410479665,3,2000,"{""1"": 0.6758021238647964, ""2"": 0.6935809410479665, ""6"": 0.6585811923717086}"
Wall,fidelity_constrained_shuffled_geometry,11401,14011,3,pose_error,0.12671185771649737,0.10340422072588705,0.14036120170022362,3,2000,"{""1"": 0.10340422072588705, ""2"": 0.14036120170022362, ""6"": 0.13637015072338143}"
Wall,fidelity_constrained_shuffled_geometry,11401,14011,3,selected_is_null,0.0,0.0,0.0,3,2000,"{""1"": 0.0, ""2"": 0.0, ""6"": 0.0}"
Wall,fidelity_constrained_shuffled_geometry,11401,14011,6,normalized_regret,0.21976759830195824,0.054431081180569114,0.4529815902235826,3,2000,"{""1"": 0.054431081180569114, ""2"": 0.45298159022358264, ""6"": 0.15189012350172296}"
Wall,fidelity_constrained_shuffled_geometry,11401,14011,6,weighted_pairwise_accuracy,0.801229658845204,0.6127136381486709,0.9594697911672991,3,2000,"{""1"": 0.9594697911672991, ""2"": 0.6127136381486709, ""6"": 0.8315055472196422}"
Wall,fidelity_constrained_shuffled_geometry,11401,14011,6,top1_correct,0.2916666666666667,0.0,0.625,3,2000,"{""1"": 0.625, ""2"": 0.0, ""6"": 0.25}"
Wall,fidelity_constrained_shuffled_geometry,11401,14011,6,normalized_margin_rmse,0.7413788902561304,0.4946115268194246,1.0185426316761932,3,2000,"{""1"": 0.4946115268194246, ""2"": 1.0185426316761932, ""6"": 0.7109825122727733}"
Wall,fidelity_constrained_shuffled_geometry,11401,14011,6,pose_error,0.1971947433151031,0.12845427160201703,0.25755306445427234,3,2000,"{""1"": 0.12845427160201703, ""2"": 0.25755306445427234, ""6"": 0.20557689388901987}"
Wall,fidelity_constrained_shuffled_geometry,11401,14011,6,selected_is_null,0.0,0.0,0.0,3,2000,"{""1"": 0.0, ""2"": 0.0, ""6"": 0.0}"
Wall,fidelity_constrained_shuffled_geometry,11401,14029,1,normalized_regret,0.10038822531726267,0.05237346870828083,0.14300636926909716,3,2000,"{""1"": 0.10578483797441005, ""2"": 0.14300636926909716, ""6"": 0.05237346870828083}"
Wall,fidelity_constrained_shuffled_geometry,11401,14029,1,weighted_pairwise_accuracy,0.9023439116544386,0.8352373175935807,0.9514835356557687,3,2000,"{""1"": 0.9203108817139661, ""2"": 0.8352373175935808, ""6"": 0.9514835356557687}"
Wall,fidelity_constrained_shuffled_geometry,11401,14029,1,top1_correct,0.25,0.125,0.375,3,2000,"{""1"": 0.375, ""2"": 0.125, ""6"": 0.25}"
Wall,fidelity_constrained_shuffled_geometry,11401,14029,1,normalized_margin_rmse,0.5748753401041814,0.5358266358809128,0.6422010897496396,3,2000,"{""1"": 0.5465982946819918, ""2"": 0.6422010897496396, ""6"": 0.5358266358809128}"
Wall,fidelity_constrained_shuffled_geometry,11401,14029,1,pose_error,0.07807359284379312,0.055092070010676175,0.12007261651411709,3,2000,"{""1"": 0.055092070010676175, ""2"": 0.12007261651411708, ""6"": 0.0590560920065861}"
Wall,fidelity_constrained_shuffled_geometry,11401,14029,1,selected_is_null,0.0,0.0,0.0,3,2000,"{""1"": 0.0, ""2"": 0.0, ""6"": 0.0}"
Wall,fidelity_constrained_shuffled_geometry,11401,14029,3,normalized_regret,0.1372647359380766,0.07017757269437025,0.20156122322546058,3,2000,"{""1"": 0.07017757269437025, ""2"": 0.14005541189439893, ""6"": 0.20156122322546058}"
Wall,fidelity_constrained_shuffled_geometry,11401,14029,3,weighted_pairwise_accuracy,0.7587433346904079,0.6441254867597785,0.8473994416685545,3,2000,"{""1"": 0.8473994416685545, ""2"": 0.7847050756428907, ""6"": 0.6441254867597785}"
Wall,fidelity_constrained_shuffled_geometry,11401,14029,3,top1_correct,0.125,0.0,0.25,3,2000,"{""1"": 0.25, ""2"": 0.125, ""6"": 0.0}"
Wall,fidelity_constrained_shuffled_geometry,11401,14029,3,normalized_margin_rmse,0.8821832987998622,0.6973542728469772,1.0642202117118724,3,2000,"{""1"": 0.697354272846977, ""2"": 0.8849754118407376, ""6"": 1.0642202117118724}"
Wall,fidelity_constrained_shuffled_geometry,11401,14029,3,pose_error,0.12626830104897527,0.09578470825369217,0.14321640621499437,3,2000,"{""1"": 0.09578470825369217, ""2"": 0.14321640621499437, ""6"": 0.1398037886782393}"
Wall,fidelity_constrained_shuffled_geometry,11401,14029,3,selected_is_null,0.0,0.0,0.0,3,2000,"{""1"": 0.0, ""2"": 0.0, ""6"": 0.0}"
Wall,fidelity_constrained_shuffled_geometry,11401,14029,6,normalized_regret,0.21984110878821503,0.054431081180569114,0.45320212168235297,3,2000,"{""1"": 0.054431081180569114, ""2"": 0.45320212168235297, ""6"": 0.15189012350172296}"
Wall,fidelity_constrained_shuffled_geometry,11401,14029,6,weighted_pairwise_accuracy,0.7406596751006163,0.481633808488043,0.9261624386976646,3,2000,"{""1"": 0.9261624386976646, ""2"": 0.48163380848804305, ""6"": 0.8141827781161413}"
Wall,fidelity_constrained_shuffled_geometry,11401,14029,6,top1_correct,0.2916666666666667,0.0,0.625,3,2000,"{""1"": 0.625, ""2"": 0.0, ""6"": 0.25}"
Wall,fidelity_constrained_shuffled_geometry,11401,14029,6,normalized_margin_rmse,0.8226890507234984,0.5624725472530189,1.098503998096441,3,2000,"{""1"": 0.5624725472530189, ""2"": 1.098503998096441, ""6"": 0.8070906068210353}"
Wall,fidelity_constrained_shuffled_geometry,11401,14029,6,pose_error,0.2170403697585416,0.13702386988006954,0.27584635240799094,3,2000,"{""1"": 0.13702386988006954, ""2"": 0.27584635240799094, ""6"": 0.23825088698756441}"
Wall,fidelity_constrained_shuffled_geometry,11401,14029,6,selected_is_null,0.0,0.0,0.0,3,2000,"{""1"": 0.0, ""2"": 0.0, ""6"": 0.0}"
Wall,fidelity_constrained_shuffled_geometry,11401,14047,1,normalized_regret,0.18944950225106452,0.135391824327657,0.2488225180444498,3,2000,"{""1"": 0.135391824327657, ""2"": 0.24882251804444983, ""6"": 0.18413416438108676}"
Wall,fidelity_constrained_shuffled_geometry,11401,14047,1,weighted_pairwise_accuracy,0.8305426231172456,0.6622976764249919,0.9353009534573817,3,2000,"{""1"": 0.9353009534573817, ""2"": 0.6622976764249919, ""6"": 0.8940292394693629}"
Wall,fidelity_constrained_shuffled_geometry,11401,14047,1,top1_correct,0.08333333333333333,0.0,0.125,3,2000,"{""1"": 0.125, ""2"": 0.0, ""6"": 0.125}"
Wall,fidelity_constrained_shuffled_geometry,11401,14047,1,normalized_margin_rmse,0.6327695265439072,0.45054474403738104,0.8337155928405098,3,2000,"{""1"": 0.45054474403738104, ""2"": 0.8337155928405098, ""6"": 0.6140482427538305}"
Wall,fidelity_constrained_shuffled_geometry,11401,14047,1,pose_error,0.10790093036490896,0.08093792296973085,0.12824731593111496,3,2000,"{""1"": 0.08093792296973085, ""2"": 0.12824731593111496, ""6"": 0.1145175521938811}"
Wall,fidelity_constrained_shuffled_geometry,11401,14047,1,selected_is_null,0.041666666666666664,0.0,0.125,3,2000,"{""1"": 0.0, ""2"": 0.125, ""6"": 0.0}"
Wall,fidelity_constrained_shuffled_geometry,11401,14047,3,normalized_regret,0.14551872208925157,0.08141340326153813,0.20156122322546058,3,2000,"{""1"": 0.08141340326153813, ""2"": 0.15358153978075603, ""6"": 0.20156122322546058}"
Wall,fidelity_constrained_shuffled_geometry,11401,14047,3,weighted_pairwise_accuracy,0.8742669659276959,0.8374035237364748,0.9304623825327866,3,2000,"{""1"": 0.9304623825327865, ""2"": 0.8374035237364748, ""6"": 0.8549349915138265}"
Wall,fidelity_constrained_shuffled_geometry,11401,14047,3,top1_correct,0.20833333333333334,0.0,0.375,3,2000,"{""1"": 0.25, ""2"": 0.375, ""6"": 0.0}"
Wall,fidelity_constrained_shuffled_geometry,11401,14047,3,normalized_margin_rmse,0.733002534258691,0.6386897682071848,0.7936252922937475,3,2000,"{""1"": 0.6386897682071848, ""2"": 0.7666925422751406, ""6"": 0.7936252922937475}"
Wall,fidelity_constrained_shuffled_geometry,11401,14047,3,pose_error,0.11170488997911575,0.09091320674259189,0.13093975309805736,3,2000,"{""1"": 0.09091320674259187, ""2"": 0.13093975309805736, ""6"": 0.113261710096698}"
Wall,fidelity_constrained_shuffled_geometry,11401,14047,3,selected_is_null,0.0,0.0,0.0,3,2000,"{""1"": 0.0, ""2"": 0.0, ""6"": 0.0}"
Wall,fidelity_constrained_shuffled_geometry,11401,14047,6,normalized_regret,0.2291473766489408,0.054431081180569114,0.4811209252645303,3,2000,"{""1"": 0.054431081180569114, ""2"": 0.4811209252645303, ""6"": 0.15189012350172296}"
Wall,fidelity_constrained_shuffled_geometry,11401,14047,6,weighted_pairwise_accuracy,0.7434706240523821,0.43707368672676633,0.9511022276732651,3,2000,"{""1"": 0.9511022276732651, ""2"": 0.43707368672676633, ""6"": 0.8422359577571148}"
Wall,fidelity_constrained_shuffled_geometry,11401,14047,6,top1_correct,0.2916666666666667,0.0,0.625,3,2000,"{""1"": 0.625, ""2"": 0.0, ""6"": 0.25}"
Wall,fidelity_constrained_shuffled_geometry,11401,14047,6,normalized_margin_rmse,0.7894276564491243,0.5165371829338664,1.0793569346758063,3,2000,"{""1"": 0.5165371829338664, ""2"": 1.0793569346758063, ""6"": 0.7723888517377002}"
Wall,fidelity_constrained_shuffled_geometry,11401,14047,6,pose_error,0.21359274583430685,0.1488117238532405,0.2727973362617474,3,2000,"{""1"": 0.1488117238532405, ""2"": 0.2727973362617474, ""6"": 0.21916917738793265}"
Wall,fidelity_constrained_shuffled_geometry,11401,14047,6,selected_is_null,0.0,0.0,0.0,3,2000,"{""1"": 0.0, ""2"": 0.0, ""6"": 0.0}"
Wall,fidelity_constrained_shuffled_geometry,11401,14065,1,normalized_regret,0.08130232620192081,0.04506607205904891,0.1034481143159931,3,2000,"{""1"": 0.1034481143159931, ""2"": 0.09539279223072039, ""6"": 0.04506607205904891}"
Wall,fidelity_constrained_shuffled_geometry,11401,14065,1,weighted_pairwise_accuracy,0.9007045281770734,0.843460807088681,0.9403824643763388,3,2000,"{""1"": 0.9182703130662004, ""2"": 0.8434608070886809, ""6"": 0.9403824643763388}"
Wall,fidelity_constrained_shuffled_geometry,11401,14065,1,top1_correct,0.375,0.25,0.5,3,2000,"{""1"": 0.25, ""2"": 0.375, ""6"": 0.5}"
Wall,fidelity_constrained_shuffled_geometry,11401,14065,1,normalized_margin_rmse,0.5423802515672168,0.47847142196224385,0.6309049229540766,3,2000,"{""1"": 0.5177644097853299, ""2"": 0.6309049229540766, ""6"": 0.4784714219622438}"
Wall,fidelity_constrained_shuffled_geometry,11401,14065,1,pose_error,0.11253795887799156,0.07879712605299369,0.15648686467342982,3,2000,"{""1"": 0.10232988590755117, ""2"": 0.15648686467342982, ""6"": 0.07879712605299369}"
Wall,fidelity_constrained_shuffled_geometry,11401,14065,1,selected_is_null,0.0,0.0,0.0,3,2000,"{""1"": 0.0, ""2"": 0.0, ""6"": 0.0}"
Wall,fidelity_constrained_shuffled_geometry,11401,14065,3,normalized_regret,0.12933409547056474,0.08021316719911074,0.1802515701690588,3,2000,"{""1"": 0.08021316719911074, ""2"": 0.12753754904352468, ""6"": 0.1802515701690588}"
Wall,fidelity_constrained_shuffled_geometry,11401,14065,3,weighted_pairwise_accuracy,0.8816381316031068,0.8572169915826016,0.9301865494153972,3,2000,"{""1"": 0.9301865494153974, ""2"": 0.8575108538113213, ""6"": 0.8572169915826016}"
Wall,fidelity_constrained_shuffled_geometry,11401,14065,3,top1_correct,0.25,0.125,0.375,3,2000,"{""1"": 0.375, ""2"": 0.25, ""6"": 0.125}"
Wall,fidelity_constrained_shuffled_geometry,11401,14065,3,normalized_margin_rmse,0.7122727807179059,0.6329758914522073,0.8183745930267786,3,2000,"{""1"": 0.6329758914522073, ""2"": 0.685467857674732, ""6"": 0.8183745930267785}"
Wall,fidelity_constrained_shuffled_geometry,11401,14065,3,pose_error,0.1131608502671196,0.10478171520662505,0.11998281361177449,3,2000,"{""1"": 0.10478171520662505, ""2"": 0.11998281361177449, ""6"": 0.11471802198295929}"
Wall,fidelity_constrained_shuffled_geometry,11401,14065,3,selected_is_null,0.0,0.0,0.0,3,2000,"{""1"": 0.0, ""2"": 0.0, ""6"": 0.0}"
Wall,fidelity_constrained_shuffled_geometry,11401,14065,6,normalized_regret,0.231452710416692,0.043098999502151375,0.38769907509189266,3,2000,"{""1"": 0.043098999502151375, ""2"": 0.38769907509189266, ""6"": 0.2635600566560318}"
Wall,fidelity_constrained_shuffled_geometry,11401,14065,6,weighted_pairwise_accuracy,0.7932833038153401,0.63067536751044,0.9676590223154116,3,2000,"{""1"": 0.9676590223154116, ""2"": 0.63067536751044, ""6"": 0.7815155216201687}"
Wall,fidelity_constrained_shuffled_geometry,11401,14065,6,top1_correct,0.3333333333333333,0.125,0.625,3,2000,"{""1"": 0.625, ""2"": 0.125, ""6"": 0.25}"
Wall,fidelity_constrained_shuffled_geometry,11401,14065,6,normalized_margin_rmse,0.7772329022402541,0.5028121379235306,0.9740463357291804,3,2000,"{""1"": 0.5028121379235306, ""2"": 0.9740463357291804, ""6"": 0.8548402330680511}"
Wall,fidelity_constrained_shuffled_geometry,11401,14065,6,pose_error,0.21075135090118327,0.14334413816751942,0.2527670273923174,3,2000,"{""1"": 0.14334413816751942, ""2"": 0.2527670273923174, ""6"": 0.23614288714371306}"
Wall,fidelity_constrained_shuffled_geometry,11401,14065,6,selected_is_null,0.0,0.0,0.0,3,2000,"{""1"": 0.0, ""2"": 0.0, ""6"": 0.0}"
Wall,fidelity_constrained_shuffled_geometry,11401,14083,1,normalized_regret,0.12603819423679216,0.09510960232850434,0.17323875583723514,3,2000,"{""1"": 0.09510960232850432, ""2"": 0.17323875583723514, ""6"": 0.10976622454463704}"
Wall,fidelity_constrained_shuffled_geometry,11401,14083,1,weighted_pairwise_accuracy,0.8771508959523345,0.8671284296490555,0.8934846447347825,3,2000,"{""1"": 0.8708396134731657, ""2"": 0.8671284296490553, ""6"": 0.8934846447347826}"
Wall,fidelity_constrained_shuffled_geometry,11401,14083,1,top1_correct,0.16666666666666666,0.125,0.25,3,2000,"{""1"": 0.125, ""2"": 0.25, ""6"": 0.125}"
Wall,fidelity_constrained_shuffled_geometry,11401,14083,1,normalized_margin_rmse,0.7124195766132333,0.6574451117922973,0.7806306105526087,3,2000,"{""1"": 0.7806306105526087, ""2"": 0.6574451117922973, ""6"": 0.6991830074947937}"
Wall,fidelity_constrained_shuffled_geometry,11401,14083,1,pose_error,0.14687276773737504,0.12369813608995112,0.18054659364534245,3,2000,"{""1"": 0.12369813608995112, ""2"": 0.18054659364534248, ""6"": 0.13637357347683154}"
Wall,fidelity_constrained_shuffled_geometry,11401,14083,1,selected_is_null,0.0,0.0,0.0,3,2000,"{""1"": 0.0, ""2"": 0.0, ""6"": 0.0}"
Wall,fidelity_constrained_shuffled_geometry,11401,14083,3,normalized_regret,0.143846570028029,0.1014488189008224,0.1841020095396357,3,2000,"{""1"": 0.10144881890082239, ""2"": 0.1841020095396357, ""6"": 0.14598888164362894}"
Wall,fidelity_constrained_shuffled_geometry,11401,14083,3,weighted_pairwise_accuracy,0.8720394020562448,0.8139583846155984,0.9014460822327893,3,2000,"{""1"": 0.9007137393203466, ""2"": 0.8139583846155984, ""6"": 0.9014460822327893}"
Wall,fidelity_constrained_shuffled_geometry,11401,14083,3,top1_correct,0.16666666666666666,0.125,0.25,3,2000,"{""1"": 0.125, ""2"": 0.125, ""6"": 0.25}"
Wall,fidelity_constrained_shuffled_geometry,11401,14083,3,normalized_margin_rmse,0.7046164431929517,0.6638762768444082,0.764284119458979,3,2000,"{""1"": 0.6856889332754676, ""2"": 0.7642841194589789, ""6"": 0.6638762768444082}"
Wall,fidelity_constrained_shuffled_geometry,11401,14083,3,pose_error,0.1257493236731139,0.11939822491024239,0.13425320397592871,3,2000,"{""1"": 0.1193982249102424, ""2"": 0.13425320397592871, ""6"": 0.12359654213317058}"
Wall,fidelity_constrained_shuffled_geometry,11401,14083,3,selected_is_null,0.0,0.0,0.0,3,2000,"{""1"": 0.0, ""2"": 0.0, ""6"": 0.0}"
Wall,fidelity_constrained_shuffled_geometry,11401,14083,6,normalized_regret,0.21974118620768754,0.05413131343898672,0.45320212168235297,3,2000,"{""1"": 0.05413131343898672, ""2"": 0.45320212168235297, ""6"": 0.15189012350172296}"
Wall,fidelity_constrained_shuffled_geometry,11401,14083,6,weighted_pairwise_accuracy,0.8121664215843228,0.6448950627195957,0.9604241712670817,3,2000,"{""1"": 0.9604241712670818, ""2"": 0.6448950627195957, ""6"": 0.8311800307662911}"
Wall,fidelity_constrained_shuffled_geometry,11401,14083,6,top1_correct,0.2916666666666667,0.0,0.625,3,2000,"{""1"": 0.625, ""2"": 0.0, ""6"": 0.25}"
Wall,fidelity_constrained_shuffled_geometry,11401,14083,6,normalized_margin_rmse,0.7680667568039089,0.5342565023029222,0.9733907993068834,3,2000,"{""1"": 0.5342565023029222, ""2"": 0.9733907993068834, ""6"": 0.796552968801921}"
Wall,fidelity_constrained_shuffled_geometry,11401,14083,6,pose_error,0.2105029278109635,0.15940717531007093,0.25040988873211745,3,2000,"{""1"": 0.15940717531007093, ""2"": 0.25040988873211745, ""6"": 0.2216917193907022}"
Wall,fidelity_constrained_shuffled_geometry,11401,14083,6,selected_is_null,0.0,0.0,0.0,3,2000,"{""1"": 0.0, ""2"": 0.0, ""6"": 0.0}"
Wall,fidelity_constrained_shuffled_geometry,11419,14011,1,normalized_regret,0.06371333414953362,0.05072133680467075,0.07824782237082292,3,2000,"{""1"": 0.05072133680467075, ""2"": 0.07824782237082292, ""6"": 0.06217084327310719}"
Wall,fidelity_constrained_shuffled_geometry,11419,14011,1,weighted_pairwise_accuracy,0.8628439690940072,0.7482456306973416,0.9590140300819391,3,2000,"{""1"": 0.9590140300819392, ""2"": 0.7482456306973415, ""6"": 0.8812722465027409}"
Wall,fidelity_constrained_shuffled_geometry,11419,14011,1,top1_correct,0.3333333333333333,0.125,0.5,3,2000,"{""1"": 0.5, ""2"": 0.125, ""6"": 0.375}"
Wall,fidelity_constrained_shuffled_geometry,11419,14011,1,normalized_margin_rmse,0.6132583952924863,0.42906880271503445,0.8088979135729483,3,2000,"{""1"": 0.42906880271503445, ""2"": 0.8088979135729482, ""6"": 0.6018084695894761}"
Wall,fidelity_constrained_shuffled_geometry,11419,14011,1,pose_error,0.11723999812476678,0.065195962661978,0.15068143256894106,3,2000,"{""1"": 0.065195962661978, ""2"": 0.15068143256894106, ""6"": 0.13584259914338132}"
Wall,fidelity_constrained_shuffled_geometry,11419,14011,1,selected_is_null,0.0,0.0,0.0,3,2000,"{""1"": 0.0, ""2"": 0.0, ""6"": 0.0}"
Wall,fidelity_constrained_shuffled_geometry,11419,14011,3,normalized_regret,0.1510553612698015,0.10732794303406552,0.21557374669533394,3,2000,"{""1"": 0.10732794303406552, ""2"": 0.13026439408000504, ""6"": 0.21557374669533397}"
Wall,fidelity_constrained_shuffled_geometry,11419,14011,3,weighted_pairwise_accuracy,0.8940473701491899,0.8822537467729594,0.905597284083036,3,2000,"{""1"": 0.905597284083036, ""2"": 0.8822537467729594, ""6"": 0.8942910795915742}"
Wall,fidelity_constrained_shuffled_geometry,11419,14011,3,top1_correct,0.08333333333333333,0.0,0.125,3,2000,"{""1"": 0.125, ""2"": 0.125, ""6"": 0.0}"
Wall,fidelity_constrained_shuffled_geometry,11419,14011,3,normalized_margin_rmse,0.6849466829713569,0.6759131552817651,0.6966333671216706,3,2000,"{""1"": 0.6822935265106351, ""2"": 0.6966333671216706, ""6"": 0.675913155281765}"
Wall,fidelity_constrained_shuffled_geometry,11419,14011,3,pose_error,0.12566168403166691,0.10307674467955458,0.136992604704412,3,2000,"{""1"": 0.10307674467955458, ""2"": 0.136992604704412, ""6"": 0.13691570271103415}"
Wall,fidelity_constrained_shuffled_geometry,11419,14011,3,selected_is_null,0.0,0.0,0.0,3,2000,"{""1"": 0.0, ""2"": 0.0, ""6"": 0.0}"
Wall,fidelity_constrained_shuffled_geometry,11419,14011,6,normalized_regret,0.21578759312018125,0.04249106563523817,0.4529815902235826,3,2000,"{""1"": 0.042491065635238176, ""2"": 0.45298159022358264, ""6"": 0.15189012350172296}"
Wall,fidelity_constrained_shuffled_geometry,11419,14011,6,weighted_pairwise_accuracy,0.7994748108487185,0.5989424090606669,0.9626763126121703,3,2000,"{""1"": 0.9626763126121703, ""2"": 0.5989424090606669, ""6"": 0.8368057108733182}"
Wall,fidelity_constrained_shuffled_geometry,11419,14011,6,top1_correct,0.3333333333333333,0.0,0.75,3,2000,"{""1"": 0.75, ""2"": 0.0, ""6"": 0.25}"
Wall,fidelity_constrained_shuffled_geometry,11419,14011,6,normalized_margin_rmse,0.7426610451491462,0.4915610907393435,1.0168606119205432,3,2000,"{""1"": 0.4915610907393435, ""2"": 1.0168606119205432, ""6"": 0.7195614327875518}"
Wall,fidelity_constrained_shuffled_geometry,11419,14011,6,pose_error,0.19748836575584341,0.12640164515727517,0.2579754915422334,3,2000,"{""1"": 0.12640164515727517, ""2"": 0.2579754915422334, ""6"": 0.2080879605680217}"
Wall,fidelity_constrained_shuffled_geometry,11419,14011,6,selected_is_null,0.0,0.0,0.0,3,2000,"{""1"": 0.0, ""2"": 0.0, ""6"": 0.0}"
Wall,fidelity_constrained_shuffled_geometry,11419,14029,1,normalized_regret,0.10100379213941797,0.05237346870828083,0.144853069735563,3,2000,"{""1"": 0.10578483797441005, ""2"": 0.144853069735563, ""6"": 0.05237346870828083}"
Wall,fidelity_constrained_shuffled_geometry,11419,14029,1,weighted_pairwise_accuracy,0.9082364847010634,0.8592322558953042,0.9467690214720609,3,2000,"{""1"": 0.9187081767358254, ""2"": 0.8592322558953043, ""6"": 0.946769021472061}"
Wall,fidelity_constrained_shuffled_geometry,11419,14029,1,top1_correct,0.25,0.125,0.375,3,2000,"{""1"": 0.375, ""2"": 0.125, ""6"": 0.25}"
Wall,fidelity_constrained_shuffled_geometry,11419,14029,1,normalized_margin_rmse,0.5542653675984539,0.5111405167472678,0.6047692793599517,3,2000,"{""1"": 0.5468863066881423, ""2"": 0.6047692793599517, ""6"": 0.5111405167472678}"
Wall,fidelity_constrained_shuffled_geometry,11419,14029,1,pose_error,0.07617730448477737,0.05340931945859414,0.11665393183139533,3,2000,"{""1"": 0.05340931945859414, ""2"": 0.11665393183139533, ""6"": 0.058468662164342655}"
Wall,fidelity_constrained_shuffled_geometry,11419,14029,1,selected_is_null,0.0,0.0,0.0,3,2000,"{""1"": 0.0, ""2"": 0.0, ""6"": 0.0}"
Wall,fidelity_constrained_shuffled_geometry,11419,14029,3,normalized_regret,0.1388594753205518,0.07017757269437025,0.2063454413728862,3,2000,"{""1"": 0.07017757269437025, ""2"": 0.14005541189439893, ""6"": 0.2063454413728862}"
Wall,fidelity_constrained_shuffled_geometry,11419,14029,3,weighted_pairwise_accuracy,0.7713992342911901,0.6718276011054916,0.8448272000379773,3,2000,"{""1"": 0.8448272000379773, ""2"": 0.7975429017301015, ""6"": 0.6718276011054916}"
Wall,fidelity_constrained_shuffled_geometry,11419,14029,3,top1_correct,0.125,0.0,0.25,3,2000,"{""1"": 0.25, ""2"": 0.125, ""6"": 0.0}"
Wall,fidelity_constrained_shuffled_geometry,11419,14029,3,normalized_margin_rmse,0.8621737751749107,0.6904420498250333,1.0479282687616687,3,2000,"{""1"": 0.6904420498250332, ""2"": 0.8481510069380302, ""6"": 1.0479282687616687}"
Wall,fidelity_constrained_shuffled_geometry,11419,14029,3,pose_error,0.12652238721810016,0.09559746770947232,0.14573270344541134,3,2000,"{""1"": 0.09559746770947232, ""2"": 0.14573270344541134, ""6"": 0.13823699049941687}"
Wall,fidelity_constrained_shuffled_geometry,11419,14029,3,selected_is_null,0.0,0.0,0.0,3,2000,"{""1"": 0.0, ""2"": 0.0, ""6"": 0.0}"
Wall,fidelity_constrained_shuffled_geometry,11419,14029,6,normalized_regret,0.2360311665682601,0.054431081180569114,0.45069602375965845,3,2000,"{""1"": 0.054431081180569114, ""2"": 0.45069602375965845, ""6"": 0.20296639476455264}"
Wall,fidelity_constrained_shuffled_geometry,11419,14029,6,weighted_pairwise_accuracy,0.7447529209959107,0.5093582147818164,0.9218516238025142,3,2000,"{""1"": 0.9218516238025141, ""2"": 0.5093582147818164, ""6"": 0.8030489244034018}"
Wall,fidelity_constrained_shuffled_geometry,11419,14029,6,top1_correct,0.2916666666666667,0.0,0.625,3,2000,"{""1"": 0.625, ""2"": 0.0, ""6"": 0.25}"
Wall,fidelity_constrained_shuffled_geometry,11419,14029,6,normalized_margin_rmse,0.8172794054211172,0.5642198509358115,1.074589456273011,3,2000,"{""1"": 0.5642198509358115, ""2"": 1.074589456273011, ""6"": 0.8130289090545291}"
Wall,fidelity_constrained_shuffled_geometry,11419,14029,6,pose_error,0.21670970462787972,0.13880836208812375,0.27197923265673274,3,2000,"{""1"": 0.13880836208812375, ""2"": 0.27197923265673274, ""6"": 0.2393415191387827}"
Wall,fidelity_constrained_shuffled_geometry,11419,14029,6,selected_is_null,0.0,0.0,0.0,3,2000,"{""1"": 0.0, ""2"": 0.0, ""6"": 0.0}"
Wall,fidelity_constrained_shuffled_geometry,11419,14047,1,normalized_regret,0.18708917087663315,0.135391824327657,0.2488224807915557,3,2000,"{""1"": 0.135391824327657, ""2"": 0.24882248079155572, ""6"": 0.17705320751068676}"
Wall,fidelity_constrained_shuffled_geometry,11419,14047,1,weighted_pairwise_accuracy,0.8366189057866605,0.6806217712347911,0.9320206407047937,3,2000,"{""1"": 0.9320206407047937, ""2"": 0.6806217712347911, ""6"": 0.8972143054203968}"
Wall,fidelity_constrained_shuffled_geometry,11419,14047,1,top1_correct,0.125,0.0,0.25,3,2000,"{""1"": 0.125, ""2"": 0.0, ""6"": 0.25}"
Wall,fidelity_constrained_shuffled_geometry,11419,14047,1,normalized_margin_rmse,0.6421595175521136,0.4849110531116418,0.8290441924660331,3,2000,"{""1"": 0.48491105311164173, ""2"": 0.8290441924660331, ""6"": 0.6125233070786663}"
Wall,fidelity_constrained_shuffled_geometry,11419,14047,1,pose_error,0.10842971696682047,0.07942548931037519,0.13075242709450863,3,2000,"{""1"": 0.07942548931037519, ""2"": 0.13075242709450863, ""6"": 0.11511123449557761}"
Wall,fidelity_constrained_shuffled_geometry,11419,14047,1,selected_is_null,0.041666666666666664,0.0,0.125,3,2000,"{""1"": 0.0, ""2"": 0.125, ""6"": 0.0}"
Wall,fidelity_constrained_shuffled_geometry,11419,14047,3,normalized_regret,0.14551872208925157,0.08141340326153813,0.20156122322546058,3,2000,"{""1"": 0.08141340326153813, ""2"": 0.15358153978075603, ""6"": 0.20156122322546058}"
Wall,fidelity_constrained_shuffled_geometry,11419,14047,3,weighted_pairwise_accuracy,0.8767425190462168,0.8342019623816869,0.9405866982331105,3,2000,"{""1"": 0.9405866982331105, ""2"": 0.8342019623816868, ""6"": 0.8554388965238531}"
Wall,fidelity_constrained_shuffled_geometry,11419,14047,3,top1_correct,0.20833333333333334,0.0,0.375,3,2000,"{""1"": 0.25, ""2"": 0.375, ""6"": 0.0}"
Wall,fidelity_constrained_shuffled_geometry,11419,14047,3,normalized_margin_rmse,0.7341136923905377,0.6346828537090377,0.7925700161396357,3,2000,"{""1"": 0.6346828537090377, ""2"": 0.7750882073229399, ""6"": 0.7925700161396357}"
Wall,fidelity_constrained_shuffled_geometry,11419,14047,3,pose_error,0.11367670737805313,0.09443196756352175,0.13348792440755594,3,2000,"{""1"": 0.09443196756352176, ""2"": 0.13348792440755594, ""6"": 0.1131102301630817}"
Wall,fidelity_constrained_shuffled_geometry,11419,14047,3,selected_is_null,0.0,0.0,0.0,3,2000,"{""1"": 0.0, ""2"": 0.0, ""6"": 0.0}"
Wall,fidelity_constrained_shuffled_geometry,11419,14047,6,normalized_regret,0.24624631088947413,0.054431081180569114,0.4813414567233007,3,2000,"{""1"": 0.054431081180569114, ""2"": 0.48134145672330064, ""6"": 0.20296639476455264}"
Wall,fidelity_constrained_shuffled_geometry,11419,14047,6,weighted_pairwise_accuracy,0.746530619869285,0.4370399162667422,0.9582528086823651,3,2000,"{""1"": 0.9582528086823652, ""2"": 0.4370399162667422, ""6"": 0.8442991346587477}"
Wall,fidelity_constrained_shuffled_geometry,11419,14047,6,top1_correct,0.2916666666666667,0.0,0.625,3,2000,"{""1"": 0.625, ""2"": 0.0, ""6"": 0.25}"
Wall,fidelity_constrained_shuffled_geometry,11419,14047,6,normalized_margin_rmse,0.789114572960508,0.5191497346075921,1.0697696941523773,3,2000,"{""1"": 0.5191497346075921, ""2"": 1.0697696941523773, ""6"": 0.7784242901215546}"
Wall,fidelity_constrained_shuffled_geometry,11419,14047,6,pose_error,0.2133001944491201,0.14869085560301706,0.27206111879645345,3,2000,"{""1"": 0.14869085560301706, ""2"": 0.27206111879645345, ""6"": 0.21914860894788973}"
Wall,fidelity_constrained_shuffled_geometry,11419,14047,6,selected_is_null,0.0,0.0,0.0,3,2000,"{""1"": 0.0, ""2"": 0.0, ""6"": 0.0}"
Wall,fidelity_constrained_shuffled_geometry,11419,14065,1,normalized_regret,0.07103566151574307,0.04506607205904891,0.08751186401107809,3,2000,"{""1"": 0.0875118640110781, ""2"": 0.08052904847710221, ""6"": 0.04506607205904891}"
Wall,fidelity_constrained_shuffled_geometry,11419,14065,1,weighted_pairwise_accuracy,0.9017878208853675,0.843520680084889,0.938671331728802,3,2000,"{""1"": 0.9231714508424116, ""2"": 0.843520680084889, ""6"": 0.938671331728802}"
Wall,fidelity_constrained_shuffled_geometry,11419,14065,1,top1_correct,0.4166666666666667,0.375,0.5,3,2000,"{""1"": 0.375, ""2"": 0.375, ""6"": 0.5}"
Wall,fidelity_constrained_shuffled_geometry,11419,14065,1,normalized_margin_rmse,0.5540449277323165,0.490736066157425,0.6475302236972306,3,2000,"{""1"": 0.5238684933422939, ""2"": 0.6475302236972306, ""6"": 0.490736066157425}"
Wall,fidelity_constrained_shuffled_geometry,11419,14065,1,pose_error,0.10723309791892659,0.07689077749862805,0.15186035785490298,3,2000,"{""1"": 0.09294815840324872, ""2"": 0.15186035785490298, ""6"": 0.07689077749862805}"
Wall,fidelity_constrained_shuffled_geometry,11419,14065,1,selected_is_null,0.0,0.0,0.0,3,2000,"{""1"": 0.0, ""2"": 0.0, ""6"": 0.0}"
Wall,fidelity_constrained_shuffled_geometry,11419,14065,3,normalized_regret,0.14128809993541083,0.07800324296621405,0.2183235077964938,3,2000,"{""1"": 0.07800324296621405, ""2"": 0.12753754904352468, ""6"": 0.2183235077964938}"
Wall,fidelity_constrained_shuffled_geometry,11419,14065,3,weighted_pairwise_accuracy,0.8753348224050294,0.8418938231739505,0.9275523131374513,3,2000,"{""1"": 0.9275523131374513, ""2"": 0.8418938231739505, ""6"": 0.8565583309036864}"
Wall,fidelity_constrained_shuffled_geometry,11419,14065,3,top1_correct,0.20833333333333334,0.0,0.375,3,2000,"{""1"": 0.375, ""2"": 0.25, ""6"": 0.0}"
Wall,fidelity_constrained_shuffled_geometry,11419,14065,3,normalized_margin_rmse,0.7004569690055931,0.6258969791106141,0.8000511298756994,3,2000,"{""1"": 0.6258969791106141, ""2"": 0.6754227980304656, ""6"": 0.8000511298756994}"
Wall,fidelity_constrained_shuffled_geometry,11419,14065,3,pose_error,0.11208729230438479,0.10486303556722944,0.11999755520453143,3,2000,"{""1"": 0.10486303556722944, ""2"": 0.11999755520453143, ""6"": 0.11140128614139347}"
Wall,fidelity_constrained_shuffled_geometry,11419,14065,3,selected_is_null,0.0,0.0,0.0,3,2000,"{""1"": 0.0, ""2"": 0.0, ""6"": 0.0}"
Wall,fidelity_constrained_shuffled_geometry,11419,14065,6,normalized_regret,0.24845353028080885,0.040972287814671646,0.440828246371723,3,2000,"{""1"": 0.040972287814671646, ""2"": 0.440828246371723, ""6"": 0.2635600566560318}"
Wall,fidelity_constrained_shuffled_geometry,11419,14065,6,weighted_pairwise_accuracy,0.7896789337440486,0.6240622361406787,0.9617103049703749,3,2000,"{""1"": 0.9617103049703749, ""2"": 0.6240622361406787, ""6"": 0.7832642601210921}"
Wall,fidelity_constrained_shuffled_geometry,11419,14065,6,top1_correct,0.2916666666666667,0.0,0.625,3,2000,"{""1"": 0.625, ""2"": 0.0, ""6"": 0.25}"
Wall,fidelity_constrained_shuffled_geometry,11419,14065,6,normalized_margin_rmse,0.7770608271587536,0.5039581385760944,0.9700726596363033,3,2000,"{""1"": 0.5039581385760944, ""2"": 0.9700726596363033, ""6"": 0.857151683263863}"
Wall,fidelity_constrained_shuffled_geometry,11419,14065,6,pose_error,0.2110731529866433,0.145081983560336,0.251488090253898,3,2000,"{""1"": 0.145081983560336, ""2"": 0.251488090253898, ""6"": 0.23664938514569592}"
Wall,fidelity_constrained_shuffled_geometry,11419,14065,6,selected_is_null,0.0,0.0,0.0,3,2000,"{""1"": 0.0, ""2"": 0.0, ""6"": 0.0}"
Wall,fidelity_constrained_shuffled_geometry,11419,14083,1,normalized_regret,0.11840017306783668,0.07129866333269855,0.18879225354230714,3,2000,"{""1"": 0.09510960232850432, ""2"": 0.18879225354230716, ""6"": 0.07129866333269855}"
Wall,fidelity_constrained_shuffled_geometry,11419,14083,1,weighted_pairwise_accuracy,0.8775570572928574,0.8612119706250728,0.9002758437023192,3,2000,"{""1"": 0.8711833575511798, ""2"": 0.8612119706250728, ""6"": 0.9002758437023192}"
Wall,fidelity_constrained_shuffled_geometry,11419,14083,1,top1_correct,0.125,0.125,0.125,3,2000,"{""1"": 0.125, ""2"": 0.125, ""6"": 0.125}"
Wall,fidelity_constrained_shuffled_geometry,11419,14083,1,normalized_margin_rmse,0.7193937739638431,0.6539808984718799,0.7994009659192831,3,2000,"{""1"": 0.7994009659192831, ""2"": 0.6539808984718799, ""6"": 0.7047994575003667}"
Wall,fidelity_constrained_shuffled_geometry,11419,14083,1,pose_error,0.14351016363062075,0.12128859690281514,0.1824558131174324,3,2000,"{""1"": 0.12128859690281514, ""2"": 0.18245581311743236, ""6"": 0.12678608087161472}"
Wall,fidelity_constrained_shuffled_geometry,11419,14083,1,selected_is_null,0.0,0.0,0.0,3,2000,"{""1"": 0.0, ""2"": 0.0, ""6"": 0.0}"
Wall,fidelity_constrained_shuffled_geometry,11419,14083,3,normalized_regret,0.143846570028029,0.1014488189008224,0.1841020095396357,3,2000,"{""1"": 0.10144881890082239, ""2"": 0.1841020095396357, ""6"": 0.14598888164362894}"
Wall,fidelity_constrained_shuffled_geometry,11419,14083,3,weighted_pairwise_accuracy,0.8659768848480914,0.813710632913499,0.895969094562871,3,2000,"{""1"": 0.8882509270679044, ""2"": 0.813710632913499, ""6"": 0.895969094562871}"
Wall,fidelity_constrained_shuffled_geometry,11419,14083,3,top1_correct,0.16666666666666666,0.125,0.25,3,2000,"{""1"": 0.125, ""2"": 0.125, ""6"": 0.25}"
Wall,fidelity_constrained_shuffled_geometry,11419,14083,3,normalized_margin_rmse,0.7035369682371092,0.658704631772933,0.761917689229482,3,2000,"{""1"": 0.6899885837089124, ""2"": 0.761917689229482, ""6"": 0.658704631772933}"
Wall,fidelity_constrained_shuffled_geometry,11419,14083,3,pose_error,0.12876253168248933,0.12453350208804259,0.13637384681429074,3,2000,"{""1"": 0.12453350208804259, ""2"": 0.13637384681429074, ""6"": 0.12538024614513466}"
Wall,fidelity_constrained_shuffled_geometry,11419,14083,3,selected_is_null,0.0,0.0,0.0,3,2000,"{""1"": 0.0, ""2"": 0.0, ""6"": 0.0}"
Wall,fidelity_constrained_shuffled_geometry,11419,14083,6,normalized_regret,0.23593124398773258,0.05413131343898672,0.45069602375965845,3,2000,"{""1"": 0.05413131343898672, ""2"": 0.45069602375965845, ""6"": 0.20296639476455264}"
Wall,fidelity_constrained_shuffled_geometry,11419,14083,6,weighted_pairwise_accuracy,0.8113527466224401,0.6513750084416767,0.952408274301349,3,2000,"{""1"": 0.952408274301349, ""2"": 0.6513750084416767, ""6"": 0.8302749571242941}"
Wall,fidelity_constrained_shuffled_geometry,11419,14083,6,top1_correct,0.2916666666666667,0.0,0.625,3,2000,"{""1"": 0.625, ""2"": 0.0, ""6"": 0.25}"
Wall,fidelity_constrained_shuffled_geometry,11419,14083,6,normalized_margin_rmse,0.7721797245745375,0.5421686890269981,0.9726314892114291,3,2000,"{""1"": 0.5421686890269981, ""2"": 0.9726314892114292, ""6"": 0.8017389954851853}"
Wall,fidelity_constrained_shuffled_geometry,11419,14083,6,pose_error,0.21258908835323176,0.16457896454664198,0.24999044632711634,3,2000,"{""1"": 0.16457896454664198, ""2"": 0.24999044632711634, ""6"": 0.2231978541859369}"
Wall,fidelity_constrained_shuffled_geometry,11419,14083,6,selected_is_null,0.0,0.0,0.0,3,2000,"{""1"": 0.0, ""2"": 0.0, ""6"": 0.0}"
Wall,fidelity_constrained_shuffled_geometry,11437,14011,1,normalized_regret,0.06417088916052412,0.05072133680467075,0.07962048740379443,3,2000,"{""1"": 0.05072133680467075, ""2"": 0.07962048740379443, ""6"": 0.06217084327310719}"
Wall,fidelity_constrained_shuffled_geometry,11437,14011,1,weighted_pairwise_accuracy,0.8585047081089535,0.7531641880801926,0.9446104710846348,3,2000,"{""1"": 0.9446104710846348, ""2"": 0.7531641880801925, ""6"": 0.8777394651620332}"
Wall,fidelity_constrained_shuffled_geometry,11437,14011,1,top1_correct,0.3333333333333333,0.125,0.5,3,2000,"{""1"": 0.5, ""2"": 0.125, ""6"": 0.375}"
Wall,fidelity_constrained_shuffled_geometry,11437,14011,1,normalized_margin_rmse,0.6158775181127812,0.4254858083885405,0.812395528545958,3,2000,"{""1"": 0.42548580838854055, ""2"": 0.812395528545958, ""6"": 0.6097512174038451}"
Wall,fidelity_constrained_shuffled_geometry,11437,14011,1,pose_error,0.11691713194329834,0.06121522431858448,0.15145234103407523,3,2000,"{""1"": 0.06121522431858448, ""2"": 0.15145234103407523, ""6"": 0.1380838304772353}"
Wall,fidelity_constrained_shuffled_geometry,11437,14011,1,selected_is_null,0.0,0.0,0.0,3,2000,"{""1"": 0.0, ""2"": 0.0, ""6"": 0.0}"
Wall,fidelity_constrained_shuffled_geometry,11437,14011,3,normalized_regret,0.15431903387459947,0.10732794303406552,0.21557374669533394,3,2000,"{""1"": 0.10732794303406552, ""2"": 0.14005541189439893, ""6"": 0.21557374669533397}"
Wall,fidelity_constrained_shuffled_geometry,11437,14011,3,weighted_pairwise_accuracy,0.8816120069492083,0.847751771799277,0.9049387771111815,3,2000,"{""1"": 0.9049387771111814, ""2"": 0.847751771799277, ""6"": 0.8921454719371666}"
Wall,fidelity_constrained_shuffled_geometry,11437,14011,3,top1_correct,0.08333333333333333,0.0,0.125,3,2000,"{""1"": 0.125, ""2"": 0.125, ""6"": 0.0}"
Wall,fidelity_constrained_shuffled_geometry,11437,14011,3,normalized_margin_rmse,0.7071191942254419,0.6924793517462717,0.7239397181725636,3,2000,"{""1"": 0.6924793517462717, ""2"": 0.7239397181725636, ""6"": 0.7049385127574901}"
Wall,fidelity_constrained_shuffled_geometry,11437,14011,3,pose_error,0.12721209239885983,0.10292877654018447,0.1414900897170842,3,2000,"{""1"": 0.10292877654018448, ""2"": 0.1372174109393108, ""6"": 0.1414900897170842}"
Wall,fidelity_constrained_shuffled_geometry,11437,14011,3,selected_is_null,0.0,0.0,0.0,3,2000,"{""1"": 0.0, ""2"": 0.0, ""6"": 0.0}"
Wall,fidelity_constrained_shuffled_geometry,11437,14011,6,normalized_regret,0.23281301687445785,0.04249106563523817,0.4529815902235826,3,2000,"{""1"": 0.042491065635238176, ""2"": 0.45298159022358264, ""6"": 0.20296639476455264}"
Wall,fidelity_constrained_shuffled_geometry,11437,14011,6,weighted_pairwise_accuracy,0.7874472055090561,0.5860107117372383,0.9502958620577163,3,2000,"{""1"": 0.9502958620577163, ""2"": 0.5860107117372383, ""6"": 0.8260350427322135}"
Wall,fidelity_constrained_shuffled_geometry,11437,14011,6,top1_correct,0.3333333333333333,0.0,0.75,3,2000,"{""1"": 0.75, ""2"": 0.0, ""6"": 0.25}"
Wall,fidelity_constrained_shuffled_geometry,11437,14011,6,normalized_margin_rmse,0.7563604680141869,0.5170162846999882,1.0223373801975764,3,2000,"{""1"": 0.5170162846999882, ""2"": 1.0223373801975764, ""6"": 0.7297277391449961}"
Wall,fidelity_constrained_shuffled_geometry,11437,14011,6,pose_error,0.20076575871939725,0.13058810651007668,0.2596239141377198,3,2000,"{""1"": 0.13058810651007668, ""2"": 0.2596239141377198, ""6"": 0.21208525551039525}"
Wall,fidelity_constrained_shuffled_geometry,11437,14011,6,selected_is_null,0.0,0.0,0.0,3,2000,"{""1"": 0.0, ""2"": 0.0, ""6"": 0.0}"
Wall,fidelity_constrained_shuffled_geometry,11437,14029,1,normalized_regret,0.10283510701831056,0.05410196419264102,0.144853069735563,3,2000,"{""1"": 0.10955028712672764, ""2"": 0.144853069735563, ""6"": 0.05410196419264102}"
Wall,fidelity_constrained_shuffled_geometry,11437,14029,1,weighted_pairwise_accuracy,0.918312315796992,0.880677804636092,0.9536531366210784,3,2000,"{""1"": 0.9206060061338056, ""2"": 0.8806778046360921, ""6"": 0.9536531366210784}"
Wall,fidelity_constrained_shuffled_geometry,11437,14029,1,top1_correct,0.20833333333333334,0.125,0.25,3,2000,"{""1"": 0.25, ""2"": 0.125, ""6"": 0.25}"
Wall,fidelity_constrained_shuffled_geometry,11437,14029,1,normalized_margin_rmse,0.5480581578941844,0.5109045188923804,0.5892890750357804,3,2000,"{""1"": 0.5439808797543925, ""2"": 0.5892890750357804, ""6"": 0.5109045188923804}"
Wall,fidelity_constrained_shuffled_geometry,11437,14029,1,pose_error,0.0775165820478489,0.05557652390941459,0.11872350770888311,3,2000,"{""1"": 0.05557652390941459, ""2"": 0.1187235077088831, ""6"": 0.05824971452524903}"
Wall,fidelity_constrained_shuffled_geometry,11437,14029,1,selected_is_null,0.0,0.0,0.0,3,2000,"{""1"": 0.0, ""2"": 0.0, ""6"": 0.0}"
Wall,fidelity_constrained_shuffled_geometry,11437,14029,3,normalized_regret,0.1372647359380766,0.07017757269437025,0.20156122322546058,3,2000,"{""1"": 0.07017757269437025, ""2"": 0.14005541189439893, ""6"": 0.20156122322546058}"
Wall,fidelity_constrained_shuffled_geometry,11437,14029,3,weighted_pairwise_accuracy,0.7742048271529468,0.6861238200713671,0.8497702208453969,3,2000,"{""1"": 0.8497702208453968, ""2"": 0.7867204405420765, ""6"": 0.6861238200713671}"
Wall,fidelity_constrained_shuffled_geometry,11437,14029,3,top1_correct,0.125,0.0,0.25,3,2000,"{""1"": 0.25, ""2"": 0.125, ""6"": 0.0}"
Wall,fidelity_constrained_shuffled_geometry,11437,14029,3,normalized_margin_rmse,0.8750785842434853,0.7011317177219084,1.0528216960084036,3,2000,"{""1"": 0.7011317177219085, ""2"": 0.8712823390001434, ""6"": 1.0528216960084036}"
Wall,fidelity_constrained_shuffled_geometry,11437,14029,3,pose_error,0.1287340835018033,0.09691692303912619,0.15127814445817755,3,2000,"{""1"": 0.09691692303912619, ""2"": 0.15127814445817755, ""6"": 0.1380071830081062}"
Wall,fidelity_constrained_shuffled_geometry,11437,14029,3,selected_is_null,0.0,0.0,0.0,3,2000,"{""1"": 0.0, ""2"": 0.0, ""6"": 0.0}"
Wall,fidelity_constrained_shuffled_geometry,11437,14029,6,normalized_regret,0.23588832590736133,0.05179458697474656,0.4529039959827849,3,2000,"{""1"": 0.05179458697474656, ""2"": 0.4529039959827849, ""6"": 0.20296639476455264}"
Wall,fidelity_constrained_shuffled_geometry,11437,14029,6,weighted_pairwise_accuracy,0.7547021466823614,0.5122900235791079,0.9441728304471703,3,2000,"{""1"": 0.9441728304471703, ""2"": 0.5122900235791079, ""6"": 0.8076435860208055}"
Wall,fidelity_constrained_shuffled_geometry,11437,14029,6,top1_correct,0.3333333333333333,0.0,0.75,3,2000,"{""1"": 0.75, ""2"": 0.0, ""6"": 0.25}"
Wall,fidelity_constrained_shuffled_geometry,11437,14029,6,normalized_margin_rmse,0.8290387809193618,0.5648401893983179,1.0935990768901573,3,2000,"{""1"": 0.5648401893983179, ""2"": 1.0935990768901573, ""6"": 0.8286770764696103}"
Wall,fidelity_constrained_shuffled_geometry,11437,14029,6,pose_error,0.21852476963791145,0.13955304869594745,0.27684963308018895,3,2000,"{""1"": 0.13955304869594745, ""2"": 0.27684963308018895, ""6"": 0.239171627137598}"
Wall,fidelity_constrained_shuffled_geometry,11437,14029,6,selected_is_null,0.0,0.0,0.0,3,2000,"{""1"": 0.0, ""2"": 0.0, ""6"": 0.0}"
Wall,fidelity_constrained_shuffled_geometry,11437,14047,1,normalized_regret,0.18645788314502443,0.1334979238799367,0.2488225180444498,3,2000,"{""1"": 0.1334979238799367, ""2"": 0.24882251804444983, ""6"": 0.17705320751068676}"
Wall,fidelity_constrained_shuffled_geometry,11437,14047,1,weighted_pairwise_accuracy,0.8250770490537135,0.6611018386593563,0.929967721951512,3,2000,"{""1"": 0.929967721951512, ""2"": 0.6611018386593563, ""6"": 0.8841615865502721}"
Wall,fidelity_constrained_shuffled_geometry,11437,14047,1,top1_correct,0.125,0.0,0.25,3,2000,"{""1"": 0.125, ""2"": 0.0, ""6"": 0.25}"
Wall,fidelity_constrained_shuffled_geometry,11437,14047,1,normalized_margin_rmse,0.6516935887313579,0.4956284189299474,0.8510110990694822,3,2000,"{""1"": 0.49562841892994747, ""2"": 0.8510110990694822, ""6"": 0.6084412481946438}"
Wall,fidelity_constrained_shuffled_geometry,11437,14047,1,pose_error,0.1041592356692922,0.07706819350403266,0.12514072381560337,3,2000,"{""1"": 0.07706819350403266, ""2"": 0.12514072381560337, ""6"": 0.11026878968824055}"
Wall,fidelity_constrained_shuffled_geometry,11437,14047,1,selected_is_null,0.041666666666666664,0.0,0.125,3,2000,"{""1"": 0.0, ""2"": 0.125, ""6"": 0.0}"
Wall,fidelity_constrained_shuffled_geometry,11437,14047,3,normalized_regret,0.15415690201342738,0.10732794303406552,0.20156122322546058,3,2000,"{""1"": 0.10732794303406552, ""2"": 0.15358153978075603, ""6"": 0.20156122322546058}"
Wall,fidelity_constrained_shuffled_geometry,11437,14047,3,weighted_pairwise_accuracy,0.8699916376589018,0.8334489485337082,0.9239763403227013,3,2000,"{""1"": 0.9239763403227013, ""2"": 0.8334489485337082, ""6"": 0.8525496241202954}"
Wall,fidelity_constrained_shuffled_geometry,11437,14047,3,top1_correct,0.16666666666666666,0.0,0.375,3,2000,"{""1"": 0.125, ""2"": 0.375, ""6"": 0.0}"
Wall,fidelity_constrained_shuffled_geometry,11437,14047,3,normalized_margin_rmse,0.7551949041379594,0.6665827108974398,0.8275722273297301,3,2000,"{""1"": 0.6665827108974398, ""2"": 0.7714297741867081, ""6"": 0.8275722273297301}"
Wall,fidelity_constrained_shuffled_geometry,11437,14047,3,pose_error,0.11438527990296594,0.09556552013690611,0.12970974042713077,3,2000,"{""1"": 0.09556552013690611, ""2"": 0.12970974042713077, ""6"": 0.11788057914486097}"
Wall,fidelity_constrained_shuffled_geometry,11437,14047,3,selected_is_null,0.0,0.0,0.0,3,2000,"{""1"": 0.0, ""2"": 0.0, ""6"": 0.0}"
Wall,fidelity_constrained_shuffled_geometry,11437,14047,6,normalized_regret,0.2690183919566039,0.05179458697474656,0.4811209252645303,3,2000,"{""1"": 0.05179458697474656, ""2"": 0.4811209252645303, ""6"": 0.27413966363053466}"
Wall,fidelity_constrained_shuffled_geometry,11437,14047,6,weighted_pairwise_accuracy,0.7461708007984962,0.4428681353001265,0.9601525713618275,3,2000,"{""1"": 0.9601525713618275, ""2"": 0.4428681353001265, ""6"": 0.8354916957335347}"
Wall,fidelity_constrained_shuffled_geometry,11437,14047,6,top1_correct,0.3333333333333333,0.0,0.75,3,2000,"{""1"": 0.75, ""2"": 0.0, ""6"": 0.25}"
Wall,fidelity_constrained_shuffled_geometry,11437,14047,6,normalized_margin_rmse,0.7950606803976328,0.5206503537336357,1.0723088215302536,3,2000,"{""1"": 0.5206503537336357, ""2"": 1.0723088215302536, ""6"": 0.7922228659290089}"
Wall,fidelity_constrained_shuffled_geometry,11437,14047,6,pose_error,0.21484774528728146,0.1489460094818263,0.2721701575634019,3,2000,"{""1"": 0.1489460094818263, ""2"": 0.2721701575634019, ""6"": 0.22342706881661617}"
Wall,fidelity_constrained_shuffled_geometry,11437,14047,6,selected_is_null,0.0,0.0,0.0,3,2000,"{""1"": 0.0, ""2"": 0.0, ""6"": 0.0}"
Wall,fidelity_constrained_shuffled_geometry,11437,14065,1,normalized_regret,0.0636102254792415,0.049600623345723065,0.08052904847710221,3,2000,"{""1"": 0.049600623345723065, ""2"": 0.08052904847710221, ""6"": 0.06070100461489921}"
Wall,fidelity_constrained_shuffled_geometry,11437,14065,1,weighted_pairwise_accuracy,0.9038511867234876,0.8501538408643988,0.9314758688789772,3,2000,"{""1"": 0.9299238504270866, ""2"": 0.8501538408643989, ""6"": 0.9314758688789773}"
Wall,fidelity_constrained_shuffled_geometry,11437,14065,1,top1_correct,0.375,0.375,0.375,3,2000,"{""1"": 0.375, ""2"": 0.375, ""6"": 0.375}"
Wall,fidelity_constrained_shuffled_geometry,11437,14065,1,normalized_margin_rmse,0.5454592533742574,0.48591970323779515,0.6301722579751541,3,2000,"{""1"": 0.5202857989098228, ""2"": 0.6301722579751541, ""6"": 0.48591970323779515}"
Wall,fidelity_constrained_shuffled_geometry,11437,14065,1,pose_error,0.11169146813655033,0.07741213567448552,0.1617054403985526,3,2000,"{""1"": 0.09595682833661284, ""2"": 0.1617054403985526, ""6"": 0.07741213567448552}"
Wall,fidelity_constrained_shuffled_geometry,11437,14065,1,selected_is_null,0.0,0.0,0.0,3,2000,"{""1"": 0.0, ""2"": 0.0, ""6"": 0.0}"
Wall,fidelity_constrained_shuffled_geometry,11437,14065,3,normalized_regret,0.14090188864856582,0.07800324296621405,0.1842259623555802,3,2000,"{""1"": 0.07800324296621405, ""2"": 0.16047646062390325, ""6"": 0.1842259623555802}"
Wall,fidelity_constrained_shuffled_geometry,11437,14065,3,weighted_pairwise_accuracy,0.8835828627564896,0.8545761244115863,0.9330922451822445,3,2000,"{""1"": 0.9330922451822445, ""2"": 0.8545761244115863, ""6"": 0.8630802186756383}"
Wall,fidelity_constrained_shuffled_geometry,11437,14065,3,top1_correct,0.25,0.125,0.375,3,2000,"{""1"": 0.375, ""2"": 0.25, ""6"": 0.125}"
Wall,fidelity_constrained_shuffled_geometry,11437,14065,3,normalized_margin_rmse,0.6904749132312253,0.6103437282803579,0.7947127427064792,3,2000,"{""1"": 0.6103437282803579, ""2"": 0.6663682687068391, ""6"": 0.7947127427064792}"
Wall,fidelity_constrained_shuffled_geometry,11437,14065,3,pose_error,0.1130763713383837,0.1063372001972106,0.1222495435037926,3,2000,"{""1"": 0.1063372001972106, ""2"": 0.1222495435037926, ""6"": 0.11064237031414789}"
Wall,fidelity_constrained_shuffled_geometry,11437,14065,3,selected_is_null,0.041666666666666664,0.0,0.125,3,2000,"{""1"": 0.0, ""2"": 0.125, ""6"": 0.0}"
Wall,fidelity_constrained_shuffled_geometry,11437,14065,6,normalized_regret,0.234270342179033,0.040972287814671646,0.38769907509189266,3,2000,"{""1"": 0.040972287814671646, ""2"": 0.38769907509189266, ""6"": 0.27413966363053466}"
Wall,fidelity_constrained_shuffled_geometry,11437,14065,6,weighted_pairwise_accuracy,0.7988861907796982,0.6437086460534105,0.9680843161736611,3,2000,"{""1"": 0.9680843161736611, ""2"": 0.6437086460534105, ""6"": 0.784865610112023}"
Wall,fidelity_constrained_shuffled_geometry,11437,14065,6,top1_correct,0.3333333333333333,0.125,0.625,3,2000,"{""1"": 0.625, ""2"": 0.125, ""6"": 0.25}"
Wall,fidelity_constrained_shuffled_geometry,11437,14065,6,normalized_margin_rmse,0.7799958837354611,0.5115985790382225,0.9630031962258965,3,2000,"{""1"": 0.5115985790382225, ""2"": 0.9630031962258965, ""6"": 0.8653858759422642}"
Wall,fidelity_constrained_shuffled_geometry,11437,14065,6,pose_error,0.2125498020337279,0.1478722743474224,0.2504527211172645,3,2000,"{""1"": 0.1478722743474224, ""2"": 0.2504527211172645, ""6"": 0.2393244106364968}"
Wall,fidelity_constrained_shuffled_geometry,11437,14065,6,selected_is_null,0.0,0.0,0.0,3,2000,"{""1"": 0.0, ""2"": 0.0, ""6"": 0.0}"
Wall,fidelity_constrained_shuffled_geometry,11437,14083,1,normalized_regret,0.10537396473203807,0.07034885761920967,0.14689798509608262,3,2000,"{""1"": 0.0988750514808219, ""2"": 0.14689798509608262, ""6"": 0.07034885761920967}"
Wall,fidelity_constrained_shuffled_geometry,11437,14083,1,weighted_pairwise_accuracy,0.8789330186714296,0.8633610183819668,0.8988147742317242,3,2000,"{""1"": 0.8746232634005979, ""2"": 0.8633610183819667, ""6"": 0.8988147742317241}"
Wall,fidelity_constrained_shuffled_geometry,11437,14083,1,top1_correct,0.125,0.0,0.25,3,2000,"{""1"": 0.0, ""2"": 0.25, ""6"": 0.125}"
Wall,fidelity_constrained_shuffled_geometry,11437,14083,1,normalized_margin_rmse,0.7075325581559274,0.6453879773262424,0.7775790305464619,3,2000,"{""1"": 0.7775790305464618, ""2"": 0.6453879773262424, ""6"": 0.6996306665950783}"
Wall,fidelity_constrained_shuffled_geometry,11437,14083,1,pose_error,0.1491148713044532,0.12472815108681573,0.18918530905015918,3,2000,"{""1"": 0.12472815108681573, ""2"": 0.18918530905015918, ""6"": 0.1334311537763847}"
Wall,fidelity_constrained_shuffled_geometry,11437,14083,1,selected_is_null,0.0,0.0,0.0,3,2000,"{""1"": 0.0, ""2"": 0.0, ""6"": 0.0}"
Wall,fidelity_constrained_shuffled_geometry,11437,14083,3,normalized_regret,0.13984241635884778,0.09252492135491336,0.1841020095396357,3,2000,"{""1"": 0.09252492135491336, ""2"": 0.1841020095396357, ""6"": 0.14290031818199428}"
Wall,fidelity_constrained_shuffled_geometry,11437,14083,3,weighted_pairwise_accuracy,0.8683827822695352,0.8092720678529007,0.9009326895933677,3,2000,"{""1"": 0.894943589362337, ""2"": 0.8092720678529008, ""6"": 0.9009326895933676}"
Wall,fidelity_constrained_shuffled_geometry,11437,14083,3,top1_correct,0.16666666666666666,0.125,0.25,3,2000,"{""1"": 0.125, ""2"": 0.125, ""6"": 0.25}"
Wall,fidelity_constrained_shuffled_geometry,11437,14083,3,normalized_margin_rmse,0.7047077014175512,0.6551455130901818,0.7858956358532714,3,2000,"{""1"": 0.6730819553092008, ""2"": 0.7858956358532714, ""6"": 0.6551455130901818}"
Wall,fidelity_constrained_shuffled_geometry,11437,14083,3,pose_error,0.13152695345450668,0.12210162798870154,0.14184797099643165,3,2000,"{""1"": 0.12210162798870153, ""2"": 0.14184797099643165, ""6"": 0.13063126137838688}"
Wall,fidelity_constrained_shuffled_geometry,11437,14083,3,selected_is_null,0.0,0.0,0.0,3,2000,"{""1"": 0.0, ""2"": 0.0, ""6"": 0.0}"
Wall,fidelity_constrained_shuffled_geometry,11437,14083,6,normalized_regret,0.24377527504967667,0.042191297893655784,0.4861681324908215,3,2000,"{""1"": 0.042191297893655784, ""2"": 0.4861681324908215, ""6"": 0.20296639476455264}"
Wall,fidelity_constrained_shuffled_geometry,11437,14083,6,weighted_pairwise_accuracy,0.8034471724526773,0.62966452157626,0.9531371242663798,3,2000,"{""1"": 0.9531371242663798, ""2"": 0.62966452157626, ""6"": 0.8275398715153923}"
Wall,fidelity_constrained_shuffled_geometry,11437,14083,6,top1_correct,0.3333333333333333,0.0,0.75,3,2000,"{""1"": 0.75, ""2"": 0.0, ""6"": 0.25}"
Wall,fidelity_constrained_shuffled_geometry,11437,14083,6,normalized_margin_rmse,0.7822212985499056,0.5459968827254769,0.98604633725252,3,2000,"{""1"": 0.5459968827254769, ""2"": 0.98604633725252, ""6"": 0.8146206756717199}"
Wall,fidelity_constrained_shuffled_geometry,11437,14083,6,pose_error,0.2156131117196474,0.1639069953131656,0.2547682553803835,3,2000,"{""1"": 0.1639069953131656, ""2"": 0.2547682553803835, ""6"": 0.22816408446539307}"
Wall,fidelity_constrained_shuffled_geometry,11437,14083,6,selected_is_null,0.0,0.0,0.0,3,2000,"{""1"": 0.0, ""2"": 0.0, ""6"": 0.0}"
Wall,frozen,-1,14011,1,normalized_regret,0.0601485338387453,0.041245080862190725,0.08471881873260863,3,2000,"{""1"": 0.05448170192143653, ""2"": 0.041245080862190725, ""6"": 0.08471881873260863}"
Wall,frozen,-1,14011,1,weighted_pairwise_accuracy,0.8866681639434512,0.8654978380334786,0.9241869298325347,3,2000,"{""1"": 0.8703197239643403, ""2"": 0.9241869298325347, ""6"": 0.8654978380334786}"
Wall,frozen,-1,14011,1,top1_correct,0.375,0.25,0.5,3,2000,"{""1"": 0.375, ""2"": 0.5, ""6"": 0.25}"
Wall,frozen,-1,14011,1,normalized_margin_rmse,0.7745577435689186,0.6986493691893646,0.8231364847699751,3,2000,"{""1"": 0.801887376747416, ""2"": 0.6986493691893647, ""6"": 0.8231364847699751}"
Wall,frozen,-1,14011,1,pose_error,0.1326924551955258,0.08220656424918417,0.1974386397524941,3,2000,"{""1"": 0.08220656424918417, ""2"": 0.11843216158489916, ""6"": 0.1974386397524941}"
Wall,frozen,-1,14011,1,selected_is_null,0.0,0.0,0.0,3,2000,"{""1"": 0.0, ""2"": 0.0, ""6"": 0.0}"
Wall,frozen,-1,14011,3,normalized_regret,0.13940168362979352,0.07196341896289053,0.21458634075850133,3,2000,"{""1"": 0.07196341896289053, ""2"": 0.13165529116798863, ""6"": 0.21458634075850133}"
Wall,frozen,-1,14011,3,weighted_pairwise_accuracy,0.8840774773461805,0.871357596004685,0.8986663768045021,3,2000,"{""1"": 0.8986663768045021, ""2"": 0.8822084592293544, ""6"": 0.8713575960046851}"
Wall,frozen,-1,14011,3,top1_correct,0.125,0.0,0.25,3,2000,"{""1"": 0.25, ""2"": 0.125, ""6"": 0.0}"
Wall,frozen,-1,14011,3,normalized_margin_rmse,0.7356603137863825,0.714481807832572,0.7528445789764678,3,2000,"{""1"": 0.7396545545501076, ""2"": 0.7528445789764678, ""6"": 0.7144818078325719}"
Wall,frozen,-1,14011,3,pose_error,0.14052045043994738,0.12670005946627702,0.15757215802036018,3,2000,"{""1"": 0.12670005946627702, ""2"": 0.13728913383320493, ""6"": 0.15757215802036018}"
Wall,frozen,-1,14011,3,selected_is_null,0.0,0.0,0.0,3,2000,"{""1"": 0.0, ""2"": 0.0, ""6"": 0.0}"
Wall,frozen,-1,14011,6,normalized_regret,0.23160554543596487,0.02105722018053112,0.45069602375965845,3,2000,"{""1"": 0.02105722018053112, ""2"": 0.45069602375965845, ""6"": 0.22306339236770498}"
Wall,frozen,-1,14011,6,weighted_pairwise_accuracy,0.7874960297746189,0.6408251959689235,0.9414761280260285,3,2000,"{""1"": 0.9414761280260285, ""2"": 0.6408251959689235, ""6"": 0.7801867653289045}"
Wall,frozen,-1,14011,6,top1_correct,0.2916666666666667,0.0,0.625,3,2000,"{""1"": 0.625, ""2"": 0.0, ""6"": 0.25}"
Wall,frozen,-1,14011,6,normalized_margin_rmse,0.8047610946798333,0.537466336233086,1.0380418569342438,3,2000,"{""1"": 0.537466336233086, ""2"": 1.0380418569342438, ""6"": 0.8387750908721696}"
Wall,frozen,-1,14011,6,pose_error,0.2184244461720162,0.1498800383118346,0.2542294132359608,3,2000,"{""1"": 0.1498800383118346, ""2"": 0.2542294132359608, ""6"": 0.2511638869682532}"
Wall,frozen,-1,14011,6,selected_is_null,0.0,0.0,0.0,3,2000,"{""1"": 0.0, ""2"": 0.0, ""6"": 0.0}"
Wall,frozen,-1,14029,1,normalized_regret,0.14339735890391764,0.10799598374514831,0.206946297608028,3,2000,"{""1"": 0.1152497953585766, ""2"": 0.20694629760802802, ""6"": 0.10799598374514831}"
Wall,frozen,-1,14029,1,weighted_pairwise_accuracy,0.8829451743924959,0.8351395176683849,0.9246600279912599,3,2000,"{""1"": 0.8890359775178427, ""2"": 0.8351395176683849, ""6"": 0.92466002799126}"
Wall,frozen,-1,14029,1,top1_correct,0.125,0.0,0.25,3,2000,"{""1"": 0.25, ""2"": 0.0, ""6"": 0.125}"
Wall,frozen,-1,14029,1,normalized_margin_rmse,0.6389103703086909,0.5568598891415192,0.7504237609502624,3,2000,"{""1"": 0.6094474608342911, ""2"": 0.7504237609502624, ""6"": 0.5568598891415192}"
Wall,frozen,-1,14029,1,pose_error,0.12116994645662027,0.08800578497479461,0.15893259719520902,3,2000,"{""1"": 0.08800578497479461, ""2"": 0.15893259719520902, ""6"": 0.1165714571998572}"
Wall,frozen,-1,14029,1,selected_is_null,0.0,0.0,0.0,3,2000,"{""1"": 0.0, ""2"": 0.0, ""6"": 0.0}"
Wall,frozen,-1,14029,3,normalized_regret,0.16836160256035015,0.13324254042912292,0.20156122322546058,3,2000,"{""1"": 0.13324254042912292, ""2"": 0.17028104402646693, ""6"": 0.20156122322546058}"
Wall,frozen,-1,14029,3,weighted_pairwise_accuracy,0.7154395945980516,0.6685989622889364,0.7994093632628415,3,2000,"{""1"": 0.7994093632628416, ""2"": 0.6685989622889366, ""6"": 0.6783104582423769}"
Wall,frozen,-1,14029,3,top1_correct,0.08333333333333333,0.0,0.125,3,2000,"{""1"": 0.125, ""2"": 0.125, ""6"": 0.0}"
Wall,frozen,-1,14029,3,normalized_margin_rmse,0.9383082179181699,0.7542801585690194,1.108028630852364,3,2000,"{""1"": 0.7542801585690195, ""2"": 0.952615864333126, ""6"": 1.108028630852364}"
Wall,frozen,-1,14029,3,pose_error,0.13685898020236462,0.10326376706927128,0.15711266093462684,3,2000,"{""1"": 0.10326376706927129, ""2"": 0.15711266093462684, ""6"": 0.15020051260319567}"
Wall,frozen,-1,14029,3,selected_is_null,0.0,0.0,0.0,3,2000,"{""1"": 0.0, ""2"": 0.0, ""6"": 0.0}"
Wall,frozen,-1,14029,6,normalized_regret,0.2639962972601009,0.02105722018053112,0.4967920079692368,3,2000,"{""1"": 0.02105722018053112, ""2"": 0.49679200796923684, ""6"": 0.27413966363053466}"
Wall,frozen,-1,14029,6,weighted_pairwise_accuracy,0.7233914775986007,0.5052070019421104,0.9296964778014432,3,2000,"{""1"": 0.9296964778014432, ""2"": 0.5052070019421104, ""6"": 0.7352709530522483}"
Wall,frozen,-1,14029,6,top1_correct,0.2916666666666667,0.0,0.625,3,2000,"{""1"": 0.625, ""2"": 0.0, ""6"": 0.25}"
Wall,frozen,-1,14029,6,normalized_margin_rmse,0.8534895792572655,0.5980680912701992,1.079140289537901,3,2000,"{""1"": 0.5980680912701992, ""2"": 1.079140289537901, ""6"": 0.8832603569636965}"
Wall,frozen,-1,14029,6,pose_error,0.22538973178685398,0.15204668073237448,0.2761238466118956,3,2000,"{""1"": 0.15204668073237448, ""2"": 0.2761238466118956, ""6"": 0.2479986680162919}"
Wall,frozen,-1,14029,6,selected_is_null,0.0,0.0,0.0,3,2000,"{""1"": 0.0, ""2"": 0.0, ""6"": 0.0}"
Wall,frozen,-1,14047,1,normalized_regret,0.1910043692459186,0.15015539692181276,0.2550401754867879,3,2000,"{""1"": 0.16781753532915517, ""2"": 0.2550401754867879, ""6"": 0.15015539692181276}"
Wall,frozen,-1,14047,1,weighted_pairwise_accuracy,0.8156978535044819,0.7347375466442919,0.8726465507310074,3,2000,"{""1"": 0.8397094631381465, ""2"": 0.7347375466442918, ""6"": 0.8726465507310073}"
Wall,frozen,-1,14047,1,top1_correct,0.25,0.0,0.5,3,2000,"{""1"": 0.25, ""2"": 0.0, ""6"": 0.5}"
Wall,frozen,-1,14047,1,normalized_margin_rmse,0.7127665593977909,0.6091764101960693,0.8304454923646261,3,2000,"{""1"": 0.6986777756326772, ""2"": 0.8304454923646261, ""6"": 0.6091764101960693}"
Wall,frozen,-1,14047,1,pose_error,0.11831177529767001,0.07265304191141746,0.1761514469959314,3,2000,"{""1"": 0.07265304191141746, ""2"": 0.1761514469959314, ""6"": 0.1061308369856612}"
Wall,frozen,-1,14047,1,selected_is_null,0.08333333333333333,0.0,0.125,3,2000,"{""1"": 0.0, ""2"": 0.125, ""6"": 0.125}"
Wall,frozen,-1,14047,3,normalized_regret,0.16007896514769926,0.08663067354813792,0.2063454413728862,3,2000,"{""1"": 0.08663067354813792, ""2"": 0.1872607805220736, ""6"": 0.2063454413728862}"
Wall,frozen,-1,14047,3,weighted_pairwise_accuracy,0.8416449224971622,0.773254776440119,0.9181399252008203,3,2000,"{""1"": 0.9181399252008202, ""2"": 0.773254776440119, ""6"": 0.8335400658505472}"
Wall,frozen,-1,14047,3,top1_correct,0.08333333333333333,0.0,0.25,3,2000,"{""1"": 0.25, ""2"": 0.0, ""6"": 0.0}"
Wall,frozen,-1,14047,3,normalized_margin_rmse,0.7701511389885366,0.6265123622048929,0.8777154837435189,3,2000,"{""1"": 0.6265123622048929, ""2"": 0.8777154837435189, ""6"": 0.8062255710171978}"
Wall,frozen,-1,14047,3,pose_error,0.11761849813311577,0.0892288094554022,0.14730855640430682,3,2000,"{""1"": 0.0892288094554022, ""2"": 0.14730855640430682, ""6"": 0.1163181285396383}"
Wall,frozen,-1,14047,3,selected_is_null,0.0,0.0,0.0,3,2000,"{""1"": 0.0, ""2"": 0.0, ""6"": 0.0}"
Wall,frozen,-1,14047,6,normalized_regret,0.22834906998862373,0.02105722018053112,0.4529815902235826,3,2000,"{""1"": 0.02105722018053112, ""2"": 0.45298159022358264, ""6"": 0.2110083995617574}"
Wall,frozen,-1,14047,6,weighted_pairwise_accuracy,0.7100477927326195,0.3643525912526951,0.9652787426549736,3,2000,"{""1"": 0.9652787426549736, ""2"": 0.3643525912526951, ""6"": 0.8005120442901901}"
Wall,frozen,-1,14047,6,top1_correct,0.3333333333333333,0.0,0.625,3,2000,"{""1"": 0.625, ""2"": 0.0, ""6"": 0.375}"
Wall,frozen,-1,14047,6,normalized_margin_rmse,0.8027371716032178,0.5083589815560736,1.1067161258328424,3,2000,"{""1"": 0.5083589815560736, ""2"": 1.1067161258328424, ""6"": 0.793136407420737}"
Wall,frozen,-1,14047,6,pose_error,0.2184515763762435,0.1516146761493506,0.28096655104273993,3,2000,"{""1"": 0.1516146761493506, ""2"": 0.28096655104273993, ""6"": 0.22277350193663992}"
Wall,frozen,-1,14047,6,selected_is_null,0.0,0.0,0.0,3,2000,"{""1"": 0.0, ""2"": 0.0, ""6"": 0.0}"
Wall,frozen,-1,14065,1,normalized_regret,0.08881233688876644,0.05164020585516568,0.12178443758781203,3,2000,"{""1"": 0.09301236722332162, ""2"": 0.12178443758781202, ""6"": 0.05164020585516568}"
Wall,frozen,-1,14065,1,weighted_pairwise_accuracy,0.881665165331901,0.8445678527378814,0.9204732937183033,3,2000,"{""1"": 0.879954349539518, ""2"": 0.8445678527378815, ""6"": 0.9204732937183033}"
Wall,frozen,-1,14065,1,top1_correct,0.2916666666666667,0.25,0.375,3,2000,"{""1"": 0.375, ""2"": 0.25, ""6"": 0.25}"
Wall,frozen,-1,14065,1,normalized_margin_rmse,0.6260493119340246,0.5798291281649514,0.6728192354504441,3,2000,"{""1"": 0.6254995721866786, ""2"": 0.6728192354504441, ""6"": 0.5798291281649514}"
Wall,frozen,-1,14065,1,pose_error,0.11224413116596443,0.07422916482009038,0.1678631121816306,3,2000,"{""1"": 0.09464011649617231, ""2"": 0.16786311218163058, ""6"": 0.07422916482009038}"
Wall,frozen,-1,14065,1,selected_is_null,0.0,0.0,0.0,3,2000,"{""1"": 0.0, ""2"": 0.0, ""6"": 0.0}"
Wall,frozen,-1,14065,3,normalized_regret,0.15549217287587955,0.07800324296621405,0.20909520247404603,3,2000,"{""1"": 0.07800324296621405, ""2"": 0.17937807318737853, ""6"": 0.20909520247404603}"
Wall,frozen,-1,14065,3,weighted_pairwise_accuracy,0.8272291796754009,0.7742275333364864,0.9291714033499746,3,2000,"{""1"": 0.9291714033499747, ""2"": 0.7742275333364864, ""6"": 0.7782886023397415}"
Wall,frozen,-1,14065,3,top1_correct,0.25,0.0,0.375,3,2000,"{""1"": 0.375, ""2"": 0.375, ""6"": 0.0}"
Wall,frozen,-1,14065,3,normalized_margin_rmse,0.7852008350741829,0.6384721640078974,0.951654601118913,3,2000,"{""1"": 0.6384721640078974, ""2"": 0.7654757400957384, ""6"": 0.951654601118913}"
Wall,frozen,-1,14065,3,pose_error,0.13000988763881988,0.1116840038521804,0.14392079177015776,3,2000,"{""1"": 0.11168400385218039, ""2"": 0.14392079177015776, ""6"": 0.13442486729412145}"
Wall,frozen,-1,14065,3,selected_is_null,0.0,0.0,0.0,3,2000,"{""1"": 0.0, ""2"": 0.0, ""6"": 0.0}"
Wall,frozen,-1,14065,6,normalized_regret,0.23039754298700518,0.0145765097511535,0.46413233381665986,3,2000,"{""1"": 0.0145765097511535, ""2"": 0.46413233381665986, ""6"": 0.21248378539320215}"
Wall,frozen,-1,14065,6,weighted_pairwise_accuracy,0.7282243676291446,0.4534588167479508,0.9539164831150465,3,2000,"{""1"": 0.9539164831150464, ""2"": 0.45345881674795085, ""6"": 0.7772978030244366}"
Wall,frozen,-1,14065,6,top1_correct,0.3333333333333333,0.0,0.75,3,2000,"{""1"": 0.75, ""2"": 0.0, ""6"": 0.25}"
Wall,frozen,-1,14065,6,normalized_margin_rmse,0.7936483629357308,0.481541193902203,1.0287933112339396,3,2000,"{""1"": 0.481541193902203, ""2"": 1.0287933112339396, ""6"": 0.8706105836710497}"
Wall,frozen,-1,14065,6,pose_error,0.22569996393621816,0.1497678151374614,0.27194581323414135,3,2000,"{""1"": 0.1497678151374614, ""2"": 0.27194581323414135, ""6"": 0.25538626343705173}"
Wall,frozen,-1,14065,6,selected_is_null,0.041666666666666664,0.0,0.125,3,2000,"{""1"": 0.0, ""2"": 0.125, ""6"": 0.0}"
Wall,frozen,-1,14083,1,normalized_regret,0.1223977192378724,0.09469128945595663,0.15130068014695325,3,2000,"{""1"": 0.09469128945595663, ""2"": 0.15130068014695325, ""6"": 0.12120118811070735}"
Wall,frozen,-1,14083,1,weighted_pairwise_accuracy,0.8726789966507417,0.8468435706484682,0.8952519307647568,3,2000,"{""1"": 0.846843570648468, ""2"": 0.8759414885390002, ""6"": 0.8952519307647568}"
Wall,frozen,-1,14083,1,top1_correct,0.16666666666666666,0.125,0.25,3,2000,"{""1"": 0.125, ""2"": 0.125, ""6"": 0.25}"
Wall,frozen,-1,14083,1,normalized_margin_rmse,0.7335431346350422,0.6645840214785002,0.8556969079287553,3,2000,"{""1"": 0.8556969079287553, ""2"": 0.6803484744978711, ""6"": 0.6645840214785002}"
Wall,frozen,-1,14083,1,pose_error,0.1655930936403681,0.13900607314506086,0.19565888481723667,3,2000,"{""1"": 0.16211432295880668, ""2"": 0.19565888481723667, ""6"": 0.13900607314506086}"
Wall,frozen,-1,14083,1,selected_is_null,0.0,0.0,0.0,3,2000,"{""1"": 0.0, ""2"": 0.0, ""6"": 0.0}"
Wall,frozen,-1,14083,3,normalized_regret,0.21644539424711584,0.11051469012082298,0.3237516913701818,3,2000,"{""1"": 0.11051469012082296, ""2"": 0.3237516913701818, ""6"": 0.21506980125034286}"
Wall,frozen,-1,14083,3,weighted_pairwise_accuracy,0.8631487592584728,0.8194818370710316,0.8905035023617436,3,2000,"{""1"": 0.8794609383426433, ""2"": 0.8194818370710316, ""6"": 0.8905035023617436}"
Wall,frozen,-1,14083,3,top1_correct,0.0,0.0,0.0,3,2000,"{""1"": 0.0, ""2"": 0.0, ""6"": 0.0}"
Wall,frozen,-1,14083,3,normalized_margin_rmse,0.6875940017223984,0.6370706279294986,0.7413993986931057,3,2000,"{""1"": 0.6843119785445905, ""2"": 0.7413993986931057, ""6"": 0.6370706279294986}"
Wall,frozen,-1,14083,3,pose_error,0.1287218852284351,0.11712998418746394,0.1412898319146565,3,2000,"{""1"": 0.11712998418746393, ""2"": 0.1412898319146565, ""6"": 0.12774583958318497}"
Wall,frozen,-1,14083,3,selected_is_null,0.0,0.0,0.0,3,2000,"{""1"": 0.0, ""2"": 0.0, ""6"": 0.0}"
Wall,frozen,-1,14083,6,normalized_regret,0.22491198933186995,0.02105722018053112,0.5017886243133558,3,2000,"{""1"": 0.02105722018053112, ""2"": 0.5017886243133558, ""6"": 0.15189012350172296}"
Wall,frozen,-1,14083,6,weighted_pairwise_accuracy,0.7969801780542721,0.637040257226642,0.9436803243842441,3,2000,"{""1"": 0.9436803243842441, ""2"": 0.637040257226642, ""6"": 0.8102199525519301}"
Wall,frozen,-1,14083,6,top1_correct,0.2916666666666667,0.0,0.625,3,2000,"{""1"": 0.625, ""2"": 0.0, ""6"": 0.25}"
Wall,frozen,-1,14083,6,normalized_margin_rmse,0.7614234746659863,0.5055754659074914,1.0022663058550085,3,2000,"{""1"": 0.5055754659074914, ""2"": 1.0022663058550085, ""6"": 0.7764286522354586}"
Wall,frozen,-1,14083,6,pose_error,0.21099657798780905,0.1563774390896827,0.2560633822417142,3,2000,"{""1"": 0.1563774390896827, ""2"": 0.2560633822417142, ""6"": 0.2205489126320303}"
Wall,frozen,-1,14083,6,selected_is_null,0.0,0.0,0.0,3,2000,"{""1"": 0.0, ""2"": 0.0, ""6"": 0.0}"
