environment,model,state_id,task_id,variant,method,adaptation_seed,decoder_index,decoder_projection_seed,horizon,certificate_bound,normalized_gap,certificate_normalized_regret_q,conventional_normalized_regret,regret_bound_holds,top1_certified,top1_correct,selected_action,oracle_action
PushT,jepa_wm_pusht,8,1,frozen,frozen,-1,0,13501,1,3.152142664828539,0.01282478008355127,0.6955643107020344,0.6955643107020344,True,False,False,9,1
PushT,jepa_wm_pusht,8,1,frozen,frozen,-1,1,13519,1,1.694100120741069,0.01282478008355127,0.28610195971877866,0.28610195971877866,True,False,False,8,1
PushT,jepa_wm_pusht,8,1,frozen,frozen,-1,2,13537,1,5.533490265487722,0.01282478008355127,0.28610195971877866,0.28610195971877866,True,False,False,8,1
PushT,jepa_wm_pusht,8,1,frozen,frozen,-1,0,13501,3,2.96809241942351,0.008427652349288942,0.008427652349288942,0.008427652349288942,True,False,False,4,6
PushT,jepa_wm_pusht,8,1,frozen,frozen,-1,1,13519,3,2.5114075584858218,0.008427652349288942,0.0,0.0,True,False,True,6,6
PushT,jepa_wm_pusht,8,1,frozen,frozen,-1,2,13537,3,2.2690056102897667,0.008427652349288942,1.0,1.0,True,False,False,8,6
PushT,jepa_wm_pusht,8,1,frozen,frozen,-1,0,13501,6,1.7397579597534556,0.06182193572814055,1.0,1.0,True,False,False,3,1
PushT,jepa_wm_pusht,8,1,frozen,frozen,-1,1,13519,6,2.113948653980834,0.06182193572814055,1.0,1.0,True,False,False,3,1
PushT,jepa_wm_pusht,8,1,frozen,frozen,-1,2,13537,6,1.05267014927315,0.06182193572814055,0.32844684597278534,0.32844684597278534,True,False,False,5,1
PushT,jepa_wm_pusht,9,1,frozen,frozen,-1,0,13501,1,3.8992610529108704,0.36553473865706543,0.0,0.0,True,False,True,0,0
PushT,jepa_wm_pusht,9,1,frozen,frozen,-1,1,13519,1,4.588764433175748,0.36553473865706543,0.8274135674934155,0.8274135674934155,True,False,False,7,0
PushT,jepa_wm_pusht,9,1,frozen,frozen,-1,2,13537,1,4.180968226089322,0.36553473865706543,0.0,0.0,True,False,True,0,0
PushT,jepa_wm_pusht,9,1,frozen,frozen,-1,0,13501,3,1.1586652689465846,0.09345141081727452,0.2415867066316891,0.2415867066316891,True,False,False,5,2
PushT,jepa_wm_pusht,9,1,frozen,frozen,-1,1,13519,3,2.4908279382950878,0.09345141081727452,0.0,0.0,True,False,True,2,2
PushT,jepa_wm_pusht,9,1,frozen,frozen,-1,2,13537,3,1.7676053617299845,0.09345141081727452,0.7286493483691098,0.7286493483691098,True,False,False,7,2
PushT,jepa_wm_pusht,9,1,frozen,frozen,-1,0,13501,6,1.2809337951699502,0.0838834477847104,1.0,1.0,True,False,False,9,3
PushT,jepa_wm_pusht,9,1,frozen,frozen,-1,1,13519,6,1.815448790224421,0.0838834477847104,1.0,1.0,True,False,False,9,3
PushT,jepa_wm_pusht,9,1,frozen,frozen,-1,2,13537,6,1.2462145525177233,0.0838834477847104,0.27893426755596323,0.27893426755596323,True,False,False,5,3
PushT,jepa_wm_pusht,10,1,frozen,frozen,-1,0,13501,1,0.984560303291457,0.12049358852617963,0.0,0.0,True,False,True,1,1
PushT,jepa_wm_pusht,10,1,frozen,frozen,-1,1,13519,1,1.6000451419235775,0.12049358852617963,0.620166319521398,0.620166319521398,True,False,False,6,1
PushT,jepa_wm_pusht,10,1,frozen,frozen,-1,2,13537,1,0.9302794175409469,0.12049358852617963,0.12049358852617963,0.12049358852617963,True,False,False,4,1
PushT,jepa_wm_pusht,10,1,frozen,frozen,-1,0,13501,3,3.870781160387872,0.1030047197118212,0.0,0.0,True,False,True,6,6
PushT,jepa_wm_pusht,10,1,frozen,frozen,-1,1,13519,3,1.5503393128299972,0.1030047197118212,0.1030047197118212,0.1030047197118212,True,False,False,4,6
PushT,jepa_wm_pusht,10,1,frozen,frozen,-1,2,13537,3,1.8011490022858718,0.1030047197118212,0.1030047197118212,0.1030047197118212,True,False,False,4,6
PushT,jepa_wm_pusht,10,1,frozen,frozen,-1,0,13501,6,2.6326350448145406,0.2310393760683955,0.2310393760683955,0.2310393760683955,True,False,False,4,6
PushT,jepa_wm_pusht,10,1,frozen,frozen,-1,1,13519,6,2.1140392073148746,0.2310393760683955,0.2310393760683955,0.2310393760683955,True,False,False,4,6
PushT,jepa_wm_pusht,10,1,frozen,frozen,-1,2,13537,6,1.7327221621681448,0.2310393760683955,0.6789019354624969,0.6789019354624969,True,False,False,2,6
PushT,jepa_wm_pusht,11,1,frozen,frozen,-1,0,13501,1,5.567418359842707,0.41336878890994966,0.45140758138381915,0.45140758138381915,True,False,False,6,7
PushT,jepa_wm_pusht,11,1,frozen,frozen,-1,1,13519,1,2.700212695001455,0.41336878890994966,0.6306193291317473,0.6306193291317473,True,False,False,4,7
PushT,jepa_wm_pusht,11,1,frozen,frozen,-1,2,13537,1,3.224674658996634,0.41336878890994966,0.0,0.0,True,False,True,7,7
PushT,jepa_wm_pusht,11,1,frozen,frozen,-1,0,13501,3,0.7685703903879453,0.2748698300443903,0.2748698300443903,0.2748698300443903,True,False,False,8,6
PushT,jepa_wm_pusht,11,1,frozen,frozen,-1,1,13519,3,0.7371868637198692,0.2748698300443903,0.0,0.0,True,False,True,6,6
PushT,jepa_wm_pusht,11,1,frozen,frozen,-1,2,13537,3,0.9174401735895964,0.2748698300443903,0.0,0.0,True,False,True,6,6
PushT,jepa_wm_pusht,11,1,frozen,frozen,-1,0,13501,6,1.2690047552316068,0.2434864252420023,0.0,0.0,True,False,True,6,6
PushT,jepa_wm_pusht,11,1,frozen,frozen,-1,1,13519,6,1.4305637507359787,0.2434864252420023,0.0,0.0,True,False,True,6,6
PushT,jepa_wm_pusht,11,1,frozen,frozen,-1,2,13537,6,1.0024257091016402,0.2434864252420023,0.0,0.0,True,False,True,6,6
PushT,jepa_wm_pusht,12,1,frozen,frozen,-1,0,13501,1,1.1045570093999624,0.09450672487896075,0.30421178027634105,0.30421178027634105,True,False,False,1,6
PushT,jepa_wm_pusht,12,1,frozen,frozen,-1,1,13519,1,1.8068085634592106,0.09450672487896075,1.0,1.0,True,False,False,9,6
PushT,jepa_wm_pusht,12,1,frozen,frozen,-1,2,13537,1,3.167331841654594,0.09450672487896075,0.8864419510504964,0.8864419510504964,True,False,False,7,6
PushT,jepa_wm_pusht,12,1,frozen,frozen,-1,0,13501,3,1.265502029049311,0.05556742065693472,0.0,0.0,True,False,True,4,4
PushT,jepa_wm_pusht,12,1,frozen,frozen,-1,1,13519,3,1.2714017955387358,0.05556742065693472,0.0,0.0,True,False,True,4,4
PushT,jepa_wm_pusht,12,1,frozen,frozen,-1,2,13537,3,1.2715895723229,0.05556742065693472,0.0,0.0,True,False,True,4,4
PushT,jepa_wm_pusht,12,1,frozen,frozen,-1,0,13501,6,1.0193997032164437,0.01885074951463251,0.0,0.0,True,False,True,2,2
PushT,jepa_wm_pusht,12,1,frozen,frozen,-1,1,13519,6,0.8357062361627158,0.01885074951463251,0.01885074951463251,0.01885074951463251,True,False,False,4,2
PushT,jepa_wm_pusht,12,1,frozen,frozen,-1,2,13537,6,1.0970016595896628,0.01885074951463251,0.01885074951463251,0.01885074951463251,True,False,False,4,2
PushT,jepa_wm_pusht,13,1,frozen,frozen,-1,0,13501,1,1.5612995604160191,0.05717193711490079,0.7753823480956951,0.7753823480956951,True,False,False,7,6
PushT,jepa_wm_pusht,13,1,frozen,frozen,-1,1,13519,1,2.1276299904381424,0.05717193711490079,0.9488516591828323,0.9488516591828323,True,False,False,0,6
PushT,jepa_wm_pusht,13,1,frozen,frozen,-1,2,13537,1,3.5506624826971933,0.05717193711490079,1.0,1.0,True,False,False,9,6
PushT,jepa_wm_pusht,13,1,frozen,frozen,-1,0,13501,3,0.9543315316549813,0.0161718104917741,0.0161718104917741,0.0161718104917741,True,False,False,4,2
PushT,jepa_wm_pusht,13,1,frozen,frozen,-1,1,13519,3,1.0326232813205825,0.0161718104917741,0.0,0.0,True,False,True,2,2
PushT,jepa_wm_pusht,13,1,frozen,frozen,-1,2,13537,3,1.3162790042134687,0.0161718104917741,0.0,0.0,True,False,True,2,2
PushT,jepa_wm_pusht,13,1,frozen,frozen,-1,0,13501,6,1.020720967102346,0.05290481855690444,0.0,0.0,True,False,True,2,2
PushT,jepa_wm_pusht,13,1,frozen,frozen,-1,1,13519,6,0.8419817277434192,0.05290481855690444,0.0,0.0,True,False,True,2,2
PushT,jepa_wm_pusht,13,1,frozen,frozen,-1,2,13537,6,1.0546362118124906,0.05290481855690444,0.0,0.0,True,False,True,2,2
PushT,jepa_wm_pusht,14,1,frozen,frozen,-1,0,13501,1,23072.86474615347,inf,0.0,0.0,True,False,True,7,0
PushT,jepa_wm_pusht,14,1,frozen,frozen,-1,1,13519,1,28392.003189155963,inf,0.0,0.0,True,False,True,7,0
PushT,jepa_wm_pusht,14,1,frozen,frozen,-1,2,13537,1,51494.94446267724,inf,0.0,0.0,True,False,True,1,0
PushT,jepa_wm_pusht,14,1,frozen,frozen,-1,0,13501,3,1.2309471116360273,0.22439910568143512,0.22439910568143512,0.22439910568143512,True,False,False,5,2
PushT,jepa_wm_pusht,14,1,frozen,frozen,-1,1,13519,3,2.509665286348315,0.22439910568143512,0.0,0.0,True,False,True,2,2
PushT,jepa_wm_pusht,14,1,frozen,frozen,-1,2,13537,3,1.7145497665960205,0.22439910568143512,0.0,0.0,True,False,True,2,2
PushT,jepa_wm_pusht,14,1,frozen,frozen,-1,0,13501,6,0.8525971951891709,0.10985312473301036,0.0,0.0,True,False,True,2,2
PushT,jepa_wm_pusht,14,1,frozen,frozen,-1,1,13519,6,0.8977489265834,0.10985312473301036,0.0,0.0,True,False,True,2,2
PushT,jepa_wm_pusht,14,1,frozen,frozen,-1,2,13537,6,0.7538428078990022,0.10985312473301036,0.0,0.0,True,False,True,2,2
PushT,jepa_wm_pusht,15,1,frozen,frozen,-1,0,13501,1,77023.86824763351,inf,0.0,0.0,True,False,True,7,0
PushT,jepa_wm_pusht,15,1,frozen,frozen,-1,1,13519,1,32266.42443059165,inf,0.0,0.0,True,False,True,4,0
PushT,jepa_wm_pusht,15,1,frozen,frozen,-1,2,13537,1,38596.83156020542,inf,0.0,0.0,True,False,True,4,0
PushT,jepa_wm_pusht,15,1,frozen,frozen,-1,0,13501,3,2.1593027085389944,0.3147370809376674,0.0,0.0,True,False,True,2,2
PushT,jepa_wm_pusht,15,1,frozen,frozen,-1,1,13519,3,0.5132881595719964,0.3147370809376674,0.0,0.0,True,False,True,2,2
PushT,jepa_wm_pusht,15,1,frozen,frozen,-1,2,13537,3,0.6419779412268991,0.3147370809376674,0.0,0.0,True,False,True,2,2
PushT,jepa_wm_pusht,15,1,frozen,frozen,-1,0,13501,6,1.1890903456167619,0.04855924422800973,0.0,0.0,True,False,True,3,3
PushT,jepa_wm_pusht,15,1,frozen,frozen,-1,1,13519,6,0.5472087781553768,0.04855924422800973,0.0,0.0,True,False,True,3,3
PushT,jepa_wm_pusht,15,1,frozen,frozen,-1,2,13537,6,1.1772488376744836,0.04855924422800973,0.0,0.0,True,False,True,3,3
PushT,jepa_wm_pusht,16,2,frozen,frozen,-1,0,13501,1,0.6196417471827678,0.04667333317829818,0.07048233322040907,0.07048233322040907,True,False,False,1,4
PushT,jepa_wm_pusht,16,2,frozen,frozen,-1,1,13519,1,1.1308497348944528,0.04667333317829818,0.04667333317829818,0.04667333317829818,True,False,False,6,4
PushT,jepa_wm_pusht,16,2,frozen,frozen,-1,2,13537,1,1.1946350091413682,0.04667333317829818,0.04667333317829818,0.04667333317829818,True,False,False,6,4
PushT,jepa_wm_pusht,16,2,frozen,frozen,-1,0,13501,3,0.7392532237449715,0.32628899571658077,0.0,0.0,True,False,True,6,6
PushT,jepa_wm_pusht,16,2,frozen,frozen,-1,1,13519,3,1.2739266834854106,0.32628899571658077,0.0,0.0,True,False,True,6,6
PushT,jepa_wm_pusht,16,2,frozen,frozen,-1,2,13537,3,0.5567694462414202,0.32628899571658077,0.0,0.0,True,False,True,6,6
PushT,jepa_wm_pusht,16,2,frozen,frozen,-1,0,13501,6,1.0241621633687632,0.3019145847229555,0.0,0.0,True,False,True,6,6
PushT,jepa_wm_pusht,16,2,frozen,frozen,-1,1,13519,6,1.1136792292640048,0.3019145847229555,0.7080360849048052,0.7080360849048052,True,False,False,2,6
PushT,jepa_wm_pusht,16,2,frozen,frozen,-1,2,13537,6,0.9058817144595909,0.3019145847229555,0.0,0.0,True,False,True,6,6
PushT,jepa_wm_pusht,17,2,frozen,frozen,-1,0,13501,1,44436.814727177465,inf,0.0,0.0,True,False,True,6,0
PushT,jepa_wm_pusht,17,2,frozen,frozen,-1,1,13519,1,55048.62005872147,inf,0.0,0.0,True,False,True,6,0
PushT,jepa_wm_pusht,17,2,frozen,frozen,-1,2,13537,1,61515.78942489055,inf,0.0,0.0,True,False,True,8,0
PushT,jepa_wm_pusht,17,2,frozen,frozen,-1,0,13501,3,1.2752375010984769,0.14967206398860944,0.14967206398860944,0.14967206398860944,True,False,False,5,2
PushT,jepa_wm_pusht,17,2,frozen,frozen,-1,1,13519,3,1.6528822680465356,0.14967206398860944,0.0,0.0,True,False,True,2,2
PushT,jepa_wm_pusht,17,2,frozen,frozen,-1,2,13537,3,1.462779447884756,0.14967206398860944,0.6032872167889128,0.6032872167889128,True,False,False,0,2
PushT,jepa_wm_pusht,17,2,frozen,frozen,-1,0,13501,6,0.79184630822868,0.27989109651126526,0.0,0.0,True,False,True,3,3
PushT,jepa_wm_pusht,17,2,frozen,frozen,-1,1,13519,6,1.1528201937085556,0.27989109651126526,0.0,0.0,True,False,True,3,3
PushT,jepa_wm_pusht,17,2,frozen,frozen,-1,2,13537,6,1.0885737976486096,0.27989109651126526,0.0,0.0,True,False,True,3,3
PushT,jepa_wm_pusht,18,2,frozen,frozen,-1,0,13501,1,26544.176663132024,inf,0.0,0.0,True,False,True,6,0
PushT,jepa_wm_pusht,18,2,frozen,frozen,-1,1,13519,1,26584.54965121368,inf,0.0,0.0,True,False,True,8,0
PushT,jepa_wm_pusht,18,2,frozen,frozen,-1,2,13537,1,85402.80834424162,inf,0.0,0.0,True,False,True,9,0
PushT,jepa_wm_pusht,18,2,frozen,frozen,-1,0,13501,3,1.7151658946846888,0.27850140655302486,0.44201480759003287,0.44201480759003287,True,False,False,5,2
PushT,jepa_wm_pusht,18,2,frozen,frozen,-1,1,13519,3,2.4205653492880193,0.27850140655302486,1.0,1.0,True,False,False,7,2
PushT,jepa_wm_pusht,18,2,frozen,frozen,-1,2,13537,3,2.445116423407444,0.27850140655302486,0.44201480759003287,0.44201480759003287,True,False,False,5,2
PushT,jepa_wm_pusht,18,2,frozen,frozen,-1,0,13501,6,1.129126842606805,0.045141008814957334,0.0,0.0,True,False,True,2,2
PushT,jepa_wm_pusht,18,2,frozen,frozen,-1,1,13519,6,1.4945922864803576,0.045141008814957334,1.0,1.0,True,False,False,7,2
PushT,jepa_wm_pusht,18,2,frozen,frozen,-1,2,13537,6,1.1935378051054282,0.045141008814957334,0.36289437302384253,0.36289437302384253,True,False,False,5,2
PushT,jepa_wm_pusht,19,2,frozen,frozen,-1,0,13501,1,5.705285867838986,0.30581859652833554,0.30581859652833554,0.30581859652833554,True,False,False,9,7
PushT,jepa_wm_pusht,19,2,frozen,frozen,-1,1,13519,1,4.27525644129307,0.30581859652833554,0.7032907354635126,0.7032907354635126,True,False,False,5,7
PushT,jepa_wm_pusht,19,2,frozen,frozen,-1,2,13537,1,4.992222260599527,0.30581859652833554,0.30581859652833554,0.30581859652833554,True,False,False,9,7
PushT,jepa_wm_pusht,19,2,frozen,frozen,-1,0,13501,3,2.371963071480382,0.08549327156519568,0.0,0.0,True,False,True,7,7
PushT,jepa_wm_pusht,19,2,frozen,frozen,-1,1,13519,3,1.097917706516176,0.08549327156519568,0.0,0.0,True,False,True,7,7
PushT,jepa_wm_pusht,19,2,frozen,frozen,-1,2,13537,3,2.1413604143461415,0.08549327156519568,0.840133628508192,0.840133628508192,True,False,False,9,7
PushT,jepa_wm_pusht,19,2,frozen,frozen,-1,0,13501,6,2.4797465987740477,0.05206520357815755,0.0,0.0,True,False,True,5,5
PushT,jepa_wm_pusht,19,2,frozen,frozen,-1,1,13519,6,2.1916880429815695,0.05206520357815755,0.0,0.0,True,False,True,5,5
PushT,jepa_wm_pusht,19,2,frozen,frozen,-1,2,13537,6,2.2201208188067985,0.05206520357815755,0.05206520357815755,0.05206520357815755,True,False,False,7,5
PushT,jepa_wm_pusht,20,2,frozen,frozen,-1,0,13501,1,1.6221361308605693,0.071849549171498,0.071849549171498,0.071849549171498,True,False,False,6,8
PushT,jepa_wm_pusht,20,2,frozen,frozen,-1,1,13519,1,1.742295977636115,0.071849549171498,0.7957935685153475,0.7957935685153475,True,False,False,5,8
PushT,jepa_wm_pusht,20,2,frozen,frozen,-1,2,13537,1,2.4481166849061524,0.071849549171498,0.0,0.0,True,False,True,8,8
PushT,jepa_wm_pusht,20,2,frozen,frozen,-1,0,13501,3,1.219156536145975,0.06837919317243876,0.4266659652735245,0.4266659652735245,True,False,False,4,8
PushT,jepa_wm_pusht,20,2,frozen,frozen,-1,1,13519,3,2.2153663907381316,0.06837919317243876,0.9103992805710343,0.9103992805710343,True,False,False,5,8
PushT,jepa_wm_pusht,20,2,frozen,frozen,-1,2,13537,3,1.5918855161919334,0.06837919317243876,0.4266659652735245,0.4266659652735245,True,False,False,4,8
PushT,jepa_wm_pusht,20,2,frozen,frozen,-1,0,13501,6,1.6202358592496635,0.056057307459408214,0.4219198098666871,0.4219198098666871,True,False,False,2,8
PushT,jepa_wm_pusht,20,2,frozen,frozen,-1,1,13519,6,2.10564068006567,0.056057307459408214,1.0,1.0,True,False,False,3,8
PushT,jepa_wm_pusht,20,2,frozen,frozen,-1,2,13537,6,1.7478812142739502,0.056057307459408214,1.0,1.0,True,False,False,3,8
PushT,jepa_wm_pusht,21,2,frozen,frozen,-1,0,13501,1,58335.265269711024,inf,0.0,0.0,True,False,True,9,0
PushT,jepa_wm_pusht,21,2,frozen,frozen,-1,1,13519,1,42286.934039999556,inf,0.0,0.0,True,False,True,4,0
PushT,jepa_wm_pusht,21,2,frozen,frozen,-1,2,13537,1,58418.3499975442,inf,0.0,0.0,True,False,True,0,0
PushT,jepa_wm_pusht,21,2,frozen,frozen,-1,0,13501,3,2.378386799368698,0.10022651401688715,0.7585503102919223,0.7585503102919223,True,False,False,4,2
PushT,jepa_wm_pusht,21,2,frozen,frozen,-1,1,13519,3,3.8052356477548233,0.10022651401688715,0.45436799300297653,0.45436799300297653,True,False,False,1,2
PushT,jepa_wm_pusht,21,2,frozen,frozen,-1,2,13537,3,3.9581003161125237,0.10022651401688715,0.6588348079990693,0.6588348079990693,True,False,False,8,2
PushT,jepa_wm_pusht,21,2,frozen,frozen,-1,0,13501,6,0.7120258528108069,0.32957479347041385,0.0,0.0,True,False,True,3,3
PushT,jepa_wm_pusht,21,2,frozen,frozen,-1,1,13519,6,0.7654388198432923,0.32957479347041385,0.0,0.0,True,False,True,3,3
PushT,jepa_wm_pusht,21,2,frozen,frozen,-1,2,13537,6,1.0787826226516695,0.32957479347041385,0.0,0.0,True,False,True,3,3
PushT,jepa_wm_pusht,22,2,frozen,frozen,-1,0,13501,1,61.479871628011715,1.0,1.0,1.0,True,False,False,0,6
PushT,jepa_wm_pusht,22,2,frozen,frozen,-1,1,13519,1,81.6845062701969,1.0,1.0,1.0,True,False,False,4,6
PushT,jepa_wm_pusht,22,2,frozen,frozen,-1,2,13537,1,83.46756683136334,1.0,1.0,1.0,True,False,False,8,6
PushT,jepa_wm_pusht,22,2,frozen,frozen,-1,0,13501,3,0.9861151954244202,0.1402584854949118,0.0,0.0,True,False,True,4,4
PushT,jepa_wm_pusht,22,2,frozen,frozen,-1,1,13519,3,1.066454563423363,0.1402584854949118,0.1402584854949118,0.1402584854949118,True,False,False,2,4
PushT,jepa_wm_pusht,22,2,frozen,frozen,-1,2,13537,3,2.095298546750845,0.1402584854949118,0.1402584854949118,0.1402584854949118,True,False,False,2,4
PushT,jepa_wm_pusht,22,2,frozen,frozen,-1,0,13501,6,0.8275863103353855,0.16420548128968346,0.0,0.0,True,False,True,4,4
PushT,jepa_wm_pusht,22,2,frozen,frozen,-1,1,13519,6,1.831222160006242,0.16420548128968346,0.0,0.0,True,False,True,4,4
PushT,jepa_wm_pusht,22,2,frozen,frozen,-1,2,13537,6,0.6724558342494427,0.16420548128968346,0.0,0.0,True,False,True,4,4
PushT,jepa_wm_pusht,23,2,frozen,frozen,-1,0,13501,1,1.922437593976827,0.020457435985849055,0.8184373479905506,0.8184373479905506,True,False,False,6,9
PushT,jepa_wm_pusht,23,2,frozen,frozen,-1,1,13519,1,1.8816409422603213,0.020457435985849055,0.8184373479905506,0.8184373479905506,True,False,False,6,9
PushT,jepa_wm_pusht,23,2,frozen,frozen,-1,2,13537,1,2.0387371838281267,0.020457435985849055,0.5842417127270264,0.5842417127270264,True,False,False,4,9
PushT,jepa_wm_pusht,23,2,frozen,frozen,-1,0,13501,3,1.4028865205456371,0.00801155301203528,0.10029137060733691,0.10029137060733691,True,False,False,2,9
PushT,jepa_wm_pusht,23,2,frozen,frozen,-1,1,13519,3,0.754019922752642,0.00801155301203528,0.13340500380456333,0.13340500380456333,True,False,False,1,9
PushT,jepa_wm_pusht,23,2,frozen,frozen,-1,2,13537,3,1.557282311530272,0.00801155301203528,0.24599877825290165,0.24599877825290165,True,False,False,4,9
PushT,jepa_wm_pusht,23,2,frozen,frozen,-1,0,13501,6,1.3271418285752867,0.005423206725342201,0.00624987304378611,0.00624987304378611,True,False,False,3,9
PushT,jepa_wm_pusht,23,2,frozen,frozen,-1,1,13519,6,1.2395216875694433,0.005423206725342201,0.10275826883957667,0.10275826883957667,True,False,False,4,9
PushT,jepa_wm_pusht,23,2,frozen,frozen,-1,2,13537,6,1.4104105400350222,0.005423206725342201,0.10275826883957667,0.10275826883957667,True,False,False,4,9
PushT,jepa_wm_pusht,48,6,frozen,frozen,-1,0,13501,1,3.445139144172333,0.010481511777836317,1.0,1.0,True,False,False,8,9
PushT,jepa_wm_pusht,48,6,frozen,frozen,-1,1,13519,1,3.782639642929537,0.010481511777836317,0.10419362947361568,0.10419362947361568,True,False,False,5,9
PushT,jepa_wm_pusht,48,6,frozen,frozen,-1,2,13537,1,2.363761410422394,0.010481511777836317,0.09012243500443963,0.09012243500443963,True,False,False,0,9
PushT,jepa_wm_pusht,48,6,frozen,frozen,-1,0,13501,3,1.1480812142844552,0.03292797551033872,0.03292797551033872,0.03292797551033872,True,False,False,7,5
PushT,jepa_wm_pusht,48,6,frozen,frozen,-1,1,13519,3,0.4976304977347826,0.03292797551033872,0.03292797551033872,0.03292797551033872,True,False,False,7,5
PushT,jepa_wm_pusht,48,6,frozen,frozen,-1,2,13537,3,0.9395511002874504,0.03292797551033872,0.0,0.0,True,False,True,5,5
PushT,jepa_wm_pusht,48,6,frozen,frozen,-1,0,13501,6,0.6122013297079809,0.0189945493625357,0.0,0.0,True,False,True,5,5
PushT,jepa_wm_pusht,48,6,frozen,frozen,-1,1,13519,6,1.2029155388159773,0.0189945493625357,0.39936556443856897,0.39936556443856897,True,False,False,9,5
PushT,jepa_wm_pusht,48,6,frozen,frozen,-1,2,13537,6,1.1842956992451992,0.0189945493625357,0.0,0.0,True,False,True,5,5
PushT,jepa_wm_pusht,49,6,frozen,frozen,-1,0,13501,1,1.9567121821109672,0.021846463468537518,0.3961841050703398,0.3961841050703398,True,False,False,9,5
PushT,jepa_wm_pusht,49,6,frozen,frozen,-1,1,13519,1,1.3477282372550548,0.021846463468537518,0.19612234939085493,0.19612234939085493,True,False,False,1,5
PushT,jepa_wm_pusht,49,6,frozen,frozen,-1,2,13537,1,2.502470954009865,0.021846463468537518,0.3961841050703398,0.3961841050703398,True,False,False,9,5
PushT,jepa_wm_pusht,49,6,frozen,frozen,-1,0,13501,3,0.5352644567725692,0.045795884377635314,0.0,0.0,True,False,True,5,5
PushT,jepa_wm_pusht,49,6,frozen,frozen,-1,1,13519,3,0.37706663748271046,0.045795884377635314,0.0,0.0,True,False,True,5,5
PushT,jepa_wm_pusht,49,6,frozen,frozen,-1,2,13537,3,0.8860404529962662,0.045795884377635314,0.0,0.0,True,False,True,5,5
PushT,jepa_wm_pusht,49,6,frozen,frozen,-1,0,13501,6,0.5095040151446262,0.016722331142878723,0.0,0.0,True,False,True,5,5
PushT,jepa_wm_pusht,49,6,frozen,frozen,-1,1,13519,6,0.8883952026644052,0.016722331142878723,0.11307668388713481,0.11307668388713481,True,False,False,7,5
PushT,jepa_wm_pusht,49,6,frozen,frozen,-1,2,13537,6,0.4566357881940775,0.016722331142878723,0.0,0.0,True,False,True,5,5
PushT,jepa_wm_pusht,50,6,frozen,frozen,-1,0,13501,1,3.359471943769009,0.026574968337305327,0.6799325238708473,0.6799325238708473,True,False,False,8,1
PushT,jepa_wm_pusht,50,6,frozen,frozen,-1,1,13519,1,2.5550395583770653,0.026574968337305327,1.0,1.0,True,False,False,0,1
PushT,jepa_wm_pusht,50,6,frozen,frozen,-1,2,13537,1,2.4023559768476566,0.026574968337305327,0.932744916162424,0.932744916162424,True,False,False,9,1
PushT,jepa_wm_pusht,50,6,frozen,frozen,-1,0,13501,3,1.1152733300311646,0.12856031447576668,0.0,0.0,True,False,True,2,2
PushT,jepa_wm_pusht,50,6,frozen,frozen,-1,1,13519,3,1.8868845145223263,0.12856031447576668,1.0,1.0,True,False,False,0,2
PushT,jepa_wm_pusht,50,6,frozen,frozen,-1,2,13537,3,1.0478013808358473,0.12856031447576668,0.0,0.0,True,False,True,2,2
PushT,jepa_wm_pusht,50,6,frozen,frozen,-1,0,13501,6,0.868157965791107,0.022119626255265364,0.11176022326401269,0.11176022326401269,True,False,False,4,2
PushT,jepa_wm_pusht,50,6,frozen,frozen,-1,1,13519,6,2.643734417113154,0.022119626255265364,0.8906714811949892,0.8906714811949892,True,False,False,0,2
PushT,jepa_wm_pusht,50,6,frozen,frozen,-1,2,13537,6,1.4800872162981824,0.022119626255265364,0.11176022326401269,0.11176022326401269,True,False,False,4,2
PushT,jepa_wm_pusht,51,6,frozen,frozen,-1,0,13501,1,0.9793921590711834,0.15725227350300996,0.3905729249325504,0.3905729249325504,True,False,False,5,9
PushT,jepa_wm_pusht,51,6,frozen,frozen,-1,1,13519,1,2.1806250354162993,0.15725227350300996,0.6974113697977925,0.6974113697977925,True,False,False,1,9
PushT,jepa_wm_pusht,51,6,frozen,frozen,-1,2,13537,1,0.9941620450811353,0.15725227350300996,0.3905729249325504,0.3905729249325504,True,False,False,5,9
PushT,jepa_wm_pusht,51,6,frozen,frozen,-1,0,13501,3,0.5832157935855045,0.3533778267573249,0.0,0.0,True,False,True,9,9
PushT,jepa_wm_pusht,51,6,frozen,frozen,-1,1,13519,3,0.8124900771665657,0.3533778267573249,0.0,0.0,True,False,True,9,9
PushT,jepa_wm_pusht,51,6,frozen,frozen,-1,2,13537,3,0.8181851834764262,0.3533778267573249,0.3533778267573249,0.3533778267573249,True,False,False,7,9
PushT,jepa_wm_pusht,51,6,frozen,frozen,-1,0,13501,6,0.9908587527763575,0.7256929271533445,0.842907939437964,0.842907939437964,True,False,False,4,9
PushT,jepa_wm_pusht,51,6,frozen,frozen,-1,1,13519,6,1.1421418436821187,0.7256929271533445,0.842907939437964,0.842907939437964,True,False,False,4,9
PushT,jepa_wm_pusht,51,6,frozen,frozen,-1,2,13537,6,0.9197605458608734,0.7256929271533445,0.0,0.0,True,False,True,9,9
PushT,jepa_wm_pusht,52,6,frozen,frozen,-1,0,13501,1,101.76675612876721,1.0,0.0,0.0,True,False,True,8,0
PushT,jepa_wm_pusht,52,6,frozen,frozen,-1,1,13519,1,132.93845716754117,1.0,0.0,0.0,True,False,True,0,0
PushT,jepa_wm_pusht,52,6,frozen,frozen,-1,2,13537,1,175.14251620736152,1.0,0.0,0.0,True,False,True,8,0
PushT,jepa_wm_pusht,52,6,frozen,frozen,-1,0,13501,3,1.666313504478098,0.13522847553569003,0.13522847553569003,0.13522847553569003,True,False,False,1,2
PushT,jepa_wm_pusht,52,6,frozen,frozen,-1,1,13519,3,2.204808554342367,0.13522847553569003,0.16532943752242021,0.16532943752242021,True,False,False,5,2
PushT,jepa_wm_pusht,52,6,frozen,frozen,-1,2,13537,3,1.520285680781506,0.13522847553569003,0.0,0.0,True,False,True,2,2
PushT,jepa_wm_pusht,52,6,frozen,frozen,-1,0,13501,6,0.6410683254115218,0.16598777328898245,0.16598777328898245,0.16598777328898245,True,False,False,2,3
PushT,jepa_wm_pusht,52,6,frozen,frozen,-1,1,13519,6,1.3383316255021602,0.16598777328898245,0.3314643156026602,0.3314643156026602,True,False,False,5,3
PushT,jepa_wm_pusht,52,6,frozen,frozen,-1,2,13537,6,0.8821960151845899,0.16598777328898245,0.0,0.0,True,False,True,3,3
PushT,jepa_wm_pusht,53,6,frozen,frozen,-1,0,13501,1,0.6821792915044722,0.014162641733778705,0.22071215478288175,0.22071215478288175,True,False,False,1,9
PushT,jepa_wm_pusht,53,6,frozen,frozen,-1,1,13519,1,1.4252466061907196,0.014162641733778705,0.056336870443013255,0.056336870443013255,True,False,False,5,9
PushT,jepa_wm_pusht,53,6,frozen,frozen,-1,2,13537,1,2.185733074256936,0.014162641733778705,0.056336870443013255,0.056336870443013255,True,False,False,5,9
PushT,jepa_wm_pusht,53,6,frozen,frozen,-1,0,13501,3,0.9902404676091815,0.02265841164096627,0.0,0.0,True,False,True,5,5
PushT,jepa_wm_pusht,53,6,frozen,frozen,-1,1,13519,3,0.5587998032931604,0.02265841164096627,0.02265841164096627,0.02265841164096627,True,False,False,2,5
PushT,jepa_wm_pusht,53,6,frozen,frozen,-1,2,13537,3,0.7138925170891843,0.02265841164096627,0.13836259772926038,0.13836259772926038,True,False,False,1,5
PushT,jepa_wm_pusht,53,6,frozen,frozen,-1,0,13501,6,0.5663846739660552,0.011334226738608197,0.13701363728632635,0.13701363728632635,True,False,False,4,5
PushT,jepa_wm_pusht,53,6,frozen,frozen,-1,1,13519,6,1.1200107703642024,0.011334226738608197,0.09295638934975486,0.09295638934975486,True,False,False,7,5
PushT,jepa_wm_pusht,53,6,frozen,frozen,-1,2,13537,6,0.6619951935486686,0.011334226738608197,0.11645392932375082,0.11645392932375082,True,False,False,1,5
PushT,jepa_wm_pusht,54,6,frozen,frozen,-1,0,13501,1,1.022057379838105,0.10298439972869093,0.274829989886387,0.274829989886387,True,False,False,6,4
PushT,jepa_wm_pusht,54,6,frozen,frozen,-1,1,13519,1,2.8282463980148997,0.10298439972869093,0.5144474869020803,0.5144474869020803,True,False,False,7,4
PushT,jepa_wm_pusht,54,6,frozen,frozen,-1,2,13537,1,1.8929391837618634,0.10298439972869093,0.7609758752648195,0.7609758752648195,True,False,False,8,4
PushT,jepa_wm_pusht,54,6,frozen,frozen,-1,0,13501,3,1.0745355005033914,0.1412244470232876,0.26008540625048937,0.26008540625048937,True,False,False,2,4
PushT,jepa_wm_pusht,54,6,frozen,frozen,-1,1,13519,3,1.5076868993373307,0.1412244470232876,0.26008540625048937,0.26008540625048937,True,False,False,2,4
PushT,jepa_wm_pusht,54,6,frozen,frozen,-1,2,13537,3,0.883353425868622,0.1412244470232876,0.26008540625048937,0.26008540625048937,True,False,False,2,4
PushT,jepa_wm_pusht,54,6,frozen,frozen,-1,0,13501,6,1.7283877617665333,0.1005509547744337,0.46559384033378,0.46559384033378,True,False,False,2,4
PushT,jepa_wm_pusht,54,6,frozen,frozen,-1,1,13519,6,1.8140357146573987,0.1005509547744337,0.46559384033378,0.46559384033378,True,False,False,2,4
PushT,jepa_wm_pusht,54,6,frozen,frozen,-1,2,13537,6,1.9111157868444943,0.1005509547744337,0.0,0.0,True,False,True,4,4
PushT,jepa_wm_pusht,55,6,frozen,frozen,-1,0,13501,1,8.568868097090043,1.0,1.0,1.0,True,False,False,6,0
PushT,jepa_wm_pusht,55,6,frozen,frozen,-1,1,13519,1,11.378961277068287,1.0,0.0,0.0,True,False,True,8,0
PushT,jepa_wm_pusht,55,6,frozen,frozen,-1,2,13537,1,6.032618585247069,1.0,0.0,0.0,True,False,True,1,0
PushT,jepa_wm_pusht,55,6,frozen,frozen,-1,0,13501,3,1.5353504430068106,0.031059595022704112,0.0,0.0,True,False,True,8,8
PushT,jepa_wm_pusht,55,6,frozen,frozen,-1,1,13519,3,2.6750828898980465,0.031059595022704112,1.0,1.0,True,False,False,6,8
PushT,jepa_wm_pusht,55,6,frozen,frozen,-1,2,13537,3,1.314639988093197,0.031059595022704112,0.5069549095951416,0.5069549095951416,True,False,False,4,8
PushT,jepa_wm_pusht,55,6,frozen,frozen,-1,0,13501,6,1.8024611706205664,0.15704590216781106,1.0,1.0,True,False,False,6,3
PushT,jepa_wm_pusht,55,6,frozen,frozen,-1,1,13519,6,1.3425492836947048,0.15704590216781106,0.15704590216781106,0.15704590216781106,True,False,False,2,3
PushT,jepa_wm_pusht,55,6,frozen,frozen,-1,2,13537,6,1.6520333467530934,0.15704590216781106,1.0,1.0,True,False,False,6,3
PushT,jepa_wm_pusht,8,1,fidelity_constrained_latent_only__seed11401,fidelity_constrained_latent_only,11401,0,13501,1,3.0864467762324574,0.01282478008355127,0.6955643107020344,0.6955643107020344,True,False,False,9,1
PushT,jepa_wm_pusht,8,1,fidelity_constrained_latent_only__seed11401,fidelity_constrained_latent_only,11401,1,13519,1,1.5277726067014512,0.01282478008355127,0.28610195971877866,0.28610195971877866,True,False,False,8,1
PushT,jepa_wm_pusht,8,1,fidelity_constrained_latent_only__seed11401,fidelity_constrained_latent_only,11401,2,13537,1,6.295407374818742,0.01282478008355127,0.28610195971877866,0.28610195971877866,True,False,False,8,1
PushT,jepa_wm_pusht,8,1,fidelity_constrained_latent_only__seed11401,fidelity_constrained_latent_only,11401,0,13501,3,3.020457660020818,0.008427652349288942,1.0,1.0,True,False,False,8,6
PushT,jepa_wm_pusht,8,1,fidelity_constrained_latent_only__seed11401,fidelity_constrained_latent_only,11401,1,13519,3,2.2037975648839523,0.008427652349288942,0.0,0.0,True,False,True,6,6
PushT,jepa_wm_pusht,8,1,fidelity_constrained_latent_only__seed11401,fidelity_constrained_latent_only,11401,2,13537,3,2.146690159707162,0.008427652349288942,1.0,1.0,True,False,False,8,6
PushT,jepa_wm_pusht,8,1,fidelity_constrained_latent_only__seed11401,fidelity_constrained_latent_only,11401,0,13501,6,1.7041880229431623,0.06182193572814055,0.30387846662727663,0.30387846662727663,True,False,False,2,1
PushT,jepa_wm_pusht,8,1,fidelity_constrained_latent_only__seed11401,fidelity_constrained_latent_only,11401,1,13519,6,2.14051205372592,0.06182193572814055,1.0,1.0,True,False,False,3,1
PushT,jepa_wm_pusht,8,1,fidelity_constrained_latent_only__seed11401,fidelity_constrained_latent_only,11401,2,13537,6,0.9045585372786564,0.06182193572814055,0.32844684597278534,0.32844684597278534,True,False,False,5,1
PushT,jepa_wm_pusht,9,1,fidelity_constrained_latent_only__seed11401,fidelity_constrained_latent_only,11401,0,13501,1,4.130085135462471,0.36553473865706543,0.0,0.0,True,False,True,0,0
PushT,jepa_wm_pusht,9,1,fidelity_constrained_latent_only__seed11401,fidelity_constrained_latent_only,11401,1,13519,1,4.990677308608237,0.36553473865706543,0.8274135674934155,0.8274135674934155,True,False,False,7,0
PushT,jepa_wm_pusht,9,1,fidelity_constrained_latent_only__seed11401,fidelity_constrained_latent_only,11401,2,13537,1,4.004330892099872,0.36553473865706543,0.0,0.0,True,False,True,0,0
PushT,jepa_wm_pusht,9,1,fidelity_constrained_latent_only__seed11401,fidelity_constrained_latent_only,11401,0,13501,3,1.1533598245866306,0.09345141081727452,0.2415867066316891,0.2415867066316891,True,False,False,5,2
PushT,jepa_wm_pusht,9,1,fidelity_constrained_latent_only__seed11401,fidelity_constrained_latent_only,11401,1,13519,3,2.598200306604092,0.09345141081727452,0.0,0.0,True,False,True,2,2
PushT,jepa_wm_pusht,9,1,fidelity_constrained_latent_only__seed11401,fidelity_constrained_latent_only,11401,2,13537,3,1.7670538064217913,0.09345141081727452,0.2415867066316891,0.2415867066316891,True,False,False,5,2
PushT,jepa_wm_pusht,9,1,fidelity_constrained_latent_only__seed11401,fidelity_constrained_latent_only,11401,0,13501,6,1.29678267705445,0.0838834477847104,1.0,1.0,True,False,False,9,3
PushT,jepa_wm_pusht,9,1,fidelity_constrained_latent_only__seed11401,fidelity_constrained_latent_only,11401,1,13519,6,1.9407666258087297,0.0838834477847104,1.0,1.0,True,False,False,9,3
PushT,jepa_wm_pusht,9,1,fidelity_constrained_latent_only__seed11401,fidelity_constrained_latent_only,11401,2,13537,6,1.3555565305831534,0.0838834477847104,0.27893426755596323,0.27893426755596323,True,False,False,5,3
PushT,jepa_wm_pusht,10,1,fidelity_constrained_latent_only__seed11401,fidelity_constrained_latent_only,11401,0,13501,1,0.9661697370547211,0.12049358852617963,0.0,0.0,True,False,True,1,1
PushT,jepa_wm_pusht,10,1,fidelity_constrained_latent_only__seed11401,fidelity_constrained_latent_only,11401,1,13519,1,1.4300581344759016,0.12049358852617963,0.620166319521398,0.620166319521398,True,False,False,6,1
PushT,jepa_wm_pusht,10,1,fidelity_constrained_latent_only__seed11401,fidelity_constrained_latent_only,11401,2,13537,1,0.8889823921701223,0.12049358852617963,0.12049358852617963,0.12049358852617963,True,False,False,4,1
PushT,jepa_wm_pusht,10,1,fidelity_constrained_latent_only__seed11401,fidelity_constrained_latent_only,11401,0,13501,3,3.851684338682784,0.1030047197118212,0.0,0.0,True,False,True,6,6
PushT,jepa_wm_pusht,10,1,fidelity_constrained_latent_only__seed11401,fidelity_constrained_latent_only,11401,1,13519,3,1.8178414225666244,0.1030047197118212,0.1030047197118212,0.1030047197118212,True,False,False,4,6
PushT,jepa_wm_pusht,10,1,fidelity_constrained_latent_only__seed11401,fidelity_constrained_latent_only,11401,2,13537,3,1.6652920418213688,0.1030047197118212,0.1030047197118212,0.1030047197118212,True,False,False,4,6
PushT,jepa_wm_pusht,10,1,fidelity_constrained_latent_only__seed11401,fidelity_constrained_latent_only,11401,0,13501,6,2.5256076072896234,0.2310393760683955,0.2310393760683955,0.2310393760683955,True,False,False,4,6
PushT,jepa_wm_pusht,10,1,fidelity_constrained_latent_only__seed11401,fidelity_constrained_latent_only,11401,1,13519,6,2.319852068156901,0.2310393760683955,0.6789019354624969,0.6789019354624969,True,False,False,3,6
PushT,jepa_wm_pusht,10,1,fidelity_constrained_latent_only__seed11401,fidelity_constrained_latent_only,11401,2,13537,6,1.9156635527201173,0.2310393760683955,0.6789019354624969,0.6789019354624969,True,False,False,2,6
PushT,jepa_wm_pusht,11,1,fidelity_constrained_latent_only__seed11401,fidelity_constrained_latent_only,11401,0,13501,1,5.104083040402213,0.41336878890994966,0.49698986494663716,0.49698986494663716,True,False,False,8,7
PushT,jepa_wm_pusht,11,1,fidelity_constrained_latent_only__seed11401,fidelity_constrained_latent_only,11401,1,13519,1,2.6179443601714167,0.41336878890994966,0.6306193291317473,0.6306193291317473,True,False,False,4,7
PushT,jepa_wm_pusht,11,1,fidelity_constrained_latent_only__seed11401,fidelity_constrained_latent_only,11401,2,13537,1,3.8836420927284827,0.41336878890994966,0.46780244700234286,0.46780244700234286,True,False,False,9,7
PushT,jepa_wm_pusht,11,1,fidelity_constrained_latent_only__seed11401,fidelity_constrained_latent_only,11401,0,13501,3,0.8068944849207913,0.2748698300443903,0.2748698300443903,0.2748698300443903,True,False,False,8,6
PushT,jepa_wm_pusht,11,1,fidelity_constrained_latent_only__seed11401,fidelity_constrained_latent_only,11401,1,13519,3,0.7535344454781122,0.2748698300443903,0.0,0.0,True,False,True,6,6
PushT,jepa_wm_pusht,11,1,fidelity_constrained_latent_only__seed11401,fidelity_constrained_latent_only,11401,2,13537,3,1.118391060790856,0.2748698300443903,0.0,0.0,True,False,True,6,6
PushT,jepa_wm_pusht,11,1,fidelity_constrained_latent_only__seed11401,fidelity_constrained_latent_only,11401,0,13501,6,1.409861020289569,0.2434864252420023,0.0,0.0,True,False,True,6,6
PushT,jepa_wm_pusht,11,1,fidelity_constrained_latent_only__seed11401,fidelity_constrained_latent_only,11401,1,13519,6,1.4969807546951577,0.2434864252420023,0.0,0.0,True,False,True,6,6
PushT,jepa_wm_pusht,11,1,fidelity_constrained_latent_only__seed11401,fidelity_constrained_latent_only,11401,2,13537,6,0.9304943060256373,0.2434864252420023,0.0,0.0,True,False,True,6,6
PushT,jepa_wm_pusht,12,1,fidelity_constrained_latent_only__seed11401,fidelity_constrained_latent_only,11401,0,13501,1,1.232369112091181,0.09450672487896075,0.30421178027634105,0.30421178027634105,True,False,False,1,6
PushT,jepa_wm_pusht,12,1,fidelity_constrained_latent_only__seed11401,fidelity_constrained_latent_only,11401,1,13519,1,1.5783643046546743,0.09450672487896075,0.8207654932996075,0.8207654932996075,True,False,False,0,6
PushT,jepa_wm_pusht,12,1,fidelity_constrained_latent_only__seed11401,fidelity_constrained_latent_only,11401,2,13537,1,3.129027397569278,0.09450672487896075,0.8864419510504964,0.8864419510504964,True,False,False,7,6
PushT,jepa_wm_pusht,12,1,fidelity_constrained_latent_only__seed11401,fidelity_constrained_latent_only,11401,0,13501,3,1.2394153586787755,0.05556742065693472,0.0,0.0,True,False,True,4,4
PushT,jepa_wm_pusht,12,1,fidelity_constrained_latent_only__seed11401,fidelity_constrained_latent_only,11401,1,13519,3,1.2358269669158188,0.05556742065693472,0.09847152877843415,0.09847152877843415,True,False,False,2,4
PushT,jepa_wm_pusht,12,1,fidelity_constrained_latent_only__seed11401,fidelity_constrained_latent_only,11401,2,13537,3,1.3461586392703415,0.05556742065693472,0.09847152877843415,0.09847152877843415,True,False,False,2,4
PushT,jepa_wm_pusht,12,1,fidelity_constrained_latent_only__seed11401,fidelity_constrained_latent_only,11401,0,13501,6,1.0519723306608533,0.01885074951463251,0.0,0.0,True,False,True,2,2
PushT,jepa_wm_pusht,12,1,fidelity_constrained_latent_only__seed11401,fidelity_constrained_latent_only,11401,1,13519,6,1.1303791314575753,0.01885074951463251,0.0,0.0,True,False,True,2,2
PushT,jepa_wm_pusht,12,1,fidelity_constrained_latent_only__seed11401,fidelity_constrained_latent_only,11401,2,13537,6,1.193674322862439,0.01885074951463251,0.01885074951463251,0.01885074951463251,True,False,False,4,2
PushT,jepa_wm_pusht,13,1,fidelity_constrained_latent_only__seed11401,fidelity_constrained_latent_only,11401,0,13501,1,1.4339199674697642,0.05717193711490079,0.7753823480956951,0.7753823480956951,True,False,False,7,6
PushT,jepa_wm_pusht,13,1,fidelity_constrained_latent_only__seed11401,fidelity_constrained_latent_only,11401,1,13519,1,2.0368561263807603,0.05717193711490079,1.0,1.0,True,False,False,9,6
PushT,jepa_wm_pusht,13,1,fidelity_constrained_latent_only__seed11401,fidelity_constrained_latent_only,11401,2,13537,1,3.5928820955547,0.05717193711490079,1.0,1.0,True,False,False,9,6
PushT,jepa_wm_pusht,13,1,fidelity_constrained_latent_only__seed11401,fidelity_constrained_latent_only,11401,0,13501,3,0.8618944538967732,0.0161718104917741,0.0161718104917741,0.0161718104917741,True,False,False,4,2
PushT,jepa_wm_pusht,13,1,fidelity_constrained_latent_only__seed11401,fidelity_constrained_latent_only,11401,1,13519,3,1.0494086796844901,0.0161718104917741,0.0,0.0,True,False,True,2,2
PushT,jepa_wm_pusht,13,1,fidelity_constrained_latent_only__seed11401,fidelity_constrained_latent_only,11401,2,13537,3,1.3187909425066922,0.0161718104917741,0.0161718104917741,0.0161718104917741,True,False,False,4,2
PushT,jepa_wm_pusht,13,1,fidelity_constrained_latent_only__seed11401,fidelity_constrained_latent_only,11401,0,13501,6,0.9668448843185258,0.05290481855690444,0.05290481855690444,0.05290481855690444,True,False,False,4,2
PushT,jepa_wm_pusht,13,1,fidelity_constrained_latent_only__seed11401,fidelity_constrained_latent_only,11401,1,13519,6,0.8980146212404634,0.05290481855690444,0.0,0.0,True,False,True,2,2
PushT,jepa_wm_pusht,13,1,fidelity_constrained_latent_only__seed11401,fidelity_constrained_latent_only,11401,2,13537,6,1.1183328047221033,0.05290481855690444,0.38537176163888476,0.38537176163888476,True,False,False,3,2
PushT,jepa_wm_pusht,14,1,fidelity_constrained_latent_only__seed11401,fidelity_constrained_latent_only,11401,0,13501,1,18938.755052367895,inf,0.0,0.0,True,False,True,7,0
PushT,jepa_wm_pusht,14,1,fidelity_constrained_latent_only__seed11401,fidelity_constrained_latent_only,11401,1,13519,1,27769.995408240142,inf,0.0,0.0,True,False,True,7,0
PushT,jepa_wm_pusht,14,1,fidelity_constrained_latent_only__seed11401,fidelity_constrained_latent_only,11401,2,13537,1,45563.44427659822,inf,0.0,0.0,True,False,True,1,0
PushT,jepa_wm_pusht,14,1,fidelity_constrained_latent_only__seed11401,fidelity_constrained_latent_only,11401,0,13501,3,1.323461914181405,0.22439910568143512,0.22439910568143512,0.22439910568143512,True,False,False,5,2
PushT,jepa_wm_pusht,14,1,fidelity_constrained_latent_only__seed11401,fidelity_constrained_latent_only,11401,1,13519,3,1.5532593152612029,0.22439910568143512,0.0,0.0,True,False,True,2,2
PushT,jepa_wm_pusht,14,1,fidelity_constrained_latent_only__seed11401,fidelity_constrained_latent_only,11401,2,13537,3,1.5810617005001306,0.22439910568143512,0.8251746488970769,0.8251746488970769,True,False,False,4,2
PushT,jepa_wm_pusht,14,1,fidelity_constrained_latent_only__seed11401,fidelity_constrained_latent_only,11401,0,13501,6,0.730510278954067,0.10985312473301036,0.0,0.0,True,False,True,2,2
PushT,jepa_wm_pusht,14,1,fidelity_constrained_latent_only__seed11401,fidelity_constrained_latent_only,11401,1,13519,6,0.8205600774600192,0.10985312473301036,0.0,0.0,True,False,True,2,2
PushT,jepa_wm_pusht,14,1,fidelity_constrained_latent_only__seed11401,fidelity_constrained_latent_only,11401,2,13537,6,0.6912434464859477,0.10985312473301036,0.0,0.0,True,False,True,2,2
PushT,jepa_wm_pusht,15,1,fidelity_constrained_latent_only__seed11401,fidelity_constrained_latent_only,11401,0,13501,1,72719.21177562034,inf,0.0,0.0,True,False,True,7,0
PushT,jepa_wm_pusht,15,1,fidelity_constrained_latent_only__seed11401,fidelity_constrained_latent_only,11401,1,13519,1,28887.371364128652,inf,0.0,0.0,True,False,True,4,0
PushT,jepa_wm_pusht,15,1,fidelity_constrained_latent_only__seed11401,fidelity_constrained_latent_only,11401,2,13537,1,38479.29629341941,inf,0.0,0.0,True,False,True,4,0
PushT,jepa_wm_pusht,15,1,fidelity_constrained_latent_only__seed11401,fidelity_constrained_latent_only,11401,0,13501,3,1.7345249930908382,0.3147370809376674,0.0,0.0,True,False,True,2,2
PushT,jepa_wm_pusht,15,1,fidelity_constrained_latent_only__seed11401,fidelity_constrained_latent_only,11401,1,13519,3,0.45757369864359304,0.3147370809376674,0.0,0.0,True,False,True,2,2
PushT,jepa_wm_pusht,15,1,fidelity_constrained_latent_only__seed11401,fidelity_constrained_latent_only,11401,2,13537,3,0.9971774473884939,0.3147370809376674,0.0,0.0,True,False,True,2,2
PushT,jepa_wm_pusht,15,1,fidelity_constrained_latent_only__seed11401,fidelity_constrained_latent_only,11401,0,13501,6,0.9868028038669666,0.04855924422800973,0.0,0.0,True,False,True,3,3
PushT,jepa_wm_pusht,15,1,fidelity_constrained_latent_only__seed11401,fidelity_constrained_latent_only,11401,1,13519,6,0.552724063128158,0.04855924422800973,0.0,0.0,True,False,True,3,3
PushT,jepa_wm_pusht,15,1,fidelity_constrained_latent_only__seed11401,fidelity_constrained_latent_only,11401,2,13537,6,0.9740022259785748,0.04855924422800973,0.0,0.0,True,False,True,3,3
PushT,jepa_wm_pusht,16,2,fidelity_constrained_latent_only__seed11401,fidelity_constrained_latent_only,11401,0,13501,1,0.6337101583361092,0.04667333317829818,0.0,0.0,True,False,True,4,4
PushT,jepa_wm_pusht,16,2,fidelity_constrained_latent_only__seed11401,fidelity_constrained_latent_only,11401,1,13519,1,1.0946866735692964,0.04667333317829818,0.04667333317829818,0.04667333317829818,True,False,False,6,4
PushT,jepa_wm_pusht,16,2,fidelity_constrained_latent_only__seed11401,fidelity_constrained_latent_only,11401,2,13537,1,1.3119053278033328,0.04667333317829818,0.04667333317829818,0.04667333317829818,True,False,False,6,4
PushT,jepa_wm_pusht,16,2,fidelity_constrained_latent_only__seed11401,fidelity_constrained_latent_only,11401,0,13501,3,0.8339235921696058,0.32628899571658077,0.32628899571658077,0.32628899571658077,True,False,False,4,6
PushT,jepa_wm_pusht,16,2,fidelity_constrained_latent_only__seed11401,fidelity_constrained_latent_only,11401,1,13519,3,1.603656305919923,0.32628899571658077,0.32628899571658077,0.32628899571658077,True,False,False,4,6
PushT,jepa_wm_pusht,16,2,fidelity_constrained_latent_only__seed11401,fidelity_constrained_latent_only,11401,2,13537,3,1.1985724569511877,0.32628899571658077,0.32628899571658077,0.32628899571658077,True,False,False,4,6
PushT,jepa_wm_pusht,16,2,fidelity_constrained_latent_only__seed11401,fidelity_constrained_latent_only,11401,0,13501,6,1.0358458108870432,0.3019145847229555,0.0,0.0,True,False,True,6,6
PushT,jepa_wm_pusht,16,2,fidelity_constrained_latent_only__seed11401,fidelity_constrained_latent_only,11401,1,13519,6,1.1629990594543662,0.3019145847229555,0.3314622338329956,0.3314622338329956,True,False,False,8,6
PushT,jepa_wm_pusht,16,2,fidelity_constrained_latent_only__seed11401,fidelity_constrained_latent_only,11401,2,13537,6,0.8244092095204751,0.3019145847229555,0.0,0.0,True,False,True,6,6
PushT,jepa_wm_pusht,17,2,fidelity_constrained_latent_only__seed11401,fidelity_constrained_latent_only,11401,0,13501,1,40536.9846866544,inf,0.0,0.0,True,False,True,6,0
PushT,jepa_wm_pusht,17,2,fidelity_constrained_latent_only__seed11401,fidelity_constrained_latent_only,11401,1,13519,1,50689.77146888239,inf,0.0,0.0,True,False,True,6,0
PushT,jepa_wm_pusht,17,2,fidelity_constrained_latent_only__seed11401,fidelity_constrained_latent_only,11401,2,13537,1,53800.54628032815,inf,0.0,0.0,True,False,True,6,0
PushT,jepa_wm_pusht,17,2,fidelity_constrained_latent_only__seed11401,fidelity_constrained_latent_only,11401,0,13501,3,1.4123115454353576,0.14967206398860944,0.14967206398860944,0.14967206398860944,True,False,False,5,2
PushT,jepa_wm_pusht,17,2,fidelity_constrained_latent_only__seed11401,fidelity_constrained_latent_only,11401,1,13519,3,1.8884711360906365,0.14967206398860944,0.0,0.0,True,False,True,2,2
PushT,jepa_wm_pusht,17,2,fidelity_constrained_latent_only__seed11401,fidelity_constrained_latent_only,11401,2,13537,3,1.335665891171485,0.14967206398860944,0.6032872167889128,0.6032872167889128,True,False,False,0,2
PushT,jepa_wm_pusht,17,2,fidelity_constrained_latent_only__seed11401,fidelity_constrained_latent_only,11401,0,13501,6,0.690005674338699,0.27989109651126526,0.0,0.0,True,False,True,3,3
PushT,jepa_wm_pusht,17,2,fidelity_constrained_latent_only__seed11401,fidelity_constrained_latent_only,11401,1,13519,6,1.1581821977091582,0.27989109651126526,0.0,0.0,True,False,True,3,3
PushT,jepa_wm_pusht,17,2,fidelity_constrained_latent_only__seed11401,fidelity_constrained_latent_only,11401,2,13537,6,1.104828844139254,0.27989109651126526,1.0,1.0,True,False,False,6,3
PushT,jepa_wm_pusht,18,2,fidelity_constrained_latent_only__seed11401,fidelity_constrained_latent_only,11401,0,13501,1,23495.899293406514,inf,0.0,0.0,True,False,True,6,0
PushT,jepa_wm_pusht,18,2,fidelity_constrained_latent_only__seed11401,fidelity_constrained_latent_only,11401,1,13519,1,27993.997376629923,inf,0.0,0.0,True,False,True,8,0
PushT,jepa_wm_pusht,18,2,fidelity_constrained_latent_only__seed11401,fidelity_constrained_latent_only,11401,2,13537,1,74718.4106074146,inf,0.0,0.0,True,False,True,9,0
PushT,jepa_wm_pusht,18,2,fidelity_constrained_latent_only__seed11401,fidelity_constrained_latent_only,11401,0,13501,3,1.6490311985138553,0.27850140655302486,0.44201480759003287,0.44201480759003287,True,False,False,5,2
PushT,jepa_wm_pusht,18,2,fidelity_constrained_latent_only__seed11401,fidelity_constrained_latent_only,11401,1,13519,3,1.9699789614991794,0.27850140655302486,1.0,1.0,True,False,False,7,2
PushT,jepa_wm_pusht,18,2,fidelity_constrained_latent_only__seed11401,fidelity_constrained_latent_only,11401,2,13537,3,2.1105838423386576,0.27850140655302486,0.44201480759003287,0.44201480759003287,True,False,False,5,2
PushT,jepa_wm_pusht,18,2,fidelity_constrained_latent_only__seed11401,fidelity_constrained_latent_only,11401,0,13501,6,0.9551033772574665,0.045141008814957334,0.0,0.0,True,False,True,2,2
PushT,jepa_wm_pusht,18,2,fidelity_constrained_latent_only__seed11401,fidelity_constrained_latent_only,11401,1,13519,6,1.5986812235768015,0.045141008814957334,1.0,1.0,True,False,False,7,2
PushT,jepa_wm_pusht,18,2,fidelity_constrained_latent_only__seed11401,fidelity_constrained_latent_only,11401,2,13537,6,1.2367745401104862,0.045141008814957334,0.36289437302384253,0.36289437302384253,True,False,False,5,2
PushT,jepa_wm_pusht,19,2,fidelity_constrained_latent_only__seed11401,fidelity_constrained_latent_only,11401,0,13501,1,5.340346188124084,0.30581859652833554,0.30581859652833554,0.30581859652833554,True,False,False,9,7
PushT,jepa_wm_pusht,19,2,fidelity_constrained_latent_only__seed11401,fidelity_constrained_latent_only,11401,1,13519,1,4.4838846094388405,0.30581859652833554,0.7032907354635126,0.7032907354635126,True,False,False,5,7
PushT,jepa_wm_pusht,19,2,fidelity_constrained_latent_only__seed11401,fidelity_constrained_latent_only,11401,2,13537,1,4.294309347345959,0.30581859652833554,0.30581859652833554,0.30581859652833554,True,False,False,9,7
PushT,jepa_wm_pusht,19,2,fidelity_constrained_latent_only__seed11401,fidelity_constrained_latent_only,11401,0,13501,3,2.462761035266036,0.08549327156519568,0.0,0.0,True,False,True,7,7
PushT,jepa_wm_pusht,19,2,fidelity_constrained_latent_only__seed11401,fidelity_constrained_latent_only,11401,1,13519,3,1.0951966398241342,0.08549327156519568,0.0,0.0,True,False,True,7,7
PushT,jepa_wm_pusht,19,2,fidelity_constrained_latent_only__seed11401,fidelity_constrained_latent_only,11401,2,13537,3,1.8304605520285473,0.08549327156519568,0.0,0.0,True,False,True,7,7
PushT,jepa_wm_pusht,19,2,fidelity_constrained_latent_only__seed11401,fidelity_constrained_latent_only,11401,0,13501,6,2.5212752388052255,0.05206520357815755,0.0,0.0,True,False,True,5,5
PushT,jepa_wm_pusht,19,2,fidelity_constrained_latent_only__seed11401,fidelity_constrained_latent_only,11401,1,13519,6,2.136568614919995,0.05206520357815755,0.0,0.0,True,False,True,5,5
PushT,jepa_wm_pusht,19,2,fidelity_constrained_latent_only__seed11401,fidelity_constrained_latent_only,11401,2,13537,6,2.2999345384485848,0.05206520357815755,0.05206520357815755,0.05206520357815755,True,False,False,7,5
PushT,jepa_wm_pusht,20,2,fidelity_constrained_latent_only__seed11401,fidelity_constrained_latent_only,11401,0,13501,1,1.657872387755246,0.071849549171498,0.071849549171498,0.071849549171498,True,False,False,6,8
PushT,jepa_wm_pusht,20,2,fidelity_constrained_latent_only__seed11401,fidelity_constrained_latent_only,11401,1,13519,1,1.8148312469244232,0.071849549171498,0.7957935685153475,0.7957935685153475,True,False,False,5,8
PushT,jepa_wm_pusht,20,2,fidelity_constrained_latent_only__seed11401,fidelity_constrained_latent_only,11401,2,13537,1,2.500084859945684,0.071849549171498,0.0,0.0,True,False,True,8,8
PushT,jepa_wm_pusht,20,2,fidelity_constrained_latent_only__seed11401,fidelity_constrained_latent_only,11401,0,13501,3,1.2257322276626292,0.06837919317243876,0.06837919317243876,0.06837919317243876,True,False,False,6,8
PushT,jepa_wm_pusht,20,2,fidelity_constrained_latent_only__seed11401,fidelity_constrained_latent_only,11401,1,13519,3,2.084512125306475,0.06837919317243876,0.6926795848253594,0.6926795848253594,True,False,False,2,8
PushT,jepa_wm_pusht,20,2,fidelity_constrained_latent_only__seed11401,fidelity_constrained_latent_only,11401,2,13537,3,1.566104898461199,0.06837919317243876,0.06837919317243876,0.06837919317243876,True,False,False,6,8
PushT,jepa_wm_pusht,20,2,fidelity_constrained_latent_only__seed11401,fidelity_constrained_latent_only,11401,0,13501,6,1.7111203146246021,0.056057307459408214,0.4219198098666871,0.4219198098666871,True,False,False,2,8
PushT,jepa_wm_pusht,20,2,fidelity_constrained_latent_only__seed11401,fidelity_constrained_latent_only,11401,1,13519,6,2.0545417285840277,0.056057307459408214,1.0,1.0,True,False,False,3,8
PushT,jepa_wm_pusht,20,2,fidelity_constrained_latent_only__seed11401,fidelity_constrained_latent_only,11401,2,13537,6,1.85605878548175,0.056057307459408214,1.0,1.0,True,False,False,3,8
PushT,jepa_wm_pusht,21,2,fidelity_constrained_latent_only__seed11401,fidelity_constrained_latent_only,11401,0,13501,1,55243.105432597,inf,0.0,0.0,True,False,True,9,0
PushT,jepa_wm_pusht,21,2,fidelity_constrained_latent_only__seed11401,fidelity_constrained_latent_only,11401,1,13519,1,40863.91926851,inf,0.0,0.0,True,False,True,4,0
PushT,jepa_wm_pusht,21,2,fidelity_constrained_latent_only__seed11401,fidelity_constrained_latent_only,11401,2,13537,1,42791.408577283815,inf,0.0,0.0,True,False,True,0,0
PushT,jepa_wm_pusht,21,2,fidelity_constrained_latent_only__seed11401,fidelity_constrained_latent_only,11401,0,13501,3,2.132459517142883,0.10022651401688715,0.10022651401688715,0.10022651401688715,True,False,False,5,2
PushT,jepa_wm_pusht,21,2,fidelity_constrained_latent_only__seed11401,fidelity_constrained_latent_only,11401,1,13519,3,3.193538025897142,0.10022651401688715,0.45436799300297653,0.45436799300297653,True,False,False,1,2
PushT,jepa_wm_pusht,21,2,fidelity_constrained_latent_only__seed11401,fidelity_constrained_latent_only,11401,2,13537,3,3.7190806416159043,0.10022651401688715,0.6588348079990693,0.6588348079990693,True,False,False,8,2
PushT,jepa_wm_pusht,21,2,fidelity_constrained_latent_only__seed11401,fidelity_constrained_latent_only,11401,0,13501,6,0.8014957590236564,0.32957479347041385,0.0,0.0,True,False,True,3,3
PushT,jepa_wm_pusht,21,2,fidelity_constrained_latent_only__seed11401,fidelity_constrained_latent_only,11401,1,13519,6,0.891408140360042,0.32957479347041385,0.0,0.0,True,False,True,3,3
PushT,jepa_wm_pusht,21,2,fidelity_constrained_latent_only__seed11401,fidelity_constrained_latent_only,11401,2,13537,6,1.0723664047841135,0.32957479347041385,0.0,0.0,True,False,True,3,3
PushT,jepa_wm_pusht,22,2,fidelity_constrained_latent_only__seed11401,fidelity_constrained_latent_only,11401,0,13501,1,72.52370319485861,1.0,1.0,1.0,True,False,False,0,6
PushT,jepa_wm_pusht,22,2,fidelity_constrained_latent_only__seed11401,fidelity_constrained_latent_only,11401,1,13519,1,76.38621645432289,1.0,1.0,1.0,True,False,False,4,6
PushT,jepa_wm_pusht,22,2,fidelity_constrained_latent_only__seed11401,fidelity_constrained_latent_only,11401,2,13537,1,77.76864877623862,1.0,1.0,1.0,True,False,False,8,6
PushT,jepa_wm_pusht,22,2,fidelity_constrained_latent_only__seed11401,fidelity_constrained_latent_only,11401,0,13501,3,0.7568076388793845,0.1402584854949118,0.0,0.0,True,False,True,4,4
PushT,jepa_wm_pusht,22,2,fidelity_constrained_latent_only__seed11401,fidelity_constrained_latent_only,11401,1,13519,3,1.0508211674894328,0.1402584854949118,0.1402584854949118,0.1402584854949118,True,False,False,2,4
PushT,jepa_wm_pusht,22,2,fidelity_constrained_latent_only__seed11401,fidelity_constrained_latent_only,11401,2,13537,3,1.9173987349546524,0.1402584854949118,0.0,0.0,True,False,True,4,4
PushT,jepa_wm_pusht,22,2,fidelity_constrained_latent_only__seed11401,fidelity_constrained_latent_only,11401,0,13501,6,0.6353792951573992,0.16420548128968346,0.0,0.0,True,False,True,4,4
PushT,jepa_wm_pusht,22,2,fidelity_constrained_latent_only__seed11401,fidelity_constrained_latent_only,11401,1,13519,6,1.085889120981833,0.16420548128968346,0.0,0.0,True,False,True,4,4
PushT,jepa_wm_pusht,22,2,fidelity_constrained_latent_only__seed11401,fidelity_constrained_latent_only,11401,2,13537,6,0.8171956973297579,0.16420548128968346,0.0,0.0,True,False,True,4,4
PushT,jepa_wm_pusht,23,2,fidelity_constrained_latent_only__seed11401,fidelity_constrained_latent_only,11401,0,13501,1,1.797659082455942,0.020457435985849055,0.8184373479905506,0.8184373479905506,True,False,False,6,9
PushT,jepa_wm_pusht,23,2,fidelity_constrained_latent_only__seed11401,fidelity_constrained_latent_only,11401,1,13519,1,1.9660907587322156,0.020457435985849055,0.8184373479905506,0.8184373479905506,True,False,False,6,9
PushT,jepa_wm_pusht,23,2,fidelity_constrained_latent_only__seed11401,fidelity_constrained_latent_only,11401,2,13537,1,1.8698503524175478,0.020457435985849055,0.5842417127270264,0.5842417127270264,True,False,False,4,9
PushT,jepa_wm_pusht,23,2,fidelity_constrained_latent_only__seed11401,fidelity_constrained_latent_only,11401,0,13501,3,1.3952568472091038,0.00801155301203528,0.24599877825290165,0.24599877825290165,True,False,False,4,9
PushT,jepa_wm_pusht,23,2,fidelity_constrained_latent_only__seed11401,fidelity_constrained_latent_only,11401,1,13519,3,0.804418051253282,0.00801155301203528,0.13340500380456333,0.13340500380456333,True,False,False,1,9
PushT,jepa_wm_pusht,23,2,fidelity_constrained_latent_only__seed11401,fidelity_constrained_latent_only,11401,2,13537,3,1.373482563090761,0.00801155301203528,0.24599877825290165,0.24599877825290165,True,False,False,4,9
PushT,jepa_wm_pusht,23,2,fidelity_constrained_latent_only__seed11401,fidelity_constrained_latent_only,11401,0,13501,6,1.3202971136447623,0.005423206725342201,0.00624987304378611,0.00624987304378611,True,False,False,3,9
PushT,jepa_wm_pusht,23,2,fidelity_constrained_latent_only__seed11401,fidelity_constrained_latent_only,11401,1,13519,6,1.2533037954499409,0.005423206725342201,0.01666363785413529,0.01666363785413529,True,False,False,2,9
PushT,jepa_wm_pusht,23,2,fidelity_constrained_latent_only__seed11401,fidelity_constrained_latent_only,11401,2,13537,6,1.334263667862278,0.005423206725342201,0.10275826883957667,0.10275826883957667,True,False,False,4,9
PushT,jepa_wm_pusht,48,6,fidelity_constrained_latent_only__seed11401,fidelity_constrained_latent_only,11401,0,13501,1,3.2901796747718906,0.010481511777836317,1.0,1.0,True,False,False,8,9
PushT,jepa_wm_pusht,48,6,fidelity_constrained_latent_only__seed11401,fidelity_constrained_latent_only,11401,1,13519,1,3.5075348757969738,0.010481511777836317,0.10419362947361568,0.10419362947361568,True,False,False,5,9
PushT,jepa_wm_pusht,48,6,fidelity_constrained_latent_only__seed11401,fidelity_constrained_latent_only,11401,2,13537,1,2.777957336806267,0.010481511777836317,0.09012243500443963,0.09012243500443963,True,False,False,0,9
PushT,jepa_wm_pusht,48,6,fidelity_constrained_latent_only__seed11401,fidelity_constrained_latent_only,11401,0,13501,3,1.1246817804487632,0.03292797551033872,0.03292797551033872,0.03292797551033872,True,False,False,7,5
PushT,jepa_wm_pusht,48,6,fidelity_constrained_latent_only__seed11401,fidelity_constrained_latent_only,11401,1,13519,3,0.45665649630458455,0.03292797551033872,0.03292797551033872,0.03292797551033872,True,False,False,7,5
PushT,jepa_wm_pusht,48,6,fidelity_constrained_latent_only__seed11401,fidelity_constrained_latent_only,11401,2,13537,3,0.9562777584036127,0.03292797551033872,0.0,0.0,True,False,True,5,5
PushT,jepa_wm_pusht,48,6,fidelity_constrained_latent_only__seed11401,fidelity_constrained_latent_only,11401,0,13501,6,0.6818256993544652,0.0189945493625357,0.0,0.0,True,False,True,5,5
PushT,jepa_wm_pusht,48,6,fidelity_constrained_latent_only__seed11401,fidelity_constrained_latent_only,11401,1,13519,6,1.132648759850719,0.0189945493625357,0.39936556443856897,0.39936556443856897,True,False,False,9,5
PushT,jepa_wm_pusht,48,6,fidelity_constrained_latent_only__seed11401,fidelity_constrained_latent_only,11401,2,13537,6,1.1405170480757016,0.0189945493625357,0.0,0.0,True,False,True,5,5
PushT,jepa_wm_pusht,49,6,fidelity_constrained_latent_only__seed11401,fidelity_constrained_latent_only,11401,0,13501,1,1.6625923150400377,0.021846463468537518,0.3961841050703398,0.3961841050703398,True,False,False,9,5
PushT,jepa_wm_pusht,49,6,fidelity_constrained_latent_only__seed11401,fidelity_constrained_latent_only,11401,1,13519,1,1.3068516257642484,0.021846463468537518,0.19612234939085493,0.19612234939085493,True,False,False,1,5
PushT,jepa_wm_pusht,49,6,fidelity_constrained_latent_only__seed11401,fidelity_constrained_latent_only,11401,2,13537,1,2.573718026297342,0.021846463468537518,0.3961841050703398,0.3961841050703398,True,False,False,9,5
PushT,jepa_wm_pusht,49,6,fidelity_constrained_latent_only__seed11401,fidelity_constrained_latent_only,11401,0,13501,3,0.5372194460702758,0.045795884377635314,0.0,0.0,True,False,True,5,5
PushT,jepa_wm_pusht,49,6,fidelity_constrained_latent_only__seed11401,fidelity_constrained_latent_only,11401,1,13519,3,0.29175814523775156,0.045795884377635314,0.0,0.0,True,False,True,5,5
PushT,jepa_wm_pusht,49,6,fidelity_constrained_latent_only__seed11401,fidelity_constrained_latent_only,11401,2,13537,3,0.8275850419138187,0.045795884377635314,0.0,0.0,True,False,True,5,5
PushT,jepa_wm_pusht,49,6,fidelity_constrained_latent_only__seed11401,fidelity_constrained_latent_only,11401,0,13501,6,0.5254239241213249,0.016722331142878723,0.0,0.0,True,False,True,5,5
PushT,jepa_wm_pusht,49,6,fidelity_constrained_latent_only__seed11401,fidelity_constrained_latent_only,11401,1,13519,6,0.8902597004037767,0.016722331142878723,0.11307668388713481,0.11307668388713481,True,False,False,7,5
PushT,jepa_wm_pusht,49,6,fidelity_constrained_latent_only__seed11401,fidelity_constrained_latent_only,11401,2,13537,6,0.4628297282965541,0.016722331142878723,0.0,0.0,True,False,True,5,5
PushT,jepa_wm_pusht,50,6,fidelity_constrained_latent_only__seed11401,fidelity_constrained_latent_only,11401,0,13501,1,3.608143274306836,0.026574968337305327,1.0,1.0,True,False,False,0,1
PushT,jepa_wm_pusht,50,6,fidelity_constrained_latent_only__seed11401,fidelity_constrained_latent_only,11401,1,13519,1,2.5841680446840583,0.026574968337305327,1.0,1.0,True,False,False,0,1
PushT,jepa_wm_pusht,50,6,fidelity_constrained_latent_only__seed11401,fidelity_constrained_latent_only,11401,2,13537,1,2.6191350682918166,0.026574968337305327,0.932744916162424,0.932744916162424,True,False,False,9,1
PushT,jepa_wm_pusht,50,6,fidelity_constrained_latent_only__seed11401,fidelity_constrained_latent_only,11401,0,13501,3,1.2048601247444988,0.12856031447576668,0.0,0.0,True,False,True,2,2
PushT,jepa_wm_pusht,50,6,fidelity_constrained_latent_only__seed11401,fidelity_constrained_latent_only,11401,1,13519,3,1.763943094234802,0.12856031447576668,0.1801982673819778,0.1801982673819778,True,False,False,5,2
PushT,jepa_wm_pusht,50,6,fidelity_constrained_latent_only__seed11401,fidelity_constrained_latent_only,11401,2,13537,3,0.939910897890551,0.12856031447576668,0.0,0.0,True,False,True,2,2
PushT,jepa_wm_pusht,50,6,fidelity_constrained_latent_only__seed11401,fidelity_constrained_latent_only,11401,0,13501,6,1.4819319653383711,0.022119626255265364,0.11176022326401269,0.11176022326401269,True,False,False,4,2
PushT,jepa_wm_pusht,50,6,fidelity_constrained_latent_only__seed11401,fidelity_constrained_latent_only,11401,1,13519,6,2.4870564009380036,0.022119626255265364,0.8906714811949892,0.8906714811949892,True,False,False,0,2
PushT,jepa_wm_pusht,50,6,fidelity_constrained_latent_only__seed11401,fidelity_constrained_latent_only,11401,2,13537,6,1.1453184772342306,0.022119626255265364,0.11176022326401269,0.11176022326401269,True,False,False,4,2
PushT,jepa_wm_pusht,51,6,fidelity_constrained_latent_only__seed11401,fidelity_constrained_latent_only,11401,0,13501,1,0.7732260626874862,0.15725227350300996,0.0,0.0,True,False,True,9,9
PushT,jepa_wm_pusht,51,6,fidelity_constrained_latent_only__seed11401,fidelity_constrained_latent_only,11401,1,13519,1,2.020750296903069,0.15725227350300996,0.6974113697977925,0.6974113697977925,True,False,False,1,9
PushT,jepa_wm_pusht,51,6,fidelity_constrained_latent_only__seed11401,fidelity_constrained_latent_only,11401,2,13537,1,1.0240754912950072,0.15725227350300996,0.3905729249325504,0.3905729249325504,True,False,False,5,9
PushT,jepa_wm_pusht,51,6,fidelity_constrained_latent_only__seed11401,fidelity_constrained_latent_only,11401,0,13501,3,0.6015273829346337,0.3533778267573249,0.0,0.0,True,False,True,9,9
PushT,jepa_wm_pusht,51,6,fidelity_constrained_latent_only__seed11401,fidelity_constrained_latent_only,11401,1,13519,3,0.8465984823230515,0.3533778267573249,0.0,0.0,True,False,True,9,9
PushT,jepa_wm_pusht,51,6,fidelity_constrained_latent_only__seed11401,fidelity_constrained_latent_only,11401,2,13537,3,0.8851313454930645,0.3533778267573249,0.3533778267573249,0.3533778267573249,True,False,False,7,9
PushT,jepa_wm_pusht,51,6,fidelity_constrained_latent_only__seed11401,fidelity_constrained_latent_only,11401,0,13501,6,0.7416377343388917,0.7256929271533445,0.0,0.0,True,False,True,9,9
PushT,jepa_wm_pusht,51,6,fidelity_constrained_latent_only__seed11401,fidelity_constrained_latent_only,11401,1,13519,6,1.0314932689823535,0.7256929271533445,0.842907939437964,0.842907939437964,True,False,False,4,9
PushT,jepa_wm_pusht,51,6,fidelity_constrained_latent_only__seed11401,fidelity_constrained_latent_only,11401,2,13537,6,0.7968244947372888,0.7256929271533445,0.0,0.0,True,False,True,9,9
PushT,jepa_wm_pusht,52,6,fidelity_constrained_latent_only__seed11401,fidelity_constrained_latent_only,11401,0,13501,1,94.48828072520054,1.0,0.0,0.0,True,False,True,8,0
PushT,jepa_wm_pusht,52,6,fidelity_constrained_latent_only__seed11401,fidelity_constrained_latent_only,11401,1,13519,1,115.88367438854497,1.0,0.0,0.0,True,False,True,9,0
PushT,jepa_wm_pusht,52,6,fidelity_constrained_latent_only__seed11401,fidelity_constrained_latent_only,11401,2,13537,1,152.1598764790734,1.0,0.0,0.0,True,False,True,8,0
PushT,jepa_wm_pusht,52,6,fidelity_constrained_latent_only__seed11401,fidelity_constrained_latent_only,11401,0,13501,3,1.6719925523569341,0.13522847553569003,0.0,0.0,True,False,True,2,2
PushT,jepa_wm_pusht,52,6,fidelity_constrained_latent_only__seed11401,fidelity_constrained_latent_only,11401,1,13519,3,1.7425481452579734,0.13522847553569003,0.16532943752242021,0.16532943752242021,True,False,False,5,2
PushT,jepa_wm_pusht,52,6,fidelity_constrained_latent_only__seed11401,fidelity_constrained_latent_only,11401,2,13537,3,1.4235394299182034,0.13522847553569003,0.0,0.0,True,False,True,2,2
PushT,jepa_wm_pusht,52,6,fidelity_constrained_latent_only__seed11401,fidelity_constrained_latent_only,11401,0,13501,6,0.6397979400496254,0.16598777328898245,0.16598777328898245,0.16598777328898245,True,False,False,2,3
PushT,jepa_wm_pusht,52,6,fidelity_constrained_latent_only__seed11401,fidelity_constrained_latent_only,11401,1,13519,6,1.094858195074028,0.16598777328898245,0.0,0.0,True,False,True,3,3
PushT,jepa_wm_pusht,52,6,fidelity_constrained_latent_only__seed11401,fidelity_constrained_latent_only,11401,2,13537,6,0.8588287281970788,0.16598777328898245,0.0,0.0,True,False,True,3,3
PushT,jepa_wm_pusht,53,6,fidelity_constrained_latent_only__seed11401,fidelity_constrained_latent_only,11401,0,13501,1,0.8530359428931624,0.014162641733778705,0.22071215478288175,0.22071215478288175,True,False,False,1,9
PushT,jepa_wm_pusht,53,6,fidelity_constrained_latent_only__seed11401,fidelity_constrained_latent_only,11401,1,13519,1,1.611148420242417,0.014162641733778705,0.08395759494435326,0.08395759494435326,True,False,False,0,9
PushT,jepa_wm_pusht,53,6,fidelity_constrained_latent_only__seed11401,fidelity_constrained_latent_only,11401,2,13537,1,2.1703602021232817,0.014162641733778705,0.056336870443013255,0.056336870443013255,True,False,False,5,9
PushT,jepa_wm_pusht,53,6,fidelity_constrained_latent_only__seed11401,fidelity_constrained_latent_only,11401,0,13501,3,0.9928453784935924,0.02265841164096627,0.0,0.0,True,False,True,5,5
PushT,jepa_wm_pusht,53,6,fidelity_constrained_latent_only__seed11401,fidelity_constrained_latent_only,11401,1,13519,3,0.5218389069023301,0.02265841164096627,0.1108930579907744,0.1108930579907744,True,False,False,7,5
PushT,jepa_wm_pusht,53,6,fidelity_constrained_latent_only__seed11401,fidelity_constrained_latent_only,11401,2,13537,3,0.5773485454973502,0.02265841164096627,0.13836259772926038,0.13836259772926038,True,False,False,1,5
PushT,jepa_wm_pusht,53,6,fidelity_constrained_latent_only__seed11401,fidelity_constrained_latent_only,11401,0,13501,6,0.4831663219555825,0.011334226738608197,0.011334226738608197,0.011334226738608197,True,False,False,2,5
PushT,jepa_wm_pusht,53,6,fidelity_constrained_latent_only__seed11401,fidelity_constrained_latent_only,11401,1,13519,6,1.08007100814134,0.011334226738608197,0.09295638934975486,0.09295638934975486,True,False,False,7,5
PushT,jepa_wm_pusht,53,6,fidelity_constrained_latent_only__seed11401,fidelity_constrained_latent_only,11401,2,13537,6,0.6697499968529947,0.011334226738608197,0.0,0.0,True,False,True,5,5
PushT,jepa_wm_pusht,54,6,fidelity_constrained_latent_only__seed11401,fidelity_constrained_latent_only,11401,0,13501,1,1.109763399928226,0.10298439972869093,0.274829989886387,0.274829989886387,True,False,False,6,4
PushT,jepa_wm_pusht,54,6,fidelity_constrained_latent_only__seed11401,fidelity_constrained_latent_only,11401,1,13519,1,2.615255236254598,0.10298439972869093,0.5144474869020803,0.5144474869020803,True,False,False,7,4
PushT,jepa_wm_pusht,54,6,fidelity_constrained_latent_only__seed11401,fidelity_constrained_latent_only,11401,2,13537,1,1.901779071112398,0.10298439972869093,0.7609758752648195,0.7609758752648195,True,False,False,8,4
PushT,jepa_wm_pusht,54,6,fidelity_constrained_latent_only__seed11401,fidelity_constrained_latent_only,11401,0,13501,3,0.8682700318978136,0.1412244470232876,0.26008540625048937,0.26008540625048937,True,False,False,2,4
PushT,jepa_wm_pusht,54,6,fidelity_constrained_latent_only__seed11401,fidelity_constrained_latent_only,11401,1,13519,3,1.6037593150891354,0.1412244470232876,0.26008540625048937,0.26008540625048937,True,False,False,2,4
PushT,jepa_wm_pusht,54,6,fidelity_constrained_latent_only__seed11401,fidelity_constrained_latent_only,11401,2,13537,3,0.8533901223336309,0.1412244470232876,0.26008540625048937,0.26008540625048937,True,False,False,2,4
PushT,jepa_wm_pusht,54,6,fidelity_constrained_latent_only__seed11401,fidelity_constrained_latent_only,11401,0,13501,6,1.6687671292111055,0.1005509547744337,0.46559384033378,0.46559384033378,True,False,False,2,4
PushT,jepa_wm_pusht,54,6,fidelity_constrained_latent_only__seed11401,fidelity_constrained_latent_only,11401,1,13519,6,1.8006206853483584,0.1005509547744337,0.46559384033378,0.46559384033378,True,False,False,2,4
PushT,jepa_wm_pusht,54,6,fidelity_constrained_latent_only__seed11401,fidelity_constrained_latent_only,11401,2,13537,6,1.7766646828455495,0.1005509547744337,0.4888760936865212,0.4888760936865212,True,False,False,3,4
PushT,jepa_wm_pusht,55,6,fidelity_constrained_latent_only__seed11401,fidelity_constrained_latent_only,11401,0,13501,1,7.4157538468798165,1.0,1.0,1.0,True,False,False,6,0
PushT,jepa_wm_pusht,55,6,fidelity_constrained_latent_only__seed11401,fidelity_constrained_latent_only,11401,1,13519,1,12.432725212804712,1.0,0.0,0.0,True,False,True,8,0
PushT,jepa_wm_pusht,55,6,fidelity_constrained_latent_only__seed11401,fidelity_constrained_latent_only,11401,2,13537,1,4.949937938840478,1.0,0.0,0.0,True,False,True,1,0
PushT,jepa_wm_pusht,55,6,fidelity_constrained_latent_only__seed11401,fidelity_constrained_latent_only,11401,0,13501,3,1.609474160048605,0.031059595022704112,0.0,0.0,True,False,True,8,8
PushT,jepa_wm_pusht,55,6,fidelity_constrained_latent_only__seed11401,fidelity_constrained_latent_only,11401,1,13519,3,2.4551067543988685,0.031059595022704112,1.0,1.0,True,False,False,6,8
PushT,jepa_wm_pusht,55,6,fidelity_constrained_latent_only__seed11401,fidelity_constrained_latent_only,11401,2,13537,3,1.2902580633716763,0.031059595022704112,0.5069549095951416,0.5069549095951416,True,False,False,4,8
PushT,jepa_wm_pusht,55,6,fidelity_constrained_latent_only__seed11401,fidelity_constrained_latent_only,11401,0,13501,6,1.7599524799496025,0.15704590216781106,1.0,1.0,True,False,False,6,3
PushT,jepa_wm_pusht,55,6,fidelity_constrained_latent_only__seed11401,fidelity_constrained_latent_only,11401,1,13519,6,1.3171604709131228,0.15704590216781106,0.15704590216781106,0.15704590216781106,True,False,False,2,3
PushT,jepa_wm_pusht,55,6,fidelity_constrained_latent_only__seed11401,fidelity_constrained_latent_only,11401,2,13537,6,1.6649239287237196,0.15704590216781106,1.0,1.0,True,False,False,6,3
PushT,jepa_wm_pusht,8,1,fidelity_constrained_shuffled_geometry__seed11401,fidelity_constrained_shuffled_geometry,11401,0,13501,1,2.7831217119306033,0.01282478008355127,0.6955643107020344,0.6955643107020344,True,False,False,9,1
PushT,jepa_wm_pusht,8,1,fidelity_constrained_shuffled_geometry__seed11401,fidelity_constrained_shuffled_geometry,11401,1,13519,1,1.7835206365435878,0.01282478008355127,0.28610195971877866,0.28610195971877866,True,False,False,8,1
PushT,jepa_wm_pusht,8,1,fidelity_constrained_shuffled_geometry__seed11401,fidelity_constrained_shuffled_geometry,11401,2,13537,1,4.503091443187081,0.01282478008355127,0.28610195971877866,0.28610195971877866,True,False,False,8,1
PushT,jepa_wm_pusht,8,1,fidelity_constrained_shuffled_geometry__seed11401,fidelity_constrained_shuffled_geometry,11401,0,13501,3,2.8334014385034965,0.008427652349288942,1.0,1.0,True,False,False,8,6
PushT,jepa_wm_pusht,8,1,fidelity_constrained_shuffled_geometry__seed11401,fidelity_constrained_shuffled_geometry,11401,1,13519,3,1.3428712675158132,0.008427652349288942,0.0,0.0,True,False,True,6,6
PushT,jepa_wm_pusht,8,1,fidelity_constrained_shuffled_geometry__seed11401,fidelity_constrained_shuffled_geometry,11401,2,13537,3,2.1850555450047735,0.008427652349288942,1.0,1.0,True,False,False,8,6
PushT,jepa_wm_pusht,8,1,fidelity_constrained_shuffled_geometry__seed11401,fidelity_constrained_shuffled_geometry,11401,0,13501,6,1.6964159788282946,0.06182193572814055,1.0,1.0,True,False,False,3,1
PushT,jepa_wm_pusht,8,1,fidelity_constrained_shuffled_geometry__seed11401,fidelity_constrained_shuffled_geometry,11401,1,13519,6,2.0618185946720606,0.06182193572814055,1.0,1.0,True,False,False,3,1
PushT,jepa_wm_pusht,8,1,fidelity_constrained_shuffled_geometry__seed11401,fidelity_constrained_shuffled_geometry,11401,2,13537,6,1.2766235753959208,0.06182193572814055,0.06384650595620604,0.06384650595620604,True,False,False,6,1
PushT,jepa_wm_pusht,9,1,fidelity_constrained_shuffled_geometry__seed11401,fidelity_constrained_shuffled_geometry,11401,0,13501,1,4.038255986532448,0.36553473865706543,0.0,0.0,True,False,True,0,0
PushT,jepa_wm_pusht,9,1,fidelity_constrained_shuffled_geometry__seed11401,fidelity_constrained_shuffled_geometry,11401,1,13519,1,2.6077525455862256,0.36553473865706543,0.0,0.0,True,False,True,6,0
PushT,jepa_wm_pusht,9,1,fidelity_constrained_shuffled_geometry__seed11401,fidelity_constrained_shuffled_geometry,11401,2,13537,1,2.919743246303756,0.36553473865706543,0.0,0.0,True,False,True,0,0
PushT,jepa_wm_pusht,9,1,fidelity_constrained_shuffled_geometry__seed11401,fidelity_constrained_shuffled_geometry,11401,0,13501,3,1.2257804922445386,0.09345141081727452,0.2415867066316891,0.2415867066316891,True,False,False,5,2
PushT,jepa_wm_pusht,9,1,fidelity_constrained_shuffled_geometry__seed11401,fidelity_constrained_shuffled_geometry,11401,1,13519,3,1.8069443334648718,0.09345141081727452,0.0,0.0,True,False,True,2,2
PushT,jepa_wm_pusht,9,1,fidelity_constrained_shuffled_geometry__seed11401,fidelity_constrained_shuffled_geometry,11401,2,13537,3,1.555959104620702,0.09345141081727452,0.7286493483691098,0.7286493483691098,True,False,False,7,2
PushT,jepa_wm_pusht,9,1,fidelity_constrained_shuffled_geometry__seed11401,fidelity_constrained_shuffled_geometry,11401,0,13501,6,1.24853497464304,0.0838834477847104,1.0,1.0,True,False,False,9,3
PushT,jepa_wm_pusht,9,1,fidelity_constrained_shuffled_geometry__seed11401,fidelity_constrained_shuffled_geometry,11401,1,13519,6,1.4727773364176806,0.0838834477847104,1.0,1.0,True,False,False,9,3
PushT,jepa_wm_pusht,9,1,fidelity_constrained_shuffled_geometry__seed11401,fidelity_constrained_shuffled_geometry,11401,2,13537,6,1.3400044744410229,0.0838834477847104,0.27893426755596323,0.27893426755596323,True,False,False,5,3
PushT,jepa_wm_pusht,10,1,fidelity_constrained_shuffled_geometry__seed11401,fidelity_constrained_shuffled_geometry,11401,0,13501,1,0.8716049611306651,0.12049358852617963,0.0,0.0,True,False,True,1,1
PushT,jepa_wm_pusht,10,1,fidelity_constrained_shuffled_geometry__seed11401,fidelity_constrained_shuffled_geometry,11401,1,13519,1,1.4222482967956294,0.12049358852617963,0.620166319521398,0.620166319521398,True,False,False,6,1
PushT,jepa_wm_pusht,10,1,fidelity_constrained_shuffled_geometry__seed11401,fidelity_constrained_shuffled_geometry,11401,2,13537,1,0.7720418195543649,0.12049358852617963,0.12049358852617963,0.12049358852617963,True,False,False,4,1
PushT,jepa_wm_pusht,10,1,fidelity_constrained_shuffled_geometry__seed11401,fidelity_constrained_shuffled_geometry,11401,0,13501,3,3.022316708361597,0.1030047197118212,0.0,0.0,True,False,True,6,6
PushT,jepa_wm_pusht,10,1,fidelity_constrained_shuffled_geometry__seed11401,fidelity_constrained_shuffled_geometry,11401,1,13519,3,1.0939406545724766,0.1030047197118212,0.1030047197118212,0.1030047197118212,True,False,False,4,6
PushT,jepa_wm_pusht,10,1,fidelity_constrained_shuffled_geometry__seed11401,fidelity_constrained_shuffled_geometry,11401,2,13537,3,1.2362337686054623,0.1030047197118212,0.1030047197118212,0.1030047197118212,True,False,False,4,6
PushT,jepa_wm_pusht,10,1,fidelity_constrained_shuffled_geometry__seed11401,fidelity_constrained_shuffled_geometry,11401,0,13501,6,2.4270174403924347,0.2310393760683955,0.2310393760683955,0.2310393760683955,True,False,False,4,6
PushT,jepa_wm_pusht,10,1,fidelity_constrained_shuffled_geometry__seed11401,fidelity_constrained_shuffled_geometry,11401,1,13519,6,2.045316783053264,0.2310393760683955,0.6789019354624969,0.6789019354624969,True,False,False,3,6
PushT,jepa_wm_pusht,10,1,fidelity_constrained_shuffled_geometry__seed11401,fidelity_constrained_shuffled_geometry,11401,2,13537,6,1.961713213787736,0.2310393760683955,0.6789019354624969,0.6789019354624969,True,False,False,2,6
PushT,jepa_wm_pusht,11,1,fidelity_constrained_shuffled_geometry__seed11401,fidelity_constrained_shuffled_geometry,11401,0,13501,1,5.454056058508626,0.41336878890994966,0.45140758138381915,0.45140758138381915,True,False,False,6,7
PushT,jepa_wm_pusht,11,1,fidelity_constrained_shuffled_geometry__seed11401,fidelity_constrained_shuffled_geometry,11401,1,13519,1,2.5275376444341853,0.41336878890994966,0.6306193291317473,0.6306193291317473,True,False,False,4,7
PushT,jepa_wm_pusht,11,1,fidelity_constrained_shuffled_geometry__seed11401,fidelity_constrained_shuffled_geometry,11401,2,13537,1,2.686420882406631,0.41336878890994966,0.0,0.0,True,False,True,7,7
PushT,jepa_wm_pusht,11,1,fidelity_constrained_shuffled_geometry__seed11401,fidelity_constrained_shuffled_geometry,11401,0,13501,3,0.6841991630708499,0.2748698300443903,0.0,0.0,True,False,True,6,6
PushT,jepa_wm_pusht,11,1,fidelity_constrained_shuffled_geometry__seed11401,fidelity_constrained_shuffled_geometry,11401,1,13519,3,0.24824532099041283,0.2748698300443903,0.0,0.0,True,True,True,6,6
PushT,jepa_wm_pusht,11,1,fidelity_constrained_shuffled_geometry__seed11401,fidelity_constrained_shuffled_geometry,11401,2,13537,3,0.9351595777641473,0.2748698300443903,0.0,0.0,True,False,True,6,6
PushT,jepa_wm_pusht,11,1,fidelity_constrained_shuffled_geometry__seed11401,fidelity_constrained_shuffled_geometry,11401,0,13501,6,1.3162776666402236,0.2434864252420023,0.0,0.0,True,False,True,6,6
PushT,jepa_wm_pusht,11,1,fidelity_constrained_shuffled_geometry__seed11401,fidelity_constrained_shuffled_geometry,11401,1,13519,6,1.3943980352658238,0.2434864252420023,0.0,0.0,True,False,True,6,6
PushT,jepa_wm_pusht,11,1,fidelity_constrained_shuffled_geometry__seed11401,fidelity_constrained_shuffled_geometry,11401,2,13537,6,0.8987820660270507,0.2434864252420023,0.0,0.0,True,False,True,6,6
PushT,jepa_wm_pusht,12,1,fidelity_constrained_shuffled_geometry__seed11401,fidelity_constrained_shuffled_geometry,11401,0,13501,1,1.10798417423222,0.09450672487896075,0.30421178027634105,0.30421178027634105,True,False,False,1,6
PushT,jepa_wm_pusht,12,1,fidelity_constrained_shuffled_geometry__seed11401,fidelity_constrained_shuffled_geometry,11401,1,13519,1,1.5730369365996217,0.09450672487896075,0.8207654932996075,0.8207654932996075,True,False,False,0,6
PushT,jepa_wm_pusht,12,1,fidelity_constrained_shuffled_geometry__seed11401,fidelity_constrained_shuffled_geometry,11401,2,13537,1,3.076950601739708,0.09450672487896075,0.8864419510504964,0.8864419510504964,True,False,False,7,6
PushT,jepa_wm_pusht,12,1,fidelity_constrained_shuffled_geometry__seed11401,fidelity_constrained_shuffled_geometry,11401,0,13501,3,1.1950868495073628,0.05556742065693472,0.0,0.0,True,False,True,4,4
PushT,jepa_wm_pusht,12,1,fidelity_constrained_shuffled_geometry__seed11401,fidelity_constrained_shuffled_geometry,11401,1,13519,3,1.163007551566747,0.05556742065693472,0.05556742065693472,0.05556742065693472,True,False,False,6,4
PushT,jepa_wm_pusht,12,1,fidelity_constrained_shuffled_geometry__seed11401,fidelity_constrained_shuffled_geometry,11401,2,13537,3,1.2682676936973094,0.05556742065693472,0.0,0.0,True,False,True,4,4
PushT,jepa_wm_pusht,12,1,fidelity_constrained_shuffled_geometry__seed11401,fidelity_constrained_shuffled_geometry,11401,0,13501,6,1.018636682897803,0.01885074951463251,0.01885074951463251,0.01885074951463251,True,False,False,4,2
PushT,jepa_wm_pusht,12,1,fidelity_constrained_shuffled_geometry__seed11401,fidelity_constrained_shuffled_geometry,11401,1,13519,6,0.9170960082398301,0.01885074951463251,0.0,0.0,True,False,True,2,2
PushT,jepa_wm_pusht,12,1,fidelity_constrained_shuffled_geometry__seed11401,fidelity_constrained_shuffled_geometry,11401,2,13537,6,0.9450210908363593,0.01885074951463251,0.01885074951463251,0.01885074951463251,True,False,False,4,2
PushT,jepa_wm_pusht,13,1,fidelity_constrained_shuffled_geometry__seed11401,fidelity_constrained_shuffled_geometry,11401,0,13501,1,1.4688525780183397,0.05717193711490079,0.7753823480956951,0.7753823480956951,True,False,False,7,6
PushT,jepa_wm_pusht,13,1,fidelity_constrained_shuffled_geometry__seed11401,fidelity_constrained_shuffled_geometry,11401,1,13519,1,1.8183242803764164,0.05717193711490079,1.0,1.0,True,False,False,9,6
PushT,jepa_wm_pusht,13,1,fidelity_constrained_shuffled_geometry__seed11401,fidelity_constrained_shuffled_geometry,11401,2,13537,1,3.3702909566124384,0.05717193711490079,1.0,1.0,True,False,False,9,6
PushT,jepa_wm_pusht,13,1,fidelity_constrained_shuffled_geometry__seed11401,fidelity_constrained_shuffled_geometry,11401,0,13501,3,0.8514936683663412,0.0161718104917741,0.0161718104917741,0.0161718104917741,True,False,False,4,2
PushT,jepa_wm_pusht,13,1,fidelity_constrained_shuffled_geometry__seed11401,fidelity_constrained_shuffled_geometry,11401,1,13519,3,1.0152514451243624,0.0161718104917741,0.0,0.0,True,False,True,2,2
PushT,jepa_wm_pusht,13,1,fidelity_constrained_shuffled_geometry__seed11401,fidelity_constrained_shuffled_geometry,11401,2,13537,3,1.219464781376859,0.0161718104917741,0.0161718104917741,0.0161718104917741,True,False,False,4,2
PushT,jepa_wm_pusht,13,1,fidelity_constrained_shuffled_geometry__seed11401,fidelity_constrained_shuffled_geometry,11401,0,13501,6,0.9013282254289275,0.05290481855690444,0.0,0.0,True,False,True,2,2
PushT,jepa_wm_pusht,13,1,fidelity_constrained_shuffled_geometry__seed11401,fidelity_constrained_shuffled_geometry,11401,1,13519,6,0.9044082148853884,0.05290481855690444,0.0,0.0,True,False,True,2,2
PushT,jepa_wm_pusht,13,1,fidelity_constrained_shuffled_geometry__seed11401,fidelity_constrained_shuffled_geometry,11401,2,13537,6,1.0458870244664793,0.05290481855690444,0.05290481855690444,0.05290481855690444,True,False,False,4,2
PushT,jepa_wm_pusht,14,1,fidelity_constrained_shuffled_geometry__seed11401,fidelity_constrained_shuffled_geometry,11401,0,13501,1,23055.49385427178,inf,0.0,0.0,True,False,True,7,0
PushT,jepa_wm_pusht,14,1,fidelity_constrained_shuffled_geometry__seed11401,fidelity_constrained_shuffled_geometry,11401,1,13519,1,23320.130079562834,inf,0.0,0.0,True,False,True,7,0
PushT,jepa_wm_pusht,14,1,fidelity_constrained_shuffled_geometry__seed11401,fidelity_constrained_shuffled_geometry,11401,2,13537,1,39517.78644919034,inf,0.0,0.0,True,False,True,1,0
PushT,jepa_wm_pusht,14,1,fidelity_constrained_shuffled_geometry__seed11401,fidelity_constrained_shuffled_geometry,11401,0,13501,3,1.0334822024433872,0.22439910568143512,0.22439910568143512,0.22439910568143512,True,False,False,5,2
PushT,jepa_wm_pusht,14,1,fidelity_constrained_shuffled_geometry__seed11401,fidelity_constrained_shuffled_geometry,11401,1,13519,3,1.1796536774099065,0.22439910568143512,0.0,0.0,True,False,True,2,2
PushT,jepa_wm_pusht,14,1,fidelity_constrained_shuffled_geometry__seed11401,fidelity_constrained_shuffled_geometry,11401,2,13537,3,1.0008540015991334,0.22439910568143512,0.22439910568143512,0.22439910568143512,True,False,False,5,2
PushT,jepa_wm_pusht,14,1,fidelity_constrained_shuffled_geometry__seed11401,fidelity_constrained_shuffled_geometry,11401,0,13501,6,0.5408548107214758,0.10985312473301036,0.0,0.0,True,False,True,2,2
PushT,jepa_wm_pusht,14,1,fidelity_constrained_shuffled_geometry__seed11401,fidelity_constrained_shuffled_geometry,11401,1,13519,6,0.6418056237858609,0.10985312473301036,0.0,0.0,True,False,True,2,2
PushT,jepa_wm_pusht,14,1,fidelity_constrained_shuffled_geometry__seed11401,fidelity_constrained_shuffled_geometry,11401,2,13537,6,0.5278776164478185,0.10985312473301036,0.0,0.0,True,False,True,2,2
PushT,jepa_wm_pusht,15,1,fidelity_constrained_shuffled_geometry__seed11401,fidelity_constrained_shuffled_geometry,11401,0,13501,1,65370.57787141161,inf,0.0,0.0,True,False,True,7,0
PushT,jepa_wm_pusht,15,1,fidelity_constrained_shuffled_geometry__seed11401,fidelity_constrained_shuffled_geometry,11401,1,13519,1,26361.76373635296,inf,0.0,0.0,True,False,True,4,0
PushT,jepa_wm_pusht,15,1,fidelity_constrained_shuffled_geometry__seed11401,fidelity_constrained_shuffled_geometry,11401,2,13537,1,38253.576541372495,inf,0.0,0.0,True,False,True,4,0
PushT,jepa_wm_pusht,15,1,fidelity_constrained_shuffled_geometry__seed11401,fidelity_constrained_shuffled_geometry,11401,0,13501,3,1.9627111689670675,0.3147370809376674,0.0,0.0,True,False,True,2,2
PushT,jepa_wm_pusht,15,1,fidelity_constrained_shuffled_geometry__seed11401,fidelity_constrained_shuffled_geometry,11401,1,13519,3,0.4715028424931439,0.3147370809376674,0.3147370809376674,0.3147370809376674,True,False,False,5,2
PushT,jepa_wm_pusht,15,1,fidelity_constrained_shuffled_geometry__seed11401,fidelity_constrained_shuffled_geometry,11401,2,13537,3,0.9146010441019199,0.3147370809376674,0.0,0.0,True,False,True,2,2
PushT,jepa_wm_pusht,15,1,fidelity_constrained_shuffled_geometry__seed11401,fidelity_constrained_shuffled_geometry,11401,0,13501,6,0.9062492024534492,0.04855924422800973,0.0,0.0,True,False,True,3,3
PushT,jepa_wm_pusht,15,1,fidelity_constrained_shuffled_geometry__seed11401,fidelity_constrained_shuffled_geometry,11401,1,13519,6,0.656767606684253,0.04855924422800973,0.0,0.0,True,False,True,3,3
PushT,jepa_wm_pusht,15,1,fidelity_constrained_shuffled_geometry__seed11401,fidelity_constrained_shuffled_geometry,11401,2,13537,6,0.9753592725474145,0.04855924422800973,0.0,0.0,True,False,True,3,3
PushT,jepa_wm_pusht,16,2,fidelity_constrained_shuffled_geometry__seed11401,fidelity_constrained_shuffled_geometry,11401,0,13501,1,0.6124710020805695,0.04667333317829818,0.0,0.0,True,False,True,4,4
PushT,jepa_wm_pusht,16,2,fidelity_constrained_shuffled_geometry__seed11401,fidelity_constrained_shuffled_geometry,11401,1,13519,1,1.0480393435909372,0.04667333317829818,0.04667333317829818,0.04667333317829818,True,False,False,6,4
PushT,jepa_wm_pusht,16,2,fidelity_constrained_shuffled_geometry__seed11401,fidelity_constrained_shuffled_geometry,11401,2,13537,1,1.3006349926265988,0.04667333317829818,0.04667333317829818,0.04667333317829818,True,False,False,6,4
PushT,jepa_wm_pusht,16,2,fidelity_constrained_shuffled_geometry__seed11401,fidelity_constrained_shuffled_geometry,11401,0,13501,3,0.750718339907224,0.32628899571658077,0.0,0.0,True,False,True,6,6
PushT,jepa_wm_pusht,16,2,fidelity_constrained_shuffled_geometry__seed11401,fidelity_constrained_shuffled_geometry,11401,1,13519,3,1.2089678152564367,0.32628899571658077,0.0,0.0,True,False,True,6,6
PushT,jepa_wm_pusht,16,2,fidelity_constrained_shuffled_geometry__seed11401,fidelity_constrained_shuffled_geometry,11401,2,13537,3,0.639195544707518,0.32628899571658077,0.0,0.0,True,False,True,6,6
PushT,jepa_wm_pusht,16,2,fidelity_constrained_shuffled_geometry__seed11401,fidelity_constrained_shuffled_geometry,11401,0,13501,6,0.9811927652451545,0.3019145847229555,0.0,0.0,True,False,True,6,6
PushT,jepa_wm_pusht,16,2,fidelity_constrained_shuffled_geometry__seed11401,fidelity_constrained_shuffled_geometry,11401,1,13519,6,1.1776988681743994,0.3019145847229555,0.3324250360743422,0.3324250360743422,True,False,False,1,6
PushT,jepa_wm_pusht,16,2,fidelity_constrained_shuffled_geometry__seed11401,fidelity_constrained_shuffled_geometry,11401,2,13537,6,0.8432865084677916,0.3019145847229555,0.0,0.0,True,False,True,6,6
PushT,jepa_wm_pusht,17,2,fidelity_constrained_shuffled_geometry__seed11401,fidelity_constrained_shuffled_geometry,11401,0,13501,1,35287.40396553858,inf,0.0,0.0,True,False,True,6,0
PushT,jepa_wm_pusht,17,2,fidelity_constrained_shuffled_geometry__seed11401,fidelity_constrained_shuffled_geometry,11401,1,13519,1,47262.38268308759,inf,0.0,0.0,True,False,True,6,0
PushT,jepa_wm_pusht,17,2,fidelity_constrained_shuffled_geometry__seed11401,fidelity_constrained_shuffled_geometry,11401,2,13537,1,39542.370464457046,inf,0.0,0.0,True,False,True,6,0
PushT,jepa_wm_pusht,17,2,fidelity_constrained_shuffled_geometry__seed11401,fidelity_constrained_shuffled_geometry,11401,0,13501,3,1.329721933845524,0.14967206398860944,0.5789271149086822,0.5789271149086822,True,False,False,4,2
PushT,jepa_wm_pusht,17,2,fidelity_constrained_shuffled_geometry__seed11401,fidelity_constrained_shuffled_geometry,11401,1,13519,3,1.8773966243905424,0.14967206398860944,0.0,0.0,True,False,True,2,2
PushT,jepa_wm_pusht,17,2,fidelity_constrained_shuffled_geometry__seed11401,fidelity_constrained_shuffled_geometry,11401,2,13537,3,1.4899134234217137,0.14967206398860944,0.5789271149086822,0.5789271149086822,True,False,False,4,2
PushT,jepa_wm_pusht,17,2,fidelity_constrained_shuffled_geometry__seed11401,fidelity_constrained_shuffled_geometry,11401,0,13501,6,0.6177866246087048,0.27989109651126526,0.0,0.0,True,False,True,3,3
PushT,jepa_wm_pusht,17,2,fidelity_constrained_shuffled_geometry__seed11401,fidelity_constrained_shuffled_geometry,11401,1,13519,6,1.0788864632055293,0.27989109651126526,0.0,0.0,True,False,True,3,3
PushT,jepa_wm_pusht,17,2,fidelity_constrained_shuffled_geometry__seed11401,fidelity_constrained_shuffled_geometry,11401,2,13537,6,0.7566531259616962,0.27989109651126526,0.0,0.0,True,False,True,3,3
PushT,jepa_wm_pusht,18,2,fidelity_constrained_shuffled_geometry__seed11401,fidelity_constrained_shuffled_geometry,11401,0,13501,1,21914.608669986683,inf,0.0,0.0,True,False,True,8,0
PushT,jepa_wm_pusht,18,2,fidelity_constrained_shuffled_geometry__seed11401,fidelity_constrained_shuffled_geometry,11401,1,13519,1,31160.757641553802,inf,0.0,0.0,True,False,True,8,0
PushT,jepa_wm_pusht,18,2,fidelity_constrained_shuffled_geometry__seed11401,fidelity_constrained_shuffled_geometry,11401,2,13537,1,71384.92490067137,inf,0.0,0.0,True,False,True,9,0
PushT,jepa_wm_pusht,18,2,fidelity_constrained_shuffled_geometry__seed11401,fidelity_constrained_shuffled_geometry,11401,0,13501,3,1.5310297820809236,0.27850140655302486,0.44201480759003287,0.44201480759003287,True,False,False,5,2
PushT,jepa_wm_pusht,18,2,fidelity_constrained_shuffled_geometry__seed11401,fidelity_constrained_shuffled_geometry,11401,1,13519,3,1.2585314915482635,0.27850140655302486,0.44201480759003287,0.44201480759003287,True,False,False,5,2
PushT,jepa_wm_pusht,18,2,fidelity_constrained_shuffled_geometry__seed11401,fidelity_constrained_shuffled_geometry,11401,2,13537,3,2.175031167260625,0.27850140655302486,1.0,1.0,True,False,False,7,2
PushT,jepa_wm_pusht,18,2,fidelity_constrained_shuffled_geometry__seed11401,fidelity_constrained_shuffled_geometry,11401,0,13501,6,0.8486997101789181,0.045141008814957334,0.0,0.0,True,False,True,2,2
PushT,jepa_wm_pusht,18,2,fidelity_constrained_shuffled_geometry__seed11401,fidelity_constrained_shuffled_geometry,11401,1,13519,6,1.5369277208832153,0.045141008814957334,1.0,1.0,True,False,False,7,2
PushT,jepa_wm_pusht,18,2,fidelity_constrained_shuffled_geometry__seed11401,fidelity_constrained_shuffled_geometry,11401,2,13537,6,1.1642187260958081,0.045141008814957334,0.36289437302384253,0.36289437302384253,True,False,False,5,2
PushT,jepa_wm_pusht,19,2,fidelity_constrained_shuffled_geometry__seed11401,fidelity_constrained_shuffled_geometry,11401,0,13501,1,4.9690836004119365,0.30581859652833554,0.30581859652833554,0.30581859652833554,True,False,False,9,7
PushT,jepa_wm_pusht,19,2,fidelity_constrained_shuffled_geometry__seed11401,fidelity_constrained_shuffled_geometry,11401,1,13519,1,4.512893055551387,0.30581859652833554,0.7032907354635126,0.7032907354635126,True,False,False,5,7
PushT,jepa_wm_pusht,19,2,fidelity_constrained_shuffled_geometry__seed11401,fidelity_constrained_shuffled_geometry,11401,2,13537,1,4.217997238990373,0.30581859652833554,0.30581859652833554,0.30581859652833554,True,False,False,9,7
PushT,jepa_wm_pusht,19,2,fidelity_constrained_shuffled_geometry__seed11401,fidelity_constrained_shuffled_geometry,11401,0,13501,3,1.7268074754593246,0.08549327156519568,0.0,0.0,True,False,True,7,7
PushT,jepa_wm_pusht,19,2,fidelity_constrained_shuffled_geometry__seed11401,fidelity_constrained_shuffled_geometry,11401,1,13519,3,1.2944460921729302,0.08549327156519568,0.0,0.0,True,False,True,7,7
PushT,jepa_wm_pusht,19,2,fidelity_constrained_shuffled_geometry__seed11401,fidelity_constrained_shuffled_geometry,11401,2,13537,3,1.7538384926540995,0.08549327156519568,0.0,0.0,True,False,True,7,7
PushT,jepa_wm_pusht,19,2,fidelity_constrained_shuffled_geometry__seed11401,fidelity_constrained_shuffled_geometry,11401,0,13501,6,2.259370750668692,0.05206520357815755,0.05206520357815755,0.05206520357815755,True,False,False,7,5
PushT,jepa_wm_pusht,19,2,fidelity_constrained_shuffled_geometry__seed11401,fidelity_constrained_shuffled_geometry,11401,1,13519,6,2.0540915582860695,0.05206520357815755,0.0,0.0,True,False,True,5,5
PushT,jepa_wm_pusht,19,2,fidelity_constrained_shuffled_geometry__seed11401,fidelity_constrained_shuffled_geometry,11401,2,13537,6,2.6577645375070347,0.05206520357815755,0.05206520357815755,0.05206520357815755,True,False,False,7,5
PushT,jepa_wm_pusht,20,2,fidelity_constrained_shuffled_geometry__seed11401,fidelity_constrained_shuffled_geometry,11401,0,13501,1,1.359142567826569,0.071849549171498,0.071849549171498,0.071849549171498,True,False,False,6,8
PushT,jepa_wm_pusht,20,2,fidelity_constrained_shuffled_geometry__seed11401,fidelity_constrained_shuffled_geometry,11401,1,13519,1,1.1725862523720139,0.071849549171498,0.071849549171498,0.071849549171498,True,False,False,6,8
PushT,jepa_wm_pusht,20,2,fidelity_constrained_shuffled_geometry__seed11401,fidelity_constrained_shuffled_geometry,11401,2,13537,1,2.0819530212107056,0.071849549171498,0.0,0.0,True,False,True,8,8
PushT,jepa_wm_pusht,20,2,fidelity_constrained_shuffled_geometry__seed11401,fidelity_constrained_shuffled_geometry,11401,0,13501,3,1.1324939594996473,0.06837919317243876,0.06837919317243876,0.06837919317243876,True,False,False,6,8
PushT,jepa_wm_pusht,20,2,fidelity_constrained_shuffled_geometry__seed11401,fidelity_constrained_shuffled_geometry,11401,1,13519,3,1.9338792123696682,0.06837919317243876,0.6926795848253594,0.6926795848253594,True,False,False,2,8
PushT,jepa_wm_pusht,20,2,fidelity_constrained_shuffled_geometry__seed11401,fidelity_constrained_shuffled_geometry,11401,2,13537,3,1.3980287860006544,0.06837919317243876,0.06837919317243876,0.06837919317243876,True,False,False,6,8
PushT,jepa_wm_pusht,20,2,fidelity_constrained_shuffled_geometry__seed11401,fidelity_constrained_shuffled_geometry,11401,0,13501,6,1.8477084216252257,0.056057307459408214,1.0,1.0,True,False,False,3,8
PushT,jepa_wm_pusht,20,2,fidelity_constrained_shuffled_geometry__seed11401,fidelity_constrained_shuffled_geometry,11401,1,13519,6,1.9790493198349355,0.056057307459408214,1.0,1.0,True,False,False,3,8
PushT,jepa_wm_pusht,20,2,fidelity_constrained_shuffled_geometry__seed11401,fidelity_constrained_shuffled_geometry,11401,2,13537,6,1.5438960305245344,0.056057307459408214,0.1759710011304932,0.1759710011304932,True,False,False,4,8
PushT,jepa_wm_pusht,21,2,fidelity_constrained_shuffled_geometry__seed11401,fidelity_constrained_shuffled_geometry,11401,0,13501,1,46445.28229584616,inf,0.0,0.0,True,False,True,9,0
PushT,jepa_wm_pusht,21,2,fidelity_constrained_shuffled_geometry__seed11401,fidelity_constrained_shuffled_geometry,11401,1,13519,1,36494.83237119994,inf,0.0,0.0,True,False,True,4,0
PushT,jepa_wm_pusht,21,2,fidelity_constrained_shuffled_geometry__seed11401,fidelity_constrained_shuffled_geometry,11401,2,13537,1,32333.98325891648,inf,0.0,0.0,True,False,True,0,0
PushT,jepa_wm_pusht,21,2,fidelity_constrained_shuffled_geometry__seed11401,fidelity_constrained_shuffled_geometry,11401,0,13501,3,1.9686302250787096,0.10022651401688715,0.10022651401688715,0.10022651401688715,True,False,False,5,2
PushT,jepa_wm_pusht,21,2,fidelity_constrained_shuffled_geometry__seed11401,fidelity_constrained_shuffled_geometry,11401,1,13519,3,2.539543318753312,0.10022651401688715,0.7585503102919223,0.7585503102919223,True,False,False,4,2
PushT,jepa_wm_pusht,21,2,fidelity_constrained_shuffled_geometry__seed11401,fidelity_constrained_shuffled_geometry,11401,2,13537,3,3.3381981919575083,0.10022651401688715,0.6588348079990693,0.6588348079990693,True,False,False,8,2
PushT,jepa_wm_pusht,21,2,fidelity_constrained_shuffled_geometry__seed11401,fidelity_constrained_shuffled_geometry,11401,0,13501,6,0.8062113184368201,0.32957479347041385,0.0,0.0,True,False,True,3,3
PushT,jepa_wm_pusht,21,2,fidelity_constrained_shuffled_geometry__seed11401,fidelity_constrained_shuffled_geometry,11401,1,13519,6,0.7849435492373003,0.32957479347041385,0.0,0.0,True,False,True,3,3
PushT,jepa_wm_pusht,21,2,fidelity_constrained_shuffled_geometry__seed11401,fidelity_constrained_shuffled_geometry,11401,2,13537,6,0.9002853801970137,0.32957479347041385,0.0,0.0,True,False,True,3,3
PushT,jepa_wm_pusht,22,2,fidelity_constrained_shuffled_geometry__seed11401,fidelity_constrained_shuffled_geometry,11401,0,13501,1,57.22962096548837,1.0,1.0,1.0,True,False,False,0,6
PushT,jepa_wm_pusht,22,2,fidelity_constrained_shuffled_geometry__seed11401,fidelity_constrained_shuffled_geometry,11401,1,13519,1,63.57681724446946,1.0,1.0,1.0,True,False,False,4,6
PushT,jepa_wm_pusht,22,2,fidelity_constrained_shuffled_geometry__seed11401,fidelity_constrained_shuffled_geometry,11401,2,13537,1,70.14218453129517,1.0,1.0,1.0,True,False,False,8,6
PushT,jepa_wm_pusht,22,2,fidelity_constrained_shuffled_geometry__seed11401,fidelity_constrained_shuffled_geometry,11401,0,13501,3,0.8032707540723201,0.1402584854949118,0.0,0.0,True,False,True,4,4
PushT,jepa_wm_pusht,22,2,fidelity_constrained_shuffled_geometry__seed11401,fidelity_constrained_shuffled_geometry,11401,1,13519,3,1.02704010823608,0.1402584854949118,0.1402584854949118,0.1402584854949118,True,False,False,2,4
PushT,jepa_wm_pusht,22,2,fidelity_constrained_shuffled_geometry__seed11401,fidelity_constrained_shuffled_geometry,11401,2,13537,3,1.0367251592542732,0.1402584854949118,0.0,0.0,True,False,True,4,4
PushT,jepa_wm_pusht,22,2,fidelity_constrained_shuffled_geometry__seed11401,fidelity_constrained_shuffled_geometry,11401,0,13501,6,0.5832028029631767,0.16420548128968346,0.41054727963594595,0.41054727963594595,True,False,False,3,4
PushT,jepa_wm_pusht,22,2,fidelity_constrained_shuffled_geometry__seed11401,fidelity_constrained_shuffled_geometry,11401,1,13519,6,0.7473756486117126,0.16420548128968346,0.0,0.0,True,False,True,4,4
PushT,jepa_wm_pusht,22,2,fidelity_constrained_shuffled_geometry__seed11401,fidelity_constrained_shuffled_geometry,11401,2,13537,6,1.024817353910756,0.16420548128968346,0.0,0.0,True,False,True,4,4
PushT,jepa_wm_pusht,23,2,fidelity_constrained_shuffled_geometry__seed11401,fidelity_constrained_shuffled_geometry,11401,0,13501,1,1.8828607756141824,0.020457435985849055,0.8184373479905506,0.8184373479905506,True,False,False,6,9
PushT,jepa_wm_pusht,23,2,fidelity_constrained_shuffled_geometry__seed11401,fidelity_constrained_shuffled_geometry,11401,1,13519,1,1.7218216477257497,0.020457435985849055,0.29387193680648627,0.29387193680648627,True,False,False,1,9
PushT,jepa_wm_pusht,23,2,fidelity_constrained_shuffled_geometry__seed11401,fidelity_constrained_shuffled_geometry,11401,2,13537,1,1.9177515068047333,0.020457435985849055,0.8184373479905506,0.8184373479905506,True,False,False,6,9
PushT,jepa_wm_pusht,23,2,fidelity_constrained_shuffled_geometry__seed11401,fidelity_constrained_shuffled_geometry,11401,0,13501,3,1.3648672048955408,0.00801155301203528,0.24599877825290165,0.24599877825290165,True,False,False,4,9
PushT,jepa_wm_pusht,23,2,fidelity_constrained_shuffled_geometry__seed11401,fidelity_constrained_shuffled_geometry,11401,1,13519,3,0.7322346415588844,0.00801155301203528,0.10029137060733691,0.10029137060733691,True,False,False,2,9
PushT,jepa_wm_pusht,23,2,fidelity_constrained_shuffled_geometry__seed11401,fidelity_constrained_shuffled_geometry,11401,2,13537,3,1.3300770160669397,0.00801155301203528,0.24599877825290165,0.24599877825290165,True,False,False,4,9
PushT,jepa_wm_pusht,23,2,fidelity_constrained_shuffled_geometry__seed11401,fidelity_constrained_shuffled_geometry,11401,0,13501,6,1.1119609896700136,0.005423206725342201,0.00624987304378611,0.00624987304378611,True,False,False,3,9
PushT,jepa_wm_pusht,23,2,fidelity_constrained_shuffled_geometry__seed11401,fidelity_constrained_shuffled_geometry,11401,1,13519,6,1.0470776713167564,0.005423206725342201,0.01666363785413529,0.01666363785413529,True,False,False,2,9
PushT,jepa_wm_pusht,23,2,fidelity_constrained_shuffled_geometry__seed11401,fidelity_constrained_shuffled_geometry,11401,2,13537,6,1.2449040483964882,0.005423206725342201,0.00624987304378611,0.00624987304378611,True,False,False,3,9
PushT,jepa_wm_pusht,48,6,fidelity_constrained_shuffled_geometry__seed11401,fidelity_constrained_shuffled_geometry,11401,0,13501,1,3.2183273837401276,0.010481511777836317,1.0,1.0,True,False,False,8,9
PushT,jepa_wm_pusht,48,6,fidelity_constrained_shuffled_geometry__seed11401,fidelity_constrained_shuffled_geometry,11401,1,13519,1,3.1990408887878803,0.010481511777836317,0.10419362947361568,0.10419362947361568,True,False,False,5,9
PushT,jepa_wm_pusht,48,6,fidelity_constrained_shuffled_geometry__seed11401,fidelity_constrained_shuffled_geometry,11401,2,13537,1,1.6789877506541353,0.010481511777836317,0.09012243500443963,0.09012243500443963,True,False,False,0,9
PushT,jepa_wm_pusht,48,6,fidelity_constrained_shuffled_geometry__seed11401,fidelity_constrained_shuffled_geometry,11401,0,13501,3,1.0356143240387397,0.03292797551033872,0.03292797551033872,0.03292797551033872,True,False,False,7,5
PushT,jepa_wm_pusht,48,6,fidelity_constrained_shuffled_geometry__seed11401,fidelity_constrained_shuffled_geometry,11401,1,13519,3,0.4361979268558525,0.03292797551033872,0.03292797551033872,0.03292797551033872,True,False,False,7,5
PushT,jepa_wm_pusht,48,6,fidelity_constrained_shuffled_geometry__seed11401,fidelity_constrained_shuffled_geometry,11401,2,13537,3,0.9998506787781325,0.03292797551033872,0.0,0.0,True,False,True,5,5
PushT,jepa_wm_pusht,48,6,fidelity_constrained_shuffled_geometry__seed11401,fidelity_constrained_shuffled_geometry,11401,0,13501,6,0.7146838728490428,0.0189945493625357,0.0,0.0,True,False,True,5,5
PushT,jepa_wm_pusht,48,6,fidelity_constrained_shuffled_geometry__seed11401,fidelity_constrained_shuffled_geometry,11401,1,13519,6,1.126338798592478,0.0189945493625357,0.0,0.0,True,False,True,5,5
PushT,jepa_wm_pusht,48,6,fidelity_constrained_shuffled_geometry__seed11401,fidelity_constrained_shuffled_geometry,11401,2,13537,6,0.8826254200708976,0.0189945493625357,0.0,0.0,True,False,True,5,5
PushT,jepa_wm_pusht,49,6,fidelity_constrained_shuffled_geometry__seed11401,fidelity_constrained_shuffled_geometry,11401,0,13501,1,1.7162704192297682,0.021846463468537518,0.3961841050703398,0.3961841050703398,True,False,False,9,5
PushT,jepa_wm_pusht,49,6,fidelity_constrained_shuffled_geometry__seed11401,fidelity_constrained_shuffled_geometry,11401,1,13519,1,1.291749522962271,0.021846463468537518,0.19612234939085493,0.19612234939085493,True,False,False,1,5
PushT,jepa_wm_pusht,49,6,fidelity_constrained_shuffled_geometry__seed11401,fidelity_constrained_shuffled_geometry,11401,2,13537,1,1.9870281217720693,0.021846463468537518,0.3961841050703398,0.3961841050703398,True,False,False,9,5
PushT,jepa_wm_pusht,49,6,fidelity_constrained_shuffled_geometry__seed11401,fidelity_constrained_shuffled_geometry,11401,0,13501,3,0.6107724839195338,0.045795884377635314,0.09255210046541218,0.09255210046541218,True,False,False,7,5
PushT,jepa_wm_pusht,49,6,fidelity_constrained_shuffled_geometry__seed11401,fidelity_constrained_shuffled_geometry,11401,1,13519,3,0.3351784227167015,0.045795884377635314,0.0,0.0,True,False,True,5,5
PushT,jepa_wm_pusht,49,6,fidelity_constrained_shuffled_geometry__seed11401,fidelity_constrained_shuffled_geometry,11401,2,13537,3,0.8016378711490857,0.045795884377635314,0.0,0.0,True,False,True,5,5
PushT,jepa_wm_pusht,49,6,fidelity_constrained_shuffled_geometry__seed11401,fidelity_constrained_shuffled_geometry,11401,0,13501,6,0.6372458998806593,0.016722331142878723,0.0,0.0,True,False,True,5,5
PushT,jepa_wm_pusht,49,6,fidelity_constrained_shuffled_geometry__seed11401,fidelity_constrained_shuffled_geometry,11401,1,13519,6,0.8747632164900393,0.016722331142878723,0.11307668388713481,0.11307668388713481,True,False,False,7,5
PushT,jepa_wm_pusht,49,6,fidelity_constrained_shuffled_geometry__seed11401,fidelity_constrained_shuffled_geometry,11401,2,13537,6,0.6201454229058586,0.016722331142878723,0.0,0.0,True,False,True,5,5
PushT,jepa_wm_pusht,50,6,fidelity_constrained_shuffled_geometry__seed11401,fidelity_constrained_shuffled_geometry,11401,0,13501,1,3.2227819776661986,0.026574968337305327,0.6799325238708473,0.6799325238708473,True,False,False,8,1
PushT,jepa_wm_pusht,50,6,fidelity_constrained_shuffled_geometry__seed11401,fidelity_constrained_shuffled_geometry,11401,1,13519,1,2.662374202827259,0.026574968337305327,1.0,1.0,True,False,False,0,1
PushT,jepa_wm_pusht,50,6,fidelity_constrained_shuffled_geometry__seed11401,fidelity_constrained_shuffled_geometry,11401,2,13537,1,2.0611791541773825,0.026574968337305327,0.932744916162424,0.932744916162424,True,False,False,9,1
PushT,jepa_wm_pusht,50,6,fidelity_constrained_shuffled_geometry__seed11401,fidelity_constrained_shuffled_geometry,11401,0,13501,3,1.1480312863024167,0.12856031447576668,0.0,0.0,True,False,True,2,2
PushT,jepa_wm_pusht,50,6,fidelity_constrained_shuffled_geometry__seed11401,fidelity_constrained_shuffled_geometry,11401,1,13519,3,1.7403565350764512,0.12856031447576668,1.0,1.0,True,False,False,0,2
PushT,jepa_wm_pusht,50,6,fidelity_constrained_shuffled_geometry__seed11401,fidelity_constrained_shuffled_geometry,11401,2,13537,3,0.6342755490372554,0.12856031447576668,0.0,0.0,True,False,True,2,2
PushT,jepa_wm_pusht,50,6,fidelity_constrained_shuffled_geometry__seed11401,fidelity_constrained_shuffled_geometry,11401,0,13501,6,1.1907565278109185,0.022119626255265364,0.022119626255265364,0.022119626255265364,True,False,False,3,2
PushT,jepa_wm_pusht,50,6,fidelity_constrained_shuffled_geometry__seed11401,fidelity_constrained_shuffled_geometry,11401,1,13519,6,1.3465539905789765,0.022119626255265364,0.19887118635918416,0.19887118635918416,True,False,False,1,2
PushT,jepa_wm_pusht,50,6,fidelity_constrained_shuffled_geometry__seed11401,fidelity_constrained_shuffled_geometry,11401,2,13537,6,0.9067101235167239,0.022119626255265364,0.0,0.0,True,False,True,2,2
PushT,jepa_wm_pusht,51,6,fidelity_constrained_shuffled_geometry__seed11401,fidelity_constrained_shuffled_geometry,11401,0,13501,1,0.7328421073103616,0.15725227350300996,0.0,0.0,True,False,True,9,9
PushT,jepa_wm_pusht,51,6,fidelity_constrained_shuffled_geometry__seed11401,fidelity_constrained_shuffled_geometry,11401,1,13519,1,2.165864106530874,0.15725227350300996,0.6974113697977925,0.6974113697977925,True,False,False,1,9
PushT,jepa_wm_pusht,51,6,fidelity_constrained_shuffled_geometry__seed11401,fidelity_constrained_shuffled_geometry,11401,2,13537,1,0.82075464641745,0.15725227350300996,0.3905729249325504,0.3905729249325504,True,False,False,5,9
PushT,jepa_wm_pusht,51,6,fidelity_constrained_shuffled_geometry__seed11401,fidelity_constrained_shuffled_geometry,11401,0,13501,3,0.5279077187541696,0.3533778267573249,0.0,0.0,True,False,True,9,9
PushT,jepa_wm_pusht,51,6,fidelity_constrained_shuffled_geometry__seed11401,fidelity_constrained_shuffled_geometry,11401,1,13519,3,0.6104667798883694,0.3533778267573249,0.0,0.0,True,False,True,9,9
PushT,jepa_wm_pusht,51,6,fidelity_constrained_shuffled_geometry__seed11401,fidelity_constrained_shuffled_geometry,11401,2,13537,3,0.7077862840081709,0.3533778267573249,0.0,0.0,True,False,True,9,9
PushT,jepa_wm_pusht,51,6,fidelity_constrained_shuffled_geometry__seed11401,fidelity_constrained_shuffled_geometry,11401,0,13501,6,0.8763122761396325,0.7256929271533445,0.0,0.0,True,False,True,9,9
PushT,jepa_wm_pusht,51,6,fidelity_constrained_shuffled_geometry__seed11401,fidelity_constrained_shuffled_geometry,11401,1,13519,6,0.9279538235113414,0.7256929271533445,0.842907939437964,0.842907939437964,True,False,False,4,9
PushT,jepa_wm_pusht,51,6,fidelity_constrained_shuffled_geometry__seed11401,fidelity_constrained_shuffled_geometry,11401,2,13537,6,0.7442581795220002,0.7256929271533445,0.0,0.0,True,False,True,9,9
PushT,jepa_wm_pusht,52,6,fidelity_constrained_shuffled_geometry__seed11401,fidelity_constrained_shuffled_geometry,11401,0,13501,1,97.9347617466545,1.0,0.0,0.0,True,False,True,8,0
PushT,jepa_wm_pusht,52,6,fidelity_constrained_shuffled_geometry__seed11401,fidelity_constrained_shuffled_geometry,11401,1,13519,1,110.50256037024475,1.0,0.0,0.0,True,False,True,9,0
PushT,jepa_wm_pusht,52,6,fidelity_constrained_shuffled_geometry__seed11401,fidelity_constrained_shuffled_geometry,11401,2,13537,1,139.67036826557492,1.0,0.0,0.0,True,False,True,8,0
PushT,jepa_wm_pusht,52,6,fidelity_constrained_shuffled_geometry__seed11401,fidelity_constrained_shuffled_geometry,11401,0,13501,3,1.4121117360012672,0.13522847553569003,0.0,0.0,True,False,True,2,2
PushT,jepa_wm_pusht,52,6,fidelity_constrained_shuffled_geometry__seed11401,fidelity_constrained_shuffled_geometry,11401,1,13519,3,1.4778969282832979,0.13522847553569003,0.16532943752242021,0.16532943752242021,True,False,False,5,2
PushT,jepa_wm_pusht,52,6,fidelity_constrained_shuffled_geometry__seed11401,fidelity_constrained_shuffled_geometry,11401,2,13537,3,1.5546796916036325,0.13522847553569003,0.16532943752242021,0.16532943752242021,True,False,False,5,2
PushT,jepa_wm_pusht,52,6,fidelity_constrained_shuffled_geometry__seed11401,fidelity_constrained_shuffled_geometry,11401,0,13501,6,0.5197632923291516,0.16598777328898245,0.16598777328898245,0.16598777328898245,True,False,False,2,3
PushT,jepa_wm_pusht,52,6,fidelity_constrained_shuffled_geometry__seed11401,fidelity_constrained_shuffled_geometry,11401,1,13519,6,0.8506207079732506,0.16598777328898245,0.0,0.0,True,False,True,3,3
PushT,jepa_wm_pusht,52,6,fidelity_constrained_shuffled_geometry__seed11401,fidelity_constrained_shuffled_geometry,11401,2,13537,6,1.04325401374277,0.16598777328898245,0.0,0.0,True,False,True,3,3
PushT,jepa_wm_pusht,53,6,fidelity_constrained_shuffled_geometry__seed11401,fidelity_constrained_shuffled_geometry,11401,0,13501,1,0.8750840685270614,0.014162641733778705,0.22071215478288175,0.22071215478288175,True,False,False,1,9
PushT,jepa_wm_pusht,53,6,fidelity_constrained_shuffled_geometry__seed11401,fidelity_constrained_shuffled_geometry,11401,1,13519,1,1.2821787223172154,0.014162641733778705,0.08395759494435326,0.08395759494435326,True,False,False,0,9
PushT,jepa_wm_pusht,53,6,fidelity_constrained_shuffled_geometry__seed11401,fidelity_constrained_shuffled_geometry,11401,2,13537,1,1.7726789915863799,0.014162641733778705,0.056336870443013255,0.056336870443013255,True,False,False,5,9
PushT,jepa_wm_pusht,53,6,fidelity_constrained_shuffled_geometry__seed11401,fidelity_constrained_shuffled_geometry,11401,0,13501,3,1.1457678954024737,0.02265841164096627,0.0,0.0,True,False,True,5,5
PushT,jepa_wm_pusht,53,6,fidelity_constrained_shuffled_geometry__seed11401,fidelity_constrained_shuffled_geometry,11401,1,13519,3,0.6246473809785442,0.02265841164096627,0.02265841164096627,0.02265841164096627,True,False,False,2,5
PushT,jepa_wm_pusht,53,6,fidelity_constrained_shuffled_geometry__seed11401,fidelity_constrained_shuffled_geometry,11401,2,13537,3,0.7431604627721408,0.02265841164096627,0.02265841164096627,0.02265841164096627,True,False,False,2,5
PushT,jepa_wm_pusht,53,6,fidelity_constrained_shuffled_geometry__seed11401,fidelity_constrained_shuffled_geometry,11401,0,13501,6,0.6424589713495765,0.011334226738608197,0.13701363728632635,0.13701363728632635,True,False,False,4,5
PushT,jepa_wm_pusht,53,6,fidelity_constrained_shuffled_geometry__seed11401,fidelity_constrained_shuffled_geometry,11401,1,13519,6,1.049159964982335,0.011334226738608197,0.09295638934975486,0.09295638934975486,True,False,False,7,5
PushT,jepa_wm_pusht,53,6,fidelity_constrained_shuffled_geometry__seed11401,fidelity_constrained_shuffled_geometry,11401,2,13537,6,0.6891702138588929,0.011334226738608197,0.11645392932375082,0.11645392932375082,True,False,False,1,5
PushT,jepa_wm_pusht,54,6,fidelity_constrained_shuffled_geometry__seed11401,fidelity_constrained_shuffled_geometry,11401,0,13501,1,0.9595306491217629,0.10298439972869093,0.274829989886387,0.274829989886387,True,False,False,6,4
PushT,jepa_wm_pusht,54,6,fidelity_constrained_shuffled_geometry__seed11401,fidelity_constrained_shuffled_geometry,11401,1,13519,1,2.292697516070608,0.10298439972869093,0.2607565298863312,0.2607565298863312,True,False,False,5,4
PushT,jepa_wm_pusht,54,6,fidelity_constrained_shuffled_geometry__seed11401,fidelity_constrained_shuffled_geometry,11401,2,13537,1,1.612747928259192,0.10298439972869093,0.7609758752648195,0.7609758752648195,True,False,False,8,4
PushT,jepa_wm_pusht,54,6,fidelity_constrained_shuffled_geometry__seed11401,fidelity_constrained_shuffled_geometry,11401,0,13501,3,0.8586327595585955,0.1412244470232876,0.26008540625048937,0.26008540625048937,True,False,False,2,4
PushT,jepa_wm_pusht,54,6,fidelity_constrained_shuffled_geometry__seed11401,fidelity_constrained_shuffled_geometry,11401,1,13519,3,1.2089589062463937,0.1412244470232876,0.26008540625048937,0.26008540625048937,True,False,False,2,4
PushT,jepa_wm_pusht,54,6,fidelity_constrained_shuffled_geometry__seed11401,fidelity_constrained_shuffled_geometry,11401,2,13537,3,0.6651094766132998,0.1412244470232876,0.26008540625048937,0.26008540625048937,True,False,False,2,4
PushT,jepa_wm_pusht,54,6,fidelity_constrained_shuffled_geometry__seed11401,fidelity_constrained_shuffled_geometry,11401,0,13501,6,1.4452965117850656,0.1005509547744337,0.46559384033378,0.46559384033378,True,False,False,2,4
PushT,jepa_wm_pusht,54,6,fidelity_constrained_shuffled_geometry__seed11401,fidelity_constrained_shuffled_geometry,11401,1,13519,6,1.5406147622526905,0.1005509547744337,0.46559384033378,0.46559384033378,True,False,False,2,4
PushT,jepa_wm_pusht,54,6,fidelity_constrained_shuffled_geometry__seed11401,fidelity_constrained_shuffled_geometry,11401,2,13537,6,1.2919717511015403,0.1005509547744337,0.0,0.0,True,False,True,4,4
PushT,jepa_wm_pusht,55,6,fidelity_constrained_shuffled_geometry__seed11401,fidelity_constrained_shuffled_geometry,11401,0,13501,1,5.901566622940203,1.0,1.0,1.0,True,False,False,6,0
PushT,jepa_wm_pusht,55,6,fidelity_constrained_shuffled_geometry__seed11401,fidelity_constrained_shuffled_geometry,11401,1,13519,1,11.0336896507727,1.0,0.0,0.0,True,False,True,8,0
PushT,jepa_wm_pusht,55,6,fidelity_constrained_shuffled_geometry__seed11401,fidelity_constrained_shuffled_geometry,11401,2,13537,1,5.068927827085425,1.0,0.0,0.0,True,False,True,1,0
PushT,jepa_wm_pusht,55,6,fidelity_constrained_shuffled_geometry__seed11401,fidelity_constrained_shuffled_geometry,11401,0,13501,3,1.2332436897662309,0.031059595022704112,0.0,0.0,True,False,True,8,8
PushT,jepa_wm_pusht,55,6,fidelity_constrained_shuffled_geometry__seed11401,fidelity_constrained_shuffled_geometry,11401,1,13519,3,2.0418936498578657,0.031059595022704112,1.0,1.0,True,False,False,6,8
PushT,jepa_wm_pusht,55,6,fidelity_constrained_shuffled_geometry__seed11401,fidelity_constrained_shuffled_geometry,11401,2,13537,3,1.2684178565465014,0.031059595022704112,0.031059595022704112,0.031059595022704112,True,False,False,7,8
PushT,jepa_wm_pusht,55,6,fidelity_constrained_shuffled_geometry__seed11401,fidelity_constrained_shuffled_geometry,11401,0,13501,6,1.4722553677440782,0.15704590216781106,0.15704590216781106,0.15704590216781106,True,False,False,2,3
PushT,jepa_wm_pusht,55,6,fidelity_constrained_shuffled_geometry__seed11401,fidelity_constrained_shuffled_geometry,11401,1,13519,6,1.468208573771451,0.15704590216781106,1.0,1.0,True,False,False,6,3
PushT,jepa_wm_pusht,55,6,fidelity_constrained_shuffled_geometry__seed11401,fidelity_constrained_shuffled_geometry,11401,2,13537,6,1.6918202469031303,0.15704590216781106,1.0,1.0,True,False,False,6,3
PushT,jepa_wm_pusht,8,1,fidelity_constrained_matched_geometry__seed11401,fidelity_constrained_matched_geometry,11401,0,13501,1,2.7898605535953385,0.01282478008355127,0.6955643107020344,0.6955643107020344,True,False,False,9,1
PushT,jepa_wm_pusht,8,1,fidelity_constrained_matched_geometry__seed11401,fidelity_constrained_matched_geometry,11401,1,13519,1,1.618666823620227,0.01282478008355127,0.28610195971877866,0.28610195971877866,True,False,False,8,1
PushT,jepa_wm_pusht,8,1,fidelity_constrained_matched_geometry__seed11401,fidelity_constrained_matched_geometry,11401,2,13537,1,4.860015666983277,0.01282478008355127,0.01282478008355127,0.01282478008355127,True,False,False,6,1
PushT,jepa_wm_pusht,8,1,fidelity_constrained_matched_geometry__seed11401,fidelity_constrained_matched_geometry,11401,0,13501,3,2.936264743868987,0.008427652349288942,1.0,1.0,True,False,False,8,6
PushT,jepa_wm_pusht,8,1,fidelity_constrained_matched_geometry__seed11401,fidelity_constrained_matched_geometry,11401,1,13519,3,1.7473567046336063,0.008427652349288942,0.0,0.0,True,False,True,6,6
PushT,jepa_wm_pusht,8,1,fidelity_constrained_matched_geometry__seed11401,fidelity_constrained_matched_geometry,11401,2,13537,3,2.069575906659963,0.008427652349288942,1.0,1.0,True,False,False,8,6
PushT,jepa_wm_pusht,8,1,fidelity_constrained_matched_geometry__seed11401,fidelity_constrained_matched_geometry,11401,0,13501,6,1.596753668390444,0.06182193572814055,0.30387846662727663,0.30387846662727663,True,False,False,2,1
PushT,jepa_wm_pusht,8,1,fidelity_constrained_matched_geometry__seed11401,fidelity_constrained_matched_geometry,11401,1,13519,6,2.0572288787276776,0.06182193572814055,1.0,1.0,True,False,False,3,1
PushT,jepa_wm_pusht,8,1,fidelity_constrained_matched_geometry__seed11401,fidelity_constrained_matched_geometry,11401,2,13537,6,1.010400126793876,0.06182193572814055,0.32844684597278534,0.32844684597278534,True,False,False,5,1
PushT,jepa_wm_pusht,9,1,fidelity_constrained_matched_geometry__seed11401,fidelity_constrained_matched_geometry,11401,0,13501,1,3.643446769704234,0.36553473865706543,0.0,0.0,True,False,True,0,0
PushT,jepa_wm_pusht,9,1,fidelity_constrained_matched_geometry__seed11401,fidelity_constrained_matched_geometry,11401,1,13519,1,3.7932474157791103,0.36553473865706543,0.8274135674934155,0.8274135674934155,True,False,False,7,0
PushT,jepa_wm_pusht,9,1,fidelity_constrained_matched_geometry__seed11401,fidelity_constrained_matched_geometry,11401,2,13537,1,2.970165053092219,0.36553473865706543,0.0,0.0,True,False,True,0,0
PushT,jepa_wm_pusht,9,1,fidelity_constrained_matched_geometry__seed11401,fidelity_constrained_matched_geometry,11401,0,13501,3,1.192663464302954,0.09345141081727452,0.2415867066316891,0.2415867066316891,True,False,False,5,2
PushT,jepa_wm_pusht,9,1,fidelity_constrained_matched_geometry__seed11401,fidelity_constrained_matched_geometry,11401,1,13519,3,2.1795581152376493,0.09345141081727452,0.0,0.0,True,False,True,2,2
PushT,jepa_wm_pusht,9,1,fidelity_constrained_matched_geometry__seed11401,fidelity_constrained_matched_geometry,11401,2,13537,3,1.6618437464715656,0.09345141081727452,0.2415867066316891,0.2415867066316891,True,False,False,5,2
PushT,jepa_wm_pusht,9,1,fidelity_constrained_matched_geometry__seed11401,fidelity_constrained_matched_geometry,11401,0,13501,6,1.2764428655600826,0.0838834477847104,1.0,1.0,True,False,False,9,3
PushT,jepa_wm_pusht,9,1,fidelity_constrained_matched_geometry__seed11401,fidelity_constrained_matched_geometry,11401,1,13519,6,1.5542293586575384,0.0838834477847104,1.0,1.0,True,False,False,9,3
PushT,jepa_wm_pusht,9,1,fidelity_constrained_matched_geometry__seed11401,fidelity_constrained_matched_geometry,11401,2,13537,6,1.242322966184185,0.0838834477847104,0.27893426755596323,0.27893426755596323,True,False,False,5,3
PushT,jepa_wm_pusht,10,1,fidelity_constrained_matched_geometry__seed11401,fidelity_constrained_matched_geometry,11401,0,13501,1,0.9033443411449829,0.12049358852617963,0.0,0.0,True,False,True,1,1
PushT,jepa_wm_pusht,10,1,fidelity_constrained_matched_geometry__seed11401,fidelity_constrained_matched_geometry,11401,1,13519,1,1.367487612878352,0.12049358852617963,0.620166319521398,0.620166319521398,True,False,False,6,1
PushT,jepa_wm_pusht,10,1,fidelity_constrained_matched_geometry__seed11401,fidelity_constrained_matched_geometry,11401,2,13537,1,0.8268902866064993,0.12049358852617963,0.12049358852617963,0.12049358852617963,True,False,False,4,1
PushT,jepa_wm_pusht,10,1,fidelity_constrained_matched_geometry__seed11401,fidelity_constrained_matched_geometry,11401,0,13501,3,3.3287536457505307,0.1030047197118212,0.0,0.0,True,False,True,6,6
PushT,jepa_wm_pusht,10,1,fidelity_constrained_matched_geometry__seed11401,fidelity_constrained_matched_geometry,11401,1,13519,3,1.3490069834892473,0.1030047197118212,0.1030047197118212,0.1030047197118212,True,False,False,4,6
PushT,jepa_wm_pusht,10,1,fidelity_constrained_matched_geometry__seed11401,fidelity_constrained_matched_geometry,11401,2,13537,3,1.4265806914967754,0.1030047197118212,0.1030047197118212,0.1030047197118212,True,False,False,4,6
PushT,jepa_wm_pusht,10,1,fidelity_constrained_matched_geometry__seed11401,fidelity_constrained_matched_geometry,11401,0,13501,6,2.363484840471477,0.2310393760683955,0.2310393760683955,0.2310393760683955,True,False,False,4,6
PushT,jepa_wm_pusht,10,1,fidelity_constrained_matched_geometry__seed11401,fidelity_constrained_matched_geometry,11401,1,13519,6,2.1916123620867856,0.2310393760683955,0.6789019354624969,0.6789019354624969,True,False,False,3,6
PushT,jepa_wm_pusht,10,1,fidelity_constrained_matched_geometry__seed11401,fidelity_constrained_matched_geometry,11401,2,13537,6,1.846620786473304,0.2310393760683955,0.6789019354624969,0.6789019354624969,True,False,False,2,6
PushT,jepa_wm_pusht,11,1,fidelity_constrained_matched_geometry__seed11401,fidelity_constrained_matched_geometry,11401,0,13501,1,5.016056214722806,0.41336878890994966,0.45140758138381915,0.45140758138381915,True,False,False,6,7
PushT,jepa_wm_pusht,11,1,fidelity_constrained_matched_geometry__seed11401,fidelity_constrained_matched_geometry,11401,1,13519,1,2.1001649794334427,0.41336878890994966,0.6306193291317473,0.6306193291317473,True,False,False,4,7
PushT,jepa_wm_pusht,11,1,fidelity_constrained_matched_geometry__seed11401,fidelity_constrained_matched_geometry,11401,2,13537,1,2.5752131240621132,0.41336878890994966,0.0,0.0,True,False,True,7,7
PushT,jepa_wm_pusht,11,1,fidelity_constrained_matched_geometry__seed11401,fidelity_constrained_matched_geometry,11401,0,13501,3,0.7007715246076403,0.2748698300443903,0.2748698300443903,0.2748698300443903,True,False,False,8,6
PushT,jepa_wm_pusht,11,1,fidelity_constrained_matched_geometry__seed11401,fidelity_constrained_matched_geometry,11401,1,13519,3,0.5314414078040595,0.2748698300443903,0.0,0.0,True,False,True,6,6
PushT,jepa_wm_pusht,11,1,fidelity_constrained_matched_geometry__seed11401,fidelity_constrained_matched_geometry,11401,2,13537,3,0.9261849525189324,0.2748698300443903,0.0,0.0,True,False,True,6,6
PushT,jepa_wm_pusht,11,1,fidelity_constrained_matched_geometry__seed11401,fidelity_constrained_matched_geometry,11401,0,13501,6,1.411168201777235,0.2434864252420023,0.0,0.0,True,False,True,6,6
PushT,jepa_wm_pusht,11,1,fidelity_constrained_matched_geometry__seed11401,fidelity_constrained_matched_geometry,11401,1,13519,6,1.4529725140219296,0.2434864252420023,0.0,0.0,True,False,True,6,6
PushT,jepa_wm_pusht,11,1,fidelity_constrained_matched_geometry__seed11401,fidelity_constrained_matched_geometry,11401,2,13537,6,0.9315290991165599,0.2434864252420023,0.0,0.0,True,False,True,6,6
PushT,jepa_wm_pusht,12,1,fidelity_constrained_matched_geometry__seed11401,fidelity_constrained_matched_geometry,11401,0,13501,1,1.177238556878794,0.09450672487896075,0.30421178027634105,0.30421178027634105,True,False,False,1,6
PushT,jepa_wm_pusht,12,1,fidelity_constrained_matched_geometry__seed11401,fidelity_constrained_matched_geometry,11401,1,13519,1,1.4698442999008774,0.09450672487896075,0.8207654932996075,0.8207654932996075,True,False,False,0,6
PushT,jepa_wm_pusht,12,1,fidelity_constrained_matched_geometry__seed11401,fidelity_constrained_matched_geometry,11401,2,13537,1,2.952890201472986,0.09450672487896075,0.8864419510504964,0.8864419510504964,True,False,False,7,6
PushT,jepa_wm_pusht,12,1,fidelity_constrained_matched_geometry__seed11401,fidelity_constrained_matched_geometry,11401,0,13501,3,1.2034787210038358,0.05556742065693472,0.0,0.0,True,False,True,4,4
PushT,jepa_wm_pusht,12,1,fidelity_constrained_matched_geometry__seed11401,fidelity_constrained_matched_geometry,11401,1,13519,3,1.165427682968962,0.05556742065693472,0.09847152877843415,0.09847152877843415,True,False,False,2,4
PushT,jepa_wm_pusht,12,1,fidelity_constrained_matched_geometry__seed11401,fidelity_constrained_matched_geometry,11401,2,13537,3,1.3015729078126308,0.05556742065693472,0.09847152877843415,0.09847152877843415,True,False,False,2,4
PushT,jepa_wm_pusht,12,1,fidelity_constrained_matched_geometry__seed11401,fidelity_constrained_matched_geometry,11401,0,13501,6,1.0174373043578222,0.01885074951463251,0.0,0.0,True,False,True,2,2
PushT,jepa_wm_pusht,12,1,fidelity_constrained_matched_geometry__seed11401,fidelity_constrained_matched_geometry,11401,1,13519,6,0.9849898538593194,0.01885074951463251,0.0,0.0,True,False,True,2,2
PushT,jepa_wm_pusht,12,1,fidelity_constrained_matched_geometry__seed11401,fidelity_constrained_matched_geometry,11401,2,13537,6,1.1212388811243514,0.01885074951463251,0.01885074951463251,0.01885074951463251,True,False,False,4,2
PushT,jepa_wm_pusht,13,1,fidelity_constrained_matched_geometry__seed11401,fidelity_constrained_matched_geometry,11401,0,13501,1,1.401979452491184,0.05717193711490079,0.7753823480956951,0.7753823480956951,True,False,False,7,6
PushT,jepa_wm_pusht,13,1,fidelity_constrained_matched_geometry__seed11401,fidelity_constrained_matched_geometry,11401,1,13519,1,1.794307002305497,0.05717193711490079,0.9488516591828323,0.9488516591828323,True,False,False,0,6
PushT,jepa_wm_pusht,13,1,fidelity_constrained_matched_geometry__seed11401,fidelity_constrained_matched_geometry,11401,2,13537,1,3.333452112275531,0.05717193711490079,1.0,1.0,True,False,False,9,6
PushT,jepa_wm_pusht,13,1,fidelity_constrained_matched_geometry__seed11401,fidelity_constrained_matched_geometry,11401,0,13501,3,0.8737841644800733,0.0161718104917741,0.0161718104917741,0.0161718104917741,True,False,False,4,2
PushT,jepa_wm_pusht,13,1,fidelity_constrained_matched_geometry__seed11401,fidelity_constrained_matched_geometry,11401,1,13519,3,1.0426009308752937,0.0161718104917741,0.0,0.0,True,False,True,2,2
PushT,jepa_wm_pusht,13,1,fidelity_constrained_matched_geometry__seed11401,fidelity_constrained_matched_geometry,11401,2,13537,3,1.2191836793555866,0.0161718104917741,0.0161718104917741,0.0161718104917741,True,False,False,4,2
PushT,jepa_wm_pusht,13,1,fidelity_constrained_matched_geometry__seed11401,fidelity_constrained_matched_geometry,11401,0,13501,6,0.9711795994606304,0.05290481855690444,0.0,0.0,True,False,True,2,2
PushT,jepa_wm_pusht,13,1,fidelity_constrained_matched_geometry__seed11401,fidelity_constrained_matched_geometry,11401,1,13519,6,0.8672368870007023,0.05290481855690444,0.0,0.0,True,False,True,2,2
PushT,jepa_wm_pusht,13,1,fidelity_constrained_matched_geometry__seed11401,fidelity_constrained_matched_geometry,11401,2,13537,6,1.0296821019495315,0.05290481855690444,0.0,0.0,True,False,True,2,2
PushT,jepa_wm_pusht,14,1,fidelity_constrained_matched_geometry__seed11401,fidelity_constrained_matched_geometry,11401,0,13501,1,19168.15732944997,inf,0.0,0.0,True,False,True,7,0
PushT,jepa_wm_pusht,14,1,fidelity_constrained_matched_geometry__seed11401,fidelity_constrained_matched_geometry,11401,1,13519,1,23001.590184157532,inf,0.0,0.0,True,False,True,7,0
PushT,jepa_wm_pusht,14,1,fidelity_constrained_matched_geometry__seed11401,fidelity_constrained_matched_geometry,11401,2,13537,1,40465.70242810175,inf,0.0,0.0,True,False,True,1,0
PushT,jepa_wm_pusht,14,1,fidelity_constrained_matched_geometry__seed11401,fidelity_constrained_matched_geometry,11401,0,13501,3,1.2504033206266871,0.22439910568143512,0.22439910568143512,0.22439910568143512,True,False,False,5,2
PushT,jepa_wm_pusht,14,1,fidelity_constrained_matched_geometry__seed11401,fidelity_constrained_matched_geometry,11401,1,13519,3,1.4466930163053429,0.22439910568143512,0.0,0.0,True,False,True,2,2
PushT,jepa_wm_pusht,14,1,fidelity_constrained_matched_geometry__seed11401,fidelity_constrained_matched_geometry,11401,2,13537,3,1.2821776406372885,0.22439910568143512,0.0,0.0,True,False,True,2,2
PushT,jepa_wm_pusht,14,1,fidelity_constrained_matched_geometry__seed11401,fidelity_constrained_matched_geometry,11401,0,13501,6,0.6882120122638191,0.10985312473301036,0.0,0.0,True,False,True,2,2
PushT,jepa_wm_pusht,14,1,fidelity_constrained_matched_geometry__seed11401,fidelity_constrained_matched_geometry,11401,1,13519,6,0.6587104626881728,0.10985312473301036,0.0,0.0,True,False,True,2,2
PushT,jepa_wm_pusht,14,1,fidelity_constrained_matched_geometry__seed11401,fidelity_constrained_matched_geometry,11401,2,13537,6,0.7242652421399638,0.10985312473301036,0.0,0.0,True,False,True,2,2
PushT,jepa_wm_pusht,15,1,fidelity_constrained_matched_geometry__seed11401,fidelity_constrained_matched_geometry,11401,0,13501,1,65908.88044719186,inf,0.0,0.0,True,False,True,7,0
PushT,jepa_wm_pusht,15,1,fidelity_constrained_matched_geometry__seed11401,fidelity_constrained_matched_geometry,11401,1,13519,1,27527.07126482523,inf,0.0,0.0,True,False,True,4,0
PushT,jepa_wm_pusht,15,1,fidelity_constrained_matched_geometry__seed11401,fidelity_constrained_matched_geometry,11401,2,13537,1,35636.43611202228,inf,0.0,0.0,True,False,True,4,0
PushT,jepa_wm_pusht,15,1,fidelity_constrained_matched_geometry__seed11401,fidelity_constrained_matched_geometry,11401,0,13501,3,1.56668673282866,0.3147370809376674,0.0,0.0,True,False,True,2,2
PushT,jepa_wm_pusht,15,1,fidelity_constrained_matched_geometry__seed11401,fidelity_constrained_matched_geometry,11401,1,13519,3,0.626645502901002,0.3147370809376674,0.0,0.0,True,False,True,2,2
PushT,jepa_wm_pusht,15,1,fidelity_constrained_matched_geometry__seed11401,fidelity_constrained_matched_geometry,11401,2,13537,3,1.2287085578416062,0.3147370809376674,0.0,0.0,True,False,True,2,2
PushT,jepa_wm_pusht,15,1,fidelity_constrained_matched_geometry__seed11401,fidelity_constrained_matched_geometry,11401,0,13501,6,0.9907485147284536,0.04855924422800973,0.0,0.0,True,False,True,3,3
PushT,jepa_wm_pusht,15,1,fidelity_constrained_matched_geometry__seed11401,fidelity_constrained_matched_geometry,11401,1,13519,6,0.48261041081496525,0.04855924422800973,0.0,0.0,True,False,True,3,3
PushT,jepa_wm_pusht,15,1,fidelity_constrained_matched_geometry__seed11401,fidelity_constrained_matched_geometry,11401,2,13537,6,1.0418978136105985,0.04855924422800973,0.0,0.0,True,False,True,3,3
PushT,jepa_wm_pusht,16,2,fidelity_constrained_matched_geometry__seed11401,fidelity_constrained_matched_geometry,11401,0,13501,1,0.7234565308259457,0.04667333317829818,0.0,0.0,True,False,True,4,4
PushT,jepa_wm_pusht,16,2,fidelity_constrained_matched_geometry__seed11401,fidelity_constrained_matched_geometry,11401,1,13519,1,1.0900102797374545,0.04667333317829818,0.04667333317829818,0.04667333317829818,True,False,False,6,4
PushT,jepa_wm_pusht,16,2,fidelity_constrained_matched_geometry__seed11401,fidelity_constrained_matched_geometry,11401,2,13537,1,1.1445485316347892,0.04667333317829818,0.04667333317829818,0.04667333317829818,True,False,False,6,4
PushT,jepa_wm_pusht,16,2,fidelity_constrained_matched_geometry__seed11401,fidelity_constrained_matched_geometry,11401,0,13501,3,0.9519315308341972,0.32628899571658077,0.32628899571658077,0.32628899571658077,True,False,False,4,6
PushT,jepa_wm_pusht,16,2,fidelity_constrained_matched_geometry__seed11401,fidelity_constrained_matched_geometry,11401,1,13519,3,1.4250977322710494,0.32628899571658077,0.32628899571658077,0.32628899571658077,True,False,False,4,6
PushT,jepa_wm_pusht,16,2,fidelity_constrained_matched_geometry__seed11401,fidelity_constrained_matched_geometry,11401,2,13537,3,1.3245242357370917,0.32628899571658077,0.32628899571658077,0.32628899571658077,True,False,False,4,6
PushT,jepa_wm_pusht,16,2,fidelity_constrained_matched_geometry__seed11401,fidelity_constrained_matched_geometry,11401,0,13501,6,1.038919798616527,0.3019145847229555,0.0,0.0,True,False,True,6,6
PushT,jepa_wm_pusht,16,2,fidelity_constrained_matched_geometry__seed11401,fidelity_constrained_matched_geometry,11401,1,13519,6,1.1931574843736845,0.3019145847229555,0.3019145847229555,0.3019145847229555,True,False,False,4,6
PushT,jepa_wm_pusht,16,2,fidelity_constrained_matched_geometry__seed11401,fidelity_constrained_matched_geometry,11401,2,13537,6,0.9295505579028417,0.3019145847229555,0.3019145847229555,0.3019145847229555,True,False,False,4,6
PushT,jepa_wm_pusht,17,2,fidelity_constrained_matched_geometry__seed11401,fidelity_constrained_matched_geometry,11401,0,13501,1,38638.92833413389,inf,0.0,0.0,True,False,True,6,0
PushT,jepa_wm_pusht,17,2,fidelity_constrained_matched_geometry__seed11401,fidelity_constrained_matched_geometry,11401,1,13519,1,50716.84881726802,inf,0.0,0.0,True,False,True,6,0
PushT,jepa_wm_pusht,17,2,fidelity_constrained_matched_geometry__seed11401,fidelity_constrained_matched_geometry,11401,2,13537,1,55450.194542897356,inf,0.0,0.0,True,False,True,6,0
PushT,jepa_wm_pusht,17,2,fidelity_constrained_matched_geometry__seed11401,fidelity_constrained_matched_geometry,11401,0,13501,3,1.3040500686539573,0.14967206398860944,0.14967206398860944,0.14967206398860944,True,False,False,5,2
PushT,jepa_wm_pusht,17,2,fidelity_constrained_matched_geometry__seed11401,fidelity_constrained_matched_geometry,11401,1,13519,3,1.9656774402911998,0.14967206398860944,0.0,0.0,True,False,True,2,2
PushT,jepa_wm_pusht,17,2,fidelity_constrained_matched_geometry__seed11401,fidelity_constrained_matched_geometry,11401,2,13537,3,1.374728459980837,0.14967206398860944,0.6032872167889128,0.6032872167889128,True,False,False,0,2
PushT,jepa_wm_pusht,17,2,fidelity_constrained_matched_geometry__seed11401,fidelity_constrained_matched_geometry,11401,0,13501,6,0.6540797355039709,0.27989109651126526,0.0,0.0,True,False,True,3,3
PushT,jepa_wm_pusht,17,2,fidelity_constrained_matched_geometry__seed11401,fidelity_constrained_matched_geometry,11401,1,13519,6,1.13894099941986,0.27989109651126526,0.0,0.0,True,False,True,3,3
PushT,jepa_wm_pusht,17,2,fidelity_constrained_matched_geometry__seed11401,fidelity_constrained_matched_geometry,11401,2,13537,6,1.0050992329004504,0.27989109651126526,0.0,0.0,True,False,True,3,3
PushT,jepa_wm_pusht,18,2,fidelity_constrained_matched_geometry__seed11401,fidelity_constrained_matched_geometry,11401,0,13501,1,16017.581336571702,inf,0.0,0.0,True,False,True,6,0
PushT,jepa_wm_pusht,18,2,fidelity_constrained_matched_geometry__seed11401,fidelity_constrained_matched_geometry,11401,1,13519,1,35504.42671880077,inf,0.0,0.0,True,False,True,7,0
PushT,jepa_wm_pusht,18,2,fidelity_constrained_matched_geometry__seed11401,fidelity_constrained_matched_geometry,11401,2,13537,1,77445.28092285317,inf,0.0,0.0,True,False,True,9,0
PushT,jepa_wm_pusht,18,2,fidelity_constrained_matched_geometry__seed11401,fidelity_constrained_matched_geometry,11401,0,13501,3,1.4577096912437368,0.27850140655302486,0.44201480759003287,0.44201480759003287,True,False,False,5,2
PushT,jepa_wm_pusht,18,2,fidelity_constrained_matched_geometry__seed11401,fidelity_constrained_matched_geometry,11401,1,13519,3,1.5541407546725288,0.27850140655302486,0.44201480759003287,0.44201480759003287,True,False,False,5,2
PushT,jepa_wm_pusht,18,2,fidelity_constrained_matched_geometry__seed11401,fidelity_constrained_matched_geometry,11401,2,13537,3,2.3823772758656685,0.27850140655302486,0.44201480759003287,0.44201480759003287,True,False,False,5,2
PushT,jepa_wm_pusht,18,2,fidelity_constrained_matched_geometry__seed11401,fidelity_constrained_matched_geometry,11401,0,13501,6,0.9824149946263185,0.045141008814957334,0.0,0.0,True,False,True,2,2
PushT,jepa_wm_pusht,18,2,fidelity_constrained_matched_geometry__seed11401,fidelity_constrained_matched_geometry,11401,1,13519,6,1.5470089995036824,0.045141008814957334,1.0,1.0,True,False,False,7,2
PushT,jepa_wm_pusht,18,2,fidelity_constrained_matched_geometry__seed11401,fidelity_constrained_matched_geometry,11401,2,13537,6,1.21863174833502,0.045141008814957334,0.36289437302384253,0.36289437302384253,True,False,False,5,2
PushT,jepa_wm_pusht,19,2,fidelity_constrained_matched_geometry__seed11401,fidelity_constrained_matched_geometry,11401,0,13501,1,4.873704496531468,0.30581859652833554,0.30581859652833554,0.30581859652833554,True,False,False,9,7
PushT,jepa_wm_pusht,19,2,fidelity_constrained_matched_geometry__seed11401,fidelity_constrained_matched_geometry,11401,1,13519,1,4.558241874168199,0.30581859652833554,0.7032907354635126,0.7032907354635126,True,False,False,5,7
PushT,jepa_wm_pusht,19,2,fidelity_constrained_matched_geometry__seed11401,fidelity_constrained_matched_geometry,11401,2,13537,1,4.213383174737991,0.30581859652833554,0.30581859652833554,0.30581859652833554,True,False,False,9,7
PushT,jepa_wm_pusht,19,2,fidelity_constrained_matched_geometry__seed11401,fidelity_constrained_matched_geometry,11401,0,13501,3,2.321596774734524,0.08549327156519568,0.0,0.0,True,False,True,7,7
PushT,jepa_wm_pusht,19,2,fidelity_constrained_matched_geometry__seed11401,fidelity_constrained_matched_geometry,11401,1,13519,3,1.1587049489330357,0.08549327156519568,0.0,0.0,True,False,True,7,7
PushT,jepa_wm_pusht,19,2,fidelity_constrained_matched_geometry__seed11401,fidelity_constrained_matched_geometry,11401,2,13537,3,1.778585007346435,0.08549327156519568,0.0,0.0,True,False,True,7,7
PushT,jepa_wm_pusht,19,2,fidelity_constrained_matched_geometry__seed11401,fidelity_constrained_matched_geometry,11401,0,13501,6,2.3546003004094245,0.05206520357815755,0.0,0.0,True,False,True,5,5
PushT,jepa_wm_pusht,19,2,fidelity_constrained_matched_geometry__seed11401,fidelity_constrained_matched_geometry,11401,1,13519,6,2.185962739487694,0.05206520357815755,0.0,0.0,True,False,True,5,5
PushT,jepa_wm_pusht,19,2,fidelity_constrained_matched_geometry__seed11401,fidelity_constrained_matched_geometry,11401,2,13537,6,2.456252064738119,0.05206520357815755,0.05206520357815755,0.05206520357815755,True,False,False,7,5
PushT,jepa_wm_pusht,20,2,fidelity_constrained_matched_geometry__seed11401,fidelity_constrained_matched_geometry,11401,0,13501,1,1.2136736842884466,0.071849549171498,0.071849549171498,0.071849549171498,True,False,False,6,8
PushT,jepa_wm_pusht,20,2,fidelity_constrained_matched_geometry__seed11401,fidelity_constrained_matched_geometry,11401,1,13519,1,1.2221762067666746,0.071849549171498,0.071849549171498,0.071849549171498,True,False,False,6,8
PushT,jepa_wm_pusht,20,2,fidelity_constrained_matched_geometry__seed11401,fidelity_constrained_matched_geometry,11401,2,13537,1,1.956066390273735,0.071849549171498,0.0,0.0,True,False,True,8,8
PushT,jepa_wm_pusht,20,2,fidelity_constrained_matched_geometry__seed11401,fidelity_constrained_matched_geometry,11401,0,13501,3,1.2114656039732277,0.06837919317243876,0.4266659652735245,0.4266659652735245,True,False,False,4,8
PushT,jepa_wm_pusht,20,2,fidelity_constrained_matched_geometry__seed11401,fidelity_constrained_matched_geometry,11401,1,13519,3,2.0175273260987097,0.06837919317243876,0.9103992805710343,0.9103992805710343,True,False,False,5,8
PushT,jepa_wm_pusht,20,2,fidelity_constrained_matched_geometry__seed11401,fidelity_constrained_matched_geometry,11401,2,13537,3,1.5025697708118422,0.06837919317243876,0.4266659652735245,0.4266659652735245,True,False,False,4,8
PushT,jepa_wm_pusht,20,2,fidelity_constrained_matched_geometry__seed11401,fidelity_constrained_matched_geometry,11401,0,13501,6,1.8164842728453665,0.056057307459408214,0.4219198098666871,0.4219198098666871,True,False,False,2,8
PushT,jepa_wm_pusht,20,2,fidelity_constrained_matched_geometry__seed11401,fidelity_constrained_matched_geometry,11401,1,13519,6,1.990498425262076,0.056057307459408214,1.0,1.0,True,False,False,3,8
PushT,jepa_wm_pusht,20,2,fidelity_constrained_matched_geometry__seed11401,fidelity_constrained_matched_geometry,11401,2,13537,6,1.659101450420895,0.056057307459408214,1.0,1.0,True,False,False,3,8
PushT,jepa_wm_pusht,21,2,fidelity_constrained_matched_geometry__seed11401,fidelity_constrained_matched_geometry,11401,0,13501,1,51350.7257129889,inf,0.0,0.0,True,False,True,9,0
PushT,jepa_wm_pusht,21,2,fidelity_constrained_matched_geometry__seed11401,fidelity_constrained_matched_geometry,11401,1,13519,1,42411.81020349111,inf,0.0,0.0,True,False,True,4,0
PushT,jepa_wm_pusht,21,2,fidelity_constrained_matched_geometry__seed11401,fidelity_constrained_matched_geometry,11401,2,13537,1,41326.22995068633,inf,0.0,0.0,True,False,True,0,0
PushT,jepa_wm_pusht,21,2,fidelity_constrained_matched_geometry__seed11401,fidelity_constrained_matched_geometry,11401,0,13501,3,2.253254721367639,0.10022651401688715,0.10022651401688715,0.10022651401688715,True,False,False,5,2
PushT,jepa_wm_pusht,21,2,fidelity_constrained_matched_geometry__seed11401,fidelity_constrained_matched_geometry,11401,1,13519,3,2.9677636233276465,0.10022651401688715,0.45436799300297653,0.45436799300297653,True,False,False,1,2
PushT,jepa_wm_pusht,21,2,fidelity_constrained_matched_geometry__seed11401,fidelity_constrained_matched_geometry,11401,2,13537,3,3.559567630013803,0.10022651401688715,0.6588348079990693,0.6588348079990693,True,False,False,8,2
PushT,jepa_wm_pusht,21,2,fidelity_constrained_matched_geometry__seed11401,fidelity_constrained_matched_geometry,11401,0,13501,6,0.7817701586241788,0.32957479347041385,0.0,0.0,True,False,True,3,3
PushT,jepa_wm_pusht,21,2,fidelity_constrained_matched_geometry__seed11401,fidelity_constrained_matched_geometry,11401,1,13519,6,0.8867260949005332,0.32957479347041385,0.0,0.0,True,False,True,3,3
PushT,jepa_wm_pusht,21,2,fidelity_constrained_matched_geometry__seed11401,fidelity_constrained_matched_geometry,11401,2,13537,6,1.013271041575289,0.32957479347041385,0.0,0.0,True,False,True,3,3
PushT,jepa_wm_pusht,22,2,fidelity_constrained_matched_geometry__seed11401,fidelity_constrained_matched_geometry,11401,0,13501,1,67.69630406064451,1.0,1.0,1.0,True,False,False,0,6
PushT,jepa_wm_pusht,22,2,fidelity_constrained_matched_geometry__seed11401,fidelity_constrained_matched_geometry,11401,1,13519,1,75.0733998368598,1.0,1.0,1.0,True,False,False,4,6
PushT,jepa_wm_pusht,22,2,fidelity_constrained_matched_geometry__seed11401,fidelity_constrained_matched_geometry,11401,2,13537,1,85.46503643180421,1.0,1.0,1.0,True,False,False,8,6
PushT,jepa_wm_pusht,22,2,fidelity_constrained_matched_geometry__seed11401,fidelity_constrained_matched_geometry,11401,0,13501,3,0.7060227969946171,0.1402584854949118,0.0,0.0,True,False,True,4,4
PushT,jepa_wm_pusht,22,2,fidelity_constrained_matched_geometry__seed11401,fidelity_constrained_matched_geometry,11401,1,13519,3,1.043297451773723,0.1402584854949118,0.1402584854949118,0.1402584854949118,True,False,False,2,4
PushT,jepa_wm_pusht,22,2,fidelity_constrained_matched_geometry__seed11401,fidelity_constrained_matched_geometry,11401,2,13537,3,1.8307127490711694,0.1402584854949118,0.0,0.0,True,False,True,4,4
PushT,jepa_wm_pusht,22,2,fidelity_constrained_matched_geometry__seed11401,fidelity_constrained_matched_geometry,11401,0,13501,6,0.6582657790183428,0.16420548128968346,0.41054727963594595,0.41054727963594595,True,False,False,3,4
PushT,jepa_wm_pusht,22,2,fidelity_constrained_matched_geometry__seed11401,fidelity_constrained_matched_geometry,11401,1,13519,6,0.7573282853950498,0.16420548128968346,0.0,0.0,True,False,True,4,4
PushT,jepa_wm_pusht,22,2,fidelity_constrained_matched_geometry__seed11401,fidelity_constrained_matched_geometry,11401,2,13537,6,0.9353943707831202,0.16420548128968346,0.0,0.0,True,False,True,4,4
PushT,jepa_wm_pusht,23,2,fidelity_constrained_matched_geometry__seed11401,fidelity_constrained_matched_geometry,11401,0,13501,1,1.9109473390048761,0.020457435985849055,0.8184373479905506,0.8184373479905506,True,False,False,6,9
PushT,jepa_wm_pusht,23,2,fidelity_constrained_matched_geometry__seed11401,fidelity_constrained_matched_geometry,11401,1,13519,1,1.8794420115487847,0.020457435985849055,0.29387193680648627,0.29387193680648627,True,False,False,1,9
PushT,jepa_wm_pusht,23,2,fidelity_constrained_matched_geometry__seed11401,fidelity_constrained_matched_geometry,11401,2,13537,1,1.8660762680827094,0.020457435985849055,0.5842417127270264,0.5842417127270264,True,False,False,4,9
PushT,jepa_wm_pusht,23,2,fidelity_constrained_matched_geometry__seed11401,fidelity_constrained_matched_geometry,11401,0,13501,3,1.3733449629710508,0.00801155301203528,0.24599877825290165,0.24599877825290165,True,False,False,4,9
PushT,jepa_wm_pusht,23,2,fidelity_constrained_matched_geometry__seed11401,fidelity_constrained_matched_geometry,11401,1,13519,3,0.7876285906544724,0.00801155301203528,0.10029137060733691,0.10029137060733691,True,False,False,2,9
PushT,jepa_wm_pusht,23,2,fidelity_constrained_matched_geometry__seed11401,fidelity_constrained_matched_geometry,11401,2,13537,3,1.3520506744223773,0.00801155301203528,0.24599877825290165,0.24599877825290165,True,False,False,4,9
PushT,jepa_wm_pusht,23,2,fidelity_constrained_matched_geometry__seed11401,fidelity_constrained_matched_geometry,11401,0,13501,6,1.2418575652115023,0.005423206725342201,0.00624987304378611,0.00624987304378611,True,False,False,3,9
PushT,jepa_wm_pusht,23,2,fidelity_constrained_matched_geometry__seed11401,fidelity_constrained_matched_geometry,11401,1,13519,6,1.1967560063185347,0.005423206725342201,0.01666363785413529,0.01666363785413529,True,False,False,2,9
PushT,jepa_wm_pusht,23,2,fidelity_constrained_matched_geometry__seed11401,fidelity_constrained_matched_geometry,11401,2,13537,6,1.2802532899575902,0.005423206725342201,0.10275826883957667,0.10275826883957667,True,False,False,4,9
PushT,jepa_wm_pusht,48,6,fidelity_constrained_matched_geometry__seed11401,fidelity_constrained_matched_geometry,11401,0,13501,1,3.1344820732380905,0.010481511777836317,1.0,1.0,True,False,False,8,9
PushT,jepa_wm_pusht,48,6,fidelity_constrained_matched_geometry__seed11401,fidelity_constrained_matched_geometry,11401,1,13519,1,3.3175182845590916,0.010481511777836317,0.10419362947361568,0.10419362947361568,True,False,False,5,9
PushT,jepa_wm_pusht,48,6,fidelity_constrained_matched_geometry__seed11401,fidelity_constrained_matched_geometry,11401,2,13537,1,2.175861601558805,0.010481511777836317,0.09012243500443963,0.09012243500443963,True,False,False,0,9
PushT,jepa_wm_pusht,48,6,fidelity_constrained_matched_geometry__seed11401,fidelity_constrained_matched_geometry,11401,0,13501,3,1.0795848087172035,0.03292797551033872,0.03292797551033872,0.03292797551033872,True,False,False,7,5
PushT,jepa_wm_pusht,48,6,fidelity_constrained_matched_geometry__seed11401,fidelity_constrained_matched_geometry,11401,1,13519,3,0.4877746032412674,0.03292797551033872,0.03292797551033872,0.03292797551033872,True,False,False,7,5
PushT,jepa_wm_pusht,48,6,fidelity_constrained_matched_geometry__seed11401,fidelity_constrained_matched_geometry,11401,2,13537,3,0.9404619411557131,0.03292797551033872,0.0,0.0,True,False,True,5,5
PushT,jepa_wm_pusht,48,6,fidelity_constrained_matched_geometry__seed11401,fidelity_constrained_matched_geometry,11401,0,13501,6,0.7105555146057961,0.0189945493625357,0.0,0.0,True,False,True,5,5
PushT,jepa_wm_pusht,48,6,fidelity_constrained_matched_geometry__seed11401,fidelity_constrained_matched_geometry,11401,1,13519,6,1.1358998956929756,0.0189945493625357,0.39936556443856897,0.39936556443856897,True,False,False,9,5
PushT,jepa_wm_pusht,48,6,fidelity_constrained_matched_geometry__seed11401,fidelity_constrained_matched_geometry,11401,2,13537,6,1.1624507142661031,0.0189945493625357,0.0,0.0,True,False,True,5,5
PushT,jepa_wm_pusht,49,6,fidelity_constrained_matched_geometry__seed11401,fidelity_constrained_matched_geometry,11401,0,13501,1,1.6277313948895613,0.021846463468537518,0.3961841050703398,0.3961841050703398,True,False,False,9,5
PushT,jepa_wm_pusht,49,6,fidelity_constrained_matched_geometry__seed11401,fidelity_constrained_matched_geometry,11401,1,13519,1,1.1912141419498863,0.021846463468537518,0.19612234939085493,0.19612234939085493,True,False,False,1,5
PushT,jepa_wm_pusht,49,6,fidelity_constrained_matched_geometry__seed11401,fidelity_constrained_matched_geometry,11401,2,13537,1,2.3178768867048127,0.021846463468537518,0.3961841050703398,0.3961841050703398,True,False,False,9,5
PushT,jepa_wm_pusht,49,6,fidelity_constrained_matched_geometry__seed11401,fidelity_constrained_matched_geometry,11401,0,13501,3,0.5686258277791402,0.045795884377635314,0.0,0.0,True,False,True,5,5
PushT,jepa_wm_pusht,49,6,fidelity_constrained_matched_geometry__seed11401,fidelity_constrained_matched_geometry,11401,1,13519,3,0.325927274441683,0.045795884377635314,0.0,0.0,True,False,True,5,5
PushT,jepa_wm_pusht,49,6,fidelity_constrained_matched_geometry__seed11401,fidelity_constrained_matched_geometry,11401,2,13537,3,0.8418503124860416,0.045795884377635314,0.0,0.0,True,False,True,5,5
PushT,jepa_wm_pusht,49,6,fidelity_constrained_matched_geometry__seed11401,fidelity_constrained_matched_geometry,11401,0,13501,6,0.5947457096089029,0.016722331142878723,0.0,0.0,True,False,True,5,5
PushT,jepa_wm_pusht,49,6,fidelity_constrained_matched_geometry__seed11401,fidelity_constrained_matched_geometry,11401,1,13519,6,0.9063966255589758,0.016722331142878723,0.11307668388713481,0.11307668388713481,True,False,False,7,5
PushT,jepa_wm_pusht,49,6,fidelity_constrained_matched_geometry__seed11401,fidelity_constrained_matched_geometry,11401,2,13537,6,0.47313257146967747,0.016722331142878723,0.0,0.0,True,False,True,5,5
PushT,jepa_wm_pusht,50,6,fidelity_constrained_matched_geometry__seed11401,fidelity_constrained_matched_geometry,11401,0,13501,1,3.2111792662235095,0.026574968337305327,0.6799325238708473,0.6799325238708473,True,False,False,8,1
PushT,jepa_wm_pusht,50,6,fidelity_constrained_matched_geometry__seed11401,fidelity_constrained_matched_geometry,11401,1,13519,1,2.6546754668178285,0.026574968337305327,1.0,1.0,True,False,False,0,1
PushT,jepa_wm_pusht,50,6,fidelity_constrained_matched_geometry__seed11401,fidelity_constrained_matched_geometry,11401,2,13537,1,2.2952912412550672,0.026574968337305327,0.932744916162424,0.932744916162424,True,False,False,9,1
PushT,jepa_wm_pusht,50,6,fidelity_constrained_matched_geometry__seed11401,fidelity_constrained_matched_geometry,11401,0,13501,3,1.1012401586671523,0.12856031447576668,0.0,0.0,True,False,True,2,2
PushT,jepa_wm_pusht,50,6,fidelity_constrained_matched_geometry__seed11401,fidelity_constrained_matched_geometry,11401,1,13519,3,1.7871035607985957,0.12856031447576668,1.0,1.0,True,False,False,0,2
PushT,jepa_wm_pusht,50,6,fidelity_constrained_matched_geometry__seed11401,fidelity_constrained_matched_geometry,11401,2,13537,3,0.8696338764988971,0.12856031447576668,0.0,0.0,True,False,True,2,2
PushT,jepa_wm_pusht,50,6,fidelity_constrained_matched_geometry__seed11401,fidelity_constrained_matched_geometry,11401,0,13501,6,1.3877323065262246,0.022119626255265364,0.11176022326401269,0.11176022326401269,True,False,False,4,2
PushT,jepa_wm_pusht,50,6,fidelity_constrained_matched_geometry__seed11401,fidelity_constrained_matched_geometry,11401,1,13519,6,2.1794911893744846,0.022119626255265364,0.8906714811949892,0.8906714811949892,True,False,False,0,2
PushT,jepa_wm_pusht,50,6,fidelity_constrained_matched_geometry__seed11401,fidelity_constrained_matched_geometry,11401,2,13537,6,0.9145247856766984,0.022119626255265364,0.19887118635918416,0.19887118635918416,True,False,False,1,2
PushT,jepa_wm_pusht,51,6,fidelity_constrained_matched_geometry__seed11401,fidelity_constrained_matched_geometry,11401,0,13501,1,0.7161522205558971,0.15725227350300996,0.0,0.0,True,False,True,9,9
PushT,jepa_wm_pusht,51,6,fidelity_constrained_matched_geometry__seed11401,fidelity_constrained_matched_geometry,11401,1,13519,1,2.017609868166006,0.15725227350300996,0.6974113697977925,0.6974113697977925,True,False,False,1,9
PushT,jepa_wm_pusht,51,6,fidelity_constrained_matched_geometry__seed11401,fidelity_constrained_matched_geometry,11401,2,13537,1,0.7636934177687406,0.15725227350300996,0.3905729249325504,0.3905729249325504,True,False,False,5,9
PushT,jepa_wm_pusht,51,6,fidelity_constrained_matched_geometry__seed11401,fidelity_constrained_matched_geometry,11401,0,13501,3,0.49296556888071563,0.3533778267573249,0.0,0.0,True,False,True,9,9
PushT,jepa_wm_pusht,51,6,fidelity_constrained_matched_geometry__seed11401,fidelity_constrained_matched_geometry,11401,1,13519,3,0.7339698030763706,0.3533778267573249,0.0,0.0,True,False,True,9,9
PushT,jepa_wm_pusht,51,6,fidelity_constrained_matched_geometry__seed11401,fidelity_constrained_matched_geometry,11401,2,13537,3,0.8128250859646844,0.3533778267573249,0.3533778267573249,0.3533778267573249,True,False,False,7,9
PushT,jepa_wm_pusht,51,6,fidelity_constrained_matched_geometry__seed11401,fidelity_constrained_matched_geometry,11401,0,13501,6,0.872717512849054,0.7256929271533445,0.0,0.0,True,False,True,9,9
PushT,jepa_wm_pusht,51,6,fidelity_constrained_matched_geometry__seed11401,fidelity_constrained_matched_geometry,11401,1,13519,6,1.0512704035669767,0.7256929271533445,0.842907939437964,0.842907939437964,True,False,False,4,9
PushT,jepa_wm_pusht,51,6,fidelity_constrained_matched_geometry__seed11401,fidelity_constrained_matched_geometry,11401,2,13537,6,0.8709093597081007,0.7256929271533445,0.0,0.0,True,False,True,9,9
PushT,jepa_wm_pusht,52,6,fidelity_constrained_matched_geometry__seed11401,fidelity_constrained_matched_geometry,11401,0,13501,1,92.76836915237433,1.0,0.0,0.0,True,False,True,8,0
PushT,jepa_wm_pusht,52,6,fidelity_constrained_matched_geometry__seed11401,fidelity_constrained_matched_geometry,11401,1,13519,1,115.69469443113634,1.0,0.0,0.0,True,False,True,9,0
PushT,jepa_wm_pusht,52,6,fidelity_constrained_matched_geometry__seed11401,fidelity_constrained_matched_geometry,11401,2,13537,1,151.0476746493337,1.0,0.0,0.0,True,False,True,8,0
PushT,jepa_wm_pusht,52,6,fidelity_constrained_matched_geometry__seed11401,fidelity_constrained_matched_geometry,11401,0,13501,3,1.5964698425185013,0.13522847553569003,0.0,0.0,True,False,True,2,2
PushT,jepa_wm_pusht,52,6,fidelity_constrained_matched_geometry__seed11401,fidelity_constrained_matched_geometry,11401,1,13519,3,1.787503718004494,0.13522847553569003,0.16532943752242021,0.16532943752242021,True,False,False,5,2
PushT,jepa_wm_pusht,52,6,fidelity_constrained_matched_geometry__seed11401,fidelity_constrained_matched_geometry,11401,2,13537,3,1.504234303442569,0.13522847553569003,0.0,0.0,True,False,True,2,2
PushT,jepa_wm_pusht,52,6,fidelity_constrained_matched_geometry__seed11401,fidelity_constrained_matched_geometry,11401,0,13501,6,0.5744522802223118,0.16598777328898245,0.16598777328898245,0.16598777328898245,True,False,False,2,3
PushT,jepa_wm_pusht,52,6,fidelity_constrained_matched_geometry__seed11401,fidelity_constrained_matched_geometry,11401,1,13519,6,1.0875505585659755,0.16598777328898245,0.0,0.0,True,False,True,3,3
PushT,jepa_wm_pusht,52,6,fidelity_constrained_matched_geometry__seed11401,fidelity_constrained_matched_geometry,11401,2,13537,6,0.9782799952748473,0.16598777328898245,0.0,0.0,True,False,True,3,3
PushT,jepa_wm_pusht,53,6,fidelity_constrained_matched_geometry__seed11401,fidelity_constrained_matched_geometry,11401,0,13501,1,0.9060002721543692,0.014162641733778705,0.08395759494435326,0.08395759494435326,True,False,False,0,9
PushT,jepa_wm_pusht,53,6,fidelity_constrained_matched_geometry__seed11401,fidelity_constrained_matched_geometry,11401,1,13519,1,1.5801299057300278,0.014162641733778705,0.08395759494435326,0.08395759494435326,True,False,False,0,9
PushT,jepa_wm_pusht,53,6,fidelity_constrained_matched_geometry__seed11401,fidelity_constrained_matched_geometry,11401,2,13537,1,1.8960340455657623,0.014162641733778705,0.056336870443013255,0.056336870443013255,True,False,False,5,9
PushT,jepa_wm_pusht,53,6,fidelity_constrained_matched_geometry__seed11401,fidelity_constrained_matched_geometry,11401,0,13501,3,0.9839792652999233,0.02265841164096627,0.0,0.0,True,False,True,5,5
PushT,jepa_wm_pusht,53,6,fidelity_constrained_matched_geometry__seed11401,fidelity_constrained_matched_geometry,11401,1,13519,3,0.5703516768167103,0.02265841164096627,0.1108930579907744,0.1108930579907744,True,False,False,7,5
PushT,jepa_wm_pusht,53,6,fidelity_constrained_matched_geometry__seed11401,fidelity_constrained_matched_geometry,11401,2,13537,3,0.6153209058707049,0.02265841164096627,0.02265841164096627,0.02265841164096627,True,False,False,2,5
PushT,jepa_wm_pusht,53,6,fidelity_constrained_matched_geometry__seed11401,fidelity_constrained_matched_geometry,11401,0,13501,6,0.5848088048683728,0.011334226738608197,0.13701363728632635,0.13701363728632635,True,False,False,4,5
PushT,jepa_wm_pusht,53,6,fidelity_constrained_matched_geometry__seed11401,fidelity_constrained_matched_geometry,11401,1,13519,6,1.0470013306824564,0.011334226738608197,0.09295638934975486,0.09295638934975486,True,False,False,7,5
PushT,jepa_wm_pusht,53,6,fidelity_constrained_matched_geometry__seed11401,fidelity_constrained_matched_geometry,11401,2,13537,6,0.685671351524076,0.011334226738608197,0.11645392932375082,0.11645392932375082,True,False,False,1,5
PushT,jepa_wm_pusht,54,6,fidelity_constrained_matched_geometry__seed11401,fidelity_constrained_matched_geometry,11401,0,13501,1,1.0707451478553454,0.10298439972869093,0.274829989886387,0.274829989886387,True,False,False,6,4
PushT,jepa_wm_pusht,54,6,fidelity_constrained_matched_geometry__seed11401,fidelity_constrained_matched_geometry,11401,1,13519,1,2.5605605132132623,0.10298439972869093,0.5144474869020803,0.5144474869020803,True,False,False,7,4
PushT,jepa_wm_pusht,54,6,fidelity_constrained_matched_geometry__seed11401,fidelity_constrained_matched_geometry,11401,2,13537,1,1.702107862816039,0.10298439972869093,0.7609758752648195,0.7609758752648195,True,False,False,8,4
PushT,jepa_wm_pusht,54,6,fidelity_constrained_matched_geometry__seed11401,fidelity_constrained_matched_geometry,11401,0,13501,3,1.0592628587657293,0.1412244470232876,0.26008540625048937,0.26008540625048937,True,False,False,2,4
PushT,jepa_wm_pusht,54,6,fidelity_constrained_matched_geometry__seed11401,fidelity_constrained_matched_geometry,11401,1,13519,3,1.3701708445610876,0.1412244470232876,0.26008540625048937,0.26008540625048937,True,False,False,2,4
PushT,jepa_wm_pusht,54,6,fidelity_constrained_matched_geometry__seed11401,fidelity_constrained_matched_geometry,11401,2,13537,3,0.7531708521809278,0.1412244470232876,0.26008540625048937,0.26008540625048937,True,False,False,2,4
PushT,jepa_wm_pusht,54,6,fidelity_constrained_matched_geometry__seed11401,fidelity_constrained_matched_geometry,11401,0,13501,6,1.7467834639473365,0.1005509547744337,0.46559384033378,0.46559384033378,True,False,False,2,4
PushT,jepa_wm_pusht,54,6,fidelity_constrained_matched_geometry__seed11401,fidelity_constrained_matched_geometry,11401,1,13519,6,1.7644891102578897,0.1005509547744337,0.46559384033378,0.46559384033378,True,False,False,2,4
PushT,jepa_wm_pusht,54,6,fidelity_constrained_matched_geometry__seed11401,fidelity_constrained_matched_geometry,11401,2,13537,6,1.6237677983659453,0.1005509547744337,0.0,0.0,True,False,True,4,4
PushT,jepa_wm_pusht,55,6,fidelity_constrained_matched_geometry__seed11401,fidelity_constrained_matched_geometry,11401,0,13501,1,6.270005768244487,1.0,1.0,1.0,True,False,False,6,0
PushT,jepa_wm_pusht,55,6,fidelity_constrained_matched_geometry__seed11401,fidelity_constrained_matched_geometry,11401,1,13519,1,12.066069064742653,1.0,0.0,0.0,True,False,True,8,0
PushT,jepa_wm_pusht,55,6,fidelity_constrained_matched_geometry__seed11401,fidelity_constrained_matched_geometry,11401,2,13537,1,4.826468186543615,1.0,0.0,0.0,True,False,True,1,0
PushT,jepa_wm_pusht,55,6,fidelity_constrained_matched_geometry__seed11401,fidelity_constrained_matched_geometry,11401,0,13501,3,1.3340871117393958,0.031059595022704112,0.0,0.0,True,False,True,8,8
PushT,jepa_wm_pusht,55,6,fidelity_constrained_matched_geometry__seed11401,fidelity_constrained_matched_geometry,11401,1,13519,3,2.305497392943218,0.031059595022704112,1.0,1.0,True,False,False,6,8
PushT,jepa_wm_pusht,55,6,fidelity_constrained_matched_geometry__seed11401,fidelity_constrained_matched_geometry,11401,2,13537,3,1.364670054664613,0.031059595022704112,0.5069549095951416,0.5069549095951416,True,False,False,4,8
PushT,jepa_wm_pusht,55,6,fidelity_constrained_matched_geometry__seed11401,fidelity_constrained_matched_geometry,11401,0,13501,6,1.5703942202782613,0.15704590216781106,1.0,1.0,True,False,False,6,3
PushT,jepa_wm_pusht,55,6,fidelity_constrained_matched_geometry__seed11401,fidelity_constrained_matched_geometry,11401,1,13519,6,1.274899972140343,0.15704590216781106,0.15704590216781106,0.15704590216781106,True,False,False,2,3
PushT,jepa_wm_pusht,55,6,fidelity_constrained_matched_geometry__seed11401,fidelity_constrained_matched_geometry,11401,2,13537,6,1.6848117511334515,0.15704590216781106,1.0,1.0,True,False,False,6,3
PushT,jepa_wm_pusht,8,1,fidelity_constrained_latent_only__seed11419,fidelity_constrained_latent_only,11419,0,13501,1,3.182718614841227,0.01282478008355127,0.6955643107020344,0.6955643107020344,True,False,False,9,1
PushT,jepa_wm_pusht,8,1,fidelity_constrained_latent_only__seed11419,fidelity_constrained_latent_only,11419,1,13519,1,1.5236394852884543,0.01282478008355127,0.28610195971877866,0.28610195971877866,True,False,False,8,1
PushT,jepa_wm_pusht,8,1,fidelity_constrained_latent_only__seed11419,fidelity_constrained_latent_only,11419,2,13537,1,6.253035369869397,0.01282478008355127,0.28610195971877866,0.28610195971877866,True,False,False,8,1
PushT,jepa_wm_pusht,8,1,fidelity_constrained_latent_only__seed11419,fidelity_constrained_latent_only,11419,0,13501,3,3.0237071866522305,0.008427652349288942,1.0,1.0,True,False,False,8,6
PushT,jepa_wm_pusht,8,1,fidelity_constrained_latent_only__seed11419,fidelity_constrained_latent_only,11419,1,13519,3,2.158009661319516,0.008427652349288942,0.0,0.0,True,False,True,6,6
PushT,jepa_wm_pusht,8,1,fidelity_constrained_latent_only__seed11419,fidelity_constrained_latent_only,11419,2,13537,3,2.169238838523489,0.008427652349288942,1.0,1.0,True,False,False,8,6
PushT,jepa_wm_pusht,8,1,fidelity_constrained_latent_only__seed11419,fidelity_constrained_latent_only,11419,0,13501,6,1.7091171908442147,0.06182193572814055,0.30387846662727663,0.30387846662727663,True,False,False,2,1
PushT,jepa_wm_pusht,8,1,fidelity_constrained_latent_only__seed11419,fidelity_constrained_latent_only,11419,1,13519,6,2.1561315794623575,0.06182193572814055,1.0,1.0,True,False,False,3,1
PushT,jepa_wm_pusht,8,1,fidelity_constrained_latent_only__seed11419,fidelity_constrained_latent_only,11419,2,13537,6,0.9124660398779778,0.06182193572814055,0.32844684597278534,0.32844684597278534,True,False,False,5,1
PushT,jepa_wm_pusht,9,1,fidelity_constrained_latent_only__seed11419,fidelity_constrained_latent_only,11419,0,13501,1,4.179533035820005,0.36553473865706543,0.0,0.0,True,False,True,0,0
PushT,jepa_wm_pusht,9,1,fidelity_constrained_latent_only__seed11419,fidelity_constrained_latent_only,11419,1,13519,1,4.9832246903055495,0.36553473865706543,0.8274135674934155,0.8274135674934155,True,False,False,7,0
PushT,jepa_wm_pusht,9,1,fidelity_constrained_latent_only__seed11419,fidelity_constrained_latent_only,11419,2,13537,1,3.9642780375021918,0.36553473865706543,0.0,0.0,True,False,True,0,0
PushT,jepa_wm_pusht,9,1,fidelity_constrained_latent_only__seed11419,fidelity_constrained_latent_only,11419,0,13501,3,1.1646608384227235,0.09345141081727452,0.2415867066316891,0.2415867066316891,True,False,False,5,2
PushT,jepa_wm_pusht,9,1,fidelity_constrained_latent_only__seed11419,fidelity_constrained_latent_only,11419,1,13519,3,2.585818155125513,0.09345141081727452,0.0,0.0,True,False,True,2,2
PushT,jepa_wm_pusht,9,1,fidelity_constrained_latent_only__seed11419,fidelity_constrained_latent_only,11419,2,13537,3,1.776795170603589,0.09345141081727452,0.2415867066316891,0.2415867066316891,True,False,False,5,2
PushT,jepa_wm_pusht,9,1,fidelity_constrained_latent_only__seed11419,fidelity_constrained_latent_only,11419,0,13501,6,1.2932487316045078,0.0838834477847104,1.0,1.0,True,False,False,9,3
PushT,jepa_wm_pusht,9,1,fidelity_constrained_latent_only__seed11419,fidelity_constrained_latent_only,11419,1,13519,6,1.9352250895481893,0.0838834477847104,1.0,1.0,True,False,False,9,3
PushT,jepa_wm_pusht,9,1,fidelity_constrained_latent_only__seed11419,fidelity_constrained_latent_only,11419,2,13537,6,1.354840908223388,0.0838834477847104,0.27893426755596323,0.27893426755596323,True,False,False,5,3
PushT,jepa_wm_pusht,10,1,fidelity_constrained_latent_only__seed11419,fidelity_constrained_latent_only,11419,0,13501,1,0.9718922145630681,0.12049358852617963,0.0,0.0,True,False,True,1,1
PushT,jepa_wm_pusht,10,1,fidelity_constrained_latent_only__seed11419,fidelity_constrained_latent_only,11419,1,13519,1,1.4437468909265427,0.12049358852617963,0.620166319521398,0.620166319521398,True,False,False,6,1
PushT,jepa_wm_pusht,10,1,fidelity_constrained_latent_only__seed11419,fidelity_constrained_latent_only,11419,2,13537,1,0.8760723431018788,0.12049358852617963,0.12049358852617963,0.12049358852617963,True,False,False,4,1
PushT,jepa_wm_pusht,10,1,fidelity_constrained_latent_only__seed11419,fidelity_constrained_latent_only,11419,0,13501,3,3.7881895404735326,0.1030047197118212,0.0,0.0,True,False,True,6,6
PushT,jepa_wm_pusht,10,1,fidelity_constrained_latent_only__seed11419,fidelity_constrained_latent_only,11419,1,13519,3,1.7516211877013972,0.1030047197118212,0.1030047197118212,0.1030047197118212,True,False,False,4,6
PushT,jepa_wm_pusht,10,1,fidelity_constrained_latent_only__seed11419,fidelity_constrained_latent_only,11419,2,13537,3,1.6674725607858407,0.1030047197118212,0.1030047197118212,0.1030047197118212,True,False,False,4,6
PushT,jepa_wm_pusht,10,1,fidelity_constrained_latent_only__seed11419,fidelity_constrained_latent_only,11419,0,13501,6,2.527848595319924,0.2310393760683955,0.2310393760683955,0.2310393760683955,True,False,False,4,6
PushT,jepa_wm_pusht,10,1,fidelity_constrained_latent_only__seed11419,fidelity_constrained_latent_only,11419,1,13519,6,2.307640043058965,0.2310393760683955,0.6789019354624969,0.6789019354624969,True,False,False,3,6
PushT,jepa_wm_pusht,10,1,fidelity_constrained_latent_only__seed11419,fidelity_constrained_latent_only,11419,2,13537,6,1.9176421312791316,0.2310393760683955,0.6789019354624969,0.6789019354624969,True,False,False,2,6
PushT,jepa_wm_pusht,11,1,fidelity_constrained_latent_only__seed11419,fidelity_constrained_latent_only,11419,0,13501,1,5.103652314546427,0.41336878890994966,0.49698986494663716,0.49698986494663716,True,False,False,8,7
PushT,jepa_wm_pusht,11,1,fidelity_constrained_latent_only__seed11419,fidelity_constrained_latent_only,11419,1,13519,1,2.5070069016124155,0.41336878890994966,0.6306193291317473,0.6306193291317473,True,False,False,4,7
PushT,jepa_wm_pusht,11,1,fidelity_constrained_latent_only__seed11419,fidelity_constrained_latent_only,11419,2,13537,1,3.8324313837575295,0.41336878890994966,0.46780244700234286,0.46780244700234286,True,False,False,9,7
PushT,jepa_wm_pusht,11,1,fidelity_constrained_latent_only__seed11419,fidelity_constrained_latent_only,11419,0,13501,3,0.8031159779821,0.2748698300443903,0.2748698300443903,0.2748698300443903,True,False,False,8,6
PushT,jepa_wm_pusht,11,1,fidelity_constrained_latent_only__seed11419,fidelity_constrained_latent_only,11419,1,13519,3,0.7071287741748431,0.2748698300443903,0.0,0.0,True,False,True,6,6
PushT,jepa_wm_pusht,11,1,fidelity_constrained_latent_only__seed11419,fidelity_constrained_latent_only,11419,2,13537,3,1.0983986555078729,0.2748698300443903,0.0,0.0,True,False,True,6,6
PushT,jepa_wm_pusht,11,1,fidelity_constrained_latent_only__seed11419,fidelity_constrained_latent_only,11419,0,13501,6,1.4079309038122612,0.2434864252420023,0.0,0.0,True,False,True,6,6
PushT,jepa_wm_pusht,11,1,fidelity_constrained_latent_only__seed11419,fidelity_constrained_latent_only,11419,1,13519,6,1.4949423215098347,0.2434864252420023,0.0,0.0,True,False,True,6,6
PushT,jepa_wm_pusht,11,1,fidelity_constrained_latent_only__seed11419,fidelity_constrained_latent_only,11419,2,13537,6,0.9437684341910865,0.2434864252420023,0.0,0.0,True,False,True,6,6
PushT,jepa_wm_pusht,12,1,fidelity_constrained_latent_only__seed11419,fidelity_constrained_latent_only,11419,0,13501,1,1.213504752550684,0.09450672487896075,0.30421178027634105,0.30421178027634105,True,False,False,1,6
PushT,jepa_wm_pusht,12,1,fidelity_constrained_latent_only__seed11419,fidelity_constrained_latent_only,11419,1,13519,1,1.5990581974049576,0.09450672487896075,0.8207654932996075,0.8207654932996075,True,False,False,0,6
PushT,jepa_wm_pusht,12,1,fidelity_constrained_latent_only__seed11419,fidelity_constrained_latent_only,11419,2,13537,1,3.155217214059336,0.09450672487896075,0.8864419510504964,0.8864419510504964,True,False,False,7,6
PushT,jepa_wm_pusht,12,1,fidelity_constrained_latent_only__seed11419,fidelity_constrained_latent_only,11419,0,13501,3,1.2407406004782615,0.05556742065693472,0.0,0.0,True,False,True,4,4
PushT,jepa_wm_pusht,12,1,fidelity_constrained_latent_only__seed11419,fidelity_constrained_latent_only,11419,1,13519,3,1.2363220198058746,0.05556742065693472,0.09847152877843415,0.09847152877843415,True,False,False,2,4
PushT,jepa_wm_pusht,12,1,fidelity_constrained_latent_only__seed11419,fidelity_constrained_latent_only,11419,2,13537,3,1.3451820270862411,0.05556742065693472,0.09847152877843415,0.09847152877843415,True,False,False,2,4
PushT,jepa_wm_pusht,12,1,fidelity_constrained_latent_only__seed11419,fidelity_constrained_latent_only,11419,0,13501,6,1.041730317217382,0.01885074951463251,0.0,0.0,True,False,True,2,2
PushT,jepa_wm_pusht,12,1,fidelity_constrained_latent_only__seed11419,fidelity_constrained_latent_only,11419,1,13519,6,1.096566615069606,0.01885074951463251,0.0,0.0,True,False,True,2,2
PushT,jepa_wm_pusht,12,1,fidelity_constrained_latent_only__seed11419,fidelity_constrained_latent_only,11419,2,13537,6,1.1843645550363098,0.01885074951463251,0.01885074951463251,0.01885074951463251,True,False,False,4,2
PushT,jepa_wm_pusht,13,1,fidelity_constrained_latent_only__seed11419,fidelity_constrained_latent_only,11419,0,13501,1,1.4427393907476884,0.05717193711490079,0.7753823480956951,0.7753823480956951,True,False,False,7,6
PushT,jepa_wm_pusht,13,1,fidelity_constrained_latent_only__seed11419,fidelity_constrained_latent_only,11419,1,13519,1,2.0209911221162153,0.05717193711490079,1.0,1.0,True,False,False,9,6
PushT,jepa_wm_pusht,13,1,fidelity_constrained_latent_only__seed11419,fidelity_constrained_latent_only,11419,2,13537,1,3.6057464636645133,0.05717193711490079,1.0,1.0,True,False,False,9,6
PushT,jepa_wm_pusht,13,1,fidelity_constrained_latent_only__seed11419,fidelity_constrained_latent_only,11419,0,13501,3,0.8729342812902195,0.0161718104917741,0.0161718104917741,0.0161718104917741,True,False,False,4,2
PushT,jepa_wm_pusht,13,1,fidelity_constrained_latent_only__seed11419,fidelity_constrained_latent_only,11419,1,13519,3,1.0468220770222556,0.0161718104917741,0.0,0.0,True,False,True,2,2
PushT,jepa_wm_pusht,13,1,fidelity_constrained_latent_only__seed11419,fidelity_constrained_latent_only,11419,2,13537,3,1.3300942587178646,0.0161718104917741,0.0161718104917741,0.0161718104917741,True,False,False,4,2
PushT,jepa_wm_pusht,13,1,fidelity_constrained_latent_only__seed11419,fidelity_constrained_latent_only,11419,0,13501,6,0.9654834607475654,0.05290481855690444,0.05290481855690444,0.05290481855690444,True,False,False,4,2
PushT,jepa_wm_pusht,13,1,fidelity_constrained_latent_only__seed11419,fidelity_constrained_latent_only,11419,1,13519,6,0.8918335440061641,0.05290481855690444,0.0,0.0,True,False,True,2,2
PushT,jepa_wm_pusht,13,1,fidelity_constrained_latent_only__seed11419,fidelity_constrained_latent_only,11419,2,13537,6,1.1089747936886853,0.05290481855690444,0.38537176163888476,0.38537176163888476,True,False,False,3,2
PushT,jepa_wm_pusht,14,1,fidelity_constrained_latent_only__seed11419,fidelity_constrained_latent_only,11419,0,13501,1,19208.285856950457,inf,0.0,0.0,True,False,True,7,0
PushT,jepa_wm_pusht,14,1,fidelity_constrained_latent_only__seed11419,fidelity_constrained_latent_only,11419,1,13519,1,27931.237150562647,inf,0.0,0.0,True,False,True,7,0
PushT,jepa_wm_pusht,14,1,fidelity_constrained_latent_only__seed11419,fidelity_constrained_latent_only,11419,2,13537,1,45404.3566011544,inf,0.0,0.0,True,False,True,1,0
PushT,jepa_wm_pusht,14,1,fidelity_constrained_latent_only__seed11419,fidelity_constrained_latent_only,11419,0,13501,3,1.2961474259655614,0.22439910568143512,0.22439910568143512,0.22439910568143512,True,False,False,5,2
PushT,jepa_wm_pusht,14,1,fidelity_constrained_latent_only__seed11419,fidelity_constrained_latent_only,11419,1,13519,3,1.5077050840413335,0.22439910568143512,0.0,0.0,True,False,True,2,2
PushT,jepa_wm_pusht,14,1,fidelity_constrained_latent_only__seed11419,fidelity_constrained_latent_only,11419,2,13537,3,1.604016767379453,0.22439910568143512,0.8251746488970769,0.8251746488970769,True,False,False,4,2
PushT,jepa_wm_pusht,14,1,fidelity_constrained_latent_only__seed11419,fidelity_constrained_latent_only,11419,0,13501,6,0.7305758310744528,0.10985312473301036,0.0,0.0,True,False,True,2,2
PushT,jepa_wm_pusht,14,1,fidelity_constrained_latent_only__seed11419,fidelity_constrained_latent_only,11419,1,13519,6,0.8169257438010954,0.10985312473301036,0.0,0.0,True,False,True,2,2
PushT,jepa_wm_pusht,14,1,fidelity_constrained_latent_only__seed11419,fidelity_constrained_latent_only,11419,2,13537,6,0.6871108815438685,0.10985312473301036,0.0,0.0,True,False,True,2,2
PushT,jepa_wm_pusht,15,1,fidelity_constrained_latent_only__seed11419,fidelity_constrained_latent_only,11419,0,13501,1,72566.32627953729,inf,0.0,0.0,True,False,True,7,0
PushT,jepa_wm_pusht,15,1,fidelity_constrained_latent_only__seed11419,fidelity_constrained_latent_only,11419,1,13519,1,28825.423961351567,inf,0.0,0.0,True,False,True,4,0
PushT,jepa_wm_pusht,15,1,fidelity_constrained_latent_only__seed11419,fidelity_constrained_latent_only,11419,2,13537,1,38960.087988215,inf,0.0,0.0,True,False,True,4,0
PushT,jepa_wm_pusht,15,1,fidelity_constrained_latent_only__seed11419,fidelity_constrained_latent_only,11419,0,13501,3,1.7416961952527263,0.3147370809376674,0.0,0.0,True,False,True,2,2
PushT,jepa_wm_pusht,15,1,fidelity_constrained_latent_only__seed11419,fidelity_constrained_latent_only,11419,1,13519,3,0.43411067574052914,0.3147370809376674,0.0,0.0,True,False,True,2,2
PushT,jepa_wm_pusht,15,1,fidelity_constrained_latent_only__seed11419,fidelity_constrained_latent_only,11419,2,13537,3,1.0560470812675122,0.3147370809376674,0.0,0.0,True,False,True,2,2
PushT,jepa_wm_pusht,15,1,fidelity_constrained_latent_only__seed11419,fidelity_constrained_latent_only,11419,0,13501,6,0.9869465044371415,0.04855924422800973,0.0,0.0,True,False,True,3,3
PushT,jepa_wm_pusht,15,1,fidelity_constrained_latent_only__seed11419,fidelity_constrained_latent_only,11419,1,13519,6,0.5618016841868329,0.04855924422800973,0.0,0.0,True,False,True,3,3
PushT,jepa_wm_pusht,15,1,fidelity_constrained_latent_only__seed11419,fidelity_constrained_latent_only,11419,2,13537,6,0.9849342981526357,0.04855924422800973,0.0,0.0,True,False,True,3,3
PushT,jepa_wm_pusht,16,2,fidelity_constrained_latent_only__seed11419,fidelity_constrained_latent_only,11419,0,13501,1,0.6277603158931843,0.04667333317829818,0.0,0.0,True,False,True,4,4
PushT,jepa_wm_pusht,16,2,fidelity_constrained_latent_only__seed11419,fidelity_constrained_latent_only,11419,1,13519,1,1.1074349705075637,0.04667333317829818,0.04667333317829818,0.04667333317829818,True,False,False,6,4
PushT,jepa_wm_pusht,16,2,fidelity_constrained_latent_only__seed11419,fidelity_constrained_latent_only,11419,2,13537,1,1.316724736021653,0.04667333317829818,0.04667333317829818,0.04667333317829818,True,False,False,6,4
PushT,jepa_wm_pusht,16,2,fidelity_constrained_latent_only__seed11419,fidelity_constrained_latent_only,11419,0,13501,3,0.7925030717279867,0.32628899571658077,0.32628899571658077,0.32628899571658077,True,False,False,4,6
PushT,jepa_wm_pusht,16,2,fidelity_constrained_latent_only__seed11419,fidelity_constrained_latent_only,11419,1,13519,3,1.570987435337781,0.32628899571658077,0.32628899571658077,0.32628899571658077,True,False,False,4,6
PushT,jepa_wm_pusht,16,2,fidelity_constrained_latent_only__seed11419,fidelity_constrained_latent_only,11419,2,13537,3,0.956993507916411,0.32628899571658077,0.0,0.0,True,False,True,6,6
PushT,jepa_wm_pusht,16,2,fidelity_constrained_latent_only__seed11419,fidelity_constrained_latent_only,11419,0,13501,6,1.042755208922696,0.3019145847229555,0.0,0.0,True,False,True,6,6
PushT,jepa_wm_pusht,16,2,fidelity_constrained_latent_only__seed11419,fidelity_constrained_latent_only,11419,1,13519,6,1.1616780212419995,0.3019145847229555,0.3314622338329956,0.3314622338329956,True,False,False,8,6
PushT,jepa_wm_pusht,16,2,fidelity_constrained_latent_only__seed11419,fidelity_constrained_latent_only,11419,2,13537,6,0.8264380596534293,0.3019145847229555,0.0,0.0,True,False,True,6,6
PushT,jepa_wm_pusht,17,2,fidelity_constrained_latent_only__seed11419,fidelity_constrained_latent_only,11419,0,13501,1,40390.878606095255,inf,0.0,0.0,True,False,True,6,0
PushT,jepa_wm_pusht,17,2,fidelity_constrained_latent_only__seed11419,fidelity_constrained_latent_only,11419,1,13519,1,50259.83389480385,inf,0.0,0.0,True,False,True,6,0
PushT,jepa_wm_pusht,17,2,fidelity_constrained_latent_only__seed11419,fidelity_constrained_latent_only,11419,2,13537,1,53145.45026263171,inf,0.0,0.0,True,False,True,6,0
PushT,jepa_wm_pusht,17,2,fidelity_constrained_latent_only__seed11419,fidelity_constrained_latent_only,11419,0,13501,3,1.4004290776399997,0.14967206398860944,0.5789271149086822,0.5789271149086822,True,False,False,4,2
PushT,jepa_wm_pusht,17,2,fidelity_constrained_latent_only__seed11419,fidelity_constrained_latent_only,11419,1,13519,3,1.892973748566499,0.14967206398860944,0.0,0.0,True,False,True,2,2
PushT,jepa_wm_pusht,17,2,fidelity_constrained_latent_only__seed11419,fidelity_constrained_latent_only,11419,2,13537,3,1.3091344680201942,0.14967206398860944,0.6032872167889128,0.6032872167889128,True,False,False,8,2
PushT,jepa_wm_pusht,17,2,fidelity_constrained_latent_only__seed11419,fidelity_constrained_latent_only,11419,0,13501,6,0.6674105066367122,0.27989109651126526,0.0,0.0,True,False,True,3,3
PushT,jepa_wm_pusht,17,2,fidelity_constrained_latent_only__seed11419,fidelity_constrained_latent_only,11419,1,13519,6,1.1576705582719147,0.27989109651126526,0.0,0.0,True,False,True,3,3
PushT,jepa_wm_pusht,17,2,fidelity_constrained_latent_only__seed11419,fidelity_constrained_latent_only,11419,2,13537,6,1.0978831386141938,0.27989109651126526,1.0,1.0,True,False,False,6,3
PushT,jepa_wm_pusht,18,2,fidelity_constrained_latent_only__seed11419,fidelity_constrained_latent_only,11419,0,13501,1,24203.37666412718,inf,0.0,0.0,True,False,True,6,0
PushT,jepa_wm_pusht,18,2,fidelity_constrained_latent_only__seed11419,fidelity_constrained_latent_only,11419,1,13519,1,28010.218724798306,inf,0.0,0.0,True,False,True,8,0
PushT,jepa_wm_pusht,18,2,fidelity_constrained_latent_only__seed11419,fidelity_constrained_latent_only,11419,2,13537,1,74138.24059544204,inf,0.0,0.0,True,False,True,9,0
PushT,jepa_wm_pusht,18,2,fidelity_constrained_latent_only__seed11419,fidelity_constrained_latent_only,11419,0,13501,3,1.653904970360536,0.27850140655302486,0.44201480759003287,0.44201480759003287,True,False,False,5,2
PushT,jepa_wm_pusht,18,2,fidelity_constrained_latent_only__seed11419,fidelity_constrained_latent_only,11419,1,13519,3,1.9867406800610476,0.27850140655302486,1.0,1.0,True,False,False,7,2
PushT,jepa_wm_pusht,18,2,fidelity_constrained_latent_only__seed11419,fidelity_constrained_latent_only,11419,2,13537,3,2.107633289605905,0.27850140655302486,0.44201480759003287,0.44201480759003287,True,False,False,5,2
PushT,jepa_wm_pusht,18,2,fidelity_constrained_latent_only__seed11419,fidelity_constrained_latent_only,11419,0,13501,6,0.938273804357642,0.045141008814957334,0.0,0.0,True,False,True,2,2
PushT,jepa_wm_pusht,18,2,fidelity_constrained_latent_only__seed11419,fidelity_constrained_latent_only,11419,1,13519,6,1.5998270107741754,0.045141008814957334,1.0,1.0,True,False,False,7,2
PushT,jepa_wm_pusht,18,2,fidelity_constrained_latent_only__seed11419,fidelity_constrained_latent_only,11419,2,13537,6,1.2469319565910464,0.045141008814957334,0.36289437302384253,0.36289437302384253,True,False,False,5,2
PushT,jepa_wm_pusht,19,2,fidelity_constrained_latent_only__seed11419,fidelity_constrained_latent_only,11419,0,13501,1,5.317987254024131,0.30581859652833554,0.30581859652833554,0.30581859652833554,True,False,False,9,7
PushT,jepa_wm_pusht,19,2,fidelity_constrained_latent_only__seed11419,fidelity_constrained_latent_only,11419,1,13519,1,4.449985314371352,0.30581859652833554,0.7032907354635126,0.7032907354635126,True,False,False,5,7
PushT,jepa_wm_pusht,19,2,fidelity_constrained_latent_only__seed11419,fidelity_constrained_latent_only,11419,2,13537,1,4.37032293291973,0.30581859652833554,0.30581859652833554,0.30581859652833554,True,False,False,9,7
PushT,jepa_wm_pusht,19,2,fidelity_constrained_latent_only__seed11419,fidelity_constrained_latent_only,11419,0,13501,3,2.4598505053671027,0.08549327156519568,0.0,0.0,True,False,True,7,7
PushT,jepa_wm_pusht,19,2,fidelity_constrained_latent_only__seed11419,fidelity_constrained_latent_only,11419,1,13519,3,1.0906617812221893,0.08549327156519568,0.0,0.0,True,False,True,7,7
PushT,jepa_wm_pusht,19,2,fidelity_constrained_latent_only__seed11419,fidelity_constrained_latent_only,11419,2,13537,3,1.86835656922377,0.08549327156519568,0.840133628508192,0.840133628508192,True,False,False,9,7
PushT,jepa_wm_pusht,19,2,fidelity_constrained_latent_only__seed11419,fidelity_constrained_latent_only,11419,0,13501,6,2.520780654193736,0.05206520357815755,0.0,0.0,True,False,True,5,5
PushT,jepa_wm_pusht,19,2,fidelity_constrained_latent_only__seed11419,fidelity_constrained_latent_only,11419,1,13519,6,2.1313420813850903,0.05206520357815755,0.0,0.0,True,False,True,5,5
PushT,jepa_wm_pusht,19,2,fidelity_constrained_latent_only__seed11419,fidelity_constrained_latent_only,11419,2,13537,6,2.2818795904440923,0.05206520357815755,0.05206520357815755,0.05206520357815755,True,False,False,7,5
PushT,jepa_wm_pusht,20,2,fidelity_constrained_latent_only__seed11419,fidelity_constrained_latent_only,11419,0,13501,1,1.6694709105284053,0.071849549171498,0.071849549171498,0.071849549171498,True,False,False,6,8
PushT,jepa_wm_pusht,20,2,fidelity_constrained_latent_only__seed11419,fidelity_constrained_latent_only,11419,1,13519,1,1.794756561264647,0.071849549171498,0.7957935685153475,0.7957935685153475,True,False,False,5,8
PushT,jepa_wm_pusht,20,2,fidelity_constrained_latent_only__seed11419,fidelity_constrained_latent_only,11419,2,13537,1,2.518118129999661,0.071849549171498,0.0,0.0,True,False,True,8,8
PushT,jepa_wm_pusht,20,2,fidelity_constrained_latent_only__seed11419,fidelity_constrained_latent_only,11419,0,13501,3,1.2242292910146524,0.06837919317243876,0.06837919317243876,0.06837919317243876,True,False,False,6,8
PushT,jepa_wm_pusht,20,2,fidelity_constrained_latent_only__seed11419,fidelity_constrained_latent_only,11419,1,13519,3,2.099158294599154,0.06837919317243876,0.6926795848253594,0.6926795848253594,True,False,False,2,8
PushT,jepa_wm_pusht,20,2,fidelity_constrained_latent_only__seed11419,fidelity_constrained_latent_only,11419,2,13537,3,1.5646526437874946,0.06837919317243876,0.06837919317243876,0.06837919317243876,True,False,False,6,8
PushT,jepa_wm_pusht,20,2,fidelity_constrained_latent_only__seed11419,fidelity_constrained_latent_only,11419,0,13501,6,1.7180500732627073,0.056057307459408214,0.4219198098666871,0.4219198098666871,True,False,False,2,8
PushT,jepa_wm_pusht,20,2,fidelity_constrained_latent_only__seed11419,fidelity_constrained_latent_only,11419,1,13519,6,2.0452635509723707,0.056057307459408214,1.0,1.0,True,False,False,3,8
PushT,jepa_wm_pusht,20,2,fidelity_constrained_latent_only__seed11419,fidelity_constrained_latent_only,11419,2,13537,6,1.8484509506324411,0.056057307459408214,1.0,1.0,True,False,False,3,8
PushT,jepa_wm_pusht,21,2,fidelity_constrained_latent_only__seed11419,fidelity_constrained_latent_only,11419,0,13501,1,55533.61240663898,inf,0.0,0.0,True,False,True,9,0
PushT,jepa_wm_pusht,21,2,fidelity_constrained_latent_only__seed11419,fidelity_constrained_latent_only,11419,1,13519,1,40516.932710726636,inf,0.0,0.0,True,False,True,4,0
PushT,jepa_wm_pusht,21,2,fidelity_constrained_latent_only__seed11419,fidelity_constrained_latent_only,11419,2,13537,1,42387.5499328045,inf,0.0,0.0,True,False,True,0,0
PushT,jepa_wm_pusht,21,2,fidelity_constrained_latent_only__seed11419,fidelity_constrained_latent_only,11419,0,13501,3,2.1462090931943925,0.10022651401688715,0.10022651401688715,0.10022651401688715,True,False,False,5,2
PushT,jepa_wm_pusht,21,2,fidelity_constrained_latent_only__seed11419,fidelity_constrained_latent_only,11419,1,13519,3,3.2015809338635957,0.10022651401688715,0.45436799300297653,0.45436799300297653,True,False,False,1,2
PushT,jepa_wm_pusht,21,2,fidelity_constrained_latent_only__seed11419,fidelity_constrained_latent_only,11419,2,13537,3,3.7243576860549523,0.10022651401688715,0.6588348079990693,0.6588348079990693,True,False,False,8,2
PushT,jepa_wm_pusht,21,2,fidelity_constrained_latent_only__seed11419,fidelity_constrained_latent_only,11419,0,13501,6,0.7986445605158095,0.32957479347041385,0.0,0.0,True,False,True,3,3
PushT,jepa_wm_pusht,21,2,fidelity_constrained_latent_only__seed11419,fidelity_constrained_latent_only,11419,1,13519,6,0.8895262143199477,0.32957479347041385,0.0,0.0,True,False,True,3,3
PushT,jepa_wm_pusht,21,2,fidelity_constrained_latent_only__seed11419,fidelity_constrained_latent_only,11419,2,13537,6,1.0644940627645987,0.32957479347041385,0.0,0.0,True,False,True,3,3
PushT,jepa_wm_pusht,22,2,fidelity_constrained_latent_only__seed11419,fidelity_constrained_latent_only,11419,0,13501,1,72.07633250163651,1.0,1.0,1.0,True,False,False,0,6
PushT,jepa_wm_pusht,22,2,fidelity_constrained_latent_only__seed11419,fidelity_constrained_latent_only,11419,1,13519,1,77.37294630713271,1.0,1.0,1.0,True,False,False,4,6
PushT,jepa_wm_pusht,22,2,fidelity_constrained_latent_only__seed11419,fidelity_constrained_latent_only,11419,2,13537,1,80.65532990249872,1.0,1.0,1.0,True,False,False,8,6
PushT,jepa_wm_pusht,22,2,fidelity_constrained_latent_only__seed11419,fidelity_constrained_latent_only,11419,0,13501,3,0.7611778709066435,0.1402584854949118,0.0,0.0,True,False,True,4,4
PushT,jepa_wm_pusht,22,2,fidelity_constrained_latent_only__seed11419,fidelity_constrained_latent_only,11419,1,13519,3,1.0655213859748778,0.1402584854949118,0.1402584854949118,0.1402584854949118,True,False,False,2,4
PushT,jepa_wm_pusht,22,2,fidelity_constrained_latent_only__seed11419,fidelity_constrained_latent_only,11419,2,13537,3,1.8753025147670612,0.1402584854949118,0.0,0.0,True,False,True,4,4
PushT,jepa_wm_pusht,22,2,fidelity_constrained_latent_only__seed11419,fidelity_constrained_latent_only,11419,0,13501,6,0.6320067198055097,0.16420548128968346,0.0,0.0,True,False,True,4,4
PushT,jepa_wm_pusht,22,2,fidelity_constrained_latent_only__seed11419,fidelity_constrained_latent_only,11419,1,13519,6,1.0753465748147997,0.16420548128968346,0.0,0.0,True,False,True,4,4
PushT,jepa_wm_pusht,22,2,fidelity_constrained_latent_only__seed11419,fidelity_constrained_latent_only,11419,2,13537,6,0.8163569346509278,0.16420548128968346,0.0,0.0,True,False,True,4,4
PushT,jepa_wm_pusht,23,2,fidelity_constrained_latent_only__seed11419,fidelity_constrained_latent_only,11419,0,13501,1,1.8079995183958109,0.020457435985849055,0.8184373479905506,0.8184373479905506,True,False,False,6,9
PushT,jepa_wm_pusht,23,2,fidelity_constrained_latent_only__seed11419,fidelity_constrained_latent_only,11419,1,13519,1,1.940088786224675,0.020457435985849055,0.8184373479905506,0.8184373479905506,True,False,False,6,9
PushT,jepa_wm_pusht,23,2,fidelity_constrained_latent_only__seed11419,fidelity_constrained_latent_only,11419,2,13537,1,1.8650823628460806,0.020457435985849055,0.5842417127270264,0.5842417127270264,True,False,False,4,9
PushT,jepa_wm_pusht,23,2,fidelity_constrained_latent_only__seed11419,fidelity_constrained_latent_only,11419,0,13501,3,1.3867168206389633,0.00801155301203528,0.24599877825290165,0.24599877825290165,True,False,False,4,9
PushT,jepa_wm_pusht,23,2,fidelity_constrained_latent_only__seed11419,fidelity_constrained_latent_only,11419,1,13519,3,0.7883209363339339,0.00801155301203528,0.13340500380456333,0.13340500380456333,True,False,False,1,9
PushT,jepa_wm_pusht,23,2,fidelity_constrained_latent_only__seed11419,fidelity_constrained_latent_only,11419,2,13537,3,1.3635352382478636,0.00801155301203528,0.24599877825290165,0.24599877825290165,True,False,False,4,9
PushT,jepa_wm_pusht,23,2,fidelity_constrained_latent_only__seed11419,fidelity_constrained_latent_only,11419,0,13501,6,1.3059466730840117,0.005423206725342201,0.00624987304378611,0.00624987304378611,True,False,False,3,9
PushT,jepa_wm_pusht,23,2,fidelity_constrained_latent_only__seed11419,fidelity_constrained_latent_only,11419,1,13519,6,1.24200649299558,0.005423206725342201,0.01666363785413529,0.01666363785413529,True,False,False,2,9
PushT,jepa_wm_pusht,23,2,fidelity_constrained_latent_only__seed11419,fidelity_constrained_latent_only,11419,2,13537,6,1.3256191973610203,0.005423206725342201,0.10275826883957667,0.10275826883957667,True,False,False,4,9
PushT,jepa_wm_pusht,48,6,fidelity_constrained_latent_only__seed11419,fidelity_constrained_latent_only,11419,0,13501,1,3.313501040972156,0.010481511777836317,1.0,1.0,True,False,False,8,9
PushT,jepa_wm_pusht,48,6,fidelity_constrained_latent_only__seed11419,fidelity_constrained_latent_only,11419,1,13519,1,3.502800260708946,0.010481511777836317,0.10419362947361568,0.10419362947361568,True,False,False,5,9
PushT,jepa_wm_pusht,48,6,fidelity_constrained_latent_only__seed11419,fidelity_constrained_latent_only,11419,2,13537,1,2.696696119195813,0.010481511777836317,0.09012243500443963,0.09012243500443963,True,False,False,0,9
PushT,jepa_wm_pusht,48,6,fidelity_constrained_latent_only__seed11419,fidelity_constrained_latent_only,11419,0,13501,3,1.133275279670361,0.03292797551033872,0.03292797551033872,0.03292797551033872,True,False,False,7,5
PushT,jepa_wm_pusht,48,6,fidelity_constrained_latent_only__seed11419,fidelity_constrained_latent_only,11419,1,13519,3,0.45451204573131676,0.03292797551033872,0.03292797551033872,0.03292797551033872,True,False,False,7,5
PushT,jepa_wm_pusht,48,6,fidelity_constrained_latent_only__seed11419,fidelity_constrained_latent_only,11419,2,13537,3,0.9635831590912944,0.03292797551033872,0.0,0.0,True,False,True,5,5
PushT,jepa_wm_pusht,48,6,fidelity_constrained_latent_only__seed11419,fidelity_constrained_latent_only,11419,0,13501,6,0.6789734548975064,0.0189945493625357,0.0,0.0,True,False,True,5,5
PushT,jepa_wm_pusht,48,6,fidelity_constrained_latent_only__seed11419,fidelity_constrained_latent_only,11419,1,13519,6,1.1354915749388566,0.0189945493625357,0.39936556443856897,0.39936556443856897,True,False,False,9,5
PushT,jepa_wm_pusht,48,6,fidelity_constrained_latent_only__seed11419,fidelity_constrained_latent_only,11419,2,13537,6,1.1371322725543627,0.0189945493625357,0.0,0.0,True,False,True,5,5
PushT,jepa_wm_pusht,49,6,fidelity_constrained_latent_only__seed11419,fidelity_constrained_latent_only,11419,0,13501,1,1.6674915300852946,0.021846463468537518,0.3961841050703398,0.3961841050703398,True,False,False,9,5
PushT,jepa_wm_pusht,49,6,fidelity_constrained_latent_only__seed11419,fidelity_constrained_latent_only,11419,1,13519,1,1.3048603386042785,0.021846463468537518,0.19612234939085493,0.19612234939085493,True,False,False,1,5
PushT,jepa_wm_pusht,49,6,fidelity_constrained_latent_only__seed11419,fidelity_constrained_latent_only,11419,2,13537,1,2.539678021925604,0.021846463468537518,0.3961841050703398,0.3961841050703398,True,False,False,9,5
PushT,jepa_wm_pusht,49,6,fidelity_constrained_latent_only__seed11419,fidelity_constrained_latent_only,11419,0,13501,3,0.5375157445489658,0.045795884377635314,0.0,0.0,True,False,True,5,5
PushT,jepa_wm_pusht,49,6,fidelity_constrained_latent_only__seed11419,fidelity_constrained_latent_only,11419,1,13519,3,0.2949846626486265,0.045795884377635314,0.0,0.0,True,False,True,5,5
PushT,jepa_wm_pusht,49,6,fidelity_constrained_latent_only__seed11419,fidelity_constrained_latent_only,11419,2,13537,3,0.8199347401357134,0.045795884377635314,0.0,0.0,True,False,True,5,5
PushT,jepa_wm_pusht,49,6,fidelity_constrained_latent_only__seed11419,fidelity_constrained_latent_only,11419,0,13501,6,0.528047032286139,0.016722331142878723,0.0,0.0,True,False,True,5,5
PushT,jepa_wm_pusht,49,6,fidelity_constrained_latent_only__seed11419,fidelity_constrained_latent_only,11419,1,13519,6,0.8956365012143234,0.016722331142878723,0.11307668388713481,0.11307668388713481,True,False,False,7,5
PushT,jepa_wm_pusht,49,6,fidelity_constrained_latent_only__seed11419,fidelity_constrained_latent_only,11419,2,13537,6,0.45675910612579435,0.016722331142878723,0.0,0.0,True,False,True,5,5
PushT,jepa_wm_pusht,50,6,fidelity_constrained_latent_only__seed11419,fidelity_constrained_latent_only,11419,0,13501,1,3.565445239054057,0.026574968337305327,1.0,1.0,True,False,False,0,1
PushT,jepa_wm_pusht,50,6,fidelity_constrained_latent_only__seed11419,fidelity_constrained_latent_only,11419,1,13519,1,2.5909362551932884,0.026574968337305327,1.0,1.0,True,False,False,0,1
PushT,jepa_wm_pusht,50,6,fidelity_constrained_latent_only__seed11419,fidelity_constrained_latent_only,11419,2,13537,1,2.5928664254521667,0.026574968337305327,0.932744916162424,0.932744916162424,True,False,False,9,1
PushT,jepa_wm_pusht,50,6,fidelity_constrained_latent_only__seed11419,fidelity_constrained_latent_only,11419,0,13501,3,1.1937954539515359,0.12856031447576668,0.0,0.0,True,False,True,2,2
PushT,jepa_wm_pusht,50,6,fidelity_constrained_latent_only__seed11419,fidelity_constrained_latent_only,11419,1,13519,3,1.7681112375619876,0.12856031447576668,0.1801982673819778,0.1801982673819778,True,False,False,5,2
PushT,jepa_wm_pusht,50,6,fidelity_constrained_latent_only__seed11419,fidelity_constrained_latent_only,11419,2,13537,3,0.928670690821112,0.12856031447576668,0.0,0.0,True,False,True,2,2
PushT,jepa_wm_pusht,50,6,fidelity_constrained_latent_only__seed11419,fidelity_constrained_latent_only,11419,0,13501,6,1.4558348188103085,0.022119626255265364,0.11176022326401269,0.11176022326401269,True,False,False,4,2
PushT,jepa_wm_pusht,50,6,fidelity_constrained_latent_only__seed11419,fidelity_constrained_latent_only,11419,1,13519,6,2.490846949803356,0.022119626255265364,0.8906714811949892,0.8906714811949892,True,False,False,0,2
PushT,jepa_wm_pusht,50,6,fidelity_constrained_latent_only__seed11419,fidelity_constrained_latent_only,11419,2,13537,6,1.1651655629733488,0.022119626255265364,0.11176022326401269,0.11176022326401269,True,False,False,4,2
PushT,jepa_wm_pusht,51,6,fidelity_constrained_latent_only__seed11419,fidelity_constrained_latent_only,11419,0,13501,1,0.7762578691307315,0.15725227350300996,0.0,0.0,True,False,True,9,9
PushT,jepa_wm_pusht,51,6,fidelity_constrained_latent_only__seed11419,fidelity_constrained_latent_only,11419,1,13519,1,2.019218081118795,0.15725227350300996,0.6974113697977925,0.6974113697977925,True,False,False,1,9
PushT,jepa_wm_pusht,51,6,fidelity_constrained_latent_only__seed11419,fidelity_constrained_latent_only,11419,2,13537,1,1.004482442214403,0.15725227350300996,0.3905729249325504,0.3905729249325504,True,False,False,5,9
PushT,jepa_wm_pusht,51,6,fidelity_constrained_latent_only__seed11419,fidelity_constrained_latent_only,11419,0,13501,3,0.6038010106668239,0.3533778267573249,0.0,0.0,True,False,True,9,9
PushT,jepa_wm_pusht,51,6,fidelity_constrained_latent_only__seed11419,fidelity_constrained_latent_only,11419,1,13519,3,0.8337339978492108,0.3533778267573249,0.0,0.0,True,False,True,9,9
PushT,jepa_wm_pusht,51,6,fidelity_constrained_latent_only__seed11419,fidelity_constrained_latent_only,11419,2,13537,3,0.869912174353139,0.3533778267573249,0.3533778267573249,0.3533778267573249,True,False,False,7,9
PushT,jepa_wm_pusht,51,6,fidelity_constrained_latent_only__seed11419,fidelity_constrained_latent_only,11419,0,13501,6,0.7510022120911773,0.7256929271533445,0.0,0.0,True,False,True,9,9
PushT,jepa_wm_pusht,51,6,fidelity_constrained_latent_only__seed11419,fidelity_constrained_latent_only,11419,1,13519,6,1.0352197207778784,0.7256929271533445,0.842907939437964,0.842907939437964,True,False,False,4,9
PushT,jepa_wm_pusht,51,6,fidelity_constrained_latent_only__seed11419,fidelity_constrained_latent_only,11419,2,13537,6,0.7972632717044914,0.7256929271533445,0.0,0.0,True,False,True,9,9
PushT,jepa_wm_pusht,52,6,fidelity_constrained_latent_only__seed11419,fidelity_constrained_latent_only,11419,0,13501,1,94.43904258377378,1.0,0.0,0.0,True,False,True,8,0
PushT,jepa_wm_pusht,52,6,fidelity_constrained_latent_only__seed11419,fidelity_constrained_latent_only,11419,1,13519,1,116.68593321046635,1.0,0.0,0.0,True,False,True,9,0
PushT,jepa_wm_pusht,52,6,fidelity_constrained_latent_only__seed11419,fidelity_constrained_latent_only,11419,2,13537,1,151.6190806884266,1.0,0.0,0.0,True,False,True,8,0
PushT,jepa_wm_pusht,52,6,fidelity_constrained_latent_only__seed11419,fidelity_constrained_latent_only,11419,0,13501,3,1.653233006305413,0.13522847553569003,0.0,0.0,True,False,True,2,2
PushT,jepa_wm_pusht,52,6,fidelity_constrained_latent_only__seed11419,fidelity_constrained_latent_only,11419,1,13519,3,1.7603159927377783,0.13522847553569003,0.16532943752242021,0.16532943752242021,True,False,False,5,2
PushT,jepa_wm_pusht,52,6,fidelity_constrained_latent_only__seed11419,fidelity_constrained_latent_only,11419,2,13537,3,1.4062071432281609,0.13522847553569003,0.0,0.0,True,False,True,2,2
PushT,jepa_wm_pusht,52,6,fidelity_constrained_latent_only__seed11419,fidelity_constrained_latent_only,11419,0,13501,6,0.6172787125170305,0.16598777328898245,0.16598777328898245,0.16598777328898245,True,False,False,2,3
PushT,jepa_wm_pusht,52,6,fidelity_constrained_latent_only__seed11419,fidelity_constrained_latent_only,11419,1,13519,6,1.0884179935822507,0.16598777328898245,0.0,0.0,True,False,True,3,3
PushT,jepa_wm_pusht,52,6,fidelity_constrained_latent_only__seed11419,fidelity_constrained_latent_only,11419,2,13537,6,0.8512057897141785,0.16598777328898245,0.0,0.0,True,False,True,3,3
PushT,jepa_wm_pusht,53,6,fidelity_constrained_latent_only__seed11419,fidelity_constrained_latent_only,11419,0,13501,1,0.8515652490160919,0.014162641733778705,0.22071215478288175,0.22071215478288175,True,False,False,1,9
PushT,jepa_wm_pusht,53,6,fidelity_constrained_latent_only__seed11419,fidelity_constrained_latent_only,11419,1,13519,1,1.5922848425981597,0.014162641733778705,0.08395759494435326,0.08395759494435326,True,False,False,0,9
PushT,jepa_wm_pusht,53,6,fidelity_constrained_latent_only__seed11419,fidelity_constrained_latent_only,11419,2,13537,1,2.165070193732464,0.014162641733778705,0.056336870443013255,0.056336870443013255,True,False,False,5,9
PushT,jepa_wm_pusht,53,6,fidelity_constrained_latent_only__seed11419,fidelity_constrained_latent_only,11419,0,13501,3,1.0041388824099569,0.02265841164096627,0.0,0.0,True,False,True,5,5
PushT,jepa_wm_pusht,53,6,fidelity_constrained_latent_only__seed11419,fidelity_constrained_latent_only,11419,1,13519,3,0.5340858955265937,0.02265841164096627,0.02265841164096627,0.02265841164096627,True,False,False,2,5
PushT,jepa_wm_pusht,53,6,fidelity_constrained_latent_only__seed11419,fidelity_constrained_latent_only,11419,2,13537,3,0.5873251494333522,0.02265841164096627,0.13836259772926038,0.13836259772926038,True,False,False,1,5
PushT,jepa_wm_pusht,53,6,fidelity_constrained_latent_only__seed11419,fidelity_constrained_latent_only,11419,0,13501,6,0.49264441887406585,0.011334226738608197,0.011334226738608197,0.011334226738608197,True,False,False,2,5
PushT,jepa_wm_pusht,53,6,fidelity_constrained_latent_only__seed11419,fidelity_constrained_latent_only,11419,1,13519,6,1.0649328741285786,0.011334226738608197,0.09295638934975486,0.09295638934975486,True,False,False,7,5
PushT,jepa_wm_pusht,53,6,fidelity_constrained_latent_only__seed11419,fidelity_constrained_latent_only,11419,2,13537,6,0.6686090067424907,0.011334226738608197,0.11645392932375082,0.11645392932375082,True,False,False,1,5
PushT,jepa_wm_pusht,54,6,fidelity_constrained_latent_only__seed11419,fidelity_constrained_latent_only,11419,0,13501,1,1.0867880745902174,0.10298439972869093,0.274829989886387,0.274829989886387,True,False,False,6,4
PushT,jepa_wm_pusht,54,6,fidelity_constrained_latent_only__seed11419,fidelity_constrained_latent_only,11419,1,13519,1,2.60695599798231,0.10298439972869093,0.5144474869020803,0.5144474869020803,True,False,False,7,4
PushT,jepa_wm_pusht,54,6,fidelity_constrained_latent_only__seed11419,fidelity_constrained_latent_only,11419,2,13537,1,1.9065129544670032,0.10298439972869093,0.7609758752648195,0.7609758752648195,True,False,False,8,4
PushT,jepa_wm_pusht,54,6,fidelity_constrained_latent_only__seed11419,fidelity_constrained_latent_only,11419,0,13501,3,0.8799995706933015,0.1412244470232876,0.26008540625048937,0.26008540625048937,True,False,False,2,4
PushT,jepa_wm_pusht,54,6,fidelity_constrained_latent_only__seed11419,fidelity_constrained_latent_only,11419,1,13519,3,1.5748223545461149,0.1412244470232876,0.26008540625048937,0.26008540625048937,True,False,False,2,4
PushT,jepa_wm_pusht,54,6,fidelity_constrained_latent_only__seed11419,fidelity_constrained_latent_only,11419,2,13537,3,0.8408251778394134,0.1412244470232876,0.26008540625048937,0.26008540625048937,True,False,False,2,4
PushT,jepa_wm_pusht,54,6,fidelity_constrained_latent_only__seed11419,fidelity_constrained_latent_only,11419,0,13501,6,1.67903368673659,0.1005509547744337,0.46559384033378,0.46559384033378,True,False,False,2,4
PushT,jepa_wm_pusht,54,6,fidelity_constrained_latent_only__seed11419,fidelity_constrained_latent_only,11419,1,13519,6,1.8032222545229948,0.1005509547744337,0.46559384033378,0.46559384033378,True,False,False,2,4
PushT,jepa_wm_pusht,54,6,fidelity_constrained_latent_only__seed11419,fidelity_constrained_latent_only,11419,2,13537,6,1.7712696014191105,0.1005509547744337,0.4888760936865212,0.4888760936865212,True,False,False,3,4
PushT,jepa_wm_pusht,55,6,fidelity_constrained_latent_only__seed11419,fidelity_constrained_latent_only,11419,0,13501,1,7.53719298246564,1.0,1.0,1.0,True,False,False,6,0
PushT,jepa_wm_pusht,55,6,fidelity_constrained_latent_only__seed11419,fidelity_constrained_latent_only,11419,1,13519,1,12.395180203251355,1.0,0.0,0.0,True,False,True,8,0
PushT,jepa_wm_pusht,55,6,fidelity_constrained_latent_only__seed11419,fidelity_constrained_latent_only,11419,2,13537,1,5.07586177801566,1.0,0.0,0.0,True,False,True,1,0
PushT,jepa_wm_pusht,55,6,fidelity_constrained_latent_only__seed11419,fidelity_constrained_latent_only,11419,0,13501,3,1.6202400227091849,0.031059595022704112,0.0,0.0,True,False,True,8,8
PushT,jepa_wm_pusht,55,6,fidelity_constrained_latent_only__seed11419,fidelity_constrained_latent_only,11419,1,13519,3,2.455332041458991,0.031059595022704112,1.0,1.0,True,False,False,6,8
PushT,jepa_wm_pusht,55,6,fidelity_constrained_latent_only__seed11419,fidelity_constrained_latent_only,11419,2,13537,3,1.2791669104453072,0.031059595022704112,0.5069549095951416,0.5069549095951416,True,False,False,4,8
PushT,jepa_wm_pusht,55,6,fidelity_constrained_latent_only__seed11419,fidelity_constrained_latent_only,11419,0,13501,6,1.7457379881509227,0.15704590216781106,1.0,1.0,True,False,False,6,3
PushT,jepa_wm_pusht,55,6,fidelity_constrained_latent_only__seed11419,fidelity_constrained_latent_only,11419,1,13519,6,1.3236629199759762,0.15704590216781106,0.15704590216781106,0.15704590216781106,True,False,False,2,3
PushT,jepa_wm_pusht,55,6,fidelity_constrained_latent_only__seed11419,fidelity_constrained_latent_only,11419,2,13537,6,1.663896945170898,0.15704590216781106,1.0,1.0,True,False,False,6,3
PushT,jepa_wm_pusht,8,1,fidelity_constrained_shuffled_geometry__seed11419,fidelity_constrained_shuffled_geometry,11419,0,13501,1,2.800806866085413,0.01282478008355127,0.6955643107020344,0.6955643107020344,True,False,False,9,1
PushT,jepa_wm_pusht,8,1,fidelity_constrained_shuffled_geometry__seed11419,fidelity_constrained_shuffled_geometry,11419,1,13519,1,1.8741331869375257,0.01282478008355127,0.28610195971877866,0.28610195971877866,True,False,False,8,1
PushT,jepa_wm_pusht,8,1,fidelity_constrained_shuffled_geometry__seed11419,fidelity_constrained_shuffled_geometry,11419,2,13537,1,4.586104772401866,0.01282478008355127,0.28610195971877866,0.28610195971877866,True,False,False,8,1
PushT,jepa_wm_pusht,8,1,fidelity_constrained_shuffled_geometry__seed11419,fidelity_constrained_shuffled_geometry,11419,0,13501,3,2.8230882593835633,0.008427652349288942,1.0,1.0,True,False,False,8,6
PushT,jepa_wm_pusht,8,1,fidelity_constrained_shuffled_geometry__seed11419,fidelity_constrained_shuffled_geometry,11419,1,13519,3,1.4109488509793624,0.008427652349288942,0.0,0.0,True,False,True,6,6
PushT,jepa_wm_pusht,8,1,fidelity_constrained_shuffled_geometry__seed11419,fidelity_constrained_shuffled_geometry,11419,2,13537,3,2.209107134580659,0.008427652349288942,1.0,1.0,True,False,False,8,6
PushT,jepa_wm_pusht,8,1,fidelity_constrained_shuffled_geometry__seed11419,fidelity_constrained_shuffled_geometry,11419,0,13501,6,1.7029212481224825,0.06182193572814055,1.0,1.0,True,False,False,3,1
PushT,jepa_wm_pusht,8,1,fidelity_constrained_shuffled_geometry__seed11419,fidelity_constrained_shuffled_geometry,11419,1,13519,6,2.060463967370798,0.06182193572814055,1.0,1.0,True,False,False,3,1
PushT,jepa_wm_pusht,8,1,fidelity_constrained_shuffled_geometry__seed11419,fidelity_constrained_shuffled_geometry,11419,2,13537,6,1.305855684186463,0.06182193572814055,0.06384650595620604,0.06384650595620604,True,False,False,6,1
PushT,jepa_wm_pusht,9,1,fidelity_constrained_shuffled_geometry__seed11419,fidelity_constrained_shuffled_geometry,11419,0,13501,1,4.029145663015179,0.36553473865706543,0.0,0.0,True,False,True,0,0
PushT,jepa_wm_pusht,9,1,fidelity_constrained_shuffled_geometry__seed11419,fidelity_constrained_shuffled_geometry,11419,1,13519,1,2.648018404679189,0.36553473865706543,0.0,0.0,True,False,True,6,0
PushT,jepa_wm_pusht,9,1,fidelity_constrained_shuffled_geometry__seed11419,fidelity_constrained_shuffled_geometry,11419,2,13537,1,2.9002353903639135,0.36553473865706543,0.0,0.0,True,False,True,0,0
PushT,jepa_wm_pusht,9,1,fidelity_constrained_shuffled_geometry__seed11419,fidelity_constrained_shuffled_geometry,11419,0,13501,3,1.2248076751159747,0.09345141081727452,0.2415867066316891,0.2415867066316891,True,False,False,5,2
PushT,jepa_wm_pusht,9,1,fidelity_constrained_shuffled_geometry__seed11419,fidelity_constrained_shuffled_geometry,11419,1,13519,3,1.8063598866507327,0.09345141081727452,0.0,0.0,True,False,True,2,2
PushT,jepa_wm_pusht,9,1,fidelity_constrained_shuffled_geometry__seed11419,fidelity_constrained_shuffled_geometry,11419,2,13537,3,1.5576914816842744,0.09345141081727452,0.7286493483691098,0.7286493483691098,True,False,False,7,2
PushT,jepa_wm_pusht,9,1,fidelity_constrained_shuffled_geometry__seed11419,fidelity_constrained_shuffled_geometry,11419,0,13501,6,1.2493711067119802,0.0838834477847104,1.0,1.0,True,False,False,9,3
PushT,jepa_wm_pusht,9,1,fidelity_constrained_shuffled_geometry__seed11419,fidelity_constrained_shuffled_geometry,11419,1,13519,6,1.477848474190578,0.0838834477847104,1.0,1.0,True,False,False,9,3
PushT,jepa_wm_pusht,9,1,fidelity_constrained_shuffled_geometry__seed11419,fidelity_constrained_shuffled_geometry,11419,2,13537,6,1.3420265590141074,0.0838834477847104,0.27893426755596323,0.27893426755596323,True,False,False,5,3
PushT,jepa_wm_pusht,10,1,fidelity_constrained_shuffled_geometry__seed11419,fidelity_constrained_shuffled_geometry,11419,0,13501,1,0.8683718865815303,0.12049358852617963,0.0,0.0,True,False,True,1,1
PushT,jepa_wm_pusht,10,1,fidelity_constrained_shuffled_geometry__seed11419,fidelity_constrained_shuffled_geometry,11419,1,13519,1,1.4391530898395632,0.12049358852617963,0.620166319521398,0.620166319521398,True,False,False,6,1
PushT,jepa_wm_pusht,10,1,fidelity_constrained_shuffled_geometry__seed11419,fidelity_constrained_shuffled_geometry,11419,2,13537,1,0.7769399439275048,0.12049358852617963,0.12049358852617963,0.12049358852617963,True,False,False,4,1
PushT,jepa_wm_pusht,10,1,fidelity_constrained_shuffled_geometry__seed11419,fidelity_constrained_shuffled_geometry,11419,0,13501,3,3.0183944392945827,0.1030047197118212,0.0,0.0,True,False,True,6,6
PushT,jepa_wm_pusht,10,1,fidelity_constrained_shuffled_geometry__seed11419,fidelity_constrained_shuffled_geometry,11419,1,13519,3,1.0479243572969548,0.1030047197118212,0.1030047197118212,0.1030047197118212,True,False,False,4,6
PushT,jepa_wm_pusht,10,1,fidelity_constrained_shuffled_geometry__seed11419,fidelity_constrained_shuffled_geometry,11419,2,13537,3,1.2680341163082274,0.1030047197118212,0.1030047197118212,0.1030047197118212,True,False,False,4,6
PushT,jepa_wm_pusht,10,1,fidelity_constrained_shuffled_geometry__seed11419,fidelity_constrained_shuffled_geometry,11419,0,13501,6,2.495703705428522,0.2310393760683955,0.2310393760683955,0.2310393760683955,True,False,False,4,6
PushT,jepa_wm_pusht,10,1,fidelity_constrained_shuffled_geometry__seed11419,fidelity_constrained_shuffled_geometry,11419,1,13519,6,1.9661015759954334,0.2310393760683955,0.2310393760683955,0.2310393760683955,True,False,False,4,6
PushT,jepa_wm_pusht,10,1,fidelity_constrained_shuffled_geometry__seed11419,fidelity_constrained_shuffled_geometry,11419,2,13537,6,1.8553730425521073,0.2310393760683955,0.6789019354624969,0.6789019354624969,True,False,False,2,6
PushT,jepa_wm_pusht,11,1,fidelity_constrained_shuffled_geometry__seed11419,fidelity_constrained_shuffled_geometry,11419,0,13501,1,5.419001621528675,0.41336878890994966,0.45140758138381915,0.45140758138381915,True,False,False,6,7
PushT,jepa_wm_pusht,11,1,fidelity_constrained_shuffled_geometry__seed11419,fidelity_constrained_shuffled_geometry,11419,1,13519,1,2.5748039825551388,0.41336878890994966,0.6306193291317473,0.6306193291317473,True,False,False,4,7
PushT,jepa_wm_pusht,11,1,fidelity_constrained_shuffled_geometry__seed11419,fidelity_constrained_shuffled_geometry,11419,2,13537,1,2.634968974902576,0.41336878890994966,0.0,0.0,True,False,True,7,7
PushT,jepa_wm_pusht,11,1,fidelity_constrained_shuffled_geometry__seed11419,fidelity_constrained_shuffled_geometry,11419,0,13501,3,0.6718740900087959,0.2748698300443903,0.0,0.0,True,False,True,6,6
PushT,jepa_wm_pusht,11,1,fidelity_constrained_shuffled_geometry__seed11419,fidelity_constrained_shuffled_geometry,11419,1,13519,3,0.26449888574911723,0.2748698300443903,0.0,0.0,True,True,True,6,6
PushT,jepa_wm_pusht,11,1,fidelity_constrained_shuffled_geometry__seed11419,fidelity_constrained_shuffled_geometry,11419,2,13537,3,0.911914732126078,0.2748698300443903,0.0,0.0,True,False,True,6,6
PushT,jepa_wm_pusht,11,1,fidelity_constrained_shuffled_geometry__seed11419,fidelity_constrained_shuffled_geometry,11419,0,13501,6,1.3165323180850392,0.2434864252420023,0.0,0.0,True,False,True,6,6
PushT,jepa_wm_pusht,11,1,fidelity_constrained_shuffled_geometry__seed11419,fidelity_constrained_shuffled_geometry,11419,1,13519,6,1.3810883727306675,0.2434864252420023,0.0,0.0,True,False,True,6,6
PushT,jepa_wm_pusht,11,1,fidelity_constrained_shuffled_geometry__seed11419,fidelity_constrained_shuffled_geometry,11419,2,13537,6,0.9156142273832504,0.2434864252420023,0.0,0.0,True,False,True,6,6
PushT,jepa_wm_pusht,12,1,fidelity_constrained_shuffled_geometry__seed11419,fidelity_constrained_shuffled_geometry,11419,0,13501,1,1.1073271790716779,0.09450672487896075,0.30421178027634105,0.30421178027634105,True,False,False,1,6
PushT,jepa_wm_pusht,12,1,fidelity_constrained_shuffled_geometry__seed11419,fidelity_constrained_shuffled_geometry,11419,1,13519,1,1.613622346801365,0.09450672487896075,0.8207654932996075,0.8207654932996075,True,False,False,0,6
PushT,jepa_wm_pusht,12,1,fidelity_constrained_shuffled_geometry__seed11419,fidelity_constrained_shuffled_geometry,11419,2,13537,1,3.067684786984054,0.09450672487896075,0.8864419510504964,0.8864419510504964,True,False,False,7,6
PushT,jepa_wm_pusht,12,1,fidelity_constrained_shuffled_geometry__seed11419,fidelity_constrained_shuffled_geometry,11419,0,13501,3,1.1904141768835266,0.05556742065693472,0.0,0.0,True,False,True,4,4
PushT,jepa_wm_pusht,12,1,fidelity_constrained_shuffled_geometry__seed11419,fidelity_constrained_shuffled_geometry,11419,1,13519,3,1.1676997805294873,0.05556742065693472,0.05556742065693472,0.05556742065693472,True,False,False,6,4
PushT,jepa_wm_pusht,12,1,fidelity_constrained_shuffled_geometry__seed11419,fidelity_constrained_shuffled_geometry,11419,2,13537,3,1.2716121114216454,0.05556742065693472,0.0,0.0,True,False,True,4,4
PushT,jepa_wm_pusht,12,1,fidelity_constrained_shuffled_geometry__seed11419,fidelity_constrained_shuffled_geometry,11419,0,13501,6,1.0146933384943528,0.01885074951463251,0.01885074951463251,0.01885074951463251,True,False,False,4,2
PushT,jepa_wm_pusht,12,1,fidelity_constrained_shuffled_geometry__seed11419,fidelity_constrained_shuffled_geometry,11419,1,13519,6,0.9196257784067547,0.01885074951463251,0.01885074951463251,0.01885074951463251,True,False,False,4,2
PushT,jepa_wm_pusht,12,1,fidelity_constrained_shuffled_geometry__seed11419,fidelity_constrained_shuffled_geometry,11419,2,13537,6,0.9539284840722863,0.01885074951463251,0.01885074951463251,0.01885074951463251,True,False,False,4,2
PushT,jepa_wm_pusht,13,1,fidelity_constrained_shuffled_geometry__seed11419,fidelity_constrained_shuffled_geometry,11419,0,13501,1,1.467483559097592,0.05717193711490079,0.7753823480956951,0.7753823480956951,True,False,False,7,6
PushT,jepa_wm_pusht,13,1,fidelity_constrained_shuffled_geometry__seed11419,fidelity_constrained_shuffled_geometry,11419,1,13519,1,1.8408161790825197,0.05717193711490079,1.0,1.0,True,False,False,9,6
PushT,jepa_wm_pusht,13,1,fidelity_constrained_shuffled_geometry__seed11419,fidelity_constrained_shuffled_geometry,11419,2,13537,1,3.3640130618363684,0.05717193711490079,1.0,1.0,True,False,False,9,6
PushT,jepa_wm_pusht,13,1,fidelity_constrained_shuffled_geometry__seed11419,fidelity_constrained_shuffled_geometry,11419,0,13501,3,0.8530607789638229,0.0161718104917741,0.0161718104917741,0.0161718104917741,True,False,False,4,2
PushT,jepa_wm_pusht,13,1,fidelity_constrained_shuffled_geometry__seed11419,fidelity_constrained_shuffled_geometry,11419,1,13519,3,1.0130556275582652,0.0161718104917741,0.0,0.0,True,False,True,2,2
PushT,jepa_wm_pusht,13,1,fidelity_constrained_shuffled_geometry__seed11419,fidelity_constrained_shuffled_geometry,11419,2,13537,3,1.2104618980858914,0.0161718104917741,0.0161718104917741,0.0161718104917741,True,False,False,4,2
PushT,jepa_wm_pusht,13,1,fidelity_constrained_shuffled_geometry__seed11419,fidelity_constrained_shuffled_geometry,11419,0,13501,6,0.9025964913252448,0.05290481855690444,0.0,0.0,True,False,True,2,2
PushT,jepa_wm_pusht,13,1,fidelity_constrained_shuffled_geometry__seed11419,fidelity_constrained_shuffled_geometry,11419,1,13519,6,0.9032664793989102,0.05290481855690444,0.0,0.0,True,False,True,2,2
PushT,jepa_wm_pusht,13,1,fidelity_constrained_shuffled_geometry__seed11419,fidelity_constrained_shuffled_geometry,11419,2,13537,6,1.049748122054992,0.05290481855690444,0.05290481855690444,0.05290481855690444,True,False,False,4,2
PushT,jepa_wm_pusht,14,1,fidelity_constrained_shuffled_geometry__seed11419,fidelity_constrained_shuffled_geometry,11419,0,13501,1,22841.557152590016,inf,0.0,0.0,True,False,True,7,0
PushT,jepa_wm_pusht,14,1,fidelity_constrained_shuffled_geometry__seed11419,fidelity_constrained_shuffled_geometry,11419,1,13519,1,23567.564477503318,inf,0.0,0.0,True,False,True,7,0
PushT,jepa_wm_pusht,14,1,fidelity_constrained_shuffled_geometry__seed11419,fidelity_constrained_shuffled_geometry,11419,2,13537,1,40010.08900110796,inf,0.0,0.0,True,False,True,1,0
PushT,jepa_wm_pusht,14,1,fidelity_constrained_shuffled_geometry__seed11419,fidelity_constrained_shuffled_geometry,11419,0,13501,3,1.0717242173907229,0.22439910568143512,0.22439910568143512,0.22439910568143512,True,False,False,5,2
PushT,jepa_wm_pusht,14,1,fidelity_constrained_shuffled_geometry__seed11419,fidelity_constrained_shuffled_geometry,11419,1,13519,3,1.2319175598566596,0.22439910568143512,0.0,0.0,True,False,True,2,2
PushT,jepa_wm_pusht,14,1,fidelity_constrained_shuffled_geometry__seed11419,fidelity_constrained_shuffled_geometry,11419,2,13537,3,1.09204900580938,0.22439910568143512,0.22439910568143512,0.22439910568143512,True,False,False,5,2
PushT,jepa_wm_pusht,14,1,fidelity_constrained_shuffled_geometry__seed11419,fidelity_constrained_shuffled_geometry,11419,0,13501,6,0.5308595827140669,0.10985312473301036,0.0,0.0,True,False,True,2,2
PushT,jepa_wm_pusht,14,1,fidelity_constrained_shuffled_geometry__seed11419,fidelity_constrained_shuffled_geometry,11419,1,13519,6,0.6415771583394502,0.10985312473301036,0.0,0.0,True,False,True,2,2
PushT,jepa_wm_pusht,14,1,fidelity_constrained_shuffled_geometry__seed11419,fidelity_constrained_shuffled_geometry,11419,2,13537,6,0.5736982358328523,0.10985312473301036,0.0,0.0,True,False,True,2,2
PushT,jepa_wm_pusht,15,1,fidelity_constrained_shuffled_geometry__seed11419,fidelity_constrained_shuffled_geometry,11419,0,13501,1,65835.49817466276,inf,0.0,0.0,True,False,True,7,0
PushT,jepa_wm_pusht,15,1,fidelity_constrained_shuffled_geometry__seed11419,fidelity_constrained_shuffled_geometry,11419,1,13519,1,27446.205230834483,inf,0.0,0.0,True,False,True,4,0
PushT,jepa_wm_pusht,15,1,fidelity_constrained_shuffled_geometry__seed11419,fidelity_constrained_shuffled_geometry,11419,2,13537,1,38595.442625134034,inf,0.0,0.0,True,False,True,4,0
PushT,jepa_wm_pusht,15,1,fidelity_constrained_shuffled_geometry__seed11419,fidelity_constrained_shuffled_geometry,11419,0,13501,3,1.9904905538074156,0.3147370809376674,0.0,0.0,True,False,True,2,2
PushT,jepa_wm_pusht,15,1,fidelity_constrained_shuffled_geometry__seed11419,fidelity_constrained_shuffled_geometry,11419,1,13519,3,0.46763872865566314,0.3147370809376674,0.3147370809376674,0.3147370809376674,True,False,False,5,2
PushT,jepa_wm_pusht,15,1,fidelity_constrained_shuffled_geometry__seed11419,fidelity_constrained_shuffled_geometry,11419,2,13537,3,0.8771717313937648,0.3147370809376674,0.0,0.0,True,False,True,2,2
PushT,jepa_wm_pusht,15,1,fidelity_constrained_shuffled_geometry__seed11419,fidelity_constrained_shuffled_geometry,11419,0,13501,6,0.91445545363073,0.04855924422800973,0.0,0.0,True,False,True,3,3
PushT,jepa_wm_pusht,15,1,fidelity_constrained_shuffled_geometry__seed11419,fidelity_constrained_shuffled_geometry,11419,1,13519,6,0.6611509445033644,0.04855924422800973,0.0,0.0,True,False,True,3,3
PushT,jepa_wm_pusht,15,1,fidelity_constrained_shuffled_geometry__seed11419,fidelity_constrained_shuffled_geometry,11419,2,13537,6,0.9804789245413126,0.04855924422800973,0.0,0.0,True,False,True,3,3
PushT,jepa_wm_pusht,16,2,fidelity_constrained_shuffled_geometry__seed11419,fidelity_constrained_shuffled_geometry,11419,0,13501,1,0.6212063718471023,0.04667333317829818,0.0,0.0,True,False,True,4,4
PushT,jepa_wm_pusht,16,2,fidelity_constrained_shuffled_geometry__seed11419,fidelity_constrained_shuffled_geometry,11419,1,13519,1,1.0492020619854203,0.04667333317829818,0.04667333317829818,0.04667333317829818,True,False,False,6,4
PushT,jepa_wm_pusht,16,2,fidelity_constrained_shuffled_geometry__seed11419,fidelity_constrained_shuffled_geometry,11419,2,13537,1,1.297612257321737,0.04667333317829818,0.04667333317829818,0.04667333317829818,True,False,False,6,4
PushT,jepa_wm_pusht,16,2,fidelity_constrained_shuffled_geometry__seed11419,fidelity_constrained_shuffled_geometry,11419,0,13501,3,0.7557617352079299,0.32628899571658077,0.0,0.0,True,False,True,6,6
PushT,jepa_wm_pusht,16,2,fidelity_constrained_shuffled_geometry__seed11419,fidelity_constrained_shuffled_geometry,11419,1,13519,3,1.2065647116754548,0.32628899571658077,0.0,0.0,True,False,True,6,6
PushT,jepa_wm_pusht,16,2,fidelity_constrained_shuffled_geometry__seed11419,fidelity_constrained_shuffled_geometry,11419,2,13537,3,0.6342932899742733,0.32628899571658077,0.0,0.0,True,False,True,6,6
PushT,jepa_wm_pusht,16,2,fidelity_constrained_shuffled_geometry__seed11419,fidelity_constrained_shuffled_geometry,11419,0,13501,6,0.9821184948899705,0.3019145847229555,0.0,0.0,True,False,True,6,6
PushT,jepa_wm_pusht,16,2,fidelity_constrained_shuffled_geometry__seed11419,fidelity_constrained_shuffled_geometry,11419,1,13519,6,1.1886449294662897,0.3019145847229555,0.3324250360743422,0.3324250360743422,True,False,False,1,6
PushT,jepa_wm_pusht,16,2,fidelity_constrained_shuffled_geometry__seed11419,fidelity_constrained_shuffled_geometry,11419,2,13537,6,0.8604820825729448,0.3019145847229555,0.0,0.0,True,False,True,6,6
PushT,jepa_wm_pusht,17,2,fidelity_constrained_shuffled_geometry__seed11419,fidelity_constrained_shuffled_geometry,11419,0,13501,1,35772.7607298311,inf,0.0,0.0,True,False,True,6,0
PushT,jepa_wm_pusht,17,2,fidelity_constrained_shuffled_geometry__seed11419,fidelity_constrained_shuffled_geometry,11419,1,13519,1,47997.266295998445,inf,0.0,0.0,True,False,True,6,0
PushT,jepa_wm_pusht,17,2,fidelity_constrained_shuffled_geometry__seed11419,fidelity_constrained_shuffled_geometry,11419,2,13537,1,41218.50778210994,inf,0.0,0.0,True,False,True,6,0
PushT,jepa_wm_pusht,17,2,fidelity_constrained_shuffled_geometry__seed11419,fidelity_constrained_shuffled_geometry,11419,0,13501,3,1.3813996039098735,0.14967206398860944,0.5789271149086822,0.5789271149086822,True,False,False,4,2
PushT,jepa_wm_pusht,17,2,fidelity_constrained_shuffled_geometry__seed11419,fidelity_constrained_shuffled_geometry,11419,1,13519,3,1.8719713231584567,0.14967206398860944,0.0,0.0,True,False,True,2,2
PushT,jepa_wm_pusht,17,2,fidelity_constrained_shuffled_geometry__seed11419,fidelity_constrained_shuffled_geometry,11419,2,13537,3,1.5175916947972177,0.14967206398860944,0.5789271149086822,0.5789271149086822,True,False,False,4,2
PushT,jepa_wm_pusht,17,2,fidelity_constrained_shuffled_geometry__seed11419,fidelity_constrained_shuffled_geometry,11419,0,13501,6,0.5806892589535172,0.27989109651126526,0.0,0.0,True,False,True,3,3
PushT,jepa_wm_pusht,17,2,fidelity_constrained_shuffled_geometry__seed11419,fidelity_constrained_shuffled_geometry,11419,1,13519,6,1.065613319015709,0.27989109651126526,0.0,0.0,True,False,True,3,3
PushT,jepa_wm_pusht,17,2,fidelity_constrained_shuffled_geometry__seed11419,fidelity_constrained_shuffled_geometry,11419,2,13537,6,0.7600967145017883,0.27989109651126526,0.0,0.0,True,False,True,3,3
PushT,jepa_wm_pusht,18,2,fidelity_constrained_shuffled_geometry__seed11419,fidelity_constrained_shuffled_geometry,11419,0,13501,1,22159.52589456595,inf,0.0,0.0,True,False,True,6,0
PushT,jepa_wm_pusht,18,2,fidelity_constrained_shuffled_geometry__seed11419,fidelity_constrained_shuffled_geometry,11419,1,13519,1,30807.470527394893,inf,0.0,0.0,True,False,True,8,0
PushT,jepa_wm_pusht,18,2,fidelity_constrained_shuffled_geometry__seed11419,fidelity_constrained_shuffled_geometry,11419,2,13537,1,71715.78096061914,inf,0.0,0.0,True,False,True,9,0
PushT,jepa_wm_pusht,18,2,fidelity_constrained_shuffled_geometry__seed11419,fidelity_constrained_shuffled_geometry,11419,0,13501,3,1.5089113271990147,0.27850140655302486,0.44201480759003287,0.44201480759003287,True,False,False,5,2
PushT,jepa_wm_pusht,18,2,fidelity_constrained_shuffled_geometry__seed11419,fidelity_constrained_shuffled_geometry,11419,1,13519,3,1.2742366238065905,0.27850140655302486,0.44201480759003287,0.44201480759003287,True,False,False,5,2
PushT,jepa_wm_pusht,18,2,fidelity_constrained_shuffled_geometry__seed11419,fidelity_constrained_shuffled_geometry,11419,2,13537,3,2.1971533900009375,0.27850140655302486,1.0,1.0,True,False,False,7,2
PushT,jepa_wm_pusht,18,2,fidelity_constrained_shuffled_geometry__seed11419,fidelity_constrained_shuffled_geometry,11419,0,13501,6,0.8281322667569213,0.045141008814957334,0.0,0.0,True,False,True,2,2
PushT,jepa_wm_pusht,18,2,fidelity_constrained_shuffled_geometry__seed11419,fidelity_constrained_shuffled_geometry,11419,1,13519,6,1.518466514320095,0.045141008814957334,1.0,1.0,True,False,False,7,2
PushT,jepa_wm_pusht,18,2,fidelity_constrained_shuffled_geometry__seed11419,fidelity_constrained_shuffled_geometry,11419,2,13537,6,1.122755634706345,0.045141008814957334,0.36289437302384253,0.36289437302384253,True,False,False,5,2
PushT,jepa_wm_pusht,19,2,fidelity_constrained_shuffled_geometry__seed11419,fidelity_constrained_shuffled_geometry,11419,0,13501,1,4.986723855943531,0.30581859652833554,0.30581859652833554,0.30581859652833554,True,False,False,9,7
PushT,jepa_wm_pusht,19,2,fidelity_constrained_shuffled_geometry__seed11419,fidelity_constrained_shuffled_geometry,11419,1,13519,1,4.553036014834664,0.30581859652833554,0.7032907354635126,0.7032907354635126,True,False,False,5,7
PushT,jepa_wm_pusht,19,2,fidelity_constrained_shuffled_geometry__seed11419,fidelity_constrained_shuffled_geometry,11419,2,13537,1,4.201570011503923,0.30581859652833554,0.30581859652833554,0.30581859652833554,True,False,False,9,7
PushT,jepa_wm_pusht,19,2,fidelity_constrained_shuffled_geometry__seed11419,fidelity_constrained_shuffled_geometry,11419,0,13501,3,1.7638537536096621,0.08549327156519568,0.0,0.0,True,False,True,7,7
PushT,jepa_wm_pusht,19,2,fidelity_constrained_shuffled_geometry__seed11419,fidelity_constrained_shuffled_geometry,11419,1,13519,3,1.3013669485719077,0.08549327156519568,0.0,0.0,True,False,True,7,7
PushT,jepa_wm_pusht,19,2,fidelity_constrained_shuffled_geometry__seed11419,fidelity_constrained_shuffled_geometry,11419,2,13537,3,1.77132408493812,0.08549327156519568,0.0,0.0,True,False,True,7,7
PushT,jepa_wm_pusht,19,2,fidelity_constrained_shuffled_geometry__seed11419,fidelity_constrained_shuffled_geometry,11419,0,13501,6,2.317819110064751,0.05206520357815755,0.05206520357815755,0.05206520357815755,True,False,False,7,5
PushT,jepa_wm_pusht,19,2,fidelity_constrained_shuffled_geometry__seed11419,fidelity_constrained_shuffled_geometry,11419,1,13519,6,2.0828365586747752,0.05206520357815755,0.0,0.0,True,False,True,5,5
PushT,jepa_wm_pusht,19,2,fidelity_constrained_shuffled_geometry__seed11419,fidelity_constrained_shuffled_geometry,11419,2,13537,6,2.5737826083300637,0.05206520357815755,0.05206520357815755,0.05206520357815755,True,False,False,7,5
PushT,jepa_wm_pusht,20,2,fidelity_constrained_shuffled_geometry__seed11419,fidelity_constrained_shuffled_geometry,11419,0,13501,1,1.356677351085895,0.071849549171498,0.071849549171498,0.071849549171498,True,False,False,6,8
PushT,jepa_wm_pusht,20,2,fidelity_constrained_shuffled_geometry__seed11419,fidelity_constrained_shuffled_geometry,11419,1,13519,1,1.1761298431857445,0.071849549171498,0.071849549171498,0.071849549171498,True,False,False,6,8
PushT,jepa_wm_pusht,20,2,fidelity_constrained_shuffled_geometry__seed11419,fidelity_constrained_shuffled_geometry,11419,2,13537,1,2.111216947506875,0.071849549171498,0.0,0.0,True,False,True,8,8
PushT,jepa_wm_pusht,20,2,fidelity_constrained_shuffled_geometry__seed11419,fidelity_constrained_shuffled_geometry,11419,0,13501,3,1.128926327996603,0.06837919317243876,0.06837919317243876,0.06837919317243876,True,False,False,6,8
PushT,jepa_wm_pusht,20,2,fidelity_constrained_shuffled_geometry__seed11419,fidelity_constrained_shuffled_geometry,11419,1,13519,3,1.9569755433613583,0.06837919317243876,0.6926795848253594,0.6926795848253594,True,False,False,2,8
PushT,jepa_wm_pusht,20,2,fidelity_constrained_shuffled_geometry__seed11419,fidelity_constrained_shuffled_geometry,11419,2,13537,3,1.390247324899059,0.06837919317243876,0.06837919317243876,0.06837919317243876,True,False,False,6,8
PushT,jepa_wm_pusht,20,2,fidelity_constrained_shuffled_geometry__seed11419,fidelity_constrained_shuffled_geometry,11419,0,13501,6,1.8482767528980586,0.056057307459408214,1.0,1.0,True,False,False,3,8
PushT,jepa_wm_pusht,20,2,fidelity_constrained_shuffled_geometry__seed11419,fidelity_constrained_shuffled_geometry,11419,1,13519,6,1.9841000232309152,0.056057307459408214,1.0,1.0,True,False,False,3,8
PushT,jepa_wm_pusht,20,2,fidelity_constrained_shuffled_geometry__seed11419,fidelity_constrained_shuffled_geometry,11419,2,13537,6,1.533605331260884,0.056057307459408214,0.1759710011304932,0.1759710011304932,True,False,False,4,8
PushT,jepa_wm_pusht,21,2,fidelity_constrained_shuffled_geometry__seed11419,fidelity_constrained_shuffled_geometry,11419,0,13501,1,47686.408596284986,inf,0.0,0.0,True,False,True,9,0
PushT,jepa_wm_pusht,21,2,fidelity_constrained_shuffled_geometry__seed11419,fidelity_constrained_shuffled_geometry,11419,1,13519,1,36996.617445034,inf,0.0,0.0,True,False,True,4,0
PushT,jepa_wm_pusht,21,2,fidelity_constrained_shuffled_geometry__seed11419,fidelity_constrained_shuffled_geometry,11419,2,13537,1,33730.958273638535,inf,0.0,0.0,True,False,True,0,0
PushT,jepa_wm_pusht,21,2,fidelity_constrained_shuffled_geometry__seed11419,fidelity_constrained_shuffled_geometry,11419,0,13501,3,2.0399688243916185,0.10022651401688715,0.10022651401688715,0.10022651401688715,True,False,False,5,2
PushT,jepa_wm_pusht,21,2,fidelity_constrained_shuffled_geometry__seed11419,fidelity_constrained_shuffled_geometry,11419,1,13519,3,2.55634619449326,0.10022651401688715,0.7585503102919223,0.7585503102919223,True,False,False,4,2
PushT,jepa_wm_pusht,21,2,fidelity_constrained_shuffled_geometry__seed11419,fidelity_constrained_shuffled_geometry,11419,2,13537,3,3.429494420021978,0.10022651401688715,0.6588348079990693,0.6588348079990693,True,False,False,8,2
PushT,jepa_wm_pusht,21,2,fidelity_constrained_shuffled_geometry__seed11419,fidelity_constrained_shuffled_geometry,11419,0,13501,6,0.8191579047125923,0.32957479347041385,0.0,0.0,True,False,True,3,3
PushT,jepa_wm_pusht,21,2,fidelity_constrained_shuffled_geometry__seed11419,fidelity_constrained_shuffled_geometry,11419,1,13519,6,0.807351088760986,0.32957479347041385,0.0,0.0,True,False,True,3,3
PushT,jepa_wm_pusht,21,2,fidelity_constrained_shuffled_geometry__seed11419,fidelity_constrained_shuffled_geometry,11419,2,13537,6,0.888560907485505,0.32957479347041385,0.0,0.0,True,False,True,3,3
PushT,jepa_wm_pusht,22,2,fidelity_constrained_shuffled_geometry__seed11419,fidelity_constrained_shuffled_geometry,11419,0,13501,1,58.77389966755777,1.0,1.0,1.0,True,False,False,0,6
PushT,jepa_wm_pusht,22,2,fidelity_constrained_shuffled_geometry__seed11419,fidelity_constrained_shuffled_geometry,11419,1,13519,1,64.62557366656198,1.0,1.0,1.0,True,False,False,4,6
PushT,jepa_wm_pusht,22,2,fidelity_constrained_shuffled_geometry__seed11419,fidelity_constrained_shuffled_geometry,11419,2,13537,1,71.08642089526948,1.0,1.0,1.0,True,False,False,8,6
PushT,jepa_wm_pusht,22,2,fidelity_constrained_shuffled_geometry__seed11419,fidelity_constrained_shuffled_geometry,11419,0,13501,3,0.8279875961429806,0.1402584854949118,0.0,0.0,True,False,True,4,4
PushT,jepa_wm_pusht,22,2,fidelity_constrained_shuffled_geometry__seed11419,fidelity_constrained_shuffled_geometry,11419,1,13519,3,0.9926895143546691,0.1402584854949118,0.1402584854949118,0.1402584854949118,True,False,False,2,4
PushT,jepa_wm_pusht,22,2,fidelity_constrained_shuffled_geometry__seed11419,fidelity_constrained_shuffled_geometry,11419,2,13537,3,1.0951357135139057,0.1402584854949118,0.0,0.0,True,False,True,4,4
PushT,jepa_wm_pusht,22,2,fidelity_constrained_shuffled_geometry__seed11419,fidelity_constrained_shuffled_geometry,11419,0,13501,6,0.584470590602996,0.16420548128968346,0.41054727963594595,0.41054727963594595,True,False,False,3,4
PushT,jepa_wm_pusht,22,2,fidelity_constrained_shuffled_geometry__seed11419,fidelity_constrained_shuffled_geometry,11419,1,13519,6,0.7355187251079915,0.16420548128968346,0.0,0.0,True,False,True,4,4
PushT,jepa_wm_pusht,22,2,fidelity_constrained_shuffled_geometry__seed11419,fidelity_constrained_shuffled_geometry,11419,2,13537,6,1.0371497531293752,0.16420548128968346,0.0,0.0,True,False,True,4,4
PushT,jepa_wm_pusht,23,2,fidelity_constrained_shuffled_geometry__seed11419,fidelity_constrained_shuffled_geometry,11419,0,13501,1,1.9034869021638168,0.020457435985849055,0.8184373479905506,0.8184373479905506,True,False,False,6,9
PushT,jepa_wm_pusht,23,2,fidelity_constrained_shuffled_geometry__seed11419,fidelity_constrained_shuffled_geometry,11419,1,13519,1,1.7666008104922093,0.020457435985849055,0.29387193680648627,0.29387193680648627,True,False,False,1,9
PushT,jepa_wm_pusht,23,2,fidelity_constrained_shuffled_geometry__seed11419,fidelity_constrained_shuffled_geometry,11419,2,13537,1,1.9253640710606048,0.020457435985849055,0.8184373479905506,0.8184373479905506,True,False,False,6,9
PushT,jepa_wm_pusht,23,2,fidelity_constrained_shuffled_geometry__seed11419,fidelity_constrained_shuffled_geometry,11419,0,13501,3,1.3678353408219295,0.00801155301203528,0.24599877825290165,0.24599877825290165,True,False,False,4,9
PushT,jepa_wm_pusht,23,2,fidelity_constrained_shuffled_geometry__seed11419,fidelity_constrained_shuffled_geometry,11419,1,13519,3,0.7458754286983239,0.00801155301203528,0.10029137060733691,0.10029137060733691,True,False,False,2,9
PushT,jepa_wm_pusht,23,2,fidelity_constrained_shuffled_geometry__seed11419,fidelity_constrained_shuffled_geometry,11419,2,13537,3,1.343131805079952,0.00801155301203528,0.24599877825290165,0.24599877825290165,True,False,False,4,9
PushT,jepa_wm_pusht,23,2,fidelity_constrained_shuffled_geometry__seed11419,fidelity_constrained_shuffled_geometry,11419,0,13501,6,1.1067170082735387,0.005423206725342201,0.00624987304378611,0.00624987304378611,True,False,False,3,9
PushT,jepa_wm_pusht,23,2,fidelity_constrained_shuffled_geometry__seed11419,fidelity_constrained_shuffled_geometry,11419,1,13519,6,1.0636004013028941,0.005423206725342201,0.01666363785413529,0.01666363785413529,True,False,False,2,9
PushT,jepa_wm_pusht,23,2,fidelity_constrained_shuffled_geometry__seed11419,fidelity_constrained_shuffled_geometry,11419,2,13537,6,1.2385024632195265,0.005423206725342201,0.00624987304378611,0.00624987304378611,True,False,False,3,9
PushT,jepa_wm_pusht,48,6,fidelity_constrained_shuffled_geometry__seed11419,fidelity_constrained_shuffled_geometry,11419,0,13501,1,3.251389398395435,0.010481511777836317,1.0,1.0,True,False,False,8,9
PushT,jepa_wm_pusht,48,6,fidelity_constrained_shuffled_geometry__seed11419,fidelity_constrained_shuffled_geometry,11419,1,13519,1,3.19205207353038,0.010481511777836317,0.10419362947361568,0.10419362947361568,True,False,False,5,9
PushT,jepa_wm_pusht,48,6,fidelity_constrained_shuffled_geometry__seed11419,fidelity_constrained_shuffled_geometry,11419,2,13537,1,1.6886273330991284,0.010481511777836317,0.09012243500443963,0.09012243500443963,True,False,False,0,9
PushT,jepa_wm_pusht,48,6,fidelity_constrained_shuffled_geometry__seed11419,fidelity_constrained_shuffled_geometry,11419,0,13501,3,1.0473270703840307,0.03292797551033872,0.03292797551033872,0.03292797551033872,True,False,False,7,5
PushT,jepa_wm_pusht,48,6,fidelity_constrained_shuffled_geometry__seed11419,fidelity_constrained_shuffled_geometry,11419,1,13519,3,0.43156550591234893,0.03292797551033872,0.03292797551033872,0.03292797551033872,True,False,False,7,5
PushT,jepa_wm_pusht,48,6,fidelity_constrained_shuffled_geometry__seed11419,fidelity_constrained_shuffled_geometry,11419,2,13537,3,0.9997340452498527,0.03292797551033872,0.0,0.0,True,False,True,5,5
PushT,jepa_wm_pusht,48,6,fidelity_constrained_shuffled_geometry__seed11419,fidelity_constrained_shuffled_geometry,11419,0,13501,6,0.7143421676091196,0.0189945493625357,0.0,0.0,True,False,True,5,5
PushT,jepa_wm_pusht,48,6,fidelity_constrained_shuffled_geometry__seed11419,fidelity_constrained_shuffled_geometry,11419,1,13519,6,1.1520095406304252,0.0189945493625357,0.0,0.0,True,False,True,5,5
PushT,jepa_wm_pusht,48,6,fidelity_constrained_shuffled_geometry__seed11419,fidelity_constrained_shuffled_geometry,11419,2,13537,6,0.8964657321008908,0.0189945493625357,0.0,0.0,True,False,True,5,5
PushT,jepa_wm_pusht,49,6,fidelity_constrained_shuffled_geometry__seed11419,fidelity_constrained_shuffled_geometry,11419,0,13501,1,1.7065847509364573,0.021846463468537518,0.3961841050703398,0.3961841050703398,True,False,False,9,5
PushT,jepa_wm_pusht,49,6,fidelity_constrained_shuffled_geometry__seed11419,fidelity_constrained_shuffled_geometry,11419,1,13519,1,1.2976660973100589,0.021846463468537518,0.19612234939085493,0.19612234939085493,True,False,False,1,5
PushT,jepa_wm_pusht,49,6,fidelity_constrained_shuffled_geometry__seed11419,fidelity_constrained_shuffled_geometry,11419,2,13537,1,1.9965777802400584,0.021846463468537518,0.3961841050703398,0.3961841050703398,True,False,False,9,5
PushT,jepa_wm_pusht,49,6,fidelity_constrained_shuffled_geometry__seed11419,fidelity_constrained_shuffled_geometry,11419,0,13501,3,0.6048239218694406,0.045795884377635314,0.09255210046541218,0.09255210046541218,True,False,False,7,5
PushT,jepa_wm_pusht,49,6,fidelity_constrained_shuffled_geometry__seed11419,fidelity_constrained_shuffled_geometry,11419,1,13519,3,0.3381330519162142,0.045795884377635314,0.0,0.0,True,False,True,5,5
PushT,jepa_wm_pusht,49,6,fidelity_constrained_shuffled_geometry__seed11419,fidelity_constrained_shuffled_geometry,11419,2,13537,3,0.8034022400198065,0.045795884377635314,0.0,0.0,True,False,True,5,5
PushT,jepa_wm_pusht,49,6,fidelity_constrained_shuffled_geometry__seed11419,fidelity_constrained_shuffled_geometry,11419,0,13501,6,0.6446412202923445,0.016722331142878723,0.0,0.0,True,False,True,5,5
PushT,jepa_wm_pusht,49,6,fidelity_constrained_shuffled_geometry__seed11419,fidelity_constrained_shuffled_geometry,11419,1,13519,6,0.8932715303463361,0.016722331142878723,0.11307668388713481,0.11307668388713481,True,False,False,7,5
PushT,jepa_wm_pusht,49,6,fidelity_constrained_shuffled_geometry__seed11419,fidelity_constrained_shuffled_geometry,11419,2,13537,6,0.6046781994997401,0.016722331142878723,0.0,0.0,True,False,True,5,5
PushT,jepa_wm_pusht,50,6,fidelity_constrained_shuffled_geometry__seed11419,fidelity_constrained_shuffled_geometry,11419,0,13501,1,3.220222268126306,0.026574968337305327,0.6799325238708473,0.6799325238708473,True,False,False,8,1
PushT,jepa_wm_pusht,50,6,fidelity_constrained_shuffled_geometry__seed11419,fidelity_constrained_shuffled_geometry,11419,1,13519,1,2.661366065736039,0.026574968337305327,1.0,1.0,True,False,False,0,1
PushT,jepa_wm_pusht,50,6,fidelity_constrained_shuffled_geometry__seed11419,fidelity_constrained_shuffled_geometry,11419,2,13537,1,2.0817705825887325,0.026574968337305327,0.932744916162424,0.932744916162424,True,False,False,9,1
PushT,jepa_wm_pusht,50,6,fidelity_constrained_shuffled_geometry__seed11419,fidelity_constrained_shuffled_geometry,11419,0,13501,3,1.1566411037596633,0.12856031447576668,0.0,0.0,True,False,True,2,2
PushT,jepa_wm_pusht,50,6,fidelity_constrained_shuffled_geometry__seed11419,fidelity_constrained_shuffled_geometry,11419,1,13519,3,1.7446170797357106,0.12856031447576668,1.0,1.0,True,False,False,0,2
PushT,jepa_wm_pusht,50,6,fidelity_constrained_shuffled_geometry__seed11419,fidelity_constrained_shuffled_geometry,11419,2,13537,3,0.6575997448306871,0.12856031447576668,0.0,0.0,True,False,True,2,2
PushT,jepa_wm_pusht,50,6,fidelity_constrained_shuffled_geometry__seed11419,fidelity_constrained_shuffled_geometry,11419,0,13501,6,1.214147443341506,0.022119626255265364,0.022119626255265364,0.022119626255265364,True,False,False,3,2
PushT,jepa_wm_pusht,50,6,fidelity_constrained_shuffled_geometry__seed11419,fidelity_constrained_shuffled_geometry,11419,1,13519,6,1.335526380120114,0.022119626255265364,0.19887118635918416,0.19887118635918416,True,False,False,1,2
PushT,jepa_wm_pusht,50,6,fidelity_constrained_shuffled_geometry__seed11419,fidelity_constrained_shuffled_geometry,11419,2,13537,6,0.9197965579216206,0.022119626255265364,0.0,0.0,True,False,True,2,2
PushT,jepa_wm_pusht,51,6,fidelity_constrained_shuffled_geometry__seed11419,fidelity_constrained_shuffled_geometry,11419,0,13501,1,0.7407826286560474,0.15725227350300996,0.0,0.0,True,False,True,9,9
PushT,jepa_wm_pusht,51,6,fidelity_constrained_shuffled_geometry__seed11419,fidelity_constrained_shuffled_geometry,11419,1,13519,1,2.1537722817064138,0.15725227350300996,0.6974113697977925,0.6974113697977925,True,False,False,1,9
PushT,jepa_wm_pusht,51,6,fidelity_constrained_shuffled_geometry__seed11419,fidelity_constrained_shuffled_geometry,11419,2,13537,1,0.8583866215100137,0.15725227350300996,0.3905729249325504,0.3905729249325504,True,False,False,5,9
PushT,jepa_wm_pusht,51,6,fidelity_constrained_shuffled_geometry__seed11419,fidelity_constrained_shuffled_geometry,11419,0,13501,3,0.5111566642449947,0.3533778267573249,0.0,0.0,True,False,True,9,9
PushT,jepa_wm_pusht,51,6,fidelity_constrained_shuffled_geometry__seed11419,fidelity_constrained_shuffled_geometry,11419,1,13519,3,0.6225138816874217,0.3533778267573249,0.0,0.0,True,False,True,9,9
PushT,jepa_wm_pusht,51,6,fidelity_constrained_shuffled_geometry__seed11419,fidelity_constrained_shuffled_geometry,11419,2,13537,3,0.7008039889710074,0.3533778267573249,0.0,0.0,True,False,True,9,9
PushT,jepa_wm_pusht,51,6,fidelity_constrained_shuffled_geometry__seed11419,fidelity_constrained_shuffled_geometry,11419,0,13501,6,0.8987522318948087,0.7256929271533445,0.0,0.0,True,False,True,9,9
PushT,jepa_wm_pusht,51,6,fidelity_constrained_shuffled_geometry__seed11419,fidelity_constrained_shuffled_geometry,11419,1,13519,6,0.9399770086611031,0.7256929271533445,0.842907939437964,0.842907939437964,True,False,False,4,9
PushT,jepa_wm_pusht,51,6,fidelity_constrained_shuffled_geometry__seed11419,fidelity_constrained_shuffled_geometry,11419,2,13537,6,0.7487967886202681,0.7256929271533445,0.0,0.0,True,False,True,9,9
PushT,jepa_wm_pusht,52,6,fidelity_constrained_shuffled_geometry__seed11419,fidelity_constrained_shuffled_geometry,11419,0,13501,1,99.16237350059853,1.0,0.0,0.0,True,False,True,8,0
PushT,jepa_wm_pusht,52,6,fidelity_constrained_shuffled_geometry__seed11419,fidelity_constrained_shuffled_geometry,11419,1,13519,1,109.7040321509464,1.0,0.0,0.0,True,False,True,9,0
PushT,jepa_wm_pusht,52,6,fidelity_constrained_shuffled_geometry__seed11419,fidelity_constrained_shuffled_geometry,11419,2,13537,1,140.29833080074906,1.0,0.0,0.0,True,False,True,8,0
PushT,jepa_wm_pusht,52,6,fidelity_constrained_shuffled_geometry__seed11419,fidelity_constrained_shuffled_geometry,11419,0,13501,3,1.4340832900741847,0.13522847553569003,0.0,0.0,True,False,True,2,2
PushT,jepa_wm_pusht,52,6,fidelity_constrained_shuffled_geometry__seed11419,fidelity_constrained_shuffled_geometry,11419,1,13519,3,1.509200677284734,0.13522847553569003,0.16532943752242021,0.16532943752242021,True,False,False,5,2
PushT,jepa_wm_pusht,52,6,fidelity_constrained_shuffled_geometry__seed11419,fidelity_constrained_shuffled_geometry,11419,2,13537,3,1.562305055024723,0.13522847553569003,0.16532943752242021,0.16532943752242021,True,False,False,5,2
PushT,jepa_wm_pusht,52,6,fidelity_constrained_shuffled_geometry__seed11419,fidelity_constrained_shuffled_geometry,11419,0,13501,6,0.49575442732753117,0.16598777328898245,0.16598777328898245,0.16598777328898245,True,False,False,2,3
PushT,jepa_wm_pusht,52,6,fidelity_constrained_shuffled_geometry__seed11419,fidelity_constrained_shuffled_geometry,11419,1,13519,6,0.8431873489893521,0.16598777328898245,0.0,0.0,True,False,True,3,3
PushT,jepa_wm_pusht,52,6,fidelity_constrained_shuffled_geometry__seed11419,fidelity_constrained_shuffled_geometry,11419,2,13537,6,1.005815030445531,0.16598777328898245,0.0,0.0,True,False,True,3,3
PushT,jepa_wm_pusht,53,6,fidelity_constrained_shuffled_geometry__seed11419,fidelity_constrained_shuffled_geometry,11419,0,13501,1,0.8805406465196123,0.014162641733778705,0.22071215478288175,0.22071215478288175,True,False,False,1,9
PushT,jepa_wm_pusht,53,6,fidelity_constrained_shuffled_geometry__seed11419,fidelity_constrained_shuffled_geometry,11419,1,13519,1,1.239234091638316,0.014162641733778705,0.08395759494435326,0.08395759494435326,True,False,False,0,9
PushT,jepa_wm_pusht,53,6,fidelity_constrained_shuffled_geometry__seed11419,fidelity_constrained_shuffled_geometry,11419,2,13537,1,1.8012836962676289,0.014162641733778705,0.056336870443013255,0.056336870443013255,True,False,False,5,9
PushT,jepa_wm_pusht,53,6,fidelity_constrained_shuffled_geometry__seed11419,fidelity_constrained_shuffled_geometry,11419,0,13501,3,1.147582830830779,0.02265841164096627,0.0,0.0,True,False,True,5,5
PushT,jepa_wm_pusht,53,6,fidelity_constrained_shuffled_geometry__seed11419,fidelity_constrained_shuffled_geometry,11419,1,13519,3,0.6092786313630704,0.02265841164096627,0.02265841164096627,0.02265841164096627,True,False,False,2,5
PushT,jepa_wm_pusht,53,6,fidelity_constrained_shuffled_geometry__seed11419,fidelity_constrained_shuffled_geometry,11419,2,13537,3,0.7483532631751832,0.02265841164096627,0.02265841164096627,0.02265841164096627,True,False,False,2,5
PushT,jepa_wm_pusht,53,6,fidelity_constrained_shuffled_geometry__seed11419,fidelity_constrained_shuffled_geometry,11419,0,13501,6,0.65678132067009,0.011334226738608197,0.13701363728632635,0.13701363728632635,True,False,False,4,5
PushT,jepa_wm_pusht,53,6,fidelity_constrained_shuffled_geometry__seed11419,fidelity_constrained_shuffled_geometry,11419,1,13519,6,1.0690259248777476,0.011334226738608197,0.09295638934975486,0.09295638934975486,True,False,False,7,5
PushT,jepa_wm_pusht,53,6,fidelity_constrained_shuffled_geometry__seed11419,fidelity_constrained_shuffled_geometry,11419,2,13537,6,0.6941595633381663,0.011334226738608197,0.11645392932375082,0.11645392932375082,True,False,False,1,5
PushT,jepa_wm_pusht,54,6,fidelity_constrained_shuffled_geometry__seed11419,fidelity_constrained_shuffled_geometry,11419,0,13501,1,0.9630752584120678,0.10298439972869093,0.274829989886387,0.274829989886387,True,False,False,6,4
PushT,jepa_wm_pusht,54,6,fidelity_constrained_shuffled_geometry__seed11419,fidelity_constrained_shuffled_geometry,11419,1,13519,1,2.297934406817794,0.10298439972869093,0.2607565298863312,0.2607565298863312,True,False,False,5,4
PushT,jepa_wm_pusht,54,6,fidelity_constrained_shuffled_geometry__seed11419,fidelity_constrained_shuffled_geometry,11419,2,13537,1,1.613481980044659,0.10298439972869093,0.7609758752648195,0.7609758752648195,True,False,False,8,4
PushT,jepa_wm_pusht,54,6,fidelity_constrained_shuffled_geometry__seed11419,fidelity_constrained_shuffled_geometry,11419,0,13501,3,0.8427253170316626,0.1412244470232876,0.26008540625048937,0.26008540625048937,True,False,False,2,4
PushT,jepa_wm_pusht,54,6,fidelity_constrained_shuffled_geometry__seed11419,fidelity_constrained_shuffled_geometry,11419,1,13519,3,1.208472149543594,0.1412244470232876,0.26008540625048937,0.26008540625048937,True,False,False,2,4
PushT,jepa_wm_pusht,54,6,fidelity_constrained_shuffled_geometry__seed11419,fidelity_constrained_shuffled_geometry,11419,2,13537,3,0.6755858864613534,0.1412244470232876,0.26008540625048937,0.26008540625048937,True,False,False,2,4
PushT,jepa_wm_pusht,54,6,fidelity_constrained_shuffled_geometry__seed11419,fidelity_constrained_shuffled_geometry,11419,0,13501,6,1.4540510755943818,0.1005509547744337,0.46559384033378,0.46559384033378,True,False,False,2,4
PushT,jepa_wm_pusht,54,6,fidelity_constrained_shuffled_geometry__seed11419,fidelity_constrained_shuffled_geometry,11419,1,13519,6,1.535323743808987,0.1005509547744337,0.46559384033378,0.46559384033378,True,False,False,2,4
PushT,jepa_wm_pusht,54,6,fidelity_constrained_shuffled_geometry__seed11419,fidelity_constrained_shuffled_geometry,11419,2,13537,6,1.315366486174503,0.1005509547744337,0.0,0.0,True,False,True,4,4
PushT,jepa_wm_pusht,55,6,fidelity_constrained_shuffled_geometry__seed11419,fidelity_constrained_shuffled_geometry,11419,0,13501,1,5.90666180396397,1.0,1.0,1.0,True,False,False,6,0
PushT,jepa_wm_pusht,55,6,fidelity_constrained_shuffled_geometry__seed11419,fidelity_constrained_shuffled_geometry,11419,1,13519,1,11.16021378897886,1.0,0.0,0.0,True,False,True,8,0
PushT,jepa_wm_pusht,55,6,fidelity_constrained_shuffled_geometry__seed11419,fidelity_constrained_shuffled_geometry,11419,2,13537,1,5.014501979939646,1.0,0.0,0.0,True,False,True,1,0
PushT,jepa_wm_pusht,55,6,fidelity_constrained_shuffled_geometry__seed11419,fidelity_constrained_shuffled_geometry,11419,0,13501,3,1.2260259528041895,0.031059595022704112,0.0,0.0,True,False,True,8,8
PushT,jepa_wm_pusht,55,6,fidelity_constrained_shuffled_geometry__seed11419,fidelity_constrained_shuffled_geometry,11419,1,13519,3,2.0699794678870873,0.031059595022704112,1.0,1.0,True,False,False,6,8
PushT,jepa_wm_pusht,55,6,fidelity_constrained_shuffled_geometry__seed11419,fidelity_constrained_shuffled_geometry,11419,2,13537,3,1.2524043335701702,0.031059595022704112,0.031059595022704112,0.031059595022704112,True,False,False,7,8
PushT,jepa_wm_pusht,55,6,fidelity_constrained_shuffled_geometry__seed11419,fidelity_constrained_shuffled_geometry,11419,0,13501,6,1.4615179653176753,0.15704590216781106,0.15704590216781106,0.15704590216781106,True,False,False,2,3
PushT,jepa_wm_pusht,55,6,fidelity_constrained_shuffled_geometry__seed11419,fidelity_constrained_shuffled_geometry,11419,1,13519,6,1.424837153988598,0.15704590216781106,0.15704590216781106,0.15704590216781106,True,False,False,2,3
PushT,jepa_wm_pusht,55,6,fidelity_constrained_shuffled_geometry__seed11419,fidelity_constrained_shuffled_geometry,11419,2,13537,6,1.6780864138405585,0.15704590216781106,1.0,1.0,True,False,False,6,3
PushT,jepa_wm_pusht,8,1,fidelity_constrained_matched_geometry__seed11419,fidelity_constrained_matched_geometry,11419,0,13501,1,2.795097960927429,0.01282478008355127,0.6955643107020344,0.6955643107020344,True,False,False,9,1
PushT,jepa_wm_pusht,8,1,fidelity_constrained_matched_geometry__seed11419,fidelity_constrained_matched_geometry,11419,1,13519,1,1.61088822266658,0.01282478008355127,0.28610195971877866,0.28610195971877866,True,False,False,8,1
PushT,jepa_wm_pusht,8,1,fidelity_constrained_matched_geometry__seed11419,fidelity_constrained_matched_geometry,11419,2,13537,1,4.8759190762725,0.01282478008355127,0.01282478008355127,0.01282478008355127,True,False,False,6,1
PushT,jepa_wm_pusht,8,1,fidelity_constrained_matched_geometry__seed11419,fidelity_constrained_matched_geometry,11419,0,13501,3,2.9242254168708177,0.008427652349288942,1.0,1.0,True,False,False,8,6
PushT,jepa_wm_pusht,8,1,fidelity_constrained_matched_geometry__seed11419,fidelity_constrained_matched_geometry,11419,1,13519,3,1.7397521126974298,0.008427652349288942,0.0,0.0,True,False,True,6,6
PushT,jepa_wm_pusht,8,1,fidelity_constrained_matched_geometry__seed11419,fidelity_constrained_matched_geometry,11419,2,13537,3,2.072283504709509,0.008427652349288942,1.0,1.0,True,False,False,8,6
PushT,jepa_wm_pusht,8,1,fidelity_constrained_matched_geometry__seed11419,fidelity_constrained_matched_geometry,11419,0,13501,6,1.6039693523950733,0.06182193572814055,0.30387846662727663,0.30387846662727663,True,False,False,2,1
PushT,jepa_wm_pusht,8,1,fidelity_constrained_matched_geometry__seed11419,fidelity_constrained_matched_geometry,11419,1,13519,6,2.054341616089311,0.06182193572814055,1.0,1.0,True,False,False,3,1
PushT,jepa_wm_pusht,8,1,fidelity_constrained_matched_geometry__seed11419,fidelity_constrained_matched_geometry,11419,2,13537,6,1.004553975131383,0.06182193572814055,0.32844684597278534,0.32844684597278534,True,False,False,5,1
PushT,jepa_wm_pusht,9,1,fidelity_constrained_matched_geometry__seed11419,fidelity_constrained_matched_geometry,11419,0,13501,1,3.6543550625791954,0.36553473865706543,0.0,0.0,True,False,True,0,0
PushT,jepa_wm_pusht,9,1,fidelity_constrained_matched_geometry__seed11419,fidelity_constrained_matched_geometry,11419,1,13519,1,3.813725396439011,0.36553473865706543,0.8274135674934155,0.8274135674934155,True,False,False,7,0
PushT,jepa_wm_pusht,9,1,fidelity_constrained_matched_geometry__seed11419,fidelity_constrained_matched_geometry,11419,2,13537,1,2.9708558838844787,0.36553473865706543,0.0,0.0,True,False,True,0,0
PushT,jepa_wm_pusht,9,1,fidelity_constrained_matched_geometry__seed11419,fidelity_constrained_matched_geometry,11419,0,13501,3,1.199673789584025,0.09345141081727452,0.2415867066316891,0.2415867066316891,True,False,False,5,2
PushT,jepa_wm_pusht,9,1,fidelity_constrained_matched_geometry__seed11419,fidelity_constrained_matched_geometry,11419,1,13519,3,2.1823899815161045,0.09345141081727452,0.0,0.0,True,False,True,2,2
PushT,jepa_wm_pusht,9,1,fidelity_constrained_matched_geometry__seed11419,fidelity_constrained_matched_geometry,11419,2,13537,3,1.6659387580047236,0.09345141081727452,0.2415867066316891,0.2415867066316891,True,False,False,5,2
PushT,jepa_wm_pusht,9,1,fidelity_constrained_matched_geometry__seed11419,fidelity_constrained_matched_geometry,11419,0,13501,6,1.278735060361861,0.0838834477847104,1.0,1.0,True,False,False,9,3
PushT,jepa_wm_pusht,9,1,fidelity_constrained_matched_geometry__seed11419,fidelity_constrained_matched_geometry,11419,1,13519,6,1.556924164079924,0.0838834477847104,1.0,1.0,True,False,False,9,3
PushT,jepa_wm_pusht,9,1,fidelity_constrained_matched_geometry__seed11419,fidelity_constrained_matched_geometry,11419,2,13537,6,1.2255408438249076,0.0838834477847104,0.27893426755596323,0.27893426755596323,True,False,False,5,3
PushT,jepa_wm_pusht,10,1,fidelity_constrained_matched_geometry__seed11419,fidelity_constrained_matched_geometry,11419,0,13501,1,0.8997176209703155,0.12049358852617963,0.0,0.0,True,False,True,1,1
PushT,jepa_wm_pusht,10,1,fidelity_constrained_matched_geometry__seed11419,fidelity_constrained_matched_geometry,11419,1,13519,1,1.3614685692797779,0.12049358852617963,0.620166319521398,0.620166319521398,True,False,False,6,1
PushT,jepa_wm_pusht,10,1,fidelity_constrained_matched_geometry__seed11419,fidelity_constrained_matched_geometry,11419,2,13537,1,0.8286005716185474,0.12049358852617963,0.12049358852617963,0.12049358852617963,True,False,False,4,1
PushT,jepa_wm_pusht,10,1,fidelity_constrained_matched_geometry__seed11419,fidelity_constrained_matched_geometry,11419,0,13501,3,3.3223266902676003,0.1030047197118212,0.0,0.0,True,False,True,6,6
PushT,jepa_wm_pusht,10,1,fidelity_constrained_matched_geometry__seed11419,fidelity_constrained_matched_geometry,11419,1,13519,3,1.3520476926006095,0.1030047197118212,0.1030047197118212,0.1030047197118212,True,False,False,4,6
PushT,jepa_wm_pusht,10,1,fidelity_constrained_matched_geometry__seed11419,fidelity_constrained_matched_geometry,11419,2,13537,3,1.4266754299438278,0.1030047197118212,0.1030047197118212,0.1030047197118212,True,False,False,4,6
PushT,jepa_wm_pusht,10,1,fidelity_constrained_matched_geometry__seed11419,fidelity_constrained_matched_geometry,11419,0,13501,6,2.371036947311128,0.2310393760683955,0.2310393760683955,0.2310393760683955,True,False,False,4,6
PushT,jepa_wm_pusht,10,1,fidelity_constrained_matched_geometry__seed11419,fidelity_constrained_matched_geometry,11419,1,13519,6,2.1759311663222323,0.2310393760683955,0.6789019354624969,0.6789019354624969,True,False,False,3,6
PushT,jepa_wm_pusht,10,1,fidelity_constrained_matched_geometry__seed11419,fidelity_constrained_matched_geometry,11419,2,13537,6,1.8424054646998456,0.2310393760683955,0.6789019354624969,0.6789019354624969,True,False,False,2,6
PushT,jepa_wm_pusht,11,1,fidelity_constrained_matched_geometry__seed11419,fidelity_constrained_matched_geometry,11419,0,13501,1,5.006730320232172,0.41336878890994966,0.45140758138381915,0.45140758138381915,True,False,False,6,7
PushT,jepa_wm_pusht,11,1,fidelity_constrained_matched_geometry__seed11419,fidelity_constrained_matched_geometry,11419,1,13519,1,2.1012710286247267,0.41336878890994966,0.6306193291317473,0.6306193291317473,True,False,False,4,7
PushT,jepa_wm_pusht,11,1,fidelity_constrained_matched_geometry__seed11419,fidelity_constrained_matched_geometry,11419,2,13537,1,2.592106330680914,0.41336878890994966,0.0,0.0,True,False,True,7,7
PushT,jepa_wm_pusht,11,1,fidelity_constrained_matched_geometry__seed11419,fidelity_constrained_matched_geometry,11419,0,13501,3,0.70458207331217,0.2748698300443903,0.2748698300443903,0.2748698300443903,True,False,False,8,6
PushT,jepa_wm_pusht,11,1,fidelity_constrained_matched_geometry__seed11419,fidelity_constrained_matched_geometry,11419,1,13519,3,0.5249646216337576,0.2748698300443903,0.0,0.0,True,False,True,6,6
PushT,jepa_wm_pusht,11,1,fidelity_constrained_matched_geometry__seed11419,fidelity_constrained_matched_geometry,11419,2,13537,3,0.9372691142014404,0.2748698300443903,0.0,0.0,True,False,True,6,6
PushT,jepa_wm_pusht,11,1,fidelity_constrained_matched_geometry__seed11419,fidelity_constrained_matched_geometry,11419,0,13501,6,1.4093937733502788,0.2434864252420023,0.0,0.0,True,False,True,6,6
PushT,jepa_wm_pusht,11,1,fidelity_constrained_matched_geometry__seed11419,fidelity_constrained_matched_geometry,11419,1,13519,6,1.448538831725316,0.2434864252420023,0.0,0.0,True,False,True,6,6
PushT,jepa_wm_pusht,11,1,fidelity_constrained_matched_geometry__seed11419,fidelity_constrained_matched_geometry,11419,2,13537,6,0.93480038043334,0.2434864252420023,0.0,0.0,True,False,True,6,6
PushT,jepa_wm_pusht,12,1,fidelity_constrained_matched_geometry__seed11419,fidelity_constrained_matched_geometry,11419,0,13501,1,1.1777565041563531,0.09450672487896075,0.30421178027634105,0.30421178027634105,True,False,False,1,6
PushT,jepa_wm_pusht,12,1,fidelity_constrained_matched_geometry__seed11419,fidelity_constrained_matched_geometry,11419,1,13519,1,1.472795638961732,0.09450672487896075,0.8207654932996075,0.8207654932996075,True,False,False,0,6
PushT,jepa_wm_pusht,12,1,fidelity_constrained_matched_geometry__seed11419,fidelity_constrained_matched_geometry,11419,2,13537,1,2.9564332184574877,0.09450672487896075,0.8864419510504964,0.8864419510504964,True,False,False,7,6
PushT,jepa_wm_pusht,12,1,fidelity_constrained_matched_geometry__seed11419,fidelity_constrained_matched_geometry,11419,0,13501,3,1.2060813844101146,0.05556742065693472,0.0,0.0,True,False,True,4,4
PushT,jepa_wm_pusht,12,1,fidelity_constrained_matched_geometry__seed11419,fidelity_constrained_matched_geometry,11419,1,13519,3,1.1637066056666925,0.05556742065693472,0.09847152877843415,0.09847152877843415,True,False,False,2,4
PushT,jepa_wm_pusht,12,1,fidelity_constrained_matched_geometry__seed11419,fidelity_constrained_matched_geometry,11419,2,13537,3,1.3085315796745167,0.05556742065693472,0.09847152877843415,0.09847152877843415,True,False,False,2,4
PushT,jepa_wm_pusht,12,1,fidelity_constrained_matched_geometry__seed11419,fidelity_constrained_matched_geometry,11419,0,13501,6,1.0230269784431618,0.01885074951463251,0.0,0.0,True,False,True,2,2
PushT,jepa_wm_pusht,12,1,fidelity_constrained_matched_geometry__seed11419,fidelity_constrained_matched_geometry,11419,1,13519,6,1.00273000535187,0.01885074951463251,0.0,0.0,True,False,True,2,2
PushT,jepa_wm_pusht,12,1,fidelity_constrained_matched_geometry__seed11419,fidelity_constrained_matched_geometry,11419,2,13537,6,1.1265752411474677,0.01885074951463251,0.01885074951463251,0.01885074951463251,True,False,False,4,2
PushT,jepa_wm_pusht,13,1,fidelity_constrained_matched_geometry__seed11419,fidelity_constrained_matched_geometry,11419,0,13501,1,1.4049770566322084,0.05717193711490079,0.7753823480956951,0.7753823480956951,True,False,False,7,6
PushT,jepa_wm_pusht,13,1,fidelity_constrained_matched_geometry__seed11419,fidelity_constrained_matched_geometry,11419,1,13519,1,1.7988631758592857,0.05717193711490079,0.9488516591828323,0.9488516591828323,True,False,False,0,6
PushT,jepa_wm_pusht,13,1,fidelity_constrained_matched_geometry__seed11419,fidelity_constrained_matched_geometry,11419,2,13537,1,3.335786145240822,0.05717193711490079,1.0,1.0,True,False,False,9,6
PushT,jepa_wm_pusht,13,1,fidelity_constrained_matched_geometry__seed11419,fidelity_constrained_matched_geometry,11419,0,13501,3,0.872208392266504,0.0161718104917741,0.0161718104917741,0.0161718104917741,True,False,False,4,2
PushT,jepa_wm_pusht,13,1,fidelity_constrained_matched_geometry__seed11419,fidelity_constrained_matched_geometry,11419,1,13519,3,1.0429289573678144,0.0161718104917741,0.0,0.0,True,False,True,2,2
PushT,jepa_wm_pusht,13,1,fidelity_constrained_matched_geometry__seed11419,fidelity_constrained_matched_geometry,11419,2,13537,3,1.2244828099732128,0.0161718104917741,0.0161718104917741,0.0161718104917741,True,False,False,4,2
PushT,jepa_wm_pusht,13,1,fidelity_constrained_matched_geometry__seed11419,fidelity_constrained_matched_geometry,11419,0,13501,6,0.970930354280992,0.05290481855690444,0.05290481855690444,0.05290481855690444,True,False,False,4,2
PushT,jepa_wm_pusht,13,1,fidelity_constrained_matched_geometry__seed11419,fidelity_constrained_matched_geometry,11419,1,13519,6,0.868778912566231,0.05290481855690444,0.0,0.0,True,False,True,2,2
PushT,jepa_wm_pusht,13,1,fidelity_constrained_matched_geometry__seed11419,fidelity_constrained_matched_geometry,11419,2,13537,6,1.0209713881810467,0.05290481855690444,0.0,0.0,True,False,True,2,2
PushT,jepa_wm_pusht,14,1,fidelity_constrained_matched_geometry__seed11419,fidelity_constrained_matched_geometry,11419,0,13501,1,19195.604435685786,inf,0.0,0.0,True,False,True,7,0
PushT,jepa_wm_pusht,14,1,fidelity_constrained_matched_geometry__seed11419,fidelity_constrained_matched_geometry,11419,1,13519,1,23031.44408083502,inf,0.0,0.0,True,False,True,7,0
PushT,jepa_wm_pusht,14,1,fidelity_constrained_matched_geometry__seed11419,fidelity_constrained_matched_geometry,11419,2,13537,1,40403.39646410951,inf,0.0,0.0,True,False,True,1,0
PushT,jepa_wm_pusht,14,1,fidelity_constrained_matched_geometry__seed11419,fidelity_constrained_matched_geometry,11419,0,13501,3,1.2642414897334582,0.22439910568143512,0.22439910568143512,0.22439910568143512,True,False,False,5,2
PushT,jepa_wm_pusht,14,1,fidelity_constrained_matched_geometry__seed11419,fidelity_constrained_matched_geometry,11419,1,13519,3,1.4194588742784784,0.22439910568143512,0.0,0.0,True,False,True,2,2
PushT,jepa_wm_pusht,14,1,fidelity_constrained_matched_geometry__seed11419,fidelity_constrained_matched_geometry,11419,2,13537,3,1.2763222096485873,0.22439910568143512,0.0,0.0,True,False,True,2,2
PushT,jepa_wm_pusht,14,1,fidelity_constrained_matched_geometry__seed11419,fidelity_constrained_matched_geometry,11419,0,13501,6,0.688856287014399,0.10985312473301036,0.0,0.0,True,False,True,2,2
PushT,jepa_wm_pusht,14,1,fidelity_constrained_matched_geometry__seed11419,fidelity_constrained_matched_geometry,11419,1,13519,6,0.657411799066018,0.10985312473301036,0.0,0.0,True,False,True,2,2
PushT,jepa_wm_pusht,14,1,fidelity_constrained_matched_geometry__seed11419,fidelity_constrained_matched_geometry,11419,2,13537,6,0.7244507896871294,0.10985312473301036,0.0,0.0,True,False,True,2,2
PushT,jepa_wm_pusht,15,1,fidelity_constrained_matched_geometry__seed11419,fidelity_constrained_matched_geometry,11419,0,13501,1,65915.10580326716,inf,0.0,0.0,True,False,True,7,0
PushT,jepa_wm_pusht,15,1,fidelity_constrained_matched_geometry__seed11419,fidelity_constrained_matched_geometry,11419,1,13519,1,27407.638514596692,inf,0.0,0.0,True,False,True,4,0
PushT,jepa_wm_pusht,15,1,fidelity_constrained_matched_geometry__seed11419,fidelity_constrained_matched_geometry,11419,2,13537,1,35726.374801710735,inf,0.0,0.0,True,False,True,4,0
PushT,jepa_wm_pusht,15,1,fidelity_constrained_matched_geometry__seed11419,fidelity_constrained_matched_geometry,11419,0,13501,3,1.567522546480099,0.3147370809376674,0.0,0.0,True,False,True,2,2
PushT,jepa_wm_pusht,15,1,fidelity_constrained_matched_geometry__seed11419,fidelity_constrained_matched_geometry,11419,1,13519,3,0.6235254926561269,0.3147370809376674,0.0,0.0,True,False,True,2,2
PushT,jepa_wm_pusht,15,1,fidelity_constrained_matched_geometry__seed11419,fidelity_constrained_matched_geometry,11419,2,13537,3,1.2275990265052623,0.3147370809376674,0.0,0.0,True,False,True,2,2
PushT,jepa_wm_pusht,15,1,fidelity_constrained_matched_geometry__seed11419,fidelity_constrained_matched_geometry,11419,0,13501,6,1.0030183553052996,0.04855924422800973,0.0,0.0,True,False,True,3,3
PushT,jepa_wm_pusht,15,1,fidelity_constrained_matched_geometry__seed11419,fidelity_constrained_matched_geometry,11419,1,13519,6,0.48447371979818293,0.04855924422800973,0.0,0.0,True,False,True,3,3
PushT,jepa_wm_pusht,15,1,fidelity_constrained_matched_geometry__seed11419,fidelity_constrained_matched_geometry,11419,2,13537,6,1.0514124292551028,0.04855924422800973,0.0,0.0,True,False,True,3,3
PushT,jepa_wm_pusht,16,2,fidelity_constrained_matched_geometry__seed11419,fidelity_constrained_matched_geometry,11419,0,13501,1,0.718132824370665,0.04667333317829818,0.0,0.0,True,False,True,4,4
PushT,jepa_wm_pusht,16,2,fidelity_constrained_matched_geometry__seed11419,fidelity_constrained_matched_geometry,11419,1,13519,1,1.0870662123631125,0.04667333317829818,0.04667333317829818,0.04667333317829818,True,False,False,6,4
PushT,jepa_wm_pusht,16,2,fidelity_constrained_matched_geometry__seed11419,fidelity_constrained_matched_geometry,11419,2,13537,1,1.147414111950096,0.04667333317829818,0.04667333317829818,0.04667333317829818,True,False,False,6,4
PushT,jepa_wm_pusht,16,2,fidelity_constrained_matched_geometry__seed11419,fidelity_constrained_matched_geometry,11419,0,13501,3,0.9486310730539121,0.32628899571658077,0.32628899571658077,0.32628899571658077,True,False,False,4,6
PushT,jepa_wm_pusht,16,2,fidelity_constrained_matched_geometry__seed11419,fidelity_constrained_matched_geometry,11419,1,13519,3,1.4247374707599245,0.32628899571658077,0.32628899571658077,0.32628899571658077,True,False,False,4,6
PushT,jepa_wm_pusht,16,2,fidelity_constrained_matched_geometry__seed11419,fidelity_constrained_matched_geometry,11419,2,13537,3,1.3254611468022792,0.32628899571658077,0.32628899571658077,0.32628899571658077,True,False,False,4,6
PushT,jepa_wm_pusht,16,2,fidelity_constrained_matched_geometry__seed11419,fidelity_constrained_matched_geometry,11419,0,13501,6,1.038630393287332,0.3019145847229555,0.0,0.0,True,False,True,6,6
PushT,jepa_wm_pusht,16,2,fidelity_constrained_matched_geometry__seed11419,fidelity_constrained_matched_geometry,11419,1,13519,6,1.1940250861484092,0.3019145847229555,0.3019145847229555,0.3019145847229555,True,False,False,4,6
PushT,jepa_wm_pusht,16,2,fidelity_constrained_matched_geometry__seed11419,fidelity_constrained_matched_geometry,11419,2,13537,6,0.9293140719043261,0.3019145847229555,0.3019145847229555,0.3019145847229555,True,False,False,4,6
PushT,jepa_wm_pusht,17,2,fidelity_constrained_matched_geometry__seed11419,fidelity_constrained_matched_geometry,11419,0,13501,1,38673.84727769338,inf,0.0,0.0,True,False,True,6,0
PushT,jepa_wm_pusht,17,2,fidelity_constrained_matched_geometry__seed11419,fidelity_constrained_matched_geometry,11419,1,13519,1,50282.02290291106,inf,0.0,0.0,True,False,True,6,0
PushT,jepa_wm_pusht,17,2,fidelity_constrained_matched_geometry__seed11419,fidelity_constrained_matched_geometry,11419,2,13537,1,55257.25639504668,inf,0.0,0.0,True,False,True,6,0
PushT,jepa_wm_pusht,17,2,fidelity_constrained_matched_geometry__seed11419,fidelity_constrained_matched_geometry,11419,0,13501,3,1.3058910142889912,0.14967206398860944,0.14967206398860944,0.14967206398860944,True,False,False,5,2
PushT,jepa_wm_pusht,17,2,fidelity_constrained_matched_geometry__seed11419,fidelity_constrained_matched_geometry,11419,1,13519,3,1.9631431408582796,0.14967206398860944,0.0,0.0,True,False,True,2,2
PushT,jepa_wm_pusht,17,2,fidelity_constrained_matched_geometry__seed11419,fidelity_constrained_matched_geometry,11419,2,13537,3,1.371853283255858,0.14967206398860944,0.6032872167889128,0.6032872167889128,True,False,False,0,2
PushT,jepa_wm_pusht,17,2,fidelity_constrained_matched_geometry__seed11419,fidelity_constrained_matched_geometry,11419,0,13501,6,0.6551248721493282,0.27989109651126526,0.0,0.0,True,False,True,3,3
PushT,jepa_wm_pusht,17,2,fidelity_constrained_matched_geometry__seed11419,fidelity_constrained_matched_geometry,11419,1,13519,6,1.1414026492842029,0.27989109651126526,0.0,0.0,True,False,True,3,3
PushT,jepa_wm_pusht,17,2,fidelity_constrained_matched_geometry__seed11419,fidelity_constrained_matched_geometry,11419,2,13537,6,1.0061355112503165,0.27989109651126526,0.0,0.0,True,False,True,3,3
PushT,jepa_wm_pusht,18,2,fidelity_constrained_matched_geometry__seed11419,fidelity_constrained_matched_geometry,11419,0,13501,1,16057.065900560354,inf,0.0,0.0,True,False,True,6,0
PushT,jepa_wm_pusht,18,2,fidelity_constrained_matched_geometry__seed11419,fidelity_constrained_matched_geometry,11419,1,13519,1,35459.61406023353,inf,0.0,0.0,True,False,True,7,0
PushT,jepa_wm_pusht,18,2,fidelity_constrained_matched_geometry__seed11419,fidelity_constrained_matched_geometry,11419,2,13537,1,77310.39555340313,inf,0.0,0.0,True,False,True,9,0
PushT,jepa_wm_pusht,18,2,fidelity_constrained_matched_geometry__seed11419,fidelity_constrained_matched_geometry,11419,0,13501,3,1.4519387656723666,0.27850140655302486,0.44201480759003287,0.44201480759003287,True,False,False,5,2
PushT,jepa_wm_pusht,18,2,fidelity_constrained_matched_geometry__seed11419,fidelity_constrained_matched_geometry,11419,1,13519,3,1.5479651600732498,0.27850140655302486,0.44201480759003287,0.44201480759003287,True,False,False,5,2
PushT,jepa_wm_pusht,18,2,fidelity_constrained_matched_geometry__seed11419,fidelity_constrained_matched_geometry,11419,2,13537,3,2.3829963743437395,0.27850140655302486,0.44201480759003287,0.44201480759003287,True,False,False,5,2
PushT,jepa_wm_pusht,18,2,fidelity_constrained_matched_geometry__seed11419,fidelity_constrained_matched_geometry,11419,0,13501,6,0.9730918804941399,0.045141008814957334,0.36289437302384253,0.36289437302384253,True,False,False,5,2
PushT,jepa_wm_pusht,18,2,fidelity_constrained_matched_geometry__seed11419,fidelity_constrained_matched_geometry,11419,1,13519,6,1.5461029530289736,0.045141008814957334,1.0,1.0,True,False,False,7,2
PushT,jepa_wm_pusht,18,2,fidelity_constrained_matched_geometry__seed11419,fidelity_constrained_matched_geometry,11419,2,13537,6,1.216688512031392,0.045141008814957334,0.36289437302384253,0.36289437302384253,True,False,False,5,2
PushT,jepa_wm_pusht,19,2,fidelity_constrained_matched_geometry__seed11419,fidelity_constrained_matched_geometry,11419,0,13501,1,4.8716985745021795,0.30581859652833554,0.30581859652833554,0.30581859652833554,True,False,False,9,7
PushT,jepa_wm_pusht,19,2,fidelity_constrained_matched_geometry__seed11419,fidelity_constrained_matched_geometry,11419,1,13519,1,4.546432218336158,0.30581859652833554,0.7032907354635126,0.7032907354635126,True,False,False,5,7
PushT,jepa_wm_pusht,19,2,fidelity_constrained_matched_geometry__seed11419,fidelity_constrained_matched_geometry,11419,2,13537,1,4.2129989137806865,0.30581859652833554,0.30581859652833554,0.30581859652833554,True,False,False,9,7
PushT,jepa_wm_pusht,19,2,fidelity_constrained_matched_geometry__seed11419,fidelity_constrained_matched_geometry,11419,0,13501,3,2.3266935354548233,0.08549327156519568,0.0,0.0,True,False,True,7,7
PushT,jepa_wm_pusht,19,2,fidelity_constrained_matched_geometry__seed11419,fidelity_constrained_matched_geometry,11419,1,13519,3,1.153589597468315,0.08549327156519568,0.0,0.0,True,False,True,7,7
PushT,jepa_wm_pusht,19,2,fidelity_constrained_matched_geometry__seed11419,fidelity_constrained_matched_geometry,11419,2,13537,3,1.773235040519508,0.08549327156519568,0.0,0.0,True,False,True,7,7
PushT,jepa_wm_pusht,19,2,fidelity_constrained_matched_geometry__seed11419,fidelity_constrained_matched_geometry,11419,0,13501,6,2.3617161432982723,0.05206520357815755,0.0,0.0,True,False,True,5,5
PushT,jepa_wm_pusht,19,2,fidelity_constrained_matched_geometry__seed11419,fidelity_constrained_matched_geometry,11419,1,13519,6,2.1807933054214645,0.05206520357815755,0.0,0.0,True,False,True,5,5
PushT,jepa_wm_pusht,19,2,fidelity_constrained_matched_geometry__seed11419,fidelity_constrained_matched_geometry,11419,2,13537,6,2.445926556386883,0.05206520357815755,0.05206520357815755,0.05206520357815755,True,False,False,7,5
PushT,jepa_wm_pusht,20,2,fidelity_constrained_matched_geometry__seed11419,fidelity_constrained_matched_geometry,11419,0,13501,1,1.2012765370985312,0.071849549171498,0.071849549171498,0.071849549171498,True,False,False,6,8
PushT,jepa_wm_pusht,20,2,fidelity_constrained_matched_geometry__seed11419,fidelity_constrained_matched_geometry,11419,1,13519,1,1.2295988481197064,0.071849549171498,0.071849549171498,0.071849549171498,True,False,False,6,8
PushT,jepa_wm_pusht,20,2,fidelity_constrained_matched_geometry__seed11419,fidelity_constrained_matched_geometry,11419,2,13537,1,1.95814119761178,0.071849549171498,0.0,0.0,True,False,True,8,8
PushT,jepa_wm_pusht,20,2,fidelity_constrained_matched_geometry__seed11419,fidelity_constrained_matched_geometry,11419,0,13501,3,1.2128990992280615,0.06837919317243876,0.4266659652735245,0.4266659652735245,True,False,False,4,8
PushT,jepa_wm_pusht,20,2,fidelity_constrained_matched_geometry__seed11419,fidelity_constrained_matched_geometry,11419,1,13519,3,2.019295628063335,0.06837919317243876,0.9103992805710343,0.9103992805710343,True,False,False,5,8
PushT,jepa_wm_pusht,20,2,fidelity_constrained_matched_geometry__seed11419,fidelity_constrained_matched_geometry,11419,2,13537,3,1.505920719767341,0.06837919317243876,0.4266659652735245,0.4266659652735245,True,False,False,4,8
PushT,jepa_wm_pusht,20,2,fidelity_constrained_matched_geometry__seed11419,fidelity_constrained_matched_geometry,11419,0,13501,6,1.812277750814953,0.056057307459408214,0.4219198098666871,0.4219198098666871,True,False,False,2,8
PushT,jepa_wm_pusht,20,2,fidelity_constrained_matched_geometry__seed11419,fidelity_constrained_matched_geometry,11419,1,13519,6,1.992033338605993,0.056057307459408214,1.0,1.0,True,False,False,3,8
PushT,jepa_wm_pusht,20,2,fidelity_constrained_matched_geometry__seed11419,fidelity_constrained_matched_geometry,11419,2,13537,6,1.660811611196371,0.056057307459408214,1.0,1.0,True,False,False,3,8
PushT,jepa_wm_pusht,21,2,fidelity_constrained_matched_geometry__seed11419,fidelity_constrained_matched_geometry,11419,0,13501,1,51417.330887120086,inf,0.0,0.0,True,False,True,9,0
PushT,jepa_wm_pusht,21,2,fidelity_constrained_matched_geometry__seed11419,fidelity_constrained_matched_geometry,11419,1,13519,1,42227.39378438358,inf,0.0,0.0,True,False,True,4,0
PushT,jepa_wm_pusht,21,2,fidelity_constrained_matched_geometry__seed11419,fidelity_constrained_matched_geometry,11419,2,13537,1,41285.38257272719,inf,0.0,0.0,True,False,True,0,0
PushT,jepa_wm_pusht,21,2,fidelity_constrained_matched_geometry__seed11419,fidelity_constrained_matched_geometry,11419,0,13501,3,2.2475796789600015,0.10022651401688715,0.10022651401688715,0.10022651401688715,True,False,False,5,2
PushT,jepa_wm_pusht,21,2,fidelity_constrained_matched_geometry__seed11419,fidelity_constrained_matched_geometry,11419,1,13519,3,2.9606668856167757,0.10022651401688715,0.45436799300297653,0.45436799300297653,True,False,False,1,2
PushT,jepa_wm_pusht,21,2,fidelity_constrained_matched_geometry__seed11419,fidelity_constrained_matched_geometry,11419,2,13537,3,3.553555646664283,0.10022651401688715,0.6588348079990693,0.6588348079990693,True,False,False,8,2
PushT,jepa_wm_pusht,21,2,fidelity_constrained_matched_geometry__seed11419,fidelity_constrained_matched_geometry,11419,0,13501,6,0.788263523196911,0.32957479347041385,0.0,0.0,True,False,True,3,3
PushT,jepa_wm_pusht,21,2,fidelity_constrained_matched_geometry__seed11419,fidelity_constrained_matched_geometry,11419,1,13519,6,0.8934051261443758,0.32957479347041385,0.0,0.0,True,False,True,3,3
PushT,jepa_wm_pusht,21,2,fidelity_constrained_matched_geometry__seed11419,fidelity_constrained_matched_geometry,11419,2,13537,6,1.0170457391193588,0.32957479347041385,0.0,0.0,True,False,True,3,3
PushT,jepa_wm_pusht,22,2,fidelity_constrained_matched_geometry__seed11419,fidelity_constrained_matched_geometry,11419,0,13501,1,67.54049745887222,1.0,1.0,1.0,True,False,False,0,6
PushT,jepa_wm_pusht,22,2,fidelity_constrained_matched_geometry__seed11419,fidelity_constrained_matched_geometry,11419,1,13519,1,74.80622262151374,1.0,1.0,1.0,True,False,False,4,6
PushT,jepa_wm_pusht,22,2,fidelity_constrained_matched_geometry__seed11419,fidelity_constrained_matched_geometry,11419,2,13537,1,84.94471841631395,1.0,1.0,1.0,True,False,False,8,6
PushT,jepa_wm_pusht,22,2,fidelity_constrained_matched_geometry__seed11419,fidelity_constrained_matched_geometry,11419,0,13501,3,0.7084047651496798,0.1402584854949118,0.0,0.0,True,False,True,4,4
PushT,jepa_wm_pusht,22,2,fidelity_constrained_matched_geometry__seed11419,fidelity_constrained_matched_geometry,11419,1,13519,3,1.0550385485686977,0.1402584854949118,0.1402584854949118,0.1402584854949118,True,False,False,2,4
PushT,jepa_wm_pusht,22,2,fidelity_constrained_matched_geometry__seed11419,fidelity_constrained_matched_geometry,11419,2,13537,3,1.8197130581711463,0.1402584854949118,0.0,0.0,True,False,True,4,4
PushT,jepa_wm_pusht,22,2,fidelity_constrained_matched_geometry__seed11419,fidelity_constrained_matched_geometry,11419,0,13501,6,0.6563832310349074,0.16420548128968346,0.41054727963594595,0.41054727963594595,True,False,False,3,4
PushT,jepa_wm_pusht,22,2,fidelity_constrained_matched_geometry__seed11419,fidelity_constrained_matched_geometry,11419,1,13519,6,0.7636817364436523,0.16420548128968346,0.0,0.0,True,False,True,4,4
PushT,jepa_wm_pusht,22,2,fidelity_constrained_matched_geometry__seed11419,fidelity_constrained_matched_geometry,11419,2,13537,6,0.9257805272955119,0.16420548128968346,0.0,0.0,True,False,True,4,4
PushT,jepa_wm_pusht,23,2,fidelity_constrained_matched_geometry__seed11419,fidelity_constrained_matched_geometry,11419,0,13501,1,1.906979804495415,0.020457435985849055,0.8184373479905506,0.8184373479905506,True,False,False,6,9
PushT,jepa_wm_pusht,23,2,fidelity_constrained_matched_geometry__seed11419,fidelity_constrained_matched_geometry,11419,1,13519,1,1.8764314378773808,0.020457435985849055,0.29387193680648627,0.29387193680648627,True,False,False,1,9
PushT,jepa_wm_pusht,23,2,fidelity_constrained_matched_geometry__seed11419,fidelity_constrained_matched_geometry,11419,2,13537,1,1.8613546048491694,0.020457435985849055,0.5842417127270264,0.5842417127270264,True,False,False,4,9
PushT,jepa_wm_pusht,23,2,fidelity_constrained_matched_geometry__seed11419,fidelity_constrained_matched_geometry,11419,0,13501,3,1.367483157569469,0.00801155301203528,0.24599877825290165,0.24599877825290165,True,False,False,4,9
PushT,jepa_wm_pusht,23,2,fidelity_constrained_matched_geometry__seed11419,fidelity_constrained_matched_geometry,11419,1,13519,3,0.7865678910942454,0.00801155301203528,0.10029137060733691,0.10029137060733691,True,False,False,2,9
PushT,jepa_wm_pusht,23,2,fidelity_constrained_matched_geometry__seed11419,fidelity_constrained_matched_geometry,11419,2,13537,3,1.3470839715312586,0.00801155301203528,0.24599877825290165,0.24599877825290165,True,False,False,4,9
PushT,jepa_wm_pusht,23,2,fidelity_constrained_matched_geometry__seed11419,fidelity_constrained_matched_geometry,11419,0,13501,6,1.2343385776761675,0.005423206725342201,0.00624987304378611,0.00624987304378611,True,False,False,3,9
PushT,jepa_wm_pusht,23,2,fidelity_constrained_matched_geometry__seed11419,fidelity_constrained_matched_geometry,11419,1,13519,6,1.1991426797653573,0.005423206725342201,0.01666363785413529,0.01666363785413529,True,False,False,2,9
PushT,jepa_wm_pusht,23,2,fidelity_constrained_matched_geometry__seed11419,fidelity_constrained_matched_geometry,11419,2,13537,6,1.2793755498280623,0.005423206725342201,0.10275826883957667,0.10275826883957667,True,False,False,4,9
PushT,jepa_wm_pusht,48,6,fidelity_constrained_matched_geometry__seed11419,fidelity_constrained_matched_geometry,11419,0,13501,1,3.1374028470603896,0.010481511777836317,1.0,1.0,True,False,False,8,9
PushT,jepa_wm_pusht,48,6,fidelity_constrained_matched_geometry__seed11419,fidelity_constrained_matched_geometry,11419,1,13519,1,3.3070718145202513,0.010481511777836317,0.10419362947361568,0.10419362947361568,True,False,False,5,9
PushT,jepa_wm_pusht,48,6,fidelity_constrained_matched_geometry__seed11419,fidelity_constrained_matched_geometry,11419,2,13537,1,2.180732353347718,0.010481511777836317,0.09012243500443963,0.09012243500443963,True,False,False,0,9
PushT,jepa_wm_pusht,48,6,fidelity_constrained_matched_geometry__seed11419,fidelity_constrained_matched_geometry,11419,0,13501,3,1.077224517907419,0.03292797551033872,0.03292797551033872,0.03292797551033872,True,False,False,7,5
PushT,jepa_wm_pusht,48,6,fidelity_constrained_matched_geometry__seed11419,fidelity_constrained_matched_geometry,11419,1,13519,3,0.48648746930191455,0.03292797551033872,0.03292797551033872,0.03292797551033872,True,False,False,7,5
PushT,jepa_wm_pusht,48,6,fidelity_constrained_matched_geometry__seed11419,fidelity_constrained_matched_geometry,11419,2,13537,3,0.9413160234397774,0.03292797551033872,0.0,0.0,True,False,True,5,5
PushT,jepa_wm_pusht,48,6,fidelity_constrained_matched_geometry__seed11419,fidelity_constrained_matched_geometry,11419,0,13501,6,0.7119499552093758,0.0189945493625357,0.0,0.0,True,False,True,5,5
PushT,jepa_wm_pusht,48,6,fidelity_constrained_matched_geometry__seed11419,fidelity_constrained_matched_geometry,11419,1,13519,6,1.1298994586273008,0.0189945493625357,0.39936556443856897,0.39936556443856897,True,False,False,9,5
PushT,jepa_wm_pusht,48,6,fidelity_constrained_matched_geometry__seed11419,fidelity_constrained_matched_geometry,11419,2,13537,6,1.1638178079492056,0.0189945493625357,0.0,0.0,True,False,True,5,5
PushT,jepa_wm_pusht,49,6,fidelity_constrained_matched_geometry__seed11419,fidelity_constrained_matched_geometry,11419,0,13501,1,1.636175394715114,0.021846463468537518,0.3961841050703398,0.3961841050703398,True,False,False,9,5
PushT,jepa_wm_pusht,49,6,fidelity_constrained_matched_geometry__seed11419,fidelity_constrained_matched_geometry,11419,1,13519,1,1.1878046883097007,0.021846463468537518,0.19612234939085493,0.19612234939085493,True,False,False,1,5
PushT,jepa_wm_pusht,49,6,fidelity_constrained_matched_geometry__seed11419,fidelity_constrained_matched_geometry,11419,2,13537,1,2.318364339182249,0.021846463468537518,0.3961841050703398,0.3961841050703398,True,False,False,9,5
PushT,jepa_wm_pusht,49,6,fidelity_constrained_matched_geometry__seed11419,fidelity_constrained_matched_geometry,11419,0,13501,3,0.5713152343540566,0.045795884377635314,0.0,0.0,True,False,True,5,5
PushT,jepa_wm_pusht,49,6,fidelity_constrained_matched_geometry__seed11419,fidelity_constrained_matched_geometry,11419,1,13519,3,0.3294366617375252,0.045795884377635314,0.0,0.0,True,False,True,5,5
PushT,jepa_wm_pusht,49,6,fidelity_constrained_matched_geometry__seed11419,fidelity_constrained_matched_geometry,11419,2,13537,3,0.8435097751257933,0.045795884377635314,0.0,0.0,True,False,True,5,5
PushT,jepa_wm_pusht,49,6,fidelity_constrained_matched_geometry__seed11419,fidelity_constrained_matched_geometry,11419,0,13501,6,0.5954488799655319,0.016722331142878723,0.0,0.0,True,False,True,5,5
PushT,jepa_wm_pusht,49,6,fidelity_constrained_matched_geometry__seed11419,fidelity_constrained_matched_geometry,11419,1,13519,6,0.9071060948537557,0.016722331142878723,0.11307668388713481,0.11307668388713481,True,False,False,7,5
PushT,jepa_wm_pusht,49,6,fidelity_constrained_matched_geometry__seed11419,fidelity_constrained_matched_geometry,11419,2,13537,6,0.47312390948816535,0.016722331142878723,0.0,0.0,True,False,True,5,5
PushT,jepa_wm_pusht,50,6,fidelity_constrained_matched_geometry__seed11419,fidelity_constrained_matched_geometry,11419,0,13501,1,3.2081326054221657,0.026574968337305327,0.6799325238708473,0.6799325238708473,True,False,False,8,1
PushT,jepa_wm_pusht,50,6,fidelity_constrained_matched_geometry__seed11419,fidelity_constrained_matched_geometry,11419,1,13519,1,2.65508371744322,0.026574968337305327,1.0,1.0,True,False,False,0,1
PushT,jepa_wm_pusht,50,6,fidelity_constrained_matched_geometry__seed11419,fidelity_constrained_matched_geometry,11419,2,13537,1,2.295757158547424,0.026574968337305327,0.932744916162424,0.932744916162424,True,False,False,9,1
PushT,jepa_wm_pusht,50,6,fidelity_constrained_matched_geometry__seed11419,fidelity_constrained_matched_geometry,11419,0,13501,3,1.0983885542059661,0.12856031447576668,0.0,0.0,True,False,True,2,2
PushT,jepa_wm_pusht,50,6,fidelity_constrained_matched_geometry__seed11419,fidelity_constrained_matched_geometry,11419,1,13519,3,1.78580504452298,0.12856031447576668,1.0,1.0,True,False,False,0,2
PushT,jepa_wm_pusht,50,6,fidelity_constrained_matched_geometry__seed11419,fidelity_constrained_matched_geometry,11419,2,13537,3,0.8654489412112389,0.12856031447576668,0.0,0.0,True,False,True,2,2
PushT,jepa_wm_pusht,50,6,fidelity_constrained_matched_geometry__seed11419,fidelity_constrained_matched_geometry,11419,0,13501,6,1.3932277220740092,0.022119626255265364,0.11176022326401269,0.11176022326401269,True,False,False,4,2
PushT,jepa_wm_pusht,50,6,fidelity_constrained_matched_geometry__seed11419,fidelity_constrained_matched_geometry,11419,1,13519,6,2.169677401767541,0.022119626255265364,0.8906714811949892,0.8906714811949892,True,False,False,0,2
PushT,jepa_wm_pusht,50,6,fidelity_constrained_matched_geometry__seed11419,fidelity_constrained_matched_geometry,11419,2,13537,6,0.9079025169641296,0.022119626255265364,0.19887118635918416,0.19887118635918416,True,False,False,1,2
PushT,jepa_wm_pusht,51,6,fidelity_constrained_matched_geometry__seed11419,fidelity_constrained_matched_geometry,11419,0,13501,1,0.7154157257542189,0.15725227350300996,0.0,0.0,True,False,True,9,9
PushT,jepa_wm_pusht,51,6,fidelity_constrained_matched_geometry__seed11419,fidelity_constrained_matched_geometry,11419,1,13519,1,2.021495904644949,0.15725227350300996,0.6974113697977925,0.6974113697977925,True,False,False,1,9
PushT,jepa_wm_pusht,51,6,fidelity_constrained_matched_geometry__seed11419,fidelity_constrained_matched_geometry,11419,2,13537,1,0.7651378343874269,0.15725227350300996,0.3905729249325504,0.3905729249325504,True,False,False,5,9
PushT,jepa_wm_pusht,51,6,fidelity_constrained_matched_geometry__seed11419,fidelity_constrained_matched_geometry,11419,0,13501,3,0.4911584429509849,0.3533778267573249,0.0,0.0,True,False,True,9,9
PushT,jepa_wm_pusht,51,6,fidelity_constrained_matched_geometry__seed11419,fidelity_constrained_matched_geometry,11419,1,13519,3,0.7279840372202603,0.3533778267573249,0.0,0.0,True,False,True,9,9
PushT,jepa_wm_pusht,51,6,fidelity_constrained_matched_geometry__seed11419,fidelity_constrained_matched_geometry,11419,2,13537,3,0.8097048941386982,0.3533778267573249,0.3533778267573249,0.3533778267573249,True,False,False,7,9
PushT,jepa_wm_pusht,51,6,fidelity_constrained_matched_geometry__seed11419,fidelity_constrained_matched_geometry,11419,0,13501,6,0.8743055058376343,0.7256929271533445,0.0,0.0,True,False,True,9,9
PushT,jepa_wm_pusht,51,6,fidelity_constrained_matched_geometry__seed11419,fidelity_constrained_matched_geometry,11419,1,13519,6,1.0566105762640114,0.7256929271533445,0.842907939437964,0.842907939437964,True,False,False,4,9
PushT,jepa_wm_pusht,51,6,fidelity_constrained_matched_geometry__seed11419,fidelity_constrained_matched_geometry,11419,2,13537,6,0.8738702377425085,0.7256929271533445,0.0,0.0,True,False,True,9,9
PushT,jepa_wm_pusht,52,6,fidelity_constrained_matched_geometry__seed11419,fidelity_constrained_matched_geometry,11419,0,13501,1,92.67334313213122,1.0,0.0,0.0,True,False,True,8,0
PushT,jepa_wm_pusht,52,6,fidelity_constrained_matched_geometry__seed11419,fidelity_constrained_matched_geometry,11419,1,13519,1,116.03833672482821,1.0,0.0,0.0,True,False,True,9,0
PushT,jepa_wm_pusht,52,6,fidelity_constrained_matched_geometry__seed11419,fidelity_constrained_matched_geometry,11419,2,13537,1,151.16347199780293,1.0,0.0,0.0,True,False,True,8,0
PushT,jepa_wm_pusht,52,6,fidelity_constrained_matched_geometry__seed11419,fidelity_constrained_matched_geometry,11419,0,13501,3,1.5971535413984956,0.13522847553569003,0.0,0.0,True,False,True,2,2
PushT,jepa_wm_pusht,52,6,fidelity_constrained_matched_geometry__seed11419,fidelity_constrained_matched_geometry,11419,1,13519,3,1.7903911022856829,0.13522847553569003,0.16532943752242021,0.16532943752242021,True,False,False,5,2
PushT,jepa_wm_pusht,52,6,fidelity_constrained_matched_geometry__seed11419,fidelity_constrained_matched_geometry,11419,2,13537,3,1.5053642186909575,0.13522847553569003,0.0,0.0,True,False,True,2,2
PushT,jepa_wm_pusht,52,6,fidelity_constrained_matched_geometry__seed11419,fidelity_constrained_matched_geometry,11419,0,13501,6,0.5737745263496654,0.16598777328898245,0.16598777328898245,0.16598777328898245,True,False,False,2,3
PushT,jepa_wm_pusht,52,6,fidelity_constrained_matched_geometry__seed11419,fidelity_constrained_matched_geometry,11419,1,13519,6,1.0913105339067861,0.16598777328898245,0.0,0.0,True,False,True,3,3
PushT,jepa_wm_pusht,52,6,fidelity_constrained_matched_geometry__seed11419,fidelity_constrained_matched_geometry,11419,2,13537,6,0.981006682522546,0.16598777328898245,0.0,0.0,True,False,True,3,3
PushT,jepa_wm_pusht,53,6,fidelity_constrained_matched_geometry__seed11419,fidelity_constrained_matched_geometry,11419,0,13501,1,0.9064546488695128,0.014162641733778705,0.08395759494435326,0.08395759494435326,True,False,False,0,9
PushT,jepa_wm_pusht,53,6,fidelity_constrained_matched_geometry__seed11419,fidelity_constrained_matched_geometry,11419,1,13519,1,1.571836565478981,0.014162641733778705,0.08395759494435326,0.08395759494435326,True,False,False,0,9
PushT,jepa_wm_pusht,53,6,fidelity_constrained_matched_geometry__seed11419,fidelity_constrained_matched_geometry,11419,2,13537,1,1.899924614161399,0.014162641733778705,0.056336870443013255,0.056336870443013255,True,False,False,5,9
PushT,jepa_wm_pusht,53,6,fidelity_constrained_matched_geometry__seed11419,fidelity_constrained_matched_geometry,11419,0,13501,3,0.9866183514587018,0.02265841164096627,0.0,0.0,True,False,True,5,5
PushT,jepa_wm_pusht,53,6,fidelity_constrained_matched_geometry__seed11419,fidelity_constrained_matched_geometry,11419,1,13519,3,0.5754168855477367,0.02265841164096627,0.1108930579907744,0.1108930579907744,True,False,False,7,5
PushT,jepa_wm_pusht,53,6,fidelity_constrained_matched_geometry__seed11419,fidelity_constrained_matched_geometry,11419,2,13537,3,0.6175813121239149,0.02265841164096627,0.02265841164096627,0.02265841164096627,True,False,False,2,5
PushT,jepa_wm_pusht,53,6,fidelity_constrained_matched_geometry__seed11419,fidelity_constrained_matched_geometry,11419,0,13501,6,0.5858770791526942,0.011334226738608197,0.13701363728632635,0.13701363728632635,True,False,False,4,5
PushT,jepa_wm_pusht,53,6,fidelity_constrained_matched_geometry__seed11419,fidelity_constrained_matched_geometry,11419,1,13519,6,1.0473347704085567,0.011334226738608197,0.09295638934975486,0.09295638934975486,True,False,False,7,5
PushT,jepa_wm_pusht,53,6,fidelity_constrained_matched_geometry__seed11419,fidelity_constrained_matched_geometry,11419,2,13537,6,0.6854490871916203,0.011334226738608197,0.11645392932375082,0.11645392932375082,True,False,False,1,5
PushT,jepa_wm_pusht,54,6,fidelity_constrained_matched_geometry__seed11419,fidelity_constrained_matched_geometry,11419,0,13501,1,1.0729175878732016,0.10298439972869093,0.274829989886387,0.274829989886387,True,False,False,6,4
PushT,jepa_wm_pusht,54,6,fidelity_constrained_matched_geometry__seed11419,fidelity_constrained_matched_geometry,11419,1,13519,1,2.557189450058019,0.10298439972869093,0.5144474869020803,0.5144474869020803,True,False,False,7,4
PushT,jepa_wm_pusht,54,6,fidelity_constrained_matched_geometry__seed11419,fidelity_constrained_matched_geometry,11419,2,13537,1,1.692494697198182,0.10298439972869093,0.7609758752648195,0.7609758752648195,True,False,False,8,4
PushT,jepa_wm_pusht,54,6,fidelity_constrained_matched_geometry__seed11419,fidelity_constrained_matched_geometry,11419,0,13501,3,1.0547459935439492,0.1412244470232876,0.26008540625048937,0.26008540625048937,True,False,False,2,4
PushT,jepa_wm_pusht,54,6,fidelity_constrained_matched_geometry__seed11419,fidelity_constrained_matched_geometry,11419,1,13519,3,1.3625443630412872,0.1412244470232876,0.26008540625048937,0.26008540625048937,True,False,False,2,4
PushT,jepa_wm_pusht,54,6,fidelity_constrained_matched_geometry__seed11419,fidelity_constrained_matched_geometry,11419,2,13537,3,0.7578418888900023,0.1412244470232876,0.26008540625048937,0.26008540625048937,True,False,False,2,4
PushT,jepa_wm_pusht,54,6,fidelity_constrained_matched_geometry__seed11419,fidelity_constrained_matched_geometry,11419,0,13501,6,1.7473374345160804,0.1005509547744337,0.46559384033378,0.46559384033378,True,False,False,2,4
PushT,jepa_wm_pusht,54,6,fidelity_constrained_matched_geometry__seed11419,fidelity_constrained_matched_geometry,11419,1,13519,6,1.761802965118847,0.1005509547744337,0.46559384033378,0.46559384033378,True,False,False,2,4
PushT,jepa_wm_pusht,54,6,fidelity_constrained_matched_geometry__seed11419,fidelity_constrained_matched_geometry,11419,2,13537,6,1.6187277310100592,0.1005509547744337,0.0,0.0,True,False,True,4,4
PushT,jepa_wm_pusht,55,6,fidelity_constrained_matched_geometry__seed11419,fidelity_constrained_matched_geometry,11419,0,13501,1,6.263181234067381,1.0,1.0,1.0,True,False,False,6,0
PushT,jepa_wm_pusht,55,6,fidelity_constrained_matched_geometry__seed11419,fidelity_constrained_matched_geometry,11419,1,13519,1,12.040666667790056,1.0,0.0,0.0,True,False,True,8,0
PushT,jepa_wm_pusht,55,6,fidelity_constrained_matched_geometry__seed11419,fidelity_constrained_matched_geometry,11419,2,13537,1,4.827509364145481,1.0,0.0,0.0,True,False,True,1,0
PushT,jepa_wm_pusht,55,6,fidelity_constrained_matched_geometry__seed11419,fidelity_constrained_matched_geometry,11419,0,13501,3,1.330255036939328,0.031059595022704112,0.0,0.0,True,False,True,8,8
PushT,jepa_wm_pusht,55,6,fidelity_constrained_matched_geometry__seed11419,fidelity_constrained_matched_geometry,11419,1,13519,3,2.2932861551525683,0.031059595022704112,1.0,1.0,True,False,False,6,8
PushT,jepa_wm_pusht,55,6,fidelity_constrained_matched_geometry__seed11419,fidelity_constrained_matched_geometry,11419,2,13537,3,1.3524795191875345,0.031059595022704112,0.5069549095951416,0.5069549095951416,True,False,False,4,8
PushT,jepa_wm_pusht,55,6,fidelity_constrained_matched_geometry__seed11419,fidelity_constrained_matched_geometry,11419,0,13501,6,1.5716238380455392,0.15704590216781106,1.0,1.0,True,False,False,6,3
PushT,jepa_wm_pusht,55,6,fidelity_constrained_matched_geometry__seed11419,fidelity_constrained_matched_geometry,11419,1,13519,6,1.2844274800484956,0.15704590216781106,0.15704590216781106,0.15704590216781106,True,False,False,2,3
PushT,jepa_wm_pusht,55,6,fidelity_constrained_matched_geometry__seed11419,fidelity_constrained_matched_geometry,11419,2,13537,6,1.6849454635974916,0.15704590216781106,1.0,1.0,True,False,False,6,3
PushT,jepa_wm_pusht,8,1,fidelity_constrained_latent_only__seed11437,fidelity_constrained_latent_only,11437,0,13501,1,3.1773000285659654,0.01282478008355127,0.6955643107020344,0.6955643107020344,True,False,False,9,1
PushT,jepa_wm_pusht,8,1,fidelity_constrained_latent_only__seed11437,fidelity_constrained_latent_only,11437,1,13519,1,1.5363451240569854,0.01282478008355127,0.28610195971877866,0.28610195971877866,True,False,False,8,1
PushT,jepa_wm_pusht,8,1,fidelity_constrained_latent_only__seed11437,fidelity_constrained_latent_only,11437,2,13537,1,6.258362467689859,0.01282478008355127,0.28610195971877866,0.28610195971877866,True,False,False,8,1
PushT,jepa_wm_pusht,8,1,fidelity_constrained_latent_only__seed11437,fidelity_constrained_latent_only,11437,0,13501,3,3.012469963148305,0.008427652349288942,1.0,1.0,True,False,False,8,6
PushT,jepa_wm_pusht,8,1,fidelity_constrained_latent_only__seed11437,fidelity_constrained_latent_only,11437,1,13519,3,2.155533468079689,0.008427652349288942,0.0,0.0,True,False,True,6,6
PushT,jepa_wm_pusht,8,1,fidelity_constrained_latent_only__seed11437,fidelity_constrained_latent_only,11437,2,13537,3,2.1708040894411305,0.008427652349288942,1.0,1.0,True,False,False,8,6
PushT,jepa_wm_pusht,8,1,fidelity_constrained_latent_only__seed11437,fidelity_constrained_latent_only,11437,0,13501,6,1.712732905465342,0.06182193572814055,0.30387846662727663,0.30387846662727663,True,False,False,2,1
PushT,jepa_wm_pusht,8,1,fidelity_constrained_latent_only__seed11437,fidelity_constrained_latent_only,11437,1,13519,6,2.1581945553076567,0.06182193572814055,1.0,1.0,True,False,False,3,1
PushT,jepa_wm_pusht,8,1,fidelity_constrained_latent_only__seed11437,fidelity_constrained_latent_only,11437,2,13537,6,0.9134274899670255,0.06182193572814055,0.32844684597278534,0.32844684597278534,True,False,False,5,1
PushT,jepa_wm_pusht,9,1,fidelity_constrained_latent_only__seed11437,fidelity_constrained_latent_only,11437,0,13501,1,4.187894212615451,0.36553473865706543,0.0,0.0,True,False,True,0,0
PushT,jepa_wm_pusht,9,1,fidelity_constrained_latent_only__seed11437,fidelity_constrained_latent_only,11437,1,13519,1,5.019036090128244,0.36553473865706543,0.8274135674934155,0.8274135674934155,True,False,False,7,0
PushT,jepa_wm_pusht,9,1,fidelity_constrained_latent_only__seed11437,fidelity_constrained_latent_only,11437,2,13537,1,3.9641826683434895,0.36553473865706543,0.0,0.0,True,False,True,0,0
PushT,jepa_wm_pusht,9,1,fidelity_constrained_latent_only__seed11437,fidelity_constrained_latent_only,11437,0,13501,3,1.167138733759006,0.09345141081727452,0.2415867066316891,0.2415867066316891,True,False,False,5,2
PushT,jepa_wm_pusht,9,1,fidelity_constrained_latent_only__seed11437,fidelity_constrained_latent_only,11437,1,13519,3,2.5926092198882476,0.09345141081727452,0.0,0.0,True,False,True,2,2
PushT,jepa_wm_pusht,9,1,fidelity_constrained_latent_only__seed11437,fidelity_constrained_latent_only,11437,2,13537,3,1.7807538925060886,0.09345141081727452,0.2415867066316891,0.2415867066316891,True,False,False,5,2
PushT,jepa_wm_pusht,9,1,fidelity_constrained_latent_only__seed11437,fidelity_constrained_latent_only,11437,0,13501,6,1.2904531403040072,0.0838834477847104,1.0,1.0,True,False,False,9,3
PushT,jepa_wm_pusht,9,1,fidelity_constrained_latent_only__seed11437,fidelity_constrained_latent_only,11437,1,13519,6,1.9374142884249075,0.0838834477847104,1.0,1.0,True,False,False,9,3
PushT,jepa_wm_pusht,9,1,fidelity_constrained_latent_only__seed11437,fidelity_constrained_latent_only,11437,2,13537,6,1.3502706243448714,0.0838834477847104,0.27893426755596323,0.27893426755596323,True,False,False,5,3
PushT,jepa_wm_pusht,10,1,fidelity_constrained_latent_only__seed11437,fidelity_constrained_latent_only,11437,0,13501,1,0.9701403598915294,0.12049358852617963,0.0,0.0,True,False,True,1,1
PushT,jepa_wm_pusht,10,1,fidelity_constrained_latent_only__seed11437,fidelity_constrained_latent_only,11437,1,13519,1,1.4415649568188693,0.12049358852617963,0.620166319521398,0.620166319521398,True,False,False,6,1
PushT,jepa_wm_pusht,10,1,fidelity_constrained_latent_only__seed11437,fidelity_constrained_latent_only,11437,2,13537,1,0.8747573987468386,0.12049358852617963,0.12049358852617963,0.12049358852617963,True,False,False,4,1
PushT,jepa_wm_pusht,10,1,fidelity_constrained_latent_only__seed11437,fidelity_constrained_latent_only,11437,0,13501,3,3.771646368146797,0.1030047197118212,0.0,0.0,True,False,True,6,6
PushT,jepa_wm_pusht,10,1,fidelity_constrained_latent_only__seed11437,fidelity_constrained_latent_only,11437,1,13519,3,1.7467072870369276,0.1030047197118212,0.1030047197118212,0.1030047197118212,True,False,False,4,6
PushT,jepa_wm_pusht,10,1,fidelity_constrained_latent_only__seed11437,fidelity_constrained_latent_only,11437,2,13537,3,1.6629258673521312,0.1030047197118212,0.1030047197118212,0.1030047197118212,True,False,False,4,6
PushT,jepa_wm_pusht,10,1,fidelity_constrained_latent_only__seed11437,fidelity_constrained_latent_only,11437,0,13501,6,2.522790389680484,0.2310393760683955,0.2310393760683955,0.2310393760683955,True,False,False,4,6
PushT,jepa_wm_pusht,10,1,fidelity_constrained_latent_only__seed11437,fidelity_constrained_latent_only,11437,1,13519,6,2.3259540902876363,0.2310393760683955,0.6789019354624969,0.6789019354624969,True,False,False,3,6
PushT,jepa_wm_pusht,10,1,fidelity_constrained_latent_only__seed11437,fidelity_constrained_latent_only,11437,2,13537,6,1.9205293335011513,0.2310393760683955,0.6789019354624969,0.6789019354624969,True,False,False,2,6
PushT,jepa_wm_pusht,11,1,fidelity_constrained_latent_only__seed11437,fidelity_constrained_latent_only,11437,0,13501,1,5.0994705451503926,0.41336878890994966,0.49698986494663716,0.49698986494663716,True,False,False,8,7
PushT,jepa_wm_pusht,11,1,fidelity_constrained_latent_only__seed11437,fidelity_constrained_latent_only,11437,1,13519,1,2.466017228893201,0.41336878890994966,0.6306193291317473,0.6306193291317473,True,False,False,4,7
PushT,jepa_wm_pusht,11,1,fidelity_constrained_latent_only__seed11437,fidelity_constrained_latent_only,11437,2,13537,1,3.8158604974655668,0.41336878890994966,0.46780244700234286,0.46780244700234286,True,False,False,9,7
PushT,jepa_wm_pusht,11,1,fidelity_constrained_latent_only__seed11437,fidelity_constrained_latent_only,11437,0,13501,3,0.8048447160187504,0.2748698300443903,0.2748698300443903,0.2748698300443903,True,False,False,8,6
PushT,jepa_wm_pusht,11,1,fidelity_constrained_latent_only__seed11437,fidelity_constrained_latent_only,11437,1,13519,3,0.6993562786436615,0.2748698300443903,0.0,0.0,True,False,True,6,6
PushT,jepa_wm_pusht,11,1,fidelity_constrained_latent_only__seed11437,fidelity_constrained_latent_only,11437,2,13537,3,1.098696348958813,0.2748698300443903,0.0,0.0,True,False,True,6,6
PushT,jepa_wm_pusht,11,1,fidelity_constrained_latent_only__seed11437,fidelity_constrained_latent_only,11437,0,13501,6,1.4063895402721915,0.2434864252420023,0.0,0.0,True,False,True,6,6
PushT,jepa_wm_pusht,11,1,fidelity_constrained_latent_only__seed11437,fidelity_constrained_latent_only,11437,1,13519,6,1.4951842619290523,0.2434864252420023,0.0,0.0,True,False,True,6,6
PushT,jepa_wm_pusht,11,1,fidelity_constrained_latent_only__seed11437,fidelity_constrained_latent_only,11437,2,13537,6,0.945227151148037,0.2434864252420023,0.0,0.0,True,False,True,6,6
PushT,jepa_wm_pusht,12,1,fidelity_constrained_latent_only__seed11437,fidelity_constrained_latent_only,11437,0,13501,1,1.2111022262550202,0.09450672487896075,0.30421178027634105,0.30421178027634105,True,False,False,1,6
PushT,jepa_wm_pusht,12,1,fidelity_constrained_latent_only__seed11437,fidelity_constrained_latent_only,11437,1,13519,1,1.6021116566290925,0.09450672487896075,0.8207654932996075,0.8207654932996075,True,False,False,0,6
PushT,jepa_wm_pusht,12,1,fidelity_constrained_latent_only__seed11437,fidelity_constrained_latent_only,11437,2,13537,1,3.1555962153739707,0.09450672487896075,0.8864419510504964,0.8864419510504964,True,False,False,7,6
PushT,jepa_wm_pusht,12,1,fidelity_constrained_latent_only__seed11437,fidelity_constrained_latent_only,11437,0,13501,3,1.2398884998523905,0.05556742065693472,0.0,0.0,True,False,True,4,4
PushT,jepa_wm_pusht,12,1,fidelity_constrained_latent_only__seed11437,fidelity_constrained_latent_only,11437,1,13519,3,1.2365648172716934,0.05556742065693472,0.09847152877843415,0.09847152877843415,True,False,False,2,4
PushT,jepa_wm_pusht,12,1,fidelity_constrained_latent_only__seed11437,fidelity_constrained_latent_only,11437,2,13537,3,1.3489111930874855,0.05556742065693472,0.09847152877843415,0.09847152877843415,True,False,False,2,4
PushT,jepa_wm_pusht,12,1,fidelity_constrained_latent_only__seed11437,fidelity_constrained_latent_only,11437,0,13501,6,1.045857443449918,0.01885074951463251,0.0,0.0,True,False,True,2,2
PushT,jepa_wm_pusht,12,1,fidelity_constrained_latent_only__seed11437,fidelity_constrained_latent_only,11437,1,13519,6,1.1094741525381562,0.01885074951463251,0.0,0.0,True,False,True,2,2
PushT,jepa_wm_pusht,12,1,fidelity_constrained_latent_only__seed11437,fidelity_constrained_latent_only,11437,2,13537,6,1.1890591002979174,0.01885074951463251,0.01885074951463251,0.01885074951463251,True,False,False,4,2
PushT,jepa_wm_pusht,13,1,fidelity_constrained_latent_only__seed11437,fidelity_constrained_latent_only,11437,0,13501,1,1.4425958770224818,0.05717193711490079,0.7753823480956951,0.7753823480956951,True,False,False,7,6
PushT,jepa_wm_pusht,13,1,fidelity_constrained_latent_only__seed11437,fidelity_constrained_latent_only,11437,1,13519,1,2.022634883307335,0.05717193711490079,1.0,1.0,True,False,False,9,6
PushT,jepa_wm_pusht,13,1,fidelity_constrained_latent_only__seed11437,fidelity_constrained_latent_only,11437,2,13537,1,3.603302900725423,0.05717193711490079,1.0,1.0,True,False,False,9,6
PushT,jepa_wm_pusht,13,1,fidelity_constrained_latent_only__seed11437,fidelity_constrained_latent_only,11437,0,13501,3,0.8727303234363077,0.0161718104917741,0.0161718104917741,0.0161718104917741,True,False,False,4,2
PushT,jepa_wm_pusht,13,1,fidelity_constrained_latent_only__seed11437,fidelity_constrained_latent_only,11437,1,13519,3,1.0476766783098272,0.0161718104917741,0.0,0.0,True,False,True,2,2
PushT,jepa_wm_pusht,13,1,fidelity_constrained_latent_only__seed11437,fidelity_constrained_latent_only,11437,2,13537,3,1.3282333039694012,0.0161718104917741,0.0161718104917741,0.0161718104917741,True,False,False,4,2
PushT,jepa_wm_pusht,13,1,fidelity_constrained_latent_only__seed11437,fidelity_constrained_latent_only,11437,0,13501,6,0.9630715841893488,0.05290481855690444,0.05290481855690444,0.05290481855690444,True,False,False,4,2
PushT,jepa_wm_pusht,13,1,fidelity_constrained_latent_only__seed11437,fidelity_constrained_latent_only,11437,1,13519,6,0.8913905525643421,0.05290481855690444,0.0,0.0,True,False,True,2,2
PushT,jepa_wm_pusht,13,1,fidelity_constrained_latent_only__seed11437,fidelity_constrained_latent_only,11437,2,13537,6,1.1069590699486187,0.05290481855690444,0.38537176163888476,0.38537176163888476,True,False,False,3,2
PushT,jepa_wm_pusht,14,1,fidelity_constrained_latent_only__seed11437,fidelity_constrained_latent_only,11437,0,13501,1,19212.332103385314,inf,0.0,0.0,True,False,True,7,0
PushT,jepa_wm_pusht,14,1,fidelity_constrained_latent_only__seed11437,fidelity_constrained_latent_only,11437,1,13519,1,27887.75280173083,inf,0.0,0.0,True,False,True,7,0
PushT,jepa_wm_pusht,14,1,fidelity_constrained_latent_only__seed11437,fidelity_constrained_latent_only,11437,2,13537,1,45239.99040619904,inf,0.0,0.0,True,False,True,1,0
PushT,jepa_wm_pusht,14,1,fidelity_constrained_latent_only__seed11437,fidelity_constrained_latent_only,11437,0,13501,3,1.3074658807445085,0.22439910568143512,0.22439910568143512,0.22439910568143512,True,False,False,5,2
PushT,jepa_wm_pusht,14,1,fidelity_constrained_latent_only__seed11437,fidelity_constrained_latent_only,11437,1,13519,3,1.5279664848263423,0.22439910568143512,0.0,0.0,True,False,True,2,2
PushT,jepa_wm_pusht,14,1,fidelity_constrained_latent_only__seed11437,fidelity_constrained_latent_only,11437,2,13537,3,1.6127334965980804,0.22439910568143512,0.8251746488970769,0.8251746488970769,True,False,False,4,2
PushT,jepa_wm_pusht,14,1,fidelity_constrained_latent_only__seed11437,fidelity_constrained_latent_only,11437,0,13501,6,0.7354139234803755,0.10985312473301036,0.0,0.0,True,False,True,2,2
PushT,jepa_wm_pusht,14,1,fidelity_constrained_latent_only__seed11437,fidelity_constrained_latent_only,11437,1,13519,6,0.8291132703882824,0.10985312473301036,0.0,0.0,True,False,True,2,2
PushT,jepa_wm_pusht,14,1,fidelity_constrained_latent_only__seed11437,fidelity_constrained_latent_only,11437,2,13537,6,0.6831045124659665,0.10985312473301036,0.0,0.0,True,False,True,2,2
PushT,jepa_wm_pusht,15,1,fidelity_constrained_latent_only__seed11437,fidelity_constrained_latent_only,11437,0,13501,1,72596.29380745238,inf,0.0,0.0,True,False,True,7,0
PushT,jepa_wm_pusht,15,1,fidelity_constrained_latent_only__seed11437,fidelity_constrained_latent_only,11437,1,13519,1,28776.865145051797,inf,0.0,0.0,True,False,True,4,0
PushT,jepa_wm_pusht,15,1,fidelity_constrained_latent_only__seed11437,fidelity_constrained_latent_only,11437,2,13537,1,38885.401021496,inf,0.0,0.0,True,False,True,4,0
PushT,jepa_wm_pusht,15,1,fidelity_constrained_latent_only__seed11437,fidelity_constrained_latent_only,11437,0,13501,3,1.7374914315187533,0.3147370809376674,0.0,0.0,True,False,True,2,2
PushT,jepa_wm_pusht,15,1,fidelity_constrained_latent_only__seed11437,fidelity_constrained_latent_only,11437,1,13519,3,0.432570448286815,0.3147370809376674,0.0,0.0,True,False,True,2,2
PushT,jepa_wm_pusht,15,1,fidelity_constrained_latent_only__seed11437,fidelity_constrained_latent_only,11437,2,13537,3,1.0491809245200656,0.3147370809376674,0.0,0.0,True,False,True,2,2
PushT,jepa_wm_pusht,15,1,fidelity_constrained_latent_only__seed11437,fidelity_constrained_latent_only,11437,0,13501,6,0.9876680916093944,0.04855924422800973,0.0,0.0,True,False,True,3,3
PushT,jepa_wm_pusht,15,1,fidelity_constrained_latent_only__seed11437,fidelity_constrained_latent_only,11437,1,13519,6,0.5653651088899622,0.04855924422800973,0.0,0.0,True,False,True,3,3
PushT,jepa_wm_pusht,15,1,fidelity_constrained_latent_only__seed11437,fidelity_constrained_latent_only,11437,2,13537,6,0.9890526897850291,0.04855924422800973,0.0,0.0,True,False,True,3,3
PushT,jepa_wm_pusht,16,2,fidelity_constrained_latent_only__seed11437,fidelity_constrained_latent_only,11437,0,13501,1,0.6233875167354462,0.04667333317829818,0.0,0.0,True,False,True,4,4
PushT,jepa_wm_pusht,16,2,fidelity_constrained_latent_only__seed11437,fidelity_constrained_latent_only,11437,1,13519,1,1.110397482921056,0.04667333317829818,0.04667333317829818,0.04667333317829818,True,False,False,6,4
PushT,jepa_wm_pusht,16,2,fidelity_constrained_latent_only__seed11437,fidelity_constrained_latent_only,11437,2,13537,1,1.3152734256948015,0.04667333317829818,0.04667333317829818,0.04667333317829818,True,False,False,6,4
PushT,jepa_wm_pusht,16,2,fidelity_constrained_latent_only__seed11437,fidelity_constrained_latent_only,11437,0,13501,3,0.7909444027374324,0.32628899571658077,0.32628899571658077,0.32628899571658077,True,False,False,4,6
PushT,jepa_wm_pusht,16,2,fidelity_constrained_latent_only__seed11437,fidelity_constrained_latent_only,11437,1,13519,3,1.534617296715599,0.32628899571658077,0.32628899571658077,0.32628899571658077,True,False,False,4,6
PushT,jepa_wm_pusht,16,2,fidelity_constrained_latent_only__seed11437,fidelity_constrained_latent_only,11437,2,13537,3,0.9391866446800138,0.32628899571658077,0.0,0.0,True,False,True,6,6
PushT,jepa_wm_pusht,16,2,fidelity_constrained_latent_only__seed11437,fidelity_constrained_latent_only,11437,0,13501,6,1.0396656189823568,0.3019145847229555,0.0,0.0,True,False,True,6,6
PushT,jepa_wm_pusht,16,2,fidelity_constrained_latent_only__seed11437,fidelity_constrained_latent_only,11437,1,13519,6,1.1668138973805517,0.3019145847229555,0.3314622338329956,0.3314622338329956,True,False,False,8,6
PushT,jepa_wm_pusht,16,2,fidelity_constrained_latent_only__seed11437,fidelity_constrained_latent_only,11437,2,13537,6,0.8177091017319902,0.3019145847229555,0.0,0.0,True,False,True,6,6
PushT,jepa_wm_pusht,17,2,fidelity_constrained_latent_only__seed11437,fidelity_constrained_latent_only,11437,0,13501,1,40477.8121028261,inf,0.0,0.0,True,False,True,6,0
PushT,jepa_wm_pusht,17,2,fidelity_constrained_latent_only__seed11437,fidelity_constrained_latent_only,11437,1,13519,1,50298.43347647799,inf,0.0,0.0,True,False,True,6,0
PushT,jepa_wm_pusht,17,2,fidelity_constrained_latent_only__seed11437,fidelity_constrained_latent_only,11437,2,13537,1,53109.00284361065,inf,0.0,0.0,True,False,True,6,0
PushT,jepa_wm_pusht,17,2,fidelity_constrained_latent_only__seed11437,fidelity_constrained_latent_only,11437,0,13501,3,1.3981535817661375,0.14967206398860944,0.5789271149086822,0.5789271149086822,True,False,False,4,2
PushT,jepa_wm_pusht,17,2,fidelity_constrained_latent_only__seed11437,fidelity_constrained_latent_only,11437,1,13519,3,1.8934951488480039,0.14967206398860944,0.0,0.0,True,False,True,2,2
PushT,jepa_wm_pusht,17,2,fidelity_constrained_latent_only__seed11437,fidelity_constrained_latent_only,11437,2,13537,3,1.303937798790289,0.14967206398860944,0.6032872167889128,0.6032872167889128,True,False,False,8,2
PushT,jepa_wm_pusht,17,2,fidelity_constrained_latent_only__seed11437,fidelity_constrained_latent_only,11437,0,13501,6,0.6709813482008249,0.27989109651126526,0.0,0.0,True,False,True,3,3
PushT,jepa_wm_pusht,17,2,fidelity_constrained_latent_only__seed11437,fidelity_constrained_latent_only,11437,1,13519,6,1.1602032632833945,0.27989109651126526,0.0,0.0,True,False,True,3,3
PushT,jepa_wm_pusht,17,2,fidelity_constrained_latent_only__seed11437,fidelity_constrained_latent_only,11437,2,13537,6,1.0970359357188353,0.27989109651126526,0.0,0.0,True,False,True,3,3
PushT,jepa_wm_pusht,18,2,fidelity_constrained_latent_only__seed11437,fidelity_constrained_latent_only,11437,0,13501,1,24104.40864658244,inf,0.0,0.0,True,False,True,6,0
PushT,jepa_wm_pusht,18,2,fidelity_constrained_latent_only__seed11437,fidelity_constrained_latent_only,11437,1,13519,1,27870.4540009766,inf,0.0,0.0,True,False,True,8,0
PushT,jepa_wm_pusht,18,2,fidelity_constrained_latent_only__seed11437,fidelity_constrained_latent_only,11437,2,13537,1,74151.50939505297,inf,0.0,0.0,True,False,True,9,0
PushT,jepa_wm_pusht,18,2,fidelity_constrained_latent_only__seed11437,fidelity_constrained_latent_only,11437,0,13501,3,1.6516914640047105,0.27850140655302486,0.44201480759003287,0.44201480759003287,True,False,False,5,2
PushT,jepa_wm_pusht,18,2,fidelity_constrained_latent_only__seed11437,fidelity_constrained_latent_only,11437,1,13519,3,1.9882158212161036,0.27850140655302486,1.0,1.0,True,False,False,7,2
PushT,jepa_wm_pusht,18,2,fidelity_constrained_latent_only__seed11437,fidelity_constrained_latent_only,11437,2,13537,3,2.110434246705841,0.27850140655302486,0.44201480759003287,0.44201480759003287,True,False,False,5,2
PushT,jepa_wm_pusht,18,2,fidelity_constrained_latent_only__seed11437,fidelity_constrained_latent_only,11437,0,13501,6,0.9348198770788916,0.045141008814957334,0.0,0.0,True,False,True,2,2
PushT,jepa_wm_pusht,18,2,fidelity_constrained_latent_only__seed11437,fidelity_constrained_latent_only,11437,1,13519,6,1.5988426344980626,0.045141008814957334,1.0,1.0,True,False,False,7,2
PushT,jepa_wm_pusht,18,2,fidelity_constrained_latent_only__seed11437,fidelity_constrained_latent_only,11437,2,13537,6,1.241691467024378,0.045141008814957334,0.36289437302384253,0.36289437302384253,True,False,False,5,2
PushT,jepa_wm_pusht,19,2,fidelity_constrained_latent_only__seed11437,fidelity_constrained_latent_only,11437,0,13501,1,5.318140182825491,0.30581859652833554,0.30581859652833554,0.30581859652833554,True,False,False,9,7
PushT,jepa_wm_pusht,19,2,fidelity_constrained_latent_only__seed11437,fidelity_constrained_latent_only,11437,1,13519,1,4.443838461136355,0.30581859652833554,0.7032907354635126,0.7032907354635126,True,False,False,5,7
PushT,jepa_wm_pusht,19,2,fidelity_constrained_latent_only__seed11437,fidelity_constrained_latent_only,11437,2,13537,1,4.365043905473716,0.30581859652833554,0.30581859652833554,0.30581859652833554,True,False,False,9,7
PushT,jepa_wm_pusht,19,2,fidelity_constrained_latent_only__seed11437,fidelity_constrained_latent_only,11437,0,13501,3,2.4677020054055223,0.08549327156519568,0.0,0.0,True,False,True,7,7
PushT,jepa_wm_pusht,19,2,fidelity_constrained_latent_only__seed11437,fidelity_constrained_latent_only,11437,1,13519,3,1.084709143267343,0.08549327156519568,0.0,0.0,True,False,True,7,7
PushT,jepa_wm_pusht,19,2,fidelity_constrained_latent_only__seed11437,fidelity_constrained_latent_only,11437,2,13537,3,1.8675046145246914,0.08549327156519568,0.840133628508192,0.840133628508192,True,False,False,9,7
PushT,jepa_wm_pusht,19,2,fidelity_constrained_latent_only__seed11437,fidelity_constrained_latent_only,11437,0,13501,6,2.52224601173913,0.05206520357815755,0.0,0.0,True,False,True,5,5
PushT,jepa_wm_pusht,19,2,fidelity_constrained_latent_only__seed11437,fidelity_constrained_latent_only,11437,1,13519,6,2.1228972903071663,0.05206520357815755,0.0,0.0,True,False,True,5,5
PushT,jepa_wm_pusht,19,2,fidelity_constrained_latent_only__seed11437,fidelity_constrained_latent_only,11437,2,13537,6,2.285119487713883,0.05206520357815755,0.05206520357815755,0.05206520357815755,True,False,False,7,5
PushT,jepa_wm_pusht,20,2,fidelity_constrained_latent_only__seed11437,fidelity_constrained_latent_only,11437,0,13501,1,1.6602156871297866,0.071849549171498,0.071849549171498,0.071849549171498,True,False,False,6,8
PushT,jepa_wm_pusht,20,2,fidelity_constrained_latent_only__seed11437,fidelity_constrained_latent_only,11437,1,13519,1,1.7858162874791301,0.071849549171498,0.7957935685153475,0.7957935685153475,True,False,False,5,8
PushT,jepa_wm_pusht,20,2,fidelity_constrained_latent_only__seed11437,fidelity_constrained_latent_only,11437,2,13537,1,2.5100952008291335,0.071849549171498,0.0,0.0,True,False,True,8,8
PushT,jepa_wm_pusht,20,2,fidelity_constrained_latent_only__seed11437,fidelity_constrained_latent_only,11437,0,13501,3,1.224394689762684,0.06837919317243876,0.06837919317243876,0.06837919317243876,True,False,False,6,8
PushT,jepa_wm_pusht,20,2,fidelity_constrained_latent_only__seed11437,fidelity_constrained_latent_only,11437,1,13519,3,2.098059118827072,0.06837919317243876,0.6926795848253594,0.6926795848253594,True,False,False,2,8
PushT,jepa_wm_pusht,20,2,fidelity_constrained_latent_only__seed11437,fidelity_constrained_latent_only,11437,2,13537,3,1.5642052310562808,0.06837919317243876,0.06837919317243876,0.06837919317243876,True,False,False,6,8
PushT,jepa_wm_pusht,20,2,fidelity_constrained_latent_only__seed11437,fidelity_constrained_latent_only,11437,0,13501,6,1.7261145029884943,0.056057307459408214,0.4219198098666871,0.4219198098666871,True,False,False,2,8
PushT,jepa_wm_pusht,20,2,fidelity_constrained_latent_only__seed11437,fidelity_constrained_latent_only,11437,1,13519,6,2.04692177455859,0.056057307459408214,1.0,1.0,True,False,False,3,8
PushT,jepa_wm_pusht,20,2,fidelity_constrained_latent_only__seed11437,fidelity_constrained_latent_only,11437,2,13537,6,1.841955218399609,0.056057307459408214,1.0,1.0,True,False,False,3,8
PushT,jepa_wm_pusht,21,2,fidelity_constrained_latent_only__seed11437,fidelity_constrained_latent_only,11437,0,13501,1,55314.51664902732,inf,0.0,0.0,True,False,True,9,0
PushT,jepa_wm_pusht,21,2,fidelity_constrained_latent_only__seed11437,fidelity_constrained_latent_only,11437,1,13519,1,40532.585888766494,inf,0.0,0.0,True,False,True,4,0
PushT,jepa_wm_pusht,21,2,fidelity_constrained_latent_only__seed11437,fidelity_constrained_latent_only,11437,2,13537,1,42233.05692492549,inf,0.0,0.0,True,False,True,0,0
PushT,jepa_wm_pusht,21,2,fidelity_constrained_latent_only__seed11437,fidelity_constrained_latent_only,11437,0,13501,3,2.148536333552002,0.10022651401688715,0.10022651401688715,0.10022651401688715,True,False,False,5,2
PushT,jepa_wm_pusht,21,2,fidelity_constrained_latent_only__seed11437,fidelity_constrained_latent_only,11437,1,13519,3,3.2148324340594194,0.10022651401688715,0.45436799300297653,0.45436799300297653,True,False,False,1,2
PushT,jepa_wm_pusht,21,2,fidelity_constrained_latent_only__seed11437,fidelity_constrained_latent_only,11437,2,13537,3,3.7210611264784923,0.10022651401688715,0.6588348079990693,0.6588348079990693,True,False,False,8,2
PushT,jepa_wm_pusht,21,2,fidelity_constrained_latent_only__seed11437,fidelity_constrained_latent_only,11437,0,13501,6,0.7987224079705366,0.32957479347041385,0.0,0.0,True,False,True,3,3
PushT,jepa_wm_pusht,21,2,fidelity_constrained_latent_only__seed11437,fidelity_constrained_latent_only,11437,1,13519,6,0.8966053236943005,0.32957479347041385,0.0,0.0,True,False,True,3,3
PushT,jepa_wm_pusht,21,2,fidelity_constrained_latent_only__seed11437,fidelity_constrained_latent_only,11437,2,13537,6,1.0690200923038218,0.32957479347041385,0.0,0.0,True,False,True,3,3
PushT,jepa_wm_pusht,22,2,fidelity_constrained_latent_only__seed11437,fidelity_constrained_latent_only,11437,0,13501,1,71.8365200514552,1.0,1.0,1.0,True,False,False,0,6
PushT,jepa_wm_pusht,22,2,fidelity_constrained_latent_only__seed11437,fidelity_constrained_latent_only,11437,1,13519,1,77.46652886040778,1.0,1.0,1.0,True,False,False,4,6
PushT,jepa_wm_pusht,22,2,fidelity_constrained_latent_only__seed11437,fidelity_constrained_latent_only,11437,2,13537,1,80.40521840514106,1.0,1.0,1.0,True,False,False,8,6
PushT,jepa_wm_pusht,22,2,fidelity_constrained_latent_only__seed11437,fidelity_constrained_latent_only,11437,0,13501,3,0.7634761823905543,0.1402584854949118,0.0,0.0,True,False,True,4,4
PushT,jepa_wm_pusht,22,2,fidelity_constrained_latent_only__seed11437,fidelity_constrained_latent_only,11437,1,13519,3,1.0692762741070687,0.1402584854949118,0.1402584854949118,0.1402584854949118,True,False,False,2,4
PushT,jepa_wm_pusht,22,2,fidelity_constrained_latent_only__seed11437,fidelity_constrained_latent_only,11437,2,13537,3,1.8677575047758976,0.1402584854949118,0.0,0.0,True,False,True,4,4
PushT,jepa_wm_pusht,22,2,fidelity_constrained_latent_only__seed11437,fidelity_constrained_latent_only,11437,0,13501,6,0.6315724652762058,0.16420548128968346,0.0,0.0,True,False,True,4,4
PushT,jepa_wm_pusht,22,2,fidelity_constrained_latent_only__seed11437,fidelity_constrained_latent_only,11437,1,13519,6,1.0702802239702345,0.16420548128968346,0.0,0.0,True,False,True,4,4
PushT,jepa_wm_pusht,22,2,fidelity_constrained_latent_only__seed11437,fidelity_constrained_latent_only,11437,2,13537,6,0.8106735152862028,0.16420548128968346,0.0,0.0,True,False,True,4,4
PushT,jepa_wm_pusht,23,2,fidelity_constrained_latent_only__seed11437,fidelity_constrained_latent_only,11437,0,13501,1,1.8081034914997622,0.020457435985849055,0.8184373479905506,0.8184373479905506,True,False,False,6,9
PushT,jepa_wm_pusht,23,2,fidelity_constrained_latent_only__seed11437,fidelity_constrained_latent_only,11437,1,13519,1,1.9345132599810413,0.020457435985849055,0.8184373479905506,0.8184373479905506,True,False,False,6,9
PushT,jepa_wm_pusht,23,2,fidelity_constrained_latent_only__seed11437,fidelity_constrained_latent_only,11437,2,13537,1,1.8643159939913483,0.020457435985849055,0.5842417127270264,0.5842417127270264,True,False,False,4,9
PushT,jepa_wm_pusht,23,2,fidelity_constrained_latent_only__seed11437,fidelity_constrained_latent_only,11437,0,13501,3,1.3869882756812404,0.00801155301203528,0.24599877825290165,0.24599877825290165,True,False,False,4,9
PushT,jepa_wm_pusht,23,2,fidelity_constrained_latent_only__seed11437,fidelity_constrained_latent_only,11437,1,13519,3,0.7852767875152205,0.00801155301203528,0.13340500380456333,0.13340500380456333,True,False,False,1,9
PushT,jepa_wm_pusht,23,2,fidelity_constrained_latent_only__seed11437,fidelity_constrained_latent_only,11437,2,13537,3,1.362239323071637,0.00801155301203528,0.24599877825290165,0.24599877825290165,True,False,False,4,9
PushT,jepa_wm_pusht,23,2,fidelity_constrained_latent_only__seed11437,fidelity_constrained_latent_only,11437,0,13501,6,1.306292291558212,0.005423206725342201,0.00624987304378611,0.00624987304378611,True,False,False,3,9
PushT,jepa_wm_pusht,23,2,fidelity_constrained_latent_only__seed11437,fidelity_constrained_latent_only,11437,1,13519,6,1.2467525831984363,0.005423206725342201,0.01666363785413529,0.01666363785413529,True,False,False,2,9
PushT,jepa_wm_pusht,23,2,fidelity_constrained_latent_only__seed11437,fidelity_constrained_latent_only,11437,2,13537,6,1.3255551061345818,0.005423206725342201,0.10275826883957667,0.10275826883957667,True,False,False,4,9
PushT,jepa_wm_pusht,48,6,fidelity_constrained_latent_only__seed11437,fidelity_constrained_latent_only,11437,0,13501,1,3.327707929883044,0.010481511777836317,1.0,1.0,True,False,False,8,9
PushT,jepa_wm_pusht,48,6,fidelity_constrained_latent_only__seed11437,fidelity_constrained_latent_only,11437,1,13519,1,3.4957537186289516,0.010481511777836317,0.10419362947361568,0.10419362947361568,True,False,False,5,9
PushT,jepa_wm_pusht,48,6,fidelity_constrained_latent_only__seed11437,fidelity_constrained_latent_only,11437,2,13537,1,2.7018613967724394,0.010481511777836317,0.09012243500443963,0.09012243500443963,True,False,False,0,9
PushT,jepa_wm_pusht,48,6,fidelity_constrained_latent_only__seed11437,fidelity_constrained_latent_only,11437,0,13501,3,1.1322264440846301,0.03292797551033872,0.03292797551033872,0.03292797551033872,True,False,False,7,5
PushT,jepa_wm_pusht,48,6,fidelity_constrained_latent_only__seed11437,fidelity_constrained_latent_only,11437,1,13519,3,0.45504041587251165,0.03292797551033872,0.03292797551033872,0.03292797551033872,True,False,False,7,5
PushT,jepa_wm_pusht,48,6,fidelity_constrained_latent_only__seed11437,fidelity_constrained_latent_only,11437,2,13537,3,0.966030182355275,0.03292797551033872,0.0,0.0,True,False,True,5,5
PushT,jepa_wm_pusht,48,6,fidelity_constrained_latent_only__seed11437,fidelity_constrained_latent_only,11437,0,13501,6,0.6772086312313841,0.0189945493625357,0.0,0.0,True,False,True,5,5
PushT,jepa_wm_pusht,48,6,fidelity_constrained_latent_only__seed11437,fidelity_constrained_latent_only,11437,1,13519,6,1.132730609238269,0.0189945493625357,0.39936556443856897,0.39936556443856897,True,False,False,9,5
PushT,jepa_wm_pusht,48,6,fidelity_constrained_latent_only__seed11437,fidelity_constrained_latent_only,11437,2,13537,6,1.136243094710496,0.0189945493625357,0.0,0.0,True,False,True,5,5
PushT,jepa_wm_pusht,49,6,fidelity_constrained_latent_only__seed11437,fidelity_constrained_latent_only,11437,0,13501,1,1.662050242727764,0.021846463468537518,0.3961841050703398,0.3961841050703398,True,False,False,9,5
PushT,jepa_wm_pusht,49,6,fidelity_constrained_latent_only__seed11437,fidelity_constrained_latent_only,11437,1,13519,1,1.2990332277890182,0.021846463468537518,0.19612234939085493,0.19612234939085493,True,False,False,1,5
PushT,jepa_wm_pusht,49,6,fidelity_constrained_latent_only__seed11437,fidelity_constrained_latent_only,11437,2,13537,1,2.5404876434121246,0.021846463468537518,0.3961841050703398,0.3961841050703398,True,False,False,9,5
PushT,jepa_wm_pusht,49,6,fidelity_constrained_latent_only__seed11437,fidelity_constrained_latent_only,11437,0,13501,3,0.5415693987801938,0.045795884377635314,0.0,0.0,True,False,True,5,5
PushT,jepa_wm_pusht,49,6,fidelity_constrained_latent_only__seed11437,fidelity_constrained_latent_only,11437,1,13519,3,0.29890148721332377,0.045795884377635314,0.0,0.0,True,False,True,5,5
PushT,jepa_wm_pusht,49,6,fidelity_constrained_latent_only__seed11437,fidelity_constrained_latent_only,11437,2,13537,3,0.8253094831516512,0.045795884377635314,0.0,0.0,True,False,True,5,5
PushT,jepa_wm_pusht,49,6,fidelity_constrained_latent_only__seed11437,fidelity_constrained_latent_only,11437,0,13501,6,0.5313098951975274,0.016722331142878723,0.0,0.0,True,False,True,5,5
PushT,jepa_wm_pusht,49,6,fidelity_constrained_latent_only__seed11437,fidelity_constrained_latent_only,11437,1,13519,6,0.8987110654585521,0.016722331142878723,0.11307668388713481,0.11307668388713481,True,False,False,7,5
PushT,jepa_wm_pusht,49,6,fidelity_constrained_latent_only__seed11437,fidelity_constrained_latent_only,11437,2,13537,6,0.4573921612573667,0.016722331142878723,0.0,0.0,True,False,True,5,5
PushT,jepa_wm_pusht,50,6,fidelity_constrained_latent_only__seed11437,fidelity_constrained_latent_only,11437,0,13501,1,3.5604505526211896,0.026574968337305327,1.0,1.0,True,False,False,0,1
PushT,jepa_wm_pusht,50,6,fidelity_constrained_latent_only__seed11437,fidelity_constrained_latent_only,11437,1,13519,1,2.5909725135125985,0.026574968337305327,1.0,1.0,True,False,False,0,1
PushT,jepa_wm_pusht,50,6,fidelity_constrained_latent_only__seed11437,fidelity_constrained_latent_only,11437,2,13537,1,2.587144633243507,0.026574968337305327,0.932744916162424,0.932744916162424,True,False,False,9,1
PushT,jepa_wm_pusht,50,6,fidelity_constrained_latent_only__seed11437,fidelity_constrained_latent_only,11437,0,13501,3,1.191333807988354,0.12856031447576668,0.0,0.0,True,False,True,2,2
PushT,jepa_wm_pusht,50,6,fidelity_constrained_latent_only__seed11437,fidelity_constrained_latent_only,11437,1,13519,3,1.7726743148144755,0.12856031447576668,0.1801982673819778,0.1801982673819778,True,False,False,5,2
PushT,jepa_wm_pusht,50,6,fidelity_constrained_latent_only__seed11437,fidelity_constrained_latent_only,11437,2,13537,3,0.928673216271074,0.12856031447576668,0.0,0.0,True,False,True,2,2
PushT,jepa_wm_pusht,50,6,fidelity_constrained_latent_only__seed11437,fidelity_constrained_latent_only,11437,0,13501,6,1.3627872794899378,0.022119626255265364,0.11176022326401269,0.11176022326401269,True,False,False,4,2
PushT,jepa_wm_pusht,50,6,fidelity_constrained_latent_only__seed11437,fidelity_constrained_latent_only,11437,1,13519,6,2.583946353312049,0.022119626255265364,0.8906714811949892,0.8906714811949892,True,False,False,0,2
PushT,jepa_wm_pusht,50,6,fidelity_constrained_latent_only__seed11437,fidelity_constrained_latent_only,11437,2,13537,6,1.3662266790791484,0.022119626255265364,0.11176022326401269,0.11176022326401269,True,False,False,4,2
PushT,jepa_wm_pusht,51,6,fidelity_constrained_latent_only__seed11437,fidelity_constrained_latent_only,11437,0,13501,1,0.7775434279266362,0.15725227350300996,0.0,0.0,True,False,True,9,9
PushT,jepa_wm_pusht,51,6,fidelity_constrained_latent_only__seed11437,fidelity_constrained_latent_only,11437,1,13519,1,2.021228628222049,0.15725227350300996,0.6974113697977925,0.6974113697977925,True,False,False,1,9
PushT,jepa_wm_pusht,51,6,fidelity_constrained_latent_only__seed11437,fidelity_constrained_latent_only,11437,2,13537,1,1.0051262947750268,0.15725227350300996,0.3905729249325504,0.3905729249325504,True,False,False,5,9
PushT,jepa_wm_pusht,51,6,fidelity_constrained_latent_only__seed11437,fidelity_constrained_latent_only,11437,0,13501,3,0.6052156300916611,0.3533778267573249,0.0,0.0,True,False,True,9,9
PushT,jepa_wm_pusht,51,6,fidelity_constrained_latent_only__seed11437,fidelity_constrained_latent_only,11437,1,13519,3,0.830888093245119,0.3533778267573249,0.0,0.0,True,False,True,9,9
PushT,jepa_wm_pusht,51,6,fidelity_constrained_latent_only__seed11437,fidelity_constrained_latent_only,11437,2,13537,3,0.8717425321205997,0.3533778267573249,0.3533778267573249,0.3533778267573249,True,False,False,7,9
PushT,jepa_wm_pusht,51,6,fidelity_constrained_latent_only__seed11437,fidelity_constrained_latent_only,11437,0,13501,6,0.7457103712710211,0.7256929271533445,0.0,0.0,True,False,True,9,9
PushT,jepa_wm_pusht,51,6,fidelity_constrained_latent_only__seed11437,fidelity_constrained_latent_only,11437,1,13519,6,1.0334143759150642,0.7256929271533445,0.842907939437964,0.842907939437964,True,False,False,4,9
PushT,jepa_wm_pusht,51,6,fidelity_constrained_latent_only__seed11437,fidelity_constrained_latent_only,11437,2,13537,6,0.7976638207074828,0.7256929271533445,0.0,0.0,True,False,True,9,9
PushT,jepa_wm_pusht,52,6,fidelity_constrained_latent_only__seed11437,fidelity_constrained_latent_only,11437,0,13501,1,94.6496015175219,1.0,0.0,0.0,True,False,True,8,0
PushT,jepa_wm_pusht,52,6,fidelity_constrained_latent_only__seed11437,fidelity_constrained_latent_only,11437,1,13519,1,116.66580214671691,1.0,0.0,0.0,True,False,True,9,0
PushT,jepa_wm_pusht,52,6,fidelity_constrained_latent_only__seed11437,fidelity_constrained_latent_only,11437,2,13537,1,151.96074987085794,1.0,0.0,0.0,True,False,True,8,0
PushT,jepa_wm_pusht,52,6,fidelity_constrained_latent_only__seed11437,fidelity_constrained_latent_only,11437,0,13501,3,1.6566263307421334,0.13522847553569003,0.0,0.0,True,False,True,2,2
PushT,jepa_wm_pusht,52,6,fidelity_constrained_latent_only__seed11437,fidelity_constrained_latent_only,11437,1,13519,3,1.7605746308268033,0.13522847553569003,0.16532943752242021,0.16532943752242021,True,False,False,5,2
PushT,jepa_wm_pusht,52,6,fidelity_constrained_latent_only__seed11437,fidelity_constrained_latent_only,11437,2,13537,3,1.408906196359045,0.13522847553569003,0.0,0.0,True,False,True,2,2
PushT,jepa_wm_pusht,52,6,fidelity_constrained_latent_only__seed11437,fidelity_constrained_latent_only,11437,0,13501,6,0.6217609124345856,0.16598777328898245,0.16598777328898245,0.16598777328898245,True,False,False,2,3
PushT,jepa_wm_pusht,52,6,fidelity_constrained_latent_only__seed11437,fidelity_constrained_latent_only,11437,1,13519,6,1.0877359002166993,0.16598777328898245,0.0,0.0,True,False,True,3,3
PushT,jepa_wm_pusht,52,6,fidelity_constrained_latent_only__seed11437,fidelity_constrained_latent_only,11437,2,13537,6,0.8545546902887848,0.16598777328898245,0.0,0.0,True,False,True,3,3
PushT,jepa_wm_pusht,53,6,fidelity_constrained_latent_only__seed11437,fidelity_constrained_latent_only,11437,0,13501,1,0.853889941641155,0.014162641733778705,0.22071215478288175,0.22071215478288175,True,False,False,1,9
PushT,jepa_wm_pusht,53,6,fidelity_constrained_latent_only__seed11437,fidelity_constrained_latent_only,11437,1,13519,1,1.592782549940019,0.014162641733778705,0.08395759494435326,0.08395759494435326,True,False,False,0,9
PushT,jepa_wm_pusht,53,6,fidelity_constrained_latent_only__seed11437,fidelity_constrained_latent_only,11437,2,13537,1,2.164003830313692,0.014162641733778705,0.056336870443013255,0.056336870443013255,True,False,False,5,9
PushT,jepa_wm_pusht,53,6,fidelity_constrained_latent_only__seed11437,fidelity_constrained_latent_only,11437,0,13501,3,1.007780143364766,0.02265841164096627,0.0,0.0,True,False,True,5,5
PushT,jepa_wm_pusht,53,6,fidelity_constrained_latent_only__seed11437,fidelity_constrained_latent_only,11437,1,13519,3,0.5366840331463553,0.02265841164096627,0.02265841164096627,0.02265841164096627,True,False,False,2,5
PushT,jepa_wm_pusht,53,6,fidelity_constrained_latent_only__seed11437,fidelity_constrained_latent_only,11437,2,13537,3,0.5879429208670408,0.02265841164096627,0.13836259772926038,0.13836259772926038,True,False,False,1,5
PushT,jepa_wm_pusht,53,6,fidelity_constrained_latent_only__seed11437,fidelity_constrained_latent_only,11437,0,13501,6,0.49229316019878816,0.011334226738608197,0.011334226738608197,0.011334226738608197,True,False,False,2,5
PushT,jepa_wm_pusht,53,6,fidelity_constrained_latent_only__seed11437,fidelity_constrained_latent_only,11437,1,13519,6,1.0593419565028537,0.011334226738608197,0.09295638934975486,0.09295638934975486,True,False,False,7,5
PushT,jepa_wm_pusht,53,6,fidelity_constrained_latent_only__seed11437,fidelity_constrained_latent_only,11437,2,13537,6,0.6673285007238111,0.011334226738608197,0.11645392932375082,0.11645392932375082,True,False,False,1,5
PushT,jepa_wm_pusht,54,6,fidelity_constrained_latent_only__seed11437,fidelity_constrained_latent_only,11437,0,13501,1,1.0814651645695597,0.10298439972869093,0.274829989886387,0.274829989886387,True,False,False,6,4
PushT,jepa_wm_pusht,54,6,fidelity_constrained_latent_only__seed11437,fidelity_constrained_latent_only,11437,1,13519,1,2.610252982919374,0.10298439972869093,0.5144474869020803,0.5144474869020803,True,False,False,7,4
PushT,jepa_wm_pusht,54,6,fidelity_constrained_latent_only__seed11437,fidelity_constrained_latent_only,11437,2,13537,1,1.9114360262350938,0.10298439972869093,0.7609758752648195,0.7609758752648195,True,False,False,8,4
PushT,jepa_wm_pusht,54,6,fidelity_constrained_latent_only__seed11437,fidelity_constrained_latent_only,11437,0,13501,3,0.8747431499466581,0.1412244470232876,0.26008540625048937,0.26008540625048937,True,False,False,2,4
PushT,jepa_wm_pusht,54,6,fidelity_constrained_latent_only__seed11437,fidelity_constrained_latent_only,11437,1,13519,3,1.5719502056569095,0.1412244470232876,0.26008540625048937,0.26008540625048937,True,False,False,2,4
PushT,jepa_wm_pusht,54,6,fidelity_constrained_latent_only__seed11437,fidelity_constrained_latent_only,11437,2,13537,3,0.8387313737695645,0.1412244470232876,0.26008540625048937,0.26008540625048937,True,False,False,2,4
PushT,jepa_wm_pusht,54,6,fidelity_constrained_latent_only__seed11437,fidelity_constrained_latent_only,11437,0,13501,6,1.666185597637336,0.1005509547744337,0.46559384033378,0.46559384033378,True,False,False,2,4
PushT,jepa_wm_pusht,54,6,fidelity_constrained_latent_only__seed11437,fidelity_constrained_latent_only,11437,1,13519,6,1.8151147325263355,0.1005509547744337,0.46559384033378,0.46559384033378,True,False,False,2,4
PushT,jepa_wm_pusht,54,6,fidelity_constrained_latent_only__seed11437,fidelity_constrained_latent_only,11437,2,13537,6,1.7779191913659995,0.1005509547744337,0.4888760936865212,0.4888760936865212,True,False,False,3,4
PushT,jepa_wm_pusht,55,6,fidelity_constrained_latent_only__seed11437,fidelity_constrained_latent_only,11437,0,13501,1,7.576402521153217,1.0,1.0,1.0,True,False,False,6,0
PushT,jepa_wm_pusht,55,6,fidelity_constrained_latent_only__seed11437,fidelity_constrained_latent_only,11437,1,13519,1,12.406277078155536,1.0,0.0,0.0,True,False,True,8,0
PushT,jepa_wm_pusht,55,6,fidelity_constrained_latent_only__seed11437,fidelity_constrained_latent_only,11437,2,13537,1,5.061658724540168,1.0,0.0,0.0,True,False,True,1,0
PushT,jepa_wm_pusht,55,6,fidelity_constrained_latent_only__seed11437,fidelity_constrained_latent_only,11437,0,13501,3,1.626536002241005,0.031059595022704112,0.0,0.0,True,False,True,8,8
PushT,jepa_wm_pusht,55,6,fidelity_constrained_latent_only__seed11437,fidelity_constrained_latent_only,11437,1,13519,3,2.454147312434989,0.031059595022704112,1.0,1.0,True,False,False,6,8
PushT,jepa_wm_pusht,55,6,fidelity_constrained_latent_only__seed11437,fidelity_constrained_latent_only,11437,2,13537,3,1.279011494436053,0.031059595022704112,0.5069549095951416,0.5069549095951416,True,False,False,4,8
PushT,jepa_wm_pusht,55,6,fidelity_constrained_latent_only__seed11437,fidelity_constrained_latent_only,11437,0,13501,6,1.7507592204911415,0.15704590216781106,1.0,1.0,True,False,False,6,3
PushT,jepa_wm_pusht,55,6,fidelity_constrained_latent_only__seed11437,fidelity_constrained_latent_only,11437,1,13519,6,1.3262554394267214,0.15704590216781106,0.15704590216781106,0.15704590216781106,True,False,False,2,3
PushT,jepa_wm_pusht,55,6,fidelity_constrained_latent_only__seed11437,fidelity_constrained_latent_only,11437,2,13537,6,1.6665043919815776,0.15704590216781106,1.0,1.0,True,False,False,6,3
PushT,jepa_wm_pusht,8,1,fidelity_constrained_shuffled_geometry__seed11437,fidelity_constrained_shuffled_geometry,11437,0,13501,1,2.7470745536628742,0.01282478008355127,0.6955643107020344,0.6955643107020344,True,False,False,9,1
PushT,jepa_wm_pusht,8,1,fidelity_constrained_shuffled_geometry__seed11437,fidelity_constrained_shuffled_geometry,11437,1,13519,1,1.8909518959497225,0.01282478008355127,0.28610195971877866,0.28610195971877866,True,False,False,8,1
PushT,jepa_wm_pusht,8,1,fidelity_constrained_shuffled_geometry__seed11437,fidelity_constrained_shuffled_geometry,11437,2,13537,1,4.55585967418717,0.01282478008355127,0.28610195971877866,0.28610195971877866,True,False,False,8,1
PushT,jepa_wm_pusht,8,1,fidelity_constrained_shuffled_geometry__seed11437,fidelity_constrained_shuffled_geometry,11437,0,13501,3,2.8718875123673535,0.008427652349288942,1.0,1.0,True,False,False,8,6
PushT,jepa_wm_pusht,8,1,fidelity_constrained_shuffled_geometry__seed11437,fidelity_constrained_shuffled_geometry,11437,1,13519,3,1.3583957031532337,0.008427652349288942,0.0,0.0,True,False,True,6,6
PushT,jepa_wm_pusht,8,1,fidelity_constrained_shuffled_geometry__seed11437,fidelity_constrained_shuffled_geometry,11437,2,13537,3,2.2212017867860037,0.008427652349288942,1.0,1.0,True,False,False,8,6
PushT,jepa_wm_pusht,8,1,fidelity_constrained_shuffled_geometry__seed11437,fidelity_constrained_shuffled_geometry,11437,0,13501,6,1.723503925723132,0.06182193572814055,1.0,1.0,True,False,False,3,1
PushT,jepa_wm_pusht,8,1,fidelity_constrained_shuffled_geometry__seed11437,fidelity_constrained_shuffled_geometry,11437,1,13519,6,2.0845744219066207,0.06182193572814055,1.0,1.0,True,False,False,3,1
PushT,jepa_wm_pusht,8,1,fidelity_constrained_shuffled_geometry__seed11437,fidelity_constrained_shuffled_geometry,11437,2,13537,6,1.346005701382532,0.06182193572814055,0.06384650595620604,0.06384650595620604,True,False,False,6,1
PushT,jepa_wm_pusht,9,1,fidelity_constrained_shuffled_geometry__seed11437,fidelity_constrained_shuffled_geometry,11437,0,13501,1,4.029424568656236,0.36553473865706543,0.0,0.0,True,False,True,0,0
PushT,jepa_wm_pusht,9,1,fidelity_constrained_shuffled_geometry__seed11437,fidelity_constrained_shuffled_geometry,11437,1,13519,1,2.566586977603625,0.36553473865706543,0.0,0.0,True,False,True,6,0
PushT,jepa_wm_pusht,9,1,fidelity_constrained_shuffled_geometry__seed11437,fidelity_constrained_shuffled_geometry,11437,2,13537,1,2.9738398651345195,0.36553473865706543,0.0,0.0,True,False,True,0,0
PushT,jepa_wm_pusht,9,1,fidelity_constrained_shuffled_geometry__seed11437,fidelity_constrained_shuffled_geometry,11437,0,13501,3,1.2209309937662391,0.09345141081727452,0.2415867066316891,0.2415867066316891,True,False,False,5,2
PushT,jepa_wm_pusht,9,1,fidelity_constrained_shuffled_geometry__seed11437,fidelity_constrained_shuffled_geometry,11437,1,13519,3,1.776799453900133,0.09345141081727452,0.0,0.0,True,False,True,2,2
PushT,jepa_wm_pusht,9,1,fidelity_constrained_shuffled_geometry__seed11437,fidelity_constrained_shuffled_geometry,11437,2,13537,3,1.5299109865031348,0.09345141081727452,0.2415867066316891,0.2415867066316891,True,False,False,5,2
PushT,jepa_wm_pusht,9,1,fidelity_constrained_shuffled_geometry__seed11437,fidelity_constrained_shuffled_geometry,11437,0,13501,6,1.2555598877208693,0.0838834477847104,1.0,1.0,True,False,False,9,3
PushT,jepa_wm_pusht,9,1,fidelity_constrained_shuffled_geometry__seed11437,fidelity_constrained_shuffled_geometry,11437,1,13519,6,1.486778959334133,0.0838834477847104,1.0,1.0,True,False,False,9,3
PushT,jepa_wm_pusht,9,1,fidelity_constrained_shuffled_geometry__seed11437,fidelity_constrained_shuffled_geometry,11437,2,13537,6,1.3288290244786112,0.0838834477847104,0.27893426755596323,0.27893426755596323,True,False,False,5,3
PushT,jepa_wm_pusht,10,1,fidelity_constrained_shuffled_geometry__seed11437,fidelity_constrained_shuffled_geometry,11437,0,13501,1,0.877098533399454,0.12049358852617963,0.0,0.0,True,False,True,1,1
PushT,jepa_wm_pusht,10,1,fidelity_constrained_shuffled_geometry__seed11437,fidelity_constrained_shuffled_geometry,11437,1,13519,1,1.4538605501089121,0.12049358852617963,0.620166319521398,0.620166319521398,True,False,False,6,1
PushT,jepa_wm_pusht,10,1,fidelity_constrained_shuffled_geometry__seed11437,fidelity_constrained_shuffled_geometry,11437,2,13537,1,0.7575366279794973,0.12049358852617963,0.12049358852617963,0.12049358852617963,True,False,False,4,1
PushT,jepa_wm_pusht,10,1,fidelity_constrained_shuffled_geometry__seed11437,fidelity_constrained_shuffled_geometry,11437,0,13501,3,3.0055245503560424,0.1030047197118212,0.0,0.0,True,False,True,6,6
PushT,jepa_wm_pusht,10,1,fidelity_constrained_shuffled_geometry__seed11437,fidelity_constrained_shuffled_geometry,11437,1,13519,3,1.0332469826294097,0.1030047197118212,0.1030047197118212,0.1030047197118212,True,False,False,4,6
PushT,jepa_wm_pusht,10,1,fidelity_constrained_shuffled_geometry__seed11437,fidelity_constrained_shuffled_geometry,11437,2,13537,3,1.2746597098508559,0.1030047197118212,0.1030047197118212,0.1030047197118212,True,False,False,4,6
PushT,jepa_wm_pusht,10,1,fidelity_constrained_shuffled_geometry__seed11437,fidelity_constrained_shuffled_geometry,11437,0,13501,6,2.4560378650603787,0.2310393760683955,0.2310393760683955,0.2310393760683955,True,False,False,4,6
PushT,jepa_wm_pusht,10,1,fidelity_constrained_shuffled_geometry__seed11437,fidelity_constrained_shuffled_geometry,11437,1,13519,6,2.0456664698576272,0.2310393760683955,0.6789019354624969,0.6789019354624969,True,False,False,3,6
PushT,jepa_wm_pusht,10,1,fidelity_constrained_shuffled_geometry__seed11437,fidelity_constrained_shuffled_geometry,11437,2,13537,6,1.9242365190094344,0.2310393760683955,0.6789019354624969,0.6789019354624969,True,False,False,2,6
PushT,jepa_wm_pusht,11,1,fidelity_constrained_shuffled_geometry__seed11437,fidelity_constrained_shuffled_geometry,11437,0,13501,1,5.527055682432784,0.41336878890994966,0.45140758138381915,0.45140758138381915,True,False,False,6,7
PushT,jepa_wm_pusht,11,1,fidelity_constrained_shuffled_geometry__seed11437,fidelity_constrained_shuffled_geometry,11437,1,13519,1,2.7294390725140945,0.41336878890994966,0.6306193291317473,0.6306193291317473,True,False,False,4,7
PushT,jepa_wm_pusht,11,1,fidelity_constrained_shuffled_geometry__seed11437,fidelity_constrained_shuffled_geometry,11437,2,13537,1,2.7064992745093046,0.41336878890994966,0.0,0.0,True,False,True,7,7
PushT,jepa_wm_pusht,11,1,fidelity_constrained_shuffled_geometry__seed11437,fidelity_constrained_shuffled_geometry,11437,0,13501,3,0.6658484752880853,0.2748698300443903,0.0,0.0,True,False,True,6,6
PushT,jepa_wm_pusht,11,1,fidelity_constrained_shuffled_geometry__seed11437,fidelity_constrained_shuffled_geometry,11437,1,13519,3,0.29279460353021663,0.2748698300443903,0.0,0.0,True,False,True,6,6
PushT,jepa_wm_pusht,11,1,fidelity_constrained_shuffled_geometry__seed11437,fidelity_constrained_shuffled_geometry,11437,2,13537,3,0.9173262735322937,0.2748698300443903,0.0,0.0,True,False,True,6,6
PushT,jepa_wm_pusht,11,1,fidelity_constrained_shuffled_geometry__seed11437,fidelity_constrained_shuffled_geometry,11437,0,13501,6,1.305198652893316,0.2434864252420023,0.0,0.0,True,False,True,6,6
PushT,jepa_wm_pusht,11,1,fidelity_constrained_shuffled_geometry__seed11437,fidelity_constrained_shuffled_geometry,11437,1,13519,6,1.3842127868375746,0.2434864252420023,0.0,0.0,True,False,True,6,6
PushT,jepa_wm_pusht,11,1,fidelity_constrained_shuffled_geometry__seed11437,fidelity_constrained_shuffled_geometry,11437,2,13537,6,0.88805282055478,0.2434864252420023,0.0,0.0,True,False,True,6,6
PushT,jepa_wm_pusht,12,1,fidelity_constrained_shuffled_geometry__seed11437,fidelity_constrained_shuffled_geometry,11437,0,13501,1,1.1059795451994903,0.09450672487896075,0.30421178027634105,0.30421178027634105,True,False,False,1,6
PushT,jepa_wm_pusht,12,1,fidelity_constrained_shuffled_geometry__seed11437,fidelity_constrained_shuffled_geometry,11437,1,13519,1,1.6438738646080837,0.09450672487896075,0.8207654932996075,0.8207654932996075,True,False,False,0,6
PushT,jepa_wm_pusht,12,1,fidelity_constrained_shuffled_geometry__seed11437,fidelity_constrained_shuffled_geometry,11437,2,13537,1,3.0686236451044087,0.09450672487896075,0.8864419510504964,0.8864419510504964,True,False,False,7,6
PushT,jepa_wm_pusht,12,1,fidelity_constrained_shuffled_geometry__seed11437,fidelity_constrained_shuffled_geometry,11437,0,13501,3,1.1939974395047355,0.05556742065693472,0.0,0.0,True,False,True,4,4
PushT,jepa_wm_pusht,12,1,fidelity_constrained_shuffled_geometry__seed11437,fidelity_constrained_shuffled_geometry,11437,1,13519,3,1.178313163933373,0.05556742065693472,0.05556742065693472,0.05556742065693472,True,False,False,6,4
PushT,jepa_wm_pusht,12,1,fidelity_constrained_shuffled_geometry__seed11437,fidelity_constrained_shuffled_geometry,11437,2,13537,3,1.2413541553715373,0.05556742065693472,0.0,0.0,True,False,True,4,4
PushT,jepa_wm_pusht,12,1,fidelity_constrained_shuffled_geometry__seed11437,fidelity_constrained_shuffled_geometry,11437,0,13501,6,1.0128589230271683,0.01885074951463251,0.01885074951463251,0.01885074951463251,True,False,False,4,2
PushT,jepa_wm_pusht,12,1,fidelity_constrained_shuffled_geometry__seed11437,fidelity_constrained_shuffled_geometry,11437,1,13519,6,0.9229975138250631,0.01885074951463251,0.0,0.0,True,False,True,2,2
PushT,jepa_wm_pusht,12,1,fidelity_constrained_shuffled_geometry__seed11437,fidelity_constrained_shuffled_geometry,11437,2,13537,6,0.9536200395764833,0.01885074951463251,0.01885074951463251,0.01885074951463251,True,False,False,4,2
PushT,jepa_wm_pusht,13,1,fidelity_constrained_shuffled_geometry__seed11437,fidelity_constrained_shuffled_geometry,11437,0,13501,1,1.4800310470625733,0.05717193711490079,0.7753823480956951,0.7753823480956951,True,False,False,7,6
PushT,jepa_wm_pusht,13,1,fidelity_constrained_shuffled_geometry__seed11437,fidelity_constrained_shuffled_geometry,11437,1,13519,1,1.867709576138237,0.05717193711490079,1.0,1.0,True,False,False,9,6
PushT,jepa_wm_pusht,13,1,fidelity_constrained_shuffled_geometry__seed11437,fidelity_constrained_shuffled_geometry,11437,2,13537,1,3.3658122243561293,0.05717193711490079,1.0,1.0,True,False,False,9,6
PushT,jepa_wm_pusht,13,1,fidelity_constrained_shuffled_geometry__seed11437,fidelity_constrained_shuffled_geometry,11437,0,13501,3,0.8542098797759157,0.0161718104917741,0.0161718104917741,0.0161718104917741,True,False,False,4,2
PushT,jepa_wm_pusht,13,1,fidelity_constrained_shuffled_geometry__seed11437,fidelity_constrained_shuffled_geometry,11437,1,13519,3,1.0136145845477416,0.0161718104917741,0.0,0.0,True,False,True,2,2
PushT,jepa_wm_pusht,13,1,fidelity_constrained_shuffled_geometry__seed11437,fidelity_constrained_shuffled_geometry,11437,2,13537,3,1.2156051654796987,0.0161718104917741,0.0161718104917741,0.0161718104917741,True,False,False,4,2
PushT,jepa_wm_pusht,13,1,fidelity_constrained_shuffled_geometry__seed11437,fidelity_constrained_shuffled_geometry,11437,0,13501,6,0.9306662990333556,0.05290481855690444,0.0,0.0,True,False,True,2,2
PushT,jepa_wm_pusht,13,1,fidelity_constrained_shuffled_geometry__seed11437,fidelity_constrained_shuffled_geometry,11437,1,13519,6,0.8925152272227678,0.05290481855690444,0.0,0.0,True,False,True,2,2
PushT,jepa_wm_pusht,13,1,fidelity_constrained_shuffled_geometry__seed11437,fidelity_constrained_shuffled_geometry,11437,2,13537,6,1.0516695764881498,0.05290481855690444,0.05290481855690444,0.05290481855690444,True,False,False,4,2
PushT,jepa_wm_pusht,14,1,fidelity_constrained_shuffled_geometry__seed11437,fidelity_constrained_shuffled_geometry,11437,0,13501,1,22553.869601241673,inf,0.0,0.0,True,False,True,7,0
PushT,jepa_wm_pusht,14,1,fidelity_constrained_shuffled_geometry__seed11437,fidelity_constrained_shuffled_geometry,11437,1,13519,1,22923.539009516102,inf,0.0,0.0,True,False,True,7,0
PushT,jepa_wm_pusht,14,1,fidelity_constrained_shuffled_geometry__seed11437,fidelity_constrained_shuffled_geometry,11437,2,13537,1,39233.96782379134,inf,0.0,0.0,True,False,True,1,0
PushT,jepa_wm_pusht,14,1,fidelity_constrained_shuffled_geometry__seed11437,fidelity_constrained_shuffled_geometry,11437,0,13501,3,1.0915765518755711,0.22439910568143512,0.22439910568143512,0.22439910568143512,True,False,False,5,2
PushT,jepa_wm_pusht,14,1,fidelity_constrained_shuffled_geometry__seed11437,fidelity_constrained_shuffled_geometry,11437,1,13519,3,1.188121867430741,0.22439910568143512,0.0,0.0,True,False,True,2,2
PushT,jepa_wm_pusht,14,1,fidelity_constrained_shuffled_geometry__seed11437,fidelity_constrained_shuffled_geometry,11437,2,13537,3,1.1262632603552147,0.22439910568143512,0.22439910568143512,0.22439910568143512,True,False,False,5,2
PushT,jepa_wm_pusht,14,1,fidelity_constrained_shuffled_geometry__seed11437,fidelity_constrained_shuffled_geometry,11437,0,13501,6,0.5432741365647936,0.10985312473301036,0.0,0.0,True,False,True,2,2
PushT,jepa_wm_pusht,14,1,fidelity_constrained_shuffled_geometry__seed11437,fidelity_constrained_shuffled_geometry,11437,1,13519,6,0.6419277249543942,0.10985312473301036,0.0,0.0,True,False,True,2,2
PushT,jepa_wm_pusht,14,1,fidelity_constrained_shuffled_geometry__seed11437,fidelity_constrained_shuffled_geometry,11437,2,13537,6,0.5908546417690637,0.10985312473301036,0.0,0.0,True,False,True,2,2
PushT,jepa_wm_pusht,15,1,fidelity_constrained_shuffled_geometry__seed11437,fidelity_constrained_shuffled_geometry,11437,0,13501,1,66236.99956321351,inf,0.0,0.0,True,False,True,7,0
PushT,jepa_wm_pusht,15,1,fidelity_constrained_shuffled_geometry__seed11437,fidelity_constrained_shuffled_geometry,11437,1,13519,1,27623.192944922543,inf,0.0,0.0,True,False,True,4,0
PushT,jepa_wm_pusht,15,1,fidelity_constrained_shuffled_geometry__seed11437,fidelity_constrained_shuffled_geometry,11437,2,13537,1,38798.52376008665,inf,0.0,0.0,True,False,True,4,0
PushT,jepa_wm_pusht,15,1,fidelity_constrained_shuffled_geometry__seed11437,fidelity_constrained_shuffled_geometry,11437,0,13501,3,1.9761066661640243,0.3147370809376674,0.0,0.0,True,False,True,2,2
PushT,jepa_wm_pusht,15,1,fidelity_constrained_shuffled_geometry__seed11437,fidelity_constrained_shuffled_geometry,11437,1,13519,3,0.44719871867886735,0.3147370809376674,0.3147370809376674,0.3147370809376674,True,False,False,5,2
PushT,jepa_wm_pusht,15,1,fidelity_constrained_shuffled_geometry__seed11437,fidelity_constrained_shuffled_geometry,11437,2,13537,3,0.9559824259597708,0.3147370809376674,0.0,0.0,True,False,True,2,2
PushT,jepa_wm_pusht,15,1,fidelity_constrained_shuffled_geometry__seed11437,fidelity_constrained_shuffled_geometry,11437,0,13501,6,0.8997303505078936,0.04855924422800973,0.0,0.0,True,False,True,3,3
PushT,jepa_wm_pusht,15,1,fidelity_constrained_shuffled_geometry__seed11437,fidelity_constrained_shuffled_geometry,11437,1,13519,6,0.6510989872458436,0.04855924422800973,0.0,0.0,True,False,True,3,3
PushT,jepa_wm_pusht,15,1,fidelity_constrained_shuffled_geometry__seed11437,fidelity_constrained_shuffled_geometry,11437,2,13537,6,0.9563169610893734,0.04855924422800973,0.0,0.0,True,False,True,3,3
PushT,jepa_wm_pusht,16,2,fidelity_constrained_shuffled_geometry__seed11437,fidelity_constrained_shuffled_geometry,11437,0,13501,1,0.639145853640141,0.04667333317829818,0.0,0.0,True,False,True,4,4
PushT,jepa_wm_pusht,16,2,fidelity_constrained_shuffled_geometry__seed11437,fidelity_constrained_shuffled_geometry,11437,1,13519,1,1.0380570904729602,0.04667333317829818,0.04667333317829818,0.04667333317829818,True,False,False,6,4
PushT,jepa_wm_pusht,16,2,fidelity_constrained_shuffled_geometry__seed11437,fidelity_constrained_shuffled_geometry,11437,2,13537,1,1.292507153223776,0.04667333317829818,0.04667333317829818,0.04667333317829818,True,False,False,6,4
PushT,jepa_wm_pusht,16,2,fidelity_constrained_shuffled_geometry__seed11437,fidelity_constrained_shuffled_geometry,11437,0,13501,3,0.7550969715278965,0.32628899571658077,0.0,0.0,True,False,True,6,6
PushT,jepa_wm_pusht,16,2,fidelity_constrained_shuffled_geometry__seed11437,fidelity_constrained_shuffled_geometry,11437,1,13519,3,1.20920532758112,0.32628899571658077,0.0,0.0,True,False,True,6,6
PushT,jepa_wm_pusht,16,2,fidelity_constrained_shuffled_geometry__seed11437,fidelity_constrained_shuffled_geometry,11437,2,13537,3,0.6328156819681173,0.32628899571658077,0.0,0.0,True,False,True,6,6
PushT,jepa_wm_pusht,16,2,fidelity_constrained_shuffled_geometry__seed11437,fidelity_constrained_shuffled_geometry,11437,0,13501,6,0.980540629635969,0.3019145847229555,0.0,0.0,True,False,True,6,6
PushT,jepa_wm_pusht,16,2,fidelity_constrained_shuffled_geometry__seed11437,fidelity_constrained_shuffled_geometry,11437,1,13519,6,1.1748125593710184,0.3019145847229555,0.3324250360743422,0.3324250360743422,True,False,False,1,6
PushT,jepa_wm_pusht,16,2,fidelity_constrained_shuffled_geometry__seed11437,fidelity_constrained_shuffled_geometry,11437,2,13537,6,0.8527213448221849,0.3019145847229555,0.0,0.0,True,False,True,6,6
PushT,jepa_wm_pusht,17,2,fidelity_constrained_shuffled_geometry__seed11437,fidelity_constrained_shuffled_geometry,11437,0,13501,1,36670.28860345068,inf,0.0,0.0,True,False,True,6,0
PushT,jepa_wm_pusht,17,2,fidelity_constrained_shuffled_geometry__seed11437,fidelity_constrained_shuffled_geometry,11437,1,13519,1,47837.36860015087,inf,0.0,0.0,True,False,True,6,0
PushT,jepa_wm_pusht,17,2,fidelity_constrained_shuffled_geometry__seed11437,fidelity_constrained_shuffled_geometry,11437,2,13537,1,40701.68529433188,inf,0.0,0.0,True,False,True,6,0
PushT,jepa_wm_pusht,17,2,fidelity_constrained_shuffled_geometry__seed11437,fidelity_constrained_shuffled_geometry,11437,0,13501,3,1.3575013287404574,0.14967206398860944,0.5789271149086822,0.5789271149086822,True,False,False,4,2
PushT,jepa_wm_pusht,17,2,fidelity_constrained_shuffled_geometry__seed11437,fidelity_constrained_shuffled_geometry,11437,1,13519,3,1.852032175117295,0.14967206398860944,0.0,0.0,True,False,True,2,2
PushT,jepa_wm_pusht,17,2,fidelity_constrained_shuffled_geometry__seed11437,fidelity_constrained_shuffled_geometry,11437,2,13537,3,1.5128218857408087,0.14967206398860944,0.5789271149086822,0.5789271149086822,True,False,False,4,2
PushT,jepa_wm_pusht,17,2,fidelity_constrained_shuffled_geometry__seed11437,fidelity_constrained_shuffled_geometry,11437,0,13501,6,0.6001037124223381,0.27989109651126526,0.0,0.0,True,False,True,3,3
PushT,jepa_wm_pusht,17,2,fidelity_constrained_shuffled_geometry__seed11437,fidelity_constrained_shuffled_geometry,11437,1,13519,6,1.0843319759229917,0.27989109651126526,0.0,0.0,True,False,True,3,3
PushT,jepa_wm_pusht,17,2,fidelity_constrained_shuffled_geometry__seed11437,fidelity_constrained_shuffled_geometry,11437,2,13537,6,0.7782669449843316,0.27989109651126526,0.0,0.0,True,False,True,3,3
PushT,jepa_wm_pusht,18,2,fidelity_constrained_shuffled_geometry__seed11437,fidelity_constrained_shuffled_geometry,11437,0,13501,1,22009.732105054456,inf,0.0,0.0,True,False,True,8,0
PushT,jepa_wm_pusht,18,2,fidelity_constrained_shuffled_geometry__seed11437,fidelity_constrained_shuffled_geometry,11437,1,13519,1,30710.89621583742,inf,0.0,0.0,True,False,True,8,0
PushT,jepa_wm_pusht,18,2,fidelity_constrained_shuffled_geometry__seed11437,fidelity_constrained_shuffled_geometry,11437,2,13537,1,70877.10099762808,inf,0.0,0.0,True,False,True,9,0
PushT,jepa_wm_pusht,18,2,fidelity_constrained_shuffled_geometry__seed11437,fidelity_constrained_shuffled_geometry,11437,0,13501,3,1.5675712054187978,0.27850140655302486,0.44201480759003287,0.44201480759003287,True,False,False,5,2
PushT,jepa_wm_pusht,18,2,fidelity_constrained_shuffled_geometry__seed11437,fidelity_constrained_shuffled_geometry,11437,1,13519,3,1.3243338309260853,0.27850140655302486,0.44201480759003287,0.44201480759003287,True,False,False,5,2
PushT,jepa_wm_pusht,18,2,fidelity_constrained_shuffled_geometry__seed11437,fidelity_constrained_shuffled_geometry,11437,2,13537,3,2.168602449514543,0.27850140655302486,1.0,1.0,True,False,False,7,2
PushT,jepa_wm_pusht,18,2,fidelity_constrained_shuffled_geometry__seed11437,fidelity_constrained_shuffled_geometry,11437,0,13501,6,0.8731456827438551,0.045141008814957334,0.0,0.0,True,False,True,2,2
PushT,jepa_wm_pusht,18,2,fidelity_constrained_shuffled_geometry__seed11437,fidelity_constrained_shuffled_geometry,11437,1,13519,6,1.5219662440518,0.045141008814957334,1.0,1.0,True,False,False,7,2
PushT,jepa_wm_pusht,18,2,fidelity_constrained_shuffled_geometry__seed11437,fidelity_constrained_shuffled_geometry,11437,2,13537,6,1.1108933203736742,0.045141008814957334,0.36289437302384253,0.36289437302384253,True,False,False,5,2
PushT,jepa_wm_pusht,19,2,fidelity_constrained_shuffled_geometry__seed11437,fidelity_constrained_shuffled_geometry,11437,0,13501,1,4.97814605788378,0.30581859652833554,0.30581859652833554,0.30581859652833554,True,False,False,9,7
PushT,jepa_wm_pusht,19,2,fidelity_constrained_shuffled_geometry__seed11437,fidelity_constrained_shuffled_geometry,11437,1,13519,1,4.4286219916875265,0.30581859652833554,0.7032907354635126,0.7032907354635126,True,False,False,5,7
PushT,jepa_wm_pusht,19,2,fidelity_constrained_shuffled_geometry__seed11437,fidelity_constrained_shuffled_geometry,11437,2,13537,1,4.213273365435077,0.30581859652833554,0.30581859652833554,0.30581859652833554,True,False,False,9,7
PushT,jepa_wm_pusht,19,2,fidelity_constrained_shuffled_geometry__seed11437,fidelity_constrained_shuffled_geometry,11437,0,13501,3,1.708661156534741,0.08549327156519568,0.0,0.0,True,False,True,7,7
PushT,jepa_wm_pusht,19,2,fidelity_constrained_shuffled_geometry__seed11437,fidelity_constrained_shuffled_geometry,11437,1,13519,3,1.2882146103185221,0.08549327156519568,0.0,0.0,True,False,True,7,7
PushT,jepa_wm_pusht,19,2,fidelity_constrained_shuffled_geometry__seed11437,fidelity_constrained_shuffled_geometry,11437,2,13537,3,1.7499757192576257,0.08549327156519568,0.0,0.0,True,False,True,7,7
PushT,jepa_wm_pusht,19,2,fidelity_constrained_shuffled_geometry__seed11437,fidelity_constrained_shuffled_geometry,11437,0,13501,6,2.3117297421028975,0.05206520357815755,0.05206520357815755,0.05206520357815755,True,False,False,7,5
PushT,jepa_wm_pusht,19,2,fidelity_constrained_shuffled_geometry__seed11437,fidelity_constrained_shuffled_geometry,11437,1,13519,6,1.9966880163611065,0.05206520357815755,0.0,0.0,True,False,True,5,5
PushT,jepa_wm_pusht,19,2,fidelity_constrained_shuffled_geometry__seed11437,fidelity_constrained_shuffled_geometry,11437,2,13537,6,2.7327034955027085,0.05206520357815755,0.05206520357815755,0.05206520357815755,True,False,False,7,5
PushT,jepa_wm_pusht,20,2,fidelity_constrained_shuffled_geometry__seed11437,fidelity_constrained_shuffled_geometry,11437,0,13501,1,1.3683182010138046,0.071849549171498,0.071849549171498,0.071849549171498,True,False,False,6,8
PushT,jepa_wm_pusht,20,2,fidelity_constrained_shuffled_geometry__seed11437,fidelity_constrained_shuffled_geometry,11437,1,13519,1,1.1405951551611224,0.071849549171498,0.071849549171498,0.071849549171498,True,False,False,6,8
PushT,jepa_wm_pusht,20,2,fidelity_constrained_shuffled_geometry__seed11437,fidelity_constrained_shuffled_geometry,11437,2,13537,1,2.076350873199665,0.071849549171498,0.0,0.0,True,False,True,8,8
PushT,jepa_wm_pusht,20,2,fidelity_constrained_shuffled_geometry__seed11437,fidelity_constrained_shuffled_geometry,11437,0,13501,3,1.1207286351539525,0.06837919317243876,0.06837919317243876,0.06837919317243876,True,False,False,6,8
PushT,jepa_wm_pusht,20,2,fidelity_constrained_shuffled_geometry__seed11437,fidelity_constrained_shuffled_geometry,11437,1,13519,3,1.9581011109493391,0.06837919317243876,0.6926795848253594,0.6926795848253594,True,False,False,2,8
PushT,jepa_wm_pusht,20,2,fidelity_constrained_shuffled_geometry__seed11437,fidelity_constrained_shuffled_geometry,11437,2,13537,3,1.3911833487999403,0.06837919317243876,0.06837919317243876,0.06837919317243876,True,False,False,6,8
PushT,jepa_wm_pusht,20,2,fidelity_constrained_shuffled_geometry__seed11437,fidelity_constrained_shuffled_geometry,11437,0,13501,6,1.8984022223464767,0.056057307459408214,1.0,1.0,True,False,False,3,8
PushT,jepa_wm_pusht,20,2,fidelity_constrained_shuffled_geometry__seed11437,fidelity_constrained_shuffled_geometry,11437,1,13519,6,1.958404517438113,0.056057307459408214,1.0,1.0,True,False,False,3,8
PushT,jepa_wm_pusht,20,2,fidelity_constrained_shuffled_geometry__seed11437,fidelity_constrained_shuffled_geometry,11437,2,13537,6,1.4742196250827166,0.056057307459408214,0.1759710011304932,0.1759710011304932,True,False,False,4,8
PushT,jepa_wm_pusht,21,2,fidelity_constrained_shuffled_geometry__seed11437,fidelity_constrained_shuffled_geometry,11437,0,13501,1,46705.372653712,inf,0.0,0.0,True,False,True,9,0
PushT,jepa_wm_pusht,21,2,fidelity_constrained_shuffled_geometry__seed11437,fidelity_constrained_shuffled_geometry,11437,1,13519,1,35872.148088955844,inf,0.0,0.0,True,False,True,4,0
PushT,jepa_wm_pusht,21,2,fidelity_constrained_shuffled_geometry__seed11437,fidelity_constrained_shuffled_geometry,11437,2,13537,1,33026.669664091336,inf,0.0,0.0,True,False,True,0,0
PushT,jepa_wm_pusht,21,2,fidelity_constrained_shuffled_geometry__seed11437,fidelity_constrained_shuffled_geometry,11437,0,13501,3,2.034673637896192,0.10022651401688715,0.10022651401688715,0.10022651401688715,True,False,False,5,2
PushT,jepa_wm_pusht,21,2,fidelity_constrained_shuffled_geometry__seed11437,fidelity_constrained_shuffled_geometry,11437,1,13519,3,2.4699746494954122,0.10022651401688715,0.7585503102919223,0.7585503102919223,True,False,False,4,2
PushT,jepa_wm_pusht,21,2,fidelity_constrained_shuffled_geometry__seed11437,fidelity_constrained_shuffled_geometry,11437,2,13537,3,3.3751114524699384,0.10022651401688715,0.6588348079990693,0.6588348079990693,True,False,False,8,2
PushT,jepa_wm_pusht,21,2,fidelity_constrained_shuffled_geometry__seed11437,fidelity_constrained_shuffled_geometry,11437,0,13501,6,0.825715066066164,0.32957479347041385,0.0,0.0,True,False,True,3,3
PushT,jepa_wm_pusht,21,2,fidelity_constrained_shuffled_geometry__seed11437,fidelity_constrained_shuffled_geometry,11437,1,13519,6,0.8123357738787783,0.32957479347041385,0.0,0.0,True,False,True,3,3
PushT,jepa_wm_pusht,21,2,fidelity_constrained_shuffled_geometry__seed11437,fidelity_constrained_shuffled_geometry,11437,2,13537,6,0.8783577207396602,0.32957479347041385,0.0,0.0,True,False,True,3,3
PushT,jepa_wm_pusht,22,2,fidelity_constrained_shuffled_geometry__seed11437,fidelity_constrained_shuffled_geometry,11437,0,13501,1,57.94592571512688,1.0,1.0,1.0,True,False,False,0,6
PushT,jepa_wm_pusht,22,2,fidelity_constrained_shuffled_geometry__seed11437,fidelity_constrained_shuffled_geometry,11437,1,13519,1,63.34956306531945,1.0,1.0,1.0,True,False,False,4,6
PushT,jepa_wm_pusht,22,2,fidelity_constrained_shuffled_geometry__seed11437,fidelity_constrained_shuffled_geometry,11437,2,13537,1,70.57249678256066,1.0,1.0,1.0,True,False,False,8,6
PushT,jepa_wm_pusht,22,2,fidelity_constrained_shuffled_geometry__seed11437,fidelity_constrained_shuffled_geometry,11437,0,13501,3,0.8400641898720778,0.1402584854949118,0.0,0.0,True,False,True,4,4
PushT,jepa_wm_pusht,22,2,fidelity_constrained_shuffled_geometry__seed11437,fidelity_constrained_shuffled_geometry,11437,1,13519,3,0.9753894672708158,0.1402584854949118,0.1402584854949118,0.1402584854949118,True,False,False,2,4
PushT,jepa_wm_pusht,22,2,fidelity_constrained_shuffled_geometry__seed11437,fidelity_constrained_shuffled_geometry,11437,2,13537,3,1.238523754148652,0.1402584854949118,0.0,0.0,True,False,True,4,4
PushT,jepa_wm_pusht,22,2,fidelity_constrained_shuffled_geometry__seed11437,fidelity_constrained_shuffled_geometry,11437,0,13501,6,0.580683137122134,0.16420548128968346,0.41054727963594595,0.41054727963594595,True,False,False,3,4
PushT,jepa_wm_pusht,22,2,fidelity_constrained_shuffled_geometry__seed11437,fidelity_constrained_shuffled_geometry,11437,1,13519,6,0.7445457190515848,0.16420548128968346,0.0,0.0,True,False,True,4,4
PushT,jepa_wm_pusht,22,2,fidelity_constrained_shuffled_geometry__seed11437,fidelity_constrained_shuffled_geometry,11437,2,13537,6,1.0274079609934026,0.16420548128968346,0.0,0.0,True,False,True,4,4
PushT,jepa_wm_pusht,23,2,fidelity_constrained_shuffled_geometry__seed11437,fidelity_constrained_shuffled_geometry,11437,0,13501,1,1.888936421917298,0.020457435985849055,0.8184373479905506,0.8184373479905506,True,False,False,6,9
PushT,jepa_wm_pusht,23,2,fidelity_constrained_shuffled_geometry__seed11437,fidelity_constrained_shuffled_geometry,11437,1,13519,1,1.7375167943696985,0.020457435985849055,0.29387193680648627,0.29387193680648627,True,False,False,1,9
PushT,jepa_wm_pusht,23,2,fidelity_constrained_shuffled_geometry__seed11437,fidelity_constrained_shuffled_geometry,11437,2,13537,1,1.9139275073095554,0.020457435985849055,0.8184373479905506,0.8184373479905506,True,False,False,6,9
PushT,jepa_wm_pusht,23,2,fidelity_constrained_shuffled_geometry__seed11437,fidelity_constrained_shuffled_geometry,11437,0,13501,3,1.3709248098578082,0.00801155301203528,0.24599877825290165,0.24599877825290165,True,False,False,4,9
PushT,jepa_wm_pusht,23,2,fidelity_constrained_shuffled_geometry__seed11437,fidelity_constrained_shuffled_geometry,11437,1,13519,3,0.7374952621191684,0.00801155301203528,0.10029137060733691,0.10029137060733691,True,False,False,2,9
PushT,jepa_wm_pusht,23,2,fidelity_constrained_shuffled_geometry__seed11437,fidelity_constrained_shuffled_geometry,11437,2,13537,3,1.3386318030656656,0.00801155301203528,0.24599877825290165,0.24599877825290165,True,False,False,4,9
PushT,jepa_wm_pusht,23,2,fidelity_constrained_shuffled_geometry__seed11437,fidelity_constrained_shuffled_geometry,11437,0,13501,6,1.1106835906231671,0.005423206725342201,0.00624987304378611,0.00624987304378611,True,False,False,3,9
PushT,jepa_wm_pusht,23,2,fidelity_constrained_shuffled_geometry__seed11437,fidelity_constrained_shuffled_geometry,11437,1,13519,6,1.046197825838916,0.005423206725342201,0.01666363785413529,0.01666363785413529,True,False,False,2,9
PushT,jepa_wm_pusht,23,2,fidelity_constrained_shuffled_geometry__seed11437,fidelity_constrained_shuffled_geometry,11437,2,13537,6,1.2452738472775011,0.005423206725342201,0.00624987304378611,0.00624987304378611,True,False,False,3,9
PushT,jepa_wm_pusht,48,6,fidelity_constrained_shuffled_geometry__seed11437,fidelity_constrained_shuffled_geometry,11437,0,13501,1,3.237765558718764,0.010481511777836317,1.0,1.0,True,False,False,8,9
PushT,jepa_wm_pusht,48,6,fidelity_constrained_shuffled_geometry__seed11437,fidelity_constrained_shuffled_geometry,11437,1,13519,1,3.179187742656064,0.010481511777836317,0.10419362947361568,0.10419362947361568,True,False,False,5,9
PushT,jepa_wm_pusht,48,6,fidelity_constrained_shuffled_geometry__seed11437,fidelity_constrained_shuffled_geometry,11437,2,13537,1,1.6950217498576556,0.010481511777836317,0.09012243500443963,0.09012243500443963,True,False,False,0,9
PushT,jepa_wm_pusht,48,6,fidelity_constrained_shuffled_geometry__seed11437,fidelity_constrained_shuffled_geometry,11437,0,13501,3,1.0401874432256397,0.03292797551033872,0.03292797551033872,0.03292797551033872,True,False,False,7,5
PushT,jepa_wm_pusht,48,6,fidelity_constrained_shuffled_geometry__seed11437,fidelity_constrained_shuffled_geometry,11437,1,13519,3,0.4286289064220981,0.03292797551033872,0.03292797551033872,0.03292797551033872,True,False,False,7,5
PushT,jepa_wm_pusht,48,6,fidelity_constrained_shuffled_geometry__seed11437,fidelity_constrained_shuffled_geometry,11437,2,13537,3,0.9962768985810335,0.03292797551033872,0.0,0.0,True,False,True,5,5
PushT,jepa_wm_pusht,48,6,fidelity_constrained_shuffled_geometry__seed11437,fidelity_constrained_shuffled_geometry,11437,0,13501,6,0.7056788213442741,0.0189945493625357,0.0,0.0,True,False,True,5,5
PushT,jepa_wm_pusht,48,6,fidelity_constrained_shuffled_geometry__seed11437,fidelity_constrained_shuffled_geometry,11437,1,13519,6,1.1289028812520032,0.0189945493625357,0.0189945493625357,0.0189945493625357,True,False,False,2,5
PushT,jepa_wm_pusht,48,6,fidelity_constrained_shuffled_geometry__seed11437,fidelity_constrained_shuffled_geometry,11437,2,13537,6,0.8548124795797478,0.0189945493625357,0.0,0.0,True,False,True,5,5
PushT,jepa_wm_pusht,49,6,fidelity_constrained_shuffled_geometry__seed11437,fidelity_constrained_shuffled_geometry,11437,0,13501,1,1.6815302841419815,0.021846463468537518,0.3961841050703398,0.3961841050703398,True,False,False,9,5
PushT,jepa_wm_pusht,49,6,fidelity_constrained_shuffled_geometry__seed11437,fidelity_constrained_shuffled_geometry,11437,1,13519,1,1.3436805656485113,0.021846463468537518,0.19612234939085493,0.19612234939085493,True,False,False,1,5
PushT,jepa_wm_pusht,49,6,fidelity_constrained_shuffled_geometry__seed11437,fidelity_constrained_shuffled_geometry,11437,2,13537,1,1.9769548206792806,0.021846463468537518,0.3961841050703398,0.3961841050703398,True,False,False,9,5
PushT,jepa_wm_pusht,49,6,fidelity_constrained_shuffled_geometry__seed11437,fidelity_constrained_shuffled_geometry,11437,0,13501,3,0.6225330634497928,0.045795884377635314,0.09255210046541218,0.09255210046541218,True,False,False,7,5
PushT,jepa_wm_pusht,49,6,fidelity_constrained_shuffled_geometry__seed11437,fidelity_constrained_shuffled_geometry,11437,1,13519,3,0.32232874847193976,0.045795884377635314,0.0,0.0,True,False,True,5,5
PushT,jepa_wm_pusht,49,6,fidelity_constrained_shuffled_geometry__seed11437,fidelity_constrained_shuffled_geometry,11437,2,13537,3,0.8067683165123021,0.045795884377635314,0.0,0.0,True,False,True,5,5
PushT,jepa_wm_pusht,49,6,fidelity_constrained_shuffled_geometry__seed11437,fidelity_constrained_shuffled_geometry,11437,0,13501,6,0.6345710896700044,0.016722331142878723,0.0,0.0,True,False,True,5,5
PushT,jepa_wm_pusht,49,6,fidelity_constrained_shuffled_geometry__seed11437,fidelity_constrained_shuffled_geometry,11437,1,13519,6,0.8694941570908188,0.016722331142878723,0.11307668388713481,0.11307668388713481,True,False,False,7,5
PushT,jepa_wm_pusht,49,6,fidelity_constrained_shuffled_geometry__seed11437,fidelity_constrained_shuffled_geometry,11437,2,13537,6,0.6189882010968064,0.016722331142878723,0.0,0.0,True,False,True,5,5
PushT,jepa_wm_pusht,50,6,fidelity_constrained_shuffled_geometry__seed11437,fidelity_constrained_shuffled_geometry,11437,0,13501,1,3.224671231347483,0.026574968337305327,0.6799325238708473,0.6799325238708473,True,False,False,8,1
PushT,jepa_wm_pusht,50,6,fidelity_constrained_shuffled_geometry__seed11437,fidelity_constrained_shuffled_geometry,11437,1,13519,1,2.6562968966681706,0.026574968337305327,1.0,1.0,True,False,False,0,1
PushT,jepa_wm_pusht,50,6,fidelity_constrained_shuffled_geometry__seed11437,fidelity_constrained_shuffled_geometry,11437,2,13537,1,2.075056052489656,0.026574968337305327,0.932744916162424,0.932744916162424,True,False,False,9,1
PushT,jepa_wm_pusht,50,6,fidelity_constrained_shuffled_geometry__seed11437,fidelity_constrained_shuffled_geometry,11437,0,13501,3,1.180641565423053,0.12856031447576668,0.0,0.0,True,False,True,2,2
PushT,jepa_wm_pusht,50,6,fidelity_constrained_shuffled_geometry__seed11437,fidelity_constrained_shuffled_geometry,11437,1,13519,3,1.7774773854367383,0.12856031447576668,1.0,1.0,True,False,False,0,2
PushT,jepa_wm_pusht,50,6,fidelity_constrained_shuffled_geometry__seed11437,fidelity_constrained_shuffled_geometry,11437,2,13537,3,0.6544674401954349,0.12856031447576668,0.0,0.0,True,False,True,2,2
PushT,jepa_wm_pusht,50,6,fidelity_constrained_shuffled_geometry__seed11437,fidelity_constrained_shuffled_geometry,11437,0,13501,6,1.2015063090620894,0.022119626255265364,0.022119626255265364,0.022119626255265364,True,False,False,3,2
PushT,jepa_wm_pusht,50,6,fidelity_constrained_shuffled_geometry__seed11437,fidelity_constrained_shuffled_geometry,11437,1,13519,6,1.7769302939266296,0.022119626255265364,0.8906714811949892,0.8906714811949892,True,False,False,0,2
PushT,jepa_wm_pusht,50,6,fidelity_constrained_shuffled_geometry__seed11437,fidelity_constrained_shuffled_geometry,11437,2,13537,6,1.1014703147591358,0.022119626255265364,0.0,0.0,True,False,True,2,2
PushT,jepa_wm_pusht,51,6,fidelity_constrained_shuffled_geometry__seed11437,fidelity_constrained_shuffled_geometry,11437,0,13501,1,0.736994263839962,0.15725227350300996,0.0,0.0,True,False,True,9,9
PushT,jepa_wm_pusht,51,6,fidelity_constrained_shuffled_geometry__seed11437,fidelity_constrained_shuffled_geometry,11437,1,13519,1,2.1558131191078544,0.15725227350300996,0.6974113697977925,0.6974113697977925,True,False,False,1,9
PushT,jepa_wm_pusht,51,6,fidelity_constrained_shuffled_geometry__seed11437,fidelity_constrained_shuffled_geometry,11437,2,13537,1,0.8449501547703946,0.15725227350300996,0.3905729249325504,0.3905729249325504,True,False,False,5,9
PushT,jepa_wm_pusht,51,6,fidelity_constrained_shuffled_geometry__seed11437,fidelity_constrained_shuffled_geometry,11437,0,13501,3,0.5490974584428925,0.3533778267573249,0.0,0.0,True,False,True,9,9
PushT,jepa_wm_pusht,51,6,fidelity_constrained_shuffled_geometry__seed11437,fidelity_constrained_shuffled_geometry,11437,1,13519,3,0.6426274213769924,0.3533778267573249,0.0,0.0,True,False,True,9,9
PushT,jepa_wm_pusht,51,6,fidelity_constrained_shuffled_geometry__seed11437,fidelity_constrained_shuffled_geometry,11437,2,13537,3,0.6943268200940126,0.3533778267573249,0.0,0.0,True,False,True,9,9
PushT,jepa_wm_pusht,51,6,fidelity_constrained_shuffled_geometry__seed11437,fidelity_constrained_shuffled_geometry,11437,0,13501,6,0.8687771821612708,0.7256929271533445,0.0,0.0,True,False,True,9,9
PushT,jepa_wm_pusht,51,6,fidelity_constrained_shuffled_geometry__seed11437,fidelity_constrained_shuffled_geometry,11437,1,13519,6,1.0359721777157278,0.7256929271533445,0.842907939437964,0.842907939437964,True,False,False,4,9
PushT,jepa_wm_pusht,51,6,fidelity_constrained_shuffled_geometry__seed11437,fidelity_constrained_shuffled_geometry,11437,2,13537,6,0.7617928562078421,0.7256929271533445,0.0,0.0,True,False,True,9,9
PushT,jepa_wm_pusht,52,6,fidelity_constrained_shuffled_geometry__seed11437,fidelity_constrained_shuffled_geometry,11437,0,13501,1,100.01285210892722,1.0,0.0,0.0,True,False,True,8,0
PushT,jepa_wm_pusht,52,6,fidelity_constrained_shuffled_geometry__seed11437,fidelity_constrained_shuffled_geometry,11437,1,13519,1,113.18176637583929,1.0,0.0,0.0,True,False,True,9,0
PushT,jepa_wm_pusht,52,6,fidelity_constrained_shuffled_geometry__seed11437,fidelity_constrained_shuffled_geometry,11437,2,13537,1,141.40463707017005,1.0,0.0,0.0,True,False,True,8,0
PushT,jepa_wm_pusht,52,6,fidelity_constrained_shuffled_geometry__seed11437,fidelity_constrained_shuffled_geometry,11437,0,13501,3,1.4450518064892142,0.13522847553569003,0.0,0.0,True,False,True,2,2
PushT,jepa_wm_pusht,52,6,fidelity_constrained_shuffled_geometry__seed11437,fidelity_constrained_shuffled_geometry,11437,1,13519,3,1.5378471386962078,0.13522847553569003,0.16532943752242021,0.16532943752242021,True,False,False,5,2
PushT,jepa_wm_pusht,52,6,fidelity_constrained_shuffled_geometry__seed11437,fidelity_constrained_shuffled_geometry,11437,2,13537,3,1.5233744712179367,0.13522847553569003,0.16532943752242021,0.16532943752242021,True,False,False,5,2
PushT,jepa_wm_pusht,52,6,fidelity_constrained_shuffled_geometry__seed11437,fidelity_constrained_shuffled_geometry,11437,0,13501,6,0.48562871443387684,0.16598777328898245,0.16598777328898245,0.16598777328898245,True,False,False,2,3
PushT,jepa_wm_pusht,52,6,fidelity_constrained_shuffled_geometry__seed11437,fidelity_constrained_shuffled_geometry,11437,1,13519,6,0.8947001705778662,0.16598777328898245,0.0,0.0,True,False,True,3,3
PushT,jepa_wm_pusht,52,6,fidelity_constrained_shuffled_geometry__seed11437,fidelity_constrained_shuffled_geometry,11437,2,13537,6,0.9982436951594269,0.16598777328898245,0.0,0.0,True,False,True,3,3
PushT,jepa_wm_pusht,53,6,fidelity_constrained_shuffled_geometry__seed11437,fidelity_constrained_shuffled_geometry,11437,0,13501,1,0.8686029102992887,0.014162641733778705,0.08395759494435326,0.08395759494435326,True,False,False,0,9
PushT,jepa_wm_pusht,53,6,fidelity_constrained_shuffled_geometry__seed11437,fidelity_constrained_shuffled_geometry,11437,1,13519,1,1.21990591700402,0.014162641733778705,0.08395759494435326,0.08395759494435326,True,False,False,0,9
PushT,jepa_wm_pusht,53,6,fidelity_constrained_shuffled_geometry__seed11437,fidelity_constrained_shuffled_geometry,11437,2,13537,1,1.7676653946506797,0.014162641733778705,0.056336870443013255,0.056336870443013255,True,False,False,5,9
PushT,jepa_wm_pusht,53,6,fidelity_constrained_shuffled_geometry__seed11437,fidelity_constrained_shuffled_geometry,11437,0,13501,3,1.1506758193806645,0.02265841164096627,0.0,0.0,True,False,True,5,5
PushT,jepa_wm_pusht,53,6,fidelity_constrained_shuffled_geometry__seed11437,fidelity_constrained_shuffled_geometry,11437,1,13519,3,0.6006704759482242,0.02265841164096627,0.02265841164096627,0.02265841164096627,True,False,False,2,5
PushT,jepa_wm_pusht,53,6,fidelity_constrained_shuffled_geometry__seed11437,fidelity_constrained_shuffled_geometry,11437,2,13537,3,0.739190774236423,0.02265841164096627,0.02265841164096627,0.02265841164096627,True,False,False,2,5
PushT,jepa_wm_pusht,53,6,fidelity_constrained_shuffled_geometry__seed11437,fidelity_constrained_shuffled_geometry,11437,0,13501,6,0.6430301854899768,0.011334226738608197,0.13701363728632635,0.13701363728632635,True,False,False,4,5
PushT,jepa_wm_pusht,53,6,fidelity_constrained_shuffled_geometry__seed11437,fidelity_constrained_shuffled_geometry,11437,1,13519,6,1.0209098206188318,0.011334226738608197,0.09295638934975486,0.09295638934975486,True,False,False,7,5
PushT,jepa_wm_pusht,53,6,fidelity_constrained_shuffled_geometry__seed11437,fidelity_constrained_shuffled_geometry,11437,2,13537,6,0.6822675386934482,0.011334226738608197,0.11645392932375082,0.11645392932375082,True,False,False,1,5
PushT,jepa_wm_pusht,54,6,fidelity_constrained_shuffled_geometry__seed11437,fidelity_constrained_shuffled_geometry,11437,0,13501,1,0.9552738388220263,0.10298439972869093,0.274829989886387,0.274829989886387,True,False,False,6,4
PushT,jepa_wm_pusht,54,6,fidelity_constrained_shuffled_geometry__seed11437,fidelity_constrained_shuffled_geometry,11437,1,13519,1,2.3039655962562704,0.10298439972869093,0.2607565298863312,0.2607565298863312,True,False,False,5,4
PushT,jepa_wm_pusht,54,6,fidelity_constrained_shuffled_geometry__seed11437,fidelity_constrained_shuffled_geometry,11437,2,13537,1,1.6230074996003097,0.10298439972869093,0.7609758752648195,0.7609758752648195,True,False,False,8,4
PushT,jepa_wm_pusht,54,6,fidelity_constrained_shuffled_geometry__seed11437,fidelity_constrained_shuffled_geometry,11437,0,13501,3,0.8145851122406799,0.1412244470232876,0.26008540625048937,0.26008540625048937,True,False,False,2,4
PushT,jepa_wm_pusht,54,6,fidelity_constrained_shuffled_geometry__seed11437,fidelity_constrained_shuffled_geometry,11437,1,13519,3,1.181989505159694,0.1412244470232876,0.26008540625048937,0.26008540625048937,True,False,False,2,4
PushT,jepa_wm_pusht,54,6,fidelity_constrained_shuffled_geometry__seed11437,fidelity_constrained_shuffled_geometry,11437,2,13537,3,0.6613278283244068,0.1412244470232876,0.26008540625048937,0.26008540625048937,True,False,False,2,4
PushT,jepa_wm_pusht,54,6,fidelity_constrained_shuffled_geometry__seed11437,fidelity_constrained_shuffled_geometry,11437,0,13501,6,1.3844685389519795,0.1005509547744337,0.46559384033378,0.46559384033378,True,False,False,2,4
PushT,jepa_wm_pusht,54,6,fidelity_constrained_shuffled_geometry__seed11437,fidelity_constrained_shuffled_geometry,11437,1,13519,6,1.5543635648603027,0.1005509547744337,0.46559384033378,0.46559384033378,True,False,False,2,4
PushT,jepa_wm_pusht,54,6,fidelity_constrained_shuffled_geometry__seed11437,fidelity_constrained_shuffled_geometry,11437,2,13537,6,1.3288272424541505,0.1005509547744337,0.0,0.0,True,False,True,4,4
PushT,jepa_wm_pusht,55,6,fidelity_constrained_shuffled_geometry__seed11437,fidelity_constrained_shuffled_geometry,11437,0,13501,1,5.822043267991256,1.0,1.0,1.0,True,False,False,6,0
PushT,jepa_wm_pusht,55,6,fidelity_constrained_shuffled_geometry__seed11437,fidelity_constrained_shuffled_geometry,11437,1,13519,1,10.858693069485351,1.0,0.0,0.0,True,False,True,8,0
PushT,jepa_wm_pusht,55,6,fidelity_constrained_shuffled_geometry__seed11437,fidelity_constrained_shuffled_geometry,11437,2,13537,1,5.010614168506274,1.0,0.0,0.0,True,False,True,1,0
PushT,jepa_wm_pusht,55,6,fidelity_constrained_shuffled_geometry__seed11437,fidelity_constrained_shuffled_geometry,11437,0,13501,3,1.2264165340276012,0.031059595022704112,0.0,0.0,True,False,True,8,8
PushT,jepa_wm_pusht,55,6,fidelity_constrained_shuffled_geometry__seed11437,fidelity_constrained_shuffled_geometry,11437,1,13519,3,2.0656258520212107,0.031059595022704112,1.0,1.0,True,False,False,6,8
PushT,jepa_wm_pusht,55,6,fidelity_constrained_shuffled_geometry__seed11437,fidelity_constrained_shuffled_geometry,11437,2,13537,3,1.2491304212399592,0.031059595022704112,0.031059595022704112,0.031059595022704112,True,False,False,7,8
PushT,jepa_wm_pusht,55,6,fidelity_constrained_shuffled_geometry__seed11437,fidelity_constrained_shuffled_geometry,11437,0,13501,6,1.4706015394613143,0.15704590216781106,0.15704590216781106,0.15704590216781106,True,False,False,2,3
PushT,jepa_wm_pusht,55,6,fidelity_constrained_shuffled_geometry__seed11437,fidelity_constrained_shuffled_geometry,11437,1,13519,6,1.4307061291364762,0.15704590216781106,0.15704590216781106,0.15704590216781106,True,False,False,2,3
PushT,jepa_wm_pusht,55,6,fidelity_constrained_shuffled_geometry__seed11437,fidelity_constrained_shuffled_geometry,11437,2,13537,6,1.676358750365148,0.15704590216781106,1.0,1.0,True,False,False,6,3
PushT,jepa_wm_pusht,8,1,fidelity_constrained_matched_geometry__seed11437,fidelity_constrained_matched_geometry,11437,0,13501,1,2.6851641538189948,0.01282478008355127,0.6955643107020344,0.6955643107020344,True,False,False,9,1
PushT,jepa_wm_pusht,8,1,fidelity_constrained_matched_geometry__seed11437,fidelity_constrained_matched_geometry,11437,1,13519,1,1.5832567046556854,0.01282478008355127,0.28610195971877866,0.28610195971877866,True,False,False,8,1
PushT,jepa_wm_pusht,8,1,fidelity_constrained_matched_geometry__seed11437,fidelity_constrained_matched_geometry,11437,2,13537,1,4.728761039229793,0.01282478008355127,0.01282478008355127,0.01282478008355127,True,False,False,6,1
PushT,jepa_wm_pusht,8,1,fidelity_constrained_matched_geometry__seed11437,fidelity_constrained_matched_geometry,11437,0,13501,3,2.8736613524739245,0.008427652349288942,1.0,1.0,True,False,False,8,6
PushT,jepa_wm_pusht,8,1,fidelity_constrained_matched_geometry__seed11437,fidelity_constrained_matched_geometry,11437,1,13519,3,1.722486549869762,0.008427652349288942,0.0,0.0,True,False,True,6,6
PushT,jepa_wm_pusht,8,1,fidelity_constrained_matched_geometry__seed11437,fidelity_constrained_matched_geometry,11437,2,13537,3,2.0320614144378464,0.008427652349288942,1.0,1.0,True,False,False,8,6
PushT,jepa_wm_pusht,8,1,fidelity_constrained_matched_geometry__seed11437,fidelity_constrained_matched_geometry,11437,0,13501,6,1.592895080161086,0.06182193572814055,0.30387846662727663,0.30387846662727663,True,False,False,2,1
PushT,jepa_wm_pusht,8,1,fidelity_constrained_matched_geometry__seed11437,fidelity_constrained_matched_geometry,11437,1,13519,6,2.037300228992333,0.06182193572814055,1.0,1.0,True,False,False,3,1
PushT,jepa_wm_pusht,8,1,fidelity_constrained_matched_geometry__seed11437,fidelity_constrained_matched_geometry,11437,2,13537,6,1.0009899571737546,0.06182193572814055,0.32844684597278534,0.32844684597278534,True,False,False,5,1
PushT,jepa_wm_pusht,9,1,fidelity_constrained_matched_geometry__seed11437,fidelity_constrained_matched_geometry,11437,0,13501,1,3.524097884123228,0.36553473865706543,0.0,0.0,True,False,True,0,0
PushT,jepa_wm_pusht,9,1,fidelity_constrained_matched_geometry__seed11437,fidelity_constrained_matched_geometry,11437,1,13519,1,3.923825164658635,0.36553473865706543,0.8274135674934155,0.8274135674934155,True,False,False,7,0
PushT,jepa_wm_pusht,9,1,fidelity_constrained_matched_geometry__seed11437,fidelity_constrained_matched_geometry,11437,2,13537,1,2.8537486836601302,0.36553473865706543,0.0,0.0,True,False,True,0,0
PushT,jepa_wm_pusht,9,1,fidelity_constrained_matched_geometry__seed11437,fidelity_constrained_matched_geometry,11437,0,13501,3,1.2022338536051234,0.09345141081727452,0.2415867066316891,0.2415867066316891,True,False,False,5,2
PushT,jepa_wm_pusht,9,1,fidelity_constrained_matched_geometry__seed11437,fidelity_constrained_matched_geometry,11437,1,13519,3,2.2178222912249193,0.09345141081727452,0.0,0.0,True,False,True,2,2
PushT,jepa_wm_pusht,9,1,fidelity_constrained_matched_geometry__seed11437,fidelity_constrained_matched_geometry,11437,2,13537,3,1.6533244996776038,0.09345141081727452,0.2415867066316891,0.2415867066316891,True,False,False,5,2
PushT,jepa_wm_pusht,9,1,fidelity_constrained_matched_geometry__seed11437,fidelity_constrained_matched_geometry,11437,0,13501,6,1.2870089127310753,0.0838834477847104,1.0,1.0,True,False,False,9,3
PushT,jepa_wm_pusht,9,1,fidelity_constrained_matched_geometry__seed11437,fidelity_constrained_matched_geometry,11437,1,13519,6,1.5658227168295937,0.0838834477847104,1.0,1.0,True,False,False,9,3
PushT,jepa_wm_pusht,9,1,fidelity_constrained_matched_geometry__seed11437,fidelity_constrained_matched_geometry,11437,2,13537,6,1.2036074957991536,0.0838834477847104,0.27893426755596323,0.27893426755596323,True,False,False,5,3
PushT,jepa_wm_pusht,10,1,fidelity_constrained_matched_geometry__seed11437,fidelity_constrained_matched_geometry,11437,0,13501,1,0.8823027037999901,0.12049358852617963,0.0,0.0,True,False,True,1,1
PushT,jepa_wm_pusht,10,1,fidelity_constrained_matched_geometry__seed11437,fidelity_constrained_matched_geometry,11437,1,13519,1,1.3426228476789206,0.12049358852617963,0.620166319521398,0.620166319521398,True,False,False,6,1
PushT,jepa_wm_pusht,10,1,fidelity_constrained_matched_geometry__seed11437,fidelity_constrained_matched_geometry,11437,2,13537,1,0.8304344849470453,0.12049358852617963,0.12049358852617963,0.12049358852617963,True,False,False,4,1
PushT,jepa_wm_pusht,10,1,fidelity_constrained_matched_geometry__seed11437,fidelity_constrained_matched_geometry,11437,0,13501,3,3.2763734056782288,0.1030047197118212,0.0,0.0,True,False,True,6,6
PushT,jepa_wm_pusht,10,1,fidelity_constrained_matched_geometry__seed11437,fidelity_constrained_matched_geometry,11437,1,13519,3,1.315638298780247,0.1030047197118212,0.1030047197118212,0.1030047197118212,True,False,False,4,6
PushT,jepa_wm_pusht,10,1,fidelity_constrained_matched_geometry__seed11437,fidelity_constrained_matched_geometry,11437,2,13537,3,1.418465236837309,0.1030047197118212,0.1030047197118212,0.1030047197118212,True,False,False,4,6
PushT,jepa_wm_pusht,10,1,fidelity_constrained_matched_geometry__seed11437,fidelity_constrained_matched_geometry,11437,0,13501,6,2.3385102677649967,0.2310393760683955,0.2310393760683955,0.2310393760683955,True,False,False,4,6
PushT,jepa_wm_pusht,10,1,fidelity_constrained_matched_geometry__seed11437,fidelity_constrained_matched_geometry,11437,1,13519,6,2.2143196981463977,0.2310393760683955,0.6789019354624969,0.6789019354624969,True,False,False,3,6
PushT,jepa_wm_pusht,10,1,fidelity_constrained_matched_geometry__seed11437,fidelity_constrained_matched_geometry,11437,2,13537,6,1.8285947216084864,0.2310393760683955,0.6789019354624969,0.6789019354624969,True,False,False,2,6
PushT,jepa_wm_pusht,11,1,fidelity_constrained_matched_geometry__seed11437,fidelity_constrained_matched_geometry,11437,0,13501,1,4.898570397982514,0.41336878890994966,0.49698986494663716,0.49698986494663716,True,False,False,8,7
PushT,jepa_wm_pusht,11,1,fidelity_constrained_matched_geometry__seed11437,fidelity_constrained_matched_geometry,11437,1,13519,1,2.029296474083403,0.41336878890994966,0.6306193291317473,0.6306193291317473,True,False,False,4,7
PushT,jepa_wm_pusht,11,1,fidelity_constrained_matched_geometry__seed11437,fidelity_constrained_matched_geometry,11437,2,13537,1,2.5135527940673588,0.41336878890994966,0.46780244700234286,0.46780244700234286,True,False,False,9,7
PushT,jepa_wm_pusht,11,1,fidelity_constrained_matched_geometry__seed11437,fidelity_constrained_matched_geometry,11437,0,13501,3,0.7113239840535579,0.2748698300443903,0.2748698300443903,0.2748698300443903,True,False,False,8,6
PushT,jepa_wm_pusht,11,1,fidelity_constrained_matched_geometry__seed11437,fidelity_constrained_matched_geometry,11437,1,13519,3,0.6167252025646421,0.2748698300443903,0.0,0.0,True,False,True,6,6
PushT,jepa_wm_pusht,11,1,fidelity_constrained_matched_geometry__seed11437,fidelity_constrained_matched_geometry,11437,2,13537,3,0.9611587517090842,0.2748698300443903,0.0,0.0,True,False,True,6,6
PushT,jepa_wm_pusht,11,1,fidelity_constrained_matched_geometry__seed11437,fidelity_constrained_matched_geometry,11437,0,13501,6,1.421479576176389,0.2434864252420023,0.0,0.0,True,False,True,6,6
PushT,jepa_wm_pusht,11,1,fidelity_constrained_matched_geometry__seed11437,fidelity_constrained_matched_geometry,11437,1,13519,6,1.459772242166393,0.2434864252420023,0.0,0.0,True,False,True,6,6
PushT,jepa_wm_pusht,11,1,fidelity_constrained_matched_geometry__seed11437,fidelity_constrained_matched_geometry,11437,2,13537,6,0.9461203988586562,0.2434864252420023,0.0,0.0,True,False,True,6,6
PushT,jepa_wm_pusht,12,1,fidelity_constrained_matched_geometry__seed11437,fidelity_constrained_matched_geometry,11437,0,13501,1,1.1981355231871456,0.09450672487896075,0.30421178027634105,0.30421178027634105,True,False,False,1,6
PushT,jepa_wm_pusht,12,1,fidelity_constrained_matched_geometry__seed11437,fidelity_constrained_matched_geometry,11437,1,13519,1,1.4338659544010002,0.09450672487896075,0.8207654932996075,0.8207654932996075,True,False,False,0,6
PushT,jepa_wm_pusht,12,1,fidelity_constrained_matched_geometry__seed11437,fidelity_constrained_matched_geometry,11437,2,13537,1,2.9121977081715227,0.09450672487896075,0.8864419510504964,0.8864419510504964,True,False,False,7,6
PushT,jepa_wm_pusht,12,1,fidelity_constrained_matched_geometry__seed11437,fidelity_constrained_matched_geometry,11437,0,13501,3,1.196138258679056,0.05556742065693472,0.0,0.0,True,False,True,4,4
PushT,jepa_wm_pusht,12,1,fidelity_constrained_matched_geometry__seed11437,fidelity_constrained_matched_geometry,11437,1,13519,3,1.1544534927705805,0.05556742065693472,0.09847152877843415,0.09847152877843415,True,False,False,2,4
PushT,jepa_wm_pusht,12,1,fidelity_constrained_matched_geometry__seed11437,fidelity_constrained_matched_geometry,11437,2,13537,3,1.3017897214093743,0.05556742065693472,0.09847152877843415,0.09847152877843415,True,False,False,2,4
PushT,jepa_wm_pusht,12,1,fidelity_constrained_matched_geometry__seed11437,fidelity_constrained_matched_geometry,11437,0,13501,6,1.023461535182789,0.01885074951463251,0.0,0.0,True,False,True,2,2
PushT,jepa_wm_pusht,12,1,fidelity_constrained_matched_geometry__seed11437,fidelity_constrained_matched_geometry,11437,1,13519,6,1.0189772704632873,0.01885074951463251,0.0,0.0,True,False,True,2,2
PushT,jepa_wm_pusht,12,1,fidelity_constrained_matched_geometry__seed11437,fidelity_constrained_matched_geometry,11437,2,13537,6,1.1325313063592368,0.01885074951463251,0.01885074951463251,0.01885074951463251,True,False,False,4,2
PushT,jepa_wm_pusht,13,1,fidelity_constrained_matched_geometry__seed11437,fidelity_constrained_matched_geometry,11437,0,13501,1,1.3714308524869796,0.05717193711490079,0.7753823480956951,0.7753823480956951,True,False,False,7,6
PushT,jepa_wm_pusht,13,1,fidelity_constrained_matched_geometry__seed11437,fidelity_constrained_matched_geometry,11437,1,13519,1,1.7833631107362726,0.05717193711490079,0.9488516591828323,0.9488516591828323,True,False,False,0,6
PushT,jepa_wm_pusht,13,1,fidelity_constrained_matched_geometry__seed11437,fidelity_constrained_matched_geometry,11437,2,13537,1,3.2847899054189016,0.05717193711490079,1.0,1.0,True,False,False,9,6
PushT,jepa_wm_pusht,13,1,fidelity_constrained_matched_geometry__seed11437,fidelity_constrained_matched_geometry,11437,0,13501,3,0.862930250044702,0.0161718104917741,0.0161718104917741,0.0161718104917741,True,False,False,4,2
PushT,jepa_wm_pusht,13,1,fidelity_constrained_matched_geometry__seed11437,fidelity_constrained_matched_geometry,11437,1,13519,3,1.0487033314350356,0.0161718104917741,0.0,0.0,True,False,True,2,2
PushT,jepa_wm_pusht,13,1,fidelity_constrained_matched_geometry__seed11437,fidelity_constrained_matched_geometry,11437,2,13537,3,1.2063727781454725,0.0161718104917741,0.0161718104917741,0.0161718104917741,True,False,False,4,2
PushT,jepa_wm_pusht,13,1,fidelity_constrained_matched_geometry__seed11437,fidelity_constrained_matched_geometry,11437,0,13501,6,0.9691185073701366,0.05290481855690444,0.05290481855690444,0.05290481855690444,True,False,False,4,2
PushT,jepa_wm_pusht,13,1,fidelity_constrained_matched_geometry__seed11437,fidelity_constrained_matched_geometry,11437,1,13519,6,0.8825358193908375,0.05290481855690444,0.0,0.0,True,False,True,2,2
PushT,jepa_wm_pusht,13,1,fidelity_constrained_matched_geometry__seed11437,fidelity_constrained_matched_geometry,11437,2,13537,6,1.0273899135096123,0.05290481855690444,0.05290481855690444,0.05290481855690444,True,False,False,4,2
PushT,jepa_wm_pusht,14,1,fidelity_constrained_matched_geometry__seed11437,fidelity_constrained_matched_geometry,11437,0,13501,1,17406.30626445668,inf,0.0,0.0,True,False,True,7,0
PushT,jepa_wm_pusht,14,1,fidelity_constrained_matched_geometry__seed11437,fidelity_constrained_matched_geometry,11437,1,13519,1,22284.672511134617,inf,0.0,0.0,True,False,True,7,0
PushT,jepa_wm_pusht,14,1,fidelity_constrained_matched_geometry__seed11437,fidelity_constrained_matched_geometry,11437,2,13537,1,40444.876126140276,inf,0.0,0.0,True,False,True,1,0
PushT,jepa_wm_pusht,14,1,fidelity_constrained_matched_geometry__seed11437,fidelity_constrained_matched_geometry,11437,0,13501,3,1.311197699777274,0.22439910568143512,0.22439910568143512,0.22439910568143512,True,False,False,5,2
PushT,jepa_wm_pusht,14,1,fidelity_constrained_matched_geometry__seed11437,fidelity_constrained_matched_geometry,11437,1,13519,3,1.4913704482684933,0.22439910568143512,0.0,0.0,True,False,True,2,2
PushT,jepa_wm_pusht,14,1,fidelity_constrained_matched_geometry__seed11437,fidelity_constrained_matched_geometry,11437,2,13537,3,1.2319050633632629,0.22439910568143512,0.0,0.0,True,False,True,2,2
PushT,jepa_wm_pusht,14,1,fidelity_constrained_matched_geometry__seed11437,fidelity_constrained_matched_geometry,11437,0,13501,6,0.7122245498645846,0.10985312473301036,0.0,0.0,True,False,True,2,2
PushT,jepa_wm_pusht,14,1,fidelity_constrained_matched_geometry__seed11437,fidelity_constrained_matched_geometry,11437,1,13519,6,0.6364392011428369,0.10985312473301036,0.0,0.0,True,False,True,2,2
PushT,jepa_wm_pusht,14,1,fidelity_constrained_matched_geometry__seed11437,fidelity_constrained_matched_geometry,11437,2,13537,6,0.7243432853881072,0.10985312473301036,0.0,0.0,True,False,True,2,2
PushT,jepa_wm_pusht,15,1,fidelity_constrained_matched_geometry__seed11437,fidelity_constrained_matched_geometry,11437,0,13501,1,64484.08718449837,inf,0.0,0.0,True,False,True,7,0
PushT,jepa_wm_pusht,15,1,fidelity_constrained_matched_geometry__seed11437,fidelity_constrained_matched_geometry,11437,1,13519,1,27015.02119984955,inf,0.0,0.0,True,False,True,4,0
PushT,jepa_wm_pusht,15,1,fidelity_constrained_matched_geometry__seed11437,fidelity_constrained_matched_geometry,11437,2,13537,1,34554.83460061736,inf,0.0,0.0,True,False,True,4,0
PushT,jepa_wm_pusht,15,1,fidelity_constrained_matched_geometry__seed11437,fidelity_constrained_matched_geometry,11437,0,13501,3,1.4714157222545108,0.3147370809376674,0.0,0.0,True,False,True,2,2
PushT,jepa_wm_pusht,15,1,fidelity_constrained_matched_geometry__seed11437,fidelity_constrained_matched_geometry,11437,1,13519,3,0.6467959208486939,0.3147370809376674,0.0,0.0,True,False,True,2,2
PushT,jepa_wm_pusht,15,1,fidelity_constrained_matched_geometry__seed11437,fidelity_constrained_matched_geometry,11437,2,13537,3,1.157054780098185,0.3147370809376674,0.0,0.0,True,False,True,2,2
PushT,jepa_wm_pusht,15,1,fidelity_constrained_matched_geometry__seed11437,fidelity_constrained_matched_geometry,11437,0,13501,6,0.985376064441302,0.04855924422800973,0.0,0.0,True,False,True,3,3
PushT,jepa_wm_pusht,15,1,fidelity_constrained_matched_geometry__seed11437,fidelity_constrained_matched_geometry,11437,1,13519,6,0.47193961685581803,0.04855924422800973,0.0,0.0,True,False,True,3,3
PushT,jepa_wm_pusht,15,1,fidelity_constrained_matched_geometry__seed11437,fidelity_constrained_matched_geometry,11437,2,13537,6,1.0320073174002997,0.04855924422800973,0.0,0.0,True,False,True,3,3
PushT,jepa_wm_pusht,16,2,fidelity_constrained_matched_geometry__seed11437,fidelity_constrained_matched_geometry,11437,0,13501,1,0.7252441130313176,0.04667333317829818,0.0,0.0,True,False,True,4,4
PushT,jepa_wm_pusht,16,2,fidelity_constrained_matched_geometry__seed11437,fidelity_constrained_matched_geometry,11437,1,13519,1,1.105045958125516,0.04667333317829818,0.04667333317829818,0.04667333317829818,True,False,False,6,4
PushT,jepa_wm_pusht,16,2,fidelity_constrained_matched_geometry__seed11437,fidelity_constrained_matched_geometry,11437,2,13537,1,1.0970403342114616,0.04667333317829818,0.04667333317829818,0.04667333317829818,True,False,False,6,4
PushT,jepa_wm_pusht,16,2,fidelity_constrained_matched_geometry__seed11437,fidelity_constrained_matched_geometry,11437,0,13501,3,0.9707519568684337,0.32628899571658077,0.32628899571658077,0.32628899571658077,True,False,False,4,6
PushT,jepa_wm_pusht,16,2,fidelity_constrained_matched_geometry__seed11437,fidelity_constrained_matched_geometry,11437,1,13519,3,1.4526615318425515,0.32628899571658077,0.32628899571658077,0.32628899571658077,True,False,False,4,6
PushT,jepa_wm_pusht,16,2,fidelity_constrained_matched_geometry__seed11437,fidelity_constrained_matched_geometry,11437,2,13537,3,1.365859275019958,0.32628899571658077,0.32628899571658077,0.32628899571658077,True,False,False,4,6
PushT,jepa_wm_pusht,16,2,fidelity_constrained_matched_geometry__seed11437,fidelity_constrained_matched_geometry,11437,0,13501,6,1.0409853295897595,0.3019145847229555,0.0,0.0,True,False,True,6,6
PushT,jepa_wm_pusht,16,2,fidelity_constrained_matched_geometry__seed11437,fidelity_constrained_matched_geometry,11437,1,13519,6,1.1929224596501453,0.3019145847229555,0.3019145847229555,0.3019145847229555,True,False,False,4,6
PushT,jepa_wm_pusht,16,2,fidelity_constrained_matched_geometry__seed11437,fidelity_constrained_matched_geometry,11437,2,13537,6,0.9381555409078598,0.3019145847229555,0.3019145847229555,0.3019145847229555,True,False,False,4,6
PushT,jepa_wm_pusht,17,2,fidelity_constrained_matched_geometry__seed11437,fidelity_constrained_matched_geometry,11437,0,13501,1,38057.06502095828,inf,0.0,0.0,True,False,True,6,0
PushT,jepa_wm_pusht,17,2,fidelity_constrained_matched_geometry__seed11437,fidelity_constrained_matched_geometry,11437,1,13519,1,50930.504117405675,inf,0.0,0.0,True,False,True,6,0
PushT,jepa_wm_pusht,17,2,fidelity_constrained_matched_geometry__seed11437,fidelity_constrained_matched_geometry,11437,2,13537,1,57128.148386492154,inf,0.0,0.0,True,False,True,8,0
PushT,jepa_wm_pusht,17,2,fidelity_constrained_matched_geometry__seed11437,fidelity_constrained_matched_geometry,11437,0,13501,3,1.295435240190709,0.14967206398860944,0.14967206398860944,0.14967206398860944,True,False,False,5,2
PushT,jepa_wm_pusht,17,2,fidelity_constrained_matched_geometry__seed11437,fidelity_constrained_matched_geometry,11437,1,13519,3,1.9551891910334658,0.14967206398860944,0.0,0.0,True,False,True,2,2
PushT,jepa_wm_pusht,17,2,fidelity_constrained_matched_geometry__seed11437,fidelity_constrained_matched_geometry,11437,2,13537,3,1.4013670144991832,0.14967206398860944,0.6032872167889128,0.6032872167889128,True,False,False,0,2
PushT,jepa_wm_pusht,17,2,fidelity_constrained_matched_geometry__seed11437,fidelity_constrained_matched_geometry,11437,0,13501,6,0.6739337548359369,0.27989109651126526,0.0,0.0,True,False,True,3,3
PushT,jepa_wm_pusht,17,2,fidelity_constrained_matched_geometry__seed11437,fidelity_constrained_matched_geometry,11437,1,13519,6,1.1337235192574944,0.27989109651126526,0.0,0.0,True,False,True,3,3
PushT,jepa_wm_pusht,17,2,fidelity_constrained_matched_geometry__seed11437,fidelity_constrained_matched_geometry,11437,2,13537,6,1.0119846137259279,0.27989109651126526,0.0,0.0,True,False,True,3,3
PushT,jepa_wm_pusht,18,2,fidelity_constrained_matched_geometry__seed11437,fidelity_constrained_matched_geometry,11437,0,13501,1,14946.743410677149,inf,0.0,0.0,True,False,True,6,0
PushT,jepa_wm_pusht,18,2,fidelity_constrained_matched_geometry__seed11437,fidelity_constrained_matched_geometry,11437,1,13519,1,36003.41477469189,inf,0.0,0.0,True,False,True,7,0
PushT,jepa_wm_pusht,18,2,fidelity_constrained_matched_geometry__seed11437,fidelity_constrained_matched_geometry,11437,2,13537,1,78360.11166333582,inf,0.0,0.0,True,False,True,9,0
PushT,jepa_wm_pusht,18,2,fidelity_constrained_matched_geometry__seed11437,fidelity_constrained_matched_geometry,11437,0,13501,3,1.419362427880375,0.27850140655302486,0.44201480759003287,0.44201480759003287,True,False,False,5,2
PushT,jepa_wm_pusht,18,2,fidelity_constrained_matched_geometry__seed11437,fidelity_constrained_matched_geometry,11437,1,13519,3,1.5422971072493141,0.27850140655302486,0.44201480759003287,0.44201480759003287,True,False,False,5,2
PushT,jepa_wm_pusht,18,2,fidelity_constrained_matched_geometry__seed11437,fidelity_constrained_matched_geometry,11437,2,13537,3,2.373297508145908,0.27850140655302486,0.44201480759003287,0.44201480759003287,True,False,False,5,2
PushT,jepa_wm_pusht,18,2,fidelity_constrained_matched_geometry__seed11437,fidelity_constrained_matched_geometry,11437,0,13501,6,0.985565586525705,0.045141008814957334,0.36289437302384253,0.36289437302384253,True,False,False,5,2
PushT,jepa_wm_pusht,18,2,fidelity_constrained_matched_geometry__seed11437,fidelity_constrained_matched_geometry,11437,1,13519,6,1.5401544019791418,0.045141008814957334,1.0,1.0,True,False,False,7,2
PushT,jepa_wm_pusht,18,2,fidelity_constrained_matched_geometry__seed11437,fidelity_constrained_matched_geometry,11437,2,13537,6,1.2166905167733368,0.045141008814957334,0.36289437302384253,0.36289437302384253,True,False,False,5,2
PushT,jepa_wm_pusht,19,2,fidelity_constrained_matched_geometry__seed11437,fidelity_constrained_matched_geometry,11437,0,13501,1,4.928130821026578,0.30581859652833554,0.30581859652833554,0.30581859652833554,True,False,False,9,7
PushT,jepa_wm_pusht,19,2,fidelity_constrained_matched_geometry__seed11437,fidelity_constrained_matched_geometry,11437,1,13519,1,4.543856046849651,0.30581859652833554,0.7032907354635126,0.7032907354635126,True,False,False,5,7
PushT,jepa_wm_pusht,19,2,fidelity_constrained_matched_geometry__seed11437,fidelity_constrained_matched_geometry,11437,2,13537,1,4.133331394670954,0.30581859652833554,0.30581859652833554,0.30581859652833554,True,False,False,9,7
PushT,jepa_wm_pusht,19,2,fidelity_constrained_matched_geometry__seed11437,fidelity_constrained_matched_geometry,11437,0,13501,3,2.3809216199809926,0.08549327156519568,0.0,0.0,True,False,True,7,7
PushT,jepa_wm_pusht,19,2,fidelity_constrained_matched_geometry__seed11437,fidelity_constrained_matched_geometry,11437,1,13519,3,1.1150378792896425,0.08549327156519568,0.0,0.0,True,False,True,7,7
PushT,jepa_wm_pusht,19,2,fidelity_constrained_matched_geometry__seed11437,fidelity_constrained_matched_geometry,11437,2,13537,3,1.7485302829165532,0.08549327156519568,0.0,0.0,True,False,True,7,7
PushT,jepa_wm_pusht,19,2,fidelity_constrained_matched_geometry__seed11437,fidelity_constrained_matched_geometry,11437,0,13501,6,2.396372575862575,0.05206520357815755,0.0,0.0,True,False,True,5,5
PushT,jepa_wm_pusht,19,2,fidelity_constrained_matched_geometry__seed11437,fidelity_constrained_matched_geometry,11437,1,13519,6,2.184388985808562,0.05206520357815755,0.0,0.0,True,False,True,5,5
PushT,jepa_wm_pusht,19,2,fidelity_constrained_matched_geometry__seed11437,fidelity_constrained_matched_geometry,11437,2,13537,6,2.465786719840748,0.05206520357815755,0.05206520357815755,0.05206520357815755,True,False,False,7,5
PushT,jepa_wm_pusht,20,2,fidelity_constrained_matched_geometry__seed11437,fidelity_constrained_matched_geometry,11437,0,13501,1,1.1392963521039727,0.071849549171498,0.071849549171498,0.071849549171498,True,False,False,6,8
PushT,jepa_wm_pusht,20,2,fidelity_constrained_matched_geometry__seed11437,fidelity_constrained_matched_geometry,11437,1,13519,1,1.1588272486212194,0.071849549171498,0.071849549171498,0.071849549171498,True,False,False,6,8
PushT,jepa_wm_pusht,20,2,fidelity_constrained_matched_geometry__seed11437,fidelity_constrained_matched_geometry,11437,2,13537,1,1.8592895895859562,0.071849549171498,0.0,0.0,True,False,True,8,8
PushT,jepa_wm_pusht,20,2,fidelity_constrained_matched_geometry__seed11437,fidelity_constrained_matched_geometry,11437,0,13501,3,1.2050036133423037,0.06837919317243876,0.4266659652735245,0.4266659652735245,True,False,False,4,8
PushT,jepa_wm_pusht,20,2,fidelity_constrained_matched_geometry__seed11437,fidelity_constrained_matched_geometry,11437,1,13519,3,1.9794733993055444,0.06837919317243876,0.9103992805710343,0.9103992805710343,True,False,False,5,8
PushT,jepa_wm_pusht,20,2,fidelity_constrained_matched_geometry__seed11437,fidelity_constrained_matched_geometry,11437,2,13537,3,1.503576145825475,0.06837919317243876,0.6926795848253594,0.6926795848253594,True,False,False,2,8
PushT,jepa_wm_pusht,20,2,fidelity_constrained_matched_geometry__seed11437,fidelity_constrained_matched_geometry,11437,0,13501,6,1.8211339520369045,0.056057307459408214,1.0,1.0,True,False,False,3,8
PushT,jepa_wm_pusht,20,2,fidelity_constrained_matched_geometry__seed11437,fidelity_constrained_matched_geometry,11437,1,13519,6,1.9865024018349018,0.056057307459408214,1.0,1.0,True,False,False,3,8
PushT,jepa_wm_pusht,20,2,fidelity_constrained_matched_geometry__seed11437,fidelity_constrained_matched_geometry,11437,2,13537,6,1.652400186153707,0.056057307459408214,1.0,1.0,True,False,False,3,8
PushT,jepa_wm_pusht,21,2,fidelity_constrained_matched_geometry__seed11437,fidelity_constrained_matched_geometry,11437,0,13501,1,50901.00687599774,inf,0.0,0.0,True,False,True,9,0
PushT,jepa_wm_pusht,21,2,fidelity_constrained_matched_geometry__seed11437,fidelity_constrained_matched_geometry,11437,1,13519,1,42709.513453130334,inf,0.0,0.0,True,False,True,4,0
PushT,jepa_wm_pusht,21,2,fidelity_constrained_matched_geometry__seed11437,fidelity_constrained_matched_geometry,11437,2,13537,1,42069.29521689699,inf,0.0,0.0,True,False,True,0,0
PushT,jepa_wm_pusht,21,2,fidelity_constrained_matched_geometry__seed11437,fidelity_constrained_matched_geometry,11437,0,13501,3,2.25997992527655,0.10022651401688715,0.10022651401688715,0.10022651401688715,True,False,False,5,2
PushT,jepa_wm_pusht,21,2,fidelity_constrained_matched_geometry__seed11437,fidelity_constrained_matched_geometry,11437,1,13519,3,2.9432988872539076,0.10022651401688715,0.45436799300297653,0.45436799300297653,True,False,False,1,2
PushT,jepa_wm_pusht,21,2,fidelity_constrained_matched_geometry__seed11437,fidelity_constrained_matched_geometry,11437,2,13537,3,3.5133282083738746,0.10022651401688715,0.6588348079990693,0.6588348079990693,True,False,False,8,2
PushT,jepa_wm_pusht,21,2,fidelity_constrained_matched_geometry__seed11437,fidelity_constrained_matched_geometry,11437,0,13501,6,0.7890048502548255,0.32957479347041385,0.0,0.0,True,False,True,3,3
PushT,jepa_wm_pusht,21,2,fidelity_constrained_matched_geometry__seed11437,fidelity_constrained_matched_geometry,11437,1,13519,6,0.892038174909364,0.32957479347041385,0.0,0.0,True,False,True,3,3
PushT,jepa_wm_pusht,21,2,fidelity_constrained_matched_geometry__seed11437,fidelity_constrained_matched_geometry,11437,2,13537,6,1.003513827224766,0.32957479347041385,0.0,0.0,True,False,True,3,3
PushT,jepa_wm_pusht,22,2,fidelity_constrained_matched_geometry__seed11437,fidelity_constrained_matched_geometry,11437,0,13501,1,69.00455243178699,1.0,1.0,1.0,True,False,False,0,6
PushT,jepa_wm_pusht,22,2,fidelity_constrained_matched_geometry__seed11437,fidelity_constrained_matched_geometry,11437,1,13519,1,76.37605384039182,1.0,1.0,1.0,True,False,False,4,6
PushT,jepa_wm_pusht,22,2,fidelity_constrained_matched_geometry__seed11437,fidelity_constrained_matched_geometry,11437,2,13537,1,87.04771868138663,1.0,0.0,0.0,True,False,True,6,6
PushT,jepa_wm_pusht,22,2,fidelity_constrained_matched_geometry__seed11437,fidelity_constrained_matched_geometry,11437,0,13501,3,0.7172009656244063,0.1402584854949118,0.0,0.0,True,False,True,4,4
PushT,jepa_wm_pusht,22,2,fidelity_constrained_matched_geometry__seed11437,fidelity_constrained_matched_geometry,11437,1,13519,3,1.0553266231543557,0.1402584854949118,0.1402584854949118,0.1402584854949118,True,False,False,2,4
PushT,jepa_wm_pusht,22,2,fidelity_constrained_matched_geometry__seed11437,fidelity_constrained_matched_geometry,11437,2,13537,3,1.9300025801498846,0.1402584854949118,0.0,0.0,True,False,True,4,4
PushT,jepa_wm_pusht,22,2,fidelity_constrained_matched_geometry__seed11437,fidelity_constrained_matched_geometry,11437,0,13501,6,0.7110425458799133,0.16420548128968346,0.41054727963594595,0.41054727963594595,True,False,False,3,4
PushT,jepa_wm_pusht,22,2,fidelity_constrained_matched_geometry__seed11437,fidelity_constrained_matched_geometry,11437,1,13519,6,0.7454872441657455,0.16420548128968346,0.0,0.0,True,False,True,4,4
PushT,jepa_wm_pusht,22,2,fidelity_constrained_matched_geometry__seed11437,fidelity_constrained_matched_geometry,11437,2,13537,6,0.9638895562906172,0.16420548128968346,0.0,0.0,True,False,True,4,4
PushT,jepa_wm_pusht,23,2,fidelity_constrained_matched_geometry__seed11437,fidelity_constrained_matched_geometry,11437,0,13501,1,1.8938795505744601,0.020457435985849055,0.8184373479905506,0.8184373479905506,True,False,False,6,9
PushT,jepa_wm_pusht,23,2,fidelity_constrained_matched_geometry__seed11437,fidelity_constrained_matched_geometry,11437,1,13519,1,1.8893169148775397,0.020457435985849055,0.29387193680648627,0.29387193680648627,True,False,False,1,9
PushT,jepa_wm_pusht,23,2,fidelity_constrained_matched_geometry__seed11437,fidelity_constrained_matched_geometry,11437,2,13537,1,1.8721500484875593,0.020457435985849055,0.5842417127270264,0.5842417127270264,True,False,False,4,9
PushT,jepa_wm_pusht,23,2,fidelity_constrained_matched_geometry__seed11437,fidelity_constrained_matched_geometry,11437,0,13501,3,1.380935914903303,0.00801155301203528,0.24599877825290165,0.24599877825290165,True,False,False,4,9
PushT,jepa_wm_pusht,23,2,fidelity_constrained_matched_geometry__seed11437,fidelity_constrained_matched_geometry,11437,1,13519,3,0.7899510388444086,0.00801155301203528,0.10029137060733691,0.10029137060733691,True,False,False,2,9
PushT,jepa_wm_pusht,23,2,fidelity_constrained_matched_geometry__seed11437,fidelity_constrained_matched_geometry,11437,2,13537,3,1.3567436037489276,0.00801155301203528,0.24599877825290165,0.24599877825290165,True,False,False,4,9
PushT,jepa_wm_pusht,23,2,fidelity_constrained_matched_geometry__seed11437,fidelity_constrained_matched_geometry,11437,0,13501,6,1.2533878659594777,0.005423206725342201,0.00624987304378611,0.00624987304378611,True,False,False,3,9
PushT,jepa_wm_pusht,23,2,fidelity_constrained_matched_geometry__seed11437,fidelity_constrained_matched_geometry,11437,1,13519,6,1.2033641674631272,0.005423206725342201,0.01666363785413529,0.01666363785413529,True,False,False,2,9
PushT,jepa_wm_pusht,23,2,fidelity_constrained_matched_geometry__seed11437,fidelity_constrained_matched_geometry,11437,2,13537,6,1.2891231920251751,0.005423206725342201,0.10275826883957667,0.10275826883957667,True,False,False,4,9
PushT,jepa_wm_pusht,48,6,fidelity_constrained_matched_geometry__seed11437,fidelity_constrained_matched_geometry,11437,0,13501,1,3.1409700145402493,0.010481511777836317,1.0,1.0,True,False,False,8,9
PushT,jepa_wm_pusht,48,6,fidelity_constrained_matched_geometry__seed11437,fidelity_constrained_matched_geometry,11437,1,13519,1,3.2667564584090143,0.010481511777836317,0.10419362947361568,0.10419362947361568,True,False,False,5,9
PushT,jepa_wm_pusht,48,6,fidelity_constrained_matched_geometry__seed11437,fidelity_constrained_matched_geometry,11437,2,13537,1,2.2140375131756223,0.010481511777836317,0.09012243500443963,0.09012243500443963,True,False,False,0,9
PushT,jepa_wm_pusht,48,6,fidelity_constrained_matched_geometry__seed11437,fidelity_constrained_matched_geometry,11437,0,13501,3,1.0690155596469226,0.03292797551033872,0.03292797551033872,0.03292797551033872,True,False,False,7,5
PushT,jepa_wm_pusht,48,6,fidelity_constrained_matched_geometry__seed11437,fidelity_constrained_matched_geometry,11437,1,13519,3,0.4917823740547216,0.03292797551033872,0.03292797551033872,0.03292797551033872,True,False,False,7,5
PushT,jepa_wm_pusht,48,6,fidelity_constrained_matched_geometry__seed11437,fidelity_constrained_matched_geometry,11437,2,13537,3,0.9352858939637351,0.03292797551033872,0.0,0.0,True,False,True,5,5
PushT,jepa_wm_pusht,48,6,fidelity_constrained_matched_geometry__seed11437,fidelity_constrained_matched_geometry,11437,0,13501,6,0.721743531953883,0.0189945493625357,0.0,0.0,True,False,True,5,5
PushT,jepa_wm_pusht,48,6,fidelity_constrained_matched_geometry__seed11437,fidelity_constrained_matched_geometry,11437,1,13519,6,1.1412045668953072,0.0189945493625357,0.39936556443856897,0.39936556443856897,True,False,False,9,5
PushT,jepa_wm_pusht,48,6,fidelity_constrained_matched_geometry__seed11437,fidelity_constrained_matched_geometry,11437,2,13537,6,1.1817989948817835,0.0189945493625357,0.0,0.0,True,False,True,5,5
PushT,jepa_wm_pusht,49,6,fidelity_constrained_matched_geometry__seed11437,fidelity_constrained_matched_geometry,11437,0,13501,1,1.6043950111468228,0.021846463468537518,0.3961841050703398,0.3961841050703398,True,False,False,9,5
PushT,jepa_wm_pusht,49,6,fidelity_constrained_matched_geometry__seed11437,fidelity_constrained_matched_geometry,11437,1,13519,1,1.1365667860142132,0.021846463468537518,0.19612234939085493,0.19612234939085493,True,False,False,1,5
PushT,jepa_wm_pusht,49,6,fidelity_constrained_matched_geometry__seed11437,fidelity_constrained_matched_geometry,11437,2,13537,1,2.342338578861951,0.021846463468537518,0.3961841050703398,0.3961841050703398,True,False,False,9,5
PushT,jepa_wm_pusht,49,6,fidelity_constrained_matched_geometry__seed11437,fidelity_constrained_matched_geometry,11437,0,13501,3,0.5813329457130365,0.045795884377635314,0.0,0.0,True,False,True,5,5
PushT,jepa_wm_pusht,49,6,fidelity_constrained_matched_geometry__seed11437,fidelity_constrained_matched_geometry,11437,1,13519,3,0.3375893881202395,0.045795884377635314,0.0,0.0,True,False,True,5,5
PushT,jepa_wm_pusht,49,6,fidelity_constrained_matched_geometry__seed11437,fidelity_constrained_matched_geometry,11437,2,13537,3,0.8511267172441431,0.045795884377635314,0.0,0.0,True,False,True,5,5
PushT,jepa_wm_pusht,49,6,fidelity_constrained_matched_geometry__seed11437,fidelity_constrained_matched_geometry,11437,0,13501,6,0.602078416410358,0.016722331142878723,0.0,0.0,True,False,True,5,5
PushT,jepa_wm_pusht,49,6,fidelity_constrained_matched_geometry__seed11437,fidelity_constrained_matched_geometry,11437,1,13519,6,0.9082041043649205,0.016722331142878723,0.11307668388713481,0.11307668388713481,True,False,False,7,5
PushT,jepa_wm_pusht,49,6,fidelity_constrained_matched_geometry__seed11437,fidelity_constrained_matched_geometry,11437,2,13537,6,0.48948836238978993,0.016722331142878723,0.0,0.0,True,False,True,5,5
PushT,jepa_wm_pusht,50,6,fidelity_constrained_matched_geometry__seed11437,fidelity_constrained_matched_geometry,11437,0,13501,1,3.21198066012346,0.026574968337305327,0.6799325238708473,0.6799325238708473,True,False,False,8,1
PushT,jepa_wm_pusht,50,6,fidelity_constrained_matched_geometry__seed11437,fidelity_constrained_matched_geometry,11437,1,13519,1,2.6693554102241284,0.026574968337305327,1.0,1.0,True,False,False,0,1
PushT,jepa_wm_pusht,50,6,fidelity_constrained_matched_geometry__seed11437,fidelity_constrained_matched_geometry,11437,2,13537,1,2.269921147984078,0.026574968337305327,0.932744916162424,0.932744916162424,True,False,False,9,1
PushT,jepa_wm_pusht,50,6,fidelity_constrained_matched_geometry__seed11437,fidelity_constrained_matched_geometry,11437,0,13501,3,1.0880984922760915,0.12856031447576668,0.0,0.0,True,False,True,2,2
PushT,jepa_wm_pusht,50,6,fidelity_constrained_matched_geometry__seed11437,fidelity_constrained_matched_geometry,11437,1,13519,3,1.7349674480961532,0.12856031447576668,0.1801982673819778,0.1801982673819778,True,False,False,5,2
PushT,jepa_wm_pusht,50,6,fidelity_constrained_matched_geometry__seed11437,fidelity_constrained_matched_geometry,11437,2,13537,3,0.8920846919173024,0.12856031447576668,0.0,0.0,True,False,True,2,2
PushT,jepa_wm_pusht,50,6,fidelity_constrained_matched_geometry__seed11437,fidelity_constrained_matched_geometry,11437,0,13501,6,1.2380410842199812,0.022119626255265364,0.11176022326401269,0.11176022326401269,True,False,False,4,2
PushT,jepa_wm_pusht,50,6,fidelity_constrained_matched_geometry__seed11437,fidelity_constrained_matched_geometry,11437,1,13519,6,2.4549150925191903,0.022119626255265364,0.8906714811949892,0.8906714811949892,True,False,False,0,2
PushT,jepa_wm_pusht,50,6,fidelity_constrained_matched_geometry__seed11437,fidelity_constrained_matched_geometry,11437,2,13537,6,1.1309323860203395,0.022119626255265364,0.19887118635918416,0.19887118635918416,True,False,False,1,2
PushT,jepa_wm_pusht,51,6,fidelity_constrained_matched_geometry__seed11437,fidelity_constrained_matched_geometry,11437,0,13501,1,0.7011388433068036,0.15725227350300996,0.0,0.0,True,False,True,9,9
PushT,jepa_wm_pusht,51,6,fidelity_constrained_matched_geometry__seed11437,fidelity_constrained_matched_geometry,11437,1,13519,1,1.9721471954717655,0.15725227350300996,0.6974113697977925,0.6974113697977925,True,False,False,1,9
PushT,jepa_wm_pusht,51,6,fidelity_constrained_matched_geometry__seed11437,fidelity_constrained_matched_geometry,11437,2,13537,1,0.7668494782146731,0.15725227350300996,0.3905729249325504,0.3905729249325504,True,False,False,5,9
PushT,jepa_wm_pusht,51,6,fidelity_constrained_matched_geometry__seed11437,fidelity_constrained_matched_geometry,11437,0,13501,3,0.47883495240399204,0.3533778267573249,0.0,0.0,True,False,True,9,9
PushT,jepa_wm_pusht,51,6,fidelity_constrained_matched_geometry__seed11437,fidelity_constrained_matched_geometry,11437,1,13519,3,0.7358054588767428,0.3533778267573249,0.0,0.0,True,False,True,9,9
PushT,jepa_wm_pusht,51,6,fidelity_constrained_matched_geometry__seed11437,fidelity_constrained_matched_geometry,11437,2,13537,3,0.8151120037578317,0.3533778267573249,0.3533778267573249,0.3533778267573249,True,False,False,7,9
PushT,jepa_wm_pusht,51,6,fidelity_constrained_matched_geometry__seed11437,fidelity_constrained_matched_geometry,11437,0,13501,6,0.8616507360652479,0.7256929271533445,0.0,0.0,True,False,True,9,9
PushT,jepa_wm_pusht,51,6,fidelity_constrained_matched_geometry__seed11437,fidelity_constrained_matched_geometry,11437,1,13519,6,1.0457015597615849,0.7256929271533445,0.842907939437964,0.842907939437964,True,False,False,4,9
PushT,jepa_wm_pusht,51,6,fidelity_constrained_matched_geometry__seed11437,fidelity_constrained_matched_geometry,11437,2,13537,6,0.8872865755959927,0.7256929271533445,0.0,0.0,True,False,True,9,9
PushT,jepa_wm_pusht,52,6,fidelity_constrained_matched_geometry__seed11437,fidelity_constrained_matched_geometry,11437,0,13501,1,92.60446512935556,1.0,0.0,0.0,True,False,True,8,0
PushT,jepa_wm_pusht,52,6,fidelity_constrained_matched_geometry__seed11437,fidelity_constrained_matched_geometry,11437,1,13519,1,111.4977135638887,1.0,0.0,0.0,True,False,True,9,0
PushT,jepa_wm_pusht,52,6,fidelity_constrained_matched_geometry__seed11437,fidelity_constrained_matched_geometry,11437,2,13537,1,151.68245778056811,1.0,0.0,0.0,True,False,True,8,0
PushT,jepa_wm_pusht,52,6,fidelity_constrained_matched_geometry__seed11437,fidelity_constrained_matched_geometry,11437,0,13501,3,1.628619877078524,0.13522847553569003,0.0,0.0,True,False,True,2,2
PushT,jepa_wm_pusht,52,6,fidelity_constrained_matched_geometry__seed11437,fidelity_constrained_matched_geometry,11437,1,13519,3,1.7863055484199941,0.13522847553569003,0.16532943752242021,0.16532943752242021,True,False,False,5,2
PushT,jepa_wm_pusht,52,6,fidelity_constrained_matched_geometry__seed11437,fidelity_constrained_matched_geometry,11437,2,13537,3,1.5256138076116488,0.13522847553569003,0.0,0.0,True,False,True,2,2
PushT,jepa_wm_pusht,52,6,fidelity_constrained_matched_geometry__seed11437,fidelity_constrained_matched_geometry,11437,0,13501,6,0.5858238216579218,0.16598777328898245,0.16598777328898245,0.16598777328898245,True,False,False,2,3
PushT,jepa_wm_pusht,52,6,fidelity_constrained_matched_geometry__seed11437,fidelity_constrained_matched_geometry,11437,1,13519,6,1.0979181871074488,0.16598777328898245,0.0,0.0,True,False,True,3,3
PushT,jepa_wm_pusht,52,6,fidelity_constrained_matched_geometry__seed11437,fidelity_constrained_matched_geometry,11437,2,13537,6,0.9910173724364106,0.16598777328898245,0.0,0.0,True,False,True,3,3
PushT,jepa_wm_pusht,53,6,fidelity_constrained_matched_geometry__seed11437,fidelity_constrained_matched_geometry,11437,0,13501,1,0.93242223941655,0.014162641733778705,0.08395759494435326,0.08395759494435326,True,False,False,0,9
PushT,jepa_wm_pusht,53,6,fidelity_constrained_matched_geometry__seed11437,fidelity_constrained_matched_geometry,11437,1,13519,1,1.6015061482269684,0.014162641733778705,0.08395759494435326,0.08395759494435326,True,False,False,0,9
PushT,jepa_wm_pusht,53,6,fidelity_constrained_matched_geometry__seed11437,fidelity_constrained_matched_geometry,11437,2,13537,1,1.9032198378041814,0.014162641733778705,0.056336870443013255,0.056336870443013255,True,False,False,5,9
PushT,jepa_wm_pusht,53,6,fidelity_constrained_matched_geometry__seed11437,fidelity_constrained_matched_geometry,11437,0,13501,3,0.9793224726822712,0.02265841164096627,0.0,0.0,True,False,True,5,5
PushT,jepa_wm_pusht,53,6,fidelity_constrained_matched_geometry__seed11437,fidelity_constrained_matched_geometry,11437,1,13519,3,0.5848352604601097,0.02265841164096627,0.1108930579907744,0.1108930579907744,True,False,False,7,5
PushT,jepa_wm_pusht,53,6,fidelity_constrained_matched_geometry__seed11437,fidelity_constrained_matched_geometry,11437,2,13537,3,0.6061332776112387,0.02265841164096627,0.02265841164096627,0.02265841164096627,True,False,False,2,5
PushT,jepa_wm_pusht,53,6,fidelity_constrained_matched_geometry__seed11437,fidelity_constrained_matched_geometry,11437,0,13501,6,0.5868164903341007,0.011334226738608197,0.13701363728632635,0.13701363728632635,True,False,False,4,5
PushT,jepa_wm_pusht,53,6,fidelity_constrained_matched_geometry__seed11437,fidelity_constrained_matched_geometry,11437,1,13519,6,1.0655963508691295,0.011334226738608197,0.09295638934975486,0.09295638934975486,True,False,False,7,5
PushT,jepa_wm_pusht,53,6,fidelity_constrained_matched_geometry__seed11437,fidelity_constrained_matched_geometry,11437,2,13537,6,0.6934273334913247,0.011334226738608197,0.11645392932375082,0.11645392932375082,True,False,False,1,5
PushT,jepa_wm_pusht,54,6,fidelity_constrained_matched_geometry__seed11437,fidelity_constrained_matched_geometry,11437,0,13501,1,1.0681010150866062,0.10298439972869093,0.274829989886387,0.274829989886387,True,False,False,6,4
PushT,jepa_wm_pusht,54,6,fidelity_constrained_matched_geometry__seed11437,fidelity_constrained_matched_geometry,11437,1,13519,1,2.5467281767543044,0.10298439972869093,0.5144474869020803,0.5144474869020803,True,False,False,7,4
PushT,jepa_wm_pusht,54,6,fidelity_constrained_matched_geometry__seed11437,fidelity_constrained_matched_geometry,11437,2,13537,1,1.6845433238076284,0.10298439972869093,0.7609758752648195,0.7609758752648195,True,False,False,8,4
PushT,jepa_wm_pusht,54,6,fidelity_constrained_matched_geometry__seed11437,fidelity_constrained_matched_geometry,11437,0,13501,3,1.0455187817590135,0.1412244470232876,0.26008540625048937,0.26008540625048937,True,False,False,2,4
PushT,jepa_wm_pusht,54,6,fidelity_constrained_matched_geometry__seed11437,fidelity_constrained_matched_geometry,11437,1,13519,3,1.3353388882568196,0.1412244470232876,0.26008540625048937,0.26008540625048937,True,False,False,2,4
PushT,jepa_wm_pusht,54,6,fidelity_constrained_matched_geometry__seed11437,fidelity_constrained_matched_geometry,11437,2,13537,3,0.7628026993098355,0.1412244470232876,0.26008540625048937,0.26008540625048937,True,False,False,2,4
PushT,jepa_wm_pusht,54,6,fidelity_constrained_matched_geometry__seed11437,fidelity_constrained_matched_geometry,11437,0,13501,6,1.7305685194751548,0.1005509547744337,0.46559384033378,0.46559384033378,True,False,False,2,4
PushT,jepa_wm_pusht,54,6,fidelity_constrained_matched_geometry__seed11437,fidelity_constrained_matched_geometry,11437,1,13519,6,1.7523465873330992,0.1005509547744337,0.46559384033378,0.46559384033378,True,False,False,2,4
PushT,jepa_wm_pusht,54,6,fidelity_constrained_matched_geometry__seed11437,fidelity_constrained_matched_geometry,11437,2,13537,6,1.615592668070568,0.1005509547744337,0.0,0.0,True,False,True,4,4
PushT,jepa_wm_pusht,55,6,fidelity_constrained_matched_geometry__seed11437,fidelity_constrained_matched_geometry,11437,0,13501,1,6.143930809441638,1.0,1.0,1.0,True,False,False,6,0
PushT,jepa_wm_pusht,55,6,fidelity_constrained_matched_geometry__seed11437,fidelity_constrained_matched_geometry,11437,1,13519,1,12.214128755402667,1.0,0.0,0.0,True,False,True,8,0
PushT,jepa_wm_pusht,55,6,fidelity_constrained_matched_geometry__seed11437,fidelity_constrained_matched_geometry,11437,2,13537,1,4.697424189288503,1.0,0.0,0.0,True,False,True,1,0
PushT,jepa_wm_pusht,55,6,fidelity_constrained_matched_geometry__seed11437,fidelity_constrained_matched_geometry,11437,0,13501,3,1.3460909962967227,0.031059595022704112,0.0,0.0,True,False,True,8,8
PushT,jepa_wm_pusht,55,6,fidelity_constrained_matched_geometry__seed11437,fidelity_constrained_matched_geometry,11437,1,13519,3,2.300369697254223,0.031059595022704112,1.0,1.0,True,False,False,6,8
PushT,jepa_wm_pusht,55,6,fidelity_constrained_matched_geometry__seed11437,fidelity_constrained_matched_geometry,11437,2,13537,3,1.4009281115626202,0.031059595022704112,0.5069549095951416,0.5069549095951416,True,False,False,4,8
PushT,jepa_wm_pusht,55,6,fidelity_constrained_matched_geometry__seed11437,fidelity_constrained_matched_geometry,11437,0,13501,6,1.5928664038046545,0.15704590216781106,1.0,1.0,True,False,False,6,3
PushT,jepa_wm_pusht,55,6,fidelity_constrained_matched_geometry__seed11437,fidelity_constrained_matched_geometry,11437,1,13519,6,1.2773262315123601,0.15704590216781106,0.15704590216781106,0.15704590216781106,True,False,False,2,3
PushT,jepa_wm_pusht,55,6,fidelity_constrained_matched_geometry__seed11437,fidelity_constrained_matched_geometry,11437,2,13537,6,1.7005843151339308,0.15704590216781106,1.0,1.0,True,False,False,6,3
Wall,jepa_wm_wall,8,1,frozen,frozen,-1,0,13501,1,0.7179966468424827,0.016152705182870427,0.42400141302921723,0.42400141302921723,True,False,False,7,2
Wall,jepa_wm_wall,8,1,frozen,frozen,-1,1,13519,1,0.7786556045551782,0.016152705182870427,0.12071148770637684,0.12071148770637684,True,False,False,5,2
Wall,jepa_wm_wall,8,1,frozen,frozen,-1,2,13537,1,0.8314594009562961,0.016152705182870427,0.13136509441264696,0.13136509441264696,True,False,False,3,2
Wall,jepa_wm_wall,8,1,frozen,frozen,-1,0,13501,3,0.40781363659153147,0.07614176734582923,0.08482373582968013,0.08482373582968013,True,False,False,5,4
Wall,jepa_wm_wall,8,1,frozen,frozen,-1,1,13519,3,0.5266422582504864,0.07614176734582923,0.08482373582968013,0.08482373582968013,True,False,False,5,4
Wall,jepa_wm_wall,8,1,frozen,frozen,-1,2,13537,3,0.4965541447256052,0.07614176734582923,0.08482373582968013,0.08482373582968013,True,False,False,5,4
Wall,jepa_wm_wall,8,1,frozen,frozen,-1,0,13501,6,0.3962066076269787,0.029846874393166266,0.0,0.0,True,False,True,4,4
Wall,jepa_wm_wall,8,1,frozen,frozen,-1,1,13519,6,0.3871995512220876,0.029846874393166266,0.0,0.0,True,False,True,4,4
Wall,jepa_wm_wall,8,1,frozen,frozen,-1,2,13537,6,0.45732902338208087,0.029846874393166266,0.0,0.0,True,False,True,4,4
Wall,jepa_wm_wall,9,1,frozen,frozen,-1,0,13501,1,0.6225881899367832,0.12507081777279483,0.42975130258508343,0.42975130258508343,True,False,False,7,1
Wall,jepa_wm_wall,9,1,frozen,frozen,-1,1,13519,1,0.44072111128676156,0.12507081777279483,0.0,0.0,True,False,True,1,1
Wall,jepa_wm_wall,9,1,frozen,frozen,-1,2,13537,1,0.9283935315716942,0.12507081777279483,0.12507081777279483,0.12507081777279483,True,False,False,5,1
Wall,jepa_wm_wall,9,1,frozen,frozen,-1,0,13501,3,0.5561229022858128,0.054847575896831174,0.0,0.0,True,False,True,1,1
Wall,jepa_wm_wall,9,1,frozen,frozen,-1,1,13519,3,0.41286209050136136,0.054847575896831174,0.0,0.0,True,False,True,1,1
Wall,jepa_wm_wall,9,1,frozen,frozen,-1,2,13537,3,0.6002394888741773,0.054847575896831174,0.0,0.0,True,False,True,1,1
Wall,jepa_wm_wall,9,1,frozen,frozen,-1,0,13501,6,0.7532190114735474,0.014740318180249878,0.09552012436264752,0.09552012436264752,True,False,False,4,2
Wall,jepa_wm_wall,9,1,frozen,frozen,-1,1,13519,6,0.5553509774083577,0.014740318180249878,0.09552012436264752,0.09552012436264752,True,False,False,4,2
Wall,jepa_wm_wall,9,1,frozen,frozen,-1,2,13537,6,0.7108262817556297,0.014740318180249878,0.4905475957211416,0.4905475957211416,True,False,False,5,2
Wall,jepa_wm_wall,10,1,frozen,frozen,-1,0,13501,1,0.6272582842504923,0.0012356039916028997,0.12286421707529614,0.12286421707529614,True,False,False,6,1
Wall,jepa_wm_wall,10,1,frozen,frozen,-1,1,13519,1,0.6579878528095588,0.0012356039916028997,0.0012356039916028997,0.0012356039916028997,True,False,False,4,1
Wall,jepa_wm_wall,10,1,frozen,frozen,-1,2,13537,1,0.48076539148979847,0.0012356039916028997,0.12286421707529614,0.12286421707529614,True,False,False,6,1
Wall,jepa_wm_wall,10,1,frozen,frozen,-1,0,13501,3,0.4593597155841977,0.15965748274850114,0.20731631818021912,0.20731631818021912,True,False,False,5,1
Wall,jepa_wm_wall,10,1,frozen,frozen,-1,1,13519,3,0.39961966344987626,0.15965748274850114,0.20731631818021912,0.20731631818021912,True,False,False,5,1
Wall,jepa_wm_wall,10,1,frozen,frozen,-1,2,13537,3,0.5032533254238681,0.15965748274850114,0.20731631818021912,0.20731631818021912,True,False,False,5,1
Wall,jepa_wm_wall,10,1,frozen,frozen,-1,0,13501,6,0.673598641322835,0.08421266293753488,0.0,0.0,True,False,True,1,1
Wall,jepa_wm_wall,10,1,frozen,frozen,-1,1,13519,6,0.6188052748832291,0.08421266293753488,0.0,0.0,True,False,True,1,1
Wall,jepa_wm_wall,10,1,frozen,frozen,-1,2,13537,6,0.6351460127171016,0.08421266293753488,0.0,0.0,True,False,True,1,1
Wall,jepa_wm_wall,11,1,frozen,frozen,-1,0,13501,1,0.6198507537572482,0.006092489128857203,0.03012359321854074,0.03012359321854074,True,False,False,2,1
Wall,jepa_wm_wall,11,1,frozen,frozen,-1,1,13519,1,0.2624336627310614,0.006092489128857203,0.006092489128857203,0.006092489128857203,True,False,False,4,1
Wall,jepa_wm_wall,11,1,frozen,frozen,-1,2,13537,1,0.3632607042181188,0.006092489128857203,0.0,0.0,True,False,True,1,1
Wall,jepa_wm_wall,11,1,frozen,frozen,-1,0,13501,3,0.35980272058213225,0.05350381994101328,0.0,0.0,True,False,True,1,1
Wall,jepa_wm_wall,11,1,frozen,frozen,-1,1,13519,3,0.447195870746517,0.05350381994101328,0.16557815588742084,0.16557815588742084,True,False,False,5,1
Wall,jepa_wm_wall,11,1,frozen,frozen,-1,2,13537,3,0.4872281749076942,0.05350381994101328,0.16557815588742084,0.16557815588742084,True,False,False,5,1
Wall,jepa_wm_wall,11,1,frozen,frozen,-1,0,13501,6,0.7071410913565721,0.029439984357622885,0.0,0.0,True,False,True,1,1
Wall,jepa_wm_wall,11,1,frozen,frozen,-1,1,13519,6,0.5988357145848414,0.029439984357622885,0.0,0.0,True,False,True,1,1
Wall,jepa_wm_wall,11,1,frozen,frozen,-1,2,13537,6,0.6492400901873108,0.029439984357622885,0.0,0.0,True,False,True,1,1
Wall,jepa_wm_wall,12,1,frozen,frozen,-1,0,13501,1,0.8534157387206833,0.12456447628524758,0.12456477430848922,0.12456477430848922,True,False,False,5,1
Wall,jepa_wm_wall,12,1,frozen,frozen,-1,1,13519,1,0.3662908226834353,0.12456447628524758,0.0,0.0,True,False,True,1,1
Wall,jepa_wm_wall,12,1,frozen,frozen,-1,2,13537,1,0.7260066824990946,0.12456447628524758,0.0,0.0,True,False,True,1,1
Wall,jepa_wm_wall,12,1,frozen,frozen,-1,0,13501,3,0.5917009829985003,0.06321905065029236,0.0,0.0,True,False,True,1,1
Wall,jepa_wm_wall,12,1,frozen,frozen,-1,1,13519,3,0.6701109203719352,0.06321905065029236,0.0,0.0,True,False,True,1,1
Wall,jepa_wm_wall,12,1,frozen,frozen,-1,2,13537,3,0.5512763238692553,0.06321905065029236,0.0,0.0,True,False,True,1,1
Wall,jepa_wm_wall,12,1,frozen,frozen,-1,0,13501,6,0.5252930258266888,0.051845683435020974,0.31883657143532496,0.31883657143532496,True,False,False,1,3
Wall,jepa_wm_wall,12,1,frozen,frozen,-1,1,13519,6,0.31732982434618234,0.051845683435020974,0.051845683435020974,0.051845683435020974,True,False,False,2,3
Wall,jepa_wm_wall,12,1,frozen,frozen,-1,2,13537,6,0.45186466544077436,0.051845683435020974,0.3089597241903806,0.3089597241903806,True,False,False,5,3
Wall,jepa_wm_wall,13,1,frozen,frozen,-1,0,13501,1,0.40144826079169627,0.0032743813559044216,0.0032743813559044216,0.0032743813559044216,True,False,False,3,1
Wall,jepa_wm_wall,13,1,frozen,frozen,-1,1,13519,1,0.6604161262073728,0.0032743813559044216,0.028695465844599356,0.028695465844599356,True,False,False,4,1
Wall,jepa_wm_wall,13,1,frozen,frozen,-1,2,13537,1,0.6348358373905479,0.0032743813559044216,0.014646054187181842,0.014646054187181842,True,False,False,2,1
Wall,jepa_wm_wall,13,1,frozen,frozen,-1,0,13501,3,0.26441768812143207,0.14527104206009775,0.0,0.0,True,False,True,4,4
Wall,jepa_wm_wall,13,1,frozen,frozen,-1,1,13519,3,0.2982680739963133,0.14527104206009775,0.0,0.0,True,False,True,4,4
Wall,jepa_wm_wall,13,1,frozen,frozen,-1,2,13537,3,0.4022885171455633,0.14527104206009775,0.14527104206009775,0.14527104206009775,True,False,False,5,4
Wall,jepa_wm_wall,13,1,frozen,frozen,-1,0,13501,6,0.3453753551080378,0.4162684616699494,0.0,0.0,True,True,True,4,4
Wall,jepa_wm_wall,13,1,frozen,frozen,-1,1,13519,6,0.33669620093205155,0.4162684616699494,0.0,0.0,True,True,True,4,4
Wall,jepa_wm_wall,13,1,frozen,frozen,-1,2,13537,6,0.2445005224734552,0.4162684616699494,0.0,0.0,True,True,True,4,4
Wall,jepa_wm_wall,14,1,frozen,frozen,-1,0,13501,1,0.6159210601061746,0.1235923244710162,0.0,0.0,True,False,True,1,1
Wall,jepa_wm_wall,14,1,frozen,frozen,-1,1,13519,1,0.47241263536027106,0.1235923244710162,0.1235923244710162,0.1235923244710162,True,False,False,5,1
Wall,jepa_wm_wall,14,1,frozen,frozen,-1,2,13537,1,0.8439265683759405,0.1235923244710162,0.1235923244710162,0.1235923244710162,True,False,False,5,1
Wall,jepa_wm_wall,14,1,frozen,frozen,-1,0,13501,3,0.872655146332659,0.02103669177229461,0.03871608563546807,0.03871608563546807,True,False,False,5,4
Wall,jepa_wm_wall,14,1,frozen,frozen,-1,1,13519,3,0.6459989488986845,0.02103669177229461,0.02103669177229461,0.02103669177229461,True,False,False,1,4
Wall,jepa_wm_wall,14,1,frozen,frozen,-1,2,13537,3,0.8184387364077711,0.02103669177229461,0.02103669177229461,0.02103669177229461,True,False,False,1,4
Wall,jepa_wm_wall,14,1,frozen,frozen,-1,0,13501,6,0.6960562028601271,0.018693811713921336,0.0,0.0,True,False,True,4,4
Wall,jepa_wm_wall,14,1,frozen,frozen,-1,1,13519,6,0.5178317244934793,0.018693811713921336,0.0,0.0,True,False,True,4,4
Wall,jepa_wm_wall,14,1,frozen,frozen,-1,2,13537,6,0.5436666324055062,0.018693811713921336,0.0,0.0,True,False,True,4,4
Wall,jepa_wm_wall,15,1,frozen,frozen,-1,0,13501,1,0.4752465083470297,0.12749000243931988,0.12749000243931988,0.12749000243931988,True,False,False,6,1
Wall,jepa_wm_wall,15,1,frozen,frozen,-1,1,13519,1,0.8789913602314551,0.12749000243931988,0.12749000243931988,0.12749000243931988,True,False,False,5,1
Wall,jepa_wm_wall,15,1,frozen,frozen,-1,2,13537,1,0.8049211450797702,0.12749000243931988,0.12749000243931988,0.12749000243931988,True,False,False,5,1
Wall,jepa_wm_wall,15,1,frozen,frozen,-1,0,13501,3,0.9074941772865126,0.019446629235054986,0.019446629235054986,0.019446629235054986,True,False,False,1,5
Wall,jepa_wm_wall,15,1,frozen,frozen,-1,1,13519,3,0.7733354729673583,0.019446629235054986,0.0,0.0,True,False,True,5,5
Wall,jepa_wm_wall,15,1,frozen,frozen,-1,2,13537,3,0.8564729629092362,0.019446629235054986,0.0,0.0,True,False,True,5,5
Wall,jepa_wm_wall,15,1,frozen,frozen,-1,0,13501,6,1.0789677627397096,0.02109195364658048,0.02109195364658048,0.02109195364658048,True,False,False,4,2
Wall,jepa_wm_wall,15,1,frozen,frozen,-1,1,13519,6,0.98257080569351,0.02109195364658048,0.02109195364658048,0.02109195364658048,True,False,False,4,2
Wall,jepa_wm_wall,15,1,frozen,frozen,-1,2,13537,6,1.0808269603640217,0.02109195364658048,0.02109195364658048,0.02109195364658048,True,False,False,4,2
Wall,jepa_wm_wall,16,2,frozen,frozen,-1,0,13501,1,0.5107905211242985,0.08029399387979654,0.163625439733162,0.163625439733162,True,False,False,3,1
Wall,jepa_wm_wall,16,2,frozen,frozen,-1,1,13519,1,0.21435707830096895,0.08029399387979654,0.0,0.0,True,False,True,1,1
Wall,jepa_wm_wall,16,2,frozen,frozen,-1,2,13537,1,0.2817772460644162,0.08029399387979654,0.0,0.0,True,False,True,1,1
Wall,jepa_wm_wall,16,2,frozen,frozen,-1,0,13501,3,0.8019573721853771,0.005638604719787298,0.1362528665233449,0.1362528665233449,True,False,False,5,2
Wall,jepa_wm_wall,16,2,frozen,frozen,-1,1,13519,3,1.254822107869876,0.005638604719787298,0.0780943539164202,0.0780943539164202,True,False,False,1,2
Wall,jepa_wm_wall,16,2,frozen,frozen,-1,2,13537,3,0.6552372017975012,0.005638604719787298,0.07872781905618415,0.07872781905618415,True,False,False,4,2
Wall,jepa_wm_wall,16,2,frozen,frozen,-1,0,13501,6,1.1697706254194418,0.0428317804300752,0.47836158155027136,0.47836158155027136,True,False,False,1,2
Wall,jepa_wm_wall,16,2,frozen,frozen,-1,1,13519,6,1.3041347474757823,0.0428317804300752,0.47836158155027136,0.47836158155027136,True,False,False,1,2
Wall,jepa_wm_wall,16,2,frozen,frozen,-1,2,13537,6,1.051265863328893,0.0428317804300752,0.47836158155027136,0.47836158155027136,True,False,False,1,2
Wall,jepa_wm_wall,17,2,frozen,frozen,-1,0,13501,1,1.0424192585106948,0.12688063729252005,0.12688078630405206,0.12688078630405206,True,False,False,5,1
Wall,jepa_wm_wall,17,2,frozen,frozen,-1,1,13519,1,0.6578115417710335,0.12688063729252005,0.0,0.0,True,False,True,1,1
Wall,jepa_wm_wall,17,2,frozen,frozen,-1,2,13537,1,0.6485747710723784,0.12688063729252005,0.21802652107246578,0.21802652107246578,True,False,False,3,1
Wall,jepa_wm_wall,17,2,frozen,frozen,-1,0,13501,3,0.915720416925829,0.0045777647931245415,0.0666852161712895,0.0666852161712895,True,False,False,5,1
Wall,jepa_wm_wall,17,2,frozen,frozen,-1,1,13519,3,0.9302183636854959,0.0045777647931245415,0.0,0.0,True,False,True,1,1
Wall,jepa_wm_wall,17,2,frozen,frozen,-1,2,13537,3,0.5710896369761633,0.0045777647931245415,0.0666852161712895,0.0666852161712895,True,False,False,5,1
Wall,jepa_wm_wall,17,2,frozen,frozen,-1,0,13501,6,1.21676002971111,0.00537754688799704,0.5173793022236458,0.5173793022236458,True,False,False,1,3
Wall,jepa_wm_wall,17,2,frozen,frozen,-1,1,13519,6,1.3347098485144706,0.00537754688799704,0.5173793022236458,0.5173793022236458,True,False,False,1,3
Wall,jepa_wm_wall,17,2,frozen,frozen,-1,2,13537,6,1.063043912073106,0.00537754688799704,0.5173793022236458,0.5173793022236458,True,False,False,1,3
Wall,jepa_wm_wall,18,2,frozen,frozen,-1,0,13501,1,0.7413336220192763,0.08790014078613739,0.0,0.0,True,False,True,1,1
Wall,jepa_wm_wall,18,2,frozen,frozen,-1,1,13519,1,0.4136177740722571,0.08790014078613739,0.0,0.0,True,False,True,1,1
Wall,jepa_wm_wall,18,2,frozen,frozen,-1,2,13537,1,0.5259469563315102,0.08790014078613739,0.0,0.0,True,False,True,1,1
Wall,jepa_wm_wall,18,2,frozen,frozen,-1,0,13501,3,0.6857477618208219,0.06357119324461176,0.0,0.0,True,False,True,1,1
Wall,jepa_wm_wall,18,2,frozen,frozen,-1,1,13519,3,0.47612942204913705,0.06357119324461176,0.0,0.0,True,False,True,1,1
Wall,jepa_wm_wall,18,2,frozen,frozen,-1,2,13537,3,0.41505434176012057,0.06357119324461176,0.0,0.0,True,False,True,1,1
Wall,jepa_wm_wall,18,2,frozen,frozen,-1,0,13501,6,0.9907775584622592,0.06074535502837518,0.079029886739769,0.079029886739769,True,False,False,4,6
Wall,jepa_wm_wall,18,2,frozen,frozen,-1,1,13519,6,1.0600737829585856,0.06074535502837518,0.079029886739769,0.079029886739769,True,False,False,4,6
Wall,jepa_wm_wall,18,2,frozen,frozen,-1,2,13537,6,0.46537357283959585,0.06074535502837518,0.079029886739769,0.079029886739769,True,False,False,4,6
Wall,jepa_wm_wall,19,2,frozen,frozen,-1,0,13501,1,0.6710900716540822,0.0012619796047764191,0.1265250410340812,0.1265250410340812,True,False,False,5,1
Wall,jepa_wm_wall,19,2,frozen,frozen,-1,1,13519,1,1.4350399651238968,0.0012619796047764191,0.4328822502546236,0.4328822502546236,True,False,False,7,1
Wall,jepa_wm_wall,19,2,frozen,frozen,-1,2,13537,1,0.808182532497284,0.0012619796047764191,0.0012619796047764191,0.0012619796047764191,True,False,False,2,1
Wall,jepa_wm_wall,19,2,frozen,frozen,-1,0,13501,3,0.6556063589471824,0.23155633681788695,0.30787988273780015,0.30787988273780015,True,False,False,5,1
Wall,jepa_wm_wall,19,2,frozen,frozen,-1,1,13519,3,0.820593360435533,0.23155633681788695,0.5496849397943441,0.5496849397943441,True,False,False,7,1
Wall,jepa_wm_wall,19,2,frozen,frozen,-1,2,13537,3,0.5571937601296675,0.23155633681788695,0.23643313898908538,0.23643313898908538,True,False,False,4,1
Wall,jepa_wm_wall,19,2,frozen,frozen,-1,0,13501,6,1.0590710833286503,0.021179216124354038,0.4811349945468107,0.4811349945468107,True,False,False,5,1
Wall,jepa_wm_wall,19,2,frozen,frozen,-1,1,13519,6,1.1033730446458374,0.021179216124354038,0.4811349945468107,0.4811349945468107,True,False,False,5,1
Wall,jepa_wm_wall,19,2,frozen,frozen,-1,2,13537,6,0.9691797026689918,0.021179216124354038,0.4811349945468107,0.4811349945468107,True,False,False,5,1
Wall,jepa_wm_wall,20,2,frozen,frozen,-1,0,13501,1,1.133245305098484,0.09692983861294002,0.5769228648680464,0.5769228648680464,True,False,False,0,1
Wall,jepa_wm_wall,20,2,frozen,frozen,-1,1,13519,1,1.3542198732101798,0.09692983861294002,0.5769228648680464,0.5769228648680464,True,False,False,0,1
Wall,jepa_wm_wall,20,2,frozen,frozen,-1,2,13537,1,0.9431646598586055,0.09692983861294002,0.12873249951384952,0.12873249951384952,True,False,False,6,1
Wall,jepa_wm_wall,20,2,frozen,frozen,-1,0,13501,3,0.8355124872899544,0.1083018003488066,0.22499358945128464,0.22499358945128464,True,False,False,5,6
Wall,jepa_wm_wall,20,2,frozen,frozen,-1,1,13519,3,1.2088061001628716,0.1083018003488066,0.22499358945128464,0.22499358945128464,True,False,False,5,6
Wall,jepa_wm_wall,20,2,frozen,frozen,-1,2,13537,3,0.588020903382547,0.1083018003488066,0.22499358945128464,0.22499358945128464,True,False,False,5,6
Wall,jepa_wm_wall,20,2,frozen,frozen,-1,0,13501,6,1.0555102222100754,0.054097226742439664,0.5175256334018074,0.5175256334018074,True,False,False,5,2
Wall,jepa_wm_wall,20,2,frozen,frozen,-1,1,13519,6,1.1463781659089078,0.054097226742439664,0.5175256334018074,0.5175256334018074,True,False,False,5,2
Wall,jepa_wm_wall,20,2,frozen,frozen,-1,2,13537,6,0.8956642657013149,0.054097226742439664,0.5175256334018074,0.5175256334018074,True,False,False,5,2
Wall,jepa_wm_wall,21,2,frozen,frozen,-1,0,13501,1,0.5771367533062656,0.1135563918087716,0.12442798164057622,0.12442798164057622,True,False,False,5,1
Wall,jepa_wm_wall,21,2,frozen,frozen,-1,1,13519,1,0.42946972966167674,0.1135563918087716,0.12442798164057622,0.12442798164057622,True,False,False,6,1
Wall,jepa_wm_wall,21,2,frozen,frozen,-1,2,13537,1,0.5657029324413206,0.1135563918087716,0.17076076094870335,0.17076076094870335,True,False,False,3,1
Wall,jepa_wm_wall,21,2,frozen,frozen,-1,0,13501,3,0.9982530304869591,0.03663146723505468,0.04961611849407828,0.04961611849407828,True,False,False,3,1
Wall,jepa_wm_wall,21,2,frozen,frozen,-1,1,13519,3,0.796653448265389,0.03663146723505468,0.1168170843053608,0.1168170843053608,True,False,False,5,1
Wall,jepa_wm_wall,21,2,frozen,frozen,-1,2,13537,3,0.563433491104991,0.03663146723505468,0.04961611849407828,0.04961611849407828,True,False,False,3,1
Wall,jepa_wm_wall,21,2,frozen,frozen,-1,0,13501,6,1.1210600746446997,0.08291059941356739,0.48324186008832426,0.48324186008832426,True,False,False,1,3
Wall,jepa_wm_wall,21,2,frozen,frozen,-1,1,13519,6,1.2337871811709362,0.08291059941356739,0.48324186008832426,0.48324186008832426,True,False,False,1,3
Wall,jepa_wm_wall,21,2,frozen,frozen,-1,2,13537,6,0.9353188072631966,0.08291059941356739,0.48324186008832426,0.48324186008832426,True,False,False,1,3
Wall,jepa_wm_wall,22,2,frozen,frozen,-1,0,13501,1,1.0441563649878838,0.12694286968112253,0.12694286968112253,0.12694286968112253,True,False,False,5,1
Wall,jepa_wm_wall,22,2,frozen,frozen,-1,1,13519,1,0.7031933973502209,0.12694286968112253,0.43377363790319756,0.43377363790319756,True,False,False,7,1
Wall,jepa_wm_wall,22,2,frozen,frozen,-1,2,13537,1,0.6313487033330984,0.12694286968112253,0.21914233368624259,0.21914233368624259,True,False,False,3,1
Wall,jepa_wm_wall,22,2,frozen,frozen,-1,0,13501,3,0.8941264213882403,0.0034078026238675394,0.06691081779439773,0.06691081779439773,True,False,False,5,1
Wall,jepa_wm_wall,22,2,frozen,frozen,-1,1,13519,3,0.9246210883169269,0.0034078026238675394,0.0,0.0,True,False,True,1,1
Wall,jepa_wm_wall,22,2,frozen,frozen,-1,2,13537,3,0.5731116628329331,0.0034078026238675394,0.06691081779439773,0.06691081779439773,True,False,False,5,1
Wall,jepa_wm_wall,22,2,frozen,frozen,-1,0,13501,6,1.2330056909729428,0.005672566228622634,0.5449193421845129,0.5449193421845129,True,False,False,1,3
Wall,jepa_wm_wall,22,2,frozen,frozen,-1,1,13519,6,1.29874644881455,0.005672566228622634,0.5449193421845129,0.5449193421845129,True,False,False,1,3
Wall,jepa_wm_wall,22,2,frozen,frozen,-1,2,13537,6,0.9756593450670753,0.005672566228622634,0.5449193421845129,0.5449193421845129,True,False,False,1,3
Wall,jepa_wm_wall,23,2,frozen,frozen,-1,0,13501,1,0.5118778362864383,0.0352215604069649,0.0,0.0,True,False,True,1,1
Wall,jepa_wm_wall,23,2,frozen,frozen,-1,1,13519,1,1.044488898255988,0.0352215604069649,0.0,0.0,True,False,True,1,1
Wall,jepa_wm_wall,23,2,frozen,frozen,-1,2,13537,1,0.60476278371448,0.0352215604069649,0.0,0.0,True,False,True,1,1
Wall,jepa_wm_wall,23,2,frozen,frozen,-1,0,13501,3,0.6726807397147013,0.06654741675461008,0.20090383817171387,0.20090383817171387,True,False,False,5,4
Wall,jepa_wm_wall,23,2,frozen,frozen,-1,1,13519,3,1.1290244228682347,0.06654741675461008,0.20090383817171387,0.20090383817171387,True,False,False,5,4
Wall,jepa_wm_wall,23,2,frozen,frozen,-1,2,13537,3,0.4674166188398353,0.06654741675461008,0.20090383817171387,0.20090383817171387,True,False,False,5,4
Wall,jepa_wm_wall,23,2,frozen,frozen,-1,0,13501,6,1.0356481657014238,0.02483818875576625,0.52226012105352,0.52226012105352,True,False,False,5,4
Wall,jepa_wm_wall,23,2,frozen,frozen,-1,1,13519,6,1.0988129412412149,0.02483818875576625,0.52226012105352,0.52226012105352,True,False,False,5,4
Wall,jepa_wm_wall,23,2,frozen,frozen,-1,2,13537,6,0.8864288004921576,0.02483818875576625,0.3589817567214553,0.3589817567214553,True,False,False,1,4
Wall,jepa_wm_wall,48,6,frozen,frozen,-1,0,13501,1,0.7266650961674515,0.001230240308132282,0.1221204240752783,0.1221204240752783,True,False,False,5,1
Wall,jepa_wm_wall,48,6,frozen,frozen,-1,1,13519,1,0.5207954948348181,0.001230240308132282,0.1221204240752783,0.1221204240752783,True,False,False,5,1
Wall,jepa_wm_wall,48,6,frozen,frozen,-1,2,13537,1,0.6724739353473138,0.001230240308132282,0.1221204240752783,0.1221204240752783,True,False,False,5,1
Wall,jepa_wm_wall,48,6,frozen,frozen,-1,0,13501,3,0.4504215183125396,0.19997904740567995,0.0,0.0,True,False,True,1,1
Wall,jepa_wm_wall,48,6,frozen,frozen,-1,1,13519,3,0.6874300523027048,0.19997904740567995,0.3045755010194801,0.3045755010194801,True,False,False,5,1
Wall,jepa_wm_wall,48,6,frozen,frozen,-1,2,13537,3,0.536403615794888,0.19997904740567995,0.3045755010194801,0.3045755010194801,True,False,False,5,1
Wall,jepa_wm_wall,48,6,frozen,frozen,-1,0,13501,6,0.7311134211780191,0.13991464109340168,0.0,0.0,True,False,True,1,1
Wall,jepa_wm_wall,48,6,frozen,frozen,-1,1,13519,6,0.7137206868651724,0.13991464109340168,0.0,0.0,True,False,True,1,1
Wall,jepa_wm_wall,48,6,frozen,frozen,-1,2,13537,6,0.6185873947998669,0.13991464109340168,0.0,0.0,True,False,True,1,1
Wall,jepa_wm_wall,49,6,frozen,frozen,-1,0,13501,1,1.074765718254363,0.0035333624998658895,0.0,0.0,True,False,True,1,1
Wall,jepa_wm_wall,49,6,frozen,frozen,-1,1,13519,1,0.32669179824966266,0.0035333624998658895,0.0,0.0,True,False,True,1,1
Wall,jepa_wm_wall,49,6,frozen,frozen,-1,2,13537,1,0.5499461412074766,0.0035333624998658895,0.0,0.0,True,False,True,1,1
Wall,jepa_wm_wall,49,6,frozen,frozen,-1,0,13501,3,0.4925188354238445,0.1617415121097364,0.0,0.0,True,False,True,1,1
Wall,jepa_wm_wall,49,6,frozen,frozen,-1,1,13519,3,0.7767211026355445,0.1617415121097364,0.27278036352730867,0.27278036352730867,True,False,False,5,1
Wall,jepa_wm_wall,49,6,frozen,frozen,-1,2,13537,3,0.6281567514000388,0.1617415121097364,0.27278036352730867,0.27278036352730867,True,False,False,5,1
Wall,jepa_wm_wall,49,6,frozen,frozen,-1,0,13501,6,0.7279209686709841,0.08134523661871648,0.0,0.0,True,False,True,1,1
Wall,jepa_wm_wall,49,6,frozen,frozen,-1,1,13519,6,0.7101712497928407,0.08134523661871648,0.0,0.0,True,False,True,1,1
Wall,jepa_wm_wall,49,6,frozen,frozen,-1,2,13537,6,0.6012546278202427,0.08134523661871648,0.0,0.0,True,False,True,1,1
Wall,jepa_wm_wall,50,6,frozen,frozen,-1,0,13501,1,0.7029944998736803,0.054122212774885464,0.1250794604468024,0.1250794604468024,True,False,False,2,1
Wall,jepa_wm_wall,50,6,frozen,frozen,-1,1,13519,1,0.5242231540085676,0.054122212774885464,0.0,0.0,True,False,True,1,1
Wall,jepa_wm_wall,50,6,frozen,frozen,-1,2,13537,1,0.8242497597765127,0.054122212774885464,0.4260123029954614,0.4260123029954614,True,False,False,7,1
Wall,jepa_wm_wall,50,6,frozen,frozen,-1,0,13501,3,0.6206978406588609,0.12897649730724076,0.29607003342937677,0.29607003342937677,True,False,False,1,6
Wall,jepa_wm_wall,50,6,frozen,frozen,-1,1,13519,3,1.0875848432878117,0.12897649730724076,0.21108969174761585,0.21108969174761585,True,False,False,5,6
Wall,jepa_wm_wall,50,6,frozen,frozen,-1,2,13537,3,0.9178200503748626,0.12897649730724076,0.21108969174761585,0.21108969174761585,True,False,False,5,6
Wall,jepa_wm_wall,50,6,frozen,frozen,-1,0,13501,6,0.9465737520707466,0.037144204333989565,0.19405549575924055,0.19405549575924055,True,False,False,1,4
Wall,jepa_wm_wall,50,6,frozen,frozen,-1,1,13519,6,0.9494812725373633,0.037144204333989565,0.19405549575924055,0.19405549575924055,True,False,False,1,4
Wall,jepa_wm_wall,50,6,frozen,frozen,-1,2,13537,6,0.7690578143705026,0.037144204333989565,0.19405549575924055,0.19405549575924055,True,False,False,1,4
Wall,jepa_wm_wall,51,6,frozen,frozen,-1,0,13501,1,0.41201473096851954,0.0008738033632488796,0.01522897403206608,0.01522897403206608,True,False,False,4,1
Wall,jepa_wm_wall,51,6,frozen,frozen,-1,1,13519,1,0.7168550442254188,0.0008738033632488796,0.12172033166380862,0.12172033166380862,True,False,False,5,1
Wall,jepa_wm_wall,51,6,frozen,frozen,-1,2,13537,1,0.6539374815665762,0.0008738033632488796,0.12172033166380862,0.12172033166380862,True,False,False,5,1
Wall,jepa_wm_wall,51,6,frozen,frozen,-1,0,13501,3,0.6236458667057639,0.18236891449751788,0.26800666634249315,0.26800666634249315,True,False,False,5,1
Wall,jepa_wm_wall,51,6,frozen,frozen,-1,1,13519,3,0.5106258250203907,0.18236891449751788,0.26800666634249315,0.26800666634249315,True,False,False,5,1
Wall,jepa_wm_wall,51,6,frozen,frozen,-1,2,13537,3,0.6284213472354098,0.18236891449751788,0.25084205680435046,0.25084205680435046,True,False,False,2,1
Wall,jepa_wm_wall,51,6,frozen,frozen,-1,0,13501,6,0.8334239550312741,0.10901940817974191,0.5176295782823793,0.5176295782823793,True,False,False,5,1
Wall,jepa_wm_wall,51,6,frozen,frozen,-1,1,13519,6,0.8438393098673966,0.10901940817974191,0.5176295782823793,0.5176295782823793,True,False,False,5,1
Wall,jepa_wm_wall,51,6,frozen,frozen,-1,2,13537,6,0.8150481213533065,0.10901940817974191,0.10901940817974191,0.10901940817974191,True,False,False,4,1
Wall,jepa_wm_wall,52,6,frozen,frozen,-1,0,13501,1,0.33272488428527786,0.07100282563201721,0.07100282563201721,0.07100282563201721,True,False,False,6,1
Wall,jepa_wm_wall,52,6,frozen,frozen,-1,1,13519,1,0.821867988365578,0.07100282563201721,0.07100282563201721,0.07100282563201721,True,False,False,5,1
Wall,jepa_wm_wall,52,6,frozen,frozen,-1,2,13537,1,1.3946545705750668,0.07100282563201721,0.39458057133526225,0.39458057133526225,True,False,False,7,1
Wall,jepa_wm_wall,52,6,frozen,frozen,-1,0,13501,3,0.7925068325430006,0.025811218253910286,0.025811218253910286,0.025811218253910286,True,False,False,5,3
Wall,jepa_wm_wall,52,6,frozen,frozen,-1,1,13519,3,1.390832730689785,0.025811218253910286,0.025811218253910286,0.025811218253910286,True,False,False,5,3
Wall,jepa_wm_wall,52,6,frozen,frozen,-1,2,13537,3,0.6145154845396343,0.025811218253910286,0.05051972594698755,0.05051972594698755,True,False,False,1,3
Wall,jepa_wm_wall,52,6,frozen,frozen,-1,0,13501,6,1.1727474723638105,0.0384318938477101,0.5546787123699543,0.5546787123699543,True,False,False,5,3
Wall,jepa_wm_wall,52,6,frozen,frozen,-1,1,13519,6,1.1547094829524418,0.0384318938477101,0.5546787123699543,0.5546787123699543,True,False,False,5,3
Wall,jepa_wm_wall,52,6,frozen,frozen,-1,2,13537,6,1.0204244992513225,0.0384318938477101,0.06992941723812081,0.06992941723812081,True,False,False,4,3
Wall,jepa_wm_wall,53,6,frozen,frozen,-1,0,13501,1,0.3823740183052066,0.009791405470287062,0.0,0.0,True,False,True,1,1
Wall,jepa_wm_wall,53,6,frozen,frozen,-1,1,13519,1,0.8077896325116097,0.009791405470287062,0.0,0.0,True,False,True,1,1
Wall,jepa_wm_wall,53,6,frozen,frozen,-1,2,13537,1,0.9300485664856617,0.009791405470287062,0.0,0.0,True,False,True,1,1
Wall,jepa_wm_wall,53,6,frozen,frozen,-1,0,13501,3,0.4319901329428684,0.09916642903112673,0.09916642903112673,0.09916642903112673,True,False,False,1,4
Wall,jepa_wm_wall,53,6,frozen,frozen,-1,1,13519,3,1.0757649566265841,0.09916642903112673,0.1251960814003341,0.1251960814003341,True,False,False,5,4
Wall,jepa_wm_wall,53,6,frozen,frozen,-1,2,13537,3,0.6521650518724885,0.09916642903112673,0.1509488568966722,0.1509488568966722,True,False,False,2,4
Wall,jepa_wm_wall,53,6,frozen,frozen,-1,0,13501,6,0.7858124339721462,0.055729041610402784,0.09643994244758064,0.09643994244758064,True,False,False,1,4
Wall,jepa_wm_wall,53,6,frozen,frozen,-1,1,13519,6,0.7781081840192811,0.055729041610402784,0.09643994244758064,0.09643994244758064,True,False,False,1,4
Wall,jepa_wm_wall,53,6,frozen,frozen,-1,2,13537,6,0.7597804864481271,0.055729041610402784,0.09643994244758064,0.09643994244758064,True,False,False,1,4
Wall,jepa_wm_wall,54,6,frozen,frozen,-1,0,13501,1,0.6830453703992998,0.05210487275347143,0.24116091597100325,0.24116091597100325,True,False,False,3,1
Wall,jepa_wm_wall,54,6,frozen,frozen,-1,1,13519,1,0.4510483701658854,0.05210487275347143,0.05210519554215911,0.05210519554215911,True,False,False,6,1
Wall,jepa_wm_wall,54,6,frozen,frozen,-1,2,13537,1,0.7653875902539587,0.05210487275347143,0.0,0.0,True,False,True,1,1
Wall,jepa_wm_wall,54,6,frozen,frozen,-1,0,13501,3,0.7097521272342631,0.20548523538405974,0.22028967914818534,0.22028967914818534,True,False,False,5,6
Wall,jepa_wm_wall,54,6,frozen,frozen,-1,1,13519,3,1.199775243268866,0.20548523538405974,0.22028967914818534,0.22028967914818534,True,False,False,5,6
Wall,jepa_wm_wall,54,6,frozen,frozen,-1,2,13537,3,0.8012513171370168,0.20548523538405974,0.22028967914818534,0.22028967914818534,True,False,False,5,6
Wall,jepa_wm_wall,54,6,frozen,frozen,-1,0,13501,6,1.0437092095481526,0.0038749650505872178,0.2353094206177578,0.2353094206177578,True,False,False,1,2
Wall,jepa_wm_wall,54,6,frozen,frozen,-1,1,13519,6,1.0555038240553665,0.0038749650505872178,0.2353094206177578,0.2353094206177578,True,False,False,1,2
Wall,jepa_wm_wall,54,6,frozen,frozen,-1,2,13537,6,0.9490532745510104,0.0038749650505872178,0.2353094206177578,0.2353094206177578,True,False,False,1,2
Wall,jepa_wm_wall,55,6,frozen,frozen,-1,0,13501,1,0.7298768570095187,0.12339387776632706,0.250338703515066,0.250338703515066,True,False,False,3,1
Wall,jepa_wm_wall,55,6,frozen,frozen,-1,1,13519,1,0.5921249429450252,0.12339387776632706,0.12339387776632706,0.12339387776632706,True,False,False,5,1
Wall,jepa_wm_wall,55,6,frozen,frozen,-1,2,13537,1,0.8386350887141792,0.12339387776632706,0.42608216741639404,0.42608216741639404,True,False,False,7,1
Wall,jepa_wm_wall,55,6,frozen,frozen,-1,0,13501,3,0.7136292056095618,0.05867158711655809,0.1600320766712798,0.1600320766712798,True,False,False,5,6
Wall,jepa_wm_wall,55,6,frozen,frozen,-1,1,13519,3,1.067066062309658,0.05867158711655809,0.1600320766712798,0.1600320766712798,True,False,False,5,6
Wall,jepa_wm_wall,55,6,frozen,frozen,-1,2,13537,3,0.6477891121424578,0.05867158711655809,0.19830582185068493,0.19830582185068493,True,False,False,1,6
Wall,jepa_wm_wall,55,6,frozen,frozen,-1,0,13501,6,1.1314379485384027,0.04633499368663333,0.510367303771342,0.510367303771342,True,False,False,1,2
Wall,jepa_wm_wall,55,6,frozen,frozen,-1,1,13519,6,1.090929488771944,0.04633499368663333,0.510367303771342,0.510367303771342,True,False,False,1,2
Wall,jepa_wm_wall,55,6,frozen,frozen,-1,2,13537,6,0.9670471002617776,0.04633499368663333,0.510367303771342,0.510367303771342,True,False,False,1,2
Wall,jepa_wm_wall,8,1,fidelity_constrained_latent_only__seed11401,fidelity_constrained_latent_only,11401,0,13501,1,0.41468297925864106,0.016152705182870427,0.13136509441264696,0.13136509441264696,True,False,False,3,2
Wall,jepa_wm_wall,8,1,fidelity_constrained_latent_only__seed11401,fidelity_constrained_latent_only,11401,1,13519,1,0.7389582817091733,0.016152705182870427,0.12071148770637684,0.12071148770637684,True,False,False,5,2
Wall,jepa_wm_wall,8,1,fidelity_constrained_latent_only__seed11401,fidelity_constrained_latent_only,11401,2,13537,1,0.6328335780648823,0.016152705182870427,0.12071148770637684,0.12071148770637684,True,False,False,5,2
Wall,jepa_wm_wall,8,1,fidelity_constrained_latent_only__seed11401,fidelity_constrained_latent_only,11401,0,13501,3,0.47246963622229793,0.07614176734582923,0.08482373582968013,0.08482373582968013,True,False,False,5,4
Wall,jepa_wm_wall,8,1,fidelity_constrained_latent_only__seed11401,fidelity_constrained_latent_only,11401,1,13519,3,0.5594686446324684,0.07614176734582923,0.08482373582968013,0.08482373582968013,True,False,False,5,4
Wall,jepa_wm_wall,8,1,fidelity_constrained_latent_only__seed11401,fidelity_constrained_latent_only,11401,2,13537,3,0.49044616320779744,0.07614176734582923,0.08482373582968013,0.08482373582968013,True,False,False,5,4
Wall,jepa_wm_wall,8,1,fidelity_constrained_latent_only__seed11401,fidelity_constrained_latent_only,11401,0,13501,6,0.7146496788815997,0.029846874393166266,0.38510477756994244,0.38510477756994244,True,False,False,5,4
Wall,jepa_wm_wall,8,1,fidelity_constrained_latent_only__seed11401,fidelity_constrained_latent_only,11401,1,13519,6,0.5697224130834044,0.029846874393166266,0.38510477756994244,0.38510477756994244,True,False,False,5,4
Wall,jepa_wm_wall,8,1,fidelity_constrained_latent_only__seed11401,fidelity_constrained_latent_only,11401,2,13537,6,0.6867188232622284,0.029846874393166266,0.0,0.0,True,False,True,4,4
Wall,jepa_wm_wall,9,1,fidelity_constrained_latent_only__seed11401,fidelity_constrained_latent_only,11401,0,13501,1,0.7067993435164751,0.12507081777279483,0.42975130258508343,0.42975130258508343,True,False,False,7,1
Wall,jepa_wm_wall,9,1,fidelity_constrained_latent_only__seed11401,fidelity_constrained_latent_only,11401,1,13519,1,0.44838051540257384,0.12507081777279483,0.0,0.0,True,False,True,1,1
Wall,jepa_wm_wall,9,1,fidelity_constrained_latent_only__seed11401,fidelity_constrained_latent_only,11401,2,13537,1,0.7879578531226091,0.12507081777279483,0.12507081777279483,0.12507081777279483,True,False,False,5,1
Wall,jepa_wm_wall,9,1,fidelity_constrained_latent_only__seed11401,fidelity_constrained_latent_only,11401,0,13501,3,0.6038400146484795,0.054847575896831174,0.054847575896831174,0.054847575896831174,True,False,False,5,1
Wall,jepa_wm_wall,9,1,fidelity_constrained_latent_only__seed11401,fidelity_constrained_latent_only,11401,1,13519,3,0.6776059339217485,0.054847575896831174,0.0,0.0,True,False,True,1,1
Wall,jepa_wm_wall,9,1,fidelity_constrained_latent_only__seed11401,fidelity_constrained_latent_only,11401,2,13537,3,0.8864614702500928,0.054847575896831174,0.0,0.0,True,False,True,1,1
Wall,jepa_wm_wall,9,1,fidelity_constrained_latent_only__seed11401,fidelity_constrained_latent_only,11401,0,13501,6,0.9821538972694145,0.014740318180249878,0.5301166754314394,0.5301166754314394,True,False,False,7,2
Wall,jepa_wm_wall,9,1,fidelity_constrained_latent_only__seed11401,fidelity_constrained_latent_only,11401,1,13519,6,0.595795214271351,0.014740318180249878,0.014740318180249878,0.014740318180249878,True,False,False,3,2
Wall,jepa_wm_wall,9,1,fidelity_constrained_latent_only__seed11401,fidelity_constrained_latent_only,11401,2,13537,6,0.8582680047170835,0.014740318180249878,0.5442535818012866,0.5442535818012866,True,False,False,1,2
Wall,jepa_wm_wall,10,1,fidelity_constrained_latent_only__seed11401,fidelity_constrained_latent_only,11401,0,13501,1,0.4717606527933359,0.0012356039916028997,0.12286421707529614,0.12286421707529614,True,False,False,6,1
Wall,jepa_wm_wall,10,1,fidelity_constrained_latent_only__seed11401,fidelity_constrained_latent_only,11401,1,13519,1,0.7561185314242929,0.0012356039916028997,0.0012356039916028997,0.0012356039916028997,True,False,False,4,1
Wall,jepa_wm_wall,10,1,fidelity_constrained_latent_only__seed11401,fidelity_constrained_latent_only,11401,2,13537,1,0.6034369279813467,0.0012356039916028997,0.12286421707529614,0.12286421707529614,True,False,False,5,1
Wall,jepa_wm_wall,10,1,fidelity_constrained_latent_only__seed11401,fidelity_constrained_latent_only,11401,0,13501,3,0.5482693974283448,0.15965748274850114,0.20731631818021912,0.20731631818021912,True,False,False,5,1
Wall,jepa_wm_wall,10,1,fidelity_constrained_latent_only__seed11401,fidelity_constrained_latent_only,11401,1,13519,3,0.4121017818214942,0.15965748274850114,0.20731631818021912,0.20731631818021912,True,False,False,5,1
Wall,jepa_wm_wall,10,1,fidelity_constrained_latent_only__seed11401,fidelity_constrained_latent_only,11401,2,13537,3,0.5030342109747595,0.15965748274850114,0.20731631818021912,0.20731631818021912,True,False,False,5,1
Wall,jepa_wm_wall,10,1,fidelity_constrained_latent_only__seed11401,fidelity_constrained_latent_only,11401,0,13501,6,0.7033098391559138,0.08421266293753488,0.0,0.0,True,False,True,1,1
Wall,jepa_wm_wall,10,1,fidelity_constrained_latent_only__seed11401,fidelity_constrained_latent_only,11401,1,13519,6,0.6568462319939813,0.08421266293753488,0.0,0.0,True,False,True,1,1
Wall,jepa_wm_wall,10,1,fidelity_constrained_latent_only__seed11401,fidelity_constrained_latent_only,11401,2,13537,6,0.6779556831723121,0.08421266293753488,0.0,0.0,True,False,True,1,1
Wall,jepa_wm_wall,11,1,fidelity_constrained_latent_only__seed11401,fidelity_constrained_latent_only,11401,0,13501,1,0.514821051214975,0.006092489128857203,0.03012359321854074,0.03012359321854074,True,False,False,2,1
Wall,jepa_wm_wall,11,1,fidelity_constrained_latent_only__seed11401,fidelity_constrained_latent_only,11401,1,13519,1,0.29933736166993336,0.006092489128857203,0.0,0.0,True,False,True,1,1
Wall,jepa_wm_wall,11,1,fidelity_constrained_latent_only__seed11401,fidelity_constrained_latent_only,11401,2,13537,1,0.8721115814216736,0.006092489128857203,0.12172401676917176,0.12172401676917176,True,False,False,5,1
Wall,jepa_wm_wall,11,1,fidelity_constrained_latent_only__seed11401,fidelity_constrained_latent_only,11401,0,13501,3,0.4745795257594835,0.05350381994101328,0.16557815588742084,0.16557815588742084,True,False,False,5,1
Wall,jepa_wm_wall,11,1,fidelity_constrained_latent_only__seed11401,fidelity_constrained_latent_only,11401,1,13519,3,0.4823916323279166,0.05350381994101328,0.16557815588742084,0.16557815588742084,True,False,False,5,1
Wall,jepa_wm_wall,11,1,fidelity_constrained_latent_only__seed11401,fidelity_constrained_latent_only,11401,2,13537,3,0.3638453226810791,0.05350381994101328,0.16557815588742084,0.16557815588742084,True,False,False,5,1
Wall,jepa_wm_wall,11,1,fidelity_constrained_latent_only__seed11401,fidelity_constrained_latent_only,11401,0,13501,6,0.7677487048862559,0.029439984357622885,0.0,0.0,True,False,True,1,1
Wall,jepa_wm_wall,11,1,fidelity_constrained_latent_only__seed11401,fidelity_constrained_latent_only,11401,1,13519,6,0.5870012246647937,0.029439984357622885,0.0,0.0,True,False,True,1,1
Wall,jepa_wm_wall,11,1,fidelity_constrained_latent_only__seed11401,fidelity_constrained_latent_only,11401,2,13537,6,0.7139491738556158,0.029439984357622885,0.4318705968941839,0.4318705968941839,True,False,False,5,1
Wall,jepa_wm_wall,12,1,fidelity_constrained_latent_only__seed11401,fidelity_constrained_latent_only,11401,0,13501,1,0.6587637456748747,0.12456447628524758,0.12456477430848922,0.12456477430848922,True,False,False,5,1
Wall,jepa_wm_wall,12,1,fidelity_constrained_latent_only__seed11401,fidelity_constrained_latent_only,11401,1,13519,1,0.4055380334115856,0.12456447628524758,0.0,0.0,True,False,True,1,1
Wall,jepa_wm_wall,12,1,fidelity_constrained_latent_only__seed11401,fidelity_constrained_latent_only,11401,2,13537,1,0.7944507491499907,0.12456447628524758,0.0,0.0,True,False,True,1,1
Wall,jepa_wm_wall,12,1,fidelity_constrained_latent_only__seed11401,fidelity_constrained_latent_only,11401,0,13501,3,0.8067285682607532,0.06321905065029236,0.0,0.0,True,False,True,1,1
Wall,jepa_wm_wall,12,1,fidelity_constrained_latent_only__seed11401,fidelity_constrained_latent_only,11401,1,13519,3,1.0768848843465153,0.06321905065029236,0.0,0.0,True,False,True,1,1
Wall,jepa_wm_wall,12,1,fidelity_constrained_latent_only__seed11401,fidelity_constrained_latent_only,11401,2,13537,3,0.6122438879305429,0.06321905065029236,0.0,0.0,True,False,True,1,1
Wall,jepa_wm_wall,12,1,fidelity_constrained_latent_only__seed11401,fidelity_constrained_latent_only,11401,0,13501,6,0.7734286623830293,0.051845683435020974,0.35930745806411185,0.35930745806411185,True,False,False,7,3
Wall,jepa_wm_wall,12,1,fidelity_constrained_latent_only__seed11401,fidelity_constrained_latent_only,11401,1,13519,6,0.5992492493551628,0.051845683435020974,0.21116622450814518,0.21116622450814518,True,False,False,4,3
Wall,jepa_wm_wall,12,1,fidelity_constrained_latent_only__seed11401,fidelity_constrained_latent_only,11401,2,13537,6,0.7401830960049977,0.051845683435020974,0.31883657143532496,0.31883657143532496,True,False,False,1,3
Wall,jepa_wm_wall,13,1,fidelity_constrained_latent_only__seed11401,fidelity_constrained_latent_only,11401,0,13501,1,0.4316023630034591,0.0032743813559044216,0.028695465844599356,0.028695465844599356,True,False,False,4,1
Wall,jepa_wm_wall,13,1,fidelity_constrained_latent_only__seed11401,fidelity_constrained_latent_only,11401,1,13519,1,0.7642063869253195,0.0032743813559044216,0.028695465844599356,0.028695465844599356,True,False,False,4,1
Wall,jepa_wm_wall,13,1,fidelity_constrained_latent_only__seed11401,fidelity_constrained_latent_only,11401,2,13537,1,0.7460091911556259,0.0032743813559044216,0.028695465844599356,0.028695465844599356,True,False,False,4,1
Wall,jepa_wm_wall,13,1,fidelity_constrained_latent_only__seed11401,fidelity_constrained_latent_only,11401,0,13501,3,0.4131746571473119,0.14527104206009775,0.0,0.0,True,False,True,4,4
Wall,jepa_wm_wall,13,1,fidelity_constrained_latent_only__seed11401,fidelity_constrained_latent_only,11401,1,13519,3,0.3775028612709466,0.14527104206009775,0.14527104206009775,0.14527104206009775,True,False,False,5,4
Wall,jepa_wm_wall,13,1,fidelity_constrained_latent_only__seed11401,fidelity_constrained_latent_only,11401,2,13537,3,0.3549504718338696,0.14527104206009775,0.14527104206009775,0.14527104206009775,True,False,False,5,4
Wall,jepa_wm_wall,13,1,fidelity_constrained_latent_only__seed11401,fidelity_constrained_latent_only,11401,0,13501,6,0.6034704203333195,0.4162684616699494,0.0,0.0,True,False,True,4,4
Wall,jepa_wm_wall,13,1,fidelity_constrained_latent_only__seed11401,fidelity_constrained_latent_only,11401,1,13519,6,0.5297873554821461,0.4162684616699494,0.0,0.0,True,False,True,4,4
Wall,jepa_wm_wall,13,1,fidelity_constrained_latent_only__seed11401,fidelity_constrained_latent_only,11401,2,13537,6,0.5473840582633335,0.4162684616699494,0.0,0.0,True,False,True,4,4
Wall,jepa_wm_wall,14,1,fidelity_constrained_latent_only__seed11401,fidelity_constrained_latent_only,11401,0,13501,1,1.1163377004706287,0.1235923244710162,0.1235923244710162,0.1235923244710162,True,False,False,5,1
Wall,jepa_wm_wall,14,1,fidelity_constrained_latent_only__seed11401,fidelity_constrained_latent_only,11401,1,13519,1,0.38913131293874365,0.1235923244710162,0.1235923244710162,0.1235923244710162,True,False,False,5,1
Wall,jepa_wm_wall,14,1,fidelity_constrained_latent_only__seed11401,fidelity_constrained_latent_only,11401,2,13537,1,0.9718621731396988,0.1235923244710162,0.1235923244710162,0.1235923244710162,True,False,False,5,1
Wall,jepa_wm_wall,14,1,fidelity_constrained_latent_only__seed11401,fidelity_constrained_latent_only,11401,0,13501,3,0.7435878134584568,0.02103669177229461,0.03871608563546807,0.03871608563546807,True,False,False,5,4
Wall,jepa_wm_wall,14,1,fidelity_constrained_latent_only__seed11401,fidelity_constrained_latent_only,11401,1,13519,3,0.4604421682736133,0.02103669177229461,0.03871608563546807,0.03871608563546807,True,False,False,5,4
Wall,jepa_wm_wall,14,1,fidelity_constrained_latent_only__seed11401,fidelity_constrained_latent_only,11401,2,13537,3,0.5696253964476136,0.02103669177229461,0.02103669177229461,0.02103669177229461,True,False,False,1,4
Wall,jepa_wm_wall,14,1,fidelity_constrained_latent_only__seed11401,fidelity_constrained_latent_only,11401,0,13501,6,0.9152383727011122,0.018693811713921336,0.0,0.0,True,False,True,4,4
Wall,jepa_wm_wall,14,1,fidelity_constrained_latent_only__seed11401,fidelity_constrained_latent_only,11401,1,13519,6,0.690684463360653,0.018693811713921336,0.0,0.0,True,False,True,4,4
Wall,jepa_wm_wall,14,1,fidelity_constrained_latent_only__seed11401,fidelity_constrained_latent_only,11401,2,13537,6,0.8781259700540308,0.018693811713921336,0.0,0.0,True,False,True,4,4
Wall,jepa_wm_wall,15,1,fidelity_constrained_latent_only__seed11401,fidelity_constrained_latent_only,11401,0,13501,1,0.21165238659404184,0.12749000243931988,0.12749000243931988,0.12749000243931988,True,False,False,5,1
Wall,jepa_wm_wall,15,1,fidelity_constrained_latent_only__seed11401,fidelity_constrained_latent_only,11401,1,13519,1,0.7684215189825863,0.12749000243931988,0.12749000243931988,0.12749000243931988,True,False,False,5,1
Wall,jepa_wm_wall,15,1,fidelity_constrained_latent_only__seed11401,fidelity_constrained_latent_only,11401,2,13537,1,0.5042563907733401,0.12749000243931988,0.0,0.0,True,False,True,1,1
Wall,jepa_wm_wall,15,1,fidelity_constrained_latent_only__seed11401,fidelity_constrained_latent_only,11401,0,13501,3,0.9244547639523679,0.019446629235054986,0.09083780960232728,0.09083780960232728,True,False,False,7,5
Wall,jepa_wm_wall,15,1,fidelity_constrained_latent_only__seed11401,fidelity_constrained_latent_only,11401,1,13519,3,0.4675724030594701,0.019446629235054986,0.0,0.0,True,False,True,5,5
Wall,jepa_wm_wall,15,1,fidelity_constrained_latent_only__seed11401,fidelity_constrained_latent_only,11401,2,13537,3,0.7172177624559318,0.019446629235054986,0.019446629235054986,0.019446629235054986,True,False,False,1,5
Wall,jepa_wm_wall,15,1,fidelity_constrained_latent_only__seed11401,fidelity_constrained_latent_only,11401,0,13501,6,0.9569770903722269,0.02109195364658048,0.5003648254496518,0.5003648254496518,True,False,False,5,2
Wall,jepa_wm_wall,15,1,fidelity_constrained_latent_only__seed11401,fidelity_constrained_latent_only,11401,1,13519,6,0.8618091677762293,0.02109195364658048,0.5003648254496518,0.5003648254496518,True,False,False,5,2
Wall,jepa_wm_wall,15,1,fidelity_constrained_latent_only__seed11401,fidelity_constrained_latent_only,11401,2,13537,6,1.0115718956534279,0.02109195364658048,0.5771397547345211,0.5771397547345211,True,False,False,1,2
Wall,jepa_wm_wall,16,2,fidelity_constrained_latent_only__seed11401,fidelity_constrained_latent_only,11401,0,13501,1,0.6116618523848011,0.08029399387979654,0.163625439733162,0.163625439733162,True,False,False,3,1
Wall,jepa_wm_wall,16,2,fidelity_constrained_latent_only__seed11401,fidelity_constrained_latent_only,11401,1,13519,1,0.4756813292966259,0.08029399387979654,0.08029399387979654,0.08029399387979654,True,False,False,4,1
Wall,jepa_wm_wall,16,2,fidelity_constrained_latent_only__seed11401,fidelity_constrained_latent_only,11401,2,13537,1,0.7795910469241197,0.08029399387979654,0.0,0.0,True,False,True,1,1
Wall,jepa_wm_wall,16,2,fidelity_constrained_latent_only__seed11401,fidelity_constrained_latent_only,11401,0,13501,3,0.7091315561064433,0.005638604719787298,0.0,0.0,True,False,True,2,2
Wall,jepa_wm_wall,16,2,fidelity_constrained_latent_only__seed11401,fidelity_constrained_latent_only,11401,1,13519,3,1.4236066069614393,0.005638604719787298,0.1362528665233449,0.1362528665233449,True,False,False,5,2
Wall,jepa_wm_wall,16,2,fidelity_constrained_latent_only__seed11401,fidelity_constrained_latent_only,11401,2,13537,3,0.8503626843026001,0.005638604719787298,0.1362528665233449,0.1362528665233449,True,False,False,5,2
Wall,jepa_wm_wall,16,2,fidelity_constrained_latent_only__seed11401,fidelity_constrained_latent_only,11401,0,13501,6,0.9409873492806378,0.0428317804300752,0.0428317804300752,0.0428317804300752,True,False,False,4,2
Wall,jepa_wm_wall,16,2,fidelity_constrained_latent_only__seed11401,fidelity_constrained_latent_only,11401,1,13519,6,1.3140575803317611,0.0428317804300752,0.5310357923198618,0.5310357923198618,True,False,False,5,2
Wall,jepa_wm_wall,16,2,fidelity_constrained_latent_only__seed11401,fidelity_constrained_latent_only,11401,2,13537,6,1.125102580595703,0.0428317804300752,0.5310357923198618,0.5310357923198618,True,False,False,5,2
Wall,jepa_wm_wall,17,2,fidelity_constrained_latent_only__seed11401,fidelity_constrained_latent_only,11401,0,13501,1,0.9563961009858916,0.12688063729252005,0.12688078630405206,0.12688078630405206,True,False,False,5,1
Wall,jepa_wm_wall,17,2,fidelity_constrained_latent_only__seed11401,fidelity_constrained_latent_only,11401,1,13519,1,0.7165576559615917,0.12688063729252005,0.12688063729252005,0.12688063729252005,True,False,False,6,1
Wall,jepa_wm_wall,17,2,fidelity_constrained_latent_only__seed11401,fidelity_constrained_latent_only,11401,2,13537,1,0.8061647555980201,0.12688063729252005,0.15493012104206744,0.15493012104206744,True,False,False,4,1
Wall,jepa_wm_wall,17,2,fidelity_constrained_latent_only__seed11401,fidelity_constrained_latent_only,11401,0,13501,3,1.117901294847602,0.0045777647931245415,0.012795532604759382,0.012795532604759382,True,False,False,2,1
Wall,jepa_wm_wall,17,2,fidelity_constrained_latent_only__seed11401,fidelity_constrained_latent_only,11401,1,13519,3,1.124960330719094,0.0045777647931245415,0.43786957253088177,0.43786957253088177,True,False,False,0,1
Wall,jepa_wm_wall,17,2,fidelity_constrained_latent_only__seed11401,fidelity_constrained_latent_only,11401,2,13537,3,0.6279094013263713,0.0045777647931245415,0.0666852161712895,0.0666852161712895,True,False,False,5,1
Wall,jepa_wm_wall,17,2,fidelity_constrained_latent_only__seed11401,fidelity_constrained_latent_only,11401,0,13501,6,0.9365597255591546,0.00537754688799704,0.5056518914503548,0.5056518914503548,True,False,False,6,3
Wall,jepa_wm_wall,17,2,fidelity_constrained_latent_only__seed11401,fidelity_constrained_latent_only,11401,1,13519,6,1.2878717852286574,0.00537754688799704,0.7576131635043702,0.7576131635043702,True,False,False,7,3
Wall,jepa_wm_wall,17,2,fidelity_constrained_latent_only__seed11401,fidelity_constrained_latent_only,11401,2,13537,6,0.9889012548709771,0.00537754688799704,0.5122518561014756,0.5122518561014756,True,False,False,5,3
Wall,jepa_wm_wall,18,2,fidelity_constrained_latent_only__seed11401,fidelity_constrained_latent_only,11401,0,13501,1,0.8818483621697774,0.08790014078613739,0.0,0.0,True,False,True,1,1
Wall,jepa_wm_wall,18,2,fidelity_constrained_latent_only__seed11401,fidelity_constrained_latent_only,11401,1,13519,1,0.5096742725421332,0.08790014078613739,0.0,0.0,True,False,True,1,1
Wall,jepa_wm_wall,18,2,fidelity_constrained_latent_only__seed11401,fidelity_constrained_latent_only,11401,2,13537,1,0.20110861065137844,0.08790014078613739,0.12115863057169185,0.12115863057169185,True,False,False,6,1
Wall,jepa_wm_wall,18,2,fidelity_constrained_latent_only__seed11401,fidelity_constrained_latent_only,11401,0,13501,3,0.8298850592850011,0.06357119324461176,0.0,0.0,True,False,True,1,1
Wall,jepa_wm_wall,18,2,fidelity_constrained_latent_only__seed11401,fidelity_constrained_latent_only,11401,1,13519,3,0.6398948987194816,0.06357119324461176,0.06357119324461176,0.06357119324461176,True,False,False,4,1
Wall,jepa_wm_wall,18,2,fidelity_constrained_latent_only__seed11401,fidelity_constrained_latent_only,11401,2,13537,3,0.3904337249774366,0.06357119324461176,0.0,0.0,True,False,True,1,1
Wall,jepa_wm_wall,18,2,fidelity_constrained_latent_only__seed11401,fidelity_constrained_latent_only,11401,0,13501,6,0.6687441425430308,0.06074535502837518,0.0,0.0,True,False,True,6,6
Wall,jepa_wm_wall,18,2,fidelity_constrained_latent_only__seed11401,fidelity_constrained_latent_only,11401,1,13519,6,1.1016866746956961,0.06074535502837518,0.20337306739366096,0.20337306739366096,True,False,False,5,6
Wall,jepa_wm_wall,18,2,fidelity_constrained_latent_only__seed11401,fidelity_constrained_latent_only,11401,2,13537,6,0.6343088376083406,0.06074535502837518,0.20337306739366096,0.20337306739366096,True,False,False,5,6
Wall,jepa_wm_wall,19,2,fidelity_constrained_latent_only__seed11401,fidelity_constrained_latent_only,11401,0,13501,1,0.33895831854704855,0.0012619796047764191,0.007615091005135686,0.007615091005135686,True,False,False,4,1
Wall,jepa_wm_wall,19,2,fidelity_constrained_latent_only__seed11401,fidelity_constrained_latent_only,11401,1,13519,1,1.5999656092164802,0.0012619796047764191,0.4328822502546236,0.4328822502546236,True,False,False,7,1
Wall,jepa_wm_wall,19,2,fidelity_constrained_latent_only__seed11401,fidelity_constrained_latent_only,11401,2,13537,1,0.6155873787408936,0.0012619796047764191,0.0,0.0,True,False,True,1,1
Wall,jepa_wm_wall,19,2,fidelity_constrained_latent_only__seed11401,fidelity_constrained_latent_only,11401,0,13501,3,0.7161901086436624,0.23155633681788695,0.23643313898908538,0.23643313898908538,True,False,False,4,1
Wall,jepa_wm_wall,19,2,fidelity_constrained_latent_only__seed11401,fidelity_constrained_latent_only,11401,1,13519,3,0.8860677496664049,0.23155633681788695,0.5496849397943441,0.5496849397943441,True,False,False,7,1
Wall,jepa_wm_wall,19,2,fidelity_constrained_latent_only__seed11401,fidelity_constrained_latent_only,11401,2,13537,3,0.6701656255067091,0.23155633681788695,0.5496849397943441,0.5496849397943441,True,False,False,7,1
Wall,jepa_wm_wall,19,2,fidelity_constrained_latent_only__seed11401,fidelity_constrained_latent_only,11401,0,13501,6,0.9980472028562574,0.021179216124354038,0.4811349945468107,0.4811349945468107,True,False,False,5,1
Wall,jepa_wm_wall,19,2,fidelity_constrained_latent_only__seed11401,fidelity_constrained_latent_only,11401,1,13519,6,1.2543914675145338,0.021179216124354038,0.6658034424361426,0.6658034424361426,True,False,False,0,1
Wall,jepa_wm_wall,19,2,fidelity_constrained_latent_only__seed11401,fidelity_constrained_latent_only,11401,2,13537,6,1.037579652914571,0.021179216124354038,0.4811349945468107,0.4811349945468107,True,False,False,5,1
Wall,jepa_wm_wall,20,2,fidelity_constrained_latent_only__seed11401,fidelity_constrained_latent_only,11401,0,13501,1,1.0471568400631188,0.09692983861294002,0.4375463146812976,0.4375463146812976,True,False,False,8,1
Wall,jepa_wm_wall,20,2,fidelity_constrained_latent_only__seed11401,fidelity_constrained_latent_only,11401,1,13519,1,1.6634830009515378,0.09692983861294002,0.5769228648680464,0.5769228648680464,True,False,False,0,1
Wall,jepa_wm_wall,20,2,fidelity_constrained_latent_only__seed11401,fidelity_constrained_latent_only,11401,2,13537,1,0.934633051247587,0.09692983861294002,0.12873220149056347,0.12873220149056347,True,False,False,5,1
Wall,jepa_wm_wall,20,2,fidelity_constrained_latent_only__seed11401,fidelity_constrained_latent_only,11401,0,13501,3,0.7305940189000976,0.1083018003488066,0.18914274310056906,0.18914274310056906,True,False,False,4,6
Wall,jepa_wm_wall,20,2,fidelity_constrained_latent_only__seed11401,fidelity_constrained_latent_only,11401,1,13519,3,1.418704872626302,0.1083018003488066,0.4705035616516968,0.4705035616516968,True,False,False,7,6
Wall,jepa_wm_wall,20,2,fidelity_constrained_latent_only__seed11401,fidelity_constrained_latent_only,11401,2,13537,3,0.4774894062253425,0.1083018003488066,0.18914274310056906,0.18914274310056906,True,False,False,4,6
Wall,jepa_wm_wall,20,2,fidelity_constrained_latent_only__seed11401,fidelity_constrained_latent_only,11401,0,13501,6,0.9727320949970047,0.054097226742439664,0.3477921036549551,0.3477921036549551,True,False,False,1,2
Wall,jepa_wm_wall,20,2,fidelity_constrained_latent_only__seed11401,fidelity_constrained_latent_only,11401,1,13519,6,1.3249266000119926,0.054097226742439664,0.6705794678490131,0.6705794678490131,True,False,False,0,2
Wall,jepa_wm_wall,20,2,fidelity_constrained_latent_only__seed11401,fidelity_constrained_latent_only,11401,2,13537,6,0.884568000945553,0.054097226742439664,0.054097226742439664,0.054097226742439664,True,False,False,4,2
Wall,jepa_wm_wall,21,2,fidelity_constrained_latent_only__seed11401,fidelity_constrained_latent_only,11401,0,13501,1,0.4007471709583721,0.1135563918087716,0.0,0.0,True,False,True,1,1
Wall,jepa_wm_wall,21,2,fidelity_constrained_latent_only__seed11401,fidelity_constrained_latent_only,11401,1,13519,1,0.5468531069890807,0.1135563918087716,0.12442798164057622,0.12442798164057622,True,False,False,6,1
Wall,jepa_wm_wall,21,2,fidelity_constrained_latent_only__seed11401,fidelity_constrained_latent_only,11401,2,13537,1,0.6474802535423617,0.1135563918087716,0.17076076094870335,0.17076076094870335,True,False,False,3,1
Wall,jepa_wm_wall,21,2,fidelity_constrained_latent_only__seed11401,fidelity_constrained_latent_only,11401,0,13501,3,0.9130601120283816,0.03663146723505468,0.04961611849407828,0.04961611849407828,True,False,False,3,1
Wall,jepa_wm_wall,21,2,fidelity_constrained_latent_only__seed11401,fidelity_constrained_latent_only,11401,1,13519,3,0.958832774259068,0.03663146723505468,0.1168170843053608,0.1168170843053608,True,False,False,5,1
Wall,jepa_wm_wall,21,2,fidelity_constrained_latent_only__seed11401,fidelity_constrained_latent_only,11401,2,13537,3,0.7501616291913176,0.03663146723505468,0.1168170843053608,0.1168170843053608,True,False,False,5,1
Wall,jepa_wm_wall,21,2,fidelity_constrained_latent_only__seed11401,fidelity_constrained_latent_only,11401,0,13501,6,0.8960790279942994,0.08291059941356739,0.13758354287738728,0.13758354287738728,True,False,False,4,3
Wall,jepa_wm_wall,21,2,fidelity_constrained_latent_only__seed11401,fidelity_constrained_latent_only,11401,1,13519,6,1.2645819668889848,0.08291059941356739,0.7403578161403243,0.7403578161403243,True,False,False,7,3
Wall,jepa_wm_wall,21,2,fidelity_constrained_latent_only__seed11401,fidelity_constrained_latent_only,11401,2,13537,6,0.9181842760617489,0.08291059941356739,0.498905430757148,0.498905430757148,True,False,False,5,3
Wall,jepa_wm_wall,22,2,fidelity_constrained_latent_only__seed11401,fidelity_constrained_latent_only,11401,0,13501,1,0.9497538502750114,0.12694286968112253,0.12694286968112253,0.12694286968112253,True,False,False,5,1
Wall,jepa_wm_wall,22,2,fidelity_constrained_latent_only__seed11401,fidelity_constrained_latent_only,11401,1,13519,1,0.7535392506366448,0.12694286968112253,0.12694286968112253,0.12694286968112253,True,False,False,6,1
Wall,jepa_wm_wall,22,2,fidelity_constrained_latent_only__seed11401,fidelity_constrained_latent_only,11401,2,13537,1,0.7689480282651081,0.12694286968112253,0.1902191737751429,0.1902191737751429,True,False,False,2,1
Wall,jepa_wm_wall,22,2,fidelity_constrained_latent_only__seed11401,fidelity_constrained_latent_only,11401,0,13501,3,1.134047177262602,0.0034078026238675394,0.012168356267505986,0.012168356267505986,True,False,False,2,1
Wall,jepa_wm_wall,22,2,fidelity_constrained_latent_only__seed11401,fidelity_constrained_latent_only,11401,1,13519,3,1.1049683640674395,0.0034078026238675394,0.4328821197741972,0.4328821197741972,True,False,False,0,1
Wall,jepa_wm_wall,22,2,fidelity_constrained_latent_only__seed11401,fidelity_constrained_latent_only,11401,2,13537,3,0.6276070403378774,0.0034078026238675394,0.06691081779439773,0.06691081779439773,True,False,False,5,1
Wall,jepa_wm_wall,22,2,fidelity_constrained_latent_only__seed11401,fidelity_constrained_latent_only,11401,0,13501,6,0.9731760367676437,0.005672566228622634,0.5045676407767156,0.5045676407767156,True,False,False,6,3
Wall,jepa_wm_wall,22,2,fidelity_constrained_latent_only__seed11401,fidelity_constrained_latent_only,11401,1,13519,6,1.282943402700399,0.005672566228622634,0.754593520460975,0.754593520460975,True,False,False,7,3
Wall,jepa_wm_wall,22,2,fidelity_constrained_latent_only__seed11401,fidelity_constrained_latent_only,11401,2,13537,6,0.9700070046059065,0.005672566228622634,0.5121504452624783,0.5121504452624783,True,False,False,5,3
Wall,jepa_wm_wall,23,2,fidelity_constrained_latent_only__seed11401,fidelity_constrained_latent_only,11401,0,13501,1,0.7600798020490845,0.0352215604069649,0.0,0.0,True,False,True,1,1
Wall,jepa_wm_wall,23,2,fidelity_constrained_latent_only__seed11401,fidelity_constrained_latent_only,11401,1,13519,1,0.9736872507660475,0.0352215604069649,0.0,0.0,True,False,True,1,1
Wall,jepa_wm_wall,23,2,fidelity_constrained_latent_only__seed11401,fidelity_constrained_latent_only,11401,2,13537,1,0.8140717254437807,0.0352215604069649,0.1421721940639325,0.1421721940639325,True,False,False,5,1
Wall,jepa_wm_wall,23,2,fidelity_constrained_latent_only__seed11401,fidelity_constrained_latent_only,11401,0,13501,3,0.5462198662279035,0.06654741675461008,0.0,0.0,True,False,True,4,4
Wall,jepa_wm_wall,23,2,fidelity_constrained_latent_only__seed11401,fidelity_constrained_latent_only,11401,1,13519,3,1.3233075175415314,0.06654741675461008,0.20090383817171387,0.20090383817171387,True,False,False,5,4
Wall,jepa_wm_wall,23,2,fidelity_constrained_latent_only__seed11401,fidelity_constrained_latent_only,11401,2,13537,3,0.7343142012710474,0.06654741675461008,0.20090383817171387,0.20090383817171387,True,False,False,5,4
Wall,jepa_wm_wall,23,2,fidelity_constrained_latent_only__seed11401,fidelity_constrained_latent_only,11401,0,13501,6,0.8508983088284212,0.02483818875576625,0.3589817567214553,0.3589817567214553,True,False,False,1,4
Wall,jepa_wm_wall,23,2,fidelity_constrained_latent_only__seed11401,fidelity_constrained_latent_only,11401,1,13519,6,1.1603214737590108,0.02483818875576625,0.52226012105352,0.52226012105352,True,False,False,5,4
Wall,jepa_wm_wall,23,2,fidelity_constrained_latent_only__seed11401,fidelity_constrained_latent_only,11401,2,13537,6,0.9402324831488119,0.02483818875576625,0.52226012105352,0.52226012105352,True,False,False,5,4
Wall,jepa_wm_wall,48,6,fidelity_constrained_latent_only__seed11401,fidelity_constrained_latent_only,11401,0,13501,1,0.3637920220630401,0.001230240308132282,0.0,0.0,True,False,True,1,1
Wall,jepa_wm_wall,48,6,fidelity_constrained_latent_only__seed11401,fidelity_constrained_latent_only,11401,1,13519,1,0.4816758467858954,0.001230240308132282,0.1221204240752783,0.1221204240752783,True,False,False,5,1
Wall,jepa_wm_wall,48,6,fidelity_constrained_latent_only__seed11401,fidelity_constrained_latent_only,11401,2,13537,1,1.5305235547708806,0.001230240308132282,0.1221204240752783,0.1221204240752783,True,False,False,5,1
Wall,jepa_wm_wall,48,6,fidelity_constrained_latent_only__seed11401,fidelity_constrained_latent_only,11401,0,13501,3,0.6258919961084605,0.19997904740567995,0.3045755010194801,0.3045755010194801,True,False,False,5,1
Wall,jepa_wm_wall,48,6,fidelity_constrained_latent_only__seed11401,fidelity_constrained_latent_only,11401,1,13519,3,0.7528666503846457,0.19997904740567995,0.3045755010194801,0.3045755010194801,True,False,False,5,1
Wall,jepa_wm_wall,48,6,fidelity_constrained_latent_only__seed11401,fidelity_constrained_latent_only,11401,2,13537,3,0.8055163176681247,0.19997904740567995,0.3045755010194801,0.3045755010194801,True,False,False,5,1
Wall,jepa_wm_wall,48,6,fidelity_constrained_latent_only__seed11401,fidelity_constrained_latent_only,11401,0,13501,6,0.9703603886931744,0.13991464109340168,0.5260561271417762,0.5260561271417762,True,False,False,5,1
Wall,jepa_wm_wall,48,6,fidelity_constrained_latent_only__seed11401,fidelity_constrained_latent_only,11401,1,13519,6,0.7674537510213206,0.13991464109340168,0.5260561271417762,0.5260561271417762,True,False,False,5,1
Wall,jepa_wm_wall,48,6,fidelity_constrained_latent_only__seed11401,fidelity_constrained_latent_only,11401,2,13537,6,0.8880243010439263,0.13991464109340168,0.0,0.0,True,False,True,1,1
Wall,jepa_wm_wall,49,6,fidelity_constrained_latent_only__seed11401,fidelity_constrained_latent_only,11401,0,13501,1,0.46551272873647404,0.0035333624998658895,0.0,0.0,True,False,True,1,1
Wall,jepa_wm_wall,49,6,fidelity_constrained_latent_only__seed11401,fidelity_constrained_latent_only,11401,1,13519,1,0.3470197700441582,0.0035333624998658895,0.0,0.0,True,False,True,1,1
Wall,jepa_wm_wall,49,6,fidelity_constrained_latent_only__seed11401,fidelity_constrained_latent_only,11401,2,13537,1,1.1386393661579184,0.0035333624998658895,0.4228948538554063,0.4228948538554063,True,False,False,7,1
Wall,jepa_wm_wall,49,6,fidelity_constrained_latent_only__seed11401,fidelity_constrained_latent_only,11401,0,13501,3,0.6391454361882603,0.1617415121097364,0.27278036352730867,0.27278036352730867,True,False,False,5,1
Wall,jepa_wm_wall,49,6,fidelity_constrained_latent_only__seed11401,fidelity_constrained_latent_only,11401,1,13519,3,0.7042193955261524,0.1617415121097364,0.0,0.0,True,False,True,1,1
Wall,jepa_wm_wall,49,6,fidelity_constrained_latent_only__seed11401,fidelity_constrained_latent_only,11401,2,13537,3,0.7714279824817574,0.1617415121097364,0.27278036352730867,0.27278036352730867,True,False,False,5,1
Wall,jepa_wm_wall,49,6,fidelity_constrained_latent_only__seed11401,fidelity_constrained_latent_only,11401,0,13501,6,0.982129273207018,0.08134523661871648,0.521102109068497,0.521102109068497,True,False,False,5,1
Wall,jepa_wm_wall,49,6,fidelity_constrained_latent_only__seed11401,fidelity_constrained_latent_only,11401,1,13519,6,0.7394556401444581,0.08134523661871648,0.521102109068497,0.521102109068497,True,False,False,5,1
Wall,jepa_wm_wall,49,6,fidelity_constrained_latent_only__seed11401,fidelity_constrained_latent_only,11401,2,13537,6,0.8158761585169471,0.08134523661871648,0.521102109068497,0.521102109068497,True,False,False,5,1
Wall,jepa_wm_wall,50,6,fidelity_constrained_latent_only__seed11401,fidelity_constrained_latent_only,11401,0,13501,1,0.5257116893961004,0.054122212774885464,0.0,0.0,True,False,True,1,1
Wall,jepa_wm_wall,50,6,fidelity_constrained_latent_only__seed11401,fidelity_constrained_latent_only,11401,1,13519,1,0.5442224895039237,0.054122212774885464,0.12336195250522808,0.12336195250522808,True,False,False,5,1
Wall,jepa_wm_wall,50,6,fidelity_constrained_latent_only__seed11401,fidelity_constrained_latent_only,11401,2,13537,1,1.1866679155351032,0.054122212774885464,0.4260123029954614,0.4260123029954614,True,False,False,7,1
Wall,jepa_wm_wall,50,6,fidelity_constrained_latent_only__seed11401,fidelity_constrained_latent_only,11401,0,13501,3,0.9471838551332966,0.12897649730724076,0.21108969174761585,0.21108969174761585,True,False,False,5,6
Wall,jepa_wm_wall,50,6,fidelity_constrained_latent_only__seed11401,fidelity_constrained_latent_only,11401,1,13519,3,1.178085393525467,0.12897649730724076,0.29607003342937677,0.29607003342937677,True,False,False,1,6
Wall,jepa_wm_wall,50,6,fidelity_constrained_latent_only__seed11401,fidelity_constrained_latent_only,11401,2,13537,3,1.0015254733991554,0.12897649730724076,0.21108969174761585,0.21108969174761585,True,False,False,5,6
Wall,jepa_wm_wall,50,6,fidelity_constrained_latent_only__seed11401,fidelity_constrained_latent_only,11401,0,13501,6,0.971013932267429,0.037144204333989565,0.5065871325361062,0.5065871325361062,True,False,False,5,4
Wall,jepa_wm_wall,50,6,fidelity_constrained_latent_only__seed11401,fidelity_constrained_latent_only,11401,1,13519,6,0.9927496923560875,0.037144204333989565,0.19405549575924055,0.19405549575924055,True,False,False,1,4
Wall,jepa_wm_wall,50,6,fidelity_constrained_latent_only__seed11401,fidelity_constrained_latent_only,11401,2,13537,6,0.9596770891566162,0.037144204333989565,0.03890834302826281,0.03890834302826281,True,False,False,2,4
Wall,jepa_wm_wall,51,6,fidelity_constrained_latent_only__seed11401,fidelity_constrained_latent_only,11401,0,13501,1,0.5012771046956263,0.0008738033632488796,0.0008738033632488796,0.0008738033632488796,True,False,False,2,1
Wall,jepa_wm_wall,51,6,fidelity_constrained_latent_only__seed11401,fidelity_constrained_latent_only,11401,1,13519,1,0.9785932511169912,0.0008738033632488796,0.12172033166380862,0.12172033166380862,True,False,False,5,1
Wall,jepa_wm_wall,51,6,fidelity_constrained_latent_only__seed11401,fidelity_constrained_latent_only,11401,2,13537,1,1.1858604632092369,0.0008738033632488796,0.4223548821825772,0.4223548821825772,True,False,False,7,1
Wall,jepa_wm_wall,51,6,fidelity_constrained_latent_only__seed11401,fidelity_constrained_latent_only,11401,0,13501,3,0.6973043664981861,0.18236891449751788,0.26800666634249315,0.26800666634249315,True,False,False,5,1
Wall,jepa_wm_wall,51,6,fidelity_constrained_latent_only__seed11401,fidelity_constrained_latent_only,11401,1,13519,3,0.7098310652920795,0.18236891449751788,0.26800666634249315,0.26800666634249315,True,False,False,5,1
Wall,jepa_wm_wall,51,6,fidelity_constrained_latent_only__seed11401,fidelity_constrained_latent_only,11401,2,13537,3,0.8938199650242802,0.18236891449751788,0.26800666634249315,0.26800666634249315,True,False,False,5,1
Wall,jepa_wm_wall,51,6,fidelity_constrained_latent_only__seed11401,fidelity_constrained_latent_only,11401,0,13501,6,0.9987860865363195,0.10901940817974191,0.5176295782823793,0.5176295782823793,True,False,False,5,1
Wall,jepa_wm_wall,51,6,fidelity_constrained_latent_only__seed11401,fidelity_constrained_latent_only,11401,1,13519,6,0.8459510515943627,0.10901940817974191,0.5176295782823793,0.5176295782823793,True,False,False,5,1
Wall,jepa_wm_wall,51,6,fidelity_constrained_latent_only__seed11401,fidelity_constrained_latent_only,11401,2,13537,6,0.9594576038494552,0.10901940817974191,0.10901940817974191,0.10901940817974191,True,False,False,4,1
Wall,jepa_wm_wall,52,6,fidelity_constrained_latent_only__seed11401,fidelity_constrained_latent_only,11401,0,13501,1,0.5626270254266896,0.07100282563201721,0.07100282563201721,0.07100282563201721,True,False,False,5,1
Wall,jepa_wm_wall,52,6,fidelity_constrained_latent_only__seed11401,fidelity_constrained_latent_only,11401,1,13519,1,0.592275609680247,0.07100282563201721,0.39458057133526225,0.39458057133526225,True,False,False,7,1
Wall,jepa_wm_wall,52,6,fidelity_constrained_latent_only__seed11401,fidelity_constrained_latent_only,11401,2,13537,1,1.2622549876790372,0.07100282563201721,0.5507561548240016,0.5507561548240016,True,False,False,0,1
Wall,jepa_wm_wall,52,6,fidelity_constrained_latent_only__seed11401,fidelity_constrained_latent_only,11401,0,13501,3,1.0810277973993558,0.025811218253910286,0.25457009560513844,0.25457009560513844,True,False,False,7,3
Wall,jepa_wm_wall,52,6,fidelity_constrained_latent_only__seed11401,fidelity_constrained_latent_only,11401,1,13519,3,0.7210694221231838,0.025811218253910286,0.025811218253910286,0.025811218253910286,True,False,False,5,3
Wall,jepa_wm_wall,52,6,fidelity_constrained_latent_only__seed11401,fidelity_constrained_latent_only,11401,2,13537,3,1.309349592917967,0.025811218253910286,0.025811218253910286,0.025811218253910286,True,False,False,5,3
Wall,jepa_wm_wall,52,6,fidelity_constrained_latent_only__seed11401,fidelity_constrained_latent_only,11401,0,13501,6,0.8961760850149212,0.0384318938477101,0.4446029683194517,0.4446029683194517,True,False,False,6,3
Wall,jepa_wm_wall,52,6,fidelity_constrained_latent_only__seed11401,fidelity_constrained_latent_only,11401,1,13519,6,1.0071028660918628,0.0384318938477101,0.06992941723812081,0.06992941723812081,True,False,False,4,3
Wall,jepa_wm_wall,52,6,fidelity_constrained_latent_only__seed11401,fidelity_constrained_latent_only,11401,2,13537,6,1.194572923674911,0.0384318938477101,0.5546787123699543,0.5546787123699543,True,False,False,5,3
Wall,jepa_wm_wall,53,6,fidelity_constrained_latent_only__seed11401,fidelity_constrained_latent_only,11401,0,13501,1,1.115477393773638,0.009791405470287062,0.0,0.0,True,False,True,1,1
Wall,jepa_wm_wall,53,6,fidelity_constrained_latent_only__seed11401,fidelity_constrained_latent_only,11401,1,13519,1,0.7400648203534521,0.009791405470287062,0.0,0.0,True,False,True,1,1
Wall,jepa_wm_wall,53,6,fidelity_constrained_latent_only__seed11401,fidelity_constrained_latent_only,11401,2,13537,1,1.3391301317925515,0.009791405470287062,0.4488210939174718,0.4488210939174718,True,False,False,7,1
Wall,jepa_wm_wall,53,6,fidelity_constrained_latent_only__seed11401,fidelity_constrained_latent_only,11401,0,13501,3,0.5940905497884551,0.09916642903112673,0.1251960814003341,0.1251960814003341,True,False,False,5,4
Wall,jepa_wm_wall,53,6,fidelity_constrained_latent_only__seed11401,fidelity_constrained_latent_only,11401,1,13519,3,0.7818334929625771,0.09916642903112673,0.09916642903112673,0.09916642903112673,True,False,False,1,4
Wall,jepa_wm_wall,53,6,fidelity_constrained_latent_only__seed11401,fidelity_constrained_latent_only,11401,2,13537,3,1.0041864189107146,0.09916642903112673,0.09916642903112673,0.09916642903112673,True,False,False,1,4
Wall,jepa_wm_wall,53,6,fidelity_constrained_latent_only__seed11401,fidelity_constrained_latent_only,11401,0,13501,6,0.999862467147549,0.055729041610402784,0.4901310670697422,0.4901310670697422,True,False,False,5,4
Wall,jepa_wm_wall,53,6,fidelity_constrained_latent_only__seed11401,fidelity_constrained_latent_only,11401,1,13519,6,0.8837473263280639,0.055729041610402784,0.09643994244758064,0.09643994244758064,True,False,False,1,4
Wall,jepa_wm_wall,53,6,fidelity_constrained_latent_only__seed11401,fidelity_constrained_latent_only,11401,2,13537,6,0.9715174166422128,0.055729041610402784,0.4901310670697422,0.4901310670697422,True,False,False,5,4
Wall,jepa_wm_wall,54,6,fidelity_constrained_latent_only__seed11401,fidelity_constrained_latent_only,11401,0,13501,1,0.4585615457436713,0.05210487275347143,0.0,0.0,True,False,True,1,1
Wall,jepa_wm_wall,54,6,fidelity_constrained_latent_only__seed11401,fidelity_constrained_latent_only,11401,1,13519,1,0.5281990400614186,0.05210487275347143,0.0,0.0,True,False,True,1,1
Wall,jepa_wm_wall,54,6,fidelity_constrained_latent_only__seed11401,fidelity_constrained_latent_only,11401,2,13537,1,1.1684705710374226,0.05210487275347143,0.381799624403083,0.381799624403083,True,False,False,7,1
Wall,jepa_wm_wall,54,6,fidelity_constrained_latent_only__seed11401,fidelity_constrained_latent_only,11401,0,13501,3,0.885920873205903,0.20548523538405974,0.22028967914818534,0.22028967914818534,True,False,False,5,6
Wall,jepa_wm_wall,54,6,fidelity_constrained_latent_only__seed11401,fidelity_constrained_latent_only,11401,1,13519,3,1.0257212269936196,0.20548523538405974,0.29411612172776747,0.29411612172776747,True,False,False,1,6
Wall,jepa_wm_wall,54,6,fidelity_constrained_latent_only__seed11401,fidelity_constrained_latent_only,11401,2,13537,3,1.031496306917786,0.20548523538405974,0.22028967914818534,0.22028967914818534,True,False,False,5,6
Wall,jepa_wm_wall,54,6,fidelity_constrained_latent_only__seed11401,fidelity_constrained_latent_only,11401,0,13501,6,0.9806138574743853,0.0038749650505872178,0.514172621782109,0.514172621782109,True,False,False,5,2
Wall,jepa_wm_wall,54,6,fidelity_constrained_latent_only__seed11401,fidelity_constrained_latent_only,11401,1,13519,6,1.0029100776848425,0.0038749650505872178,0.0038749650505872178,0.0038749650505872178,True,False,False,4,2
Wall,jepa_wm_wall,54,6,fidelity_constrained_latent_only__seed11401,fidelity_constrained_latent_only,11401,2,13537,6,1.2012818100717908,0.0038749650505872178,0.6769227234422285,0.6769227234422285,True,False,False,0,2
Wall,jepa_wm_wall,55,6,fidelity_constrained_latent_only__seed11401,fidelity_constrained_latent_only,11401,0,13501,1,1.0145919853393597,0.12339387776632706,0.0,0.0,True,False,True,1,1
Wall,jepa_wm_wall,55,6,fidelity_constrained_latent_only__seed11401,fidelity_constrained_latent_only,11401,1,13519,1,0.6460965214586162,0.12339387776632706,0.19210375265017246,0.19210375265017246,True,False,False,2,1
Wall,jepa_wm_wall,55,6,fidelity_constrained_latent_only__seed11401,fidelity_constrained_latent_only,11401,2,13537,1,0.9895733482890625,0.12339387776632706,0.12339387776632706,0.12339387776632706,True,False,False,5,1
Wall,jepa_wm_wall,55,6,fidelity_constrained_latent_only__seed11401,fidelity_constrained_latent_only,11401,0,13501,3,0.9432864938558627,0.05867158711655809,0.1600320766712798,0.1600320766712798,True,False,False,5,6
Wall,jepa_wm_wall,55,6,fidelity_constrained_latent_only__seed11401,fidelity_constrained_latent_only,11401,1,13519,3,0.8158960013936465,0.05867158711655809,0.1600320766712798,0.1600320766712798,True,False,False,5,6
Wall,jepa_wm_wall,55,6,fidelity_constrained_latent_only__seed11401,fidelity_constrained_latent_only,11401,2,13537,3,0.8935080103258944,0.05867158711655809,0.19830582185068493,0.19830582185068493,True,False,False,1,6
Wall,jepa_wm_wall,55,6,fidelity_constrained_latent_only__seed11401,fidelity_constrained_latent_only,11401,0,13501,6,1.094523032311372,0.04633499368663333,0.5466014700979263,0.5466014700979263,True,False,False,5,2
Wall,jepa_wm_wall,55,6,fidelity_constrained_latent_only__seed11401,fidelity_constrained_latent_only,11401,1,13519,6,0.9107965567060093,0.04633499368663333,0.04633499368663333,0.04633499368663333,True,False,False,4,2
Wall,jepa_wm_wall,55,6,fidelity_constrained_latent_only__seed11401,fidelity_constrained_latent_only,11401,2,13537,6,1.1361408640612978,0.04633499368663333,0.510367303771342,0.510367303771342,True,False,False,1,2
Wall,jepa_wm_wall,8,1,fidelity_constrained_shuffled_geometry__seed11401,fidelity_constrained_shuffled_geometry,11401,0,13501,1,0.6786969217587838,0.016152705182870427,0.49283338956958495,0.49283338956958495,True,False,False,8,2
Wall,jepa_wm_wall,8,1,fidelity_constrained_shuffled_geometry__seed11401,fidelity_constrained_shuffled_geometry,11401,1,13519,1,0.6190599236153658,0.016152705182870427,0.016152705182870427,0.016152705182870427,True,False,False,4,2
Wall,jepa_wm_wall,8,1,fidelity_constrained_shuffled_geometry__seed11401,fidelity_constrained_shuffled_geometry,11401,2,13537,1,0.6892794560104174,0.016152705182870427,0.12071148770637684,0.12071148770637684,True,False,False,5,2
Wall,jepa_wm_wall,8,1,fidelity_constrained_shuffled_geometry__seed11401,fidelity_constrained_shuffled_geometry,11401,0,13501,3,0.4336990971344242,0.07614176734582923,0.08482373582968013,0.08482373582968013,True,False,False,5,4
Wall,jepa_wm_wall,8,1,fidelity_constrained_shuffled_geometry__seed11401,fidelity_constrained_shuffled_geometry,11401,1,13519,3,0.4605543897043712,0.07614176734582923,0.08482373582968013,0.08482373582968013,True,False,False,5,4
Wall,jepa_wm_wall,8,1,fidelity_constrained_shuffled_geometry__seed11401,fidelity_constrained_shuffled_geometry,11401,2,13537,3,0.521859806710841,0.07614176734582923,0.08482373582968013,0.08482373582968013,True,False,False,5,4
Wall,jepa_wm_wall,8,1,fidelity_constrained_shuffled_geometry__seed11401,fidelity_constrained_shuffled_geometry,11401,0,13501,6,0.47766592188358936,0.029846874393166266,0.0,0.0,True,False,True,4,4
Wall,jepa_wm_wall,8,1,fidelity_constrained_shuffled_geometry__seed11401,fidelity_constrained_shuffled_geometry,11401,1,13519,6,0.47721643670319597,0.029846874393166266,0.0,0.0,True,False,True,4,4
Wall,jepa_wm_wall,8,1,fidelity_constrained_shuffled_geometry__seed11401,fidelity_constrained_shuffled_geometry,11401,2,13537,6,0.6083986460192131,0.029846874393166266,0.0,0.0,True,False,True,4,4
Wall,jepa_wm_wall,9,1,fidelity_constrained_shuffled_geometry__seed11401,fidelity_constrained_shuffled_geometry,11401,0,13501,1,0.6278867853478952,0.12507081777279483,0.42975130258508343,0.42975130258508343,True,False,False,7,1
Wall,jepa_wm_wall,9,1,fidelity_constrained_shuffled_geometry__seed11401,fidelity_constrained_shuffled_geometry,11401,1,13519,1,0.5011503844026485,0.12507081777279483,0.0,0.0,True,False,True,1,1
Wall,jepa_wm_wall,9,1,fidelity_constrained_shuffled_geometry__seed11401,fidelity_constrained_shuffled_geometry,11401,2,13537,1,0.8510893958244364,0.12507081777279483,0.12507081777279483,0.12507081777279483,True,False,False,5,1
Wall,jepa_wm_wall,9,1,fidelity_constrained_shuffled_geometry__seed11401,fidelity_constrained_shuffled_geometry,11401,0,13501,3,0.5613009671607384,0.054847575896831174,0.054847575896831174,0.054847575896831174,True,False,False,5,1
Wall,jepa_wm_wall,9,1,fidelity_constrained_shuffled_geometry__seed11401,fidelity_constrained_shuffled_geometry,11401,1,13519,3,0.31385477701291326,0.054847575896831174,0.0,0.0,True,False,True,1,1
Wall,jepa_wm_wall,9,1,fidelity_constrained_shuffled_geometry__seed11401,fidelity_constrained_shuffled_geometry,11401,2,13537,3,0.5128174142817411,0.054847575896831174,0.0,0.0,True,False,True,1,1
Wall,jepa_wm_wall,9,1,fidelity_constrained_shuffled_geometry__seed11401,fidelity_constrained_shuffled_geometry,11401,0,13501,6,0.7744999829980938,0.014740318180249878,0.4905475957211416,0.4905475957211416,True,False,False,5,2
Wall,jepa_wm_wall,9,1,fidelity_constrained_shuffled_geometry__seed11401,fidelity_constrained_shuffled_geometry,11401,1,13519,6,0.6357459308184745,0.014740318180249878,0.09552012436264752,0.09552012436264752,True,False,False,4,2
Wall,jepa_wm_wall,9,1,fidelity_constrained_shuffled_geometry__seed11401,fidelity_constrained_shuffled_geometry,11401,2,13537,6,0.7228636071832053,0.014740318180249878,0.5442535818012866,0.5442535818012866,True,False,False,1,2
Wall,jepa_wm_wall,10,1,fidelity_constrained_shuffled_geometry__seed11401,fidelity_constrained_shuffled_geometry,11401,0,13501,1,0.6311647734230689,0.0012356039916028997,0.12286421707529614,0.12286421707529614,True,False,False,6,1
Wall,jepa_wm_wall,10,1,fidelity_constrained_shuffled_geometry__seed11401,fidelity_constrained_shuffled_geometry,11401,1,13519,1,0.614038084681308,0.0012356039916028997,0.12286421707529614,0.12286421707529614,True,False,False,5,1
Wall,jepa_wm_wall,10,1,fidelity_constrained_shuffled_geometry__seed11401,fidelity_constrained_shuffled_geometry,11401,2,13537,1,0.2070145176582821,0.0012356039916028997,0.0,0.0,True,False,True,1,1
Wall,jepa_wm_wall,10,1,fidelity_constrained_shuffled_geometry__seed11401,fidelity_constrained_shuffled_geometry,11401,0,13501,3,0.446985159384128,0.15965748274850114,0.20731631818021912,0.20731631818021912,True,False,False,5,1
Wall,jepa_wm_wall,10,1,fidelity_constrained_shuffled_geometry__seed11401,fidelity_constrained_shuffled_geometry,11401,1,13519,3,0.4486662641714796,0.15965748274850114,0.20731631818021912,0.20731631818021912,True,False,False,5,1
Wall,jepa_wm_wall,10,1,fidelity_constrained_shuffled_geometry__seed11401,fidelity_constrained_shuffled_geometry,11401,2,13537,3,0.4671560723696543,0.15965748274850114,0.20731631818021912,0.20731631818021912,True,False,False,5,1
Wall,jepa_wm_wall,10,1,fidelity_constrained_shuffled_geometry__seed11401,fidelity_constrained_shuffled_geometry,11401,0,13501,6,0.6674232421147414,0.08421266293753488,0.0,0.0,True,False,True,1,1
Wall,jepa_wm_wall,10,1,fidelity_constrained_shuffled_geometry__seed11401,fidelity_constrained_shuffled_geometry,11401,1,13519,6,0.6317891773858388,0.08421266293753488,0.0,0.0,True,False,True,1,1
Wall,jepa_wm_wall,10,1,fidelity_constrained_shuffled_geometry__seed11401,fidelity_constrained_shuffled_geometry,11401,2,13537,6,0.6186513828469108,0.08421266293753488,0.0,0.0,True,False,True,1,1
Wall,jepa_wm_wall,11,1,fidelity_constrained_shuffled_geometry__seed11401,fidelity_constrained_shuffled_geometry,11401,0,13501,1,0.47452209966214864,0.006092489128857203,0.03012359321854074,0.03012359321854074,True,False,False,2,1
Wall,jepa_wm_wall,11,1,fidelity_constrained_shuffled_geometry__seed11401,fidelity_constrained_shuffled_geometry,11401,1,13519,1,0.17366109227873092,0.006092489128857203,0.006092489128857203,0.006092489128857203,True,False,False,4,1
Wall,jepa_wm_wall,11,1,fidelity_constrained_shuffled_geometry__seed11401,fidelity_constrained_shuffled_geometry,11401,2,13537,1,0.48043781293853377,0.006092489128857203,0.0,0.0,True,False,True,1,1
Wall,jepa_wm_wall,11,1,fidelity_constrained_shuffled_geometry__seed11401,fidelity_constrained_shuffled_geometry,11401,0,13501,3,0.4390428917165671,0.05350381994101328,0.16557815588742084,0.16557815588742084,True,False,False,5,1
Wall,jepa_wm_wall,11,1,fidelity_constrained_shuffled_geometry__seed11401,fidelity_constrained_shuffled_geometry,11401,1,13519,3,0.44234606532120474,0.05350381994101328,0.16557815588742084,0.16557815588742084,True,False,False,5,1
Wall,jepa_wm_wall,11,1,fidelity_constrained_shuffled_geometry__seed11401,fidelity_constrained_shuffled_geometry,11401,2,13537,3,0.4956022953859209,0.05350381994101328,0.16557815588742084,0.16557815588742084,True,False,False,5,1
Wall,jepa_wm_wall,11,1,fidelity_constrained_shuffled_geometry__seed11401,fidelity_constrained_shuffled_geometry,11401,0,13501,6,0.682276738569479,0.029439984357622885,0.0,0.0,True,False,True,1,1
Wall,jepa_wm_wall,11,1,fidelity_constrained_shuffled_geometry__seed11401,fidelity_constrained_shuffled_geometry,11401,1,13519,6,0.6347711723935412,0.029439984357622885,0.0,0.0,True,False,True,1,1
Wall,jepa_wm_wall,11,1,fidelity_constrained_shuffled_geometry__seed11401,fidelity_constrained_shuffled_geometry,11401,2,13537,6,0.6311486838387527,0.029439984357622885,0.0,0.0,True,False,True,1,1
Wall,jepa_wm_wall,12,1,fidelity_constrained_shuffled_geometry__seed11401,fidelity_constrained_shuffled_geometry,11401,0,13501,1,0.6994687002523062,0.12456447628524758,0.12456477430848922,0.12456477430848922,True,False,False,5,1
Wall,jepa_wm_wall,12,1,fidelity_constrained_shuffled_geometry__seed11401,fidelity_constrained_shuffled_geometry,11401,1,13519,1,0.40700380391225544,0.12456447628524758,0.12456447628524758,0.12456447628524758,True,False,False,6,1
Wall,jepa_wm_wall,12,1,fidelity_constrained_shuffled_geometry__seed11401,fidelity_constrained_shuffled_geometry,11401,2,13537,1,0.5972737380054801,0.12456447628524758,0.0,0.0,True,False,True,1,1
Wall,jepa_wm_wall,12,1,fidelity_constrained_shuffled_geometry__seed11401,fidelity_constrained_shuffled_geometry,11401,0,13501,3,0.5251804341605707,0.06321905065029236,0.0,0.0,True,False,True,1,1
Wall,jepa_wm_wall,12,1,fidelity_constrained_shuffled_geometry__seed11401,fidelity_constrained_shuffled_geometry,11401,1,13519,3,0.7780501146755017,0.06321905065029236,0.0,0.0,True,False,True,1,1
Wall,jepa_wm_wall,12,1,fidelity_constrained_shuffled_geometry__seed11401,fidelity_constrained_shuffled_geometry,11401,2,13537,3,0.4662279583654747,0.06321905065029236,0.0,0.0,True,False,True,1,1
Wall,jepa_wm_wall,12,1,fidelity_constrained_shuffled_geometry__seed11401,fidelity_constrained_shuffled_geometry,11401,0,13501,6,0.7195380203061404,0.051845683435020974,0.31883657143532496,0.31883657143532496,True,False,False,1,3
Wall,jepa_wm_wall,12,1,fidelity_constrained_shuffled_geometry__seed11401,fidelity_constrained_shuffled_geometry,11401,1,13519,6,0.6511644126680239,0.051845683435020974,0.31883657143532496,0.31883657143532496,True,False,False,1,3
Wall,jepa_wm_wall,12,1,fidelity_constrained_shuffled_geometry__seed11401,fidelity_constrained_shuffled_geometry,11401,2,13537,6,0.7647008541963797,0.051845683435020974,0.31883657143532496,0.31883657143532496,True,False,False,1,3
Wall,jepa_wm_wall,13,1,fidelity_constrained_shuffled_geometry__seed11401,fidelity_constrained_shuffled_geometry,11401,0,13501,1,0.3455593032657047,0.0032743813559044216,0.014646054187181842,0.014646054187181842,True,False,False,2,1
Wall,jepa_wm_wall,13,1,fidelity_constrained_shuffled_geometry__seed11401,fidelity_constrained_shuffled_geometry,11401,1,13519,1,0.42635164153135224,0.0032743813559044216,0.028695465844599356,0.028695465844599356,True,False,False,4,1
Wall,jepa_wm_wall,13,1,fidelity_constrained_shuffled_geometry__seed11401,fidelity_constrained_shuffled_geometry,11401,2,13537,1,0.5087565175204124,0.0032743813559044216,0.12114197737824782,0.12114197737824782,True,False,False,5,1
Wall,jepa_wm_wall,13,1,fidelity_constrained_shuffled_geometry__seed11401,fidelity_constrained_shuffled_geometry,11401,0,13501,3,0.39425854022839774,0.14527104206009775,0.14527104206009775,0.14527104206009775,True,False,False,5,4
Wall,jepa_wm_wall,13,1,fidelity_constrained_shuffled_geometry__seed11401,fidelity_constrained_shuffled_geometry,11401,1,13519,3,0.4403828949254311,0.14527104206009775,0.14527104206009775,0.14527104206009775,True,False,False,5,4
Wall,jepa_wm_wall,13,1,fidelity_constrained_shuffled_geometry__seed11401,fidelity_constrained_shuffled_geometry,11401,2,13537,3,0.3949776890675575,0.14527104206009775,0.14527104206009775,0.14527104206009775,True,False,False,5,4
Wall,jepa_wm_wall,13,1,fidelity_constrained_shuffled_geometry__seed11401,fidelity_constrained_shuffled_geometry,11401,0,13501,6,0.4010318892700852,0.4162684616699494,0.0,0.0,True,True,True,4,4
Wall,jepa_wm_wall,13,1,fidelity_constrained_shuffled_geometry__seed11401,fidelity_constrained_shuffled_geometry,11401,1,13519,6,0.4744716320362969,0.4162684616699494,0.0,0.0,True,False,True,4,4
Wall,jepa_wm_wall,13,1,fidelity_constrained_shuffled_geometry__seed11401,fidelity_constrained_shuffled_geometry,11401,2,13537,6,0.4518567889069745,0.4162684616699494,0.4162684616699494,0.4162684616699494,True,False,False,5,4
Wall,jepa_wm_wall,14,1,fidelity_constrained_shuffled_geometry__seed11401,fidelity_constrained_shuffled_geometry,11401,0,13501,1,0.47014720790224335,0.1235923244710162,0.0,0.0,True,False,True,1,1
Wall,jepa_wm_wall,14,1,fidelity_constrained_shuffled_geometry__seed11401,fidelity_constrained_shuffled_geometry,11401,1,13519,1,0.42769974286652135,0.1235923244710162,0.1235923244710162,0.1235923244710162,True,False,False,5,1
Wall,jepa_wm_wall,14,1,fidelity_constrained_shuffled_geometry__seed11401,fidelity_constrained_shuffled_geometry,11401,2,13537,1,0.7165176765309941,0.1235923244710162,0.1235923244710162,0.1235923244710162,True,False,False,5,1
Wall,jepa_wm_wall,14,1,fidelity_constrained_shuffled_geometry__seed11401,fidelity_constrained_shuffled_geometry,11401,0,13501,3,0.8487179184075323,0.02103669177229461,0.02103669177229461,0.02103669177229461,True,False,False,1,4
Wall,jepa_wm_wall,14,1,fidelity_constrained_shuffled_geometry__seed11401,fidelity_constrained_shuffled_geometry,11401,1,13519,3,0.5977911284137823,0.02103669177229461,0.02103669177229461,0.02103669177229461,True,False,False,1,4
Wall,jepa_wm_wall,14,1,fidelity_constrained_shuffled_geometry__seed11401,fidelity_constrained_shuffled_geometry,11401,2,13537,3,0.7495023947916872,0.02103669177229461,0.02103669177229461,0.02103669177229461,True,False,False,1,4
Wall,jepa_wm_wall,14,1,fidelity_constrained_shuffled_geometry__seed11401,fidelity_constrained_shuffled_geometry,11401,0,13501,6,0.6758131058308263,0.018693811713921336,0.0,0.0,True,False,True,4,4
Wall,jepa_wm_wall,14,1,fidelity_constrained_shuffled_geometry__seed11401,fidelity_constrained_shuffled_geometry,11401,1,13519,6,0.5711167725459992,0.018693811713921336,0.0,0.0,True,False,True,4,4
Wall,jepa_wm_wall,14,1,fidelity_constrained_shuffled_geometry__seed11401,fidelity_constrained_shuffled_geometry,11401,2,13537,6,0.5821425711338847,0.018693811713921336,0.0,0.0,True,False,True,4,4
Wall,jepa_wm_wall,15,1,fidelity_constrained_shuffled_geometry__seed11401,fidelity_constrained_shuffled_geometry,11401,0,13501,1,0.34059098768560153,0.12749000243931988,0.12749000243931988,0.12749000243931988,True,False,False,6,1
Wall,jepa_wm_wall,15,1,fidelity_constrained_shuffled_geometry__seed11401,fidelity_constrained_shuffled_geometry,11401,1,13519,1,0.7022500090981593,0.12749000243931988,0.12749000243931988,0.12749000243931988,True,False,False,5,1
Wall,jepa_wm_wall,15,1,fidelity_constrained_shuffled_geometry__seed11401,fidelity_constrained_shuffled_geometry,11401,2,13537,1,0.8924704931013586,0.12749000243931988,0.12749000243931988,0.12749000243931988,True,False,False,5,1
Wall,jepa_wm_wall,15,1,fidelity_constrained_shuffled_geometry__seed11401,fidelity_constrained_shuffled_geometry,11401,0,13501,3,0.8244944436152564,0.019446629235054986,0.019446629235054986,0.019446629235054986,True,False,False,1,5
Wall,jepa_wm_wall,15,1,fidelity_constrained_shuffled_geometry__seed11401,fidelity_constrained_shuffled_geometry,11401,1,13519,3,0.7064364254745459,0.019446629235054986,0.019446629235054986,0.019446629235054986,True,False,False,1,5
Wall,jepa_wm_wall,15,1,fidelity_constrained_shuffled_geometry__seed11401,fidelity_constrained_shuffled_geometry,11401,2,13537,3,0.8098766386263918,0.019446629235054986,0.0,0.0,True,False,True,5,5
Wall,jepa_wm_wall,15,1,fidelity_constrained_shuffled_geometry__seed11401,fidelity_constrained_shuffled_geometry,11401,0,13501,6,0.7530399337642639,0.02109195364658048,0.5003648254496518,0.5003648254496518,True,False,False,5,2
Wall,jepa_wm_wall,15,1,fidelity_constrained_shuffled_geometry__seed11401,fidelity_constrained_shuffled_geometry,11401,1,13519,6,0.6494295368591821,0.02109195364658048,0.02109195364658048,0.02109195364658048,True,False,False,4,2
Wall,jepa_wm_wall,15,1,fidelity_constrained_shuffled_geometry__seed11401,fidelity_constrained_shuffled_geometry,11401,2,13537,6,0.7130155030284807,0.02109195364658048,0.5003648254496518,0.5003648254496518,True,False,False,5,2
Wall,jepa_wm_wall,16,2,fidelity_constrained_shuffled_geometry__seed11401,fidelity_constrained_shuffled_geometry,11401,0,13501,1,0.4617273787939872,0.08029399387979654,0.12475547200310898,0.12475547200310898,True,False,False,6,1
Wall,jepa_wm_wall,16,2,fidelity_constrained_shuffled_geometry__seed11401,fidelity_constrained_shuffled_geometry,11401,1,13519,1,0.33607051774487057,0.08029399387979654,0.08029399387979654,0.08029399387979654,True,False,False,4,1
Wall,jepa_wm_wall,16,2,fidelity_constrained_shuffled_geometry__seed11401,fidelity_constrained_shuffled_geometry,11401,2,13537,1,0.19385649711076786,0.08029399387979654,0.0,0.0,True,False,True,1,1
Wall,jepa_wm_wall,16,2,fidelity_constrained_shuffled_geometry__seed11401,fidelity_constrained_shuffled_geometry,11401,0,13501,3,0.7775463023266338,0.005638604719787298,0.1362528665233449,0.1362528665233449,True,False,False,5,2
Wall,jepa_wm_wall,16,2,fidelity_constrained_shuffled_geometry__seed11401,fidelity_constrained_shuffled_geometry,11401,1,13519,3,1.1977182223853302,0.005638604719787298,0.1362528665233449,0.1362528665233449,True,False,False,5,2
Wall,jepa_wm_wall,16,2,fidelity_constrained_shuffled_geometry__seed11401,fidelity_constrained_shuffled_geometry,11401,2,13537,3,0.6575669754438528,0.005638604719787298,0.07872781905618415,0.07872781905618415,True,False,False,4,2
Wall,jepa_wm_wall,16,2,fidelity_constrained_shuffled_geometry__seed11401,fidelity_constrained_shuffled_geometry,11401,0,13501,6,1.1144355148887266,0.0428317804300752,0.47836158155027136,0.47836158155027136,True,False,False,1,2
Wall,jepa_wm_wall,16,2,fidelity_constrained_shuffled_geometry__seed11401,fidelity_constrained_shuffled_geometry,11401,1,13519,6,1.2370817986064213,0.0428317804300752,0.47836158155027136,0.47836158155027136,True,False,False,1,2
Wall,jepa_wm_wall,16,2,fidelity_constrained_shuffled_geometry__seed11401,fidelity_constrained_shuffled_geometry,11401,2,13537,6,0.931258869080145,0.0428317804300752,0.47836158155027136,0.47836158155027136,True,False,False,1,2
Wall,jepa_wm_wall,17,2,fidelity_constrained_shuffled_geometry__seed11401,fidelity_constrained_shuffled_geometry,11401,0,13501,1,0.9260093319886339,0.12688063729252005,0.12688078630405206,0.12688078630405206,True,False,False,5,1
Wall,jepa_wm_wall,17,2,fidelity_constrained_shuffled_geometry__seed11401,fidelity_constrained_shuffled_geometry,11401,1,13519,1,0.6014608196440011,0.12688063729252005,0.0,0.0,True,False,True,1,1
Wall,jepa_wm_wall,17,2,fidelity_constrained_shuffled_geometry__seed11401,fidelity_constrained_shuffled_geometry,11401,2,13537,1,0.8840420377130921,0.12688063729252005,0.43363994939568373,0.43363994939568373,True,False,False,8,1
Wall,jepa_wm_wall,17,2,fidelity_constrained_shuffled_geometry__seed11401,fidelity_constrained_shuffled_geometry,11401,0,13501,3,0.9353800072600995,0.0045777647931245415,0.0666852161712895,0.0666852161712895,True,False,False,5,1
Wall,jepa_wm_wall,17,2,fidelity_constrained_shuffled_geometry__seed11401,fidelity_constrained_shuffled_geometry,11401,1,13519,3,0.7896816777314463,0.0045777647931245415,0.0666852161712895,0.0666852161712895,True,False,False,5,1
Wall,jepa_wm_wall,17,2,fidelity_constrained_shuffled_geometry__seed11401,fidelity_constrained_shuffled_geometry,11401,2,13537,3,0.5926430647063429,0.0045777647931245415,0.0666852161712895,0.0666852161712895,True,False,False,5,1
Wall,jepa_wm_wall,17,2,fidelity_constrained_shuffled_geometry__seed11401,fidelity_constrained_shuffled_geometry,11401,0,13501,6,1.148872659990088,0.00537754688799704,0.5173793022236458,0.5173793022236458,True,False,False,1,3
Wall,jepa_wm_wall,17,2,fidelity_constrained_shuffled_geometry__seed11401,fidelity_constrained_shuffled_geometry,11401,1,13519,6,1.2217894343907136,0.00537754688799704,0.5173793022236458,0.5173793022236458,True,False,False,1,3
Wall,jepa_wm_wall,17,2,fidelity_constrained_shuffled_geometry__seed11401,fidelity_constrained_shuffled_geometry,11401,2,13537,6,0.8979073787386644,0.00537754688799704,0.5173793022236458,0.5173793022236458,True,False,False,1,3
Wall,jepa_wm_wall,18,2,fidelity_constrained_shuffled_geometry__seed11401,fidelity_constrained_shuffled_geometry,11401,0,13501,1,0.7168589782972141,0.08790014078613739,0.0,0.0,True,False,True,1,1
Wall,jepa_wm_wall,18,2,fidelity_constrained_shuffled_geometry__seed11401,fidelity_constrained_shuffled_geometry,11401,1,13519,1,0.3232904700385466,0.08790014078613739,0.0,0.0,True,False,True,1,1
Wall,jepa_wm_wall,18,2,fidelity_constrained_shuffled_geometry__seed11401,fidelity_constrained_shuffled_geometry,11401,2,13537,1,0.3949569853822555,0.08790014078613739,0.08790014078613739,0.08790014078613739,True,False,False,4,1
Wall,jepa_wm_wall,18,2,fidelity_constrained_shuffled_geometry__seed11401,fidelity_constrained_shuffled_geometry,11401,0,13501,3,0.7999132778070923,0.06357119324461176,0.0,0.0,True,False,True,1,1
Wall,jepa_wm_wall,18,2,fidelity_constrained_shuffled_geometry__seed11401,fidelity_constrained_shuffled_geometry,11401,1,13519,3,0.7168241187119615,0.06357119324461176,0.13583789196485332,0.13583789196485332,True,False,False,6,1
Wall,jepa_wm_wall,18,2,fidelity_constrained_shuffled_geometry__seed11401,fidelity_constrained_shuffled_geometry,11401,2,13537,3,0.39898719636121394,0.06357119324461176,0.0,0.0,True,False,True,1,1
Wall,jepa_wm_wall,18,2,fidelity_constrained_shuffled_geometry__seed11401,fidelity_constrained_shuffled_geometry,11401,0,13501,6,0.914421710936797,0.06074535502837518,0.20337306739366096,0.20337306739366096,True,False,False,5,6
Wall,jepa_wm_wall,18,2,fidelity_constrained_shuffled_geometry__seed11401,fidelity_constrained_shuffled_geometry,11401,1,13519,6,1.0162606876957354,0.06074535502837518,0.079029886739769,0.079029886739769,True,False,False,4,6
Wall,jepa_wm_wall,18,2,fidelity_constrained_shuffled_geometry__seed11401,fidelity_constrained_shuffled_geometry,11401,2,13537,6,0.7009688678592281,0.06074535502837518,0.079029886739769,0.079029886739769,True,False,False,4,6
Wall,jepa_wm_wall,19,2,fidelity_constrained_shuffled_geometry__seed11401,fidelity_constrained_shuffled_geometry,11401,0,13501,1,0.5420712323862775,0.0012619796047764191,0.1265250410340812,0.1265250410340812,True,False,False,5,1
Wall,jepa_wm_wall,19,2,fidelity_constrained_shuffled_geometry__seed11401,fidelity_constrained_shuffled_geometry,11401,1,13519,1,1.2474486719813391,0.0012619796047764191,0.4328822502546236,0.4328822502546236,True,False,False,7,1
Wall,jepa_wm_wall,19,2,fidelity_constrained_shuffled_geometry__seed11401,fidelity_constrained_shuffled_geometry,11401,2,13537,1,0.7257209228514903,0.0012619796047764191,0.0012619796047764191,0.0012619796047764191,True,False,False,2,1
Wall,jepa_wm_wall,19,2,fidelity_constrained_shuffled_geometry__seed11401,fidelity_constrained_shuffled_geometry,11401,0,13501,3,0.642794051571734,0.23155633681788695,0.30787988273780015,0.30787988273780015,True,False,False,5,1
Wall,jepa_wm_wall,19,2,fidelity_constrained_shuffled_geometry__seed11401,fidelity_constrained_shuffled_geometry,11401,1,13519,3,0.8412118679157118,0.23155633681788695,0.5496849397943441,0.5496849397943441,True,False,False,7,1
Wall,jepa_wm_wall,19,2,fidelity_constrained_shuffled_geometry__seed11401,fidelity_constrained_shuffled_geometry,11401,2,13537,3,0.624519950463116,0.23155633681788695,0.30787988273780015,0.30787988273780015,True,False,False,5,1
Wall,jepa_wm_wall,19,2,fidelity_constrained_shuffled_geometry__seed11401,fidelity_constrained_shuffled_geometry,11401,0,13501,6,1.0293145654745244,0.021179216124354038,0.4811349945468107,0.4811349945468107,True,False,False,5,1
Wall,jepa_wm_wall,19,2,fidelity_constrained_shuffled_geometry__seed11401,fidelity_constrained_shuffled_geometry,11401,1,13519,6,1.1241629831680646,0.021179216124354038,0.4811349945468107,0.4811349945468107,True,False,False,5,1
Wall,jepa_wm_wall,19,2,fidelity_constrained_shuffled_geometry__seed11401,fidelity_constrained_shuffled_geometry,11401,2,13537,6,1.010215360301944,0.021179216124354038,0.4811349945468107,0.4811349945468107,True,False,False,5,1
Wall,jepa_wm_wall,20,2,fidelity_constrained_shuffled_geometry__seed11401,fidelity_constrained_shuffled_geometry,11401,0,13501,1,1.1564927644508889,0.09692983861294002,0.5769228648680464,0.5769228648680464,True,False,False,0,1
Wall,jepa_wm_wall,20,2,fidelity_constrained_shuffled_geometry__seed11401,fidelity_constrained_shuffled_geometry,11401,1,13519,1,1.2559264570480853,0.09692983861294002,0.5769228648680464,0.5769228648680464,True,False,False,0,1
Wall,jepa_wm_wall,20,2,fidelity_constrained_shuffled_geometry__seed11401,fidelity_constrained_shuffled_geometry,11401,2,13537,1,1.0065328008409804,0.09692983861294002,0.12873220149056347,0.12873220149056347,True,False,False,5,1
Wall,jepa_wm_wall,20,2,fidelity_constrained_shuffled_geometry__seed11401,fidelity_constrained_shuffled_geometry,11401,0,13501,3,0.8163188059240681,0.1083018003488066,0.4878714169545492,0.4878714169545492,True,False,False,0,6
Wall,jepa_wm_wall,20,2,fidelity_constrained_shuffled_geometry__seed11401,fidelity_constrained_shuffled_geometry,11401,1,13519,3,1.1397847860642927,0.1083018003488066,0.4705035616516968,0.4705035616516968,True,False,False,7,6
Wall,jepa_wm_wall,20,2,fidelity_constrained_shuffled_geometry__seed11401,fidelity_constrained_shuffled_geometry,11401,2,13537,3,0.565287261419798,0.1083018003488066,0.22499358945128464,0.22499358945128464,True,False,False,5,6
Wall,jepa_wm_wall,20,2,fidelity_constrained_shuffled_geometry__seed11401,fidelity_constrained_shuffled_geometry,11401,0,13501,6,1.026004912446589,0.054097226742439664,0.5175256334018074,0.5175256334018074,True,False,False,5,2
Wall,jepa_wm_wall,20,2,fidelity_constrained_shuffled_geometry__seed11401,fidelity_constrained_shuffled_geometry,11401,1,13519,6,1.1052376650962872,0.054097226742439664,0.6705794678490131,0.6705794678490131,True,False,False,0,2
Wall,jepa_wm_wall,20,2,fidelity_constrained_shuffled_geometry__seed11401,fidelity_constrained_shuffled_geometry,11401,2,13537,6,0.8984800562981112,0.054097226742439664,0.5175256334018074,0.5175256334018074,True,False,False,5,2
Wall,jepa_wm_wall,21,2,fidelity_constrained_shuffled_geometry__seed11401,fidelity_constrained_shuffled_geometry,11401,0,13501,1,0.5447070356456246,0.1135563918087716,0.12442798164057622,0.12442798164057622,True,False,False,5,1
Wall,jepa_wm_wall,21,2,fidelity_constrained_shuffled_geometry__seed11401,fidelity_constrained_shuffled_geometry,11401,1,13519,1,0.46312298645474553,0.1135563918087716,0.14340729376121125,0.14340729376121125,True,False,False,2,1
Wall,jepa_wm_wall,21,2,fidelity_constrained_shuffled_geometry__seed11401,fidelity_constrained_shuffled_geometry,11401,2,13537,1,0.5542513109881898,0.1135563918087716,0.17076076094870335,0.17076076094870335,True,False,False,3,1
Wall,jepa_wm_wall,21,2,fidelity_constrained_shuffled_geometry__seed11401,fidelity_constrained_shuffled_geometry,11401,0,13501,3,0.9932131823234539,0.03663146723505468,0.1168170843053608,0.1168170843053608,True,False,False,5,1
Wall,jepa_wm_wall,21,2,fidelity_constrained_shuffled_geometry__seed11401,fidelity_constrained_shuffled_geometry,11401,1,13519,3,0.7960259192101566,0.03663146723505468,0.1168170843053608,0.1168170843053608,True,False,False,5,1
Wall,jepa_wm_wall,21,2,fidelity_constrained_shuffled_geometry__seed11401,fidelity_constrained_shuffled_geometry,11401,2,13537,3,0.5549661554039846,0.03663146723505468,0.04176444127707509,0.04176444127707509,True,False,False,2,1
Wall,jepa_wm_wall,21,2,fidelity_constrained_shuffled_geometry__seed11401,fidelity_constrained_shuffled_geometry,11401,0,13501,6,1.085983832757858,0.08291059941356739,0.48324186008832426,0.48324186008832426,True,False,False,1,3
Wall,jepa_wm_wall,21,2,fidelity_constrained_shuffled_geometry__seed11401,fidelity_constrained_shuffled_geometry,11401,1,13519,6,1.2606608075883923,0.08291059941356739,0.48324186008832426,0.48324186008832426,True,False,False,1,3
Wall,jepa_wm_wall,21,2,fidelity_constrained_shuffled_geometry__seed11401,fidelity_constrained_shuffled_geometry,11401,2,13537,6,0.8929641905104411,0.08291059941356739,0.48324186008832426,0.48324186008832426,True,False,False,1,3
Wall,jepa_wm_wall,22,2,fidelity_constrained_shuffled_geometry__seed11401,fidelity_constrained_shuffled_geometry,11401,0,13501,1,0.90763186857693,0.12694286968112253,0.12694286968112253,0.12694286968112253,True,False,False,5,1
Wall,jepa_wm_wall,22,2,fidelity_constrained_shuffled_geometry__seed11401,fidelity_constrained_shuffled_geometry,11401,1,13519,1,0.6252259217516104,0.12694286968112253,0.0,0.0,True,False,True,1,1
Wall,jepa_wm_wall,22,2,fidelity_constrained_shuffled_geometry__seed11401,fidelity_constrained_shuffled_geometry,11401,2,13537,1,0.8740312177423596,0.12694286968112253,0.4337733398799115,0.4337733398799115,True,False,False,8,1
Wall,jepa_wm_wall,22,2,fidelity_constrained_shuffled_geometry__seed11401,fidelity_constrained_shuffled_geometry,11401,0,13501,3,0.9166039705283521,0.0034078026238675394,0.06691081779439773,0.06691081779439773,True,False,False,5,1
Wall,jepa_wm_wall,22,2,fidelity_constrained_shuffled_geometry__seed11401,fidelity_constrained_shuffled_geometry,11401,1,13519,3,0.7752606391498412,0.0034078026238675394,0.06691081779439773,0.06691081779439773,True,False,False,5,1
Wall,jepa_wm_wall,22,2,fidelity_constrained_shuffled_geometry__seed11401,fidelity_constrained_shuffled_geometry,11401,2,13537,3,0.5971201167503457,0.0034078026238675394,0.06691081779439773,0.06691081779439773,True,False,False,5,1
Wall,jepa_wm_wall,22,2,fidelity_constrained_shuffled_geometry__seed11401,fidelity_constrained_shuffled_geometry,11401,0,13501,6,1.1215317588726401,0.005672566228622634,0.5449193421845129,0.5449193421845129,True,False,False,1,3
Wall,jepa_wm_wall,22,2,fidelity_constrained_shuffled_geometry__seed11401,fidelity_constrained_shuffled_geometry,11401,1,13519,6,1.2083741801539734,0.005672566228622634,0.5449193421845129,0.5449193421845129,True,False,False,1,3
Wall,jepa_wm_wall,22,2,fidelity_constrained_shuffled_geometry__seed11401,fidelity_constrained_shuffled_geometry,11401,2,13537,6,0.9000776516153759,0.005672566228622634,0.5449193421845129,0.5449193421845129,True,False,False,1,3
Wall,jepa_wm_wall,23,2,fidelity_constrained_shuffled_geometry__seed11401,fidelity_constrained_shuffled_geometry,11401,0,13501,1,0.47814098044804193,0.0352215604069649,0.0,0.0,True,False,True,1,1
Wall,jepa_wm_wall,23,2,fidelity_constrained_shuffled_geometry__seed11401,fidelity_constrained_shuffled_geometry,11401,1,13519,1,1.0409477845757371,0.0352215604069649,0.0,0.0,True,False,True,1,1
Wall,jepa_wm_wall,23,2,fidelity_constrained_shuffled_geometry__seed11401,fidelity_constrained_shuffled_geometry,11401,2,13537,1,0.6445595862279274,0.0352215604069649,0.0,0.0,True,False,True,1,1
Wall,jepa_wm_wall,23,2,fidelity_constrained_shuffled_geometry__seed11401,fidelity_constrained_shuffled_geometry,11401,0,13501,3,0.6632791720254706,0.06654741675461008,0.20090383817171387,0.20090383817171387,True,False,False,5,4
Wall,jepa_wm_wall,23,2,fidelity_constrained_shuffled_geometry__seed11401,fidelity_constrained_shuffled_geometry,11401,1,13519,3,1.0968651849621276,0.06654741675461008,0.20090383817171387,0.20090383817171387,True,False,False,5,4
Wall,jepa_wm_wall,23,2,fidelity_constrained_shuffled_geometry__seed11401,fidelity_constrained_shuffled_geometry,11401,2,13537,3,0.540791665707346,0.06654741675461008,0.20090383817171387,0.20090383817171387,True,False,False,5,4
Wall,jepa_wm_wall,23,2,fidelity_constrained_shuffled_geometry__seed11401,fidelity_constrained_shuffled_geometry,11401,0,13501,6,1.0534774435016168,0.02483818875576625,0.52226012105352,0.52226012105352,True,False,False,5,4
Wall,jepa_wm_wall,23,2,fidelity_constrained_shuffled_geometry__seed11401,fidelity_constrained_shuffled_geometry,11401,1,13519,6,1.1249020529889329,0.02483818875576625,0.52226012105352,0.52226012105352,True,False,False,5,4
Wall,jepa_wm_wall,23,2,fidelity_constrained_shuffled_geometry__seed11401,fidelity_constrained_shuffled_geometry,11401,2,13537,6,0.9084906612203195,0.02483818875576625,0.52226012105352,0.52226012105352,True,False,False,5,4
Wall,jepa_wm_wall,48,6,fidelity_constrained_shuffled_geometry__seed11401,fidelity_constrained_shuffled_geometry,11401,0,13501,1,0.41084629857994903,0.001230240308132282,0.12212012605194784,0.12212012605194784,True,False,False,6,1
Wall,jepa_wm_wall,48,6,fidelity_constrained_shuffled_geometry__seed11401,fidelity_constrained_shuffled_geometry,11401,1,13519,1,0.5768133512062157,0.001230240308132282,0.1221204240752783,0.1221204240752783,True,False,False,5,1
Wall,jepa_wm_wall,48,6,fidelity_constrained_shuffled_geometry__seed11401,fidelity_constrained_shuffled_geometry,11401,2,13537,1,0.7390600918346453,0.001230240308132282,0.1221204240752783,0.1221204240752783,True,False,False,5,1
Wall,jepa_wm_wall,48,6,fidelity_constrained_shuffled_geometry__seed11401,fidelity_constrained_shuffled_geometry,11401,0,13501,3,0.4431373602886848,0.19997904740567995,0.3045755010194801,0.3045755010194801,True,False,False,5,1
Wall,jepa_wm_wall,48,6,fidelity_constrained_shuffled_geometry__seed11401,fidelity_constrained_shuffled_geometry,11401,1,13519,3,0.714650785798216,0.19997904740567995,0.3045755010194801,0.3045755010194801,True,False,False,5,1
Wall,jepa_wm_wall,48,6,fidelity_constrained_shuffled_geometry__seed11401,fidelity_constrained_shuffled_geometry,11401,2,13537,3,0.5945273944216724,0.19997904740567995,0.3045755010194801,0.3045755010194801,True,False,False,5,1
Wall,jepa_wm_wall,48,6,fidelity_constrained_shuffled_geometry__seed11401,fidelity_constrained_shuffled_geometry,11401,0,13501,6,0.7781136198415445,0.13991464109340168,0.0,0.0,True,False,True,1,1
Wall,jepa_wm_wall,48,6,fidelity_constrained_shuffled_geometry__seed11401,fidelity_constrained_shuffled_geometry,11401,1,13519,6,0.7201441111057264,0.13991464109340168,0.0,0.0,True,False,True,1,1
Wall,jepa_wm_wall,48,6,fidelity_constrained_shuffled_geometry__seed11401,fidelity_constrained_shuffled_geometry,11401,2,13537,6,0.6524921204081396,0.13991464109340168,0.0,0.0,True,False,True,1,1
Wall,jepa_wm_wall,49,6,fidelity_constrained_shuffled_geometry__seed11401,fidelity_constrained_shuffled_geometry,11401,0,13501,1,0.7241191533048705,0.0035333624998658895,0.0,0.0,True,False,True,1,1
Wall,jepa_wm_wall,49,6,fidelity_constrained_shuffled_geometry__seed11401,fidelity_constrained_shuffled_geometry,11401,1,13519,1,0.31819838109640347,0.0035333624998658895,0.0,0.0,True,False,True,1,1
Wall,jepa_wm_wall,49,6,fidelity_constrained_shuffled_geometry__seed11401,fidelity_constrained_shuffled_geometry,11401,2,13537,1,0.5276956610275566,0.0035333624998658895,0.0,0.0,True,False,True,1,1
Wall,jepa_wm_wall,49,6,fidelity_constrained_shuffled_geometry__seed11401,fidelity_constrained_shuffled_geometry,11401,0,13501,3,0.4734042407509921,0.1617415121097364,0.0,0.0,True,False,True,1,1
Wall,jepa_wm_wall,49,6,fidelity_constrained_shuffled_geometry__seed11401,fidelity_constrained_shuffled_geometry,11401,1,13519,3,0.7702174224151269,0.1617415121097364,0.27278036352730867,0.27278036352730867,True,False,False,5,1
Wall,jepa_wm_wall,49,6,fidelity_constrained_shuffled_geometry__seed11401,fidelity_constrained_shuffled_geometry,11401,2,13537,3,0.5918448307823829,0.1617415121097364,0.27278036352730867,0.27278036352730867,True,False,False,5,1
Wall,jepa_wm_wall,49,6,fidelity_constrained_shuffled_geometry__seed11401,fidelity_constrained_shuffled_geometry,11401,0,13501,6,0.7791878665707432,0.08134523661871648,0.0,0.0,True,False,True,1,1
Wall,jepa_wm_wall,49,6,fidelity_constrained_shuffled_geometry__seed11401,fidelity_constrained_shuffled_geometry,11401,1,13519,6,0.7116899493547851,0.08134523661871648,0.0,0.0,True,False,True,1,1
Wall,jepa_wm_wall,49,6,fidelity_constrained_shuffled_geometry__seed11401,fidelity_constrained_shuffled_geometry,11401,2,13537,6,0.6426958917794082,0.08134523661871648,0.0,0.0,True,False,True,1,1
Wall,jepa_wm_wall,50,6,fidelity_constrained_shuffled_geometry__seed11401,fidelity_constrained_shuffled_geometry,11401,0,13501,1,0.4819867183155956,0.054122212774885464,0.054122212774885464,0.054122212774885464,True,False,False,4,1
Wall,jepa_wm_wall,50,6,fidelity_constrained_shuffled_geometry__seed11401,fidelity_constrained_shuffled_geometry,11401,1,13519,1,0.269694201313489,0.054122212774885464,0.0,0.0,True,False,True,1,1
Wall,jepa_wm_wall,50,6,fidelity_constrained_shuffled_geometry__seed11401,fidelity_constrained_shuffled_geometry,11401,2,13537,1,0.7783698351711809,0.054122212774885464,0.0,0.0,True,False,True,1,1
Wall,jepa_wm_wall,50,6,fidelity_constrained_shuffled_geometry__seed11401,fidelity_constrained_shuffled_geometry,11401,0,13501,3,0.6713744181595546,0.12897649730724076,0.29607003342937677,0.29607003342937677,True,False,False,1,6
Wall,jepa_wm_wall,50,6,fidelity_constrained_shuffled_geometry__seed11401,fidelity_constrained_shuffled_geometry,11401,1,13519,3,0.926928783390975,0.12897649730724076,0.21108969174761585,0.21108969174761585,True,False,False,5,6
Wall,jepa_wm_wall,50,6,fidelity_constrained_shuffled_geometry__seed11401,fidelity_constrained_shuffled_geometry,11401,2,13537,3,0.8616974690469891,0.12897649730724076,0.21108969174761585,0.21108969174761585,True,False,False,5,6
Wall,jepa_wm_wall,50,6,fidelity_constrained_shuffled_geometry__seed11401,fidelity_constrained_shuffled_geometry,11401,0,13501,6,0.98453354412529,0.037144204333989565,0.19405549575924055,0.19405549575924055,True,False,False,1,4
Wall,jepa_wm_wall,50,6,fidelity_constrained_shuffled_geometry__seed11401,fidelity_constrained_shuffled_geometry,11401,1,13519,6,0.9226788693830489,0.037144204333989565,0.19405549575924055,0.19405549575924055,True,False,False,1,4
Wall,jepa_wm_wall,50,6,fidelity_constrained_shuffled_geometry__seed11401,fidelity_constrained_shuffled_geometry,11401,2,13537,6,0.79822069596533,0.037144204333989565,0.19405549575924055,0.19405549575924055,True,False,False,1,4
Wall,jepa_wm_wall,51,6,fidelity_constrained_shuffled_geometry__seed11401,fidelity_constrained_shuffled_geometry,11401,0,13501,1,0.38053148861278,0.0008738033632488796,0.01522897403206608,0.01522897403206608,True,False,False,4,1
Wall,jepa_wm_wall,51,6,fidelity_constrained_shuffled_geometry__seed11401,fidelity_constrained_shuffled_geometry,11401,1,13519,1,0.7559195302597241,0.0008738033632488796,0.12172033166380862,0.12172033166380862,True,False,False,5,1
Wall,jepa_wm_wall,51,6,fidelity_constrained_shuffled_geometry__seed11401,fidelity_constrained_shuffled_geometry,11401,2,13537,1,0.8181268924544497,0.0008738033632488796,0.12172033166380862,0.12172033166380862,True,False,False,5,1
Wall,jepa_wm_wall,51,6,fidelity_constrained_shuffled_geometry__seed11401,fidelity_constrained_shuffled_geometry,11401,0,13501,3,0.7035931864082073,0.18236891449751788,0.26800666634249315,0.26800666634249315,True,False,False,5,1
Wall,jepa_wm_wall,51,6,fidelity_constrained_shuffled_geometry__seed11401,fidelity_constrained_shuffled_geometry,11401,1,13519,3,0.5367707540390243,0.18236891449751788,0.26800666634249315,0.26800666634249315,True,False,False,5,1
Wall,jepa_wm_wall,51,6,fidelity_constrained_shuffled_geometry__seed11401,fidelity_constrained_shuffled_geometry,11401,2,13537,3,0.6166205435320791,0.18236891449751788,0.25084205680435046,0.25084205680435046,True,False,False,2,1
Wall,jepa_wm_wall,51,6,fidelity_constrained_shuffled_geometry__seed11401,fidelity_constrained_shuffled_geometry,11401,0,13501,6,0.8628421061055921,0.10901940817974191,0.5176295782823793,0.5176295782823793,True,False,False,5,1
Wall,jepa_wm_wall,51,6,fidelity_constrained_shuffled_geometry__seed11401,fidelity_constrained_shuffled_geometry,11401,1,13519,6,0.8751257592321663,0.10901940817974191,0.5176295782823793,0.5176295782823793,True,False,False,5,1
Wall,jepa_wm_wall,51,6,fidelity_constrained_shuffled_geometry__seed11401,fidelity_constrained_shuffled_geometry,11401,2,13537,6,0.8333400791006609,0.10901940817974191,0.10901940817974191,0.10901940817974191,True,False,False,4,1
Wall,jepa_wm_wall,52,6,fidelity_constrained_shuffled_geometry__seed11401,fidelity_constrained_shuffled_geometry,11401,0,13501,1,0.6939504902570285,0.07100282563201721,0.0,0.0,True,False,True,1,1
Wall,jepa_wm_wall,52,6,fidelity_constrained_shuffled_geometry__seed11401,fidelity_constrained_shuffled_geometry,11401,1,13519,1,0.5833723583529945,0.07100282563201721,0.07100282563201721,0.07100282563201721,True,False,False,5,1
Wall,jepa_wm_wall,52,6,fidelity_constrained_shuffled_geometry__seed11401,fidelity_constrained_shuffled_geometry,11401,2,13537,1,1.2805365044494126,0.07100282563201721,0.39458057133526225,0.39458057133526225,True,False,False,7,1
Wall,jepa_wm_wall,52,6,fidelity_constrained_shuffled_geometry__seed11401,fidelity_constrained_shuffled_geometry,11401,0,13501,3,0.918904547226679,0.025811218253910286,0.025811218253910286,0.025811218253910286,True,False,False,5,3
Wall,jepa_wm_wall,52,6,fidelity_constrained_shuffled_geometry__seed11401,fidelity_constrained_shuffled_geometry,11401,1,13519,3,1.111110178767643,0.025811218253910286,0.025811218253910286,0.025811218253910286,True,False,False,5,3
Wall,jepa_wm_wall,52,6,fidelity_constrained_shuffled_geometry__seed11401,fidelity_constrained_shuffled_geometry,11401,2,13537,3,0.480926985293112,0.025811218253910286,0.05051972594698755,0.05051972594698755,True,False,False,1,3
Wall,jepa_wm_wall,52,6,fidelity_constrained_shuffled_geometry__seed11401,fidelity_constrained_shuffled_geometry,11401,0,13501,6,1.1735530864440067,0.0384318938477101,0.5546787123699543,0.5546787123699543,True,False,False,5,3
Wall,jepa_wm_wall,52,6,fidelity_constrained_shuffled_geometry__seed11401,fidelity_constrained_shuffled_geometry,11401,1,13519,6,1.0845771375923907,0.0384318938477101,0.5546787123699543,0.5546787123699543,True,False,False,5,3
Wall,jepa_wm_wall,52,6,fidelity_constrained_shuffled_geometry__seed11401,fidelity_constrained_shuffled_geometry,11401,2,13537,6,0.9870570102899866,0.0384318938477101,0.06992941723812081,0.06992941723812081,True,False,False,4,3
Wall,jepa_wm_wall,53,6,fidelity_constrained_shuffled_geometry__seed11401,fidelity_constrained_shuffled_geometry,11401,0,13501,1,0.5329842845515073,0.009791405470287062,0.0,0.0,True,False,True,1,1
Wall,jepa_wm_wall,53,6,fidelity_constrained_shuffled_geometry__seed11401,fidelity_constrained_shuffled_geometry,11401,1,13519,1,0.7903088731122979,0.009791405470287062,0.0,0.0,True,False,True,1,1
Wall,jepa_wm_wall,53,6,fidelity_constrained_shuffled_geometry__seed11401,fidelity_constrained_shuffled_geometry,11401,2,13537,1,0.9468691992390212,0.009791405470287062,0.6156865401728778,0.6156865401728778,True,False,False,0,1
Wall,jepa_wm_wall,53,6,fidelity_constrained_shuffled_geometry__seed11401,fidelity_constrained_shuffled_geometry,11401,0,13501,3,0.42647884486246135,0.09916642903112673,0.09916642903112673,0.09916642903112673,True,False,False,1,4
Wall,jepa_wm_wall,53,6,fidelity_constrained_shuffled_geometry__seed11401,fidelity_constrained_shuffled_geometry,11401,1,13519,3,0.8758153102827412,0.09916642903112673,0.1251960814003341,0.1251960814003341,True,False,False,5,4
Wall,jepa_wm_wall,53,6,fidelity_constrained_shuffled_geometry__seed11401,fidelity_constrained_shuffled_geometry,11401,2,13537,3,0.5424706654270186,0.09916642903112673,0.1509488568966722,0.1509488568966722,True,False,False,2,4
Wall,jepa_wm_wall,53,6,fidelity_constrained_shuffled_geometry__seed11401,fidelity_constrained_shuffled_geometry,11401,0,13501,6,0.8737066419678704,0.055729041610402784,0.09643994244758064,0.09643994244758064,True,False,False,1,4
Wall,jepa_wm_wall,53,6,fidelity_constrained_shuffled_geometry__seed11401,fidelity_constrained_shuffled_geometry,11401,1,13519,6,0.8003663117849056,0.055729041610402784,0.09643994244758064,0.09643994244758064,True,False,False,1,4
Wall,jepa_wm_wall,53,6,fidelity_constrained_shuffled_geometry__seed11401,fidelity_constrained_shuffled_geometry,11401,2,13537,6,0.7004675587407948,0.055729041610402784,0.09643994244758064,0.09643994244758064,True,False,False,1,4
Wall,jepa_wm_wall,54,6,fidelity_constrained_shuffled_geometry__seed11401,fidelity_constrained_shuffled_geometry,11401,0,13501,1,0.6198246562772965,0.05210487275347143,0.24116091597100325,0.24116091597100325,True,False,False,3,1
Wall,jepa_wm_wall,54,6,fidelity_constrained_shuffled_geometry__seed11401,fidelity_constrained_shuffled_geometry,11401,1,13519,1,0.4502168089118319,0.05210487275347143,0.05210519554215911,0.05210519554215911,True,False,False,6,1
Wall,jepa_wm_wall,54,6,fidelity_constrained_shuffled_geometry__seed11401,fidelity_constrained_shuffled_geometry,11401,2,13537,1,0.8991187226315055,0.05210487275347143,0.0,0.0,True,False,True,1,1
Wall,jepa_wm_wall,54,6,fidelity_constrained_shuffled_geometry__seed11401,fidelity_constrained_shuffled_geometry,11401,0,13501,3,0.7666685377917405,0.20548523538405974,0.22028967914818534,0.22028967914818534,True,False,False,5,6
Wall,jepa_wm_wall,54,6,fidelity_constrained_shuffled_geometry__seed11401,fidelity_constrained_shuffled_geometry,11401,1,13519,3,1.0689216833156083,0.20548523538405974,0.22028967914818534,0.22028967914818534,True,False,False,5,6
Wall,jepa_wm_wall,54,6,fidelity_constrained_shuffled_geometry__seed11401,fidelity_constrained_shuffled_geometry,11401,2,13537,3,0.7630383264592554,0.20548523538405974,0.22028967914818534,0.22028967914818534,True,False,False,5,6
Wall,jepa_wm_wall,54,6,fidelity_constrained_shuffled_geometry__seed11401,fidelity_constrained_shuffled_geometry,11401,0,13501,6,1.0133992189922456,0.0038749650505872178,0.2353094206177578,0.2353094206177578,True,False,False,1,2
Wall,jepa_wm_wall,54,6,fidelity_constrained_shuffled_geometry__seed11401,fidelity_constrained_shuffled_geometry,11401,1,13519,6,0.9922232020229668,0.0038749650505872178,0.2353094206177578,0.2353094206177578,True,False,False,1,2
Wall,jepa_wm_wall,54,6,fidelity_constrained_shuffled_geometry__seed11401,fidelity_constrained_shuffled_geometry,11401,2,13537,6,0.9016322505967906,0.0038749650505872178,0.2353094206177578,0.2353094206177578,True,False,False,1,2
Wall,jepa_wm_wall,55,6,fidelity_constrained_shuffled_geometry__seed11401,fidelity_constrained_shuffled_geometry,11401,0,13501,1,0.7191694125686919,0.12339387776632706,0.250338703515066,0.250338703515066,True,False,False,3,1
Wall,jepa_wm_wall,55,6,fidelity_constrained_shuffled_geometry__seed11401,fidelity_constrained_shuffled_geometry,11401,1,13519,1,0.3960670736839388,0.12339387776632706,0.12339387776632706,0.12339387776632706,True,False,False,6,1
Wall,jepa_wm_wall,55,6,fidelity_constrained_shuffled_geometry__seed11401,fidelity_constrained_shuffled_geometry,11401,2,13537,1,0.846484179175113,0.12339387776632706,0.12339387776632706,0.12339387776632706,True,False,False,6,1
Wall,jepa_wm_wall,55,6,fidelity_constrained_shuffled_geometry__seed11401,fidelity_constrained_shuffled_geometry,11401,0,13501,3,0.7270338561791656,0.05867158711655809,0.1600320766712798,0.1600320766712798,True,False,False,5,6
Wall,jepa_wm_wall,55,6,fidelity_constrained_shuffled_geometry__seed11401,fidelity_constrained_shuffled_geometry,11401,1,13519,3,0.8501881930651444,0.05867158711655809,0.1600320766712798,0.1600320766712798,True,False,False,5,6
Wall,jepa_wm_wall,55,6,fidelity_constrained_shuffled_geometry__seed11401,fidelity_constrained_shuffled_geometry,11401,2,13537,3,0.7120671691805275,0.05867158711655809,0.1600320766712798,0.1600320766712798,True,False,False,5,6
Wall,jepa_wm_wall,55,6,fidelity_constrained_shuffled_geometry__seed11401,fidelity_constrained_shuffled_geometry,11401,0,13501,6,1.1156182516311526,0.04633499368663333,0.510367303771342,0.510367303771342,True,False,False,1,2
Wall,jepa_wm_wall,55,6,fidelity_constrained_shuffled_geometry__seed11401,fidelity_constrained_shuffled_geometry,11401,1,13519,6,0.9971410342879323,0.04633499368663333,0.5466014700979263,0.5466014700979263,True,False,False,5,2
Wall,jepa_wm_wall,55,6,fidelity_constrained_shuffled_geometry__seed11401,fidelity_constrained_shuffled_geometry,11401,2,13537,6,0.9188858134167888,0.04633499368663333,0.510367303771342,0.510367303771342,True,False,False,1,2
Wall,jepa_wm_wall,8,1,fidelity_constrained_matched_geometry__seed11401,fidelity_constrained_matched_geometry,11401,0,13501,1,0.6475370329002406,0.016152705182870427,0.12071148770637684,0.12071148770637684,True,False,False,5,2
Wall,jepa_wm_wall,8,1,fidelity_constrained_matched_geometry__seed11401,fidelity_constrained_matched_geometry,11401,1,13519,1,0.601293384641391,0.016152705182870427,0.12071148770637684,0.12071148770637684,True,False,False,5,2
Wall,jepa_wm_wall,8,1,fidelity_constrained_matched_geometry__seed11401,fidelity_constrained_matched_geometry,11401,2,13537,1,0.5689511180818777,0.016152705182870427,0.12071148770637684,0.12071148770637684,True,False,False,5,2
Wall,jepa_wm_wall,8,1,fidelity_constrained_matched_geometry__seed11401,fidelity_constrained_matched_geometry,11401,0,13501,3,0.43574942713099657,0.07614176734582923,0.08482373582968013,0.08482373582968013,True,False,False,5,4
Wall,jepa_wm_wall,8,1,fidelity_constrained_matched_geometry__seed11401,fidelity_constrained_matched_geometry,11401,1,13519,3,0.45672150954160684,0.07614176734582923,0.08482373582968013,0.08482373582968013,True,False,False,5,4
Wall,jepa_wm_wall,8,1,fidelity_constrained_matched_geometry__seed11401,fidelity_constrained_matched_geometry,11401,2,13537,3,0.49838585888430087,0.07614176734582923,0.08482373582968013,0.08482373582968013,True,False,False,5,4
Wall,jepa_wm_wall,8,1,fidelity_constrained_matched_geometry__seed11401,fidelity_constrained_matched_geometry,11401,0,13501,6,0.5111460419293956,0.029846874393166266,0.0,0.0,True,False,True,4,4
Wall,jepa_wm_wall,8,1,fidelity_constrained_matched_geometry__seed11401,fidelity_constrained_matched_geometry,11401,1,13519,6,0.5274667956826146,0.029846874393166266,0.0,0.0,True,False,True,4,4
Wall,jepa_wm_wall,8,1,fidelity_constrained_matched_geometry__seed11401,fidelity_constrained_matched_geometry,11401,2,13537,6,0.6095560578246985,0.029846874393166266,0.029846874393166266,0.029846874393166266,True,False,False,2,4
Wall,jepa_wm_wall,9,1,fidelity_constrained_matched_geometry__seed11401,fidelity_constrained_matched_geometry,11401,0,13501,1,0.6805467176881068,0.12507081777279483,0.42975130258508343,0.42975130258508343,True,False,False,7,1
Wall,jepa_wm_wall,9,1,fidelity_constrained_matched_geometry__seed11401,fidelity_constrained_matched_geometry,11401,1,13519,1,0.3984504321386258,0.12507081777279483,0.0,0.0,True,False,True,1,1
Wall,jepa_wm_wall,9,1,fidelity_constrained_matched_geometry__seed11401,fidelity_constrained_matched_geometry,11401,2,13537,1,0.8029460867305234,0.12507081777279483,0.12507081777279483,0.12507081777279483,True,False,False,5,1
Wall,jepa_wm_wall,9,1,fidelity_constrained_matched_geometry__seed11401,fidelity_constrained_matched_geometry,11401,0,13501,3,0.5646330430545679,0.054847575896831174,0.054847575896831174,0.054847575896831174,True,False,False,5,1
Wall,jepa_wm_wall,9,1,fidelity_constrained_matched_geometry__seed11401,fidelity_constrained_matched_geometry,11401,1,13519,3,0.4625874543140442,0.054847575896831174,0.0,0.0,True,False,True,1,1
Wall,jepa_wm_wall,9,1,fidelity_constrained_matched_geometry__seed11401,fidelity_constrained_matched_geometry,11401,2,13537,3,0.5012186022764192,0.054847575896831174,0.0,0.0,True,False,True,1,1
Wall,jepa_wm_wall,9,1,fidelity_constrained_matched_geometry__seed11401,fidelity_constrained_matched_geometry,11401,0,13501,6,0.9466116943034161,0.014740318180249878,0.4905475957211416,0.4905475957211416,True,False,False,5,2
Wall,jepa_wm_wall,9,1,fidelity_constrained_matched_geometry__seed11401,fidelity_constrained_matched_geometry,11401,1,13519,6,0.7528059637596903,0.014740318180249878,0.09552012436264752,0.09552012436264752,True,False,False,4,2
Wall,jepa_wm_wall,9,1,fidelity_constrained_matched_geometry__seed11401,fidelity_constrained_matched_geometry,11401,2,13537,6,0.7653315525158184,0.014740318180249878,0.5442535818012866,0.5442535818012866,True,False,False,1,2
Wall,jepa_wm_wall,10,1,fidelity_constrained_matched_geometry__seed11401,fidelity_constrained_matched_geometry,11401,0,13501,1,0.6147968703557677,0.0012356039916028997,0.12286421707529614,0.12286421707529614,True,False,False,6,1
Wall,jepa_wm_wall,10,1,fidelity_constrained_matched_geometry__seed11401,fidelity_constrained_matched_geometry,11401,1,13519,1,0.6978183371396248,0.0012356039916028997,0.12286421707529614,0.12286421707529614,True,False,False,5,1
Wall,jepa_wm_wall,10,1,fidelity_constrained_matched_geometry__seed11401,fidelity_constrained_matched_geometry,11401,2,13537,1,0.2068835656864808,0.0012356039916028997,0.004752277194910718,0.004752277194910718,True,False,False,2,1
Wall,jepa_wm_wall,10,1,fidelity_constrained_matched_geometry__seed11401,fidelity_constrained_matched_geometry,11401,0,13501,3,0.48043588821677574,0.15965748274850114,0.20731631818021912,0.20731631818021912,True,False,False,5,1
Wall,jepa_wm_wall,10,1,fidelity_constrained_matched_geometry__seed11401,fidelity_constrained_matched_geometry,11401,1,13519,3,0.42054897679501796,0.15965748274850114,0.20731631818021912,0.20731631818021912,True,False,False,5,1
Wall,jepa_wm_wall,10,1,fidelity_constrained_matched_geometry__seed11401,fidelity_constrained_matched_geometry,11401,2,13537,3,0.44692581865875275,0.15965748274850114,0.20731631818021912,0.20731631818021912,True,False,False,5,1
Wall,jepa_wm_wall,10,1,fidelity_constrained_matched_geometry__seed11401,fidelity_constrained_matched_geometry,11401,0,13501,6,0.7220808469983588,0.08421266293753488,0.0,0.0,True,False,True,1,1
Wall,jepa_wm_wall,10,1,fidelity_constrained_matched_geometry__seed11401,fidelity_constrained_matched_geometry,11401,1,13519,6,0.639126638427687,0.08421266293753488,0.0,0.0,True,False,True,1,1
Wall,jepa_wm_wall,10,1,fidelity_constrained_matched_geometry__seed11401,fidelity_constrained_matched_geometry,11401,2,13537,6,0.6802900878096714,0.08421266293753488,0.0,0.0,True,False,True,1,1
Wall,jepa_wm_wall,11,1,fidelity_constrained_matched_geometry__seed11401,fidelity_constrained_matched_geometry,11401,0,13501,1,0.5545224244569226,0.006092489128857203,0.03012359321854074,0.03012359321854074,True,False,False,2,1
Wall,jepa_wm_wall,11,1,fidelity_constrained_matched_geometry__seed11401,fidelity_constrained_matched_geometry,11401,1,13519,1,0.19355888006539312,0.006092489128857203,0.006092489128857203,0.006092489128857203,True,False,False,4,1
Wall,jepa_wm_wall,11,1,fidelity_constrained_matched_geometry__seed11401,fidelity_constrained_matched_geometry,11401,2,13537,1,0.4733305476245509,0.006092489128857203,0.0,0.0,True,False,True,1,1
Wall,jepa_wm_wall,11,1,fidelity_constrained_matched_geometry__seed11401,fidelity_constrained_matched_geometry,11401,0,13501,3,0.45921500458042014,0.05350381994101328,0.0,0.0,True,False,True,1,1
Wall,jepa_wm_wall,11,1,fidelity_constrained_matched_geometry__seed11401,fidelity_constrained_matched_geometry,11401,1,13519,3,0.4917360966329189,0.05350381994101328,0.16557815588742084,0.16557815588742084,True,False,False,5,1
Wall,jepa_wm_wall,11,1,fidelity_constrained_matched_geometry__seed11401,fidelity_constrained_matched_geometry,11401,2,13537,3,0.5230283134344236,0.05350381994101328,0.16557815588742084,0.16557815588742084,True,False,False,5,1
Wall,jepa_wm_wall,11,1,fidelity_constrained_matched_geometry__seed11401,fidelity_constrained_matched_geometry,11401,0,13501,6,0.7832392053519766,0.029439984357622885,0.0,0.0,True,False,True,1,1
Wall,jepa_wm_wall,11,1,fidelity_constrained_matched_geometry__seed11401,fidelity_constrained_matched_geometry,11401,1,13519,6,0.6600841827787567,0.029439984357622885,0.0,0.0,True,False,True,1,1
Wall,jepa_wm_wall,11,1,fidelity_constrained_matched_geometry__seed11401,fidelity_constrained_matched_geometry,11401,2,13537,6,0.6564161160739276,0.029439984357622885,0.0,0.0,True,False,True,1,1
Wall,jepa_wm_wall,12,1,fidelity_constrained_matched_geometry__seed11401,fidelity_constrained_matched_geometry,11401,0,13501,1,0.6645206786071554,0.12456447628524758,0.12456477430848922,0.12456477430848922,True,False,False,5,1
Wall,jepa_wm_wall,12,1,fidelity_constrained_matched_geometry__seed11401,fidelity_constrained_matched_geometry,11401,1,13519,1,0.38596955849337394,0.12456447628524758,0.0,0.0,True,False,True,1,1
Wall,jepa_wm_wall,12,1,fidelity_constrained_matched_geometry__seed11401,fidelity_constrained_matched_geometry,11401,2,13537,1,0.6448471606174669,0.12456447628524758,0.0,0.0,True,False,True,1,1
Wall,jepa_wm_wall,12,1,fidelity_constrained_matched_geometry__seed11401,fidelity_constrained_matched_geometry,11401,0,13501,3,0.5389567480769588,0.06321905065029236,0.0,0.0,True,False,True,1,1
Wall,jepa_wm_wall,12,1,fidelity_constrained_matched_geometry__seed11401,fidelity_constrained_matched_geometry,11401,1,13519,3,0.837924626052253,0.06321905065029236,0.0,0.0,True,False,True,1,1
Wall,jepa_wm_wall,12,1,fidelity_constrained_matched_geometry__seed11401,fidelity_constrained_matched_geometry,11401,2,13537,3,0.5167722837185049,0.06321905065029236,0.0,0.0,True,False,True,1,1
Wall,jepa_wm_wall,12,1,fidelity_constrained_matched_geometry__seed11401,fidelity_constrained_matched_geometry,11401,0,13501,6,0.81236031033221,0.051845683435020974,0.31883657143532496,0.31883657143532496,True,False,False,1,3
Wall,jepa_wm_wall,12,1,fidelity_constrained_matched_geometry__seed11401,fidelity_constrained_matched_geometry,11401,1,13519,6,0.7176919919299923,0.051845683435020974,0.21116622450814518,0.21116622450814518,True,False,False,4,3
Wall,jepa_wm_wall,12,1,fidelity_constrained_matched_geometry__seed11401,fidelity_constrained_matched_geometry,11401,2,13537,6,0.6446592196391514,0.051845683435020974,0.31883657143532496,0.31883657143532496,True,False,False,1,3
Wall,jepa_wm_wall,13,1,fidelity_constrained_matched_geometry__seed11401,fidelity_constrained_matched_geometry,11401,0,13501,1,0.36428378221128876,0.0032743813559044216,0.014646054187181842,0.014646054187181842,True,False,False,2,1
Wall,jepa_wm_wall,13,1,fidelity_constrained_matched_geometry__seed11401,fidelity_constrained_matched_geometry,11401,1,13519,1,0.4937537407058959,0.0032743813559044216,0.028695465844599356,0.028695465844599356,True,False,False,4,1
Wall,jepa_wm_wall,13,1,fidelity_constrained_matched_geometry__seed11401,fidelity_constrained_matched_geometry,11401,2,13537,1,0.4993376152793995,0.0032743813559044216,0.22894890480929045,0.22894890480929045,True,False,False,6,1
Wall,jepa_wm_wall,13,1,fidelity_constrained_matched_geometry__seed11401,fidelity_constrained_matched_geometry,11401,0,13501,3,0.37114529488194553,0.14527104206009775,0.0,0.0,True,False,True,4,4
Wall,jepa_wm_wall,13,1,fidelity_constrained_matched_geometry__seed11401,fidelity_constrained_matched_geometry,11401,1,13519,3,0.42453755386978653,0.14527104206009775,0.14527104206009775,0.14527104206009775,True,False,False,5,4
Wall,jepa_wm_wall,13,1,fidelity_constrained_matched_geometry__seed11401,fidelity_constrained_matched_geometry,11401,2,13537,3,0.3678660548014628,0.14527104206009775,0.14527104206009775,0.14527104206009775,True,False,False,5,4
Wall,jepa_wm_wall,13,1,fidelity_constrained_matched_geometry__seed11401,fidelity_constrained_matched_geometry,11401,0,13501,6,0.47641759715824517,0.4162684616699494,0.0,0.0,True,False,True,4,4
Wall,jepa_wm_wall,13,1,fidelity_constrained_matched_geometry__seed11401,fidelity_constrained_matched_geometry,11401,1,13519,6,0.5343112091822105,0.4162684616699494,0.0,0.0,True,False,True,4,4
Wall,jepa_wm_wall,13,1,fidelity_constrained_matched_geometry__seed11401,fidelity_constrained_matched_geometry,11401,2,13537,6,0.46277606688943834,0.4162684616699494,0.0,0.0,True,False,True,4,4
Wall,jepa_wm_wall,14,1,fidelity_constrained_matched_geometry__seed11401,fidelity_constrained_matched_geometry,11401,0,13501,1,0.5652037495964317,0.1235923244710162,0.0,0.0,True,False,True,1,1
Wall,jepa_wm_wall,14,1,fidelity_constrained_matched_geometry__seed11401,fidelity_constrained_matched_geometry,11401,1,13519,1,0.36755507934301057,0.1235923244710162,0.1235923244710162,0.1235923244710162,True,False,False,5,1
Wall,jepa_wm_wall,14,1,fidelity_constrained_matched_geometry__seed11401,fidelity_constrained_matched_geometry,11401,2,13537,1,0.7157827102755733,0.1235923244710162,0.1235923244710162,0.1235923244710162,True,False,False,5,1
Wall,jepa_wm_wall,14,1,fidelity_constrained_matched_geometry__seed11401,fidelity_constrained_matched_geometry,11401,0,13501,3,0.9230350850395712,0.02103669177229461,0.03871608563546807,0.03871608563546807,True,False,False,5,4
Wall,jepa_wm_wall,14,1,fidelity_constrained_matched_geometry__seed11401,fidelity_constrained_matched_geometry,11401,1,13519,3,0.6675330304187923,0.02103669177229461,0.02103669177229461,0.02103669177229461,True,False,False,1,4
Wall,jepa_wm_wall,14,1,fidelity_constrained_matched_geometry__seed11401,fidelity_constrained_matched_geometry,11401,2,13537,3,0.643800882687957,0.02103669177229461,0.02103669177229461,0.02103669177229461,True,False,False,1,4
Wall,jepa_wm_wall,14,1,fidelity_constrained_matched_geometry__seed11401,fidelity_constrained_matched_geometry,11401,0,13501,6,0.7963745104840838,0.018693811713921336,0.0,0.0,True,False,True,4,4
Wall,jepa_wm_wall,14,1,fidelity_constrained_matched_geometry__seed11401,fidelity_constrained_matched_geometry,11401,1,13519,6,0.6504610047112533,0.018693811713921336,0.0,0.0,True,False,True,4,4
Wall,jepa_wm_wall,14,1,fidelity_constrained_matched_geometry__seed11401,fidelity_constrained_matched_geometry,11401,2,13537,6,0.6834222506878652,0.018693811713921336,0.0,0.0,True,False,True,4,4
Wall,jepa_wm_wall,15,1,fidelity_constrained_matched_geometry__seed11401,fidelity_constrained_matched_geometry,11401,0,13501,1,0.35006794673553526,0.12749000243931988,0.0,0.0,True,False,True,1,1
Wall,jepa_wm_wall,15,1,fidelity_constrained_matched_geometry__seed11401,fidelity_constrained_matched_geometry,11401,1,13519,1,0.6479198339360409,0.12749000243931988,0.12749000243931988,0.12749000243931988,True,False,False,5,1
Wall,jepa_wm_wall,15,1,fidelity_constrained_matched_geometry__seed11401,fidelity_constrained_matched_geometry,11401,2,13537,1,0.775552863268582,0.12749000243931988,0.12749000243931988,0.12749000243931988,True,False,False,5,1
Wall,jepa_wm_wall,15,1,fidelity_constrained_matched_geometry__seed11401,fidelity_constrained_matched_geometry,11401,0,13501,3,0.8653332192258267,0.019446629235054986,0.09083780960232728,0.09083780960232728,True,False,False,7,5
Wall,jepa_wm_wall,15,1,fidelity_constrained_matched_geometry__seed11401,fidelity_constrained_matched_geometry,11401,1,13519,3,0.7743062073895022,0.019446629235054986,0.019446629235054986,0.019446629235054986,True,False,False,1,5
Wall,jepa_wm_wall,15,1,fidelity_constrained_matched_geometry__seed11401,fidelity_constrained_matched_geometry,11401,2,13537,3,0.6502899682962849,0.019446629235054986,0.0,0.0,True,False,True,5,5
Wall,jepa_wm_wall,15,1,fidelity_constrained_matched_geometry__seed11401,fidelity_constrained_matched_geometry,11401,0,13501,6,1.0889984867754265,0.02109195364658048,0.02109195364658048,0.02109195364658048,True,False,False,4,2
Wall,jepa_wm_wall,15,1,fidelity_constrained_matched_geometry__seed11401,fidelity_constrained_matched_geometry,11401,1,13519,6,0.9479646102308389,0.02109195364658048,0.02109195364658048,0.02109195364658048,True,False,False,4,2
Wall,jepa_wm_wall,15,1,fidelity_constrained_matched_geometry__seed11401,fidelity_constrained_matched_geometry,11401,2,13537,6,0.9847303629270329,0.02109195364658048,0.5003648254496518,0.5003648254496518,True,False,False,5,2
Wall,jepa_wm_wall,16,2,fidelity_constrained_matched_geometry__seed11401,fidelity_constrained_matched_geometry,11401,0,13501,1,0.4587661966077154,0.08029399387979654,0.12221512264844832,0.12221512264844832,True,False,False,2,1
Wall,jepa_wm_wall,16,2,fidelity_constrained_matched_geometry__seed11401,fidelity_constrained_matched_geometry,11401,1,13519,1,0.4784355777262209,0.08029399387979654,0.08029399387979654,0.08029399387979654,True,False,False,4,1
Wall,jepa_wm_wall,16,2,fidelity_constrained_matched_geometry__seed11401,fidelity_constrained_matched_geometry,11401,2,13537,1,0.26125142516776295,0.08029399387979654,0.0,0.0,True,False,True,1,1
Wall,jepa_wm_wall,16,2,fidelity_constrained_matched_geometry__seed11401,fidelity_constrained_matched_geometry,11401,0,13501,3,0.7740720346102037,0.005638604719787298,0.1362528665233449,0.1362528665233449,True,False,False,5,2
Wall,jepa_wm_wall,16,2,fidelity_constrained_matched_geometry__seed11401,fidelity_constrained_matched_geometry,11401,1,13519,3,1.150314762096957,0.005638604719787298,0.1362528665233449,0.1362528665233449,True,False,False,5,2
Wall,jepa_wm_wall,16,2,fidelity_constrained_matched_geometry__seed11401,fidelity_constrained_matched_geometry,11401,2,13537,3,0.5854477396960988,0.005638604719787298,0.07872781905618415,0.07872781905618415,True,False,False,4,2
Wall,jepa_wm_wall,16,2,fidelity_constrained_matched_geometry__seed11401,fidelity_constrained_matched_geometry,11401,0,13501,6,1.1409577814739862,0.0428317804300752,0.47836158155027136,0.47836158155027136,True,False,False,1,2
Wall,jepa_wm_wall,16,2,fidelity_constrained_matched_geometry__seed11401,fidelity_constrained_matched_geometry,11401,1,13519,6,1.2819401004697917,0.0428317804300752,0.47836158155027136,0.47836158155027136,True,False,False,1,2
Wall,jepa_wm_wall,16,2,fidelity_constrained_matched_geometry__seed11401,fidelity_constrained_matched_geometry,11401,2,13537,6,0.9874048305930666,0.0428317804300752,0.47836158155027136,0.47836158155027136,True,False,False,1,2
Wall,jepa_wm_wall,17,2,fidelity_constrained_matched_geometry__seed11401,fidelity_constrained_matched_geometry,11401,0,13501,1,0.8057132314918295,0.12688063729252005,0.12688078630405206,0.12688078630405206,True,False,False,5,1
Wall,jepa_wm_wall,17,2,fidelity_constrained_matched_geometry__seed11401,fidelity_constrained_matched_geometry,11401,1,13519,1,0.5939602881166303,0.12688063729252005,0.43363994939568373,0.43363994939568373,True,False,False,8,1
Wall,jepa_wm_wall,17,2,fidelity_constrained_matched_geometry__seed11401,fidelity_constrained_matched_geometry,11401,2,13537,1,0.7945182310331913,0.12688063729252005,0.21802652107246578,0.21802652107246578,True,False,False,3,1
Wall,jepa_wm_wall,17,2,fidelity_constrained_matched_geometry__seed11401,fidelity_constrained_matched_geometry,11401,0,13501,3,1.0901434812589055,0.0045777647931245415,0.0666852161712895,0.0666852161712895,True,False,False,5,1
Wall,jepa_wm_wall,17,2,fidelity_constrained_matched_geometry__seed11401,fidelity_constrained_matched_geometry,11401,1,13519,3,0.8901527357307638,0.0045777647931245415,0.0,0.0,True,False,True,1,1
Wall,jepa_wm_wall,17,2,fidelity_constrained_matched_geometry__seed11401,fidelity_constrained_matched_geometry,11401,2,13537,3,0.5080836659591075,0.0045777647931245415,0.0666852161712895,0.0666852161712895,True,False,False,5,1
Wall,jepa_wm_wall,17,2,fidelity_constrained_matched_geometry__seed11401,fidelity_constrained_matched_geometry,11401,0,13501,6,1.1844389655449659,0.00537754688799704,0.5173793022236458,0.5173793022236458,True,False,False,1,3
Wall,jepa_wm_wall,17,2,fidelity_constrained_matched_geometry__seed11401,fidelity_constrained_matched_geometry,11401,1,13519,6,1.2598691668304476,0.00537754688799704,0.5173793022236458,0.5173793022236458,True,False,False,1,3
Wall,jepa_wm_wall,17,2,fidelity_constrained_matched_geometry__seed11401,fidelity_constrained_matched_geometry,11401,2,13537,6,0.9666106818595582,0.00537754688799704,0.5173793022236458,0.5173793022236458,True,False,False,1,3
Wall,jepa_wm_wall,18,2,fidelity_constrained_matched_geometry__seed11401,fidelity_constrained_matched_geometry,11401,0,13501,1,0.7447056749799713,0.08790014078613739,0.0,0.0,True,False,True,1,1
Wall,jepa_wm_wall,18,2,fidelity_constrained_matched_geometry__seed11401,fidelity_constrained_matched_geometry,11401,1,13519,1,0.29213632555368624,0.08790014078613739,0.0,0.0,True,False,True,1,1
Wall,jepa_wm_wall,18,2,fidelity_constrained_matched_geometry__seed11401,fidelity_constrained_matched_geometry,11401,2,13537,1,0.35035463882367307,0.08790014078613739,0.0,0.0,True,False,True,1,1
Wall,jepa_wm_wall,18,2,fidelity_constrained_matched_geometry__seed11401,fidelity_constrained_matched_geometry,11401,0,13501,3,0.8277507215531595,0.06357119324461176,0.0,0.0,True,False,True,1,1
Wall,jepa_wm_wall,18,2,fidelity_constrained_matched_geometry__seed11401,fidelity_constrained_matched_geometry,11401,1,13519,3,0.6705758184611015,0.06357119324461176,0.13583789196485332,0.13583789196485332,True,False,False,6,1
Wall,jepa_wm_wall,18,2,fidelity_constrained_matched_geometry__seed11401,fidelity_constrained_matched_geometry,11401,2,13537,3,0.34386565390731766,0.06357119324461176,0.09827810985778822,0.09827810985778822,True,False,False,2,1
Wall,jepa_wm_wall,18,2,fidelity_constrained_matched_geometry__seed11401,fidelity_constrained_matched_geometry,11401,0,13501,6,1.1269165340040308,0.06074535502837518,0.079029886739769,0.079029886739769,True,False,False,4,6
Wall,jepa_wm_wall,18,2,fidelity_constrained_matched_geometry__seed11401,fidelity_constrained_matched_geometry,11401,1,13519,6,1.1504410587258564,0.06074535502837518,0.079029886739769,0.079029886739769,True,False,False,4,6
Wall,jepa_wm_wall,18,2,fidelity_constrained_matched_geometry__seed11401,fidelity_constrained_matched_geometry,11401,2,13537,6,0.7725599789714134,0.06074535502837518,0.079029886739769,0.079029886739769,True,False,False,4,6
Wall,jepa_wm_wall,19,2,fidelity_constrained_matched_geometry__seed11401,fidelity_constrained_matched_geometry,11401,0,13501,1,0.4901670762922134,0.0012619796047764191,0.007615091005135686,0.007615091005135686,True,False,False,4,1
Wall,jepa_wm_wall,19,2,fidelity_constrained_matched_geometry__seed11401,fidelity_constrained_matched_geometry,11401,1,13519,1,1.235772579834177,0.0012619796047764191,0.4328822502546236,0.4328822502546236,True,False,False,7,1
Wall,jepa_wm_wall,19,2,fidelity_constrained_matched_geometry__seed11401,fidelity_constrained_matched_geometry,11401,2,13537,1,0.6475926045841772,0.0012619796047764191,0.0012619796047764191,0.0012619796047764191,True,False,False,2,1
Wall,jepa_wm_wall,19,2,fidelity_constrained_matched_geometry__seed11401,fidelity_constrained_matched_geometry,11401,0,13501,3,0.6183102778252613,0.23155633681788695,0.30787988273780015,0.30787988273780015,True,False,False,5,1
Wall,jepa_wm_wall,19,2,fidelity_constrained_matched_geometry__seed11401,fidelity_constrained_matched_geometry,11401,1,13519,3,0.8540359885063532,0.23155633681788695,0.5496849397943441,0.5496849397943441,True,False,False,7,1
Wall,jepa_wm_wall,19,2,fidelity_constrained_matched_geometry__seed11401,fidelity_constrained_matched_geometry,11401,2,13537,3,0.651440055828737,0.23155633681788695,0.30787988273780015,0.30787988273780015,True,False,False,5,1
Wall,jepa_wm_wall,19,2,fidelity_constrained_matched_geometry__seed11401,fidelity_constrained_matched_geometry,11401,0,13501,6,1.0831687863330872,0.021179216124354038,0.4811349945468107,0.4811349945468107,True,False,False,5,1
Wall,jepa_wm_wall,19,2,fidelity_constrained_matched_geometry__seed11401,fidelity_constrained_matched_geometry,11401,1,13519,6,1.1941028197047543,0.021179216124354038,0.4811349945468107,0.4811349945468107,True,False,False,5,1
Wall,jepa_wm_wall,19,2,fidelity_constrained_matched_geometry__seed11401,fidelity_constrained_matched_geometry,11401,2,13537,6,1.0291036682374894,0.021179216124354038,0.4811349945468107,0.4811349945468107,True,False,False,5,1
Wall,jepa_wm_wall,20,2,fidelity_constrained_matched_geometry__seed11401,fidelity_constrained_matched_geometry,11401,0,13501,1,1.1296430873707144,0.09692983861294002,0.5769228648680464,0.5769228648680464,True,False,False,0,1
Wall,jepa_wm_wall,20,2,fidelity_constrained_matched_geometry__seed11401,fidelity_constrained_matched_geometry,11401,1,13519,1,1.3607240267378184,0.09692983861294002,0.5769228648680464,0.5769228648680464,True,False,False,0,1
Wall,jepa_wm_wall,20,2,fidelity_constrained_matched_geometry__seed11401,fidelity_constrained_matched_geometry,11401,2,13537,1,0.9976809284726417,0.09692983861294002,0.12873220149056347,0.12873220149056347,True,False,False,5,1
Wall,jepa_wm_wall,20,2,fidelity_constrained_matched_geometry__seed11401,fidelity_constrained_matched_geometry,11401,0,13501,3,0.8087949326896673,0.1083018003488066,0.4878714169545492,0.4878714169545492,True,False,False,0,6
Wall,jepa_wm_wall,20,2,fidelity_constrained_matched_geometry__seed11401,fidelity_constrained_matched_geometry,11401,1,13519,3,1.1000070586784192,0.1083018003488066,0.4878714169545492,0.4878714169545492,True,False,False,0,6
Wall,jepa_wm_wall,20,2,fidelity_constrained_matched_geometry__seed11401,fidelity_constrained_matched_geometry,11401,2,13537,3,0.6239002676531777,0.1083018003488066,0.18914274310056906,0.18914274310056906,True,False,False,4,6
Wall,jepa_wm_wall,20,2,fidelity_constrained_matched_geometry__seed11401,fidelity_constrained_matched_geometry,11401,0,13501,6,1.093323739887066,0.054097226742439664,0.5175256334018074,0.5175256334018074,True,False,False,5,2
Wall,jepa_wm_wall,20,2,fidelity_constrained_matched_geometry__seed11401,fidelity_constrained_matched_geometry,11401,1,13519,6,1.2123647577283925,0.054097226742439664,0.6705794678490131,0.6705794678490131,True,False,False,0,2
Wall,jepa_wm_wall,20,2,fidelity_constrained_matched_geometry__seed11401,fidelity_constrained_matched_geometry,11401,2,13537,6,0.9801371948672575,0.054097226742439664,0.5175256334018074,0.5175256334018074,True,False,False,5,2
Wall,jepa_wm_wall,21,2,fidelity_constrained_matched_geometry__seed11401,fidelity_constrained_matched_geometry,11401,0,13501,1,0.4566695067194743,0.1135563918087716,0.12442798164057622,0.12442798164057622,True,False,False,5,1
Wall,jepa_wm_wall,21,2,fidelity_constrained_matched_geometry__seed11401,fidelity_constrained_matched_geometry,11401,1,13519,1,0.497733762019084,0.1135563918087716,0.12442798164057622,0.12442798164057622,True,False,False,6,1
Wall,jepa_wm_wall,21,2,fidelity_constrained_matched_geometry__seed11401,fidelity_constrained_matched_geometry,11401,2,13537,1,0.5112825134859643,0.1135563918087716,0.17076076094870335,0.17076076094870335,True,False,False,3,1
Wall,jepa_wm_wall,21,2,fidelity_constrained_matched_geometry__seed11401,fidelity_constrained_matched_geometry,11401,0,13501,3,1.0435494669202943,0.03663146723505468,0.1168170843053608,0.1168170843053608,True,False,False,5,1
Wall,jepa_wm_wall,21,2,fidelity_constrained_matched_geometry__seed11401,fidelity_constrained_matched_geometry,11401,1,13519,3,0.860427380367583,0.03663146723505468,0.1168170843053608,0.1168170843053608,True,False,False,5,1
Wall,jepa_wm_wall,21,2,fidelity_constrained_matched_geometry__seed11401,fidelity_constrained_matched_geometry,11401,2,13537,3,0.5936584190359878,0.03663146723505468,0.04961611849407828,0.04961611849407828,True,False,False,3,1
Wall,jepa_wm_wall,21,2,fidelity_constrained_matched_geometry__seed11401,fidelity_constrained_matched_geometry,11401,0,13501,6,1.101708120877981,0.08291059941356739,0.48324186008832426,0.48324186008832426,True,False,False,1,3
Wall,jepa_wm_wall,21,2,fidelity_constrained_matched_geometry__seed11401,fidelity_constrained_matched_geometry,11401,1,13519,6,1.2011295212233382,0.08291059941356739,0.48324186008832426,0.48324186008832426,True,False,False,1,3
Wall,jepa_wm_wall,21,2,fidelity_constrained_matched_geometry__seed11401,fidelity_constrained_matched_geometry,11401,2,13537,6,0.8468430529949922,0.08291059941356739,0.48324186008832426,0.48324186008832426,True,False,False,1,3
Wall,jepa_wm_wall,22,2,fidelity_constrained_matched_geometry__seed11401,fidelity_constrained_matched_geometry,11401,0,13501,1,0.7974129795202507,0.12694286968112253,0.12694286968112253,0.12694286968112253,True,False,False,5,1
Wall,jepa_wm_wall,22,2,fidelity_constrained_matched_geometry__seed11401,fidelity_constrained_matched_geometry,11401,1,13519,1,0.616118364889771,0.12694286968112253,0.4337733398799115,0.4337733398799115,True,False,False,8,1
Wall,jepa_wm_wall,22,2,fidelity_constrained_matched_geometry__seed11401,fidelity_constrained_matched_geometry,11401,2,13537,1,0.7801435277631088,0.12694286968112253,0.21914233368624259,0.21914233368624259,True,False,False,3,1
Wall,jepa_wm_wall,22,2,fidelity_constrained_matched_geometry__seed11401,fidelity_constrained_matched_geometry,11401,0,13501,3,1.0583972954946086,0.0034078026238675394,0.06691081779439773,0.06691081779439773,True,False,False,5,1
Wall,jepa_wm_wall,22,2,fidelity_constrained_matched_geometry__seed11401,fidelity_constrained_matched_geometry,11401,1,13519,3,0.8730799927317634,0.0034078026238675394,0.0,0.0,True,False,True,1,1
Wall,jepa_wm_wall,22,2,fidelity_constrained_matched_geometry__seed11401,fidelity_constrained_matched_geometry,11401,2,13537,3,0.5195508495092573,0.0034078026238675394,0.06691081779439773,0.06691081779439773,True,False,False,5,1
Wall,jepa_wm_wall,22,2,fidelity_constrained_matched_geometry__seed11401,fidelity_constrained_matched_geometry,11401,0,13501,6,1.1960320669660227,0.005672566228622634,0.5449193421845129,0.5449193421845129,True,False,False,1,3
Wall,jepa_wm_wall,22,2,fidelity_constrained_matched_geometry__seed11401,fidelity_constrained_matched_geometry,11401,1,13519,6,1.2556470492842986,0.005672566228622634,0.5449193421845129,0.5449193421845129,True,False,False,1,3
Wall,jepa_wm_wall,22,2,fidelity_constrained_matched_geometry__seed11401,fidelity_constrained_matched_geometry,11401,2,13537,6,0.9580462088306914,0.005672566228622634,0.5449193421845129,0.5449193421845129,True,False,False,1,3
Wall,jepa_wm_wall,23,2,fidelity_constrained_matched_geometry__seed11401,fidelity_constrained_matched_geometry,11401,0,13501,1,0.48065643206117864,0.0352215604069649,0.0,0.0,True,False,True,1,1
Wall,jepa_wm_wall,23,2,fidelity_constrained_matched_geometry__seed11401,fidelity_constrained_matched_geometry,11401,1,13519,1,1.0575724018303503,0.0352215604069649,0.0,0.0,True,False,True,1,1
Wall,jepa_wm_wall,23,2,fidelity_constrained_matched_geometry__seed11401,fidelity_constrained_matched_geometry,11401,2,13537,1,0.7633302858853401,0.0352215604069649,0.0,0.0,True,False,True,1,1
Wall,jepa_wm_wall,23,2,fidelity_constrained_matched_geometry__seed11401,fidelity_constrained_matched_geometry,11401,0,13501,3,0.6854143798464776,0.06654741675461008,0.20090383817171387,0.20090383817171387,True,False,False,5,4
Wall,jepa_wm_wall,23,2,fidelity_constrained_matched_geometry__seed11401,fidelity_constrained_matched_geometry,11401,1,13519,3,1.163114892134173,0.06654741675461008,0.20090383817171387,0.20090383817171387,True,False,False,5,4
Wall,jepa_wm_wall,23,2,fidelity_constrained_matched_geometry__seed11401,fidelity_constrained_matched_geometry,11401,2,13537,3,0.4662257287874821,0.06654741675461008,0.20090383817171387,0.20090383817171387,True,False,False,5,4
Wall,jepa_wm_wall,23,2,fidelity_constrained_matched_geometry__seed11401,fidelity_constrained_matched_geometry,11401,0,13501,6,1.0970028258195668,0.02483818875576625,0.52226012105352,0.52226012105352,True,False,False,5,4
Wall,jepa_wm_wall,23,2,fidelity_constrained_matched_geometry__seed11401,fidelity_constrained_matched_geometry,11401,1,13519,6,1.1875474120780105,0.02483818875576625,0.52226012105352,0.52226012105352,True,False,False,5,4
Wall,jepa_wm_wall,23,2,fidelity_constrained_matched_geometry__seed11401,fidelity_constrained_matched_geometry,11401,2,13537,6,0.9787477302029614,0.02483818875576625,0.52226012105352,0.52226012105352,True,False,False,5,4
Wall,jepa_wm_wall,48,6,fidelity_constrained_matched_geometry__seed11401,fidelity_constrained_matched_geometry,11401,0,13501,1,0.26066240479385694,0.001230240308132282,0.0,0.0,True,False,True,1,1
Wall,jepa_wm_wall,48,6,fidelity_constrained_matched_geometry__seed11401,fidelity_constrained_matched_geometry,11401,1,13519,1,0.6324616845815686,0.001230240308132282,0.0,0.0,True,False,True,1,1
Wall,jepa_wm_wall,48,6,fidelity_constrained_matched_geometry__seed11401,fidelity_constrained_matched_geometry,11401,2,13537,1,0.9727268385481871,0.001230240308132282,0.1221204240752783,0.1221204240752783,True,False,False,5,1
Wall,jepa_wm_wall,48,6,fidelity_constrained_matched_geometry__seed11401,fidelity_constrained_matched_geometry,11401,0,13501,3,0.4399816863300568,0.19997904740567995,0.3045755010194801,0.3045755010194801,True,False,False,5,1
Wall,jepa_wm_wall,48,6,fidelity_constrained_matched_geometry__seed11401,fidelity_constrained_matched_geometry,11401,1,13519,3,0.6674872239075307,0.19997904740567995,0.3045755010194801,0.3045755010194801,True,False,False,5,1
Wall,jepa_wm_wall,48,6,fidelity_constrained_matched_geometry__seed11401,fidelity_constrained_matched_geometry,11401,2,13537,3,0.5314745286311814,0.19997904740567995,0.3045755010194801,0.3045755010194801,True,False,False,5,1
Wall,jepa_wm_wall,48,6,fidelity_constrained_matched_geometry__seed11401,fidelity_constrained_matched_geometry,11401,0,13501,6,0.8642265986349481,0.13991464109340168,0.0,0.0,True,False,True,1,1
Wall,jepa_wm_wall,48,6,fidelity_constrained_matched_geometry__seed11401,fidelity_constrained_matched_geometry,11401,1,13519,6,0.7248976240701013,0.13991464109340168,0.0,0.0,True,False,True,1,1
Wall,jepa_wm_wall,48,6,fidelity_constrained_matched_geometry__seed11401,fidelity_constrained_matched_geometry,11401,2,13537,6,0.6779264410723497,0.13991464109340168,0.0,0.0,True,False,True,1,1
Wall,jepa_wm_wall,49,6,fidelity_constrained_matched_geometry__seed11401,fidelity_constrained_matched_geometry,11401,0,13501,1,0.37648440192632465,0.0035333624998658895,0.0,0.0,True,False,True,1,1
Wall,jepa_wm_wall,49,6,fidelity_constrained_matched_geometry__seed11401,fidelity_constrained_matched_geometry,11401,1,13519,1,0.29880874603699276,0.0035333624998658895,0.0,0.0,True,False,True,1,1
Wall,jepa_wm_wall,49,6,fidelity_constrained_matched_geometry__seed11401,fidelity_constrained_matched_geometry,11401,2,13537,1,0.6982321129509463,0.0035333624998658895,0.0,0.0,True,False,True,1,1
Wall,jepa_wm_wall,49,6,fidelity_constrained_matched_geometry__seed11401,fidelity_constrained_matched_geometry,11401,0,13501,3,0.4219126325942336,0.1617415121097364,0.27278036352730867,0.27278036352730867,True,False,False,5,1
Wall,jepa_wm_wall,49,6,fidelity_constrained_matched_geometry__seed11401,fidelity_constrained_matched_geometry,11401,1,13519,3,0.6635125287148824,0.1617415121097364,0.27278036352730867,0.27278036352730867,True,False,False,5,1
Wall,jepa_wm_wall,49,6,fidelity_constrained_matched_geometry__seed11401,fidelity_constrained_matched_geometry,11401,2,13537,3,0.5204124749940463,0.1617415121097364,0.27278036352730867,0.27278036352730867,True,False,False,5,1
Wall,jepa_wm_wall,49,6,fidelity_constrained_matched_geometry__seed11401,fidelity_constrained_matched_geometry,11401,0,13501,6,0.8729830354381171,0.08134523661871648,0.0,0.0,True,False,True,1,1
Wall,jepa_wm_wall,49,6,fidelity_constrained_matched_geometry__seed11401,fidelity_constrained_matched_geometry,11401,1,13519,6,0.7052074933389219,0.08134523661871648,0.0,0.0,True,False,True,1,1
Wall,jepa_wm_wall,49,6,fidelity_constrained_matched_geometry__seed11401,fidelity_constrained_matched_geometry,11401,2,13537,6,0.6742625700978133,0.08134523661871648,0.08134523661871648,0.08134523661871648,True,False,False,4,1
Wall,jepa_wm_wall,50,6,fidelity_constrained_matched_geometry__seed11401,fidelity_constrained_matched_geometry,11401,0,13501,1,0.42599022898076094,0.054122212774885464,0.0,0.0,True,False,True,1,1
Wall,jepa_wm_wall,50,6,fidelity_constrained_matched_geometry__seed11401,fidelity_constrained_matched_geometry,11401,1,13519,1,0.34876852024898536,0.054122212774885464,0.0,0.0,True,False,True,1,1
Wall,jepa_wm_wall,50,6,fidelity_constrained_matched_geometry__seed11401,fidelity_constrained_matched_geometry,11401,2,13537,1,0.7944048382140053,0.054122212774885464,0.0,0.0,True,False,True,1,1
Wall,jepa_wm_wall,50,6,fidelity_constrained_matched_geometry__seed11401,fidelity_constrained_matched_geometry,11401,0,13501,3,0.6404345901975804,0.12897649730724076,0.29607003342937677,0.29607003342937677,True,False,False,1,6
Wall,jepa_wm_wall,50,6,fidelity_constrained_matched_geometry__seed11401,fidelity_constrained_matched_geometry,11401,1,13519,3,0.9991250840327628,0.12897649730724076,0.21108969174761585,0.21108969174761585,True,False,False,5,6
Wall,jepa_wm_wall,50,6,fidelity_constrained_matched_geometry__seed11401,fidelity_constrained_matched_geometry,11401,2,13537,3,0.7849505830909342,0.12897649730724076,0.21108969174761585,0.21108969174761585,True,False,False,5,6
Wall,jepa_wm_wall,50,6,fidelity_constrained_matched_geometry__seed11401,fidelity_constrained_matched_geometry,11401,0,13501,6,1.0539211488685603,0.037144204333989565,0.19405549575924055,0.19405549575924055,True,False,False,1,4
Wall,jepa_wm_wall,50,6,fidelity_constrained_matched_geometry__seed11401,fidelity_constrained_matched_geometry,11401,1,13519,6,0.9670429151365891,0.037144204333989565,0.19405549575924055,0.19405549575924055,True,False,False,1,4
Wall,jepa_wm_wall,50,6,fidelity_constrained_matched_geometry__seed11401,fidelity_constrained_matched_geometry,11401,2,13537,6,0.8618483608288142,0.037144204333989565,0.0,0.0,True,False,True,4,4
Wall,jepa_wm_wall,51,6,fidelity_constrained_matched_geometry__seed11401,fidelity_constrained_matched_geometry,11401,0,13501,1,0.31382191990856245,0.0008738033632488796,0.01522897403206608,0.01522897403206608,True,False,False,4,1
Wall,jepa_wm_wall,51,6,fidelity_constrained_matched_geometry__seed11401,fidelity_constrained_matched_geometry,11401,1,13519,1,0.8024695032172626,0.0008738033632488796,0.12172033166380862,0.12172033166380862,True,False,False,5,1
Wall,jepa_wm_wall,51,6,fidelity_constrained_matched_geometry__seed11401,fidelity_constrained_matched_geometry,11401,2,13537,1,1.101942716494756,0.0008738033632488796,0.4223548821825772,0.4223548821825772,True,False,False,7,1
Wall,jepa_wm_wall,51,6,fidelity_constrained_matched_geometry__seed11401,fidelity_constrained_matched_geometry,11401,0,13501,3,0.6993514943562696,0.18236891449751788,0.26800666634249315,0.26800666634249315,True,False,False,5,1
Wall,jepa_wm_wall,51,6,fidelity_constrained_matched_geometry__seed11401,fidelity_constrained_matched_geometry,11401,1,13519,3,0.5646267724049152,0.18236891449751788,0.26800666634249315,0.26800666634249315,True,False,False,5,1
Wall,jepa_wm_wall,51,6,fidelity_constrained_matched_geometry__seed11401,fidelity_constrained_matched_geometry,11401,2,13537,3,0.6429177901754567,0.18236891449751788,0.25084205680435046,0.25084205680435046,True,False,False,2,1
Wall,jepa_wm_wall,51,6,fidelity_constrained_matched_geometry__seed11401,fidelity_constrained_matched_geometry,11401,0,13501,6,0.8978439854311131,0.10901940817974191,0.5176295782823793,0.5176295782823793,True,False,False,5,1
Wall,jepa_wm_wall,51,6,fidelity_constrained_matched_geometry__seed11401,fidelity_constrained_matched_geometry,11401,1,13519,6,0.8610786170458659,0.10901940817974191,0.5176295782823793,0.5176295782823793,True,False,False,5,1
Wall,jepa_wm_wall,51,6,fidelity_constrained_matched_geometry__seed11401,fidelity_constrained_matched_geometry,11401,2,13537,6,0.8759788404260956,0.10901940817974191,0.10901940817974191,0.10901940817974191,True,False,False,4,1
Wall,jepa_wm_wall,52,6,fidelity_constrained_matched_geometry__seed11401,fidelity_constrained_matched_geometry,11401,0,13501,1,0.7551366267023357,0.07100282563201721,0.0,0.0,True,False,True,1,1
Wall,jepa_wm_wall,52,6,fidelity_constrained_matched_geometry__seed11401,fidelity_constrained_matched_geometry,11401,1,13519,1,0.5565728122130372,0.07100282563201721,0.07100282563201721,0.07100282563201721,True,False,False,5,1
Wall,jepa_wm_wall,52,6,fidelity_constrained_matched_geometry__seed11401,fidelity_constrained_matched_geometry,11401,2,13537,1,1.0022972410393989,0.07100282563201721,0.5507561548240016,0.5507561548240016,True,False,False,0,1
Wall,jepa_wm_wall,52,6,fidelity_constrained_matched_geometry__seed11401,fidelity_constrained_matched_geometry,11401,0,13501,3,0.6730822338083611,0.025811218253910286,0.025811218253910286,0.025811218253910286,True,False,False,5,3
Wall,jepa_wm_wall,52,6,fidelity_constrained_matched_geometry__seed11401,fidelity_constrained_matched_geometry,11401,1,13519,3,1.0334661461500543,0.025811218253910286,0.025811218253910286,0.025811218253910286,True,False,False,5,3
Wall,jepa_wm_wall,52,6,fidelity_constrained_matched_geometry__seed11401,fidelity_constrained_matched_geometry,11401,2,13537,3,0.5025582069337937,0.025811218253910286,0.05051972594698755,0.05051972594698755,True,False,False,1,3
Wall,jepa_wm_wall,52,6,fidelity_constrained_matched_geometry__seed11401,fidelity_constrained_matched_geometry,11401,0,13501,6,1.2114235012550336,0.0384318938477101,0.5546787123699543,0.5546787123699543,True,False,False,5,3
Wall,jepa_wm_wall,52,6,fidelity_constrained_matched_geometry__seed11401,fidelity_constrained_matched_geometry,11401,1,13519,6,1.172888189283703,0.0384318938477101,0.5546787123699543,0.5546787123699543,True,False,False,5,3
Wall,jepa_wm_wall,52,6,fidelity_constrained_matched_geometry__seed11401,fidelity_constrained_matched_geometry,11401,2,13537,6,0.9328391777314086,0.0384318938477101,0.06992941723812081,0.06992941723812081,True,False,False,4,3
Wall,jepa_wm_wall,53,6,fidelity_constrained_matched_geometry__seed11401,fidelity_constrained_matched_geometry,11401,0,13501,1,0.6760282992065068,0.009791405470287062,0.0,0.0,True,False,True,1,1
Wall,jepa_wm_wall,53,6,fidelity_constrained_matched_geometry__seed11401,fidelity_constrained_matched_geometry,11401,1,13519,1,0.8015399949526525,0.009791405470287062,0.0,0.0,True,False,True,1,1
Wall,jepa_wm_wall,53,6,fidelity_constrained_matched_geometry__seed11401,fidelity_constrained_matched_geometry,11401,2,13537,1,1.0074484499870047,0.009791405470287062,0.4488210939174718,0.4488210939174718,True,False,False,7,1
Wall,jepa_wm_wall,53,6,fidelity_constrained_matched_geometry__seed11401,fidelity_constrained_matched_geometry,11401,0,13501,3,0.451764925416233,0.09916642903112673,0.09916642903112673,0.09916642903112673,True,False,False,1,4
Wall,jepa_wm_wall,53,6,fidelity_constrained_matched_geometry__seed11401,fidelity_constrained_matched_geometry,11401,1,13519,3,0.7497101525975888,0.09916642903112673,0.09916642903112673,0.09916642903112673,True,False,False,1,4
Wall,jepa_wm_wall,53,6,fidelity_constrained_matched_geometry__seed11401,fidelity_constrained_matched_geometry,11401,2,13537,3,0.5632546972529062,0.09916642903112673,0.1509488568966722,0.1509488568966722,True,False,False,2,4
Wall,jepa_wm_wall,53,6,fidelity_constrained_matched_geometry__seed11401,fidelity_constrained_matched_geometry,11401,0,13501,6,0.9895406562490147,0.055729041610402784,0.09643994244758064,0.09643994244758064,True,False,False,1,4
Wall,jepa_wm_wall,53,6,fidelity_constrained_matched_geometry__seed11401,fidelity_constrained_matched_geometry,11401,1,13519,6,0.8269340088583319,0.055729041610402784,0.09643994244758064,0.09643994244758064,True,False,False,1,4
Wall,jepa_wm_wall,53,6,fidelity_constrained_matched_geometry__seed11401,fidelity_constrained_matched_geometry,11401,2,13537,6,0.7312508382031403,0.055729041610402784,0.09643994244758064,0.09643994244758064,True,False,False,1,4
Wall,jepa_wm_wall,54,6,fidelity_constrained_matched_geometry__seed11401,fidelity_constrained_matched_geometry,11401,0,13501,1,0.5618251156315984,0.05210487275347143,0.24116091597100325,0.24116091597100325,True,False,False,3,1
Wall,jepa_wm_wall,54,6,fidelity_constrained_matched_geometry__seed11401,fidelity_constrained_matched_geometry,11401,1,13519,1,0.35097717355328906,0.05210487275347143,0.05210519554215911,0.05210519554215911,True,False,False,6,1
Wall,jepa_wm_wall,54,6,fidelity_constrained_matched_geometry__seed11401,fidelity_constrained_matched_geometry,11401,2,13537,1,0.9708839908211169,0.05210487275347143,0.381799624403083,0.381799624403083,True,False,False,7,1
Wall,jepa_wm_wall,54,6,fidelity_constrained_matched_geometry__seed11401,fidelity_constrained_matched_geometry,11401,0,13501,3,0.607917905624647,0.20548523538405974,0.22028967914818534,0.22028967914818534,True,False,False,5,6
Wall,jepa_wm_wall,54,6,fidelity_constrained_matched_geometry__seed11401,fidelity_constrained_matched_geometry,11401,1,13519,3,0.9860178332718494,0.20548523538405974,0.22028967914818534,0.22028967914818534,True,False,False,5,6
Wall,jepa_wm_wall,54,6,fidelity_constrained_matched_geometry__seed11401,fidelity_constrained_matched_geometry,11401,2,13537,3,0.6961463893087743,0.20548523538405974,0.22028967914818534,0.22028967914818534,True,False,False,5,6
Wall,jepa_wm_wall,54,6,fidelity_constrained_matched_geometry__seed11401,fidelity_constrained_matched_geometry,11401,0,13501,6,1.079206645062534,0.0038749650505872178,0.2353094206177578,0.2353094206177578,True,False,False,1,2
Wall,jepa_wm_wall,54,6,fidelity_constrained_matched_geometry__seed11401,fidelity_constrained_matched_geometry,11401,1,13519,6,1.0724932435924222,0.0038749650505872178,0.2353094206177578,0.2353094206177578,True,False,False,1,2
Wall,jepa_wm_wall,54,6,fidelity_constrained_matched_geometry__seed11401,fidelity_constrained_matched_geometry,11401,2,13537,6,0.8889083842289208,0.0038749650505872178,0.514172621782109,0.514172621782109,True,False,False,5,2
Wall,jepa_wm_wall,55,6,fidelity_constrained_matched_geometry__seed11401,fidelity_constrained_matched_geometry,11401,0,13501,1,0.7017105776916756,0.12339387776632706,0.12339387776632706,0.12339387776632706,True,False,False,6,1
Wall,jepa_wm_wall,55,6,fidelity_constrained_matched_geometry__seed11401,fidelity_constrained_matched_geometry,11401,1,13519,1,0.4700146638581764,0.12339387776632706,0.19210375265017246,0.19210375265017246,True,False,False,2,1
Wall,jepa_wm_wall,55,6,fidelity_constrained_matched_geometry__seed11401,fidelity_constrained_matched_geometry,11401,2,13537,1,0.7464461595565444,0.12339387776632706,0.12339387776632706,0.12339387776632706,True,False,False,6,1
Wall,jepa_wm_wall,55,6,fidelity_constrained_matched_geometry__seed11401,fidelity_constrained_matched_geometry,11401,0,13501,3,0.7150659702672225,0.05867158711655809,0.19830582185068493,0.19830582185068493,True,False,False,1,6
Wall,jepa_wm_wall,55,6,fidelity_constrained_matched_geometry__seed11401,fidelity_constrained_matched_geometry,11401,1,13519,3,0.8125061002764359,0.05867158711655809,0.1600320766712798,0.1600320766712798,True,False,False,5,6
Wall,jepa_wm_wall,55,6,fidelity_constrained_matched_geometry__seed11401,fidelity_constrained_matched_geometry,11401,2,13537,3,0.7105305421868492,0.05867158711655809,0.2094691332620639,0.2094691332620639,True,False,False,3,6
Wall,jepa_wm_wall,55,6,fidelity_constrained_matched_geometry__seed11401,fidelity_constrained_matched_geometry,11401,0,13501,6,1.146597463717591,0.04633499368663333,0.510367303771342,0.510367303771342,True,False,False,1,2
Wall,jepa_wm_wall,55,6,fidelity_constrained_matched_geometry__seed11401,fidelity_constrained_matched_geometry,11401,1,13519,6,1.0304936802167077,0.04633499368663333,0.510367303771342,0.510367303771342,True,False,False,1,2
Wall,jepa_wm_wall,55,6,fidelity_constrained_matched_geometry__seed11401,fidelity_constrained_matched_geometry,11401,2,13537,6,0.9300774312755095,0.04633499368663333,0.04633499368663333,0.04633499368663333,True,False,False,4,2
Wall,jepa_wm_wall,8,1,fidelity_constrained_latent_only__seed11419,fidelity_constrained_latent_only,11419,0,13501,1,0.3824096655687353,0.016152705182870427,0.13136509441264696,0.13136509441264696,True,False,False,3,2
Wall,jepa_wm_wall,8,1,fidelity_constrained_latent_only__seed11419,fidelity_constrained_latent_only,11419,1,13519,1,0.7686740947873234,0.016152705182870427,0.12071148770637684,0.12071148770637684,True,False,False,5,2
Wall,jepa_wm_wall,8,1,fidelity_constrained_latent_only__seed11419,fidelity_constrained_latent_only,11419,2,13537,1,0.6591769483345586,0.016152705182870427,0.12071148770637684,0.12071148770637684,True,False,False,5,2
Wall,jepa_wm_wall,8,1,fidelity_constrained_latent_only__seed11419,fidelity_constrained_latent_only,11419,0,13501,3,0.4763417541982153,0.07614176734582923,0.08482373582968013,0.08482373582968013,True,False,False,5,4
Wall,jepa_wm_wall,8,1,fidelity_constrained_latent_only__seed11419,fidelity_constrained_latent_only,11419,1,13519,3,0.5832677798599316,0.07614176734582923,0.08482373582968013,0.08482373582968013,True,False,False,5,4
Wall,jepa_wm_wall,8,1,fidelity_constrained_latent_only__seed11419,fidelity_constrained_latent_only,11419,2,13537,3,0.48665730131039286,0.07614176734582923,0.08482373582968013,0.08482373582968013,True,False,False,5,4
Wall,jepa_wm_wall,8,1,fidelity_constrained_latent_only__seed11419,fidelity_constrained_latent_only,11419,0,13501,6,0.6878390644376409,0.029846874393166266,0.38510477756994244,0.38510477756994244,True,False,False,5,4
Wall,jepa_wm_wall,8,1,fidelity_constrained_latent_only__seed11419,fidelity_constrained_latent_only,11419,1,13519,6,0.580830019595482,0.029846874393166266,0.38510477756994244,0.38510477756994244,True,False,False,5,4
Wall,jepa_wm_wall,8,1,fidelity_constrained_latent_only__seed11419,fidelity_constrained_latent_only,11419,2,13537,6,0.6972732771554575,0.029846874393166266,0.0,0.0,True,False,True,4,4
Wall,jepa_wm_wall,9,1,fidelity_constrained_latent_only__seed11419,fidelity_constrained_latent_only,11419,0,13501,1,0.6960186355771484,0.12507081777279483,0.42975130258508343,0.42975130258508343,True,False,False,7,1
Wall,jepa_wm_wall,9,1,fidelity_constrained_latent_only__seed11419,fidelity_constrained_latent_only,11419,1,13519,1,0.43042841743472565,0.12507081777279483,0.0,0.0,True,False,True,1,1
Wall,jepa_wm_wall,9,1,fidelity_constrained_latent_only__seed11419,fidelity_constrained_latent_only,11419,2,13537,1,0.7750331518644967,0.12507081777279483,0.12507081777279483,0.12507081777279483,True,False,False,5,1
Wall,jepa_wm_wall,9,1,fidelity_constrained_latent_only__seed11419,fidelity_constrained_latent_only,11419,0,13501,3,0.5862282776888993,0.054847575896831174,0.054847575896831174,0.054847575896831174,True,False,False,5,1
Wall,jepa_wm_wall,9,1,fidelity_constrained_latent_only__seed11419,fidelity_constrained_latent_only,11419,1,13519,3,0.6743014395464607,0.054847575896831174,0.0,0.0,True,False,True,1,1
Wall,jepa_wm_wall,9,1,fidelity_constrained_latent_only__seed11419,fidelity_constrained_latent_only,11419,2,13537,3,0.8778569473247884,0.054847575896831174,0.0,0.0,True,False,True,1,1
Wall,jepa_wm_wall,9,1,fidelity_constrained_latent_only__seed11419,fidelity_constrained_latent_only,11419,0,13501,6,0.9757490946411984,0.014740318180249878,0.5301166754314394,0.5301166754314394,True,False,False,7,2
Wall,jepa_wm_wall,9,1,fidelity_constrained_latent_only__seed11419,fidelity_constrained_latent_only,11419,1,13519,6,0.6308554707494051,0.014740318180249878,0.014740318180249878,0.014740318180249878,True,False,False,3,2
Wall,jepa_wm_wall,9,1,fidelity_constrained_latent_only__seed11419,fidelity_constrained_latent_only,11419,2,13537,6,0.8353888070693228,0.014740318180249878,0.4905475957211416,0.4905475957211416,True,False,False,5,2
Wall,jepa_wm_wall,10,1,fidelity_constrained_latent_only__seed11419,fidelity_constrained_latent_only,11419,0,13501,1,0.45896864425537176,0.0012356039916028997,0.12286421707529614,0.12286421707529614,True,False,False,6,1
Wall,jepa_wm_wall,10,1,fidelity_constrained_latent_only__seed11419,fidelity_constrained_latent_only,11419,1,13519,1,0.767756074653853,0.0012356039916028997,0.0012356039916028997,0.0012356039916028997,True,False,False,4,1
Wall,jepa_wm_wall,10,1,fidelity_constrained_latent_only__seed11419,fidelity_constrained_latent_only,11419,2,13537,1,0.5982611443893691,0.0012356039916028997,0.12286421707529614,0.12286421707529614,True,False,False,5,1
Wall,jepa_wm_wall,10,1,fidelity_constrained_latent_only__seed11419,fidelity_constrained_latent_only,11419,0,13501,3,0.5212250375920173,0.15965748274850114,0.20731631818021912,0.20731631818021912,True,False,False,5,1
Wall,jepa_wm_wall,10,1,fidelity_constrained_latent_only__seed11419,fidelity_constrained_latent_only,11419,1,13519,3,0.41267120604135205,0.15965748274850114,0.20731631818021912,0.20731631818021912,True,False,False,5,1
Wall,jepa_wm_wall,10,1,fidelity_constrained_latent_only__seed11419,fidelity_constrained_latent_only,11419,2,13537,3,0.5022622088985168,0.15965748274850114,0.20731631818021912,0.20731631818021912,True,False,False,5,1
Wall,jepa_wm_wall,10,1,fidelity_constrained_latent_only__seed11419,fidelity_constrained_latent_only,11419,0,13501,6,0.6847447405725652,0.08421266293753488,0.0,0.0,True,False,True,1,1
Wall,jepa_wm_wall,10,1,fidelity_constrained_latent_only__seed11419,fidelity_constrained_latent_only,11419,1,13519,6,0.6347274289117172,0.08421266293753488,0.0,0.0,True,False,True,1,1
Wall,jepa_wm_wall,10,1,fidelity_constrained_latent_only__seed11419,fidelity_constrained_latent_only,11419,2,13537,6,0.6936884894939201,0.08421266293753488,0.0,0.0,True,False,True,1,1
Wall,jepa_wm_wall,11,1,fidelity_constrained_latent_only__seed11419,fidelity_constrained_latent_only,11419,0,13501,1,0.5187056623186669,0.006092489128857203,0.03012359321854074,0.03012359321854074,True,False,False,2,1
Wall,jepa_wm_wall,11,1,fidelity_constrained_latent_only__seed11419,fidelity_constrained_latent_only,11419,1,13519,1,0.30971656167761435,0.006092489128857203,0.0,0.0,True,False,True,1,1
Wall,jepa_wm_wall,11,1,fidelity_constrained_latent_only__seed11419,fidelity_constrained_latent_only,11419,2,13537,1,0.8524870883100992,0.006092489128857203,0.12172401676917176,0.12172401676917176,True,False,False,5,1
Wall,jepa_wm_wall,11,1,fidelity_constrained_latent_only__seed11419,fidelity_constrained_latent_only,11419,0,13501,3,0.45600377933433833,0.05350381994101328,0.16557815588742084,0.16557815588742084,True,False,False,5,1
Wall,jepa_wm_wall,11,1,fidelity_constrained_latent_only__seed11419,fidelity_constrained_latent_only,11419,1,13519,3,0.502855114021946,0.05350381994101328,0.16557815588742084,0.16557815588742084,True,False,False,5,1
Wall,jepa_wm_wall,11,1,fidelity_constrained_latent_only__seed11419,fidelity_constrained_latent_only,11419,2,13537,3,0.3581009058783701,0.05350381994101328,0.16557815588742084,0.16557815588742084,True,False,False,5,1
Wall,jepa_wm_wall,11,1,fidelity_constrained_latent_only__seed11419,fidelity_constrained_latent_only,11419,0,13501,6,0.7421109523341293,0.029439984357622885,0.0,0.0,True,False,True,1,1
Wall,jepa_wm_wall,11,1,fidelity_constrained_latent_only__seed11419,fidelity_constrained_latent_only,11419,1,13519,6,0.5887967207930509,0.029439984357622885,0.0,0.0,True,False,True,1,1
Wall,jepa_wm_wall,11,1,fidelity_constrained_latent_only__seed11419,fidelity_constrained_latent_only,11419,2,13537,6,0.7368825677103241,0.029439984357622885,0.4318705968941839,0.4318705968941839,True,False,False,5,1
Wall,jepa_wm_wall,12,1,fidelity_constrained_latent_only__seed11419,fidelity_constrained_latent_only,11419,0,13501,1,0.6499552701774554,0.12456447628524758,0.12456477430848922,0.12456477430848922,True,False,False,5,1
Wall,jepa_wm_wall,12,1,fidelity_constrained_latent_only__seed11419,fidelity_constrained_latent_only,11419,1,13519,1,0.37078718849983466,0.12456447628524758,0.0,0.0,True,False,True,1,1
Wall,jepa_wm_wall,12,1,fidelity_constrained_latent_only__seed11419,fidelity_constrained_latent_only,11419,2,13537,1,0.7835846044888327,0.12456447628524758,0.0,0.0,True,False,True,1,1
Wall,jepa_wm_wall,12,1,fidelity_constrained_latent_only__seed11419,fidelity_constrained_latent_only,11419,0,13501,3,0.7964089471694423,0.06321905065029236,0.0,0.0,True,False,True,1,1
Wall,jepa_wm_wall,12,1,fidelity_constrained_latent_only__seed11419,fidelity_constrained_latent_only,11419,1,13519,3,1.0598277722988334,0.06321905065029236,0.0,0.0,True,False,True,1,1
Wall,jepa_wm_wall,12,1,fidelity_constrained_latent_only__seed11419,fidelity_constrained_latent_only,11419,2,13537,3,0.6179182560020968,0.06321905065029236,0.0,0.0,True,False,True,1,1
Wall,jepa_wm_wall,12,1,fidelity_constrained_latent_only__seed11419,fidelity_constrained_latent_only,11419,0,13501,6,0.7846419457981045,0.051845683435020974,0.31883657143532496,0.31883657143532496,True,False,False,1,3
Wall,jepa_wm_wall,12,1,fidelity_constrained_latent_only__seed11419,fidelity_constrained_latent_only,11419,1,13519,6,0.6198812596058797,0.051845683435020974,0.21116622450814518,0.21116622450814518,True,False,False,4,3
Wall,jepa_wm_wall,12,1,fidelity_constrained_latent_only__seed11419,fidelity_constrained_latent_only,11419,2,13537,6,0.7024861196089346,0.051845683435020974,0.31883657143532496,0.31883657143532496,True,False,False,1,3
Wall,jepa_wm_wall,13,1,fidelity_constrained_latent_only__seed11419,fidelity_constrained_latent_only,11419,0,13501,1,0.4255393614557631,0.0032743813559044216,0.028695465844599356,0.028695465844599356,True,False,False,4,1
Wall,jepa_wm_wall,13,1,fidelity_constrained_latent_only__seed11419,fidelity_constrained_latent_only,11419,1,13519,1,0.7851190994414496,0.0032743813559044216,0.028695465844599356,0.028695465844599356,True,False,False,4,1
Wall,jepa_wm_wall,13,1,fidelity_constrained_latent_only__seed11419,fidelity_constrained_latent_only,11419,2,13537,1,0.7388391770359919,0.0032743813559044216,0.028695465844599356,0.028695465844599356,True,False,False,4,1
Wall,jepa_wm_wall,13,1,fidelity_constrained_latent_only__seed11419,fidelity_constrained_latent_only,11419,0,13501,3,0.41091621894924435,0.14527104206009775,0.0,0.0,True,False,True,4,4
Wall,jepa_wm_wall,13,1,fidelity_constrained_latent_only__seed11419,fidelity_constrained_latent_only,11419,1,13519,3,0.3791480738300401,0.14527104206009775,0.14527104206009775,0.14527104206009775,True,False,False,5,4
Wall,jepa_wm_wall,13,1,fidelity_constrained_latent_only__seed11419,fidelity_constrained_latent_only,11419,2,13537,3,0.3573345358908952,0.14527104206009775,0.14527104206009775,0.14527104206009775,True,False,False,5,4
Wall,jepa_wm_wall,13,1,fidelity_constrained_latent_only__seed11419,fidelity_constrained_latent_only,11419,0,13501,6,0.573547821728961,0.4162684616699494,0.0,0.0,True,False,True,4,4
Wall,jepa_wm_wall,13,1,fidelity_constrained_latent_only__seed11419,fidelity_constrained_latent_only,11419,1,13519,6,0.5344852597122011,0.4162684616699494,0.0,0.0,True,False,True,4,4
Wall,jepa_wm_wall,13,1,fidelity_constrained_latent_only__seed11419,fidelity_constrained_latent_only,11419,2,13537,6,0.5626231781500963,0.4162684616699494,0.0,0.0,True,False,True,4,4
Wall,jepa_wm_wall,14,1,fidelity_constrained_latent_only__seed11419,fidelity_constrained_latent_only,11419,0,13501,1,1.1086535873102137,0.1235923244710162,0.1235923244710162,0.1235923244710162,True,False,False,5,1
Wall,jepa_wm_wall,14,1,fidelity_constrained_latent_only__seed11419,fidelity_constrained_latent_only,11419,1,13519,1,0.37945686108796467,0.1235923244710162,0.1235923244710162,0.1235923244710162,True,False,False,5,1
Wall,jepa_wm_wall,14,1,fidelity_constrained_latent_only__seed11419,fidelity_constrained_latent_only,11419,2,13537,1,0.9658383207518462,0.1235923244710162,0.1235923244710162,0.1235923244710162,True,False,False,5,1
Wall,jepa_wm_wall,14,1,fidelity_constrained_latent_only__seed11419,fidelity_constrained_latent_only,11419,0,13501,3,0.741046440944453,0.02103669177229461,0.03871608563546807,0.03871608563546807,True,False,False,5,4
Wall,jepa_wm_wall,14,1,fidelity_constrained_latent_only__seed11419,fidelity_constrained_latent_only,11419,1,13519,3,0.45931149642284086,0.02103669177229461,0.03871608563546807,0.03871608563546807,True,False,False,5,4
Wall,jepa_wm_wall,14,1,fidelity_constrained_latent_only__seed11419,fidelity_constrained_latent_only,11419,2,13537,3,0.5389237378075414,0.02103669177229461,0.02103669177229461,0.02103669177229461,True,False,False,1,4
Wall,jepa_wm_wall,14,1,fidelity_constrained_latent_only__seed11419,fidelity_constrained_latent_only,11419,0,13501,6,0.9180397108089028,0.018693811713921336,0.0,0.0,True,False,True,4,4
Wall,jepa_wm_wall,14,1,fidelity_constrained_latent_only__seed11419,fidelity_constrained_latent_only,11419,1,13519,6,0.7375638735793829,0.018693811713921336,0.0,0.0,True,False,True,4,4
Wall,jepa_wm_wall,14,1,fidelity_constrained_latent_only__seed11419,fidelity_constrained_latent_only,11419,2,13537,6,0.8687743037882164,0.018693811713921336,0.5017151884170946,0.5017151884170946,True,False,False,5,4
Wall,jepa_wm_wall,15,1,fidelity_constrained_latent_only__seed11419,fidelity_constrained_latent_only,11419,0,13501,1,0.2345996368836441,0.12749000243931988,0.12749000243931988,0.12749000243931988,True,False,False,5,1
Wall,jepa_wm_wall,15,1,fidelity_constrained_latent_only__seed11419,fidelity_constrained_latent_only,11419,1,13519,1,0.7782754590098636,0.12749000243931988,0.12749000243931988,0.12749000243931988,True,False,False,5,1
Wall,jepa_wm_wall,15,1,fidelity_constrained_latent_only__seed11419,fidelity_constrained_latent_only,11419,2,13537,1,0.5147630840632911,0.12749000243931988,0.0,0.0,True,False,True,1,1
Wall,jepa_wm_wall,15,1,fidelity_constrained_latent_only__seed11419,fidelity_constrained_latent_only,11419,0,13501,3,0.8899140083436892,0.019446629235054986,0.09083780960232728,0.09083780960232728,True,False,False,7,5
Wall,jepa_wm_wall,15,1,fidelity_constrained_latent_only__seed11419,fidelity_constrained_latent_only,11419,1,13519,3,0.47135965152253956,0.019446629235054986,0.0,0.0,True,False,True,5,5
Wall,jepa_wm_wall,15,1,fidelity_constrained_latent_only__seed11419,fidelity_constrained_latent_only,11419,2,13537,3,0.7304830506822318,0.019446629235054986,0.019446629235054986,0.019446629235054986,True,False,False,1,5
Wall,jepa_wm_wall,15,1,fidelity_constrained_latent_only__seed11419,fidelity_constrained_latent_only,11419,0,13501,6,0.9652335761957426,0.02109195364658048,0.5003648254496518,0.5003648254496518,True,False,False,5,2
Wall,jepa_wm_wall,15,1,fidelity_constrained_latent_only__seed11419,fidelity_constrained_latent_only,11419,1,13519,6,0.8814966249626397,0.02109195364658048,0.5003648254496518,0.5003648254496518,True,False,False,5,2
Wall,jepa_wm_wall,15,1,fidelity_constrained_latent_only__seed11419,fidelity_constrained_latent_only,11419,2,13537,6,0.9978988456350955,0.02109195364658048,0.5003648254496518,0.5003648254496518,True,False,False,5,2
Wall,jepa_wm_wall,16,2,fidelity_constrained_latent_only__seed11419,fidelity_constrained_latent_only,11419,0,13501,1,0.6609293587032361,0.08029399387979654,0.163625439733162,0.163625439733162,True,False,False,3,1
Wall,jepa_wm_wall,16,2,fidelity_constrained_latent_only__seed11419,fidelity_constrained_latent_only,11419,1,13519,1,0.469971276915707,0.08029399387979654,0.0,0.0,True,False,True,1,1
Wall,jepa_wm_wall,16,2,fidelity_constrained_latent_only__seed11419,fidelity_constrained_latent_only,11419,2,13537,1,0.794109607257643,0.08029399387979654,0.0,0.0,True,False,True,1,1
Wall,jepa_wm_wall,16,2,fidelity_constrained_latent_only__seed11419,fidelity_constrained_latent_only,11419,0,13501,3,0.7044354920200457,0.005638604719787298,0.0,0.0,True,False,True,2,2
Wall,jepa_wm_wall,16,2,fidelity_constrained_latent_only__seed11419,fidelity_constrained_latent_only,11419,1,13519,3,1.455805945560495,0.005638604719787298,0.1362528665233449,0.1362528665233449,True,False,False,5,2
Wall,jepa_wm_wall,16,2,fidelity_constrained_latent_only__seed11419,fidelity_constrained_latent_only,11419,2,13537,3,0.8784692825632975,0.005638604719787298,0.1362528665233449,0.1362528665233449,True,False,False,5,2
Wall,jepa_wm_wall,16,2,fidelity_constrained_latent_only__seed11419,fidelity_constrained_latent_only,11419,0,13501,6,0.9618546034317491,0.0428317804300752,0.0428317804300752,0.0428317804300752,True,False,False,4,2
Wall,jepa_wm_wall,16,2,fidelity_constrained_latent_only__seed11419,fidelity_constrained_latent_only,11419,1,13519,6,1.3691732144188113,0.0428317804300752,0.7525922555369676,0.7525922555369676,True,False,False,7,2
Wall,jepa_wm_wall,16,2,fidelity_constrained_latent_only__seed11419,fidelity_constrained_latent_only,11419,2,13537,6,1.1105680363049657,0.0428317804300752,0.5310357923198618,0.5310357923198618,True,False,False,5,2
Wall,jepa_wm_wall,17,2,fidelity_constrained_latent_only__seed11419,fidelity_constrained_latent_only,11419,0,13501,1,0.9661857835140866,0.12688063729252005,0.12688078630405206,0.12688078630405206,True,False,False,5,1
Wall,jepa_wm_wall,17,2,fidelity_constrained_latent_only__seed11419,fidelity_constrained_latent_only,11419,1,13519,1,0.699380865556647,0.12688063729252005,0.12688063729252005,0.12688063729252005,True,False,False,6,1
Wall,jepa_wm_wall,17,2,fidelity_constrained_latent_only__seed11419,fidelity_constrained_latent_only,11419,2,13537,1,0.8382002325659117,0.12688063729252005,0.1887156547045176,0.1887156547045176,True,False,False,2,1
Wall,jepa_wm_wall,17,2,fidelity_constrained_latent_only__seed11419,fidelity_constrained_latent_only,11419,0,13501,3,1.1210514500981945,0.0045777647931245415,0.0666852161712895,0.0666852161712895,True,False,False,5,1
Wall,jepa_wm_wall,17,2,fidelity_constrained_latent_only__seed11419,fidelity_constrained_latent_only,11419,1,13519,3,1.118912947708554,0.0045777647931245415,0.43786957253088177,0.43786957253088177,True,False,False,0,1
Wall,jepa_wm_wall,17,2,fidelity_constrained_latent_only__seed11419,fidelity_constrained_latent_only,11419,2,13537,3,0.6570944343231273,0.0045777647931245415,0.0666852161712895,0.0666852161712895,True,False,False,5,1
Wall,jepa_wm_wall,17,2,fidelity_constrained_latent_only__seed11419,fidelity_constrained_latent_only,11419,0,13501,6,0.9443390697027384,0.00537754688799704,0.5122518561014756,0.5122518561014756,True,False,False,5,3
Wall,jepa_wm_wall,17,2,fidelity_constrained_latent_only__seed11419,fidelity_constrained_latent_only,11419,1,13519,6,1.2485575885312932,0.00537754688799704,0.7284079155881547,0.7284079155881547,True,False,False,0,3
Wall,jepa_wm_wall,17,2,fidelity_constrained_latent_only__seed11419,fidelity_constrained_latent_only,11419,2,13537,6,1.003788111646839,0.00537754688799704,0.5122518561014756,0.5122518561014756,True,False,False,5,3
Wall,jepa_wm_wall,18,2,fidelity_constrained_latent_only__seed11419,fidelity_constrained_latent_only,11419,0,13501,1,0.8994016588241125,0.08790014078613739,0.0,0.0,True,False,True,1,1
Wall,jepa_wm_wall,18,2,fidelity_constrained_latent_only__seed11419,fidelity_constrained_latent_only,11419,1,13519,1,0.5147136583815043,0.08790014078613739,0.0,0.0,True,False,True,1,1
Wall,jepa_wm_wall,18,2,fidelity_constrained_latent_only__seed11419,fidelity_constrained_latent_only,11419,2,13537,1,0.2047013774295732,0.08790014078613739,0.12115863057169185,0.12115863057169185,True,False,False,6,1
Wall,jepa_wm_wall,18,2,fidelity_constrained_latent_only__seed11419,fidelity_constrained_latent_only,11419,0,13501,3,0.8492083176314037,0.06357119324461176,0.0,0.0,True,False,True,1,1
Wall,jepa_wm_wall,18,2,fidelity_constrained_latent_only__seed11419,fidelity_constrained_latent_only,11419,1,13519,3,0.6192534159804679,0.06357119324461176,0.09827810985778822,0.09827810985778822,True,False,False,2,1
Wall,jepa_wm_wall,18,2,fidelity_constrained_latent_only__seed11419,fidelity_constrained_latent_only,11419,2,13537,3,0.3808223636175609,0.06357119324461176,0.0,0.0,True,False,True,1,1
Wall,jepa_wm_wall,18,2,fidelity_constrained_latent_only__seed11419,fidelity_constrained_latent_only,11419,0,13501,6,0.6658526263969942,0.06074535502837518,0.0,0.0,True,False,True,6,6
Wall,jepa_wm_wall,18,2,fidelity_constrained_latent_only__seed11419,fidelity_constrained_latent_only,11419,1,13519,6,1.1043374440834386,0.06074535502837518,0.20337306739366096,0.20337306739366096,True,False,False,5,6
Wall,jepa_wm_wall,18,2,fidelity_constrained_latent_only__seed11419,fidelity_constrained_latent_only,11419,2,13537,6,0.6714678210619842,0.06074535502837518,0.20337306739366096,0.20337306739366096,True,False,False,5,6
Wall,jepa_wm_wall,19,2,fidelity_constrained_latent_only__seed11419,fidelity_constrained_latent_only,11419,0,13501,1,0.36318963140032934,0.0012619796047764191,0.007615091005135686,0.007615091005135686,True,False,False,4,1
Wall,jepa_wm_wall,19,2,fidelity_constrained_latent_only__seed11419,fidelity_constrained_latent_only,11419,1,13519,1,1.6246074765347807,0.0012619796047764191,0.4328822502546236,0.4328822502546236,True,False,False,7,1
Wall,jepa_wm_wall,19,2,fidelity_constrained_latent_only__seed11419,fidelity_constrained_latent_only,11419,2,13537,1,0.6412215183442357,0.0012619796047764191,0.0,0.0,True,False,True,1,1
Wall,jepa_wm_wall,19,2,fidelity_constrained_latent_only__seed11419,fidelity_constrained_latent_only,11419,0,13501,3,0.7060628409318769,0.23155633681788695,0.23643313898908538,0.23643313898908538,True,False,False,4,1
Wall,jepa_wm_wall,19,2,fidelity_constrained_latent_only__seed11419,fidelity_constrained_latent_only,11419,1,13519,3,0.9011936938029543,0.23155633681788695,0.5496849397943441,0.5496849397943441,True,False,False,7,1
Wall,jepa_wm_wall,19,2,fidelity_constrained_latent_only__seed11419,fidelity_constrained_latent_only,11419,2,13537,3,0.6613051797552467,0.23155633681788695,0.23643313898908538,0.23643313898908538,True,False,False,4,1
Wall,jepa_wm_wall,19,2,fidelity_constrained_latent_only__seed11419,fidelity_constrained_latent_only,11419,0,13501,6,1.0079896189746238,0.021179216124354038,0.4811349945468107,0.4811349945468107,True,False,False,5,1
Wall,jepa_wm_wall,19,2,fidelity_constrained_latent_only__seed11419,fidelity_constrained_latent_only,11419,1,13519,6,1.243657895870072,0.021179216124354038,0.6658034424361426,0.6658034424361426,True,False,False,0,1
Wall,jepa_wm_wall,19,2,fidelity_constrained_latent_only__seed11419,fidelity_constrained_latent_only,11419,2,13537,6,1.0480646134083629,0.021179216124354038,0.4811349945468107,0.4811349945468107,True,False,False,5,1
Wall,jepa_wm_wall,20,2,fidelity_constrained_latent_only__seed11419,fidelity_constrained_latent_only,11419,0,13501,1,1.0492138501829806,0.09692983861294002,0.4375463146812976,0.4375463146812976,True,False,False,8,1
Wall,jepa_wm_wall,20,2,fidelity_constrained_latent_only__seed11419,fidelity_constrained_latent_only,11419,1,13519,1,1.6627278464551993,0.09692983861294002,0.5769228648680464,0.5769228648680464,True,False,False,0,1
Wall,jepa_wm_wall,20,2,fidelity_constrained_latent_only__seed11419,fidelity_constrained_latent_only,11419,2,13537,1,0.9566015448357568,0.09692983861294002,0.12873220149056347,0.12873220149056347,True,False,False,5,1
Wall,jepa_wm_wall,20,2,fidelity_constrained_latent_only__seed11419,fidelity_constrained_latent_only,11419,0,13501,3,0.717019129728358,0.1083018003488066,0.18914274310056906,0.18914274310056906,True,False,False,4,6
Wall,jepa_wm_wall,20,2,fidelity_constrained_latent_only__seed11419,fidelity_constrained_latent_only,11419,1,13519,3,1.4321854136880172,0.1083018003488066,0.4705035616516968,0.4705035616516968,True,False,False,7,6
Wall,jepa_wm_wall,20,2,fidelity_constrained_latent_only__seed11419,fidelity_constrained_latent_only,11419,2,13537,3,0.5029614251117829,0.1083018003488066,0.18914274310056906,0.18914274310056906,True,False,False,4,6
Wall,jepa_wm_wall,20,2,fidelity_constrained_latent_only__seed11419,fidelity_constrained_latent_only,11419,0,13501,6,0.9757263559885667,0.054097226742439664,0.3477921036549551,0.3477921036549551,True,False,False,1,2
Wall,jepa_wm_wall,20,2,fidelity_constrained_latent_only__seed11419,fidelity_constrained_latent_only,11419,1,13519,6,1.320130935701019,0.054097226742439664,0.6705794678490131,0.6705794678490131,True,False,False,0,2
Wall,jepa_wm_wall,20,2,fidelity_constrained_latent_only__seed11419,fidelity_constrained_latent_only,11419,2,13537,6,0.8906374581660778,0.054097226742439664,0.054097226742439664,0.054097226742439664,True,False,False,4,2
Wall,jepa_wm_wall,21,2,fidelity_constrained_latent_only__seed11419,fidelity_constrained_latent_only,11419,0,13501,1,0.3991238429565296,0.1135563918087716,0.0,0.0,True,False,True,1,1
Wall,jepa_wm_wall,21,2,fidelity_constrained_latent_only__seed11419,fidelity_constrained_latent_only,11419,1,13519,1,0.5529733794505766,0.1135563918087716,0.12442798164057622,0.12442798164057622,True,False,False,6,1
Wall,jepa_wm_wall,21,2,fidelity_constrained_latent_only__seed11419,fidelity_constrained_latent_only,11419,2,13537,1,0.6654581848310048,0.1135563918087716,0.17076076094870335,0.17076076094870335,True,False,False,3,1
Wall,jepa_wm_wall,21,2,fidelity_constrained_latent_only__seed11419,fidelity_constrained_latent_only,11419,0,13501,3,0.9445821439090913,0.03663146723505468,0.04961611849407828,0.04961611849407828,True,False,False,3,1
Wall,jepa_wm_wall,21,2,fidelity_constrained_latent_only__seed11419,fidelity_constrained_latent_only,11419,1,13519,3,0.9488765330231824,0.03663146723505468,0.1168170843053608,0.1168170843053608,True,False,False,5,1
Wall,jepa_wm_wall,21,2,fidelity_constrained_latent_only__seed11419,fidelity_constrained_latent_only,11419,2,13537,3,0.7730856275941828,0.03663146723505468,0.1168170843053608,0.1168170843053608,True,False,False,5,1
Wall,jepa_wm_wall,21,2,fidelity_constrained_latent_only__seed11419,fidelity_constrained_latent_only,11419,0,13501,6,0.8818676721227374,0.08291059941356739,0.13758354287738728,0.13758354287738728,True,False,False,4,3
Wall,jepa_wm_wall,21,2,fidelity_constrained_latent_only__seed11419,fidelity_constrained_latent_only,11419,1,13519,6,1.1942763154404707,0.08291059941356739,0.498905430757148,0.498905430757148,True,False,False,5,3
Wall,jepa_wm_wall,21,2,fidelity_constrained_latent_only__seed11419,fidelity_constrained_latent_only,11419,2,13537,6,0.9656045950215137,0.08291059941356739,0.498905430757148,0.498905430757148,True,False,False,5,3
Wall,jepa_wm_wall,22,2,fidelity_constrained_latent_only__seed11419,fidelity_constrained_latent_only,11419,0,13501,1,0.9628581339422605,0.12694286968112253,0.12694286968112253,0.12694286968112253,True,False,False,5,1
Wall,jepa_wm_wall,22,2,fidelity_constrained_latent_only__seed11419,fidelity_constrained_latent_only,11419,1,13519,1,0.7317974447987953,0.12694286968112253,0.12694286968112253,0.12694286968112253,True,False,False,6,1
Wall,jepa_wm_wall,22,2,fidelity_constrained_latent_only__seed11419,fidelity_constrained_latent_only,11419,2,13537,1,0.800928322444735,0.12694286968112253,0.1902191737751429,0.1902191737751429,True,False,False,2,1
Wall,jepa_wm_wall,22,2,fidelity_constrained_latent_only__seed11419,fidelity_constrained_latent_only,11419,0,13501,3,1.1379073790369538,0.0034078026238675394,0.06691081779439773,0.06691081779439773,True,False,False,5,1
Wall,jepa_wm_wall,22,2,fidelity_constrained_latent_only__seed11419,fidelity_constrained_latent_only,11419,1,13519,3,1.0928284715904257,0.0034078026238675394,0.4328821197741972,0.4328821197741972,True,False,False,0,1
Wall,jepa_wm_wall,22,2,fidelity_constrained_latent_only__seed11419,fidelity_constrained_latent_only,11419,2,13537,3,0.6561458802313582,0.0034078026238675394,0.06691081779439773,0.06691081779439773,True,False,False,5,1
Wall,jepa_wm_wall,22,2,fidelity_constrained_latent_only__seed11419,fidelity_constrained_latent_only,11419,0,13501,6,0.9459693749301986,0.005672566228622634,0.5121504452624783,0.5121504452624783,True,False,False,5,3
Wall,jepa_wm_wall,22,2,fidelity_constrained_latent_only__seed11419,fidelity_constrained_latent_only,11419,1,13519,6,1.2280473564038532,0.005672566228622634,0.5121504452624783,0.5121504452624783,True,False,False,5,3
Wall,jepa_wm_wall,22,2,fidelity_constrained_latent_only__seed11419,fidelity_constrained_latent_only,11419,2,13537,6,0.9676532273406686,0.005672566228622634,0.5121504452624783,0.5121504452624783,True,False,False,5,3
Wall,jepa_wm_wall,23,2,fidelity_constrained_latent_only__seed11419,fidelity_constrained_latent_only,11419,0,13501,1,0.7661628433654586,0.0352215604069649,0.0,0.0,True,False,True,1,1
Wall,jepa_wm_wall,23,2,fidelity_constrained_latent_only__seed11419,fidelity_constrained_latent_only,11419,1,13519,1,0.9684056610878391,0.0352215604069649,0.0,0.0,True,False,True,1,1
Wall,jepa_wm_wall,23,2,fidelity_constrained_latent_only__seed11419,fidelity_constrained_latent_only,11419,2,13537,1,0.8441299984865213,0.0352215604069649,0.1421721940639325,0.1421721940639325,True,False,False,5,1
Wall,jepa_wm_wall,23,2,fidelity_constrained_latent_only__seed11419,fidelity_constrained_latent_only,11419,0,13501,3,0.5339434728832784,0.06654741675461008,0.0,0.0,True,False,True,4,4
Wall,jepa_wm_wall,23,2,fidelity_constrained_latent_only__seed11419,fidelity_constrained_latent_only,11419,1,13519,3,1.3375530798053241,0.06654741675461008,0.20090383817171387,0.20090383817171387,True,False,False,5,4
Wall,jepa_wm_wall,23,2,fidelity_constrained_latent_only__seed11419,fidelity_constrained_latent_only,11419,2,13537,3,0.7608088554867933,0.06654741675461008,0.20090383817171387,0.20090383817171387,True,False,False,5,4
Wall,jepa_wm_wall,23,2,fidelity_constrained_latent_only__seed11419,fidelity_constrained_latent_only,11419,0,13501,6,0.8688827657649609,0.02483818875576625,0.3589817567214553,0.3589817567214553,True,False,False,1,4
Wall,jepa_wm_wall,23,2,fidelity_constrained_latent_only__seed11419,fidelity_constrained_latent_only,11419,1,13519,6,1.1569544979241657,0.02483818875576625,0.52226012105352,0.52226012105352,True,False,False,5,4
Wall,jepa_wm_wall,23,2,fidelity_constrained_latent_only__seed11419,fidelity_constrained_latent_only,11419,2,13537,6,0.9570107111239301,0.02483818875576625,0.52226012105352,0.52226012105352,True,False,False,5,4
Wall,jepa_wm_wall,48,6,fidelity_constrained_latent_only__seed11419,fidelity_constrained_latent_only,11419,0,13501,1,0.3647326279943856,0.001230240308132282,0.0,0.0,True,False,True,1,1
Wall,jepa_wm_wall,48,6,fidelity_constrained_latent_only__seed11419,fidelity_constrained_latent_only,11419,1,13519,1,0.49919785981694903,0.001230240308132282,0.1221204240752783,0.1221204240752783,True,False,False,5,1
Wall,jepa_wm_wall,48,6,fidelity_constrained_latent_only__seed11419,fidelity_constrained_latent_only,11419,2,13537,1,1.5617224339881586,0.001230240308132282,0.1221204240752783,0.1221204240752783,True,False,False,5,1
Wall,jepa_wm_wall,48,6,fidelity_constrained_latent_only__seed11419,fidelity_constrained_latent_only,11419,0,13501,3,0.5923453345422839,0.19997904740567995,0.3045755010194801,0.3045755010194801,True,False,False,5,1
Wall,jepa_wm_wall,48,6,fidelity_constrained_latent_only__seed11419,fidelity_constrained_latent_only,11419,1,13519,3,0.7742010228601787,0.19997904740567995,0.3045755010194801,0.3045755010194801,True,False,False,5,1
Wall,jepa_wm_wall,48,6,fidelity_constrained_latent_only__seed11419,fidelity_constrained_latent_only,11419,2,13537,3,0.7878841432459855,0.19997904740567995,0.3045755010194801,0.3045755010194801,True,False,False,5,1
Wall,jepa_wm_wall,48,6,fidelity_constrained_latent_only__seed11419,fidelity_constrained_latent_only,11419,0,13501,6,0.9352934488108176,0.13991464109340168,0.5260561271417762,0.5260561271417762,True,False,False,5,1
Wall,jepa_wm_wall,48,6,fidelity_constrained_latent_only__seed11419,fidelity_constrained_latent_only,11419,1,13519,6,0.7639325407314971,0.13991464109340168,0.5260561271417762,0.5260561271417762,True,False,False,5,1
Wall,jepa_wm_wall,48,6,fidelity_constrained_latent_only__seed11419,fidelity_constrained_latent_only,11419,2,13537,6,0.904989411213306,0.13991464109340168,0.5260561271417762,0.5260561271417762,True,False,False,5,1
Wall,jepa_wm_wall,49,6,fidelity_constrained_latent_only__seed11419,fidelity_constrained_latent_only,11419,0,13501,1,0.45422066678290174,0.0035333624998658895,0.0,0.0,True,False,True,1,1
Wall,jepa_wm_wall,49,6,fidelity_constrained_latent_only__seed11419,fidelity_constrained_latent_only,11419,1,13519,1,0.366766883611533,0.0035333624998658895,0.0,0.0,True,False,True,1,1
Wall,jepa_wm_wall,49,6,fidelity_constrained_latent_only__seed11419,fidelity_constrained_latent_only,11419,2,13537,1,1.1638015143275602,0.0035333624998658895,0.4228948538554063,0.4228948538554063,True,False,False,7,1
Wall,jepa_wm_wall,49,6,fidelity_constrained_latent_only__seed11419,fidelity_constrained_latent_only,11419,0,13501,3,0.5981202991359806,0.1617415121097364,0.27278036352730867,0.27278036352730867,True,False,False,5,1
Wall,jepa_wm_wall,49,6,fidelity_constrained_latent_only__seed11419,fidelity_constrained_latent_only,11419,1,13519,3,0.7383601620989128,0.1617415121097364,0.0,0.0,True,False,True,1,1
Wall,jepa_wm_wall,49,6,fidelity_constrained_latent_only__seed11419,fidelity_constrained_latent_only,11419,2,13537,3,0.7295057394849254,0.1617415121097364,0.27278036352730867,0.27278036352730867,True,False,False,5,1
Wall,jepa_wm_wall,49,6,fidelity_constrained_latent_only__seed11419,fidelity_constrained_latent_only,11419,0,13501,6,0.9551707707101195,0.08134523661871648,0.521102109068497,0.521102109068497,True,False,False,5,1
Wall,jepa_wm_wall,49,6,fidelity_constrained_latent_only__seed11419,fidelity_constrained_latent_only,11419,1,13519,6,0.7842338784258317,0.08134523661871648,0.521102109068497,0.521102109068497,True,False,False,5,1
Wall,jepa_wm_wall,49,6,fidelity_constrained_latent_only__seed11419,fidelity_constrained_latent_only,11419,2,13537,6,0.8321308981240088,0.08134523661871648,0.521102109068497,0.521102109068497,True,False,False,5,1
Wall,jepa_wm_wall,50,6,fidelity_constrained_latent_only__seed11419,fidelity_constrained_latent_only,11419,0,13501,1,0.525636162794696,0.054122212774885464,0.0,0.0,True,False,True,1,1
Wall,jepa_wm_wall,50,6,fidelity_constrained_latent_only__seed11419,fidelity_constrained_latent_only,11419,1,13519,1,0.5665169368349804,0.054122212774885464,0.12336195250522808,0.12336195250522808,True,False,False,5,1
Wall,jepa_wm_wall,50,6,fidelity_constrained_latent_only__seed11419,fidelity_constrained_latent_only,11419,2,13537,1,1.2010577280292296,0.054122212774885464,0.4260123029954614,0.4260123029954614,True,False,False,7,1
Wall,jepa_wm_wall,50,6,fidelity_constrained_latent_only__seed11419,fidelity_constrained_latent_only,11419,0,13501,3,0.9401621844657763,0.12897649730724076,0.21108969174761585,0.21108969174761585,True,False,False,5,6
Wall,jepa_wm_wall,50,6,fidelity_constrained_latent_only__seed11419,fidelity_constrained_latent_only,11419,1,13519,3,1.2177652396107448,0.12897649730724076,0.29607003342937677,0.29607003342937677,True,False,False,1,6
Wall,jepa_wm_wall,50,6,fidelity_constrained_latent_only__seed11419,fidelity_constrained_latent_only,11419,2,13537,3,1.0236620632553293,0.12897649730724076,0.21108969174761585,0.21108969174761585,True,False,False,5,6
Wall,jepa_wm_wall,50,6,fidelity_constrained_latent_only__seed11419,fidelity_constrained_latent_only,11419,0,13501,6,0.9318849878745824,0.037144204333989565,0.5065871325361062,0.5065871325361062,True,False,False,5,4
Wall,jepa_wm_wall,50,6,fidelity_constrained_latent_only__seed11419,fidelity_constrained_latent_only,11419,1,13519,6,0.7875092948698023,0.037144204333989565,0.0,0.0,True,False,True,4,4
Wall,jepa_wm_wall,50,6,fidelity_constrained_latent_only__seed11419,fidelity_constrained_latent_only,11419,2,13537,6,1.010177252568393,0.037144204333989565,0.7108412459105844,0.7108412459105844,True,False,False,0,4
Wall,jepa_wm_wall,51,6,fidelity_constrained_latent_only__seed11419,fidelity_constrained_latent_only,11419,0,13501,1,0.4926026596326072,0.0008738033632488796,0.01522897403206608,0.01522897403206608,True,False,False,4,1
Wall,jepa_wm_wall,51,6,fidelity_constrained_latent_only__seed11419,fidelity_constrained_latent_only,11419,1,13519,1,1.0066386311037163,0.0008738033632488796,0.12172033166380862,0.12172033166380862,True,False,False,5,1
Wall,jepa_wm_wall,51,6,fidelity_constrained_latent_only__seed11419,fidelity_constrained_latent_only,11419,2,13537,1,1.1917839240770816,0.0008738033632488796,0.4223548821825772,0.4223548821825772,True,False,False,7,1
Wall,jepa_wm_wall,51,6,fidelity_constrained_latent_only__seed11419,fidelity_constrained_latent_only,11419,0,13501,3,0.7091098108476271,0.18236891449751788,0.26800666634249315,0.26800666634249315,True,False,False,5,1
Wall,jepa_wm_wall,51,6,fidelity_constrained_latent_only__seed11419,fidelity_constrained_latent_only,11419,1,13519,3,0.7008801911757578,0.18236891449751788,0.26800666634249315,0.26800666634249315,True,False,False,5,1
Wall,jepa_wm_wall,51,6,fidelity_constrained_latent_only__seed11419,fidelity_constrained_latent_only,11419,2,13537,3,0.8934319159076118,0.18236891449751788,0.26800666634249315,0.26800666634249315,True,False,False,5,1
Wall,jepa_wm_wall,51,6,fidelity_constrained_latent_only__seed11419,fidelity_constrained_latent_only,11419,0,13501,6,0.955517289687294,0.10901940817974191,0.5176295782823793,0.5176295782823793,True,False,False,5,1
Wall,jepa_wm_wall,51,6,fidelity_constrained_latent_only__seed11419,fidelity_constrained_latent_only,11419,1,13519,6,0.8380253564774472,0.10901940817974191,0.5176295782823793,0.5176295782823793,True,False,False,5,1
Wall,jepa_wm_wall,51,6,fidelity_constrained_latent_only__seed11419,fidelity_constrained_latent_only,11419,2,13537,6,0.9635913500705666,0.10901940817974191,0.10901940817974191,0.10901940817974191,True,False,False,4,1
Wall,jepa_wm_wall,52,6,fidelity_constrained_latent_only__seed11419,fidelity_constrained_latent_only,11419,0,13501,1,0.5362998678527,0.07100282563201721,0.07100282563201721,0.07100282563201721,True,False,False,5,1
Wall,jepa_wm_wall,52,6,fidelity_constrained_latent_only__seed11419,fidelity_constrained_latent_only,11419,1,13519,1,0.6190737802366374,0.07100282563201721,0.39458057133526225,0.39458057133526225,True,False,False,7,1
Wall,jepa_wm_wall,52,6,fidelity_constrained_latent_only__seed11419,fidelity_constrained_latent_only,11419,2,13537,1,1.3034390390921968,0.07100282563201721,0.5507561548240016,0.5507561548240016,True,False,False,0,1
Wall,jepa_wm_wall,52,6,fidelity_constrained_latent_only__seed11419,fidelity_constrained_latent_only,11419,0,13501,3,1.0787914151882572,0.025811218253910286,0.25457009560513844,0.25457009560513844,True,False,False,7,3
Wall,jepa_wm_wall,52,6,fidelity_constrained_latent_only__seed11419,fidelity_constrained_latent_only,11419,1,13519,3,0.7951312491877871,0.025811218253910286,0.025811218253910286,0.025811218253910286,True,False,False,5,3
Wall,jepa_wm_wall,52,6,fidelity_constrained_latent_only__seed11419,fidelity_constrained_latent_only,11419,2,13537,3,1.3079685266330492,0.025811218253910286,0.025811218253910286,0.025811218253910286,True,False,False,5,3
Wall,jepa_wm_wall,52,6,fidelity_constrained_latent_only__seed11419,fidelity_constrained_latent_only,11419,0,13501,6,0.9865463506498324,0.0384318938477101,0.4446029683194517,0.4446029683194517,True,False,False,6,3
Wall,jepa_wm_wall,52,6,fidelity_constrained_latent_only__seed11419,fidelity_constrained_latent_only,11419,1,13519,6,0.9812902693822024,0.0384318938477101,0.06992941723812081,0.06992941723812081,True,False,False,4,3
Wall,jepa_wm_wall,52,6,fidelity_constrained_latent_only__seed11419,fidelity_constrained_latent_only,11419,2,13537,6,1.3280617553176866,0.0384318938477101,0.5546787123699543,0.5546787123699543,True,False,False,5,3
Wall,jepa_wm_wall,53,6,fidelity_constrained_latent_only__seed11419,fidelity_constrained_latent_only,11419,0,13501,1,1.0999534927045063,0.009791405470287062,0.0,0.0,True,False,True,1,1
Wall,jepa_wm_wall,53,6,fidelity_constrained_latent_only__seed11419,fidelity_constrained_latent_only,11419,1,13519,1,0.7360992432446198,0.009791405470287062,0.0,0.0,True,False,True,1,1
Wall,jepa_wm_wall,53,6,fidelity_constrained_latent_only__seed11419,fidelity_constrained_latent_only,11419,2,13537,1,1.3806741266820404,0.009791405470287062,0.4488210939174718,0.4488210939174718,True,False,False,7,1
Wall,jepa_wm_wall,53,6,fidelity_constrained_latent_only__seed11419,fidelity_constrained_latent_only,11419,0,13501,3,0.6025127893982006,0.09916642903112673,0.1251960814003341,0.1251960814003341,True,False,False,5,4
Wall,jepa_wm_wall,53,6,fidelity_constrained_latent_only__seed11419,fidelity_constrained_latent_only,11419,1,13519,3,0.7934093062948085,0.09916642903112673,0.09916642903112673,0.09916642903112673,True,False,False,1,4
Wall,jepa_wm_wall,53,6,fidelity_constrained_latent_only__seed11419,fidelity_constrained_latent_only,11419,2,13537,3,0.9660824015191364,0.09916642903112673,0.09916642903112673,0.09916642903112673,True,False,False,1,4
Wall,jepa_wm_wall,53,6,fidelity_constrained_latent_only__seed11419,fidelity_constrained_latent_only,11419,0,13501,6,0.9756421284930418,0.055729041610402784,0.4901310670697422,0.4901310670697422,True,False,False,5,4
Wall,jepa_wm_wall,53,6,fidelity_constrained_latent_only__seed11419,fidelity_constrained_latent_only,11419,1,13519,6,0.9170831468265633,0.055729041610402784,0.4901310670697422,0.4901310670697422,True,False,False,5,4
Wall,jepa_wm_wall,53,6,fidelity_constrained_latent_only__seed11419,fidelity_constrained_latent_only,11419,2,13537,6,0.9608916792731474,0.055729041610402784,0.09643994244758064,0.09643994244758064,True,False,False,1,4
Wall,jepa_wm_wall,54,6,fidelity_constrained_latent_only__seed11419,fidelity_constrained_latent_only,11419,0,13501,1,0.448355828685846,0.05210487275347143,0.05210519554215911,0.05210519554215911,True,False,False,6,1
Wall,jepa_wm_wall,54,6,fidelity_constrained_latent_only__seed11419,fidelity_constrained_latent_only,11419,1,13519,1,0.5394187720274064,0.05210487275347143,0.0,0.0,True,False,True,1,1
Wall,jepa_wm_wall,54,6,fidelity_constrained_latent_only__seed11419,fidelity_constrained_latent_only,11419,2,13537,1,1.2001141209380433,0.05210487275347143,0.381799624403083,0.381799624403083,True,False,False,7,1
Wall,jepa_wm_wall,54,6,fidelity_constrained_latent_only__seed11419,fidelity_constrained_latent_only,11419,0,13501,3,0.8777386568904096,0.20548523538405974,0.22028967914818534,0.22028967914818534,True,False,False,5,6
Wall,jepa_wm_wall,54,6,fidelity_constrained_latent_only__seed11419,fidelity_constrained_latent_only,11419,1,13519,3,1.0869816652029218,0.20548523538405974,0.29411612172776747,0.29411612172776747,True,False,False,1,6
Wall,jepa_wm_wall,54,6,fidelity_constrained_latent_only__seed11419,fidelity_constrained_latent_only,11419,2,13537,3,0.995191108157543,0.20548523538405974,0.22028967914818534,0.22028967914818534,True,False,False,5,6
Wall,jepa_wm_wall,54,6,fidelity_constrained_latent_only__seed11419,fidelity_constrained_latent_only,11419,0,13501,6,0.9817532028899009,0.0038749650505872178,0.514172621782109,0.514172621782109,True,False,False,5,2
Wall,jepa_wm_wall,54,6,fidelity_constrained_latent_only__seed11419,fidelity_constrained_latent_only,11419,1,13519,6,0.9862814879420264,0.0038749650505872178,0.0038749650505872178,0.0038749650505872178,True,False,False,4,2
Wall,jepa_wm_wall,54,6,fidelity_constrained_latent_only__seed11419,fidelity_constrained_latent_only,11419,2,13537,6,1.2072935933185809,0.0038749650505872178,0.6769227234422285,0.6769227234422285,True,False,False,0,2
Wall,jepa_wm_wall,55,6,fidelity_constrained_latent_only__seed11419,fidelity_constrained_latent_only,11419,0,13501,1,0.9939851586081769,0.12339387776632706,0.0,0.0,True,False,True,1,1
Wall,jepa_wm_wall,55,6,fidelity_constrained_latent_only__seed11419,fidelity_constrained_latent_only,11419,1,13519,1,0.6490826795807795,0.12339387776632706,0.19210375265017246,0.19210375265017246,True,False,False,2,1
Wall,jepa_wm_wall,55,6,fidelity_constrained_latent_only__seed11419,fidelity_constrained_latent_only,11419,2,13537,1,0.998602894655094,0.12339387776632706,0.12339387776632706,0.12339387776632706,True,False,False,5,1
Wall,jepa_wm_wall,55,6,fidelity_constrained_latent_only__seed11419,fidelity_constrained_latent_only,11419,0,13501,3,0.9608993098430786,0.05867158711655809,0.1600320766712798,0.1600320766712798,True,False,False,5,6
Wall,jepa_wm_wall,55,6,fidelity_constrained_latent_only__seed11419,fidelity_constrained_latent_only,11419,1,13519,3,0.8225514530531691,0.05867158711655809,0.1600320766712798,0.1600320766712798,True,False,False,5,6
Wall,jepa_wm_wall,55,6,fidelity_constrained_latent_only__seed11419,fidelity_constrained_latent_only,11419,2,13537,3,0.881521936904656,0.05867158711655809,0.1600320766712798,0.1600320766712798,True,False,False,5,6
Wall,jepa_wm_wall,55,6,fidelity_constrained_latent_only__seed11419,fidelity_constrained_latent_only,11419,0,13501,6,1.0764622660280203,0.04633499368663333,0.5466014700979263,0.5466014700979263,True,False,False,5,2
Wall,jepa_wm_wall,55,6,fidelity_constrained_latent_only__seed11419,fidelity_constrained_latent_only,11419,1,13519,6,0.9312733396897681,0.04633499368663333,0.04633499368663333,0.04633499368663333,True,False,False,4,2
Wall,jepa_wm_wall,55,6,fidelity_constrained_latent_only__seed11419,fidelity_constrained_latent_only,11419,2,13537,6,1.0882339889062491,0.04633499368663333,0.5466014700979263,0.5466014700979263,True,False,False,5,2
Wall,jepa_wm_wall,8,1,fidelity_constrained_shuffled_geometry__seed11419,fidelity_constrained_shuffled_geometry,11419,0,13501,1,0.6841519486979711,0.016152705182870427,0.49283338956958495,0.49283338956958495,True,False,False,8,2
Wall,jepa_wm_wall,8,1,fidelity_constrained_shuffled_geometry__seed11419,fidelity_constrained_shuffled_geometry,11419,1,13519,1,0.6214981420745215,0.016152705182870427,0.016152705182870427,0.016152705182870427,True,False,False,4,2
Wall,jepa_wm_wall,8,1,fidelity_constrained_shuffled_geometry__seed11419,fidelity_constrained_shuffled_geometry,11419,2,13537,1,0.6813510802007907,0.016152705182870427,0.12071148770637684,0.12071148770637684,True,False,False,5,2
Wall,jepa_wm_wall,8,1,fidelity_constrained_shuffled_geometry__seed11419,fidelity_constrained_shuffled_geometry,11419,0,13501,3,0.4349223634826568,0.07614176734582923,0.08482373582968013,0.08482373582968013,True,False,False,5,4
Wall,jepa_wm_wall,8,1,fidelity_constrained_shuffled_geometry__seed11419,fidelity_constrained_shuffled_geometry,11419,1,13519,3,0.47499228231782664,0.07614176734582923,0.08482373582968013,0.08482373582968013,True,False,False,5,4
Wall,jepa_wm_wall,8,1,fidelity_constrained_shuffled_geometry__seed11419,fidelity_constrained_shuffled_geometry,11419,2,13537,3,0.5120185629412721,0.07614176734582923,0.08482373582968013,0.08482373582968013,True,False,False,5,4
Wall,jepa_wm_wall,8,1,fidelity_constrained_shuffled_geometry__seed11419,fidelity_constrained_shuffled_geometry,11419,0,13501,6,0.48670573588638155,0.029846874393166266,0.0,0.0,True,False,True,4,4
Wall,jepa_wm_wall,8,1,fidelity_constrained_shuffled_geometry__seed11419,fidelity_constrained_shuffled_geometry,11419,1,13519,6,0.4839734477215334,0.029846874393166266,0.0,0.0,True,False,True,4,4
Wall,jepa_wm_wall,8,1,fidelity_constrained_shuffled_geometry__seed11419,fidelity_constrained_shuffled_geometry,11419,2,13537,6,0.5881041588634913,0.029846874393166266,0.0,0.0,True,False,True,4,4
Wall,jepa_wm_wall,9,1,fidelity_constrained_shuffled_geometry__seed11419,fidelity_constrained_shuffled_geometry,11419,0,13501,1,0.6249408285520293,0.12507081777279483,0.42975130258508343,0.42975130258508343,True,False,False,7,1
Wall,jepa_wm_wall,9,1,fidelity_constrained_shuffled_geometry__seed11419,fidelity_constrained_shuffled_geometry,11419,1,13519,1,0.4856284862888785,0.12507081777279483,0.0,0.0,True,False,True,1,1
Wall,jepa_wm_wall,9,1,fidelity_constrained_shuffled_geometry__seed11419,fidelity_constrained_shuffled_geometry,11419,2,13537,1,0.8679552119768131,0.12507081777279483,0.12507081777279483,0.12507081777279483,True,False,False,5,1
Wall,jepa_wm_wall,9,1,fidelity_constrained_shuffled_geometry__seed11419,fidelity_constrained_shuffled_geometry,11419,0,13501,3,0.5695036701950345,0.054847575896831174,0.054847575896831174,0.054847575896831174,True,False,False,5,1
Wall,jepa_wm_wall,9,1,fidelity_constrained_shuffled_geometry__seed11419,fidelity_constrained_shuffled_geometry,11419,1,13519,3,0.3155284738915597,0.054847575896831174,0.0,0.0,True,False,True,1,1
Wall,jepa_wm_wall,9,1,fidelity_constrained_shuffled_geometry__seed11419,fidelity_constrained_shuffled_geometry,11419,2,13537,3,0.5211632994836816,0.054847575896831174,0.0,0.0,True,False,True,1,1
Wall,jepa_wm_wall,9,1,fidelity_constrained_shuffled_geometry__seed11419,fidelity_constrained_shuffled_geometry,11419,0,13501,6,0.7628769045534183,0.014740318180249878,0.5442535818012866,0.5442535818012866,True,False,False,1,2
Wall,jepa_wm_wall,9,1,fidelity_constrained_shuffled_geometry__seed11419,fidelity_constrained_shuffled_geometry,11419,1,13519,6,0.6386688154970012,0.014740318180249878,0.0,0.0,True,False,True,2,2
Wall,jepa_wm_wall,9,1,fidelity_constrained_shuffled_geometry__seed11419,fidelity_constrained_shuffled_geometry,11419,2,13537,6,0.7244186743673151,0.014740318180249878,0.5442535818012866,0.5442535818012866,True,False,False,1,2
Wall,jepa_wm_wall,10,1,fidelity_constrained_shuffled_geometry__seed11419,fidelity_constrained_shuffled_geometry,11419,0,13501,1,0.6291608030474365,0.0012356039916028997,0.12286421707529614,0.12286421707529614,True,False,False,6,1
Wall,jepa_wm_wall,10,1,fidelity_constrained_shuffled_geometry__seed11419,fidelity_constrained_shuffled_geometry,11419,1,13519,1,0.6329164650752269,0.0012356039916028997,0.12286421707529614,0.12286421707529614,True,False,False,5,1
Wall,jepa_wm_wall,10,1,fidelity_constrained_shuffled_geometry__seed11419,fidelity_constrained_shuffled_geometry,11419,2,13537,1,0.20870172836030948,0.0012356039916028997,0.0,0.0,True,False,True,1,1
Wall,jepa_wm_wall,10,1,fidelity_constrained_shuffled_geometry__seed11419,fidelity_constrained_shuffled_geometry,11419,0,13501,3,0.44916632403850787,0.15965748274850114,0.20731631818021912,0.20731631818021912,True,False,False,5,1
Wall,jepa_wm_wall,10,1,fidelity_constrained_shuffled_geometry__seed11419,fidelity_constrained_shuffled_geometry,11419,1,13519,3,0.46336960836451635,0.15965748274850114,0.20731631818021912,0.20731631818021912,True,False,False,5,1
Wall,jepa_wm_wall,10,1,fidelity_constrained_shuffled_geometry__seed11419,fidelity_constrained_shuffled_geometry,11419,2,13537,3,0.4719653621777331,0.15965748274850114,0.20731631818021912,0.20731631818021912,True,False,False,5,1
Wall,jepa_wm_wall,10,1,fidelity_constrained_shuffled_geometry__seed11419,fidelity_constrained_shuffled_geometry,11419,0,13501,6,0.6744670828842599,0.08421266293753488,0.0,0.0,True,False,True,1,1
Wall,jepa_wm_wall,10,1,fidelity_constrained_shuffled_geometry__seed11419,fidelity_constrained_shuffled_geometry,11419,1,13519,6,0.6355570063061212,0.08421266293753488,0.0,0.0,True,False,True,1,1
Wall,jepa_wm_wall,10,1,fidelity_constrained_shuffled_geometry__seed11419,fidelity_constrained_shuffled_geometry,11419,2,13537,6,0.6489715003771785,0.08421266293753488,0.0,0.0,True,False,True,1,1
Wall,jepa_wm_wall,11,1,fidelity_constrained_shuffled_geometry__seed11419,fidelity_constrained_shuffled_geometry,11419,0,13501,1,0.4568658684968138,0.006092489128857203,0.03012359321854074,0.03012359321854074,True,False,False,2,1
Wall,jepa_wm_wall,11,1,fidelity_constrained_shuffled_geometry__seed11419,fidelity_constrained_shuffled_geometry,11419,1,13519,1,0.16810302571888563,0.006092489128857203,0.006092489128857203,0.006092489128857203,True,False,False,4,1
Wall,jepa_wm_wall,11,1,fidelity_constrained_shuffled_geometry__seed11419,fidelity_constrained_shuffled_geometry,11419,2,13537,1,0.4965228467481478,0.006092489128857203,0.0,0.0,True,False,True,1,1
Wall,jepa_wm_wall,11,1,fidelity_constrained_shuffled_geometry__seed11419,fidelity_constrained_shuffled_geometry,11419,0,13501,3,0.44030944507276226,0.05350381994101328,0.16557815588742084,0.16557815588742084,True,False,False,5,1
Wall,jepa_wm_wall,11,1,fidelity_constrained_shuffled_geometry__seed11419,fidelity_constrained_shuffled_geometry,11419,1,13519,3,0.45016507803569483,0.05350381994101328,0.16557815588742084,0.16557815588742084,True,False,False,5,1
Wall,jepa_wm_wall,11,1,fidelity_constrained_shuffled_geometry__seed11419,fidelity_constrained_shuffled_geometry,11419,2,13537,3,0.5184387279762482,0.05350381994101328,0.16557815588742084,0.16557815588742084,True,False,False,5,1
Wall,jepa_wm_wall,11,1,fidelity_constrained_shuffled_geometry__seed11419,fidelity_constrained_shuffled_geometry,11419,0,13501,6,0.6912920790602123,0.029439984357622885,0.0,0.0,True,False,True,1,1
Wall,jepa_wm_wall,11,1,fidelity_constrained_shuffled_geometry__seed11419,fidelity_constrained_shuffled_geometry,11419,1,13519,6,0.6328151829806241,0.029439984357622885,0.0,0.0,True,False,True,1,1
Wall,jepa_wm_wall,11,1,fidelity_constrained_shuffled_geometry__seed11419,fidelity_constrained_shuffled_geometry,11419,2,13537,6,0.641764627111141,0.029439984357622885,0.0,0.0,True,False,True,1,1
Wall,jepa_wm_wall,12,1,fidelity_constrained_shuffled_geometry__seed11419,fidelity_constrained_shuffled_geometry,11419,0,13501,1,0.701945550496118,0.12456447628524758,0.12456477430848922,0.12456477430848922,True,False,False,5,1
Wall,jepa_wm_wall,12,1,fidelity_constrained_shuffled_geometry__seed11419,fidelity_constrained_shuffled_geometry,11419,1,13519,1,0.39342678604477127,0.12456447628524758,0.0,0.0,True,False,True,1,1
Wall,jepa_wm_wall,12,1,fidelity_constrained_shuffled_geometry__seed11419,fidelity_constrained_shuffled_geometry,11419,2,13537,1,0.5960224669522594,0.12456447628524758,0.0,0.0,True,False,True,1,1
Wall,jepa_wm_wall,12,1,fidelity_constrained_shuffled_geometry__seed11419,fidelity_constrained_shuffled_geometry,11419,0,13501,3,0.5271778144739006,0.06321905065029236,0.0,0.0,True,False,True,1,1
Wall,jepa_wm_wall,12,1,fidelity_constrained_shuffled_geometry__seed11419,fidelity_constrained_shuffled_geometry,11419,1,13519,3,0.780750520835955,0.06321905065029236,0.0,0.0,True,False,True,1,1
Wall,jepa_wm_wall,12,1,fidelity_constrained_shuffled_geometry__seed11419,fidelity_constrained_shuffled_geometry,11419,2,13537,3,0.4639566513991248,0.06321905065029236,0.0,0.0,True,False,True,1,1
Wall,jepa_wm_wall,12,1,fidelity_constrained_shuffled_geometry__seed11419,fidelity_constrained_shuffled_geometry,11419,0,13501,6,0.7385453820788406,0.051845683435020974,0.31883657143532496,0.31883657143532496,True,False,False,1,3
Wall,jepa_wm_wall,12,1,fidelity_constrained_shuffled_geometry__seed11419,fidelity_constrained_shuffled_geometry,11419,1,13519,6,0.6430986688386705,0.051845683435020974,0.31883657143532496,0.31883657143532496,True,False,False,1,3
Wall,jepa_wm_wall,12,1,fidelity_constrained_shuffled_geometry__seed11419,fidelity_constrained_shuffled_geometry,11419,2,13537,6,0.7439765866824942,0.051845683435020974,0.31883657143532496,0.31883657143532496,True,False,False,1,3
Wall,jepa_wm_wall,13,1,fidelity_constrained_shuffled_geometry__seed11419,fidelity_constrained_shuffled_geometry,11419,0,13501,1,0.3363551427323594,0.0032743813559044216,0.014646054187181842,0.014646054187181842,True,False,False,2,1
Wall,jepa_wm_wall,13,1,fidelity_constrained_shuffled_geometry__seed11419,fidelity_constrained_shuffled_geometry,11419,1,13519,1,0.4180458896789262,0.0032743813559044216,0.028695465844599356,0.028695465844599356,True,False,False,4,1
Wall,jepa_wm_wall,13,1,fidelity_constrained_shuffled_geometry__seed11419,fidelity_constrained_shuffled_geometry,11419,2,13537,1,0.5240820158612675,0.0032743813559044216,0.12114197737824782,0.12114197737824782,True,False,False,5,1
Wall,jepa_wm_wall,13,1,fidelity_constrained_shuffled_geometry__seed11419,fidelity_constrained_shuffled_geometry,11419,0,13501,3,0.44735060423786493,0.14527104206009775,0.14527104206009775,0.14527104206009775,True,False,False,5,4
Wall,jepa_wm_wall,13,1,fidelity_constrained_shuffled_geometry__seed11419,fidelity_constrained_shuffled_geometry,11419,1,13519,3,0.46601152007754926,0.14527104206009775,0.14527104206009775,0.14527104206009775,True,False,False,5,4
Wall,jepa_wm_wall,13,1,fidelity_constrained_shuffled_geometry__seed11419,fidelity_constrained_shuffled_geometry,11419,2,13537,3,0.42466362656182205,0.14527104206009775,0.14527104206009775,0.14527104206009775,True,False,False,5,4
Wall,jepa_wm_wall,13,1,fidelity_constrained_shuffled_geometry__seed11419,fidelity_constrained_shuffled_geometry,11419,0,13501,6,0.3975635586058576,0.4162684616699494,0.0,0.0,True,True,True,4,4
Wall,jepa_wm_wall,13,1,fidelity_constrained_shuffled_geometry__seed11419,fidelity_constrained_shuffled_geometry,11419,1,13519,6,0.43065466863659607,0.4162684616699494,0.0,0.0,True,False,True,4,4
Wall,jepa_wm_wall,13,1,fidelity_constrained_shuffled_geometry__seed11419,fidelity_constrained_shuffled_geometry,11419,2,13537,6,0.39953043124890786,0.4162684616699494,0.0,0.0,True,True,True,4,4
Wall,jepa_wm_wall,14,1,fidelity_constrained_shuffled_geometry__seed11419,fidelity_constrained_shuffled_geometry,11419,0,13501,1,0.4663421348313609,0.1235923244710162,0.0,0.0,True,False,True,1,1
Wall,jepa_wm_wall,14,1,fidelity_constrained_shuffled_geometry__seed11419,fidelity_constrained_shuffled_geometry,11419,1,13519,1,0.42507633067714545,0.1235923244710162,0.1235923244710162,0.1235923244710162,True,False,False,5,1
Wall,jepa_wm_wall,14,1,fidelity_constrained_shuffled_geometry__seed11419,fidelity_constrained_shuffled_geometry,11419,2,13537,1,0.7382346020483407,0.1235923244710162,0.1235923244710162,0.1235923244710162,True,False,False,5,1
Wall,jepa_wm_wall,14,1,fidelity_constrained_shuffled_geometry__seed11419,fidelity_constrained_shuffled_geometry,11419,0,13501,3,0.8529607241980831,0.02103669177229461,0.02103669177229461,0.02103669177229461,True,False,False,1,4
Wall,jepa_wm_wall,14,1,fidelity_constrained_shuffled_geometry__seed11419,fidelity_constrained_shuffled_geometry,11419,1,13519,3,0.6018446959087294,0.02103669177229461,0.02103669177229461,0.02103669177229461,True,False,False,1,4
Wall,jepa_wm_wall,14,1,fidelity_constrained_shuffled_geometry__seed11419,fidelity_constrained_shuffled_geometry,11419,2,13537,3,0.7314340223952281,0.02103669177229461,0.02103669177229461,0.02103669177229461,True,False,False,1,4
Wall,jepa_wm_wall,14,1,fidelity_constrained_shuffled_geometry__seed11419,fidelity_constrained_shuffled_geometry,11419,0,13501,6,0.660467894152684,0.018693811713921336,0.0,0.0,True,False,True,4,4
Wall,jepa_wm_wall,14,1,fidelity_constrained_shuffled_geometry__seed11419,fidelity_constrained_shuffled_geometry,11419,1,13519,6,0.567110085531581,0.018693811713921336,0.0,0.0,True,False,True,4,4
Wall,jepa_wm_wall,14,1,fidelity_constrained_shuffled_geometry__seed11419,fidelity_constrained_shuffled_geometry,11419,2,13537,6,0.5615966191527052,0.018693811713921336,0.0,0.0,True,False,True,4,4
Wall,jepa_wm_wall,15,1,fidelity_constrained_shuffled_geometry__seed11419,fidelity_constrained_shuffled_geometry,11419,0,13501,1,0.3258635879657241,0.12749000243931988,0.12749000243931988,0.12749000243931988,True,False,False,6,1
Wall,jepa_wm_wall,15,1,fidelity_constrained_shuffled_geometry__seed11419,fidelity_constrained_shuffled_geometry,11419,1,13519,1,0.6925376008861945,0.12749000243931988,0.12749000243931988,0.12749000243931988,True,False,False,5,1
Wall,jepa_wm_wall,15,1,fidelity_constrained_shuffled_geometry__seed11419,fidelity_constrained_shuffled_geometry,11419,2,13537,1,0.8892923815022756,0.12749000243931988,0.12749000243931988,0.12749000243931988,True,False,False,5,1
Wall,jepa_wm_wall,15,1,fidelity_constrained_shuffled_geometry__seed11419,fidelity_constrained_shuffled_geometry,11419,0,13501,3,0.8316471274909657,0.019446629235054986,0.0,0.0,True,False,True,5,5
Wall,jepa_wm_wall,15,1,fidelity_constrained_shuffled_geometry__seed11419,fidelity_constrained_shuffled_geometry,11419,1,13519,3,0.717124215527312,0.019446629235054986,0.0,0.0,True,False,True,5,5
Wall,jepa_wm_wall,15,1,fidelity_constrained_shuffled_geometry__seed11419,fidelity_constrained_shuffled_geometry,11419,2,13537,3,0.7819756789918713,0.019446629235054986,0.0,0.0,True,False,True,5,5
Wall,jepa_wm_wall,15,1,fidelity_constrained_shuffled_geometry__seed11419,fidelity_constrained_shuffled_geometry,11419,0,13501,6,0.7449709085551719,0.02109195364658048,0.5003648254496518,0.5003648254496518,True,False,False,5,2
Wall,jepa_wm_wall,15,1,fidelity_constrained_shuffled_geometry__seed11419,fidelity_constrained_shuffled_geometry,11419,1,13519,6,0.6622303797659288,0.02109195364658048,0.5003648254496518,0.5003648254496518,True,False,False,5,2
Wall,jepa_wm_wall,15,1,fidelity_constrained_shuffled_geometry__seed11419,fidelity_constrained_shuffled_geometry,11419,2,13537,6,0.6981622059840691,0.02109195364658048,0.5003648254496518,0.5003648254496518,True,False,False,5,2
Wall,jepa_wm_wall,16,2,fidelity_constrained_shuffled_geometry__seed11419,fidelity_constrained_shuffled_geometry,11419,0,13501,1,0.4535618868162701,0.08029399387979654,0.12475547200310898,0.12475547200310898,True,False,False,6,1
Wall,jepa_wm_wall,16,2,fidelity_constrained_shuffled_geometry__seed11419,fidelity_constrained_shuffled_geometry,11419,1,13519,1,0.35028140174148503,0.08029399387979654,0.08029399387979654,0.08029399387979654,True,False,False,4,1
Wall,jepa_wm_wall,16,2,fidelity_constrained_shuffled_geometry__seed11419,fidelity_constrained_shuffled_geometry,11419,2,13537,1,0.19136816014361047,0.08029399387979654,0.0,0.0,True,False,True,1,1
Wall,jepa_wm_wall,16,2,fidelity_constrained_shuffled_geometry__seed11419,fidelity_constrained_shuffled_geometry,11419,0,13501,3,0.7663785245684267,0.005638604719787298,0.1362528665233449,0.1362528665233449,True,False,False,5,2
Wall,jepa_wm_wall,16,2,fidelity_constrained_shuffled_geometry__seed11419,fidelity_constrained_shuffled_geometry,11419,1,13519,3,1.1886626355414662,0.005638604719787298,0.1362528665233449,0.1362528665233449,True,False,False,5,2
Wall,jepa_wm_wall,16,2,fidelity_constrained_shuffled_geometry__seed11419,fidelity_constrained_shuffled_geometry,11419,2,13537,3,0.6582174277431582,0.005638604719787298,0.07872781905618415,0.07872781905618415,True,False,False,4,2
Wall,jepa_wm_wall,16,2,fidelity_constrained_shuffled_geometry__seed11419,fidelity_constrained_shuffled_geometry,11419,0,13501,6,1.1197416596364544,0.0428317804300752,0.47836158155027136,0.47836158155027136,True,False,False,1,2
Wall,jepa_wm_wall,16,2,fidelity_constrained_shuffled_geometry__seed11419,fidelity_constrained_shuffled_geometry,11419,1,13519,6,1.2429103920886861,0.0428317804300752,0.47836158155027136,0.47836158155027136,True,False,False,1,2
Wall,jepa_wm_wall,16,2,fidelity_constrained_shuffled_geometry__seed11419,fidelity_constrained_shuffled_geometry,11419,2,13537,6,0.9478160478944568,0.0428317804300752,0.47836158155027136,0.47836158155027136,True,False,False,1,2
Wall,jepa_wm_wall,17,2,fidelity_constrained_shuffled_geometry__seed11419,fidelity_constrained_shuffled_geometry,11419,0,13501,1,0.9109400748180081,0.12688063729252005,0.12688078630405206,0.12688078630405206,True,False,False,5,1
Wall,jepa_wm_wall,17,2,fidelity_constrained_shuffled_geometry__seed11419,fidelity_constrained_shuffled_geometry,11419,1,13519,1,0.6005198027418044,0.12688063729252005,0.0,0.0,True,False,True,1,1
Wall,jepa_wm_wall,17,2,fidelity_constrained_shuffled_geometry__seed11419,fidelity_constrained_shuffled_geometry,11419,2,13537,1,0.8722189444862627,0.12688063729252005,0.43363994939568373,0.43363994939568373,True,False,False,8,1
Wall,jepa_wm_wall,17,2,fidelity_constrained_shuffled_geometry__seed11419,fidelity_constrained_shuffled_geometry,11419,0,13501,3,0.9555801726796805,0.0045777647931245415,0.0666852161712895,0.0666852161712895,True,False,False,5,1
Wall,jepa_wm_wall,17,2,fidelity_constrained_shuffled_geometry__seed11419,fidelity_constrained_shuffled_geometry,11419,1,13519,3,0.7736330806245291,0.0045777647931245415,0.0666852161712895,0.0666852161712895,True,False,False,5,1
Wall,jepa_wm_wall,17,2,fidelity_constrained_shuffled_geometry__seed11419,fidelity_constrained_shuffled_geometry,11419,2,13537,3,0.5960743577588198,0.0045777647931245415,0.0666852161712895,0.0666852161712895,True,False,False,5,1
Wall,jepa_wm_wall,17,2,fidelity_constrained_shuffled_geometry__seed11419,fidelity_constrained_shuffled_geometry,11419,0,13501,6,1.1395932115116796,0.00537754688799704,0.5173793022236458,0.5173793022236458,True,False,False,1,3
Wall,jepa_wm_wall,17,2,fidelity_constrained_shuffled_geometry__seed11419,fidelity_constrained_shuffled_geometry,11419,1,13519,6,1.216861180826666,0.00537754688799704,0.5173793022236458,0.5173793022236458,True,False,False,1,3
Wall,jepa_wm_wall,17,2,fidelity_constrained_shuffled_geometry__seed11419,fidelity_constrained_shuffled_geometry,11419,2,13537,6,0.8937121502716848,0.00537754688799704,0.5173793022236458,0.5173793022236458,True,False,False,1,3
Wall,jepa_wm_wall,18,2,fidelity_constrained_shuffled_geometry__seed11419,fidelity_constrained_shuffled_geometry,11419,0,13501,1,0.7099067087574599,0.08790014078613739,0.0,0.0,True,False,True,1,1
Wall,jepa_wm_wall,18,2,fidelity_constrained_shuffled_geometry__seed11419,fidelity_constrained_shuffled_geometry,11419,1,13519,1,0.3286875670718887,0.08790014078613739,0.0,0.0,True,False,True,1,1
Wall,jepa_wm_wall,18,2,fidelity_constrained_shuffled_geometry__seed11419,fidelity_constrained_shuffled_geometry,11419,2,13537,1,0.3926235081522477,0.08790014078613739,0.0,0.0,True,False,True,1,1
Wall,jepa_wm_wall,18,2,fidelity_constrained_shuffled_geometry__seed11419,fidelity_constrained_shuffled_geometry,11419,0,13501,3,0.7946240890639059,0.06357119324461176,0.0,0.0,True,False,True,1,1
Wall,jepa_wm_wall,18,2,fidelity_constrained_shuffled_geometry__seed11419,fidelity_constrained_shuffled_geometry,11419,1,13519,3,0.700354115688147,0.06357119324461176,0.13583789196485332,0.13583789196485332,True,False,False,6,1
Wall,jepa_wm_wall,18,2,fidelity_constrained_shuffled_geometry__seed11419,fidelity_constrained_shuffled_geometry,11419,2,13537,3,0.3989580884120036,0.06357119324461176,0.0,0.0,True,False,True,1,1
Wall,jepa_wm_wall,18,2,fidelity_constrained_shuffled_geometry__seed11419,fidelity_constrained_shuffled_geometry,11419,0,13501,6,0.8903121001841436,0.06074535502837518,0.20337306739366096,0.20337306739366096,True,False,False,5,6
Wall,jepa_wm_wall,18,2,fidelity_constrained_shuffled_geometry__seed11419,fidelity_constrained_shuffled_geometry,11419,1,13519,6,0.9883892452476333,0.06074535502837518,0.06074535502837518,0.06074535502837518,True,False,False,1,6
Wall,jepa_wm_wall,18,2,fidelity_constrained_shuffled_geometry__seed11419,fidelity_constrained_shuffled_geometry,11419,2,13537,6,0.6347290997128331,0.06074535502837518,0.06074535502837518,0.06074535502837518,True,False,False,1,6
Wall,jepa_wm_wall,19,2,fidelity_constrained_shuffled_geometry__seed11419,fidelity_constrained_shuffled_geometry,11419,0,13501,1,0.5449415931489313,0.0012619796047764191,0.1265250410340812,0.1265250410340812,True,False,False,5,1
Wall,jepa_wm_wall,19,2,fidelity_constrained_shuffled_geometry__seed11419,fidelity_constrained_shuffled_geometry,11419,1,13519,1,1.2520127666894143,0.0012619796047764191,0.4328822502546236,0.4328822502546236,True,False,False,7,1
Wall,jepa_wm_wall,19,2,fidelity_constrained_shuffled_geometry__seed11419,fidelity_constrained_shuffled_geometry,11419,2,13537,1,0.7261468101192597,0.0012619796047764191,0.0012619796047764191,0.0012619796047764191,True,False,False,2,1
Wall,jepa_wm_wall,19,2,fidelity_constrained_shuffled_geometry__seed11419,fidelity_constrained_shuffled_geometry,11419,0,13501,3,0.6541349165160522,0.23155633681788695,0.30787988273780015,0.30787988273780015,True,False,False,5,1
Wall,jepa_wm_wall,19,2,fidelity_constrained_shuffled_geometry__seed11419,fidelity_constrained_shuffled_geometry,11419,1,13519,3,0.8476126107835875,0.23155633681788695,0.5496849397943441,0.5496849397943441,True,False,False,7,1
Wall,jepa_wm_wall,19,2,fidelity_constrained_shuffled_geometry__seed11419,fidelity_constrained_shuffled_geometry,11419,2,13537,3,0.639542361495496,0.23155633681788695,0.5496849397943441,0.5496849397943441,True,False,False,7,1
Wall,jepa_wm_wall,19,2,fidelity_constrained_shuffled_geometry__seed11419,fidelity_constrained_shuffled_geometry,11419,0,13501,6,1.0119767618515838,0.021179216124354038,0.4811349945468107,0.4811349945468107,True,False,False,5,1
Wall,jepa_wm_wall,19,2,fidelity_constrained_shuffled_geometry__seed11419,fidelity_constrained_shuffled_geometry,11419,1,13519,6,1.145422986182278,0.021179216124354038,0.4811349945468107,0.4811349945468107,True,False,False,5,1
Wall,jepa_wm_wall,19,2,fidelity_constrained_shuffled_geometry__seed11419,fidelity_constrained_shuffled_geometry,11419,2,13537,6,0.9984976174783002,0.021179216124354038,0.4811349945468107,0.4811349945468107,True,False,False,5,1
Wall,jepa_wm_wall,20,2,fidelity_constrained_shuffled_geometry__seed11419,fidelity_constrained_shuffled_geometry,11419,0,13501,1,1.1542505834049883,0.09692983861294002,0.5769228648680464,0.5769228648680464,True,False,False,0,1
Wall,jepa_wm_wall,20,2,fidelity_constrained_shuffled_geometry__seed11419,fidelity_constrained_shuffled_geometry,11419,1,13519,1,1.2588619742156653,0.09692983861294002,0.5769228648680464,0.5769228648680464,True,False,False,0,1
Wall,jepa_wm_wall,20,2,fidelity_constrained_shuffled_geometry__seed11419,fidelity_constrained_shuffled_geometry,11419,2,13537,1,0.9971225064516899,0.09692983861294002,0.12873220149056347,0.12873220149056347,True,False,False,5,1
Wall,jepa_wm_wall,20,2,fidelity_constrained_shuffled_geometry__seed11419,fidelity_constrained_shuffled_geometry,11419,0,13501,3,0.8160000364825677,0.1083018003488066,0.4878714169545492,0.4878714169545492,True,False,False,0,6
Wall,jepa_wm_wall,20,2,fidelity_constrained_shuffled_geometry__seed11419,fidelity_constrained_shuffled_geometry,11419,1,13519,3,1.1312444052394006,0.1083018003488066,0.4705035616516968,0.4705035616516968,True,False,False,7,6
Wall,jepa_wm_wall,20,2,fidelity_constrained_shuffled_geometry__seed11419,fidelity_constrained_shuffled_geometry,11419,2,13537,3,0.5587424083777959,0.1083018003488066,0.22499358945128464,0.22499358945128464,True,False,False,5,6
Wall,jepa_wm_wall,20,2,fidelity_constrained_shuffled_geometry__seed11419,fidelity_constrained_shuffled_geometry,11419,0,13501,6,1.025885598361876,0.054097226742439664,0.5175256334018074,0.5175256334018074,True,False,False,5,2
Wall,jepa_wm_wall,20,2,fidelity_constrained_shuffled_geometry__seed11419,fidelity_constrained_shuffled_geometry,11419,1,13519,6,1.1094935921395048,0.054097226742439664,0.6705794678490131,0.6705794678490131,True,False,False,0,2
Wall,jepa_wm_wall,20,2,fidelity_constrained_shuffled_geometry__seed11419,fidelity_constrained_shuffled_geometry,11419,2,13537,6,0.9014716857954508,0.054097226742439664,0.5175256334018074,0.5175256334018074,True,False,False,5,2
Wall,jepa_wm_wall,21,2,fidelity_constrained_shuffled_geometry__seed11419,fidelity_constrained_shuffled_geometry,11419,0,13501,1,0.5401103596193496,0.1135563918087716,0.12442798164057622,0.12442798164057622,True,False,False,5,1
Wall,jepa_wm_wall,21,2,fidelity_constrained_shuffled_geometry__seed11419,fidelity_constrained_shuffled_geometry,11419,1,13519,1,0.46322831994267366,0.1135563918087716,0.14340729376121125,0.14340729376121125,True,False,False,2,1
Wall,jepa_wm_wall,21,2,fidelity_constrained_shuffled_geometry__seed11419,fidelity_constrained_shuffled_geometry,11419,2,13537,1,0.5531698238762528,0.1135563918087716,0.17076076094870335,0.17076076094870335,True,False,False,3,1
Wall,jepa_wm_wall,21,2,fidelity_constrained_shuffled_geometry__seed11419,fidelity_constrained_shuffled_geometry,11419,0,13501,3,1.0037576962143313,0.03663146723505468,0.1168170843053608,0.1168170843053608,True,False,False,5,1
Wall,jepa_wm_wall,21,2,fidelity_constrained_shuffled_geometry__seed11419,fidelity_constrained_shuffled_geometry,11419,1,13519,3,0.7972346764548911,0.03663146723505468,0.1168170843053608,0.1168170843053608,True,False,False,5,1
Wall,jepa_wm_wall,21,2,fidelity_constrained_shuffled_geometry__seed11419,fidelity_constrained_shuffled_geometry,11419,2,13537,3,0.5512575587517381,0.03663146723505468,0.04176444127707509,0.04176444127707509,True,False,False,2,1
Wall,jepa_wm_wall,21,2,fidelity_constrained_shuffled_geometry__seed11419,fidelity_constrained_shuffled_geometry,11419,0,13501,6,1.079320221707626,0.08291059941356739,0.48324186008832426,0.48324186008832426,True,False,False,1,3
Wall,jepa_wm_wall,21,2,fidelity_constrained_shuffled_geometry__seed11419,fidelity_constrained_shuffled_geometry,11419,1,13519,6,1.2583049720206436,0.08291059941356739,0.48324186008832426,0.48324186008832426,True,False,False,1,3
Wall,jepa_wm_wall,21,2,fidelity_constrained_shuffled_geometry__seed11419,fidelity_constrained_shuffled_geometry,11419,2,13537,6,0.9012973825812357,0.08291059941356739,0.48324186008832426,0.48324186008832426,True,False,False,1,3
Wall,jepa_wm_wall,22,2,fidelity_constrained_shuffled_geometry__seed11419,fidelity_constrained_shuffled_geometry,11419,0,13501,1,0.8923239752919082,0.12694286968112253,0.12694286968112253,0.12694286968112253,True,False,False,5,1
Wall,jepa_wm_wall,22,2,fidelity_constrained_shuffled_geometry__seed11419,fidelity_constrained_shuffled_geometry,11419,1,13519,1,0.6262294113718639,0.12694286968112253,0.0,0.0,True,False,True,1,1
Wall,jepa_wm_wall,22,2,fidelity_constrained_shuffled_geometry__seed11419,fidelity_constrained_shuffled_geometry,11419,2,13537,1,0.8610029523697764,0.12694286968112253,0.4337733398799115,0.4337733398799115,True,False,False,8,1
Wall,jepa_wm_wall,22,2,fidelity_constrained_shuffled_geometry__seed11419,fidelity_constrained_shuffled_geometry,11419,0,13501,3,0.934832703439119,0.0034078026238675394,0.06691081779439773,0.06691081779439773,True,False,False,5,1
Wall,jepa_wm_wall,22,2,fidelity_constrained_shuffled_geometry__seed11419,fidelity_constrained_shuffled_geometry,11419,1,13519,3,0.7601771864304144,0.0034078026238675394,0.06691081779439773,0.06691081779439773,True,False,False,5,1
Wall,jepa_wm_wall,22,2,fidelity_constrained_shuffled_geometry__seed11419,fidelity_constrained_shuffled_geometry,11419,2,13537,3,0.6018083231016249,0.0034078026238675394,0.06691081779439773,0.06691081779439773,True,False,False,5,1
Wall,jepa_wm_wall,22,2,fidelity_constrained_shuffled_geometry__seed11419,fidelity_constrained_shuffled_geometry,11419,0,13501,6,1.1163256975335427,0.005672566228622634,0.5449193421845129,0.5449193421845129,True,False,False,1,3
Wall,jepa_wm_wall,22,2,fidelity_constrained_shuffled_geometry__seed11419,fidelity_constrained_shuffled_geometry,11419,1,13519,6,1.2045431131239082,0.005672566228622634,0.5449193421845129,0.5449193421845129,True,False,False,1,3
Wall,jepa_wm_wall,22,2,fidelity_constrained_shuffled_geometry__seed11419,fidelity_constrained_shuffled_geometry,11419,2,13537,6,0.8989277234814836,0.005672566228622634,0.5449193421845129,0.5449193421845129,True,False,False,1,3
Wall,jepa_wm_wall,23,2,fidelity_constrained_shuffled_geometry__seed11419,fidelity_constrained_shuffled_geometry,11419,0,13501,1,0.46166442100278376,0.0352215604069649,0.0,0.0,True,False,True,1,1
Wall,jepa_wm_wall,23,2,fidelity_constrained_shuffled_geometry__seed11419,fidelity_constrained_shuffled_geometry,11419,1,13519,1,1.038769806679265,0.0352215604069649,0.0,0.0,True,False,True,1,1
Wall,jepa_wm_wall,23,2,fidelity_constrained_shuffled_geometry__seed11419,fidelity_constrained_shuffled_geometry,11419,2,13537,1,0.6504970820902969,0.0352215604069649,0.0,0.0,True,False,True,1,1
Wall,jepa_wm_wall,23,2,fidelity_constrained_shuffled_geometry__seed11419,fidelity_constrained_shuffled_geometry,11419,0,13501,3,0.6576827279682161,0.06654741675461008,0.20090383817171387,0.20090383817171387,True,False,False,5,4
Wall,jepa_wm_wall,23,2,fidelity_constrained_shuffled_geometry__seed11419,fidelity_constrained_shuffled_geometry,11419,1,13519,3,1.101958341712761,0.06654741675461008,0.20090383817171387,0.20090383817171387,True,False,False,5,4
Wall,jepa_wm_wall,23,2,fidelity_constrained_shuffled_geometry__seed11419,fidelity_constrained_shuffled_geometry,11419,2,13537,3,0.5794190879956834,0.06654741675461008,0.20090383817171387,0.20090383817171387,True,False,False,5,4
Wall,jepa_wm_wall,23,2,fidelity_constrained_shuffled_geometry__seed11419,fidelity_constrained_shuffled_geometry,11419,0,13501,6,1.0457252520644342,0.02483818875576625,0.52226012105352,0.52226012105352,True,False,False,5,4
Wall,jepa_wm_wall,23,2,fidelity_constrained_shuffled_geometry__seed11419,fidelity_constrained_shuffled_geometry,11419,1,13519,6,1.1203129287961038,0.02483818875576625,0.52226012105352,0.52226012105352,True,False,False,5,4
Wall,jepa_wm_wall,23,2,fidelity_constrained_shuffled_geometry__seed11419,fidelity_constrained_shuffled_geometry,11419,2,13537,6,0.9096000061542243,0.02483818875576625,0.52226012105352,0.52226012105352,True,False,False,5,4
Wall,jepa_wm_wall,48,6,fidelity_constrained_shuffled_geometry__seed11419,fidelity_constrained_shuffled_geometry,11419,0,13501,1,0.4179421485400009,0.001230240308132282,0.12212012605194784,0.12212012605194784,True,False,False,6,1
Wall,jepa_wm_wall,48,6,fidelity_constrained_shuffled_geometry__seed11419,fidelity_constrained_shuffled_geometry,11419,1,13519,1,0.5761500799163672,0.001230240308132282,0.1221204240752783,0.1221204240752783,True,False,False,5,1
Wall,jepa_wm_wall,48,6,fidelity_constrained_shuffled_geometry__seed11419,fidelity_constrained_shuffled_geometry,11419,2,13537,1,0.7470150605002372,0.001230240308132282,0.1221204240752783,0.1221204240752783,True,False,False,5,1
Wall,jepa_wm_wall,48,6,fidelity_constrained_shuffled_geometry__seed11419,fidelity_constrained_shuffled_geometry,11419,0,13501,3,0.4463047453758957,0.19997904740567995,0.3045755010194801,0.3045755010194801,True,False,False,5,1
Wall,jepa_wm_wall,48,6,fidelity_constrained_shuffled_geometry__seed11419,fidelity_constrained_shuffled_geometry,11419,1,13519,3,0.719153856384834,0.19997904740567995,0.3045755010194801,0.3045755010194801,True,False,False,5,1
Wall,jepa_wm_wall,48,6,fidelity_constrained_shuffled_geometry__seed11419,fidelity_constrained_shuffled_geometry,11419,2,13537,3,0.6109327164668008,0.19997904740567995,0.3045755010194801,0.3045755010194801,True,False,False,5,1
Wall,jepa_wm_wall,48,6,fidelity_constrained_shuffled_geometry__seed11419,fidelity_constrained_shuffled_geometry,11419,0,13501,6,0.7688309981327728,0.13991464109340168,0.0,0.0,True,False,True,1,1
Wall,jepa_wm_wall,48,6,fidelity_constrained_shuffled_geometry__seed11419,fidelity_constrained_shuffled_geometry,11419,1,13519,6,0.731891445862822,0.13991464109340168,0.0,0.0,True,False,True,1,1
Wall,jepa_wm_wall,48,6,fidelity_constrained_shuffled_geometry__seed11419,fidelity_constrained_shuffled_geometry,11419,2,13537,6,0.6670260568273311,0.13991464109340168,0.0,0.0,True,False,True,1,1
Wall,jepa_wm_wall,49,6,fidelity_constrained_shuffled_geometry__seed11419,fidelity_constrained_shuffled_geometry,11419,0,13501,1,0.7260328313046114,0.0035333624998658895,0.0,0.0,True,False,True,1,1
Wall,jepa_wm_wall,49,6,fidelity_constrained_shuffled_geometry__seed11419,fidelity_constrained_shuffled_geometry,11419,1,13519,1,0.3119565946099743,0.0035333624998658895,0.0,0.0,True,False,True,1,1
Wall,jepa_wm_wall,49,6,fidelity_constrained_shuffled_geometry__seed11419,fidelity_constrained_shuffled_geometry,11419,2,13537,1,0.5210237533535226,0.0035333624998658895,0.12196031285278491,0.12196031285278491,True,False,False,5,1
Wall,jepa_wm_wall,49,6,fidelity_constrained_shuffled_geometry__seed11419,fidelity_constrained_shuffled_geometry,11419,0,13501,3,0.47042520938674964,0.1617415121097364,0.27278036352730867,0.27278036352730867,True,False,False,5,1
Wall,jepa_wm_wall,49,6,fidelity_constrained_shuffled_geometry__seed11419,fidelity_constrained_shuffled_geometry,11419,1,13519,3,0.7711009714864292,0.1617415121097364,0.27278036352730867,0.27278036352730867,True,False,False,5,1
Wall,jepa_wm_wall,49,6,fidelity_constrained_shuffled_geometry__seed11419,fidelity_constrained_shuffled_geometry,11419,2,13537,3,0.6199212903117427,0.1617415121097364,0.27278036352730867,0.27278036352730867,True,False,False,5,1
Wall,jepa_wm_wall,49,6,fidelity_constrained_shuffled_geometry__seed11419,fidelity_constrained_shuffled_geometry,11419,0,13501,6,0.778770115447726,0.08134523661871648,0.0,0.0,True,False,True,1,1
Wall,jepa_wm_wall,49,6,fidelity_constrained_shuffled_geometry__seed11419,fidelity_constrained_shuffled_geometry,11419,1,13519,6,0.7292343245318507,0.08134523661871648,0.0,0.0,True,False,True,1,1
Wall,jepa_wm_wall,49,6,fidelity_constrained_shuffled_geometry__seed11419,fidelity_constrained_shuffled_geometry,11419,2,13537,6,0.6472134551064554,0.08134523661871648,0.0,0.0,True,False,True,1,1
Wall,jepa_wm_wall,50,6,fidelity_constrained_shuffled_geometry__seed11419,fidelity_constrained_shuffled_geometry,11419,0,13501,1,0.48198375742179517,0.054122212774885464,0.12336195250522808,0.12336195250522808,True,False,False,6,1
Wall,jepa_wm_wall,50,6,fidelity_constrained_shuffled_geometry__seed11419,fidelity_constrained_shuffled_geometry,11419,1,13519,1,0.2564912503862872,0.054122212774885464,0.0,0.0,True,False,True,1,1
Wall,jepa_wm_wall,50,6,fidelity_constrained_shuffled_geometry__seed11419,fidelity_constrained_shuffled_geometry,11419,2,13537,1,0.7631968397388137,0.054122212774885464,0.0,0.0,True,False,True,1,1
Wall,jepa_wm_wall,50,6,fidelity_constrained_shuffled_geometry__seed11419,fidelity_constrained_shuffled_geometry,11419,0,13501,3,0.6563590582664535,0.12897649730724076,0.29607003342937677,0.29607003342937677,True,False,False,1,6
Wall,jepa_wm_wall,50,6,fidelity_constrained_shuffled_geometry__seed11419,fidelity_constrained_shuffled_geometry,11419,1,13519,3,0.9094525501447055,0.12897649730724076,0.21108969174761585,0.21108969174761585,True,False,False,5,6
Wall,jepa_wm_wall,50,6,fidelity_constrained_shuffled_geometry__seed11419,fidelity_constrained_shuffled_geometry,11419,2,13537,3,0.823275303931229,0.12897649730724076,0.21108969174761585,0.21108969174761585,True,False,False,5,6
Wall,jepa_wm_wall,50,6,fidelity_constrained_shuffled_geometry__seed11419,fidelity_constrained_shuffled_geometry,11419,0,13501,6,0.96020623622823,0.037144204333989565,0.19405549575924055,0.19405549575924055,True,False,False,1,4
Wall,jepa_wm_wall,50,6,fidelity_constrained_shuffled_geometry__seed11419,fidelity_constrained_shuffled_geometry,11419,1,13519,6,0.9128702492854078,0.037144204333989565,0.19405549575924055,0.19405549575924055,True,False,False,1,4
Wall,jepa_wm_wall,50,6,fidelity_constrained_shuffled_geometry__seed11419,fidelity_constrained_shuffled_geometry,11419,2,13537,6,0.8156029781215985,0.037144204333989565,0.19405549575924055,0.19405549575924055,True,False,False,1,4
Wall,jepa_wm_wall,51,6,fidelity_constrained_shuffled_geometry__seed11419,fidelity_constrained_shuffled_geometry,11419,0,13501,1,0.3785567924608263,0.0008738033632488796,0.01522897403206608,0.01522897403206608,True,False,False,4,1
Wall,jepa_wm_wall,51,6,fidelity_constrained_shuffled_geometry__seed11419,fidelity_constrained_shuffled_geometry,11419,1,13519,1,0.7589566511223261,0.0008738033632488796,0.12172033166380862,0.12172033166380862,True,False,False,5,1
Wall,jepa_wm_wall,51,6,fidelity_constrained_shuffled_geometry__seed11419,fidelity_constrained_shuffled_geometry,11419,2,13537,1,0.8388834547660282,0.0008738033632488796,0.12172033166380862,0.12172033166380862,True,False,False,5,1
Wall,jepa_wm_wall,51,6,fidelity_constrained_shuffled_geometry__seed11419,fidelity_constrained_shuffled_geometry,11419,0,13501,3,0.7109226608027637,0.18236891449751788,0.26800666634249315,0.26800666634249315,True,False,False,5,1
Wall,jepa_wm_wall,51,6,fidelity_constrained_shuffled_geometry__seed11419,fidelity_constrained_shuffled_geometry,11419,1,13519,3,0.5515211530512527,0.18236891449751788,0.26800666634249315,0.26800666634249315,True,False,False,5,1
Wall,jepa_wm_wall,51,6,fidelity_constrained_shuffled_geometry__seed11419,fidelity_constrained_shuffled_geometry,11419,2,13537,3,0.6096497147178978,0.18236891449751788,0.25084205680435046,0.25084205680435046,True,False,False,2,1
Wall,jepa_wm_wall,51,6,fidelity_constrained_shuffled_geometry__seed11419,fidelity_constrained_shuffled_geometry,11419,0,13501,6,0.8493875588638895,0.10901940817974191,0.5176295782823793,0.5176295782823793,True,False,False,5,1
Wall,jepa_wm_wall,51,6,fidelity_constrained_shuffled_geometry__seed11419,fidelity_constrained_shuffled_geometry,11419,1,13519,6,0.91987585319315,0.10901940817974191,0.5176295782823793,0.5176295782823793,True,False,False,5,1
Wall,jepa_wm_wall,51,6,fidelity_constrained_shuffled_geometry__seed11419,fidelity_constrained_shuffled_geometry,11419,2,13537,6,0.8579698512117145,0.10901940817974191,0.5176295782823793,0.5176295782823793,True,False,False,5,1
Wall,jepa_wm_wall,52,6,fidelity_constrained_shuffled_geometry__seed11419,fidelity_constrained_shuffled_geometry,11419,0,13501,1,0.7020704571804784,0.07100282563201721,0.0,0.0,True,False,True,1,1
Wall,jepa_wm_wall,52,6,fidelity_constrained_shuffled_geometry__seed11419,fidelity_constrained_shuffled_geometry,11419,1,13519,1,0.568230934075162,0.07100282563201721,0.07100282563201721,0.07100282563201721,True,False,False,5,1
Wall,jepa_wm_wall,52,6,fidelity_constrained_shuffled_geometry__seed11419,fidelity_constrained_shuffled_geometry,11419,2,13537,1,1.2544327837468536,0.07100282563201721,0.39458057133526225,0.39458057133526225,True,False,False,7,1
Wall,jepa_wm_wall,52,6,fidelity_constrained_shuffled_geometry__seed11419,fidelity_constrained_shuffled_geometry,11419,0,13501,3,0.9243170301918472,0.025811218253910286,0.025811218253910286,0.025811218253910286,True,False,False,5,3
Wall,jepa_wm_wall,52,6,fidelity_constrained_shuffled_geometry__seed11419,fidelity_constrained_shuffled_geometry,11419,1,13519,3,1.0800674997774047,0.025811218253910286,0.025811218253910286,0.025811218253910286,True,False,False,5,3
Wall,jepa_wm_wall,52,6,fidelity_constrained_shuffled_geometry__seed11419,fidelity_constrained_shuffled_geometry,11419,2,13537,3,0.46270238519992674,0.025811218253910286,0.05051972594698755,0.05051972594698755,True,False,False,1,3
Wall,jepa_wm_wall,52,6,fidelity_constrained_shuffled_geometry__seed11419,fidelity_constrained_shuffled_geometry,11419,0,13501,6,1.1621193588918477,0.0384318938477101,0.5546787123699543,0.5546787123699543,True,False,False,5,3
Wall,jepa_wm_wall,52,6,fidelity_constrained_shuffled_geometry__seed11419,fidelity_constrained_shuffled_geometry,11419,1,13519,6,1.0787474520782305,0.0384318938477101,0.5546787123699543,0.5546787123699543,True,False,False,5,3
Wall,jepa_wm_wall,52,6,fidelity_constrained_shuffled_geometry__seed11419,fidelity_constrained_shuffled_geometry,11419,2,13537,6,0.9891618402529034,0.0384318938477101,0.06992941723812081,0.06992941723812081,True,False,False,4,3
Wall,jepa_wm_wall,53,6,fidelity_constrained_shuffled_geometry__seed11419,fidelity_constrained_shuffled_geometry,11419,0,13501,1,0.5413537727385164,0.009791405470287062,0.0,0.0,True,False,True,1,1
Wall,jepa_wm_wall,53,6,fidelity_constrained_shuffled_geometry__seed11419,fidelity_constrained_shuffled_geometry,11419,1,13519,1,0.7980042948000549,0.009791405470287062,0.0,0.0,True,False,True,1,1
Wall,jepa_wm_wall,53,6,fidelity_constrained_shuffled_geometry__seed11419,fidelity_constrained_shuffled_geometry,11419,2,13537,1,0.9379112410027804,0.009791405470287062,0.6156865401728778,0.6156865401728778,True,False,False,0,1
Wall,jepa_wm_wall,53,6,fidelity_constrained_shuffled_geometry__seed11419,fidelity_constrained_shuffled_geometry,11419,0,13501,3,0.4145985123629464,0.09916642903112673,0.09916642903112673,0.09916642903112673,True,False,False,1,4
Wall,jepa_wm_wall,53,6,fidelity_constrained_shuffled_geometry__seed11419,fidelity_constrained_shuffled_geometry,11419,1,13519,3,0.8580909102828422,0.09916642903112673,0.1251960814003341,0.1251960814003341,True,False,False,5,4
Wall,jepa_wm_wall,53,6,fidelity_constrained_shuffled_geometry__seed11419,fidelity_constrained_shuffled_geometry,11419,2,13537,3,0.5871805593935603,0.09916642903112673,0.1509488568966722,0.1509488568966722,True,False,False,2,4
Wall,jepa_wm_wall,53,6,fidelity_constrained_shuffled_geometry__seed11419,fidelity_constrained_shuffled_geometry,11419,0,13501,6,0.8765978977056691,0.055729041610402784,0.09643994244758064,0.09643994244758064,True,False,False,1,4
Wall,jepa_wm_wall,53,6,fidelity_constrained_shuffled_geometry__seed11419,fidelity_constrained_shuffled_geometry,11419,1,13519,6,0.8117062565336932,0.055729041610402784,0.09643994244758064,0.09643994244758064,True,False,False,1,4
Wall,jepa_wm_wall,53,6,fidelity_constrained_shuffled_geometry__seed11419,fidelity_constrained_shuffled_geometry,11419,2,13537,6,0.7132102827172419,0.055729041610402784,0.09643994244758064,0.09643994244758064,True,False,False,1,4
Wall,jepa_wm_wall,54,6,fidelity_constrained_shuffled_geometry__seed11419,fidelity_constrained_shuffled_geometry,11419,0,13501,1,0.61628233965265,0.05210487275347143,0.24116091597100325,0.24116091597100325,True,False,False,3,1
Wall,jepa_wm_wall,54,6,fidelity_constrained_shuffled_geometry__seed11419,fidelity_constrained_shuffled_geometry,11419,1,13519,1,0.46380297035516244,0.05210487275347143,0.05210519554215911,0.05210519554215911,True,False,False,6,1
Wall,jepa_wm_wall,54,6,fidelity_constrained_shuffled_geometry__seed11419,fidelity_constrained_shuffled_geometry,11419,2,13537,1,0.8664441719951819,0.05210487275347143,0.0,0.0,True,False,True,1,1
Wall,jepa_wm_wall,54,6,fidelity_constrained_shuffled_geometry__seed11419,fidelity_constrained_shuffled_geometry,11419,0,13501,3,0.763834215708922,0.20548523538405974,0.22028967914818534,0.22028967914818534,True,False,False,5,6
Wall,jepa_wm_wall,54,6,fidelity_constrained_shuffled_geometry__seed11419,fidelity_constrained_shuffled_geometry,11419,1,13519,3,1.047606145438127,0.20548523538405974,0.22028967914818534,0.22028967914818534,True,False,False,5,6
Wall,jepa_wm_wall,54,6,fidelity_constrained_shuffled_geometry__seed11419,fidelity_constrained_shuffled_geometry,11419,2,13537,3,0.753021793908985,0.20548523538405974,0.22028967914818534,0.22028967914818534,True,False,False,5,6
Wall,jepa_wm_wall,54,6,fidelity_constrained_shuffled_geometry__seed11419,fidelity_constrained_shuffled_geometry,11419,0,13501,6,1.0120534954049414,0.0038749650505872178,0.2353094206177578,0.2353094206177578,True,False,False,1,2
Wall,jepa_wm_wall,54,6,fidelity_constrained_shuffled_geometry__seed11419,fidelity_constrained_shuffled_geometry,11419,1,13519,6,0.9814562699660533,0.0038749650505872178,0.2353094206177578,0.2353094206177578,True,False,False,1,2
Wall,jepa_wm_wall,54,6,fidelity_constrained_shuffled_geometry__seed11419,fidelity_constrained_shuffled_geometry,11419,2,13537,6,0.9240861322678715,0.0038749650505872178,0.2353094206177578,0.2353094206177578,True,False,False,1,2
Wall,jepa_wm_wall,55,6,fidelity_constrained_shuffled_geometry__seed11419,fidelity_constrained_shuffled_geometry,11419,0,13501,1,0.7023469749362256,0.12339387776632706,0.250338703515066,0.250338703515066,True,False,False,3,1
Wall,jepa_wm_wall,55,6,fidelity_constrained_shuffled_geometry__seed11419,fidelity_constrained_shuffled_geometry,11419,1,13519,1,0.4113313709373807,0.12339387776632706,0.12339387776632706,0.12339387776632706,True,False,False,6,1
Wall,jepa_wm_wall,55,6,fidelity_constrained_shuffled_geometry__seed11419,fidelity_constrained_shuffled_geometry,11419,2,13537,1,0.8642124379535879,0.12339387776632706,0.42608216741639404,0.42608216741639404,True,False,False,7,1
Wall,jepa_wm_wall,55,6,fidelity_constrained_shuffled_geometry__seed11419,fidelity_constrained_shuffled_geometry,11419,0,13501,3,0.7228345602591157,0.05867158711655809,0.1600320766712798,0.1600320766712798,True,False,False,5,6
Wall,jepa_wm_wall,55,6,fidelity_constrained_shuffled_geometry__seed11419,fidelity_constrained_shuffled_geometry,11419,1,13519,3,0.8469206660173098,0.05867158711655809,0.1600320766712798,0.1600320766712798,True,False,False,5,6
Wall,jepa_wm_wall,55,6,fidelity_constrained_shuffled_geometry__seed11419,fidelity_constrained_shuffled_geometry,11419,2,13537,3,0.725840889994318,0.05867158711655809,0.1600320766712798,0.1600320766712798,True,False,False,5,6
Wall,jepa_wm_wall,55,6,fidelity_constrained_shuffled_geometry__seed11419,fidelity_constrained_shuffled_geometry,11419,0,13501,6,1.119882293121606,0.04633499368663333,0.510367303771342,0.510367303771342,True,False,False,1,2
Wall,jepa_wm_wall,55,6,fidelity_constrained_shuffled_geometry__seed11419,fidelity_constrained_shuffled_geometry,11419,1,13519,6,1.0052524109656658,0.04633499368663333,0.5466014700979263,0.5466014700979263,True,False,False,5,2
Wall,jepa_wm_wall,55,6,fidelity_constrained_shuffled_geometry__seed11419,fidelity_constrained_shuffled_geometry,11419,2,13537,6,0.9249448297034011,0.04633499368663333,0.510367303771342,0.510367303771342,True,False,False,1,2
Wall,jepa_wm_wall,8,1,fidelity_constrained_matched_geometry__seed11419,fidelity_constrained_matched_geometry,11419,0,13501,1,0.6534571130245338,0.016152705182870427,0.12071148770637684,0.12071148770637684,True,False,False,5,2
Wall,jepa_wm_wall,8,1,fidelity_constrained_matched_geometry__seed11419,fidelity_constrained_matched_geometry,11419,1,13519,1,0.6006907755679294,0.016152705182870427,0.12071148770637684,0.12071148770637684,True,False,False,5,2
Wall,jepa_wm_wall,8,1,fidelity_constrained_matched_geometry__seed11419,fidelity_constrained_matched_geometry,11419,2,13537,1,0.5873184915990728,0.016152705182870427,0.12071148770637684,0.12071148770637684,True,False,False,5,2
Wall,jepa_wm_wall,8,1,fidelity_constrained_matched_geometry__seed11419,fidelity_constrained_matched_geometry,11419,0,13501,3,0.4342928756110198,0.07614176734582923,0.08482373582968013,0.08482373582968013,True,False,False,5,4
Wall,jepa_wm_wall,8,1,fidelity_constrained_matched_geometry__seed11419,fidelity_constrained_matched_geometry,11419,1,13519,3,0.45511779654070517,0.07614176734582923,0.08482373582968013,0.08482373582968013,True,False,False,5,4
Wall,jepa_wm_wall,8,1,fidelity_constrained_matched_geometry__seed11419,fidelity_constrained_matched_geometry,11419,2,13537,3,0.49907284354465226,0.07614176734582923,0.08482373582968013,0.08482373582968013,True,False,False,5,4
Wall,jepa_wm_wall,8,1,fidelity_constrained_matched_geometry__seed11419,fidelity_constrained_matched_geometry,11419,0,13501,6,0.5180156053354829,0.029846874393166266,0.0,0.0,True,False,True,4,4
Wall,jepa_wm_wall,8,1,fidelity_constrained_matched_geometry__seed11419,fidelity_constrained_matched_geometry,11419,1,13519,6,0.5191834055727599,0.029846874393166266,0.0,0.0,True,False,True,4,4
Wall,jepa_wm_wall,8,1,fidelity_constrained_matched_geometry__seed11419,fidelity_constrained_matched_geometry,11419,2,13537,6,0.6286334171160279,0.029846874393166266,0.0,0.0,True,False,True,4,4
Wall,jepa_wm_wall,9,1,fidelity_constrained_matched_geometry__seed11419,fidelity_constrained_matched_geometry,11419,0,13501,1,0.6848127226463709,0.12507081777279483,0.42975130258508343,0.42975130258508343,True,False,False,7,1
Wall,jepa_wm_wall,9,1,fidelity_constrained_matched_geometry__seed11419,fidelity_constrained_matched_geometry,11419,1,13519,1,0.3920678160855671,0.12507081777279483,0.0,0.0,True,False,True,1,1
Wall,jepa_wm_wall,9,1,fidelity_constrained_matched_geometry__seed11419,fidelity_constrained_matched_geometry,11419,2,13537,1,0.8108226336205835,0.12507081777279483,0.12507081777279483,0.12507081777279483,True,False,False,5,1
Wall,jepa_wm_wall,9,1,fidelity_constrained_matched_geometry__seed11419,fidelity_constrained_matched_geometry,11419,0,13501,3,0.5585867806668154,0.054847575896831174,0.054847575896831174,0.054847575896831174,True,False,False,5,1
Wall,jepa_wm_wall,9,1,fidelity_constrained_matched_geometry__seed11419,fidelity_constrained_matched_geometry,11419,1,13519,3,0.4576324713054651,0.054847575896831174,0.0,0.0,True,False,True,1,1
Wall,jepa_wm_wall,9,1,fidelity_constrained_matched_geometry__seed11419,fidelity_constrained_matched_geometry,11419,2,13537,3,0.5104457690160288,0.054847575896831174,0.0,0.0,True,False,True,1,1
Wall,jepa_wm_wall,9,1,fidelity_constrained_matched_geometry__seed11419,fidelity_constrained_matched_geometry,11419,0,13501,6,0.939107456182838,0.014740318180249878,0.09552012436264752,0.09552012436264752,True,False,False,4,2
Wall,jepa_wm_wall,9,1,fidelity_constrained_matched_geometry__seed11419,fidelity_constrained_matched_geometry,11419,1,13519,6,0.753443037319968,0.014740318180249878,0.09552012436264752,0.09552012436264752,True,False,False,4,2
Wall,jepa_wm_wall,9,1,fidelity_constrained_matched_geometry__seed11419,fidelity_constrained_matched_geometry,11419,2,13537,6,0.7621586102792706,0.014740318180249878,0.5442535818012866,0.5442535818012866,True,False,False,1,2
Wall,jepa_wm_wall,10,1,fidelity_constrained_matched_geometry__seed11419,fidelity_constrained_matched_geometry,11419,0,13501,1,0.623990865200634,0.0012356039916028997,0.12286421707529614,0.12286421707529614,True,False,False,6,1
Wall,jepa_wm_wall,10,1,fidelity_constrained_matched_geometry__seed11419,fidelity_constrained_matched_geometry,11419,1,13519,1,0.6953467331617006,0.0012356039916028997,0.12286421707529614,0.12286421707529614,True,False,False,5,1
Wall,jepa_wm_wall,10,1,fidelity_constrained_matched_geometry__seed11419,fidelity_constrained_matched_geometry,11419,2,13537,1,0.2172242563125314,0.0012356039916028997,0.004752277194910718,0.004752277194910718,True,False,False,2,1
Wall,jepa_wm_wall,10,1,fidelity_constrained_matched_geometry__seed11419,fidelity_constrained_matched_geometry,11419,0,13501,3,0.4806741213370634,0.15965748274850114,0.20731631818021912,0.20731631818021912,True,False,False,5,1
Wall,jepa_wm_wall,10,1,fidelity_constrained_matched_geometry__seed11419,fidelity_constrained_matched_geometry,11419,1,13519,3,0.41663709550131334,0.15965748274850114,0.20731631818021912,0.20731631818021912,True,False,False,5,1
Wall,jepa_wm_wall,10,1,fidelity_constrained_matched_geometry__seed11419,fidelity_constrained_matched_geometry,11419,2,13537,3,0.45426295782308146,0.15965748274850114,0.20731631818021912,0.20731631818021912,True,False,False,5,1
Wall,jepa_wm_wall,10,1,fidelity_constrained_matched_geometry__seed11419,fidelity_constrained_matched_geometry,11419,0,13501,6,0.7209513733524815,0.08421266293753488,0.0,0.0,True,False,True,1,1
Wall,jepa_wm_wall,10,1,fidelity_constrained_matched_geometry__seed11419,fidelity_constrained_matched_geometry,11419,1,13519,6,0.641112926712091,0.08421266293753488,0.0,0.0,True,False,True,1,1
Wall,jepa_wm_wall,10,1,fidelity_constrained_matched_geometry__seed11419,fidelity_constrained_matched_geometry,11419,2,13537,6,0.6797812011663229,0.08421266293753488,0.0,0.0,True,False,True,1,1
Wall,jepa_wm_wall,11,1,fidelity_constrained_matched_geometry__seed11419,fidelity_constrained_matched_geometry,11419,0,13501,1,0.5550369288281125,0.006092489128857203,0.03012359321854074,0.03012359321854074,True,False,False,2,1
Wall,jepa_wm_wall,11,1,fidelity_constrained_matched_geometry__seed11419,fidelity_constrained_matched_geometry,11419,1,13519,1,0.19148138294148379,0.006092489128857203,0.006092489128857203,0.006092489128857203,True,False,False,4,1
Wall,jepa_wm_wall,11,1,fidelity_constrained_matched_geometry__seed11419,fidelity_constrained_matched_geometry,11419,2,13537,1,0.473988437104191,0.006092489128857203,0.0,0.0,True,False,True,1,1
Wall,jepa_wm_wall,11,1,fidelity_constrained_matched_geometry__seed11419,fidelity_constrained_matched_geometry,11419,0,13501,3,0.4548840203689541,0.05350381994101328,0.0,0.0,True,False,True,1,1
Wall,jepa_wm_wall,11,1,fidelity_constrained_matched_geometry__seed11419,fidelity_constrained_matched_geometry,11419,1,13519,3,0.4871694533819173,0.05350381994101328,0.16557815588742084,0.16557815588742084,True,False,False,5,1
Wall,jepa_wm_wall,11,1,fidelity_constrained_matched_geometry__seed11419,fidelity_constrained_matched_geometry,11419,2,13537,3,0.5303213238863088,0.05350381994101328,0.16557815588742084,0.16557815588742084,True,False,False,5,1
Wall,jepa_wm_wall,11,1,fidelity_constrained_matched_geometry__seed11419,fidelity_constrained_matched_geometry,11419,0,13501,6,0.7751824706039402,0.029439984357622885,0.0,0.0,True,False,True,1,1
Wall,jepa_wm_wall,11,1,fidelity_constrained_matched_geometry__seed11419,fidelity_constrained_matched_geometry,11419,1,13519,6,0.6530769947623999,0.029439984357622885,0.0,0.0,True,False,True,1,1
Wall,jepa_wm_wall,11,1,fidelity_constrained_matched_geometry__seed11419,fidelity_constrained_matched_geometry,11419,2,13537,6,0.6504351368837759,0.029439984357622885,0.0,0.0,True,False,True,1,1
Wall,jepa_wm_wall,12,1,fidelity_constrained_matched_geometry__seed11419,fidelity_constrained_matched_geometry,11419,0,13501,1,0.6580982564071496,0.12456447628524758,0.12456477430848922,0.12456477430848922,True,False,False,5,1
Wall,jepa_wm_wall,12,1,fidelity_constrained_matched_geometry__seed11419,fidelity_constrained_matched_geometry,11419,1,13519,1,0.3762425555419614,0.12456447628524758,0.0,0.0,True,False,True,1,1
Wall,jepa_wm_wall,12,1,fidelity_constrained_matched_geometry__seed11419,fidelity_constrained_matched_geometry,11419,2,13537,1,0.6442061573638507,0.12456447628524758,0.0,0.0,True,False,True,1,1
Wall,jepa_wm_wall,12,1,fidelity_constrained_matched_geometry__seed11419,fidelity_constrained_matched_geometry,11419,0,13501,3,0.5347872260403645,0.06321905065029236,0.0,0.0,True,False,True,1,1
Wall,jepa_wm_wall,12,1,fidelity_constrained_matched_geometry__seed11419,fidelity_constrained_matched_geometry,11419,1,13519,3,0.8343695138872402,0.06321905065029236,0.0,0.0,True,False,True,1,1
Wall,jepa_wm_wall,12,1,fidelity_constrained_matched_geometry__seed11419,fidelity_constrained_matched_geometry,11419,2,13537,3,0.5202927933738928,0.06321905065029236,0.0,0.0,True,False,True,1,1
Wall,jepa_wm_wall,12,1,fidelity_constrained_matched_geometry__seed11419,fidelity_constrained_matched_geometry,11419,0,13501,6,0.8055614310337875,0.051845683435020974,0.31883657143532496,0.31883657143532496,True,False,False,1,3
Wall,jepa_wm_wall,12,1,fidelity_constrained_matched_geometry__seed11419,fidelity_constrained_matched_geometry,11419,1,13519,6,0.7077749623364272,0.051845683435020974,0.21116622450814518,0.21116622450814518,True,False,False,4,3
Wall,jepa_wm_wall,12,1,fidelity_constrained_matched_geometry__seed11419,fidelity_constrained_matched_geometry,11419,2,13537,6,0.6479162462969047,0.051845683435020974,0.31883657143532496,0.31883657143532496,True,False,False,1,3
Wall,jepa_wm_wall,13,1,fidelity_constrained_matched_geometry__seed11419,fidelity_constrained_matched_geometry,11419,0,13501,1,0.36287800965736994,0.0032743813559044216,0.014646054187181842,0.014646054187181842,True,False,False,2,1
Wall,jepa_wm_wall,13,1,fidelity_constrained_matched_geometry__seed11419,fidelity_constrained_matched_geometry,11419,1,13519,1,0.4960564088649623,0.0032743813559044216,0.028695465844599356,0.028695465844599356,True,False,False,4,1
Wall,jepa_wm_wall,13,1,fidelity_constrained_matched_geometry__seed11419,fidelity_constrained_matched_geometry,11419,2,13537,1,0.5035079188552557,0.0032743813559044216,0.22894890480929045,0.22894890480929045,True,False,False,6,1
Wall,jepa_wm_wall,13,1,fidelity_constrained_matched_geometry__seed11419,fidelity_constrained_matched_geometry,11419,0,13501,3,0.37333391213088746,0.14527104206009775,0.0,0.0,True,False,True,4,4
Wall,jepa_wm_wall,13,1,fidelity_constrained_matched_geometry__seed11419,fidelity_constrained_matched_geometry,11419,1,13519,3,0.42667131612900283,0.14527104206009775,0.14527104206009775,0.14527104206009775,True,False,False,5,4
Wall,jepa_wm_wall,13,1,fidelity_constrained_matched_geometry__seed11419,fidelity_constrained_matched_geometry,11419,2,13537,3,0.37308334842683444,0.14527104206009775,0.14527104206009775,0.14527104206009775,True,False,False,5,4
Wall,jepa_wm_wall,13,1,fidelity_constrained_matched_geometry__seed11419,fidelity_constrained_matched_geometry,11419,0,13501,6,0.46993896127672014,0.4162684616699494,0.0,0.0,True,False,True,4,4
Wall,jepa_wm_wall,13,1,fidelity_constrained_matched_geometry__seed11419,fidelity_constrained_matched_geometry,11419,1,13519,6,0.5225496139523524,0.4162684616699494,0.0,0.0,True,False,True,4,4
Wall,jepa_wm_wall,13,1,fidelity_constrained_matched_geometry__seed11419,fidelity_constrained_matched_geometry,11419,2,13537,6,0.4610333407444284,0.4162684616699494,0.0,0.0,True,False,True,4,4
Wall,jepa_wm_wall,14,1,fidelity_constrained_matched_geometry__seed11419,fidelity_constrained_matched_geometry,11419,0,13501,1,0.570590528190985,0.1235923244710162,0.0,0.0,True,False,True,1,1
Wall,jepa_wm_wall,14,1,fidelity_constrained_matched_geometry__seed11419,fidelity_constrained_matched_geometry,11419,1,13519,1,0.36425188382334706,0.1235923244710162,0.1235923244710162,0.1235923244710162,True,False,False,5,1
Wall,jepa_wm_wall,14,1,fidelity_constrained_matched_geometry__seed11419,fidelity_constrained_matched_geometry,11419,2,13537,1,0.7014655689234955,0.1235923244710162,0.1235923244710162,0.1235923244710162,True,False,False,5,1
Wall,jepa_wm_wall,14,1,fidelity_constrained_matched_geometry__seed11419,fidelity_constrained_matched_geometry,11419,0,13501,3,0.9170498606416091,0.02103669177229461,0.03871608563546807,0.03871608563546807,True,False,False,5,4
Wall,jepa_wm_wall,14,1,fidelity_constrained_matched_geometry__seed11419,fidelity_constrained_matched_geometry,11419,1,13519,3,0.6671617455639957,0.02103669177229461,0.02103669177229461,0.02103669177229461,True,False,False,1,4
Wall,jepa_wm_wall,14,1,fidelity_constrained_matched_geometry__seed11419,fidelity_constrained_matched_geometry,11419,2,13537,3,0.6462719593253248,0.02103669177229461,0.02103669177229461,0.02103669177229461,True,False,False,1,4
Wall,jepa_wm_wall,14,1,fidelity_constrained_matched_geometry__seed11419,fidelity_constrained_matched_geometry,11419,0,13501,6,0.7923243207765654,0.018693811713921336,0.0,0.0,True,False,True,4,4
Wall,jepa_wm_wall,14,1,fidelity_constrained_matched_geometry__seed11419,fidelity_constrained_matched_geometry,11419,1,13519,6,0.6438044859525687,0.018693811713921336,0.0,0.0,True,False,True,4,4
Wall,jepa_wm_wall,14,1,fidelity_constrained_matched_geometry__seed11419,fidelity_constrained_matched_geometry,11419,2,13537,6,0.6794774043463583,0.018693811713921336,0.0,0.0,True,False,True,4,4
Wall,jepa_wm_wall,15,1,fidelity_constrained_matched_geometry__seed11419,fidelity_constrained_matched_geometry,11419,0,13501,1,0.356100879699415,0.12749000243931988,0.12749000243931988,0.12749000243931988,True,False,False,6,1
Wall,jepa_wm_wall,15,1,fidelity_constrained_matched_geometry__seed11419,fidelity_constrained_matched_geometry,11419,1,13519,1,0.6510294941261866,0.12749000243931988,0.12749000243931988,0.12749000243931988,True,False,False,5,1
Wall,jepa_wm_wall,15,1,fidelity_constrained_matched_geometry__seed11419,fidelity_constrained_matched_geometry,11419,2,13537,1,0.7833725993078703,0.12749000243931988,0.12749000243931988,0.12749000243931988,True,False,False,5,1
Wall,jepa_wm_wall,15,1,fidelity_constrained_matched_geometry__seed11419,fidelity_constrained_matched_geometry,11419,0,13501,3,0.8601100540845802,0.019446629235054986,0.09083780960232728,0.09083780960232728,True,False,False,7,5
Wall,jepa_wm_wall,15,1,fidelity_constrained_matched_geometry__seed11419,fidelity_constrained_matched_geometry,11419,1,13519,3,0.7717461780616321,0.019446629235054986,0.019446629235054986,0.019446629235054986,True,False,False,1,5
Wall,jepa_wm_wall,15,1,fidelity_constrained_matched_geometry__seed11419,fidelity_constrained_matched_geometry,11419,2,13537,3,0.6563379181114899,0.019446629235054986,0.0,0.0,True,False,True,5,5
Wall,jepa_wm_wall,15,1,fidelity_constrained_matched_geometry__seed11419,fidelity_constrained_matched_geometry,11419,0,13501,6,1.0839046216237738,0.02109195364658048,0.02109195364658048,0.02109195364658048,True,False,False,4,2
Wall,jepa_wm_wall,15,1,fidelity_constrained_matched_geometry__seed11419,fidelity_constrained_matched_geometry,11419,1,13519,6,0.9484633940366657,0.02109195364658048,0.02109195364658048,0.02109195364658048,True,False,False,4,2
Wall,jepa_wm_wall,15,1,fidelity_constrained_matched_geometry__seed11419,fidelity_constrained_matched_geometry,11419,2,13537,6,0.9881541322345644,0.02109195364658048,0.5003648254496518,0.5003648254496518,True,False,False,5,2
Wall,jepa_wm_wall,16,2,fidelity_constrained_matched_geometry__seed11419,fidelity_constrained_matched_geometry,11419,0,13501,1,0.4661752102777636,0.08029399387979654,0.12221512264844832,0.12221512264844832,True,False,False,2,1
Wall,jepa_wm_wall,16,2,fidelity_constrained_matched_geometry__seed11419,fidelity_constrained_matched_geometry,11419,1,13519,1,0.47614462146809217,0.08029399387979654,0.08029399387979654,0.08029399387979654,True,False,False,4,1
Wall,jepa_wm_wall,16,2,fidelity_constrained_matched_geometry__seed11419,fidelity_constrained_matched_geometry,11419,2,13537,1,0.26277424439844455,0.08029399387979654,0.0,0.0,True,False,True,1,1
Wall,jepa_wm_wall,16,2,fidelity_constrained_matched_geometry__seed11419,fidelity_constrained_matched_geometry,11419,0,13501,3,0.7670781272665321,0.005638604719787298,0.1362528665233449,0.1362528665233449,True,False,False,5,2
Wall,jepa_wm_wall,16,2,fidelity_constrained_matched_geometry__seed11419,fidelity_constrained_matched_geometry,11419,1,13519,3,1.135489579308249,0.005638604719787298,0.1362528665233449,0.1362528665233449,True,False,False,5,2
Wall,jepa_wm_wall,16,2,fidelity_constrained_matched_geometry__seed11419,fidelity_constrained_matched_geometry,11419,2,13537,3,0.5839296936506652,0.005638604719787298,0.07872781905618415,0.07872781905618415,True,False,False,4,2
Wall,jepa_wm_wall,16,2,fidelity_constrained_matched_geometry__seed11419,fidelity_constrained_matched_geometry,11419,0,13501,6,1.1491972563536077,0.0428317804300752,0.47836158155027136,0.47836158155027136,True,False,False,1,2
Wall,jepa_wm_wall,16,2,fidelity_constrained_matched_geometry__seed11419,fidelity_constrained_matched_geometry,11419,1,13519,6,1.2852355599079521,0.0428317804300752,0.47836158155027136,0.47836158155027136,True,False,False,1,2
Wall,jepa_wm_wall,16,2,fidelity_constrained_matched_geometry__seed11419,fidelity_constrained_matched_geometry,11419,2,13537,6,0.9927524577656187,0.0428317804300752,0.47836158155027136,0.47836158155027136,True,False,False,1,2
Wall,jepa_wm_wall,17,2,fidelity_constrained_matched_geometry__seed11419,fidelity_constrained_matched_geometry,11419,0,13501,1,0.8169026800158266,0.12688063729252005,0.12688078630405206,0.12688078630405206,True,False,False,5,1
Wall,jepa_wm_wall,17,2,fidelity_constrained_matched_geometry__seed11419,fidelity_constrained_matched_geometry,11419,1,13519,1,0.5910470645416389,0.12688063729252005,0.43363994939568373,0.43363994939568373,True,False,False,8,1
Wall,jepa_wm_wall,17,2,fidelity_constrained_matched_geometry__seed11419,fidelity_constrained_matched_geometry,11419,2,13537,1,0.7960828941967556,0.12688063729252005,0.21802652107246578,0.21802652107246578,True,False,False,3,1
Wall,jepa_wm_wall,17,2,fidelity_constrained_matched_geometry__seed11419,fidelity_constrained_matched_geometry,11419,0,13501,3,1.0795028906207729,0.0045777647931245415,0.0666852161712895,0.0666852161712895,True,False,False,5,1
Wall,jepa_wm_wall,17,2,fidelity_constrained_matched_geometry__seed11419,fidelity_constrained_matched_geometry,11419,1,13519,3,0.8865008171495142,0.0045777647931245415,0.0,0.0,True,False,True,1,1
Wall,jepa_wm_wall,17,2,fidelity_constrained_matched_geometry__seed11419,fidelity_constrained_matched_geometry,11419,2,13537,3,0.5152414188274603,0.0045777647931245415,0.0666852161712895,0.0666852161712895,True,False,False,5,1
Wall,jepa_wm_wall,17,2,fidelity_constrained_matched_geometry__seed11419,fidelity_constrained_matched_geometry,11419,0,13501,6,1.183846580698875,0.00537754688799704,0.5173793022236458,0.5173793022236458,True,False,False,1,3
Wall,jepa_wm_wall,17,2,fidelity_constrained_matched_geometry__seed11419,fidelity_constrained_matched_geometry,11419,1,13519,6,1.2637457304353066,0.00537754688799704,0.5173793022236458,0.5173793022236458,True,False,False,1,3
Wall,jepa_wm_wall,17,2,fidelity_constrained_matched_geometry__seed11419,fidelity_constrained_matched_geometry,11419,2,13537,6,0.9726376888478901,0.00537754688799704,0.5173793022236458,0.5173793022236458,True,False,False,1,3
Wall,jepa_wm_wall,18,2,fidelity_constrained_matched_geometry__seed11419,fidelity_constrained_matched_geometry,11419,0,13501,1,0.7543418358389913,0.08790014078613739,0.0,0.0,True,False,True,1,1
Wall,jepa_wm_wall,18,2,fidelity_constrained_matched_geometry__seed11419,fidelity_constrained_matched_geometry,11419,1,13519,1,0.299883679983925,0.08790014078613739,0.0,0.0,True,False,True,1,1
Wall,jepa_wm_wall,18,2,fidelity_constrained_matched_geometry__seed11419,fidelity_constrained_matched_geometry,11419,2,13537,1,0.34623884248810394,0.08790014078613739,0.0,0.0,True,False,True,1,1
Wall,jepa_wm_wall,18,2,fidelity_constrained_matched_geometry__seed11419,fidelity_constrained_matched_geometry,11419,0,13501,3,0.830062102384019,0.06357119324461176,0.0,0.0,True,False,True,1,1
Wall,jepa_wm_wall,18,2,fidelity_constrained_matched_geometry__seed11419,fidelity_constrained_matched_geometry,11419,1,13519,3,0.6751015194872023,0.06357119324461176,0.13583789196485332,0.13583789196485332,True,False,False,6,1
Wall,jepa_wm_wall,18,2,fidelity_constrained_matched_geometry__seed11419,fidelity_constrained_matched_geometry,11419,2,13537,3,0.34908824448734244,0.06357119324461176,0.09827810985778822,0.09827810985778822,True,False,False,2,1
Wall,jepa_wm_wall,18,2,fidelity_constrained_matched_geometry__seed11419,fidelity_constrained_matched_geometry,11419,0,13501,6,1.1307666545813257,0.06074535502837518,0.079029886739769,0.079029886739769,True,False,False,4,6
Wall,jepa_wm_wall,18,2,fidelity_constrained_matched_geometry__seed11419,fidelity_constrained_matched_geometry,11419,1,13519,6,1.1554598545639658,0.06074535502837518,0.079029886739769,0.079029886739769,True,False,False,4,6
Wall,jepa_wm_wall,18,2,fidelity_constrained_matched_geometry__seed11419,fidelity_constrained_matched_geometry,11419,2,13537,6,0.7689899377187223,0.06074535502837518,0.079029886739769,0.079029886739769,True,False,False,4,6
Wall,jepa_wm_wall,19,2,fidelity_constrained_matched_geometry__seed11419,fidelity_constrained_matched_geometry,11419,0,13501,1,0.49229679796028175,0.0012619796047764191,0.007615091005135686,0.007615091005135686,True,False,False,4,1
Wall,jepa_wm_wall,19,2,fidelity_constrained_matched_geometry__seed11419,fidelity_constrained_matched_geometry,11419,1,13519,1,1.2350466845377215,0.0012619796047764191,0.4328822502546236,0.4328822502546236,True,False,False,7,1
Wall,jepa_wm_wall,19,2,fidelity_constrained_matched_geometry__seed11419,fidelity_constrained_matched_geometry,11419,2,13537,1,0.6385408887340044,0.0012619796047764191,0.0012619796047764191,0.0012619796047764191,True,False,False,2,1
Wall,jepa_wm_wall,19,2,fidelity_constrained_matched_geometry__seed11419,fidelity_constrained_matched_geometry,11419,0,13501,3,0.6187751407488218,0.23155633681788695,0.30787988273780015,0.30787988273780015,True,False,False,5,1
Wall,jepa_wm_wall,19,2,fidelity_constrained_matched_geometry__seed11419,fidelity_constrained_matched_geometry,11419,1,13519,3,0.8535457532006643,0.23155633681788695,0.5496849397943441,0.5496849397943441,True,False,False,7,1
Wall,jepa_wm_wall,19,2,fidelity_constrained_matched_geometry__seed11419,fidelity_constrained_matched_geometry,11419,2,13537,3,0.6492073445613159,0.23155633681788695,0.30787988273780015,0.30787988273780015,True,False,False,5,1
Wall,jepa_wm_wall,19,2,fidelity_constrained_matched_geometry__seed11419,fidelity_constrained_matched_geometry,11419,0,13501,6,1.0787927143473361,0.021179216124354038,0.4811349945468107,0.4811349945468107,True,False,False,5,1
Wall,jepa_wm_wall,19,2,fidelity_constrained_matched_geometry__seed11419,fidelity_constrained_matched_geometry,11419,1,13519,6,1.190277863713633,0.021179216124354038,0.4811349945468107,0.4811349945468107,True,False,False,5,1
Wall,jepa_wm_wall,19,2,fidelity_constrained_matched_geometry__seed11419,fidelity_constrained_matched_geometry,11419,2,13537,6,1.0230253427423355,0.021179216124354038,0.4811349945468107,0.4811349945468107,True,False,False,5,1
Wall,jepa_wm_wall,20,2,fidelity_constrained_matched_geometry__seed11419,fidelity_constrained_matched_geometry,11419,0,13501,1,1.1440287749278382,0.09692983861294002,0.5769228648680464,0.5769228648680464,True,False,False,0,1
Wall,jepa_wm_wall,20,2,fidelity_constrained_matched_geometry__seed11419,fidelity_constrained_matched_geometry,11419,1,13519,1,1.3615185657319273,0.09692983861294002,0.5769228648680464,0.5769228648680464,True,False,False,0,1
Wall,jepa_wm_wall,20,2,fidelity_constrained_matched_geometry__seed11419,fidelity_constrained_matched_geometry,11419,2,13537,1,0.9928386604080157,0.09692983861294002,0.12873220149056347,0.12873220149056347,True,False,False,5,1
Wall,jepa_wm_wall,20,2,fidelity_constrained_matched_geometry__seed11419,fidelity_constrained_matched_geometry,11419,0,13501,3,0.8014859100069268,0.1083018003488066,0.4878714169545492,0.4878714169545492,True,False,False,0,6
Wall,jepa_wm_wall,20,2,fidelity_constrained_matched_geometry__seed11419,fidelity_constrained_matched_geometry,11419,1,13519,3,1.0862912284790234,0.1083018003488066,0.4878714169545492,0.4878714169545492,True,False,False,0,6
Wall,jepa_wm_wall,20,2,fidelity_constrained_matched_geometry__seed11419,fidelity_constrained_matched_geometry,11419,2,13537,3,0.6183432997059677,0.1083018003488066,0.18914274310056906,0.18914274310056906,True,False,False,4,6
Wall,jepa_wm_wall,20,2,fidelity_constrained_matched_geometry__seed11419,fidelity_constrained_matched_geometry,11419,0,13501,6,1.0950580908275287,0.054097226742439664,0.5175256334018074,0.5175256334018074,True,False,False,5,2
Wall,jepa_wm_wall,20,2,fidelity_constrained_matched_geometry__seed11419,fidelity_constrained_matched_geometry,11419,1,13519,6,1.2138306270488755,0.054097226742439664,0.6705794678490131,0.6705794678490131,True,False,False,0,2
Wall,jepa_wm_wall,20,2,fidelity_constrained_matched_geometry__seed11419,fidelity_constrained_matched_geometry,11419,2,13537,6,0.9805799498843675,0.054097226742439664,0.5175256334018074,0.5175256334018074,True,False,False,5,2
Wall,jepa_wm_wall,21,2,fidelity_constrained_matched_geometry__seed11419,fidelity_constrained_matched_geometry,11419,0,13501,1,0.4612117562817797,0.1135563918087716,0.12442798164057622,0.12442798164057622,True,False,False,5,1
Wall,jepa_wm_wall,21,2,fidelity_constrained_matched_geometry__seed11419,fidelity_constrained_matched_geometry,11419,1,13519,1,0.4934454481302235,0.1135563918087716,0.12442798164057622,0.12442798164057622,True,False,False,6,1
Wall,jepa_wm_wall,21,2,fidelity_constrained_matched_geometry__seed11419,fidelity_constrained_matched_geometry,11419,2,13537,1,0.5130696958018238,0.1135563918087716,0.17076076094870335,0.17076076094870335,True,False,False,3,1
Wall,jepa_wm_wall,21,2,fidelity_constrained_matched_geometry__seed11419,fidelity_constrained_matched_geometry,11419,0,13501,3,1.0211982843680314,0.03663146723505468,0.1168170843053608,0.1168170843053608,True,False,False,5,1
Wall,jepa_wm_wall,21,2,fidelity_constrained_matched_geometry__seed11419,fidelity_constrained_matched_geometry,11419,1,13519,3,0.846181077856125,0.03663146723505468,0.1168170843053608,0.1168170843053608,True,False,False,5,1
Wall,jepa_wm_wall,21,2,fidelity_constrained_matched_geometry__seed11419,fidelity_constrained_matched_geometry,11419,2,13537,3,0.5955334793633739,0.03663146723505468,0.04961611849407828,0.04961611849407828,True,False,False,3,1
Wall,jepa_wm_wall,21,2,fidelity_constrained_matched_geometry__seed11419,fidelity_constrained_matched_geometry,11419,0,13501,6,1.1143183576381162,0.08291059941356739,0.48324186008832426,0.48324186008832426,True,False,False,1,3
Wall,jepa_wm_wall,21,2,fidelity_constrained_matched_geometry__seed11419,fidelity_constrained_matched_geometry,11419,1,13519,6,1.2053839916131495,0.08291059941356739,0.48324186008832426,0.48324186008832426,True,False,False,1,3
Wall,jepa_wm_wall,21,2,fidelity_constrained_matched_geometry__seed11419,fidelity_constrained_matched_geometry,11419,2,13537,6,0.859383291162736,0.08291059941356739,0.48324186008832426,0.48324186008832426,True,False,False,1,3
Wall,jepa_wm_wall,22,2,fidelity_constrained_matched_geometry__seed11419,fidelity_constrained_matched_geometry,11419,0,13501,1,0.8084785443312004,0.12694286968112253,0.12694286968112253,0.12694286968112253,True,False,False,5,1
Wall,jepa_wm_wall,22,2,fidelity_constrained_matched_geometry__seed11419,fidelity_constrained_matched_geometry,11419,1,13519,1,0.6146094015163376,0.12694286968112253,0.4337733398799115,0.4337733398799115,True,False,False,8,1
Wall,jepa_wm_wall,22,2,fidelity_constrained_matched_geometry__seed11419,fidelity_constrained_matched_geometry,11419,2,13537,1,0.7823609874193876,0.12694286968112253,0.21914233368624259,0.21914233368624259,True,False,False,3,1
Wall,jepa_wm_wall,22,2,fidelity_constrained_matched_geometry__seed11419,fidelity_constrained_matched_geometry,11419,0,13501,3,1.0527938756998763,0.0034078026238675394,0.06691081779439773,0.06691081779439773,True,False,False,5,1
Wall,jepa_wm_wall,22,2,fidelity_constrained_matched_geometry__seed11419,fidelity_constrained_matched_geometry,11419,1,13519,3,0.8700059562479538,0.0034078026238675394,0.0,0.0,True,False,True,1,1
Wall,jepa_wm_wall,22,2,fidelity_constrained_matched_geometry__seed11419,fidelity_constrained_matched_geometry,11419,2,13537,3,0.5273907265173218,0.0034078026238675394,0.06691081779439773,0.06691081779439773,True,False,False,5,1
Wall,jepa_wm_wall,22,2,fidelity_constrained_matched_geometry__seed11419,fidelity_constrained_matched_geometry,11419,0,13501,6,1.195714916852791,0.005672566228622634,0.5449193421845129,0.5449193421845129,True,False,False,1,3
Wall,jepa_wm_wall,22,2,fidelity_constrained_matched_geometry__seed11419,fidelity_constrained_matched_geometry,11419,1,13519,6,1.2592220524388467,0.005672566228622634,0.5449193421845129,0.5449193421845129,True,False,False,1,3
Wall,jepa_wm_wall,22,2,fidelity_constrained_matched_geometry__seed11419,fidelity_constrained_matched_geometry,11419,2,13537,6,0.9625001425407361,0.005672566228622634,0.5449193421845129,0.5449193421845129,True,False,False,1,3
Wall,jepa_wm_wall,23,2,fidelity_constrained_matched_geometry__seed11419,fidelity_constrained_matched_geometry,11419,0,13501,1,0.4824824441044389,0.0352215604069649,0.0,0.0,True,False,True,1,1
Wall,jepa_wm_wall,23,2,fidelity_constrained_matched_geometry__seed11419,fidelity_constrained_matched_geometry,11419,1,13519,1,1.0554375413437875,0.0352215604069649,0.0,0.0,True,False,True,1,1
Wall,jepa_wm_wall,23,2,fidelity_constrained_matched_geometry__seed11419,fidelity_constrained_matched_geometry,11419,2,13537,1,0.7640007840768904,0.0352215604069649,0.0,0.0,True,False,True,1,1
Wall,jepa_wm_wall,23,2,fidelity_constrained_matched_geometry__seed11419,fidelity_constrained_matched_geometry,11419,0,13501,3,0.6853309263709245,0.06654741675461008,0.20090383817171387,0.20090383817171387,True,False,False,5,4
Wall,jepa_wm_wall,23,2,fidelity_constrained_matched_geometry__seed11419,fidelity_constrained_matched_geometry,11419,1,13519,3,1.159089082067951,0.06654741675461008,0.20090383817171387,0.20090383817171387,True,False,False,5,4
Wall,jepa_wm_wall,23,2,fidelity_constrained_matched_geometry__seed11419,fidelity_constrained_matched_geometry,11419,2,13537,3,0.4649737369430219,0.06654741675461008,0.20090383817171387,0.20090383817171387,True,False,False,5,4
Wall,jepa_wm_wall,23,2,fidelity_constrained_matched_geometry__seed11419,fidelity_constrained_matched_geometry,11419,0,13501,6,1.1031063656669533,0.02483818875576625,0.52226012105352,0.52226012105352,True,False,False,5,4
Wall,jepa_wm_wall,23,2,fidelity_constrained_matched_geometry__seed11419,fidelity_constrained_matched_geometry,11419,1,13519,6,1.1880356603691915,0.02483818875576625,0.52226012105352,0.52226012105352,True,False,False,5,4
Wall,jepa_wm_wall,23,2,fidelity_constrained_matched_geometry__seed11419,fidelity_constrained_matched_geometry,11419,2,13537,6,0.9835105764185198,0.02483818875576625,0.52226012105352,0.52226012105352,True,False,False,5,4
Wall,jepa_wm_wall,48,6,fidelity_constrained_matched_geometry__seed11419,fidelity_constrained_matched_geometry,11419,0,13501,1,0.2587685895014032,0.001230240308132282,0.0,0.0,True,False,True,1,1
Wall,jepa_wm_wall,48,6,fidelity_constrained_matched_geometry__seed11419,fidelity_constrained_matched_geometry,11419,1,13519,1,0.6273653442965358,0.001230240308132282,0.0,0.0,True,False,True,1,1
Wall,jepa_wm_wall,48,6,fidelity_constrained_matched_geometry__seed11419,fidelity_constrained_matched_geometry,11419,2,13537,1,0.9909960676419306,0.001230240308132282,0.1221204240752783,0.1221204240752783,True,False,False,5,1
Wall,jepa_wm_wall,48,6,fidelity_constrained_matched_geometry__seed11419,fidelity_constrained_matched_geometry,11419,0,13501,3,0.4519809999653148,0.19997904740567995,0.3045755010194801,0.3045755010194801,True,False,False,5,1
Wall,jepa_wm_wall,48,6,fidelity_constrained_matched_geometry__seed11419,fidelity_constrained_matched_geometry,11419,1,13519,3,0.676511733510927,0.19997904740567995,0.3045755010194801,0.3045755010194801,True,False,False,5,1
Wall,jepa_wm_wall,48,6,fidelity_constrained_matched_geometry__seed11419,fidelity_constrained_matched_geometry,11419,2,13537,3,0.542617094400769,0.19997904740567995,0.3045755010194801,0.3045755010194801,True,False,False,5,1
Wall,jepa_wm_wall,48,6,fidelity_constrained_matched_geometry__seed11419,fidelity_constrained_matched_geometry,11419,0,13501,6,0.8735375179327884,0.13991464109340168,0.0,0.0,True,False,True,1,1
Wall,jepa_wm_wall,48,6,fidelity_constrained_matched_geometry__seed11419,fidelity_constrained_matched_geometry,11419,1,13519,6,0.7261322965941422,0.13991464109340168,0.0,0.0,True,False,True,1,1
Wall,jepa_wm_wall,48,6,fidelity_constrained_matched_geometry__seed11419,fidelity_constrained_matched_geometry,11419,2,13537,6,0.6751540050220283,0.13991464109340168,0.0,0.0,True,False,True,1,1
Wall,jepa_wm_wall,49,6,fidelity_constrained_matched_geometry__seed11419,fidelity_constrained_matched_geometry,11419,0,13501,1,0.37630779167131295,0.0035333624998658895,0.0,0.0,True,False,True,1,1
Wall,jepa_wm_wall,49,6,fidelity_constrained_matched_geometry__seed11419,fidelity_constrained_matched_geometry,11419,1,13519,1,0.2989298240558514,0.0035333624998658895,0.0,0.0,True,False,True,1,1
Wall,jepa_wm_wall,49,6,fidelity_constrained_matched_geometry__seed11419,fidelity_constrained_matched_geometry,11419,2,13537,1,0.7108661453680231,0.0035333624998658895,0.0,0.0,True,False,True,1,1
Wall,jepa_wm_wall,49,6,fidelity_constrained_matched_geometry__seed11419,fidelity_constrained_matched_geometry,11419,0,13501,3,0.4363641315930194,0.1617415121097364,0.0,0.0,True,False,True,1,1
Wall,jepa_wm_wall,49,6,fidelity_constrained_matched_geometry__seed11419,fidelity_constrained_matched_geometry,11419,1,13519,3,0.6769699336347177,0.1617415121097364,0.27278036352730867,0.27278036352730867,True,False,False,5,1
Wall,jepa_wm_wall,49,6,fidelity_constrained_matched_geometry__seed11419,fidelity_constrained_matched_geometry,11419,2,13537,3,0.5272301294632155,0.1617415121097364,0.27278036352730867,0.27278036352730867,True,False,False,5,1
Wall,jepa_wm_wall,49,6,fidelity_constrained_matched_geometry__seed11419,fidelity_constrained_matched_geometry,11419,0,13501,6,0.8841277314133889,0.08134523661871648,0.0,0.0,True,False,True,1,1
Wall,jepa_wm_wall,49,6,fidelity_constrained_matched_geometry__seed11419,fidelity_constrained_matched_geometry,11419,1,13519,6,0.7058011014498916,0.08134523661871648,0.0,0.0,True,False,True,1,1
Wall,jepa_wm_wall,49,6,fidelity_constrained_matched_geometry__seed11419,fidelity_constrained_matched_geometry,11419,2,13537,6,0.6719475473607462,0.08134523661871648,0.08134523661871648,0.08134523661871648,True,False,False,4,1
Wall,jepa_wm_wall,50,6,fidelity_constrained_matched_geometry__seed11419,fidelity_constrained_matched_geometry,11419,0,13501,1,0.4314356151894269,0.054122212774885464,0.0,0.0,True,False,True,1,1
Wall,jepa_wm_wall,50,6,fidelity_constrained_matched_geometry__seed11419,fidelity_constrained_matched_geometry,11419,1,13519,1,0.3485044402356006,0.054122212774885464,0.0,0.0,True,False,True,1,1
Wall,jepa_wm_wall,50,6,fidelity_constrained_matched_geometry__seed11419,fidelity_constrained_matched_geometry,11419,2,13537,1,0.8092337674406853,0.054122212774885464,0.0,0.0,True,False,True,1,1
Wall,jepa_wm_wall,50,6,fidelity_constrained_matched_geometry__seed11419,fidelity_constrained_matched_geometry,11419,0,13501,3,0.6451266105668654,0.12897649730724076,0.29607003342937677,0.29607003342937677,True,False,False,1,6
Wall,jepa_wm_wall,50,6,fidelity_constrained_matched_geometry__seed11419,fidelity_constrained_matched_geometry,11419,1,13519,3,0.9999460953185463,0.12897649730724076,0.21108969174761585,0.21108969174761585,True,False,False,5,6
Wall,jepa_wm_wall,50,6,fidelity_constrained_matched_geometry__seed11419,fidelity_constrained_matched_geometry,11419,2,13537,3,0.7854700094769592,0.12897649730724076,0.21108969174761585,0.21108969174761585,True,False,False,5,6
Wall,jepa_wm_wall,50,6,fidelity_constrained_matched_geometry__seed11419,fidelity_constrained_matched_geometry,11419,0,13501,6,1.0650023016346295,0.037144204333989565,0.19405549575924055,0.19405549575924055,True,False,False,1,4
Wall,jepa_wm_wall,50,6,fidelity_constrained_matched_geometry__seed11419,fidelity_constrained_matched_geometry,11419,1,13519,6,0.9733343525519422,0.037144204333989565,0.19405549575924055,0.19405549575924055,True,False,False,1,4
Wall,jepa_wm_wall,50,6,fidelity_constrained_matched_geometry__seed11419,fidelity_constrained_matched_geometry,11419,2,13537,6,0.852748832469652,0.037144204333989565,0.0,0.0,True,False,True,4,4
Wall,jepa_wm_wall,51,6,fidelity_constrained_matched_geometry__seed11419,fidelity_constrained_matched_geometry,11419,0,13501,1,0.31113256475425805,0.0008738033632488796,0.01522897403206608,0.01522897403206608,True,False,False,4,1
Wall,jepa_wm_wall,51,6,fidelity_constrained_matched_geometry__seed11419,fidelity_constrained_matched_geometry,11419,1,13519,1,0.8065046625702041,0.0008738033632488796,0.12172033166380862,0.12172033166380862,True,False,False,5,1
Wall,jepa_wm_wall,51,6,fidelity_constrained_matched_geometry__seed11419,fidelity_constrained_matched_geometry,11419,2,13537,1,1.1092010140530801,0.0008738033632488796,0.4223548821825772,0.4223548821825772,True,False,False,7,1
Wall,jepa_wm_wall,51,6,fidelity_constrained_matched_geometry__seed11419,fidelity_constrained_matched_geometry,11419,0,13501,3,0.7167100634814629,0.18236891449751788,0.43123857483639333,0.43123857483639333,True,False,False,3,1
Wall,jepa_wm_wall,51,6,fidelity_constrained_matched_geometry__seed11419,fidelity_constrained_matched_geometry,11419,1,13519,3,0.5740465996977755,0.18236891449751788,0.26800666634249315,0.26800666634249315,True,False,False,5,1
Wall,jepa_wm_wall,51,6,fidelity_constrained_matched_geometry__seed11419,fidelity_constrained_matched_geometry,11419,2,13537,3,0.6430736660009987,0.18236891449751788,0.25084205680435046,0.25084205680435046,True,False,False,2,1
Wall,jepa_wm_wall,51,6,fidelity_constrained_matched_geometry__seed11419,fidelity_constrained_matched_geometry,11419,0,13501,6,0.9028437787936688,0.10901940817974191,0.5176295782823793,0.5176295782823793,True,False,False,5,1
Wall,jepa_wm_wall,51,6,fidelity_constrained_matched_geometry__seed11419,fidelity_constrained_matched_geometry,11419,1,13519,6,0.8722302257821087,0.10901940817974191,0.5176295782823793,0.5176295782823793,True,False,False,5,1
Wall,jepa_wm_wall,51,6,fidelity_constrained_matched_geometry__seed11419,fidelity_constrained_matched_geometry,11419,2,13537,6,0.8718543373737854,0.10901940817974191,0.10901940817974191,0.10901940817974191,True,False,False,4,1
Wall,jepa_wm_wall,52,6,fidelity_constrained_matched_geometry__seed11419,fidelity_constrained_matched_geometry,11419,0,13501,1,0.7654701255586238,0.07100282563201721,0.0,0.0,True,False,True,1,1
Wall,jepa_wm_wall,52,6,fidelity_constrained_matched_geometry__seed11419,fidelity_constrained_matched_geometry,11419,1,13519,1,0.5530842282998969,0.07100282563201721,0.07100282563201721,0.07100282563201721,True,False,False,5,1
Wall,jepa_wm_wall,52,6,fidelity_constrained_matched_geometry__seed11419,fidelity_constrained_matched_geometry,11419,2,13537,1,1.0149236766491765,0.07100282563201721,0.5507561548240016,0.5507561548240016,True,False,False,0,1
Wall,jepa_wm_wall,52,6,fidelity_constrained_matched_geometry__seed11419,fidelity_constrained_matched_geometry,11419,0,13501,3,0.6966550335635873,0.025811218253910286,0.025811218253910286,0.025811218253910286,True,False,False,5,3
Wall,jepa_wm_wall,52,6,fidelity_constrained_matched_geometry__seed11419,fidelity_constrained_matched_geometry,11419,1,13519,3,1.0246356299116754,0.025811218253910286,0.025811218253910286,0.025811218253910286,True,False,False,5,3
Wall,jepa_wm_wall,52,6,fidelity_constrained_matched_geometry__seed11419,fidelity_constrained_matched_geometry,11419,2,13537,3,0.5297193589763313,0.025811218253910286,0.05051972594698755,0.05051972594698755,True,False,False,1,3
Wall,jepa_wm_wall,52,6,fidelity_constrained_matched_geometry__seed11419,fidelity_constrained_matched_geometry,11419,0,13501,6,1.2155739638264962,0.0384318938477101,0.5546787123699543,0.5546787123699543,True,False,False,5,3
Wall,jepa_wm_wall,52,6,fidelity_constrained_matched_geometry__seed11419,fidelity_constrained_matched_geometry,11419,1,13519,6,1.1726659722110677,0.0384318938477101,0.5546787123699543,0.5546787123699543,True,False,False,5,3
Wall,jepa_wm_wall,52,6,fidelity_constrained_matched_geometry__seed11419,fidelity_constrained_matched_geometry,11419,2,13537,6,0.9303706272490618,0.0384318938477101,0.06992941723812081,0.06992941723812081,True,False,False,4,3
Wall,jepa_wm_wall,53,6,fidelity_constrained_matched_geometry__seed11419,fidelity_constrained_matched_geometry,11419,0,13501,1,0.6787427275398756,0.009791405470287062,0.0,0.0,True,False,True,1,1
Wall,jepa_wm_wall,53,6,fidelity_constrained_matched_geometry__seed11419,fidelity_constrained_matched_geometry,11419,1,13519,1,0.7957742929791982,0.009791405470287062,0.0,0.0,True,False,True,1,1
Wall,jepa_wm_wall,53,6,fidelity_constrained_matched_geometry__seed11419,fidelity_constrained_matched_geometry,11419,2,13537,1,1.0216665162419496,0.009791405470287062,0.4488210939174718,0.4488210939174718,True,False,False,7,1
Wall,jepa_wm_wall,53,6,fidelity_constrained_matched_geometry__seed11419,fidelity_constrained_matched_geometry,11419,0,13501,3,0.46871329212458507,0.09916642903112673,0.09916642903112673,0.09916642903112673,True,False,False,1,4
Wall,jepa_wm_wall,53,6,fidelity_constrained_matched_geometry__seed11419,fidelity_constrained_matched_geometry,11419,1,13519,3,0.7583310535907655,0.09916642903112673,0.09916642903112673,0.09916642903112673,True,False,False,1,4
Wall,jepa_wm_wall,53,6,fidelity_constrained_matched_geometry__seed11419,fidelity_constrained_matched_geometry,11419,2,13537,3,0.5635377916506021,0.09916642903112673,0.1509488568966722,0.1509488568966722,True,False,False,2,4
Wall,jepa_wm_wall,53,6,fidelity_constrained_matched_geometry__seed11419,fidelity_constrained_matched_geometry,11419,0,13501,6,1.0022344482478565,0.055729041610402784,0.09643994244758064,0.09643994244758064,True,False,False,1,4
Wall,jepa_wm_wall,53,6,fidelity_constrained_matched_geometry__seed11419,fidelity_constrained_matched_geometry,11419,1,13519,6,0.835949501000314,0.055729041610402784,0.09643994244758064,0.09643994244758064,True,False,False,1,4
Wall,jepa_wm_wall,53,6,fidelity_constrained_matched_geometry__seed11419,fidelity_constrained_matched_geometry,11419,2,13537,6,0.7244675020502965,0.055729041610402784,0.09643994244758064,0.09643994244758064,True,False,False,1,4
Wall,jepa_wm_wall,54,6,fidelity_constrained_matched_geometry__seed11419,fidelity_constrained_matched_geometry,11419,0,13501,1,0.568407266256051,0.05210487275347143,0.24116091597100325,0.24116091597100325,True,False,False,3,1
Wall,jepa_wm_wall,54,6,fidelity_constrained_matched_geometry__seed11419,fidelity_constrained_matched_geometry,11419,1,13519,1,0.3482321822843454,0.05210487275347143,0.05210519554215911,0.05210519554215911,True,False,False,6,1
Wall,jepa_wm_wall,54,6,fidelity_constrained_matched_geometry__seed11419,fidelity_constrained_matched_geometry,11419,2,13537,1,0.9865566500227773,0.05210487275347143,0.381799624403083,0.381799624403083,True,False,False,7,1
Wall,jepa_wm_wall,54,6,fidelity_constrained_matched_geometry__seed11419,fidelity_constrained_matched_geometry,11419,0,13501,3,0.6039328551665928,0.20548523538405974,0.22028967914818534,0.22028967914818534,True,False,False,5,6
Wall,jepa_wm_wall,54,6,fidelity_constrained_matched_geometry__seed11419,fidelity_constrained_matched_geometry,11419,1,13519,3,0.9895047497478214,0.20548523538405974,0.22028967914818534,0.22028967914818534,True,False,False,5,6
Wall,jepa_wm_wall,54,6,fidelity_constrained_matched_geometry__seed11419,fidelity_constrained_matched_geometry,11419,2,13537,3,0.6984725112070856,0.20548523538405974,0.22028967914818534,0.22028967914818534,True,False,False,5,6
Wall,jepa_wm_wall,54,6,fidelity_constrained_matched_geometry__seed11419,fidelity_constrained_matched_geometry,11419,0,13501,6,1.0883920812576868,0.0038749650505872178,0.2353094206177578,0.2353094206177578,True,False,False,1,2
Wall,jepa_wm_wall,54,6,fidelity_constrained_matched_geometry__seed11419,fidelity_constrained_matched_geometry,11419,1,13519,6,1.081107948964032,0.0038749650505872178,0.2353094206177578,0.2353094206177578,True,False,False,1,2
Wall,jepa_wm_wall,54,6,fidelity_constrained_matched_geometry__seed11419,fidelity_constrained_matched_geometry,11419,2,13537,6,0.8877740021775469,0.0038749650505872178,0.514172621782109,0.514172621782109,True,False,False,5,2
Wall,jepa_wm_wall,55,6,fidelity_constrained_matched_geometry__seed11419,fidelity_constrained_matched_geometry,11419,0,13501,1,0.7029334982466285,0.12339387776632706,0.12339387776632706,0.12339387776632706,True,False,False,6,1
Wall,jepa_wm_wall,55,6,fidelity_constrained_matched_geometry__seed11419,fidelity_constrained_matched_geometry,11419,1,13519,1,0.46479459122792677,0.12339387776632706,0.12878988818760687,0.12878988818760687,True,False,False,4,1
Wall,jepa_wm_wall,55,6,fidelity_constrained_matched_geometry__seed11419,fidelity_constrained_matched_geometry,11419,2,13537,1,0.746873980396537,0.12339387776632706,0.12339387776632706,0.12339387776632706,True,False,False,6,1
Wall,jepa_wm_wall,55,6,fidelity_constrained_matched_geometry__seed11419,fidelity_constrained_matched_geometry,11419,0,13501,3,0.719798786116799,0.05867158711655809,0.19830582185068493,0.19830582185068493,True,False,False,1,6
Wall,jepa_wm_wall,55,6,fidelity_constrained_matched_geometry__seed11419,fidelity_constrained_matched_geometry,11419,1,13519,3,0.8190632505983584,0.05867158711655809,0.1600320766712798,0.1600320766712798,True,False,False,5,6
Wall,jepa_wm_wall,55,6,fidelity_constrained_matched_geometry__seed11419,fidelity_constrained_matched_geometry,11419,2,13537,3,0.6942355034955305,0.05867158711655809,0.2094691332620639,0.2094691332620639,True,False,False,3,6
Wall,jepa_wm_wall,55,6,fidelity_constrained_matched_geometry__seed11419,fidelity_constrained_matched_geometry,11419,0,13501,6,1.1607332367450405,0.04633499368663333,0.510367303771342,0.510367303771342,True,False,False,1,2
Wall,jepa_wm_wall,55,6,fidelity_constrained_matched_geometry__seed11419,fidelity_constrained_matched_geometry,11419,1,13519,6,1.0399531189347324,0.04633499368663333,0.510367303771342,0.510367303771342,True,False,False,1,2
Wall,jepa_wm_wall,55,6,fidelity_constrained_matched_geometry__seed11419,fidelity_constrained_matched_geometry,11419,2,13537,6,0.9269294381813916,0.04633499368663333,0.04633499368663333,0.04633499368663333,True,False,False,4,2
Wall,jepa_wm_wall,8,1,fidelity_constrained_latent_only__seed11437,fidelity_constrained_latent_only,11437,0,13501,1,0.41421685227964933,0.016152705182870427,0.13136509441264696,0.13136509441264696,True,False,False,3,2
Wall,jepa_wm_wall,8,1,fidelity_constrained_latent_only__seed11437,fidelity_constrained_latent_only,11437,1,13519,1,0.7526032284188272,0.016152705182870427,0.12071148770637684,0.12071148770637684,True,False,False,5,2
Wall,jepa_wm_wall,8,1,fidelity_constrained_latent_only__seed11437,fidelity_constrained_latent_only,11437,2,13537,1,0.6648537395325531,0.016152705182870427,0.12071148770637684,0.12071148770637684,True,False,False,5,2
Wall,jepa_wm_wall,8,1,fidelity_constrained_latent_only__seed11437,fidelity_constrained_latent_only,11437,0,13501,3,0.48170657769753894,0.07614176734582923,0.08482373582968013,0.08482373582968013,True,False,False,5,4
Wall,jepa_wm_wall,8,1,fidelity_constrained_latent_only__seed11437,fidelity_constrained_latent_only,11437,1,13519,3,0.5750020094326456,0.07614176734582923,0.08482373582968013,0.08482373582968013,True,False,False,5,4
Wall,jepa_wm_wall,8,1,fidelity_constrained_latent_only__seed11437,fidelity_constrained_latent_only,11437,2,13537,3,0.46884373999965084,0.07614176734582923,0.08482373582968013,0.08482373582968013,True,False,False,5,4
Wall,jepa_wm_wall,8,1,fidelity_constrained_latent_only__seed11437,fidelity_constrained_latent_only,11437,0,13501,6,0.6971235582639328,0.029846874393166266,0.38510477756994244,0.38510477756994244,True,False,False,5,4
Wall,jepa_wm_wall,8,1,fidelity_constrained_latent_only__seed11437,fidelity_constrained_latent_only,11437,1,13519,6,0.5647966724819735,0.029846874393166266,0.0,0.0,True,False,True,4,4
Wall,jepa_wm_wall,8,1,fidelity_constrained_latent_only__seed11437,fidelity_constrained_latent_only,11437,2,13537,6,0.7056749654977854,0.029846874393166266,0.0,0.0,True,False,True,4,4
Wall,jepa_wm_wall,9,1,fidelity_constrained_latent_only__seed11437,fidelity_constrained_latent_only,11437,0,13501,1,0.7117318947140494,0.12507081777279483,0.42975130258508343,0.42975130258508343,True,False,False,7,1
Wall,jepa_wm_wall,9,1,fidelity_constrained_latent_only__seed11437,fidelity_constrained_latent_only,11437,1,13519,1,0.4594946376262603,0.12507081777279483,0.0,0.0,True,False,True,1,1
Wall,jepa_wm_wall,9,1,fidelity_constrained_latent_only__seed11437,fidelity_constrained_latent_only,11437,2,13537,1,0.7672305160274988,0.12507081777279483,0.12507081777279483,0.12507081777279483,True,False,False,5,1
Wall,jepa_wm_wall,9,1,fidelity_constrained_latent_only__seed11437,fidelity_constrained_latent_only,11437,0,13501,3,0.6304108681625906,0.054847575896831174,0.054847575896831174,0.054847575896831174,True,False,False,5,1
Wall,jepa_wm_wall,9,1,fidelity_constrained_latent_only__seed11437,fidelity_constrained_latent_only,11437,1,13519,3,0.6740802957005646,0.054847575896831174,0.0,0.0,True,False,True,1,1
Wall,jepa_wm_wall,9,1,fidelity_constrained_latent_only__seed11437,fidelity_constrained_latent_only,11437,2,13537,3,0.8828680797534794,0.054847575896831174,0.0,0.0,True,False,True,1,1
Wall,jepa_wm_wall,9,1,fidelity_constrained_latent_only__seed11437,fidelity_constrained_latent_only,11437,0,13501,6,0.9685604676531376,0.014740318180249878,0.5301166754314394,0.5301166754314394,True,False,False,7,2
Wall,jepa_wm_wall,9,1,fidelity_constrained_latent_only__seed11437,fidelity_constrained_latent_only,11437,1,13519,6,0.5997186108931245,0.014740318180249878,0.0,0.0,True,False,True,2,2
Wall,jepa_wm_wall,9,1,fidelity_constrained_latent_only__seed11437,fidelity_constrained_latent_only,11437,2,13537,6,0.8823393214599047,0.014740318180249878,0.5442535818012866,0.5442535818012866,True,False,False,1,2
Wall,jepa_wm_wall,10,1,fidelity_constrained_latent_only__seed11437,fidelity_constrained_latent_only,11437,0,13501,1,0.4754019886852083,0.0012356039916028997,0.12286421707529614,0.12286421707529614,True,False,False,6,1
Wall,jepa_wm_wall,10,1,fidelity_constrained_latent_only__seed11437,fidelity_constrained_latent_only,11437,1,13519,1,0.7374176239303218,0.0012356039916028997,0.0012356039916028997,0.0012356039916028997,True,False,False,4,1
Wall,jepa_wm_wall,10,1,fidelity_constrained_latent_only__seed11437,fidelity_constrained_latent_only,11437,2,13537,1,0.6058569901947398,0.0012356039916028997,0.12286421707529614,0.12286421707529614,True,False,False,5,1
Wall,jepa_wm_wall,10,1,fidelity_constrained_latent_only__seed11437,fidelity_constrained_latent_only,11437,0,13501,3,0.530744600891556,0.15965748274850114,0.20731631818021912,0.20731631818021912,True,False,False,5,1
Wall,jepa_wm_wall,10,1,fidelity_constrained_latent_only__seed11437,fidelity_constrained_latent_only,11437,1,13519,3,0.4276214077441622,0.15965748274850114,0.20731631818021912,0.20731631818021912,True,False,False,5,1
Wall,jepa_wm_wall,10,1,fidelity_constrained_latent_only__seed11437,fidelity_constrained_latent_only,11437,2,13537,3,0.5266330890037405,0.15965748274850114,0.20731631818021912,0.20731631818021912,True,False,False,5,1
Wall,jepa_wm_wall,10,1,fidelity_constrained_latent_only__seed11437,fidelity_constrained_latent_only,11437,0,13501,6,0.6977106123850513,0.08421266293753488,0.0,0.0,True,False,True,1,1
Wall,jepa_wm_wall,10,1,fidelity_constrained_latent_only__seed11437,fidelity_constrained_latent_only,11437,1,13519,6,0.653688369015586,0.08421266293753488,0.0,0.0,True,False,True,1,1
Wall,jepa_wm_wall,10,1,fidelity_constrained_latent_only__seed11437,fidelity_constrained_latent_only,11437,2,13537,6,0.6706474030015966,0.08421266293753488,0.0,0.0,True,False,True,1,1
Wall,jepa_wm_wall,11,1,fidelity_constrained_latent_only__seed11437,fidelity_constrained_latent_only,11437,0,13501,1,0.5169177189571209,0.006092489128857203,0.03012359321854074,0.03012359321854074,True,False,False,2,1
Wall,jepa_wm_wall,11,1,fidelity_constrained_latent_only__seed11437,fidelity_constrained_latent_only,11437,1,13519,1,0.2933407061417336,0.006092489128857203,0.0,0.0,True,False,True,1,1
Wall,jepa_wm_wall,11,1,fidelity_constrained_latent_only__seed11437,fidelity_constrained_latent_only,11437,2,13537,1,0.8709332202745537,0.006092489128857203,0.12172401676917176,0.12172401676917176,True,False,False,5,1
Wall,jepa_wm_wall,11,1,fidelity_constrained_latent_only__seed11437,fidelity_constrained_latent_only,11437,0,13501,3,0.4730932004563907,0.05350381994101328,0.16557815588742084,0.16557815588742084,True,False,False,5,1
Wall,jepa_wm_wall,11,1,fidelity_constrained_latent_only__seed11437,fidelity_constrained_latent_only,11437,1,13519,3,0.4923259141970753,0.05350381994101328,0.16557815588742084,0.16557815588742084,True,False,False,5,1
Wall,jepa_wm_wall,11,1,fidelity_constrained_latent_only__seed11437,fidelity_constrained_latent_only,11437,2,13537,3,0.3763358210700673,0.05350381994101328,0.16557815588742084,0.16557815588742084,True,False,False,5,1
Wall,jepa_wm_wall,11,1,fidelity_constrained_latent_only__seed11437,fidelity_constrained_latent_only,11437,0,13501,6,0.7568423866036779,0.029439984357622885,0.0,0.0,True,False,True,1,1
Wall,jepa_wm_wall,11,1,fidelity_constrained_latent_only__seed11437,fidelity_constrained_latent_only,11437,1,13519,6,0.5853716393615118,0.029439984357622885,0.0,0.0,True,False,True,1,1
Wall,jepa_wm_wall,11,1,fidelity_constrained_latent_only__seed11437,fidelity_constrained_latent_only,11437,2,13537,6,0.7105919760513321,0.029439984357622885,0.4318705968941839,0.4318705968941839,True,False,False,5,1
Wall,jepa_wm_wall,12,1,fidelity_constrained_latent_only__seed11437,fidelity_constrained_latent_only,11437,0,13501,1,0.6577179408898483,0.12456447628524758,0.12456477430848922,0.12456477430848922,True,False,False,5,1
Wall,jepa_wm_wall,12,1,fidelity_constrained_latent_only__seed11437,fidelity_constrained_latent_only,11437,1,13519,1,0.40125615179485075,0.12456447628524758,0.0,0.0,True,False,True,1,1
Wall,jepa_wm_wall,12,1,fidelity_constrained_latent_only__seed11437,fidelity_constrained_latent_only,11437,2,13537,1,0.7761506373437271,0.12456447628524758,0.0,0.0,True,False,True,1,1
Wall,jepa_wm_wall,12,1,fidelity_constrained_latent_only__seed11437,fidelity_constrained_latent_only,11437,0,13501,3,0.8138213384713353,0.06321905065029236,0.0,0.0,True,False,True,1,1
Wall,jepa_wm_wall,12,1,fidelity_constrained_latent_only__seed11437,fidelity_constrained_latent_only,11437,1,13519,3,1.0579043631242604,0.06321905065029236,0.0,0.0,True,False,True,1,1
Wall,jepa_wm_wall,12,1,fidelity_constrained_latent_only__seed11437,fidelity_constrained_latent_only,11437,2,13537,3,0.6060808446877749,0.06321905065029236,0.0,0.0,True,False,True,1,1
Wall,jepa_wm_wall,12,1,fidelity_constrained_latent_only__seed11437,fidelity_constrained_latent_only,11437,0,13501,6,0.7535500293535738,0.051845683435020974,0.35930745806411185,0.35930745806411185,True,False,False,7,3
Wall,jepa_wm_wall,12,1,fidelity_constrained_latent_only__seed11437,fidelity_constrained_latent_only,11437,1,13519,6,0.6208678492342792,0.051845683435020974,0.21116622450814518,0.21116622450814518,True,False,False,4,3
Wall,jepa_wm_wall,12,1,fidelity_constrained_latent_only__seed11437,fidelity_constrained_latent_only,11437,2,13537,6,0.75867440168142,0.051845683435020974,0.31883657143532496,0.31883657143532496,True,False,False,1,3
Wall,jepa_wm_wall,13,1,fidelity_constrained_latent_only__seed11437,fidelity_constrained_latent_only,11437,0,13501,1,0.44170157009227734,0.0032743813559044216,0.028695465844599356,0.028695465844599356,True,False,False,4,1
Wall,jepa_wm_wall,13,1,fidelity_constrained_latent_only__seed11437,fidelity_constrained_latent_only,11437,1,13519,1,0.7525069418384044,0.0032743813559044216,0.028695465844599356,0.028695465844599356,True,False,False,4,1
Wall,jepa_wm_wall,13,1,fidelity_constrained_latent_only__seed11437,fidelity_constrained_latent_only,11437,2,13537,1,0.7553228299043622,0.0032743813559044216,0.028695465844599356,0.028695465844599356,True,False,False,4,1
Wall,jepa_wm_wall,13,1,fidelity_constrained_latent_only__seed11437,fidelity_constrained_latent_only,11437,0,13501,3,0.4172198445910046,0.14527104206009775,0.0,0.0,True,False,True,4,4
Wall,jepa_wm_wall,13,1,fidelity_constrained_latent_only__seed11437,fidelity_constrained_latent_only,11437,1,13519,3,0.38191470320803705,0.14527104206009775,0.14527104206009775,0.14527104206009775,True,False,False,5,4
Wall,jepa_wm_wall,13,1,fidelity_constrained_latent_only__seed11437,fidelity_constrained_latent_only,11437,2,13537,3,0.34509783944519296,0.14527104206009775,0.14527104206009775,0.14527104206009775,True,False,False,5,4
Wall,jepa_wm_wall,13,1,fidelity_constrained_latent_only__seed11437,fidelity_constrained_latent_only,11437,0,13501,6,0.592984571088016,0.4162684616699494,0.4162684616699494,0.4162684616699494,True,False,False,5,4
Wall,jepa_wm_wall,13,1,fidelity_constrained_latent_only__seed11437,fidelity_constrained_latent_only,11437,1,13519,6,0.5164595101267061,0.4162684616699494,0.0,0.0,True,False,True,4,4
Wall,jepa_wm_wall,13,1,fidelity_constrained_latent_only__seed11437,fidelity_constrained_latent_only,11437,2,13537,6,0.5667307381295277,0.4162684616699494,0.0,0.0,True,False,True,4,4
Wall,jepa_wm_wall,14,1,fidelity_constrained_latent_only__seed11437,fidelity_constrained_latent_only,11437,0,13501,1,1.1196665743870329,0.1235923244710162,0.1235923244710162,0.1235923244710162,True,False,False,5,1
Wall,jepa_wm_wall,14,1,fidelity_constrained_latent_only__seed11437,fidelity_constrained_latent_only,11437,1,13519,1,0.3753688523332922,0.1235923244710162,0.1235923244710162,0.1235923244710162,True,False,False,5,1
Wall,jepa_wm_wall,14,1,fidelity_constrained_latent_only__seed11437,fidelity_constrained_latent_only,11437,2,13537,1,0.946130900992884,0.1235923244710162,0.1235923244710162,0.1235923244710162,True,False,False,5,1
Wall,jepa_wm_wall,14,1,fidelity_constrained_latent_only__seed11437,fidelity_constrained_latent_only,11437,0,13501,3,0.7527469972610635,0.02103669177229461,0.03871608563546807,0.03871608563546807,True,False,False,5,4
Wall,jepa_wm_wall,14,1,fidelity_constrained_latent_only__seed11437,fidelity_constrained_latent_only,11437,1,13519,3,0.48915476303482697,0.02103669177229461,0.03871608563546807,0.03871608563546807,True,False,False,5,4
Wall,jepa_wm_wall,14,1,fidelity_constrained_latent_only__seed11437,fidelity_constrained_latent_only,11437,2,13537,3,0.5834813505664518,0.02103669177229461,0.02103669177229461,0.02103669177229461,True,False,False,1,4
Wall,jepa_wm_wall,14,1,fidelity_constrained_latent_only__seed11437,fidelity_constrained_latent_only,11437,0,13501,6,0.8766318565380405,0.018693811713921336,0.0,0.0,True,False,True,4,4
Wall,jepa_wm_wall,14,1,fidelity_constrained_latent_only__seed11437,fidelity_constrained_latent_only,11437,1,13519,6,0.6794028123147534,0.018693811713921336,0.0,0.0,True,False,True,4,4
Wall,jepa_wm_wall,14,1,fidelity_constrained_latent_only__seed11437,fidelity_constrained_latent_only,11437,2,13537,6,0.8309480694942746,0.018693811713921336,0.0,0.0,True,False,True,4,4
Wall,jepa_wm_wall,15,1,fidelity_constrained_latent_only__seed11437,fidelity_constrained_latent_only,11437,0,13501,1,0.2303508210550232,0.12749000243931988,0.12749000243931988,0.12749000243931988,True,False,False,5,1
Wall,jepa_wm_wall,15,1,fidelity_constrained_latent_only__seed11437,fidelity_constrained_latent_only,11437,1,13519,1,0.7815634934197155,0.12749000243931988,0.12749000243931988,0.12749000243931988,True,False,False,5,1
Wall,jepa_wm_wall,15,1,fidelity_constrained_latent_only__seed11437,fidelity_constrained_latent_only,11437,2,13537,1,0.5108495898338604,0.12749000243931988,0.0,0.0,True,False,True,1,1
Wall,jepa_wm_wall,15,1,fidelity_constrained_latent_only__seed11437,fidelity_constrained_latent_only,11437,0,13501,3,0.9356732466309801,0.019446629235054986,0.09083780960232728,0.09083780960232728,True,False,False,7,5
Wall,jepa_wm_wall,15,1,fidelity_constrained_latent_only__seed11437,fidelity_constrained_latent_only,11437,1,13519,3,0.46300652478060467,0.019446629235054986,0.0,0.0,True,False,True,5,5
Wall,jepa_wm_wall,15,1,fidelity_constrained_latent_only__seed11437,fidelity_constrained_latent_only,11437,2,13537,3,0.723412054322351,0.019446629235054986,0.019446629235054986,0.019446629235054986,True,False,False,1,5
Wall,jepa_wm_wall,15,1,fidelity_constrained_latent_only__seed11437,fidelity_constrained_latent_only,11437,0,13501,6,0.9712627424087499,0.02109195364658048,0.5003648254496518,0.5003648254496518,True,False,False,5,2
Wall,jepa_wm_wall,15,1,fidelity_constrained_latent_only__seed11437,fidelity_constrained_latent_only,11437,1,13519,6,0.8606985010281678,0.02109195364658048,0.5003648254496518,0.5003648254496518,True,False,False,5,2
Wall,jepa_wm_wall,15,1,fidelity_constrained_latent_only__seed11437,fidelity_constrained_latent_only,11437,2,13537,6,1.0184816338325493,0.02109195364658048,0.5771397547345211,0.5771397547345211,True,False,False,1,2
Wall,jepa_wm_wall,16,2,fidelity_constrained_latent_only__seed11437,fidelity_constrained_latent_only,11437,0,13501,1,0.6681457627525896,0.08029399387979654,0.163625439733162,0.163625439733162,True,False,False,3,1
Wall,jepa_wm_wall,16,2,fidelity_constrained_latent_only__seed11437,fidelity_constrained_latent_only,11437,1,13519,1,0.44190146362437777,0.08029399387979654,0.0,0.0,True,False,True,1,1
Wall,jepa_wm_wall,16,2,fidelity_constrained_latent_only__seed11437,fidelity_constrained_latent_only,11437,2,13537,1,0.7730437242767816,0.08029399387979654,0.0,0.0,True,False,True,1,1
Wall,jepa_wm_wall,16,2,fidelity_constrained_latent_only__seed11437,fidelity_constrained_latent_only,11437,0,13501,3,0.729546809500347,0.005638604719787298,0.0,0.0,True,False,True,2,2
Wall,jepa_wm_wall,16,2,fidelity_constrained_latent_only__seed11437,fidelity_constrained_latent_only,11437,1,13519,3,1.4600685780390878,0.005638604719787298,0.1362528665233449,0.1362528665233449,True,False,False,5,2
Wall,jepa_wm_wall,16,2,fidelity_constrained_latent_only__seed11437,fidelity_constrained_latent_only,11437,2,13537,3,0.831374371278863,0.005638604719787298,0.1362528665233449,0.1362528665233449,True,False,False,5,2
Wall,jepa_wm_wall,16,2,fidelity_constrained_latent_only__seed11437,fidelity_constrained_latent_only,11437,0,13501,6,0.970222505119271,0.0428317804300752,0.0428317804300752,0.0428317804300752,True,False,False,4,2
Wall,jepa_wm_wall,16,2,fidelity_constrained_latent_only__seed11437,fidelity_constrained_latent_only,11437,1,13519,6,1.346141468957282,0.0428317804300752,0.7525922555369676,0.7525922555369676,True,False,False,7,2
Wall,jepa_wm_wall,16,2,fidelity_constrained_latent_only__seed11437,fidelity_constrained_latent_only,11437,2,13537,6,1.1140462850886097,0.0428317804300752,0.5310357923198618,0.5310357923198618,True,False,False,5,2
Wall,jepa_wm_wall,17,2,fidelity_constrained_latent_only__seed11437,fidelity_constrained_latent_only,11437,0,13501,1,0.9972947407314294,0.12688063729252005,0.12688078630405206,0.12688078630405206,True,False,False,5,1
Wall,jepa_wm_wall,17,2,fidelity_constrained_latent_only__seed11437,fidelity_constrained_latent_only,11437,1,13519,1,0.6924952891183659,0.12688063729252005,0.12688063729252005,0.12688063729252005,True,False,False,6,1
Wall,jepa_wm_wall,17,2,fidelity_constrained_latent_only__seed11437,fidelity_constrained_latent_only,11437,2,13537,1,0.8212515451329088,0.12688063729252005,0.15493012104206744,0.15493012104206744,True,False,False,4,1
Wall,jepa_wm_wall,17,2,fidelity_constrained_latent_only__seed11437,fidelity_constrained_latent_only,11437,0,13501,3,1.1534859071101236,0.0045777647931245415,0.012795532604759382,0.012795532604759382,True,False,False,2,1
Wall,jepa_wm_wall,17,2,fidelity_constrained_latent_only__seed11437,fidelity_constrained_latent_only,11437,1,13519,3,1.1456477997747174,0.0045777647931245415,0.43786957253088177,0.43786957253088177,True,False,False,0,1
Wall,jepa_wm_wall,17,2,fidelity_constrained_latent_only__seed11437,fidelity_constrained_latent_only,11437,2,13537,3,0.6270842748734345,0.0045777647931245415,0.0666852161712895,0.0666852161712895,True,False,False,5,1
Wall,jepa_wm_wall,17,2,fidelity_constrained_latent_only__seed11437,fidelity_constrained_latent_only,11437,0,13501,6,0.9674214697376389,0.00537754688799704,0.5056518914503548,0.5056518914503548,True,False,False,6,3
Wall,jepa_wm_wall,17,2,fidelity_constrained_latent_only__seed11437,fidelity_constrained_latent_only,11437,1,13519,6,1.2568283101106033,0.00537754688799704,0.5122518561014756,0.5122518561014756,True,False,False,5,3
Wall,jepa_wm_wall,17,2,fidelity_constrained_latent_only__seed11437,fidelity_constrained_latent_only,11437,2,13537,6,0.983312044819927,0.00537754688799704,0.5122518561014756,0.5122518561014756,True,False,False,5,3
Wall,jepa_wm_wall,18,2,fidelity_constrained_latent_only__seed11437,fidelity_constrained_latent_only,11437,0,13501,1,0.881571901243549,0.08790014078613739,0.0,0.0,True,False,True,1,1
Wall,jepa_wm_wall,18,2,fidelity_constrained_latent_only__seed11437,fidelity_constrained_latent_only,11437,1,13519,1,0.5083346029006711,0.08790014078613739,0.0,0.0,True,False,True,1,1
Wall,jepa_wm_wall,18,2,fidelity_constrained_latent_only__seed11437,fidelity_constrained_latent_only,11437,2,13537,1,0.18696088814615486,0.08790014078613739,0.12115863057169185,0.12115863057169185,True,False,False,6,1
Wall,jepa_wm_wall,18,2,fidelity_constrained_latent_only__seed11437,fidelity_constrained_latent_only,11437,0,13501,3,0.8529760896180838,0.06357119324461176,0.0,0.0,True,False,True,1,1
Wall,jepa_wm_wall,18,2,fidelity_constrained_latent_only__seed11437,fidelity_constrained_latent_only,11437,1,13519,3,0.6204138582538021,0.06357119324461176,0.06357119324461176,0.06357119324461176,True,False,False,4,1
Wall,jepa_wm_wall,18,2,fidelity_constrained_latent_only__seed11437,fidelity_constrained_latent_only,11437,2,13537,3,0.3990198812256266,0.06357119324461176,0.0,0.0,True,False,True,1,1
Wall,jepa_wm_wall,18,2,fidelity_constrained_latent_only__seed11437,fidelity_constrained_latent_only,11437,0,13501,6,0.718910470467369,0.06074535502837518,0.0,0.0,True,False,True,6,6
Wall,jepa_wm_wall,18,2,fidelity_constrained_latent_only__seed11437,fidelity_constrained_latent_only,11437,1,13519,6,1.1217309288034973,0.06074535502837518,0.20337306739366096,0.20337306739366096,True,False,False,5,6
Wall,jepa_wm_wall,18,2,fidelity_constrained_latent_only__seed11437,fidelity_constrained_latent_only,11437,2,13537,6,0.6827820300938335,0.06074535502837518,0.20337306739366096,0.20337306739366096,True,False,False,5,6
Wall,jepa_wm_wall,19,2,fidelity_constrained_latent_only__seed11437,fidelity_constrained_latent_only,11437,0,13501,1,0.3262773613646236,0.0012619796047764191,0.007615091005135686,0.007615091005135686,True,False,False,4,1
Wall,jepa_wm_wall,19,2,fidelity_constrained_latent_only__seed11437,fidelity_constrained_latent_only,11437,1,13519,1,1.6135750394374897,0.0012619796047764191,0.4328822502546236,0.4328822502546236,True,False,False,7,1
Wall,jepa_wm_wall,19,2,fidelity_constrained_latent_only__seed11437,fidelity_constrained_latent_only,11437,2,13537,1,0.6334749659414153,0.0012619796047764191,0.0,0.0,True,False,True,1,1
Wall,jepa_wm_wall,19,2,fidelity_constrained_latent_only__seed11437,fidelity_constrained_latent_only,11437,0,13501,3,0.7042650585983136,0.23155633681788695,0.23643313898908538,0.23643313898908538,True,False,False,4,1
Wall,jepa_wm_wall,19,2,fidelity_constrained_latent_only__seed11437,fidelity_constrained_latent_only,11437,1,13519,3,0.9025339898496835,0.23155633681788695,0.5496849397943441,0.5496849397943441,True,False,False,7,1
Wall,jepa_wm_wall,19,2,fidelity_constrained_latent_only__seed11437,fidelity_constrained_latent_only,11437,2,13537,3,0.6617757994080423,0.23155633681788695,0.5496849397943441,0.5496849397943441,True,False,False,7,1
Wall,jepa_wm_wall,19,2,fidelity_constrained_latent_only__seed11437,fidelity_constrained_latent_only,11437,0,13501,6,0.9971300226074838,0.021179216124354038,0.4811349945468107,0.4811349945468107,True,False,False,5,1
Wall,jepa_wm_wall,19,2,fidelity_constrained_latent_only__seed11437,fidelity_constrained_latent_only,11437,1,13519,6,1.2261386195692645,0.021179216124354038,0.6658034424361426,0.6658034424361426,True,False,False,0,1
Wall,jepa_wm_wall,19,2,fidelity_constrained_latent_only__seed11437,fidelity_constrained_latent_only,11437,2,13537,6,1.054573538178144,0.021179216124354038,0.4811349945468107,0.4811349945468107,True,False,False,5,1
Wall,jepa_wm_wall,20,2,fidelity_constrained_latent_only__seed11437,fidelity_constrained_latent_only,11437,0,13501,1,1.0512438368252517,0.09692983861294002,0.4375463146812976,0.4375463146812976,True,False,False,8,1
Wall,jepa_wm_wall,20,2,fidelity_constrained_latent_only__seed11437,fidelity_constrained_latent_only,11437,1,13519,1,1.657248527250756,0.09692983861294002,0.5769228648680464,0.5769228648680464,True,False,False,0,1
Wall,jepa_wm_wall,20,2,fidelity_constrained_latent_only__seed11437,fidelity_constrained_latent_only,11437,2,13537,1,0.9128945102982392,0.09692983861294002,0.12873220149056347,0.12873220149056347,True,False,False,5,1
Wall,jepa_wm_wall,20,2,fidelity_constrained_latent_only__seed11437,fidelity_constrained_latent_only,11437,0,13501,3,0.7331793144401266,0.1083018003488066,0.18914274310056906,0.18914274310056906,True,False,False,4,6
Wall,jepa_wm_wall,20,2,fidelity_constrained_latent_only__seed11437,fidelity_constrained_latent_only,11437,1,13519,3,1.4281908430455763,0.1083018003488066,0.4705035616516968,0.4705035616516968,True,False,False,7,6
Wall,jepa_wm_wall,20,2,fidelity_constrained_latent_only__seed11437,fidelity_constrained_latent_only,11437,2,13537,3,0.4570013366269356,0.1083018003488066,0.18914274310056906,0.18914274310056906,True,False,False,4,6
Wall,jepa_wm_wall,20,2,fidelity_constrained_latent_only__seed11437,fidelity_constrained_latent_only,11437,0,13501,6,0.9673257406348842,0.054097226742439664,0.3477921036549551,0.3477921036549551,True,False,False,1,2
Wall,jepa_wm_wall,20,2,fidelity_constrained_latent_only__seed11437,fidelity_constrained_latent_only,11437,1,13519,6,1.323910098499058,0.054097226742439664,0.6705794678490131,0.6705794678490131,True,False,False,0,2
Wall,jepa_wm_wall,20,2,fidelity_constrained_latent_only__seed11437,fidelity_constrained_latent_only,11437,2,13537,6,0.8809432161818115,0.054097226742439664,0.054097226742439664,0.054097226742439664,True,False,False,4,2
Wall,jepa_wm_wall,21,2,fidelity_constrained_latent_only__seed11437,fidelity_constrained_latent_only,11437,0,13501,1,0.4052422338309229,0.1135563918087716,0.0,0.0,True,False,True,1,1
Wall,jepa_wm_wall,21,2,fidelity_constrained_latent_only__seed11437,fidelity_constrained_latent_only,11437,1,13519,1,0.5520114301508726,0.1135563918087716,0.12442798164057622,0.12442798164057622,True,False,False,6,1
Wall,jepa_wm_wall,21,2,fidelity_constrained_latent_only__seed11437,fidelity_constrained_latent_only,11437,2,13537,1,0.6633438382847948,0.1135563918087716,0.17076076094870335,0.17076076094870335,True,False,False,3,1
Wall,jepa_wm_wall,21,2,fidelity_constrained_latent_only__seed11437,fidelity_constrained_latent_only,11437,0,13501,3,0.9496244483053863,0.03663146723505468,0.04961611849407828,0.04961611849407828,True,False,False,3,1
Wall,jepa_wm_wall,21,2,fidelity_constrained_latent_only__seed11437,fidelity_constrained_latent_only,11437,1,13519,3,0.9799296675685223,0.03663146723505468,0.1168170843053608,0.1168170843053608,True,False,False,5,1
Wall,jepa_wm_wall,21,2,fidelity_constrained_latent_only__seed11437,fidelity_constrained_latent_only,11437,2,13537,3,0.7166076080343864,0.03663146723505468,0.1168170843053608,0.1168170843053608,True,False,False,5,1
Wall,jepa_wm_wall,21,2,fidelity_constrained_latent_only__seed11437,fidelity_constrained_latent_only,11437,0,13501,6,0.8796746377812704,0.08291059941356739,0.13758354287738728,0.13758354287738728,True,False,False,4,3
Wall,jepa_wm_wall,21,2,fidelity_constrained_latent_only__seed11437,fidelity_constrained_latent_only,11437,1,13519,6,1.2167649558889715,0.08291059941356739,0.498905430757148,0.498905430757148,True,False,False,5,3
Wall,jepa_wm_wall,21,2,fidelity_constrained_latent_only__seed11437,fidelity_constrained_latent_only,11437,2,13537,6,0.902920853086762,0.08291059941356739,0.498905430757148,0.498905430757148,True,False,False,5,3
Wall,jepa_wm_wall,22,2,fidelity_constrained_latent_only__seed11437,fidelity_constrained_latent_only,11437,0,13501,1,0.9925266169481084,0.12694286968112253,0.12694286968112253,0.12694286968112253,True,False,False,5,1
Wall,jepa_wm_wall,22,2,fidelity_constrained_latent_only__seed11437,fidelity_constrained_latent_only,11437,1,13519,1,0.729756249572615,0.12694286968112253,0.12694286968112253,0.12694286968112253,True,False,False,6,1
Wall,jepa_wm_wall,22,2,fidelity_constrained_latent_only__seed11437,fidelity_constrained_latent_only,11437,2,13537,1,0.7614971034966295,0.12694286968112253,0.1902191737751429,0.1902191737751429,True,False,False,2,1
Wall,jepa_wm_wall,22,2,fidelity_constrained_latent_only__seed11437,fidelity_constrained_latent_only,11437,0,13501,3,1.162080993391802,0.0034078026238675394,0.012168356267505986,0.012168356267505986,True,False,False,2,1
Wall,jepa_wm_wall,22,2,fidelity_constrained_latent_only__seed11437,fidelity_constrained_latent_only,11437,1,13519,3,1.1176273818622695,0.0034078026238675394,0.06691081779439773,0.06691081779439773,True,False,False,5,1
Wall,jepa_wm_wall,22,2,fidelity_constrained_latent_only__seed11437,fidelity_constrained_latent_only,11437,2,13537,3,0.6303827930589229,0.0034078026238675394,0.06691081779439773,0.06691081779439773,True,False,False,5,1
Wall,jepa_wm_wall,22,2,fidelity_constrained_latent_only__seed11437,fidelity_constrained_latent_only,11437,0,13501,6,0.984259386896708,0.005672566228622634,0.5045676407767156,0.5045676407767156,True,False,False,6,3
Wall,jepa_wm_wall,22,2,fidelity_constrained_latent_only__seed11437,fidelity_constrained_latent_only,11437,1,13519,6,1.261337668612293,0.005672566228622634,0.5121504452624783,0.5121504452624783,True,False,False,5,3
Wall,jepa_wm_wall,22,2,fidelity_constrained_latent_only__seed11437,fidelity_constrained_latent_only,11437,2,13537,6,0.9621317064940695,0.005672566228622634,0.5121504452624783,0.5121504452624783,True,False,False,5,3
Wall,jepa_wm_wall,23,2,fidelity_constrained_latent_only__seed11437,fidelity_constrained_latent_only,11437,0,13501,1,0.7734726217061372,0.0352215604069649,0.0,0.0,True,False,True,1,1
Wall,jepa_wm_wall,23,2,fidelity_constrained_latent_only__seed11437,fidelity_constrained_latent_only,11437,1,13519,1,0.957301730310372,0.0352215604069649,0.0,0.0,True,False,True,1,1
Wall,jepa_wm_wall,23,2,fidelity_constrained_latent_only__seed11437,fidelity_constrained_latent_only,11437,2,13537,1,0.8445301429822419,0.0352215604069649,0.1421721940639325,0.1421721940639325,True,False,False,5,1
Wall,jepa_wm_wall,23,2,fidelity_constrained_latent_only__seed11437,fidelity_constrained_latent_only,11437,0,13501,3,0.5498003267949646,0.06654741675461008,0.0,0.0,True,False,True,4,4
Wall,jepa_wm_wall,23,2,fidelity_constrained_latent_only__seed11437,fidelity_constrained_latent_only,11437,1,13519,3,1.3623909517039956,0.06654741675461008,0.20090383817171387,0.20090383817171387,True,False,False,5,4
Wall,jepa_wm_wall,23,2,fidelity_constrained_latent_only__seed11437,fidelity_constrained_latent_only,11437,2,13537,3,0.6969479063058667,0.06654741675461008,0.20090383817171387,0.20090383817171387,True,False,False,5,4
Wall,jepa_wm_wall,23,2,fidelity_constrained_latent_only__seed11437,fidelity_constrained_latent_only,11437,0,13501,6,0.8444472347769381,0.02483818875576625,0.3589817567214553,0.3589817567214553,True,False,False,1,4
Wall,jepa_wm_wall,23,2,fidelity_constrained_latent_only__seed11437,fidelity_constrained_latent_only,11437,1,13519,6,1.1571901674926641,0.02483818875576625,0.52226012105352,0.52226012105352,True,False,False,5,4
Wall,jepa_wm_wall,23,2,fidelity_constrained_latent_only__seed11437,fidelity_constrained_latent_only,11437,2,13537,6,0.9315971823539971,0.02483818875576625,0.52226012105352,0.52226012105352,True,False,False,5,4
Wall,jepa_wm_wall,48,6,fidelity_constrained_latent_only__seed11437,fidelity_constrained_latent_only,11437,0,13501,1,0.34383665530853363,0.001230240308132282,0.0,0.0,True,False,True,1,1
Wall,jepa_wm_wall,48,6,fidelity_constrained_latent_only__seed11437,fidelity_constrained_latent_only,11437,1,13519,1,0.49596090522827363,0.001230240308132282,0.1221204240752783,0.1221204240752783,True,False,False,5,1
Wall,jepa_wm_wall,48,6,fidelity_constrained_latent_only__seed11437,fidelity_constrained_latent_only,11437,2,13537,1,1.5592034230063,0.001230240308132282,0.1221204240752783,0.1221204240752783,True,False,False,5,1
Wall,jepa_wm_wall,48,6,fidelity_constrained_latent_only__seed11437,fidelity_constrained_latent_only,11437,0,13501,3,0.5644258896731106,0.19997904740567995,0.3045755010194801,0.3045755010194801,True,False,False,5,1
Wall,jepa_wm_wall,48,6,fidelity_constrained_latent_only__seed11437,fidelity_constrained_latent_only,11437,1,13519,3,0.7572052943356733,0.19997904740567995,0.3045755010194801,0.3045755010194801,True,False,False,5,1
Wall,jepa_wm_wall,48,6,fidelity_constrained_latent_only__seed11437,fidelity_constrained_latent_only,11437,2,13537,3,0.8065378165064304,0.19997904740567995,0.3045755010194801,0.3045755010194801,True,False,False,5,1
Wall,jepa_wm_wall,48,6,fidelity_constrained_latent_only__seed11437,fidelity_constrained_latent_only,11437,0,13501,6,0.9162069417107844,0.13991464109340168,0.5260561271417762,0.5260561271417762,True,False,False,5,1
Wall,jepa_wm_wall,48,6,fidelity_constrained_latent_only__seed11437,fidelity_constrained_latent_only,11437,1,13519,6,0.7613379318234067,0.13991464109340168,0.5260561271417762,0.5260561271417762,True,False,False,5,1
Wall,jepa_wm_wall,48,6,fidelity_constrained_latent_only__seed11437,fidelity_constrained_latent_only,11437,2,13537,6,0.8855182978201759,0.13991464109340168,0.13991464109340168,0.13991464109340168,True,False,False,4,1
Wall,jepa_wm_wall,49,6,fidelity_constrained_latent_only__seed11437,fidelity_constrained_latent_only,11437,0,13501,1,0.4542619253777552,0.0035333624998658895,0.0,0.0,True,False,True,1,1
Wall,jepa_wm_wall,49,6,fidelity_constrained_latent_only__seed11437,fidelity_constrained_latent_only,11437,1,13519,1,0.36297052173735816,0.0035333624998658895,0.0,0.0,True,False,True,1,1
Wall,jepa_wm_wall,49,6,fidelity_constrained_latent_only__seed11437,fidelity_constrained_latent_only,11437,2,13537,1,1.1516271434142529,0.0035333624998658895,0.4228948538554063,0.4228948538554063,True,False,False,7,1
Wall,jepa_wm_wall,49,6,fidelity_constrained_latent_only__seed11437,fidelity_constrained_latent_only,11437,0,13501,3,0.5851844992830745,0.1617415121097364,0.27278036352730867,0.27278036352730867,True,False,False,5,1
Wall,jepa_wm_wall,49,6,fidelity_constrained_latent_only__seed11437,fidelity_constrained_latent_only,11437,1,13519,3,0.7239404419810781,0.1617415121097364,0.27278036352730867,0.27278036352730867,True,False,False,5,1
Wall,jepa_wm_wall,49,6,fidelity_constrained_latent_only__seed11437,fidelity_constrained_latent_only,11437,2,13537,3,0.7569352747352022,0.1617415121097364,0.27278036352730867,0.27278036352730867,True,False,False,5,1
Wall,jepa_wm_wall,49,6,fidelity_constrained_latent_only__seed11437,fidelity_constrained_latent_only,11437,0,13501,6,0.9453295057435737,0.08134523661871648,0.521102109068497,0.521102109068497,True,False,False,5,1
Wall,jepa_wm_wall,49,6,fidelity_constrained_latent_only__seed11437,fidelity_constrained_latent_only,11437,1,13519,6,0.7725330219192911,0.08134523661871648,0.521102109068497,0.521102109068497,True,False,False,5,1
Wall,jepa_wm_wall,49,6,fidelity_constrained_latent_only__seed11437,fidelity_constrained_latent_only,11437,2,13537,6,0.7975842812042914,0.08134523661871648,0.521102109068497,0.521102109068497,True,False,False,5,1
Wall,jepa_wm_wall,50,6,fidelity_constrained_latent_only__seed11437,fidelity_constrained_latent_only,11437,0,13501,1,0.5254968549356295,0.054122212774885464,0.0,0.0,True,False,True,1,1
Wall,jepa_wm_wall,50,6,fidelity_constrained_latent_only__seed11437,fidelity_constrained_latent_only,11437,1,13519,1,0.5793333851821104,0.054122212774885464,0.12336195250522808,0.12336195250522808,True,False,False,5,1
Wall,jepa_wm_wall,50,6,fidelity_constrained_latent_only__seed11437,fidelity_constrained_latent_only,11437,2,13537,1,1.1852153499231608,0.054122212774885464,0.4260123029954614,0.4260123029954614,True,False,False,7,1
Wall,jepa_wm_wall,50,6,fidelity_constrained_latent_only__seed11437,fidelity_constrained_latent_only,11437,0,13501,3,0.9147328936693859,0.12897649730724076,0.21108969174761585,0.21108969174761585,True,False,False,5,6
Wall,jepa_wm_wall,50,6,fidelity_constrained_latent_only__seed11437,fidelity_constrained_latent_only,11437,1,13519,3,1.17767797540904,0.12897649730724076,0.29607003342937677,0.29607003342937677,True,False,False,1,6
Wall,jepa_wm_wall,50,6,fidelity_constrained_latent_only__seed11437,fidelity_constrained_latent_only,11437,2,13537,3,1.0068001433916065,0.12897649730724076,0.21108969174761585,0.21108969174761585,True,False,False,5,6
Wall,jepa_wm_wall,50,6,fidelity_constrained_latent_only__seed11437,fidelity_constrained_latent_only,11437,0,13501,6,0.9531678568121792,0.037144204333989565,0.5065871325361062,0.5065871325361062,True,False,False,5,4
Wall,jepa_wm_wall,50,6,fidelity_constrained_latent_only__seed11437,fidelity_constrained_latent_only,11437,1,13519,6,0.9640855434062354,0.037144204333989565,0.19405549575924055,0.19405549575924055,True,False,False,1,4
Wall,jepa_wm_wall,50,6,fidelity_constrained_latent_only__seed11437,fidelity_constrained_latent_only,11437,2,13537,6,0.9789533913322436,0.037144204333989565,0.03890834302826281,0.03890834302826281,True,False,False,2,4
Wall,jepa_wm_wall,51,6,fidelity_constrained_latent_only__seed11437,fidelity_constrained_latent_only,11437,0,13501,1,0.4845210647027596,0.0008738033632488796,0.0008738033632488796,0.0008738033632488796,True,False,False,2,1
Wall,jepa_wm_wall,51,6,fidelity_constrained_latent_only__seed11437,fidelity_constrained_latent_only,11437,1,13519,1,0.9951827907798987,0.0008738033632488796,0.12172033166380862,0.12172033166380862,True,False,False,5,1
Wall,jepa_wm_wall,51,6,fidelity_constrained_latent_only__seed11437,fidelity_constrained_latent_only,11437,2,13537,1,1.1983076970159314,0.0008738033632488796,0.4223548821825772,0.4223548821825772,True,False,False,7,1
Wall,jepa_wm_wall,51,6,fidelity_constrained_latent_only__seed11437,fidelity_constrained_latent_only,11437,0,13501,3,0.6695428133623282,0.18236891449751788,0.26800666634249315,0.26800666634249315,True,False,False,5,1
Wall,jepa_wm_wall,51,6,fidelity_constrained_latent_only__seed11437,fidelity_constrained_latent_only,11437,1,13519,3,0.702762757261081,0.18236891449751788,0.26800666634249315,0.26800666634249315,True,False,False,5,1
Wall,jepa_wm_wall,51,6,fidelity_constrained_latent_only__seed11437,fidelity_constrained_latent_only,11437,2,13537,3,0.9233304447256472,0.18236891449751788,0.26800666634249315,0.26800666634249315,True,False,False,5,1
Wall,jepa_wm_wall,51,6,fidelity_constrained_latent_only__seed11437,fidelity_constrained_latent_only,11437,0,13501,6,0.9700086423987331,0.10901940817974191,0.5176295782823793,0.5176295782823793,True,False,False,5,1
Wall,jepa_wm_wall,51,6,fidelity_constrained_latent_only__seed11437,fidelity_constrained_latent_only,11437,1,13519,6,0.8266729020264255,0.10901940817974191,0.5176295782823793,0.5176295782823793,True,False,False,5,1
Wall,jepa_wm_wall,51,6,fidelity_constrained_latent_only__seed11437,fidelity_constrained_latent_only,11437,2,13537,6,0.9607507928404431,0.10901940817974191,0.10901940817974191,0.10901940817974191,True,False,False,4,1
Wall,jepa_wm_wall,52,6,fidelity_constrained_latent_only__seed11437,fidelity_constrained_latent_only,11437,0,13501,1,0.5513933961979174,0.07100282563201721,0.07100282563201721,0.07100282563201721,True,False,False,5,1
Wall,jepa_wm_wall,52,6,fidelity_constrained_latent_only__seed11437,fidelity_constrained_latent_only,11437,1,13519,1,0.6168988771700754,0.07100282563201721,0.39458057133526225,0.39458057133526225,True,False,False,7,1
Wall,jepa_wm_wall,52,6,fidelity_constrained_latent_only__seed11437,fidelity_constrained_latent_only,11437,2,13537,1,1.282052259141257,0.07100282563201721,0.5507561548240016,0.5507561548240016,True,False,False,0,1
Wall,jepa_wm_wall,52,6,fidelity_constrained_latent_only__seed11437,fidelity_constrained_latent_only,11437,0,13501,3,1.0054324766377538,0.025811218253910286,0.25457009560513844,0.25457009560513844,True,False,False,7,3
Wall,jepa_wm_wall,52,6,fidelity_constrained_latent_only__seed11437,fidelity_constrained_latent_only,11437,1,13519,3,0.7880749142296047,0.025811218253910286,0.025811218253910286,0.025811218253910286,True,False,False,5,3
Wall,jepa_wm_wall,52,6,fidelity_constrained_latent_only__seed11437,fidelity_constrained_latent_only,11437,2,13537,3,1.3812369755682674,0.025811218253910286,0.025811218253910286,0.025811218253910286,True,False,False,5,3
Wall,jepa_wm_wall,52,6,fidelity_constrained_latent_only__seed11437,fidelity_constrained_latent_only,11437,0,13501,6,0.8877252504912406,0.0384318938477101,0.4446029683194517,0.4446029683194517,True,False,False,6,3
Wall,jepa_wm_wall,52,6,fidelity_constrained_latent_only__seed11437,fidelity_constrained_latent_only,11437,1,13519,6,0.995089704908951,0.0384318938477101,0.06992941723812081,0.06992941723812081,True,False,False,4,3
Wall,jepa_wm_wall,52,6,fidelity_constrained_latent_only__seed11437,fidelity_constrained_latent_only,11437,2,13537,6,1.2460530825356333,0.0384318938477101,0.5546787123699543,0.5546787123699543,True,False,False,5,3
Wall,jepa_wm_wall,53,6,fidelity_constrained_latent_only__seed11437,fidelity_constrained_latent_only,11437,0,13501,1,1.092528119156812,0.009791405470287062,0.0,0.0,True,False,True,1,1
Wall,jepa_wm_wall,53,6,fidelity_constrained_latent_only__seed11437,fidelity_constrained_latent_only,11437,1,13519,1,0.7366873500838265,0.009791405470287062,0.0,0.0,True,False,True,1,1
Wall,jepa_wm_wall,53,6,fidelity_constrained_latent_only__seed11437,fidelity_constrained_latent_only,11437,2,13537,1,1.3546210789931845,0.009791405470287062,0.4488210939174718,0.4488210939174718,True,False,False,7,1
Wall,jepa_wm_wall,53,6,fidelity_constrained_latent_only__seed11437,fidelity_constrained_latent_only,11437,0,13501,3,0.5654377227761753,0.09916642903112673,0.1251960814003341,0.1251960814003341,True,False,False,5,4
Wall,jepa_wm_wall,53,6,fidelity_constrained_latent_only__seed11437,fidelity_constrained_latent_only,11437,1,13519,3,0.7912891939259016,0.09916642903112673,0.09916642903112673,0.09916642903112673,True,False,False,1,4
Wall,jepa_wm_wall,53,6,fidelity_constrained_latent_only__seed11437,fidelity_constrained_latent_only,11437,2,13537,3,1.0102365136731335,0.09916642903112673,0.09916642903112673,0.09916642903112673,True,False,False,1,4
Wall,jepa_wm_wall,53,6,fidelity_constrained_latent_only__seed11437,fidelity_constrained_latent_only,11437,0,13501,6,0.9290479288787493,0.055729041610402784,0.4901310670697422,0.4901310670697422,True,False,False,5,4
Wall,jepa_wm_wall,53,6,fidelity_constrained_latent_only__seed11437,fidelity_constrained_latent_only,11437,1,13519,6,0.8555986186685594,0.055729041610402784,0.4901310670697422,0.4901310670697422,True,False,False,5,4
Wall,jepa_wm_wall,53,6,fidelity_constrained_latent_only__seed11437,fidelity_constrained_latent_only,11437,2,13537,6,1.0191477436164562,0.055729041610402784,0.4901310670697422,0.4901310670697422,True,False,False,5,4
Wall,jepa_wm_wall,54,6,fidelity_constrained_latent_only__seed11437,fidelity_constrained_latent_only,11437,0,13501,1,0.452084236451013,0.05210487275347143,0.05210519554215911,0.05210519554215911,True,False,False,6,1
Wall,jepa_wm_wall,54,6,fidelity_constrained_latent_only__seed11437,fidelity_constrained_latent_only,11437,1,13519,1,0.542348016956416,0.05210487275347143,0.0,0.0,True,False,True,1,1
Wall,jepa_wm_wall,54,6,fidelity_constrained_latent_only__seed11437,fidelity_constrained_latent_only,11437,2,13537,1,1.186606813573352,0.05210487275347143,0.381799624403083,0.381799624403083,True,False,False,7,1
Wall,jepa_wm_wall,54,6,fidelity_constrained_latent_only__seed11437,fidelity_constrained_latent_only,11437,0,13501,3,0.8493555179349175,0.20548523538405974,0.22028967914818534,0.22028967914818534,True,False,False,5,6
Wall,jepa_wm_wall,54,6,fidelity_constrained_latent_only__seed11437,fidelity_constrained_latent_only,11437,1,13519,3,1.04140689976696,0.20548523538405974,0.29411612172776747,0.29411612172776747,True,False,False,1,6
Wall,jepa_wm_wall,54,6,fidelity_constrained_latent_only__seed11437,fidelity_constrained_latent_only,11437,2,13537,3,0.9986357787017777,0.20548523538405974,0.22028967914818534,0.22028967914818534,True,False,False,5,6
Wall,jepa_wm_wall,54,6,fidelity_constrained_latent_only__seed11437,fidelity_constrained_latent_only,11437,0,13501,6,0.9365038948455867,0.0038749650505872178,0.514172621782109,0.514172621782109,True,False,False,5,2
Wall,jepa_wm_wall,54,6,fidelity_constrained_latent_only__seed11437,fidelity_constrained_latent_only,11437,1,13519,6,0.9821236961786446,0.0038749650505872178,0.0038749650505872178,0.0038749650505872178,True,False,False,4,2
Wall,jepa_wm_wall,54,6,fidelity_constrained_latent_only__seed11437,fidelity_constrained_latent_only,11437,2,13537,6,1.2053914582824674,0.0038749650505872178,0.6769227234422285,0.6769227234422285,True,False,False,0,2
Wall,jepa_wm_wall,55,6,fidelity_constrained_latent_only__seed11437,fidelity_constrained_latent_only,11437,0,13501,1,0.9934199661950031,0.12339387776632706,0.0,0.0,True,False,True,1,1
Wall,jepa_wm_wall,55,6,fidelity_constrained_latent_only__seed11437,fidelity_constrained_latent_only,11437,1,13519,1,0.6177795538483383,0.12339387776632706,0.12878988818760687,0.12878988818760687,True,False,False,4,1
Wall,jepa_wm_wall,55,6,fidelity_constrained_latent_only__seed11437,fidelity_constrained_latent_only,11437,2,13537,1,0.9923278397224496,0.12339387776632706,0.12339387776632706,0.12339387776632706,True,False,False,5,1
Wall,jepa_wm_wall,55,6,fidelity_constrained_latent_only__seed11437,fidelity_constrained_latent_only,11437,0,13501,3,0.8789201545414229,0.05867158711655809,0.1600320766712798,0.1600320766712798,True,False,False,5,6
Wall,jepa_wm_wall,55,6,fidelity_constrained_latent_only__seed11437,fidelity_constrained_latent_only,11437,1,13519,3,0.8296823998649492,0.05867158711655809,0.1600320766712798,0.1600320766712798,True,False,False,5,6
Wall,jepa_wm_wall,55,6,fidelity_constrained_latent_only__seed11437,fidelity_constrained_latent_only,11437,2,13537,3,0.8869918458169624,0.05867158711655809,0.1600320766712798,0.1600320766712798,True,False,False,5,6
Wall,jepa_wm_wall,55,6,fidelity_constrained_latent_only__seed11437,fidelity_constrained_latent_only,11437,0,13501,6,1.040854283706203,0.04633499368663333,0.5466014700979263,0.5466014700979263,True,False,False,5,2
Wall,jepa_wm_wall,55,6,fidelity_constrained_latent_only__seed11437,fidelity_constrained_latent_only,11437,1,13519,6,0.9123226966550239,0.04633499368663333,0.04633499368663333,0.04633499368663333,True,False,False,4,2
Wall,jepa_wm_wall,55,6,fidelity_constrained_latent_only__seed11437,fidelity_constrained_latent_only,11437,2,13537,6,1.0802266252458697,0.04633499368663333,0.5466014700979263,0.5466014700979263,True,False,False,5,2
Wall,jepa_wm_wall,8,1,fidelity_constrained_shuffled_geometry__seed11437,fidelity_constrained_shuffled_geometry,11437,0,13501,1,0.6688801726362751,0.016152705182870427,0.49283338956958495,0.49283338956958495,True,False,False,8,2
Wall,jepa_wm_wall,8,1,fidelity_constrained_shuffled_geometry__seed11437,fidelity_constrained_shuffled_geometry,11437,1,13519,1,0.6313180872236225,0.016152705182870427,0.016152705182870427,0.016152705182870427,True,False,False,4,2
Wall,jepa_wm_wall,8,1,fidelity_constrained_shuffled_geometry__seed11437,fidelity_constrained_shuffled_geometry,11437,2,13537,1,0.6761865853655213,0.016152705182870427,0.12071148770637684,0.12071148770637684,True,False,False,5,2
Wall,jepa_wm_wall,8,1,fidelity_constrained_shuffled_geometry__seed11437,fidelity_constrained_shuffled_geometry,11437,0,13501,3,0.4503917190874159,0.07614176734582923,0.08482373582968013,0.08482373582968013,True,False,False,5,4
Wall,jepa_wm_wall,8,1,fidelity_constrained_shuffled_geometry__seed11437,fidelity_constrained_shuffled_geometry,11437,1,13519,3,0.49220993805937485,0.07614176734582923,0.08482373582968013,0.08482373582968013,True,False,False,5,4
Wall,jepa_wm_wall,8,1,fidelity_constrained_shuffled_geometry__seed11437,fidelity_constrained_shuffled_geometry,11437,2,13537,3,0.5250513682135153,0.07614176734582923,0.08482373582968013,0.08482373582968013,True,False,False,5,4
Wall,jepa_wm_wall,8,1,fidelity_constrained_shuffled_geometry__seed11437,fidelity_constrained_shuffled_geometry,11437,0,13501,6,0.5059475581327434,0.029846874393166266,0.0,0.0,True,False,True,4,4
Wall,jepa_wm_wall,8,1,fidelity_constrained_shuffled_geometry__seed11437,fidelity_constrained_shuffled_geometry,11437,1,13519,6,0.4956844308948405,0.029846874393166266,0.0,0.0,True,False,True,4,4
Wall,jepa_wm_wall,8,1,fidelity_constrained_shuffled_geometry__seed11437,fidelity_constrained_shuffled_geometry,11437,2,13537,6,0.6090495944571186,0.029846874393166266,0.0,0.0,True,False,True,4,4
Wall,jepa_wm_wall,9,1,fidelity_constrained_shuffled_geometry__seed11437,fidelity_constrained_shuffled_geometry,11437,0,13501,1,0.6309108863288371,0.12507081777279483,0.42975130258508343,0.42975130258508343,True,False,False,7,1
Wall,jepa_wm_wall,9,1,fidelity_constrained_shuffled_geometry__seed11437,fidelity_constrained_shuffled_geometry,11437,1,13519,1,0.4942679489096537,0.12507081777279483,0.0,0.0,True,False,True,1,1
Wall,jepa_wm_wall,9,1,fidelity_constrained_shuffled_geometry__seed11437,fidelity_constrained_shuffled_geometry,11437,2,13537,1,0.8787846800607922,0.12507081777279483,0.12507081777279483,0.12507081777279483,True,False,False,5,1
Wall,jepa_wm_wall,9,1,fidelity_constrained_shuffled_geometry__seed11437,fidelity_constrained_shuffled_geometry,11437,0,13501,3,0.5817152950915426,0.054847575896831174,0.054847575896831174,0.054847575896831174,True,False,False,5,1
Wall,jepa_wm_wall,9,1,fidelity_constrained_shuffled_geometry__seed11437,fidelity_constrained_shuffled_geometry,11437,1,13519,3,0.3295227438343463,0.054847575896831174,0.0,0.0,True,False,True,1,1
Wall,jepa_wm_wall,9,1,fidelity_constrained_shuffled_geometry__seed11437,fidelity_constrained_shuffled_geometry,11437,2,13537,3,0.5537595724096086,0.054847575896831174,0.0,0.0,True,False,True,1,1
Wall,jepa_wm_wall,9,1,fidelity_constrained_shuffled_geometry__seed11437,fidelity_constrained_shuffled_geometry,11437,0,13501,6,0.824698355161595,0.014740318180249878,0.4905475957211416,0.4905475957211416,True,False,False,5,2
Wall,jepa_wm_wall,9,1,fidelity_constrained_shuffled_geometry__seed11437,fidelity_constrained_shuffled_geometry,11437,1,13519,6,0.6452259651251802,0.014740318180249878,0.09552012436264752,0.09552012436264752,True,False,False,4,2
Wall,jepa_wm_wall,9,1,fidelity_constrained_shuffled_geometry__seed11437,fidelity_constrained_shuffled_geometry,11437,2,13537,6,0.8349902903929661,0.014740318180249878,0.5442535818012866,0.5442535818012866,True,False,False,1,2
Wall,jepa_wm_wall,10,1,fidelity_constrained_shuffled_geometry__seed11437,fidelity_constrained_shuffled_geometry,11437,0,13501,1,0.6436611598197581,0.0012356039916028997,0.12286421707529614,0.12286421707529614,True,False,False,6,1
Wall,jepa_wm_wall,10,1,fidelity_constrained_shuffled_geometry__seed11437,fidelity_constrained_shuffled_geometry,11437,1,13519,1,0.6433815673199091,0.0012356039916028997,0.12286421707529614,0.12286421707529614,True,False,False,5,1
Wall,jepa_wm_wall,10,1,fidelity_constrained_shuffled_geometry__seed11437,fidelity_constrained_shuffled_geometry,11437,2,13537,1,0.19750914953230053,0.0012356039916028997,0.0,0.0,True,False,True,1,1
Wall,jepa_wm_wall,10,1,fidelity_constrained_shuffled_geometry__seed11437,fidelity_constrained_shuffled_geometry,11437,0,13501,3,0.4475444421500279,0.15965748274850114,0.20731631818021912,0.20731631818021912,True,False,False,5,1
Wall,jepa_wm_wall,10,1,fidelity_constrained_shuffled_geometry__seed11437,fidelity_constrained_shuffled_geometry,11437,1,13519,3,0.4673323034631143,0.15965748274850114,0.20731631818021912,0.20731631818021912,True,False,False,5,1
Wall,jepa_wm_wall,10,1,fidelity_constrained_shuffled_geometry__seed11437,fidelity_constrained_shuffled_geometry,11437,2,13537,3,0.45361472741558656,0.15965748274850114,0.20731631818021912,0.20731631818021912,True,False,False,5,1
Wall,jepa_wm_wall,10,1,fidelity_constrained_shuffled_geometry__seed11437,fidelity_constrained_shuffled_geometry,11437,0,13501,6,0.6891384107057485,0.08421266293753488,0.0,0.0,True,False,True,1,1
Wall,jepa_wm_wall,10,1,fidelity_constrained_shuffled_geometry__seed11437,fidelity_constrained_shuffled_geometry,11437,1,13519,6,0.6373640228296463,0.08421266293753488,0.0,0.0,True,False,True,1,1
Wall,jepa_wm_wall,10,1,fidelity_constrained_shuffled_geometry__seed11437,fidelity_constrained_shuffled_geometry,11437,2,13537,6,0.6782218856094274,0.08421266293753488,0.0,0.0,True,False,True,1,1
Wall,jepa_wm_wall,11,1,fidelity_constrained_shuffled_geometry__seed11437,fidelity_constrained_shuffled_geometry,11437,0,13501,1,0.4407554311582775,0.006092489128857203,0.03012359321854074,0.03012359321854074,True,False,False,2,1
Wall,jepa_wm_wall,11,1,fidelity_constrained_shuffled_geometry__seed11437,fidelity_constrained_shuffled_geometry,11437,1,13519,1,0.17678702653012987,0.006092489128857203,0.006092489128857203,0.006092489128857203,True,False,False,4,1
Wall,jepa_wm_wall,11,1,fidelity_constrained_shuffled_geometry__seed11437,fidelity_constrained_shuffled_geometry,11437,2,13537,1,0.4814287579917371,0.006092489128857203,0.0,0.0,True,False,True,1,1
Wall,jepa_wm_wall,11,1,fidelity_constrained_shuffled_geometry__seed11437,fidelity_constrained_shuffled_geometry,11437,0,13501,3,0.456892298851996,0.05350381994101328,0.16557815588742084,0.16557815588742084,True,False,False,5,1
Wall,jepa_wm_wall,11,1,fidelity_constrained_shuffled_geometry__seed11437,fidelity_constrained_shuffled_geometry,11437,1,13519,3,0.46421115781355815,0.05350381994101328,0.16557815588742084,0.16557815588742084,True,False,False,5,1
Wall,jepa_wm_wall,11,1,fidelity_constrained_shuffled_geometry__seed11437,fidelity_constrained_shuffled_geometry,11437,2,13537,3,0.5148178070042116,0.05350381994101328,0.16557815588742084,0.16557815588742084,True,False,False,5,1
Wall,jepa_wm_wall,11,1,fidelity_constrained_shuffled_geometry__seed11437,fidelity_constrained_shuffled_geometry,11437,0,13501,6,0.7261912507359141,0.029439984357622885,0.0,0.0,True,False,True,1,1
Wall,jepa_wm_wall,11,1,fidelity_constrained_shuffled_geometry__seed11437,fidelity_constrained_shuffled_geometry,11437,1,13519,6,0.6280848677281209,0.029439984357622885,0.0,0.0,True,False,True,1,1
Wall,jepa_wm_wall,11,1,fidelity_constrained_shuffled_geometry__seed11437,fidelity_constrained_shuffled_geometry,11437,2,13537,6,0.6975667956512744,0.029439984357622885,0.0,0.0,True,False,True,1,1
Wall,jepa_wm_wall,12,1,fidelity_constrained_shuffled_geometry__seed11437,fidelity_constrained_shuffled_geometry,11437,0,13501,1,0.6978374587232447,0.12456447628524758,0.12456477430848922,0.12456477430848922,True,False,False,5,1
Wall,jepa_wm_wall,12,1,fidelity_constrained_shuffled_geometry__seed11437,fidelity_constrained_shuffled_geometry,11437,1,13519,1,0.3892017833482483,0.12456447628524758,0.0,0.0,True,False,True,1,1
Wall,jepa_wm_wall,12,1,fidelity_constrained_shuffled_geometry__seed11437,fidelity_constrained_shuffled_geometry,11437,2,13537,1,0.5992167611081799,0.12456447628524758,0.0,0.0,True,False,True,1,1
Wall,jepa_wm_wall,12,1,fidelity_constrained_shuffled_geometry__seed11437,fidelity_constrained_shuffled_geometry,11437,0,13501,3,0.5325317203523364,0.06321905065029236,0.0,0.0,True,False,True,1,1
Wall,jepa_wm_wall,12,1,fidelity_constrained_shuffled_geometry__seed11437,fidelity_constrained_shuffled_geometry,11437,1,13519,3,0.777490171324407,0.06321905065029236,0.0,0.0,True,False,True,1,1
Wall,jepa_wm_wall,12,1,fidelity_constrained_shuffled_geometry__seed11437,fidelity_constrained_shuffled_geometry,11437,2,13537,3,0.4662488287797997,0.06321905065029236,0.0,0.0,True,False,True,1,1
Wall,jepa_wm_wall,12,1,fidelity_constrained_shuffled_geometry__seed11437,fidelity_constrained_shuffled_geometry,11437,0,13501,6,0.6082931257172494,0.051845683435020974,0.31883657143532496,0.31883657143532496,True,False,False,1,3
Wall,jepa_wm_wall,12,1,fidelity_constrained_shuffled_geometry__seed11437,fidelity_constrained_shuffled_geometry,11437,1,13519,6,0.5806526066149802,0.051845683435020974,0.31883657143532496,0.31883657143532496,True,False,False,1,3
Wall,jepa_wm_wall,12,1,fidelity_constrained_shuffled_geometry__seed11437,fidelity_constrained_shuffled_geometry,11437,2,13537,6,0.7000324615037478,0.051845683435020974,0.31883657143532496,0.31883657143532496,True,False,False,1,3
Wall,jepa_wm_wall,13,1,fidelity_constrained_shuffled_geometry__seed11437,fidelity_constrained_shuffled_geometry,11437,0,13501,1,0.32912846344964813,0.0032743813559044216,0.014646054187181842,0.014646054187181842,True,False,False,2,1
Wall,jepa_wm_wall,13,1,fidelity_constrained_shuffled_geometry__seed11437,fidelity_constrained_shuffled_geometry,11437,1,13519,1,0.42518964705889434,0.0032743813559044216,0.028695465844599356,0.028695465844599356,True,False,False,4,1
Wall,jepa_wm_wall,13,1,fidelity_constrained_shuffled_geometry__seed11437,fidelity_constrained_shuffled_geometry,11437,2,13537,1,0.5038858377812774,0.0032743813559044216,0.12114197737824782,0.12114197737824782,True,False,False,5,1
Wall,jepa_wm_wall,13,1,fidelity_constrained_shuffled_geometry__seed11437,fidelity_constrained_shuffled_geometry,11437,0,13501,3,0.47727620232318574,0.14527104206009775,0.14527104206009775,0.14527104206009775,True,False,False,5,4
Wall,jepa_wm_wall,13,1,fidelity_constrained_shuffled_geometry__seed11437,fidelity_constrained_shuffled_geometry,11437,1,13519,3,0.4695077304561615,0.14527104206009775,0.14527104206009775,0.14527104206009775,True,False,False,5,4
Wall,jepa_wm_wall,13,1,fidelity_constrained_shuffled_geometry__seed11437,fidelity_constrained_shuffled_geometry,11437,2,13537,3,0.4535570797099152,0.14527104206009775,0.14527104206009775,0.14527104206009775,True,False,False,5,4
Wall,jepa_wm_wall,13,1,fidelity_constrained_shuffled_geometry__seed11437,fidelity_constrained_shuffled_geometry,11437,0,13501,6,0.40508230056915795,0.4162684616699494,0.0,0.0,True,True,True,4,4
Wall,jepa_wm_wall,13,1,fidelity_constrained_shuffled_geometry__seed11437,fidelity_constrained_shuffled_geometry,11437,1,13519,6,0.42870853875135007,0.4162684616699494,0.0,0.0,True,False,True,4,4
Wall,jepa_wm_wall,13,1,fidelity_constrained_shuffled_geometry__seed11437,fidelity_constrained_shuffled_geometry,11437,2,13537,6,0.38199523585613265,0.4162684616699494,0.0,0.0,True,True,True,4,4
Wall,jepa_wm_wall,14,1,fidelity_constrained_shuffled_geometry__seed11437,fidelity_constrained_shuffled_geometry,11437,0,13501,1,0.4651250412336021,0.1235923244710162,0.0,0.0,True,False,True,1,1
Wall,jepa_wm_wall,14,1,fidelity_constrained_shuffled_geometry__seed11437,fidelity_constrained_shuffled_geometry,11437,1,13519,1,0.4216984712445569,0.1235923244710162,0.1235923244710162,0.1235923244710162,True,False,False,5,1
Wall,jepa_wm_wall,14,1,fidelity_constrained_shuffled_geometry__seed11437,fidelity_constrained_shuffled_geometry,11437,2,13537,1,0.7291078480187293,0.1235923244710162,0.1235923244710162,0.1235923244710162,True,False,False,5,1
Wall,jepa_wm_wall,14,1,fidelity_constrained_shuffled_geometry__seed11437,fidelity_constrained_shuffled_geometry,11437,0,13501,3,0.8664981690977895,0.02103669177229461,0.02103669177229461,0.02103669177229461,True,False,False,1,4
Wall,jepa_wm_wall,14,1,fidelity_constrained_shuffled_geometry__seed11437,fidelity_constrained_shuffled_geometry,11437,1,13519,3,0.6101009705159375,0.02103669177229461,0.02103669177229461,0.02103669177229461,True,False,False,1,4
Wall,jepa_wm_wall,14,1,fidelity_constrained_shuffled_geometry__seed11437,fidelity_constrained_shuffled_geometry,11437,2,13537,3,0.7466990572542413,0.02103669177229461,0.02103669177229461,0.02103669177229461,True,False,False,1,4
Wall,jepa_wm_wall,14,1,fidelity_constrained_shuffled_geometry__seed11437,fidelity_constrained_shuffled_geometry,11437,0,13501,6,0.6734290660664622,0.018693811713921336,0.0,0.0,True,False,True,4,4
Wall,jepa_wm_wall,14,1,fidelity_constrained_shuffled_geometry__seed11437,fidelity_constrained_shuffled_geometry,11437,1,13519,6,0.5665189903904377,0.018693811713921336,0.0,0.0,True,False,True,4,4
Wall,jepa_wm_wall,14,1,fidelity_constrained_shuffled_geometry__seed11437,fidelity_constrained_shuffled_geometry,11437,2,13537,6,0.5910959519280107,0.018693811713921336,0.0,0.0,True,False,True,4,4
Wall,jepa_wm_wall,15,1,fidelity_constrained_shuffled_geometry__seed11437,fidelity_constrained_shuffled_geometry,11437,0,13501,1,0.31717559716843696,0.12749000243931988,0.12749000243931988,0.12749000243931988,True,False,False,6,1
Wall,jepa_wm_wall,15,1,fidelity_constrained_shuffled_geometry__seed11437,fidelity_constrained_shuffled_geometry,11437,1,13519,1,0.7125971959014625,0.12749000243931988,0.12749000243931988,0.12749000243931988,True,False,False,5,1
Wall,jepa_wm_wall,15,1,fidelity_constrained_shuffled_geometry__seed11437,fidelity_constrained_shuffled_geometry,11437,2,13537,1,0.894046148525655,0.12749000243931988,0.12749000243931988,0.12749000243931988,True,False,False,5,1
Wall,jepa_wm_wall,15,1,fidelity_constrained_shuffled_geometry__seed11437,fidelity_constrained_shuffled_geometry,11437,0,13501,3,0.8757162129770979,0.019446629235054986,0.0,0.0,True,False,True,5,5
Wall,jepa_wm_wall,15,1,fidelity_constrained_shuffled_geometry__seed11437,fidelity_constrained_shuffled_geometry,11437,1,13519,3,0.7317400601872868,0.019446629235054986,0.0,0.0,True,False,True,5,5
Wall,jepa_wm_wall,15,1,fidelity_constrained_shuffled_geometry__seed11437,fidelity_constrained_shuffled_geometry,11437,2,13537,3,0.7588514559079024,0.019446629235054986,0.019446629235054986,0.019446629235054986,True,False,False,1,5
Wall,jepa_wm_wall,15,1,fidelity_constrained_shuffled_geometry__seed11437,fidelity_constrained_shuffled_geometry,11437,0,13501,6,0.7704760078336503,0.02109195364658048,0.5003648254496518,0.5003648254496518,True,False,False,5,2
Wall,jepa_wm_wall,15,1,fidelity_constrained_shuffled_geometry__seed11437,fidelity_constrained_shuffled_geometry,11437,1,13519,6,0.6847415175233775,0.02109195364658048,0.5003648254496518,0.5003648254496518,True,False,False,5,2
Wall,jepa_wm_wall,15,1,fidelity_constrained_shuffled_geometry__seed11437,fidelity_constrained_shuffled_geometry,11437,2,13537,6,0.735922311855047,0.02109195364658048,0.5003648254496518,0.5003648254496518,True,False,False,5,2
Wall,jepa_wm_wall,16,2,fidelity_constrained_shuffled_geometry__seed11437,fidelity_constrained_shuffled_geometry,11437,0,13501,1,0.45132621990895627,0.08029399387979654,0.12475547200310898,0.12475547200310898,True,False,False,6,1
Wall,jepa_wm_wall,16,2,fidelity_constrained_shuffled_geometry__seed11437,fidelity_constrained_shuffled_geometry,11437,1,13519,1,0.3383657382562302,0.08029399387979654,0.08029399387979654,0.08029399387979654,True,False,False,4,1
Wall,jepa_wm_wall,16,2,fidelity_constrained_shuffled_geometry__seed11437,fidelity_constrained_shuffled_geometry,11437,2,13537,1,0.19339652372556143,0.08029399387979654,0.0,0.0,True,False,True,1,1
Wall,jepa_wm_wall,16,2,fidelity_constrained_shuffled_geometry__seed11437,fidelity_constrained_shuffled_geometry,11437,0,13501,3,0.7981057591459547,0.005638604719787298,0.1362528665233449,0.1362528665233449,True,False,False,5,2
Wall,jepa_wm_wall,16,2,fidelity_constrained_shuffled_geometry__seed11437,fidelity_constrained_shuffled_geometry,11437,1,13519,3,1.2073137546056212,0.005638604719787298,0.1362528665233449,0.1362528665233449,True,False,False,5,2
Wall,jepa_wm_wall,16,2,fidelity_constrained_shuffled_geometry__seed11437,fidelity_constrained_shuffled_geometry,11437,2,13537,3,0.7050279642577888,0.005638604719787298,0.07872781905618415,0.07872781905618415,True,False,False,4,2
Wall,jepa_wm_wall,16,2,fidelity_constrained_shuffled_geometry__seed11437,fidelity_constrained_shuffled_geometry,11437,0,13501,6,1.121478776564017,0.0428317804300752,0.47836158155027136,0.47836158155027136,True,False,False,1,2
Wall,jepa_wm_wall,16,2,fidelity_constrained_shuffled_geometry__seed11437,fidelity_constrained_shuffled_geometry,11437,1,13519,6,1.2370141754618058,0.0428317804300752,0.47836158155027136,0.47836158155027136,True,False,False,1,2
Wall,jepa_wm_wall,16,2,fidelity_constrained_shuffled_geometry__seed11437,fidelity_constrained_shuffled_geometry,11437,2,13537,6,0.966882544159641,0.0428317804300752,0.47836158155027136,0.47836158155027136,True,False,False,1,2
Wall,jepa_wm_wall,17,2,fidelity_constrained_shuffled_geometry__seed11437,fidelity_constrained_shuffled_geometry,11437,0,13501,1,0.9280495857554013,0.12688063729252005,0.12688078630405206,0.12688078630405206,True,False,False,5,1
Wall,jepa_wm_wall,17,2,fidelity_constrained_shuffled_geometry__seed11437,fidelity_constrained_shuffled_geometry,11437,1,13519,1,0.5976543074474545,0.12688063729252005,0.0,0.0,True,False,True,1,1
Wall,jepa_wm_wall,17,2,fidelity_constrained_shuffled_geometry__seed11437,fidelity_constrained_shuffled_geometry,11437,2,13537,1,0.8778723571119471,0.12688063729252005,0.43363994939568373,0.43363994939568373,True,False,False,8,1
Wall,jepa_wm_wall,17,2,fidelity_constrained_shuffled_geometry__seed11437,fidelity_constrained_shuffled_geometry,11437,0,13501,3,0.9652614286512844,0.0045777647931245415,0.0666852161712895,0.0666852161712895,True,False,False,5,1
Wall,jepa_wm_wall,17,2,fidelity_constrained_shuffled_geometry__seed11437,fidelity_constrained_shuffled_geometry,11437,1,13519,3,0.8062290741831881,0.0045777647931245415,0.0666852161712895,0.0666852161712895,True,False,False,5,1
Wall,jepa_wm_wall,17,2,fidelity_constrained_shuffled_geometry__seed11437,fidelity_constrained_shuffled_geometry,11437,2,13537,3,0.5667751348160655,0.0045777647931245415,0.0666852161712895,0.0666852161712895,True,False,False,5,1
Wall,jepa_wm_wall,17,2,fidelity_constrained_shuffled_geometry__seed11437,fidelity_constrained_shuffled_geometry,11437,0,13501,6,1.1467419749111754,0.00537754688799704,0.5173793022236458,0.5173793022236458,True,False,False,1,3
Wall,jepa_wm_wall,17,2,fidelity_constrained_shuffled_geometry__seed11437,fidelity_constrained_shuffled_geometry,11437,1,13519,6,1.2383429787061615,0.00537754688799704,0.5173793022236458,0.5173793022236458,True,False,False,1,3
Wall,jepa_wm_wall,17,2,fidelity_constrained_shuffled_geometry__seed11437,fidelity_constrained_shuffled_geometry,11437,2,13537,6,0.9191838759654626,0.00537754688799704,0.5173793022236458,0.5173793022236458,True,False,False,1,3
Wall,jepa_wm_wall,18,2,fidelity_constrained_shuffled_geometry__seed11437,fidelity_constrained_shuffled_geometry,11437,0,13501,1,0.7268807884574342,0.08790014078613739,0.0,0.0,True,False,True,1,1
Wall,jepa_wm_wall,18,2,fidelity_constrained_shuffled_geometry__seed11437,fidelity_constrained_shuffled_geometry,11437,1,13519,1,0.34473053182488717,0.08790014078613739,0.0,0.0,True,False,True,1,1
Wall,jepa_wm_wall,18,2,fidelity_constrained_shuffled_geometry__seed11437,fidelity_constrained_shuffled_geometry,11437,2,13537,1,0.3930268856465247,0.08790014078613739,0.0,0.0,True,False,True,1,1
Wall,jepa_wm_wall,18,2,fidelity_constrained_shuffled_geometry__seed11437,fidelity_constrained_shuffled_geometry,11437,0,13501,3,0.7764908272441687,0.06357119324461176,0.0,0.0,True,False,True,1,1
Wall,jepa_wm_wall,18,2,fidelity_constrained_shuffled_geometry__seed11437,fidelity_constrained_shuffled_geometry,11437,1,13519,3,0.6933955948734744,0.06357119324461176,0.13583789196485332,0.13583789196485332,True,False,False,6,1
Wall,jepa_wm_wall,18,2,fidelity_constrained_shuffled_geometry__seed11437,fidelity_constrained_shuffled_geometry,11437,2,13537,3,0.3790611017063334,0.06357119324461176,0.0,0.0,True,False,True,1,1
Wall,jepa_wm_wall,18,2,fidelity_constrained_shuffled_geometry__seed11437,fidelity_constrained_shuffled_geometry,11437,0,13501,6,0.9138857944449258,0.06074535502837518,0.20337306739366096,0.20337306739366096,True,False,False,5,6
Wall,jepa_wm_wall,18,2,fidelity_constrained_shuffled_geometry__seed11437,fidelity_constrained_shuffled_geometry,11437,1,13519,6,1.0232318372027818,0.06074535502837518,0.079029886739769,0.079029886739769,True,False,False,4,6
Wall,jepa_wm_wall,18,2,fidelity_constrained_shuffled_geometry__seed11437,fidelity_constrained_shuffled_geometry,11437,2,13537,6,0.7049214099851485,0.06074535502837518,0.079029886739769,0.079029886739769,True,False,False,4,6
Wall,jepa_wm_wall,19,2,fidelity_constrained_shuffled_geometry__seed11437,fidelity_constrained_shuffled_geometry,11437,0,13501,1,0.5564091829364597,0.0012619796047764191,0.1265250410340812,0.1265250410340812,True,False,False,5,1
Wall,jepa_wm_wall,19,2,fidelity_constrained_shuffled_geometry__seed11437,fidelity_constrained_shuffled_geometry,11437,1,13519,1,1.2635623683838626,0.0012619796047764191,0.4328822502546236,0.4328822502546236,True,False,False,7,1
Wall,jepa_wm_wall,19,2,fidelity_constrained_shuffled_geometry__seed11437,fidelity_constrained_shuffled_geometry,11437,2,13537,1,0.7455494289975663,0.0012619796047764191,0.0012619796047764191,0.0012619796047764191,True,False,False,2,1
Wall,jepa_wm_wall,19,2,fidelity_constrained_shuffled_geometry__seed11437,fidelity_constrained_shuffled_geometry,11437,0,13501,3,0.6549968139092798,0.23155633681788695,0.30787988273780015,0.30787988273780015,True,False,False,5,1
Wall,jepa_wm_wall,19,2,fidelity_constrained_shuffled_geometry__seed11437,fidelity_constrained_shuffled_geometry,11437,1,13519,3,0.8480704690981532,0.23155633681788695,0.5496849397943441,0.5496849397943441,True,False,False,7,1
Wall,jepa_wm_wall,19,2,fidelity_constrained_shuffled_geometry__seed11437,fidelity_constrained_shuffled_geometry,11437,2,13537,3,0.6544225706152506,0.23155633681788695,0.5496849397943441,0.5496849397943441,True,False,False,7,1
Wall,jepa_wm_wall,19,2,fidelity_constrained_shuffled_geometry__seed11437,fidelity_constrained_shuffled_geometry,11437,0,13501,6,1.0089062710432508,0.021179216124354038,0.4811349945468107,0.4811349945468107,True,False,False,5,1
Wall,jepa_wm_wall,19,2,fidelity_constrained_shuffled_geometry__seed11437,fidelity_constrained_shuffled_geometry,11437,1,13519,6,1.1366469507628252,0.021179216124354038,0.4811349945468107,0.4811349945468107,True,False,False,5,1
Wall,jepa_wm_wall,19,2,fidelity_constrained_shuffled_geometry__seed11437,fidelity_constrained_shuffled_geometry,11437,2,13537,6,0.9892922998081884,0.021179216124354038,0.4811349945468107,0.4811349945468107,True,False,False,5,1
Wall,jepa_wm_wall,20,2,fidelity_constrained_shuffled_geometry__seed11437,fidelity_constrained_shuffled_geometry,11437,0,13501,1,1.1427260628304508,0.09692983861294002,0.5769228648680464,0.5769228648680464,True,False,False,0,1
Wall,jepa_wm_wall,20,2,fidelity_constrained_shuffled_geometry__seed11437,fidelity_constrained_shuffled_geometry,11437,1,13519,1,1.2644421942414257,0.09692983861294002,0.5769228648680464,0.5769228648680464,True,False,False,0,1
Wall,jepa_wm_wall,20,2,fidelity_constrained_shuffled_geometry__seed11437,fidelity_constrained_shuffled_geometry,11437,2,13537,1,1.0177287767568588,0.09692983861294002,0.12873220149056347,0.12873220149056347,True,False,False,5,1
Wall,jepa_wm_wall,20,2,fidelity_constrained_shuffled_geometry__seed11437,fidelity_constrained_shuffled_geometry,11437,0,13501,3,0.8217816975609855,0.1083018003488066,0.4878714169545492,0.4878714169545492,True,False,False,0,6
Wall,jepa_wm_wall,20,2,fidelity_constrained_shuffled_geometry__seed11437,fidelity_constrained_shuffled_geometry,11437,1,13519,3,1.1461465185104118,0.1083018003488066,0.4705035616516968,0.4705035616516968,True,False,False,7,6
Wall,jepa_wm_wall,20,2,fidelity_constrained_shuffled_geometry__seed11437,fidelity_constrained_shuffled_geometry,11437,2,13537,3,0.5858417283622507,0.1083018003488066,0.22499358945128464,0.22499358945128464,True,False,False,5,6
Wall,jepa_wm_wall,20,2,fidelity_constrained_shuffled_geometry__seed11437,fidelity_constrained_shuffled_geometry,11437,0,13501,6,1.0337476503742529,0.054097226742439664,0.5175256334018074,0.5175256334018074,True,False,False,5,2
Wall,jepa_wm_wall,20,2,fidelity_constrained_shuffled_geometry__seed11437,fidelity_constrained_shuffled_geometry,11437,1,13519,6,1.1136277705512803,0.054097226742439664,0.6705794678490131,0.6705794678490131,True,False,False,0,2
Wall,jepa_wm_wall,20,2,fidelity_constrained_shuffled_geometry__seed11437,fidelity_constrained_shuffled_geometry,11437,2,13537,6,0.917683959156873,0.054097226742439664,0.5175256334018074,0.5175256334018074,True,False,False,5,2
Wall,jepa_wm_wall,21,2,fidelity_constrained_shuffled_geometry__seed11437,fidelity_constrained_shuffled_geometry,11437,0,13501,1,0.544267257403532,0.1135563918087716,0.12442798164057622,0.12442798164057622,True,False,False,5,1
Wall,jepa_wm_wall,21,2,fidelity_constrained_shuffled_geometry__seed11437,fidelity_constrained_shuffled_geometry,11437,1,13519,1,0.4561312458589536,0.1135563918087716,0.14340729376121125,0.14340729376121125,True,False,False,2,1
Wall,jepa_wm_wall,21,2,fidelity_constrained_shuffled_geometry__seed11437,fidelity_constrained_shuffled_geometry,11437,2,13537,1,0.5265948009484551,0.1135563918087716,0.17076076094870335,0.17076076094870335,True,False,False,3,1
Wall,jepa_wm_wall,21,2,fidelity_constrained_shuffled_geometry__seed11437,fidelity_constrained_shuffled_geometry,11437,0,13501,3,1.000319002051326,0.03663146723505468,0.1168170843053608,0.1168170843053608,True,False,False,5,1
Wall,jepa_wm_wall,21,2,fidelity_constrained_shuffled_geometry__seed11437,fidelity_constrained_shuffled_geometry,11437,1,13519,3,0.8058765299091856,0.03663146723505468,0.1168170843053608,0.1168170843053608,True,False,False,5,1
Wall,jepa_wm_wall,21,2,fidelity_constrained_shuffled_geometry__seed11437,fidelity_constrained_shuffled_geometry,11437,2,13537,3,0.5694372312773558,0.03663146723505468,0.04176444127707509,0.04176444127707509,True,False,False,2,1
Wall,jepa_wm_wall,21,2,fidelity_constrained_shuffled_geometry__seed11437,fidelity_constrained_shuffled_geometry,11437,0,13501,6,1.0847948040663211,0.08291059941356739,0.48324186008832426,0.48324186008832426,True,False,False,1,3
Wall,jepa_wm_wall,21,2,fidelity_constrained_shuffled_geometry__seed11437,fidelity_constrained_shuffled_geometry,11437,1,13519,6,1.256163189513027,0.08291059941356739,0.48324186008832426,0.48324186008832426,True,False,False,1,3
Wall,jepa_wm_wall,21,2,fidelity_constrained_shuffled_geometry__seed11437,fidelity_constrained_shuffled_geometry,11437,2,13537,6,0.9060474715282352,0.08291059941356739,0.48324186008832426,0.48324186008832426,True,False,False,1,3
Wall,jepa_wm_wall,22,2,fidelity_constrained_shuffled_geometry__seed11437,fidelity_constrained_shuffled_geometry,11437,0,13501,1,0.9093657158910329,0.12694286968112253,0.12694286968112253,0.12694286968112253,True,False,False,5,1
Wall,jepa_wm_wall,22,2,fidelity_constrained_shuffled_geometry__seed11437,fidelity_constrained_shuffled_geometry,11437,1,13519,1,0.6205539195082972,0.12694286968112253,0.0,0.0,True,False,True,1,1
Wall,jepa_wm_wall,22,2,fidelity_constrained_shuffled_geometry__seed11437,fidelity_constrained_shuffled_geometry,11437,2,13537,1,0.8665076101695619,0.12694286968112253,0.4337733398799115,0.4337733398799115,True,False,False,8,1
Wall,jepa_wm_wall,22,2,fidelity_constrained_shuffled_geometry__seed11437,fidelity_constrained_shuffled_geometry,11437,0,13501,3,0.9486501985057456,0.0034078026238675394,0.06691081779439773,0.06691081779439773,True,False,False,5,1
Wall,jepa_wm_wall,22,2,fidelity_constrained_shuffled_geometry__seed11437,fidelity_constrained_shuffled_geometry,11437,1,13519,3,0.7923879233504639,0.0034078026238675394,0.06691081779439773,0.06691081779439773,True,False,False,5,1
Wall,jepa_wm_wall,22,2,fidelity_constrained_shuffled_geometry__seed11437,fidelity_constrained_shuffled_geometry,11437,2,13537,3,0.5684848351255031,0.0034078026238675394,0.06691081779439773,0.06691081779439773,True,False,False,5,1
Wall,jepa_wm_wall,22,2,fidelity_constrained_shuffled_geometry__seed11437,fidelity_constrained_shuffled_geometry,11437,0,13501,6,1.1308670766747542,0.005672566228622634,0.5449193421845129,0.5449193421845129,True,False,False,1,3
Wall,jepa_wm_wall,22,2,fidelity_constrained_shuffled_geometry__seed11437,fidelity_constrained_shuffled_geometry,11437,1,13519,6,1.234699636688002,0.005672566228622634,0.5449193421845129,0.5449193421845129,True,False,False,1,3
Wall,jepa_wm_wall,22,2,fidelity_constrained_shuffled_geometry__seed11437,fidelity_constrained_shuffled_geometry,11437,2,13537,6,0.9106908122689082,0.005672566228622634,0.5449193421845129,0.5449193421845129,True,False,False,1,3
Wall,jepa_wm_wall,23,2,fidelity_constrained_shuffled_geometry__seed11437,fidelity_constrained_shuffled_geometry,11437,0,13501,1,0.46916490823779144,0.0352215604069649,0.0,0.0,True,False,True,1,1
Wall,jepa_wm_wall,23,2,fidelity_constrained_shuffled_geometry__seed11437,fidelity_constrained_shuffled_geometry,11437,1,13519,1,1.0307486232384748,0.0352215604069649,0.0,0.0,True,False,True,1,1
Wall,jepa_wm_wall,23,2,fidelity_constrained_shuffled_geometry__seed11437,fidelity_constrained_shuffled_geometry,11437,2,13537,1,0.6510328469399983,0.0352215604069649,0.0,0.0,True,False,True,1,1
Wall,jepa_wm_wall,23,2,fidelity_constrained_shuffled_geometry__seed11437,fidelity_constrained_shuffled_geometry,11437,0,13501,3,0.6671106734978653,0.06654741675461008,0.20090383817171387,0.20090383817171387,True,False,False,5,4
Wall,jepa_wm_wall,23,2,fidelity_constrained_shuffled_geometry__seed11437,fidelity_constrained_shuffled_geometry,11437,1,13519,3,1.1311638180392962,0.06654741675461008,0.20090383817171387,0.20090383817171387,True,False,False,5,4
Wall,jepa_wm_wall,23,2,fidelity_constrained_shuffled_geometry__seed11437,fidelity_constrained_shuffled_geometry,11437,2,13537,3,0.5920970211562067,0.06654741675461008,0.20090383817171387,0.20090383817171387,True,False,False,5,4
Wall,jepa_wm_wall,23,2,fidelity_constrained_shuffled_geometry__seed11437,fidelity_constrained_shuffled_geometry,11437,0,13501,6,1.0722944777001027,0.02483818875576625,0.52226012105352,0.52226012105352,True,False,False,5,4
Wall,jepa_wm_wall,23,2,fidelity_constrained_shuffled_geometry__seed11437,fidelity_constrained_shuffled_geometry,11437,1,13519,6,1.1449803342120068,0.02483818875576625,0.52226012105352,0.52226012105352,True,False,False,5,4
Wall,jepa_wm_wall,23,2,fidelity_constrained_shuffled_geometry__seed11437,fidelity_constrained_shuffled_geometry,11437,2,13537,6,0.9479668221217857,0.02483818875576625,0.52226012105352,0.52226012105352,True,False,False,5,4
Wall,jepa_wm_wall,48,6,fidelity_constrained_shuffled_geometry__seed11437,fidelity_constrained_shuffled_geometry,11437,0,13501,1,0.4160074050711302,0.001230240308132282,0.12212012605194784,0.12212012605194784,True,False,False,6,1
Wall,jepa_wm_wall,48,6,fidelity_constrained_shuffled_geometry__seed11437,fidelity_constrained_shuffled_geometry,11437,1,13519,1,0.5729763239222676,0.001230240308132282,0.1221204240752783,0.1221204240752783,True,False,False,5,1
Wall,jepa_wm_wall,48,6,fidelity_constrained_shuffled_geometry__seed11437,fidelity_constrained_shuffled_geometry,11437,2,13537,1,0.7600230857409166,0.001230240308132282,0.1221204240752783,0.1221204240752783,True,False,False,5,1
Wall,jepa_wm_wall,48,6,fidelity_constrained_shuffled_geometry__seed11437,fidelity_constrained_shuffled_geometry,11437,0,13501,3,0.44959431416855244,0.19997904740567995,0.3045755010194801,0.3045755010194801,True,False,False,5,1
Wall,jepa_wm_wall,48,6,fidelity_constrained_shuffled_geometry__seed11437,fidelity_constrained_shuffled_geometry,11437,1,13519,3,0.7160962983983529,0.19997904740567995,0.3045755010194801,0.3045755010194801,True,False,False,5,1
Wall,jepa_wm_wall,48,6,fidelity_constrained_shuffled_geometry__seed11437,fidelity_constrained_shuffled_geometry,11437,2,13537,3,0.5944941555592116,0.19997904740567995,0.3045755010194801,0.3045755010194801,True,False,False,5,1
Wall,jepa_wm_wall,48,6,fidelity_constrained_shuffled_geometry__seed11437,fidelity_constrained_shuffled_geometry,11437,0,13501,6,0.7632534140092219,0.13991464109340168,0.0,0.0,True,False,True,1,1
Wall,jepa_wm_wall,48,6,fidelity_constrained_shuffled_geometry__seed11437,fidelity_constrained_shuffled_geometry,11437,1,13519,6,0.7371442402385963,0.13991464109340168,0.0,0.0,True,False,True,1,1
Wall,jepa_wm_wall,48,6,fidelity_constrained_shuffled_geometry__seed11437,fidelity_constrained_shuffled_geometry,11437,2,13537,6,0.6759043660321753,0.13991464109340168,0.0,0.0,True,False,True,1,1
Wall,jepa_wm_wall,49,6,fidelity_constrained_shuffled_geometry__seed11437,fidelity_constrained_shuffled_geometry,11437,0,13501,1,0.7187476345484823,0.0035333624998658895,0.0,0.0,True,False,True,1,1
Wall,jepa_wm_wall,49,6,fidelity_constrained_shuffled_geometry__seed11437,fidelity_constrained_shuffled_geometry,11437,1,13519,1,0.3085626758846612,0.0035333624998658895,0.0,0.0,True,False,True,1,1
Wall,jepa_wm_wall,49,6,fidelity_constrained_shuffled_geometry__seed11437,fidelity_constrained_shuffled_geometry,11437,2,13537,1,0.5298144198430971,0.0035333624998658895,0.12196031285278491,0.12196031285278491,True,False,False,5,1
Wall,jepa_wm_wall,49,6,fidelity_constrained_shuffled_geometry__seed11437,fidelity_constrained_shuffled_geometry,11437,0,13501,3,0.44263294035168627,0.1617415121097364,0.27278036352730867,0.27278036352730867,True,False,False,5,1
Wall,jepa_wm_wall,49,6,fidelity_constrained_shuffled_geometry__seed11437,fidelity_constrained_shuffled_geometry,11437,1,13519,3,0.7436591575196617,0.1617415121097364,0.27278036352730867,0.27278036352730867,True,False,False,5,1
Wall,jepa_wm_wall,49,6,fidelity_constrained_shuffled_geometry__seed11437,fidelity_constrained_shuffled_geometry,11437,2,13537,3,0.5857067630740127,0.1617415121097364,0.27278036352730867,0.27278036352730867,True,False,False,5,1
Wall,jepa_wm_wall,49,6,fidelity_constrained_shuffled_geometry__seed11437,fidelity_constrained_shuffled_geometry,11437,0,13501,6,0.7709545146005913,0.08134523661871648,0.0,0.0,True,False,True,1,1
Wall,jepa_wm_wall,49,6,fidelity_constrained_shuffled_geometry__seed11437,fidelity_constrained_shuffled_geometry,11437,1,13519,6,0.7386648174762098,0.08134523661871648,0.0,0.0,True,False,True,1,1
Wall,jepa_wm_wall,49,6,fidelity_constrained_shuffled_geometry__seed11437,fidelity_constrained_shuffled_geometry,11437,2,13537,6,0.6548373396658318,0.08134523661871648,0.0,0.0,True,False,True,1,1
Wall,jepa_wm_wall,50,6,fidelity_constrained_shuffled_geometry__seed11437,fidelity_constrained_shuffled_geometry,11437,0,13501,1,0.464843491907643,0.054122212774885464,0.054122212774885464,0.054122212774885464,True,False,False,4,1
Wall,jepa_wm_wall,50,6,fidelity_constrained_shuffled_geometry__seed11437,fidelity_constrained_shuffled_geometry,11437,1,13519,1,0.29102355075207426,0.054122212774885464,0.0,0.0,True,False,True,1,1
Wall,jepa_wm_wall,50,6,fidelity_constrained_shuffled_geometry__seed11437,fidelity_constrained_shuffled_geometry,11437,2,13537,1,0.7803225343523457,0.054122212774885464,0.0,0.0,True,False,True,1,1
Wall,jepa_wm_wall,50,6,fidelity_constrained_shuffled_geometry__seed11437,fidelity_constrained_shuffled_geometry,11437,0,13501,3,0.6353940810177158,0.12897649730724076,0.29607003342937677,0.29607003342937677,True,False,False,1,6
Wall,jepa_wm_wall,50,6,fidelity_constrained_shuffled_geometry__seed11437,fidelity_constrained_shuffled_geometry,11437,1,13519,3,0.9386769097475416,0.12897649730724076,0.21108969174761585,0.21108969174761585,True,False,False,5,6
Wall,jepa_wm_wall,50,6,fidelity_constrained_shuffled_geometry__seed11437,fidelity_constrained_shuffled_geometry,11437,2,13537,3,0.8265504648232886,0.12897649730724076,0.21108969174761585,0.21108969174761585,True,False,False,5,6
Wall,jepa_wm_wall,50,6,fidelity_constrained_shuffled_geometry__seed11437,fidelity_constrained_shuffled_geometry,11437,0,13501,6,0.9609558236636353,0.037144204333989565,0.19405549575924055,0.19405549575924055,True,False,False,1,4
Wall,jepa_wm_wall,50,6,fidelity_constrained_shuffled_geometry__seed11437,fidelity_constrained_shuffled_geometry,11437,1,13519,6,0.9240109077503652,0.037144204333989565,0.19405549575924055,0.19405549575924055,True,False,False,1,4
Wall,jepa_wm_wall,50,6,fidelity_constrained_shuffled_geometry__seed11437,fidelity_constrained_shuffled_geometry,11437,2,13537,6,0.8222989193845868,0.037144204333989565,0.19405549575924055,0.19405549575924055,True,False,False,1,4
Wall,jepa_wm_wall,51,6,fidelity_constrained_shuffled_geometry__seed11437,fidelity_constrained_shuffled_geometry,11437,0,13501,1,0.3795654321389535,0.0008738033632488796,0.01522897403206608,0.01522897403206608,True,False,False,4,1
Wall,jepa_wm_wall,51,6,fidelity_constrained_shuffled_geometry__seed11437,fidelity_constrained_shuffled_geometry,11437,1,13519,1,0.7756355195872339,0.0008738033632488796,0.12172033166380862,0.12172033166380862,True,False,False,5,1
Wall,jepa_wm_wall,51,6,fidelity_constrained_shuffled_geometry__seed11437,fidelity_constrained_shuffled_geometry,11437,2,13537,1,0.8496675320974449,0.0008738033632488796,0.12172033166380862,0.12172033166380862,True,False,False,5,1
Wall,jepa_wm_wall,51,6,fidelity_constrained_shuffled_geometry__seed11437,fidelity_constrained_shuffled_geometry,11437,0,13501,3,0.7071630160743699,0.18236891449751788,0.26800666634249315,0.26800666634249315,True,False,False,5,1
Wall,jepa_wm_wall,51,6,fidelity_constrained_shuffled_geometry__seed11437,fidelity_constrained_shuffled_geometry,11437,1,13519,3,0.5561785492953514,0.18236891449751788,0.26800666634249315,0.26800666634249315,True,False,False,5,1
Wall,jepa_wm_wall,51,6,fidelity_constrained_shuffled_geometry__seed11437,fidelity_constrained_shuffled_geometry,11437,2,13537,3,0.6075376794418399,0.18236891449751788,0.25084205680435046,0.25084205680435046,True,False,False,2,1
Wall,jepa_wm_wall,51,6,fidelity_constrained_shuffled_geometry__seed11437,fidelity_constrained_shuffled_geometry,11437,0,13501,6,0.8676408615932404,0.10901940817974191,0.5176295782823793,0.5176295782823793,True,False,False,5,1
Wall,jepa_wm_wall,51,6,fidelity_constrained_shuffled_geometry__seed11437,fidelity_constrained_shuffled_geometry,11437,1,13519,6,0.9420528248786942,0.10901940817974191,0.5176295782823793,0.5176295782823793,True,False,False,5,1
Wall,jepa_wm_wall,51,6,fidelity_constrained_shuffled_geometry__seed11437,fidelity_constrained_shuffled_geometry,11437,2,13537,6,0.8877799551386583,0.10901940817974191,0.5176295782823793,0.5176295782823793,True,False,False,5,1
Wall,jepa_wm_wall,52,6,fidelity_constrained_shuffled_geometry__seed11437,fidelity_constrained_shuffled_geometry,11437,0,13501,1,0.7078311009489201,0.07100282563201721,0.0,0.0,True,False,True,1,1
Wall,jepa_wm_wall,52,6,fidelity_constrained_shuffled_geometry__seed11437,fidelity_constrained_shuffled_geometry,11437,1,13519,1,0.5438810218221174,0.07100282563201721,0.07100282563201721,0.07100282563201721,True,False,False,5,1
Wall,jepa_wm_wall,52,6,fidelity_constrained_shuffled_geometry__seed11437,fidelity_constrained_shuffled_geometry,11437,2,13537,1,1.212876730072571,0.07100282563201721,0.39458057133526225,0.39458057133526225,True,False,False,7,1
Wall,jepa_wm_wall,52,6,fidelity_constrained_shuffled_geometry__seed11437,fidelity_constrained_shuffled_geometry,11437,0,13501,3,0.8779377451341416,0.025811218253910286,0.025811218253910286,0.025811218253910286,True,False,False,5,3
Wall,jepa_wm_wall,52,6,fidelity_constrained_shuffled_geometry__seed11437,fidelity_constrained_shuffled_geometry,11437,1,13519,3,1.1079583340671728,0.025811218253910286,0.025811218253910286,0.025811218253910286,True,False,False,5,3
Wall,jepa_wm_wall,52,6,fidelity_constrained_shuffled_geometry__seed11437,fidelity_constrained_shuffled_geometry,11437,2,13537,3,0.44865673978477627,0.025811218253910286,0.05051972594698755,0.05051972594698755,True,False,False,1,3
Wall,jepa_wm_wall,52,6,fidelity_constrained_shuffled_geometry__seed11437,fidelity_constrained_shuffled_geometry,11437,0,13501,6,1.165994898459191,0.0384318938477101,0.5546787123699543,0.5546787123699543,True,False,False,5,3
Wall,jepa_wm_wall,52,6,fidelity_constrained_shuffled_geometry__seed11437,fidelity_constrained_shuffled_geometry,11437,1,13519,6,1.0850475547653897,0.0384318938477101,0.5546787123699543,0.5546787123699543,True,False,False,5,3
Wall,jepa_wm_wall,52,6,fidelity_constrained_shuffled_geometry__seed11437,fidelity_constrained_shuffled_geometry,11437,2,13537,6,1.0166831864945216,0.0384318938477101,0.5546787123699543,0.5546787123699543,True,False,False,5,3
Wall,jepa_wm_wall,53,6,fidelity_constrained_shuffled_geometry__seed11437,fidelity_constrained_shuffled_geometry,11437,0,13501,1,0.550485977952427,0.009791405470287062,0.0,0.0,True,False,True,1,1
Wall,jepa_wm_wall,53,6,fidelity_constrained_shuffled_geometry__seed11437,fidelity_constrained_shuffled_geometry,11437,1,13519,1,0.8105916334362294,0.009791405470287062,0.0,0.0,True,False,True,1,1
Wall,jepa_wm_wall,53,6,fidelity_constrained_shuffled_geometry__seed11437,fidelity_constrained_shuffled_geometry,11437,2,13537,1,0.9556975445200914,0.009791405470287062,0.6156865401728778,0.6156865401728778,True,False,False,0,1
Wall,jepa_wm_wall,53,6,fidelity_constrained_shuffled_geometry__seed11437,fidelity_constrained_shuffled_geometry,11437,0,13501,3,0.4152084619626027,0.09916642903112673,0.09916642903112673,0.09916642903112673,True,False,False,1,4
Wall,jepa_wm_wall,53,6,fidelity_constrained_shuffled_geometry__seed11437,fidelity_constrained_shuffled_geometry,11437,1,13519,3,0.8559525107018788,0.09916642903112673,0.1251960814003341,0.1251960814003341,True,False,False,5,4
Wall,jepa_wm_wall,53,6,fidelity_constrained_shuffled_geometry__seed11437,fidelity_constrained_shuffled_geometry,11437,2,13537,3,0.5940132023532825,0.09916642903112673,0.1509488568966722,0.1509488568966722,True,False,False,2,4
Wall,jepa_wm_wall,53,6,fidelity_constrained_shuffled_geometry__seed11437,fidelity_constrained_shuffled_geometry,11437,0,13501,6,0.8720619244350304,0.055729041610402784,0.09643994244758064,0.09643994244758064,True,False,False,1,4
Wall,jepa_wm_wall,53,6,fidelity_constrained_shuffled_geometry__seed11437,fidelity_constrained_shuffled_geometry,11437,1,13519,6,0.824193014761828,0.055729041610402784,0.09643994244758064,0.09643994244758064,True,False,False,1,4
Wall,jepa_wm_wall,53,6,fidelity_constrained_shuffled_geometry__seed11437,fidelity_constrained_shuffled_geometry,11437,2,13537,6,0.7226600226280934,0.055729041610402784,0.09643994244758064,0.09643994244758064,True,False,False,1,4
Wall,jepa_wm_wall,54,6,fidelity_constrained_shuffled_geometry__seed11437,fidelity_constrained_shuffled_geometry,11437,0,13501,1,0.6338374012866855,0.05210487275347143,0.24116091597100325,0.24116091597100325,True,False,False,3,1
Wall,jepa_wm_wall,54,6,fidelity_constrained_shuffled_geometry__seed11437,fidelity_constrained_shuffled_geometry,11437,1,13519,1,0.4557420968144126,0.05210487275347143,0.05210519554215911,0.05210519554215911,True,False,False,6,1
Wall,jepa_wm_wall,54,6,fidelity_constrained_shuffled_geometry__seed11437,fidelity_constrained_shuffled_geometry,11437,2,13537,1,0.8922539313958997,0.05210487275347143,0.0,0.0,True,False,True,1,1
Wall,jepa_wm_wall,54,6,fidelity_constrained_shuffled_geometry__seed11437,fidelity_constrained_shuffled_geometry,11437,0,13501,3,0.7175878588811375,0.20548523538405974,0.22028967914818534,0.22028967914818534,True,False,False,5,6
Wall,jepa_wm_wall,54,6,fidelity_constrained_shuffled_geometry__seed11437,fidelity_constrained_shuffled_geometry,11437,1,13519,3,1.0561938946528409,0.20548523538405974,0.22028967914818534,0.22028967914818534,True,False,False,5,6
Wall,jepa_wm_wall,54,6,fidelity_constrained_shuffled_geometry__seed11437,fidelity_constrained_shuffled_geometry,11437,2,13537,3,0.753053149968757,0.20548523538405974,0.22028967914818534,0.22028967914818534,True,False,False,5,6
Wall,jepa_wm_wall,54,6,fidelity_constrained_shuffled_geometry__seed11437,fidelity_constrained_shuffled_geometry,11437,0,13501,6,1.0113945118775853,0.0038749650505872178,0.2353094206177578,0.2353094206177578,True,False,False,1,2
Wall,jepa_wm_wall,54,6,fidelity_constrained_shuffled_geometry__seed11437,fidelity_constrained_shuffled_geometry,11437,1,13519,6,0.9863779825553711,0.0038749650505872178,0.2353094206177578,0.2353094206177578,True,False,False,1,2
Wall,jepa_wm_wall,54,6,fidelity_constrained_shuffled_geometry__seed11437,fidelity_constrained_shuffled_geometry,11437,2,13537,6,0.9445331744321092,0.0038749650505872178,0.2353094206177578,0.2353094206177578,True,False,False,1,2
Wall,jepa_wm_wall,55,6,fidelity_constrained_shuffled_geometry__seed11437,fidelity_constrained_shuffled_geometry,11437,0,13501,1,0.7040578302884282,0.12339387776632706,0.250338703515066,0.250338703515066,True,False,False,3,1
Wall,jepa_wm_wall,55,6,fidelity_constrained_shuffled_geometry__seed11437,fidelity_constrained_shuffled_geometry,11437,1,13519,1,0.39978901747362666,0.12339387776632706,0.12339387776632706,0.12339387776632706,True,False,False,6,1
Wall,jepa_wm_wall,55,6,fidelity_constrained_shuffled_geometry__seed11437,fidelity_constrained_shuffled_geometry,11437,2,13537,1,0.8371043458006436,0.12339387776632706,0.42608216741639404,0.42608216741639404,True,False,False,7,1
Wall,jepa_wm_wall,55,6,fidelity_constrained_shuffled_geometry__seed11437,fidelity_constrained_shuffled_geometry,11437,0,13501,3,0.7361584032350906,0.05867158711655809,0.19830582185068493,0.19830582185068493,True,False,False,1,6
Wall,jepa_wm_wall,55,6,fidelity_constrained_shuffled_geometry__seed11437,fidelity_constrained_shuffled_geometry,11437,1,13519,3,0.8498217974107246,0.05867158711655809,0.1600320766712798,0.1600320766712798,True,False,False,5,6
Wall,jepa_wm_wall,55,6,fidelity_constrained_shuffled_geometry__seed11437,fidelity_constrained_shuffled_geometry,11437,2,13537,3,0.6792268349553391,0.05867158711655809,0.1600320766712798,0.1600320766712798,True,False,False,5,6
Wall,jepa_wm_wall,55,6,fidelity_constrained_shuffled_geometry__seed11437,fidelity_constrained_shuffled_geometry,11437,0,13501,6,1.1131808314235103,0.04633499368663333,0.510367303771342,0.510367303771342,True,False,False,1,2
Wall,jepa_wm_wall,55,6,fidelity_constrained_shuffled_geometry__seed11437,fidelity_constrained_shuffled_geometry,11437,1,13519,6,1.016919661495328,0.04633499368663333,0.510367303771342,0.510367303771342,True,False,False,1,2
Wall,jepa_wm_wall,55,6,fidelity_constrained_shuffled_geometry__seed11437,fidelity_constrained_shuffled_geometry,11437,2,13537,6,0.9446585995431481,0.04633499368663333,0.510367303771342,0.510367303771342,True,False,False,1,2
Wall,jepa_wm_wall,8,1,fidelity_constrained_matched_geometry__seed11437,fidelity_constrained_matched_geometry,11437,0,13501,1,0.6462290930426865,0.016152705182870427,0.12071148770637684,0.12071148770637684,True,False,False,5,2
Wall,jepa_wm_wall,8,1,fidelity_constrained_matched_geometry__seed11437,fidelity_constrained_matched_geometry,11437,1,13519,1,0.5914232507990764,0.016152705182870427,0.12071148770637684,0.12071148770637684,True,False,False,5,2
Wall,jepa_wm_wall,8,1,fidelity_constrained_matched_geometry__seed11437,fidelity_constrained_matched_geometry,11437,2,13537,1,0.5731257017020741,0.016152705182870427,0.12071148770637684,0.12071148770637684,True,False,False,5,2
Wall,jepa_wm_wall,8,1,fidelity_constrained_matched_geometry__seed11437,fidelity_constrained_matched_geometry,11437,0,13501,3,0.43981076018049553,0.07614176734582923,0.08482373582968013,0.08482373582968013,True,False,False,5,4
Wall,jepa_wm_wall,8,1,fidelity_constrained_matched_geometry__seed11437,fidelity_constrained_matched_geometry,11437,1,13519,3,0.46412367449178454,0.07614176734582923,0.08482373582968013,0.08482373582968013,True,False,False,5,4
Wall,jepa_wm_wall,8,1,fidelity_constrained_matched_geometry__seed11437,fidelity_constrained_matched_geometry,11437,2,13537,3,0.4954275178514492,0.07614176734582923,0.08482373582968013,0.08482373582968013,True,False,False,5,4
Wall,jepa_wm_wall,8,1,fidelity_constrained_matched_geometry__seed11437,fidelity_constrained_matched_geometry,11437,0,13501,6,0.5183339084717189,0.029846874393166266,0.0,0.0,True,False,True,4,4
Wall,jepa_wm_wall,8,1,fidelity_constrained_matched_geometry__seed11437,fidelity_constrained_matched_geometry,11437,1,13519,6,0.5277145548693934,0.029846874393166266,0.0,0.0,True,False,True,4,4
Wall,jepa_wm_wall,8,1,fidelity_constrained_matched_geometry__seed11437,fidelity_constrained_matched_geometry,11437,2,13537,6,0.6333713406031962,0.029846874393166266,0.0,0.0,True,False,True,4,4
Wall,jepa_wm_wall,9,1,fidelity_constrained_matched_geometry__seed11437,fidelity_constrained_matched_geometry,11437,0,13501,1,0.6845269322842663,0.12507081777279483,0.42975130258508343,0.42975130258508343,True,False,False,7,1
Wall,jepa_wm_wall,9,1,fidelity_constrained_matched_geometry__seed11437,fidelity_constrained_matched_geometry,11437,1,13519,1,0.40322761390125295,0.12507081777279483,0.0,0.0,True,False,True,1,1
Wall,jepa_wm_wall,9,1,fidelity_constrained_matched_geometry__seed11437,fidelity_constrained_matched_geometry,11437,2,13537,1,0.8018632824223187,0.12507081777279483,0.12507081777279483,0.12507081777279483,True,False,False,5,1
Wall,jepa_wm_wall,9,1,fidelity_constrained_matched_geometry__seed11437,fidelity_constrained_matched_geometry,11437,0,13501,3,0.574411987609464,0.054847575896831174,0.1227425611377265,0.1227425611377265,True,False,False,7,1
Wall,jepa_wm_wall,9,1,fidelity_constrained_matched_geometry__seed11437,fidelity_constrained_matched_geometry,11437,1,13519,3,0.46765964183061387,0.054847575896831174,0.0,0.0,True,False,True,1,1
Wall,jepa_wm_wall,9,1,fidelity_constrained_matched_geometry__seed11437,fidelity_constrained_matched_geometry,11437,2,13537,3,0.5305661921539239,0.054847575896831174,0.0,0.0,True,False,True,1,1
Wall,jepa_wm_wall,9,1,fidelity_constrained_matched_geometry__seed11437,fidelity_constrained_matched_geometry,11437,0,13501,6,0.9236422360509462,0.014740318180249878,0.5301166754314394,0.5301166754314394,True,False,False,7,2
Wall,jepa_wm_wall,9,1,fidelity_constrained_matched_geometry__seed11437,fidelity_constrained_matched_geometry,11437,1,13519,6,0.774997749409027,0.014740318180249878,0.09552012436264752,0.09552012436264752,True,False,False,4,2
Wall,jepa_wm_wall,9,1,fidelity_constrained_matched_geometry__seed11437,fidelity_constrained_matched_geometry,11437,2,13537,6,0.7765872028172475,0.014740318180249878,0.5442535818012866,0.5442535818012866,True,False,False,1,2
Wall,jepa_wm_wall,10,1,fidelity_constrained_matched_geometry__seed11437,fidelity_constrained_matched_geometry,11437,0,13501,1,0.618640607179551,0.0012356039916028997,0.12286421707529614,0.12286421707529614,True,False,False,6,1
Wall,jepa_wm_wall,10,1,fidelity_constrained_matched_geometry__seed11437,fidelity_constrained_matched_geometry,11437,1,13519,1,0.6955100841865333,0.0012356039916028997,0.12286421707529614,0.12286421707529614,True,False,False,5,1
Wall,jepa_wm_wall,10,1,fidelity_constrained_matched_geometry__seed11437,fidelity_constrained_matched_geometry,11437,2,13537,1,0.21986966265206156,0.0012356039916028997,0.004752277194910718,0.004752277194910718,True,False,False,2,1
Wall,jepa_wm_wall,10,1,fidelity_constrained_matched_geometry__seed11437,fidelity_constrained_matched_geometry,11437,0,13501,3,0.48419817587419606,0.15965748274850114,0.20731631818021912,0.20731631818021912,True,False,False,5,1
Wall,jepa_wm_wall,10,1,fidelity_constrained_matched_geometry__seed11437,fidelity_constrained_matched_geometry,11437,1,13519,3,0.4190341164613061,0.15965748274850114,0.20731631818021912,0.20731631818021912,True,False,False,5,1
Wall,jepa_wm_wall,10,1,fidelity_constrained_matched_geometry__seed11437,fidelity_constrained_matched_geometry,11437,2,13537,3,0.4537589774224811,0.15965748274850114,0.20731631818021912,0.20731631818021912,True,False,False,5,1
Wall,jepa_wm_wall,10,1,fidelity_constrained_matched_geometry__seed11437,fidelity_constrained_matched_geometry,11437,0,13501,6,0.7162308192133304,0.08421266293753488,0.0,0.0,True,False,True,1,1
Wall,jepa_wm_wall,10,1,fidelity_constrained_matched_geometry__seed11437,fidelity_constrained_matched_geometry,11437,1,13519,6,0.6486871609554377,0.08421266293753488,0.0,0.0,True,False,True,1,1
Wall,jepa_wm_wall,10,1,fidelity_constrained_matched_geometry__seed11437,fidelity_constrained_matched_geometry,11437,2,13537,6,0.6779374480851077,0.08421266293753488,0.0,0.0,True,False,True,1,1
Wall,jepa_wm_wall,11,1,fidelity_constrained_matched_geometry__seed11437,fidelity_constrained_matched_geometry,11437,0,13501,1,0.5540114655648462,0.006092489128857203,0.03012359321854074,0.03012359321854074,True,False,False,2,1
Wall,jepa_wm_wall,11,1,fidelity_constrained_matched_geometry__seed11437,fidelity_constrained_matched_geometry,11437,1,13519,1,0.18927326952204962,0.006092489128857203,0.006092489128857203,0.006092489128857203,True,False,False,4,1
Wall,jepa_wm_wall,11,1,fidelity_constrained_matched_geometry__seed11437,fidelity_constrained_matched_geometry,11437,2,13537,1,0.4829479876919266,0.006092489128857203,0.0,0.0,True,False,True,1,1
Wall,jepa_wm_wall,11,1,fidelity_constrained_matched_geometry__seed11437,fidelity_constrained_matched_geometry,11437,0,13501,3,0.45892020409516987,0.05350381994101328,0.0,0.0,True,False,True,1,1
Wall,jepa_wm_wall,11,1,fidelity_constrained_matched_geometry__seed11437,fidelity_constrained_matched_geometry,11437,1,13519,3,0.483132452113866,0.05350381994101328,0.16557815588742084,0.16557815588742084,True,False,False,5,1
Wall,jepa_wm_wall,11,1,fidelity_constrained_matched_geometry__seed11437,fidelity_constrained_matched_geometry,11437,2,13537,3,0.5356267044714422,0.05350381994101328,0.16557815588742084,0.16557815588742084,True,False,False,5,1
Wall,jepa_wm_wall,11,1,fidelity_constrained_matched_geometry__seed11437,fidelity_constrained_matched_geometry,11437,0,13501,6,0.7670895349395743,0.029439984357622885,0.0,0.0,True,False,True,1,1
Wall,jepa_wm_wall,11,1,fidelity_constrained_matched_geometry__seed11437,fidelity_constrained_matched_geometry,11437,1,13519,6,0.6640359235557647,0.029439984357622885,0.0,0.0,True,False,True,1,1
Wall,jepa_wm_wall,11,1,fidelity_constrained_matched_geometry__seed11437,fidelity_constrained_matched_geometry,11437,2,13537,6,0.66573708327926,0.029439984357622885,0.0,0.0,True,False,True,1,1
Wall,jepa_wm_wall,12,1,fidelity_constrained_matched_geometry__seed11437,fidelity_constrained_matched_geometry,11437,0,13501,1,0.6593473581458001,0.12456447628524758,0.12456477430848922,0.12456477430848922,True,False,False,5,1
Wall,jepa_wm_wall,12,1,fidelity_constrained_matched_geometry__seed11437,fidelity_constrained_matched_geometry,11437,1,13519,1,0.37421863618658785,0.12456447628524758,0.0,0.0,True,False,True,1,1
Wall,jepa_wm_wall,12,1,fidelity_constrained_matched_geometry__seed11437,fidelity_constrained_matched_geometry,11437,2,13537,1,0.6416545173595539,0.12456447628524758,0.0,0.0,True,False,True,1,1
Wall,jepa_wm_wall,12,1,fidelity_constrained_matched_geometry__seed11437,fidelity_constrained_matched_geometry,11437,0,13501,3,0.5487584101746003,0.06321905065029236,0.0,0.0,True,False,True,1,1
Wall,jepa_wm_wall,12,1,fidelity_constrained_matched_geometry__seed11437,fidelity_constrained_matched_geometry,11437,1,13519,3,0.8456795175048895,0.06321905065029236,0.0,0.0,True,False,True,1,1
Wall,jepa_wm_wall,12,1,fidelity_constrained_matched_geometry__seed11437,fidelity_constrained_matched_geometry,11437,2,13537,3,0.5292678838758971,0.06321905065029236,0.0,0.0,True,False,True,1,1
Wall,jepa_wm_wall,12,1,fidelity_constrained_matched_geometry__seed11437,fidelity_constrained_matched_geometry,11437,0,13501,6,0.8092922255588677,0.051845683435020974,0.31883657143532496,0.31883657143532496,True,False,False,1,3
Wall,jepa_wm_wall,12,1,fidelity_constrained_matched_geometry__seed11437,fidelity_constrained_matched_geometry,11437,1,13519,6,0.7570508038707019,0.051845683435020974,0.21116622450814518,0.21116622450814518,True,False,False,4,3
Wall,jepa_wm_wall,12,1,fidelity_constrained_matched_geometry__seed11437,fidelity_constrained_matched_geometry,11437,2,13537,6,0.6776787438560743,0.051845683435020974,0.31883657143532496,0.31883657143532496,True,False,False,1,3
Wall,jepa_wm_wall,13,1,fidelity_constrained_matched_geometry__seed11437,fidelity_constrained_matched_geometry,11437,0,13501,1,0.36062726262130906,0.0032743813559044216,0.014646054187181842,0.014646054187181842,True,False,False,2,1
Wall,jepa_wm_wall,13,1,fidelity_constrained_matched_geometry__seed11437,fidelity_constrained_matched_geometry,11437,1,13519,1,0.48115806786184007,0.0032743813559044216,0.028695465844599356,0.028695465844599356,True,False,False,4,1
Wall,jepa_wm_wall,13,1,fidelity_constrained_matched_geometry__seed11437,fidelity_constrained_matched_geometry,11437,2,13537,1,0.5053014986327552,0.0032743813559044216,0.22894890480929045,0.22894890480929045,True,False,False,6,1
Wall,jepa_wm_wall,13,1,fidelity_constrained_matched_geometry__seed11437,fidelity_constrained_matched_geometry,11437,0,13501,3,0.3743949064320746,0.14527104206009775,0.0,0.0,True,False,True,4,4
Wall,jepa_wm_wall,13,1,fidelity_constrained_matched_geometry__seed11437,fidelity_constrained_matched_geometry,11437,1,13519,3,0.4233730019416302,0.14527104206009775,0.14527104206009775,0.14527104206009775,True,False,False,5,4
Wall,jepa_wm_wall,13,1,fidelity_constrained_matched_geometry__seed11437,fidelity_constrained_matched_geometry,11437,2,13537,3,0.37763532006001643,0.14527104206009775,0.14527104206009775,0.14527104206009775,True,False,False,5,4
Wall,jepa_wm_wall,13,1,fidelity_constrained_matched_geometry__seed11437,fidelity_constrained_matched_geometry,11437,0,13501,6,0.47274102861684214,0.4162684616699494,0.0,0.0,True,False,True,4,4
Wall,jepa_wm_wall,13,1,fidelity_constrained_matched_geometry__seed11437,fidelity_constrained_matched_geometry,11437,1,13519,6,0.5247088940791231,0.4162684616699494,0.0,0.0,True,False,True,4,4
Wall,jepa_wm_wall,13,1,fidelity_constrained_matched_geometry__seed11437,fidelity_constrained_matched_geometry,11437,2,13537,6,0.4661311362116999,0.4162684616699494,0.0,0.0,True,False,True,4,4
Wall,jepa_wm_wall,14,1,fidelity_constrained_matched_geometry__seed11437,fidelity_constrained_matched_geometry,11437,0,13501,1,0.5719145580095981,0.1235923244710162,0.0,0.0,True,False,True,1,1
Wall,jepa_wm_wall,14,1,fidelity_constrained_matched_geometry__seed11437,fidelity_constrained_matched_geometry,11437,1,13519,1,0.3689983661681064,0.1235923244710162,0.1235923244710162,0.1235923244710162,True,False,False,5,1
Wall,jepa_wm_wall,14,1,fidelity_constrained_matched_geometry__seed11437,fidelity_constrained_matched_geometry,11437,2,13537,1,0.7202934508510845,0.1235923244710162,0.1235923244710162,0.1235923244710162,True,False,False,5,1
Wall,jepa_wm_wall,14,1,fidelity_constrained_matched_geometry__seed11437,fidelity_constrained_matched_geometry,11437,0,13501,3,0.9222949445672535,0.02103669177229461,0.03871608563546807,0.03871608563546807,True,False,False,5,4
Wall,jepa_wm_wall,14,1,fidelity_constrained_matched_geometry__seed11437,fidelity_constrained_matched_geometry,11437,1,13519,3,0.6651606514957792,0.02103669177229461,0.02103669177229461,0.02103669177229461,True,False,False,1,4
Wall,jepa_wm_wall,14,1,fidelity_constrained_matched_geometry__seed11437,fidelity_constrained_matched_geometry,11437,2,13537,3,0.6525713238318764,0.02103669177229461,0.02103669177229461,0.02103669177229461,True,False,False,1,4
Wall,jepa_wm_wall,14,1,fidelity_constrained_matched_geometry__seed11437,fidelity_constrained_matched_geometry,11437,0,13501,6,0.7981078102998723,0.018693811713921336,0.0,0.0,True,False,True,4,4
Wall,jepa_wm_wall,14,1,fidelity_constrained_matched_geometry__seed11437,fidelity_constrained_matched_geometry,11437,1,13519,6,0.6620487218706561,0.018693811713921336,0.0,0.0,True,False,True,4,4
Wall,jepa_wm_wall,14,1,fidelity_constrained_matched_geometry__seed11437,fidelity_constrained_matched_geometry,11437,2,13537,6,0.6974039604377453,0.018693811713921336,0.0,0.0,True,False,True,4,4
Wall,jepa_wm_wall,15,1,fidelity_constrained_matched_geometry__seed11437,fidelity_constrained_matched_geometry,11437,0,13501,1,0.352274806055157,0.12749000243931988,0.0,0.0,True,False,True,1,1
Wall,jepa_wm_wall,15,1,fidelity_constrained_matched_geometry__seed11437,fidelity_constrained_matched_geometry,11437,1,13519,1,0.6475362524950667,0.12749000243931988,0.12749000243931988,0.12749000243931988,True,False,False,5,1
Wall,jepa_wm_wall,15,1,fidelity_constrained_matched_geometry__seed11437,fidelity_constrained_matched_geometry,11437,2,13537,1,0.7743807430644574,0.12749000243931988,0.12749000243931988,0.12749000243931988,True,False,False,5,1
Wall,jepa_wm_wall,15,1,fidelity_constrained_matched_geometry__seed11437,fidelity_constrained_matched_geometry,11437,0,13501,3,0.8673282448684863,0.019446629235054986,0.09083780960232728,0.09083780960232728,True,False,False,7,5
Wall,jepa_wm_wall,15,1,fidelity_constrained_matched_geometry__seed11437,fidelity_constrained_matched_geometry,11437,1,13519,3,0.7725288824805812,0.019446629235054986,0.019446629235054986,0.019446629235054986,True,False,False,1,5
Wall,jepa_wm_wall,15,1,fidelity_constrained_matched_geometry__seed11437,fidelity_constrained_matched_geometry,11437,2,13537,3,0.6682308864396385,0.019446629235054986,0.0,0.0,True,False,True,5,5
Wall,jepa_wm_wall,15,1,fidelity_constrained_matched_geometry__seed11437,fidelity_constrained_matched_geometry,11437,0,13501,6,1.0659113397836437,0.02109195364658048,0.02109195364658048,0.02109195364658048,True,False,False,4,2
Wall,jepa_wm_wall,15,1,fidelity_constrained_matched_geometry__seed11437,fidelity_constrained_matched_geometry,11437,1,13519,6,0.954372676046455,0.02109195364658048,0.02109195364658048,0.02109195364658048,True,False,False,4,2
Wall,jepa_wm_wall,15,1,fidelity_constrained_matched_geometry__seed11437,fidelity_constrained_matched_geometry,11437,2,13537,6,0.9984097805027083,0.02109195364658048,0.5003648254496518,0.5003648254496518,True,False,False,5,2
Wall,jepa_wm_wall,16,2,fidelity_constrained_matched_geometry__seed11437,fidelity_constrained_matched_geometry,11437,0,13501,1,0.4682782302095809,0.08029399387979654,0.12221512264844832,0.12221512264844832,True,False,False,2,1
Wall,jepa_wm_wall,16,2,fidelity_constrained_matched_geometry__seed11437,fidelity_constrained_matched_geometry,11437,1,13519,1,0.48258735357164445,0.08029399387979654,0.08029399387979654,0.08029399387979654,True,False,False,4,1
Wall,jepa_wm_wall,16,2,fidelity_constrained_matched_geometry__seed11437,fidelity_constrained_matched_geometry,11437,2,13537,1,0.2578336358254667,0.08029399387979654,0.0,0.0,True,False,True,1,1
Wall,jepa_wm_wall,16,2,fidelity_constrained_matched_geometry__seed11437,fidelity_constrained_matched_geometry,11437,0,13501,3,0.7544072702068526,0.005638604719787298,0.1362528665233449,0.1362528665233449,True,False,False,5,2
Wall,jepa_wm_wall,16,2,fidelity_constrained_matched_geometry__seed11437,fidelity_constrained_matched_geometry,11437,1,13519,3,1.1148522652373505,0.005638604719787298,0.1362528665233449,0.1362528665233449,True,False,False,5,2
Wall,jepa_wm_wall,16,2,fidelity_constrained_matched_geometry__seed11437,fidelity_constrained_matched_geometry,11437,2,13537,3,0.5796351922768945,0.005638604719787298,0.07872781905618415,0.07872781905618415,True,False,False,4,2
Wall,jepa_wm_wall,16,2,fidelity_constrained_matched_geometry__seed11437,fidelity_constrained_matched_geometry,11437,0,13501,6,1.1618143806227166,0.0428317804300752,0.47836158155027136,0.47836158155027136,True,False,False,1,2
Wall,jepa_wm_wall,16,2,fidelity_constrained_matched_geometry__seed11437,fidelity_constrained_matched_geometry,11437,1,13519,6,1.2932033814797654,0.0428317804300752,0.47836158155027136,0.47836158155027136,True,False,False,1,2
Wall,jepa_wm_wall,16,2,fidelity_constrained_matched_geometry__seed11437,fidelity_constrained_matched_geometry,11437,2,13537,6,1.0031228051540586,0.0428317804300752,0.47836158155027136,0.47836158155027136,True,False,False,1,2
Wall,jepa_wm_wall,17,2,fidelity_constrained_matched_geometry__seed11437,fidelity_constrained_matched_geometry,11437,0,13501,1,0.8123665021969269,0.12688063729252005,0.12688078630405206,0.12688078630405206,True,False,False,5,1
Wall,jepa_wm_wall,17,2,fidelity_constrained_matched_geometry__seed11437,fidelity_constrained_matched_geometry,11437,1,13519,1,0.5918250609990797,0.12688063729252005,0.43363994939568373,0.43363994939568373,True,False,False,8,1
Wall,jepa_wm_wall,17,2,fidelity_constrained_matched_geometry__seed11437,fidelity_constrained_matched_geometry,11437,2,13537,1,0.7795077944161352,0.12688063729252005,0.21802652107246578,0.21802652107246578,True,False,False,3,1
Wall,jepa_wm_wall,17,2,fidelity_constrained_matched_geometry__seed11437,fidelity_constrained_matched_geometry,11437,0,13501,3,1.0728529215641747,0.0045777647931245415,0.0666852161712895,0.0666852161712895,True,False,False,5,1
Wall,jepa_wm_wall,17,2,fidelity_constrained_matched_geometry__seed11437,fidelity_constrained_matched_geometry,11437,1,13519,3,0.883656663393796,0.0045777647931245415,0.0,0.0,True,False,True,1,1
Wall,jepa_wm_wall,17,2,fidelity_constrained_matched_geometry__seed11437,fidelity_constrained_matched_geometry,11437,2,13537,3,0.5239702650463298,0.0045777647931245415,0.0666852161712895,0.0666852161712895,True,False,False,5,1
Wall,jepa_wm_wall,17,2,fidelity_constrained_matched_geometry__seed11437,fidelity_constrained_matched_geometry,11437,0,13501,6,1.181218851984106,0.00537754688799704,0.5173793022236458,0.5173793022236458,True,False,False,1,3
Wall,jepa_wm_wall,17,2,fidelity_constrained_matched_geometry__seed11437,fidelity_constrained_matched_geometry,11437,1,13519,6,1.2645231730547912,0.00537754688799704,0.5173793022236458,0.5173793022236458,True,False,False,1,3
Wall,jepa_wm_wall,17,2,fidelity_constrained_matched_geometry__seed11437,fidelity_constrained_matched_geometry,11437,2,13537,6,0.96819359878534,0.00537754688799704,0.5173793022236458,0.5173793022236458,True,False,False,1,3
Wall,jepa_wm_wall,18,2,fidelity_constrained_matched_geometry__seed11437,fidelity_constrained_matched_geometry,11437,0,13501,1,0.7622716348700664,0.08790014078613739,0.0,0.0,True,False,True,1,1
Wall,jepa_wm_wall,18,2,fidelity_constrained_matched_geometry__seed11437,fidelity_constrained_matched_geometry,11437,1,13519,1,0.29154844576867767,0.08790014078613739,0.0,0.0,True,False,True,1,1
Wall,jepa_wm_wall,18,2,fidelity_constrained_matched_geometry__seed11437,fidelity_constrained_matched_geometry,11437,2,13537,1,0.3642447769972789,0.08790014078613739,0.0,0.0,True,False,True,1,1
Wall,jepa_wm_wall,18,2,fidelity_constrained_matched_geometry__seed11437,fidelity_constrained_matched_geometry,11437,0,13501,3,0.8147528287668957,0.06357119324461176,0.0,0.0,True,False,True,1,1
Wall,jepa_wm_wall,18,2,fidelity_constrained_matched_geometry__seed11437,fidelity_constrained_matched_geometry,11437,1,13519,3,0.6599145587583097,0.06357119324461176,0.13583789196485332,0.13583789196485332,True,False,False,6,1
Wall,jepa_wm_wall,18,2,fidelity_constrained_matched_geometry__seed11437,fidelity_constrained_matched_geometry,11437,2,13537,3,0.33815058686954746,0.06357119324461176,0.09827810985778822,0.09827810985778822,True,False,False,2,1
Wall,jepa_wm_wall,18,2,fidelity_constrained_matched_geometry__seed11437,fidelity_constrained_matched_geometry,11437,0,13501,6,1.1168262598813716,0.06074535502837518,0.20337306739366096,0.20337306739366096,True,False,False,5,6
Wall,jepa_wm_wall,18,2,fidelity_constrained_matched_geometry__seed11437,fidelity_constrained_matched_geometry,11437,1,13519,6,1.1436989183406445,0.06074535502837518,0.079029886739769,0.079029886739769,True,False,False,4,6
Wall,jepa_wm_wall,18,2,fidelity_constrained_matched_geometry__seed11437,fidelity_constrained_matched_geometry,11437,2,13537,6,0.7524036227170319,0.06074535502837518,0.079029886739769,0.079029886739769,True,False,False,4,6
Wall,jepa_wm_wall,19,2,fidelity_constrained_matched_geometry__seed11437,fidelity_constrained_matched_geometry,11437,0,13501,1,0.4912974946485422,0.0012619796047764191,0.007615091005135686,0.007615091005135686,True,False,False,4,1
Wall,jepa_wm_wall,19,2,fidelity_constrained_matched_geometry__seed11437,fidelity_constrained_matched_geometry,11437,1,13519,1,1.2364960873968474,0.0012619796047764191,0.4328822502546236,0.4328822502546236,True,False,False,7,1
Wall,jepa_wm_wall,19,2,fidelity_constrained_matched_geometry__seed11437,fidelity_constrained_matched_geometry,11437,2,13537,1,0.6472645620112343,0.0012619796047764191,0.0012619796047764191,0.0012619796047764191,True,False,False,2,1
Wall,jepa_wm_wall,19,2,fidelity_constrained_matched_geometry__seed11437,fidelity_constrained_matched_geometry,11437,0,13501,3,0.6207468829796638,0.23155633681788695,0.30787988273780015,0.30787988273780015,True,False,False,5,1
Wall,jepa_wm_wall,19,2,fidelity_constrained_matched_geometry__seed11437,fidelity_constrained_matched_geometry,11437,1,13519,3,0.8622183223139336,0.23155633681788695,0.5496849397943441,0.5496849397943441,True,False,False,7,1
Wall,jepa_wm_wall,19,2,fidelity_constrained_matched_geometry__seed11437,fidelity_constrained_matched_geometry,11437,2,13537,3,0.661190232250245,0.23155633681788695,0.5496849397943441,0.5496849397943441,True,False,False,7,1
Wall,jepa_wm_wall,19,2,fidelity_constrained_matched_geometry__seed11437,fidelity_constrained_matched_geometry,11437,0,13501,6,1.0839517308636053,0.021179216124354038,0.4811349945468107,0.4811349945468107,True,False,False,5,1
Wall,jepa_wm_wall,19,2,fidelity_constrained_matched_geometry__seed11437,fidelity_constrained_matched_geometry,11437,1,13519,6,1.1897592342194687,0.021179216124354038,0.4811349945468107,0.4811349945468107,True,False,False,5,1
Wall,jepa_wm_wall,19,2,fidelity_constrained_matched_geometry__seed11437,fidelity_constrained_matched_geometry,11437,2,13537,6,1.0243218249365087,0.021179216124354038,0.4811349945468107,0.4811349945468107,True,False,False,5,1
Wall,jepa_wm_wall,20,2,fidelity_constrained_matched_geometry__seed11437,fidelity_constrained_matched_geometry,11437,0,13501,1,1.1548467646396952,0.09692983861294002,0.5769228648680464,0.5769228648680464,True,False,False,0,1
Wall,jepa_wm_wall,20,2,fidelity_constrained_matched_geometry__seed11437,fidelity_constrained_matched_geometry,11437,1,13519,1,1.3649007007356413,0.09692983861294002,0.5769228648680464,0.5769228648680464,True,False,False,0,1
Wall,jepa_wm_wall,20,2,fidelity_constrained_matched_geometry__seed11437,fidelity_constrained_matched_geometry,11437,2,13537,1,0.9999848030213776,0.09692983861294002,0.12873220149056347,0.12873220149056347,True,False,False,5,1
Wall,jepa_wm_wall,20,2,fidelity_constrained_matched_geometry__seed11437,fidelity_constrained_matched_geometry,11437,0,13501,3,0.7993728202616713,0.1083018003488066,0.4878714169545492,0.4878714169545492,True,False,False,0,6
Wall,jepa_wm_wall,20,2,fidelity_constrained_matched_geometry__seed11437,fidelity_constrained_matched_geometry,11437,1,13519,3,1.0852147484775025,0.1083018003488066,0.4878714169545492,0.4878714169545492,True,False,False,0,6
Wall,jepa_wm_wall,20,2,fidelity_constrained_matched_geometry__seed11437,fidelity_constrained_matched_geometry,11437,2,13537,3,0.6183382335166432,0.1083018003488066,0.18914274310056906,0.18914274310056906,True,False,False,4,6
Wall,jepa_wm_wall,20,2,fidelity_constrained_matched_geometry__seed11437,fidelity_constrained_matched_geometry,11437,0,13501,6,1.0940578788674113,0.054097226742439664,0.5175256334018074,0.5175256334018074,True,False,False,5,2
Wall,jepa_wm_wall,20,2,fidelity_constrained_matched_geometry__seed11437,fidelity_constrained_matched_geometry,11437,1,13519,6,1.2043965828467922,0.054097226742439664,0.6705794678490131,0.6705794678490131,True,False,False,0,2
Wall,jepa_wm_wall,20,2,fidelity_constrained_matched_geometry__seed11437,fidelity_constrained_matched_geometry,11437,2,13537,6,0.9712514305701236,0.054097226742439664,0.5175256334018074,0.5175256334018074,True,False,False,5,2
Wall,jepa_wm_wall,21,2,fidelity_constrained_matched_geometry__seed11437,fidelity_constrained_matched_geometry,11437,0,13501,1,0.4660738038454589,0.1135563918087716,0.12442798164057622,0.12442798164057622,True,False,False,5,1
Wall,jepa_wm_wall,21,2,fidelity_constrained_matched_geometry__seed11437,fidelity_constrained_matched_geometry,11437,1,13519,1,0.4914224554061807,0.1135563918087716,0.12442798164057622,0.12442798164057622,True,False,False,6,1
Wall,jepa_wm_wall,21,2,fidelity_constrained_matched_geometry__seed11437,fidelity_constrained_matched_geometry,11437,2,13537,1,0.5019173588273103,0.1135563918087716,0.17076076094870335,0.17076076094870335,True,False,False,3,1
Wall,jepa_wm_wall,21,2,fidelity_constrained_matched_geometry__seed11437,fidelity_constrained_matched_geometry,11437,0,13501,3,1.0111490062488746,0.03663146723505468,0.1168170843053608,0.1168170843053608,True,False,False,5,1
Wall,jepa_wm_wall,21,2,fidelity_constrained_matched_geometry__seed11437,fidelity_constrained_matched_geometry,11437,1,13519,3,0.8371348424362046,0.03663146723505468,0.1168170843053608,0.1168170843053608,True,False,False,5,1
Wall,jepa_wm_wall,21,2,fidelity_constrained_matched_geometry__seed11437,fidelity_constrained_matched_geometry,11437,2,13537,3,0.5989886722154348,0.03663146723505468,0.1168170843053608,0.1168170843053608,True,False,False,5,1
Wall,jepa_wm_wall,21,2,fidelity_constrained_matched_geometry__seed11437,fidelity_constrained_matched_geometry,11437,0,13501,6,1.114170145876483,0.08291059941356739,0.48324186008832426,0.48324186008832426,True,False,False,1,3
Wall,jepa_wm_wall,21,2,fidelity_constrained_matched_geometry__seed11437,fidelity_constrained_matched_geometry,11437,1,13519,6,1.2075177072685923,0.08291059941356739,0.48324186008832426,0.48324186008832426,True,False,False,1,3
Wall,jepa_wm_wall,21,2,fidelity_constrained_matched_geometry__seed11437,fidelity_constrained_matched_geometry,11437,2,13537,6,0.8602479095654558,0.08291059941356739,0.48324186008832426,0.48324186008832426,True,False,False,1,3
Wall,jepa_wm_wall,22,2,fidelity_constrained_matched_geometry__seed11437,fidelity_constrained_matched_geometry,11437,0,13501,1,0.8046790605967922,0.12694286968112253,0.12694286968112253,0.12694286968112253,True,False,False,5,1
Wall,jepa_wm_wall,22,2,fidelity_constrained_matched_geometry__seed11437,fidelity_constrained_matched_geometry,11437,1,13519,1,0.615514475688566,0.12694286968112253,0.4337733398799115,0.4337733398799115,True,False,False,8,1
Wall,jepa_wm_wall,22,2,fidelity_constrained_matched_geometry__seed11437,fidelity_constrained_matched_geometry,11437,2,13537,1,0.7664337372034101,0.12694286968112253,0.21914233368624259,0.21914233368624259,True,False,False,3,1
Wall,jepa_wm_wall,22,2,fidelity_constrained_matched_geometry__seed11437,fidelity_constrained_matched_geometry,11437,0,13501,3,1.0477737127173956,0.0034078026238675394,0.06691081779439773,0.06691081779439773,True,False,False,5,1
Wall,jepa_wm_wall,22,2,fidelity_constrained_matched_geometry__seed11437,fidelity_constrained_matched_geometry,11437,1,13519,3,0.8684305697688922,0.0034078026238675394,0.0,0.0,True,False,True,1,1
Wall,jepa_wm_wall,22,2,fidelity_constrained_matched_geometry__seed11437,fidelity_constrained_matched_geometry,11437,2,13537,3,0.5365394683383992,0.0034078026238675394,0.06691081779439773,0.06691081779439773,True,False,False,5,1
Wall,jepa_wm_wall,22,2,fidelity_constrained_matched_geometry__seed11437,fidelity_constrained_matched_geometry,11437,0,13501,6,1.1947517897609419,0.005672566228622634,0.5449193421845129,0.5449193421845129,True,False,False,1,3
Wall,jepa_wm_wall,22,2,fidelity_constrained_matched_geometry__seed11437,fidelity_constrained_matched_geometry,11437,1,13519,6,1.2601803383079313,0.005672566228622634,0.5449193421845129,0.5449193421845129,True,False,False,1,3
Wall,jepa_wm_wall,22,2,fidelity_constrained_matched_geometry__seed11437,fidelity_constrained_matched_geometry,11437,2,13537,6,0.9595447860570916,0.005672566228622634,0.5449193421845129,0.5449193421845129,True,False,False,1,3
Wall,jepa_wm_wall,23,2,fidelity_constrained_matched_geometry__seed11437,fidelity_constrained_matched_geometry,11437,0,13501,1,0.48954786280242235,0.0352215604069649,0.0,0.0,True,False,True,1,1
Wall,jepa_wm_wall,23,2,fidelity_constrained_matched_geometry__seed11437,fidelity_constrained_matched_geometry,11437,1,13519,1,1.0555648631658456,0.0352215604069649,0.0,0.0,True,False,True,1,1
Wall,jepa_wm_wall,23,2,fidelity_constrained_matched_geometry__seed11437,fidelity_constrained_matched_geometry,11437,2,13537,1,0.770742307689509,0.0352215604069649,0.0,0.0,True,False,True,1,1
Wall,jepa_wm_wall,23,2,fidelity_constrained_matched_geometry__seed11437,fidelity_constrained_matched_geometry,11437,0,13501,3,0.6817240555901233,0.06654741675461008,0.20090383817171387,0.20090383817171387,True,False,False,5,4
Wall,jepa_wm_wall,23,2,fidelity_constrained_matched_geometry__seed11437,fidelity_constrained_matched_geometry,11437,1,13519,3,1.146168984796967,0.06654741675461008,0.20090383817171387,0.20090383817171387,True,False,False,5,4
Wall,jepa_wm_wall,23,2,fidelity_constrained_matched_geometry__seed11437,fidelity_constrained_matched_geometry,11437,2,13537,3,0.47008328919660014,0.06654741675461008,0.20090383817171387,0.20090383817171387,True,False,False,5,4
Wall,jepa_wm_wall,23,2,fidelity_constrained_matched_geometry__seed11437,fidelity_constrained_matched_geometry,11437,0,13501,6,1.1111045736222587,0.02483818875576625,0.52226012105352,0.52226012105352,True,False,False,5,4
Wall,jepa_wm_wall,23,2,fidelity_constrained_matched_geometry__seed11437,fidelity_constrained_matched_geometry,11437,1,13519,6,1.1952876373753396,0.02483818875576625,0.52226012105352,0.52226012105352,True,False,False,5,4
Wall,jepa_wm_wall,23,2,fidelity_constrained_matched_geometry__seed11437,fidelity_constrained_matched_geometry,11437,2,13537,6,0.9936374689226043,0.02483818875576625,0.52226012105352,0.52226012105352,True,False,False,5,4
Wall,jepa_wm_wall,48,6,fidelity_constrained_matched_geometry__seed11437,fidelity_constrained_matched_geometry,11437,0,13501,1,0.2637052762208,0.001230240308132282,0.0,0.0,True,False,True,1,1
Wall,jepa_wm_wall,48,6,fidelity_constrained_matched_geometry__seed11437,fidelity_constrained_matched_geometry,11437,1,13519,1,0.627059173755603,0.001230240308132282,0.0,0.0,True,False,True,1,1
Wall,jepa_wm_wall,48,6,fidelity_constrained_matched_geometry__seed11437,fidelity_constrained_matched_geometry,11437,2,13537,1,0.9621381091346172,0.001230240308132282,0.1221204240752783,0.1221204240752783,True,False,False,5,1
Wall,jepa_wm_wall,48,6,fidelity_constrained_matched_geometry__seed11437,fidelity_constrained_matched_geometry,11437,0,13501,3,0.43119949644832956,0.19997904740567995,0.3045755010194801,0.3045755010194801,True,False,False,5,1
Wall,jepa_wm_wall,48,6,fidelity_constrained_matched_geometry__seed11437,fidelity_constrained_matched_geometry,11437,1,13519,3,0.6156221970865184,0.19997904740567995,0.3045755010194801,0.3045755010194801,True,False,False,5,1
Wall,jepa_wm_wall,48,6,fidelity_constrained_matched_geometry__seed11437,fidelity_constrained_matched_geometry,11437,2,13537,3,0.5490194349159173,0.19997904740567995,0.3045755010194801,0.3045755010194801,True,False,False,5,1
Wall,jepa_wm_wall,48,6,fidelity_constrained_matched_geometry__seed11437,fidelity_constrained_matched_geometry,11437,0,13501,6,0.8435654605046518,0.13991464109340168,0.0,0.0,True,False,True,1,1
Wall,jepa_wm_wall,48,6,fidelity_constrained_matched_geometry__seed11437,fidelity_constrained_matched_geometry,11437,1,13519,6,0.7287445976241913,0.13991464109340168,0.0,0.0,True,False,True,1,1
Wall,jepa_wm_wall,48,6,fidelity_constrained_matched_geometry__seed11437,fidelity_constrained_matched_geometry,11437,2,13537,6,0.6894864533879529,0.13991464109340168,0.0,0.0,True,False,True,1,1
Wall,jepa_wm_wall,49,6,fidelity_constrained_matched_geometry__seed11437,fidelity_constrained_matched_geometry,11437,0,13501,1,0.37151428674055714,0.0035333624998658895,0.0,0.0,True,False,True,1,1
Wall,jepa_wm_wall,49,6,fidelity_constrained_matched_geometry__seed11437,fidelity_constrained_matched_geometry,11437,1,13519,1,0.2991567442910731,0.0035333624998658895,0.0,0.0,True,False,True,1,1
Wall,jepa_wm_wall,49,6,fidelity_constrained_matched_geometry__seed11437,fidelity_constrained_matched_geometry,11437,2,13537,1,0.6827697310298244,0.0035333624998658895,0.0,0.0,True,False,True,1,1
Wall,jepa_wm_wall,49,6,fidelity_constrained_matched_geometry__seed11437,fidelity_constrained_matched_geometry,11437,0,13501,3,0.38950789680829423,0.1617415121097364,0.0,0.0,True,False,True,1,1
Wall,jepa_wm_wall,49,6,fidelity_constrained_matched_geometry__seed11437,fidelity_constrained_matched_geometry,11437,1,13519,3,0.5996992031962897,0.1617415121097364,0.27278036352730867,0.27278036352730867,True,False,False,5,1
Wall,jepa_wm_wall,49,6,fidelity_constrained_matched_geometry__seed11437,fidelity_constrained_matched_geometry,11437,2,13537,3,0.5448496536036271,0.1617415121097364,0.27278036352730867,0.27278036352730867,True,False,False,5,1
Wall,jepa_wm_wall,49,6,fidelity_constrained_matched_geometry__seed11437,fidelity_constrained_matched_geometry,11437,0,13501,6,0.8502398323405814,0.08134523661871648,0.0,0.0,True,False,True,1,1
Wall,jepa_wm_wall,49,6,fidelity_constrained_matched_geometry__seed11437,fidelity_constrained_matched_geometry,11437,1,13519,6,0.7110217837778317,0.08134523661871648,0.0,0.0,True,False,True,1,1
Wall,jepa_wm_wall,49,6,fidelity_constrained_matched_geometry__seed11437,fidelity_constrained_matched_geometry,11437,2,13537,6,0.6739482348491794,0.08134523661871648,0.08134523661871648,0.08134523661871648,True,False,False,4,1
Wall,jepa_wm_wall,50,6,fidelity_constrained_matched_geometry__seed11437,fidelity_constrained_matched_geometry,11437,0,13501,1,0.42694232795789594,0.054122212774885464,0.0,0.0,True,False,True,1,1
Wall,jepa_wm_wall,50,6,fidelity_constrained_matched_geometry__seed11437,fidelity_constrained_matched_geometry,11437,1,13519,1,0.3605356884825435,0.054122212774885464,0.0,0.0,True,False,True,1,1
Wall,jepa_wm_wall,50,6,fidelity_constrained_matched_geometry__seed11437,fidelity_constrained_matched_geometry,11437,2,13537,1,0.7803691120849254,0.054122212774885464,0.0,0.0,True,False,True,1,1
Wall,jepa_wm_wall,50,6,fidelity_constrained_matched_geometry__seed11437,fidelity_constrained_matched_geometry,11437,0,13501,3,0.6278141170704434,0.12897649730724076,0.29607003342937677,0.29607003342937677,True,False,False,1,6
Wall,jepa_wm_wall,50,6,fidelity_constrained_matched_geometry__seed11437,fidelity_constrained_matched_geometry,11437,1,13519,3,0.9882002454970401,0.12897649730724076,0.21108969174761585,0.21108969174761585,True,False,False,5,6
Wall,jepa_wm_wall,50,6,fidelity_constrained_matched_geometry__seed11437,fidelity_constrained_matched_geometry,11437,2,13537,3,0.779118238436634,0.12897649730724076,0.21108969174761585,0.21108969174761585,True,False,False,5,6
Wall,jepa_wm_wall,50,6,fidelity_constrained_matched_geometry__seed11437,fidelity_constrained_matched_geometry,11437,0,13501,6,1.0253365195925193,0.037144204333989565,0.19405549575924055,0.19405549575924055,True,False,False,1,4
Wall,jepa_wm_wall,50,6,fidelity_constrained_matched_geometry__seed11437,fidelity_constrained_matched_geometry,11437,1,13519,6,0.9523304394417768,0.037144204333989565,0.19405549575924055,0.19405549575924055,True,False,False,1,4
Wall,jepa_wm_wall,50,6,fidelity_constrained_matched_geometry__seed11437,fidelity_constrained_matched_geometry,11437,2,13537,6,0.8731459632121799,0.037144204333989565,0.0,0.0,True,False,True,4,4
Wall,jepa_wm_wall,51,6,fidelity_constrained_matched_geometry__seed11437,fidelity_constrained_matched_geometry,11437,0,13501,1,0.3045230757430498,0.0008738033632488796,0.01522897403206608,0.01522897403206608,True,False,False,4,1
Wall,jepa_wm_wall,51,6,fidelity_constrained_matched_geometry__seed11437,fidelity_constrained_matched_geometry,11437,1,13519,1,0.8043375703191091,0.0008738033632488796,0.12172033166380862,0.12172033166380862,True,False,False,5,1
Wall,jepa_wm_wall,51,6,fidelity_constrained_matched_geometry__seed11437,fidelity_constrained_matched_geometry,11437,2,13537,1,1.112980911674887,0.0008738033632488796,0.4223548821825772,0.4223548821825772,True,False,False,7,1
Wall,jepa_wm_wall,51,6,fidelity_constrained_matched_geometry__seed11437,fidelity_constrained_matched_geometry,11437,0,13501,3,0.7047949846668881,0.18236891449751788,0.43123857483639333,0.43123857483639333,True,False,False,3,1
Wall,jepa_wm_wall,51,6,fidelity_constrained_matched_geometry__seed11437,fidelity_constrained_matched_geometry,11437,1,13519,3,0.5545022562243036,0.18236891449751788,0.26800666634249315,0.26800666634249315,True,False,False,5,1
Wall,jepa_wm_wall,51,6,fidelity_constrained_matched_geometry__seed11437,fidelity_constrained_matched_geometry,11437,2,13537,3,0.629757620883154,0.18236891449751788,0.25084205680435046,0.25084205680435046,True,False,False,2,1
Wall,jepa_wm_wall,51,6,fidelity_constrained_matched_geometry__seed11437,fidelity_constrained_matched_geometry,11437,0,13501,6,0.8959022076598737,0.10901940817974191,0.5176295782823793,0.5176295782823793,True,False,False,5,1
Wall,jepa_wm_wall,51,6,fidelity_constrained_matched_geometry__seed11437,fidelity_constrained_matched_geometry,11437,1,13519,6,0.8644560139355993,0.10901940817974191,0.5176295782823793,0.5176295782823793,True,False,False,5,1
Wall,jepa_wm_wall,51,6,fidelity_constrained_matched_geometry__seed11437,fidelity_constrained_matched_geometry,11437,2,13537,6,0.8829841534296891,0.10901940817974191,0.10901940817974191,0.10901940817974191,True,False,False,4,1
Wall,jepa_wm_wall,52,6,fidelity_constrained_matched_geometry__seed11437,fidelity_constrained_matched_geometry,11437,0,13501,1,0.75769877564048,0.07100282563201721,0.0,0.0,True,False,True,1,1
Wall,jepa_wm_wall,52,6,fidelity_constrained_matched_geometry__seed11437,fidelity_constrained_matched_geometry,11437,1,13519,1,0.5485651360194673,0.07100282563201721,0.07100282563201721,0.07100282563201721,True,False,False,5,1
Wall,jepa_wm_wall,52,6,fidelity_constrained_matched_geometry__seed11437,fidelity_constrained_matched_geometry,11437,2,13537,1,0.9723260736517907,0.07100282563201721,0.5507561548240016,0.5507561548240016,True,False,False,0,1
Wall,jepa_wm_wall,52,6,fidelity_constrained_matched_geometry__seed11437,fidelity_constrained_matched_geometry,11437,0,13501,3,0.6480783757160691,0.025811218253910286,0.025811218253910286,0.025811218253910286,True,False,False,5,3
Wall,jepa_wm_wall,52,6,fidelity_constrained_matched_geometry__seed11437,fidelity_constrained_matched_geometry,11437,1,13519,3,1.009255014484686,0.025811218253910286,0.025811218253910286,0.025811218253910286,True,False,False,5,3
Wall,jepa_wm_wall,52,6,fidelity_constrained_matched_geometry__seed11437,fidelity_constrained_matched_geometry,11437,2,13537,3,0.5433828438805474,0.025811218253910286,0.025811218253910286,0.025811218253910286,True,False,False,5,3
Wall,jepa_wm_wall,52,6,fidelity_constrained_matched_geometry__seed11437,fidelity_constrained_matched_geometry,11437,0,13501,6,1.1869531874130506,0.0384318938477101,0.5546787123699543,0.5546787123699543,True,False,False,5,3
Wall,jepa_wm_wall,52,6,fidelity_constrained_matched_geometry__seed11437,fidelity_constrained_matched_geometry,11437,1,13519,6,1.1592393628695234,0.0384318938477101,0.5546787123699543,0.5546787123699543,True,False,False,5,3
Wall,jepa_wm_wall,52,6,fidelity_constrained_matched_geometry__seed11437,fidelity_constrained_matched_geometry,11437,2,13537,6,0.937782172803312,0.0384318938477101,0.06992941723812081,0.06992941723812081,True,False,False,4,3
Wall,jepa_wm_wall,53,6,fidelity_constrained_matched_geometry__seed11437,fidelity_constrained_matched_geometry,11437,0,13501,1,0.6776355603674497,0.009791405470287062,0.0,0.0,True,False,True,1,1
Wall,jepa_wm_wall,53,6,fidelity_constrained_matched_geometry__seed11437,fidelity_constrained_matched_geometry,11437,1,13519,1,0.7965642664289972,0.009791405470287062,0.0,0.0,True,False,True,1,1
Wall,jepa_wm_wall,53,6,fidelity_constrained_matched_geometry__seed11437,fidelity_constrained_matched_geometry,11437,2,13537,1,0.9872457949200729,0.009791405470287062,0.4488210939174718,0.4488210939174718,True,False,False,7,1
Wall,jepa_wm_wall,53,6,fidelity_constrained_matched_geometry__seed11437,fidelity_constrained_matched_geometry,11437,0,13501,3,0.44493980052039034,0.09916642903112673,0.09916642903112673,0.09916642903112673,True,False,False,1,4
Wall,jepa_wm_wall,53,6,fidelity_constrained_matched_geometry__seed11437,fidelity_constrained_matched_geometry,11437,1,13519,3,0.7367264524587624,0.09916642903112673,0.09916642903112673,0.09916642903112673,True,False,False,1,4
Wall,jepa_wm_wall,53,6,fidelity_constrained_matched_geometry__seed11437,fidelity_constrained_matched_geometry,11437,2,13537,3,0.5296831676799733,0.09916642903112673,0.1509488568966722,0.1509488568966722,True,False,False,2,4
Wall,jepa_wm_wall,53,6,fidelity_constrained_matched_geometry__seed11437,fidelity_constrained_matched_geometry,11437,0,13501,6,0.9421932371332615,0.055729041610402784,0.09643994244758064,0.09643994244758064,True,False,False,1,4
Wall,jepa_wm_wall,53,6,fidelity_constrained_matched_geometry__seed11437,fidelity_constrained_matched_geometry,11437,1,13519,6,0.8064466713366456,0.055729041610402784,0.09643994244758064,0.09643994244758064,True,False,False,1,4
Wall,jepa_wm_wall,53,6,fidelity_constrained_matched_geometry__seed11437,fidelity_constrained_matched_geometry,11437,2,13537,6,0.7411404249166199,0.055729041610402784,0.09643994244758064,0.09643994244758064,True,False,False,1,4
Wall,jepa_wm_wall,54,6,fidelity_constrained_matched_geometry__seed11437,fidelity_constrained_matched_geometry,11437,0,13501,1,0.5633306669205331,0.05210487275347143,0.24116091597100325,0.24116091597100325,True,False,False,3,1
Wall,jepa_wm_wall,54,6,fidelity_constrained_matched_geometry__seed11437,fidelity_constrained_matched_geometry,11437,1,13519,1,0.3370529187326203,0.05210487275347143,0.05210519554215911,0.05210519554215911,True,False,False,6,1
Wall,jepa_wm_wall,54,6,fidelity_constrained_matched_geometry__seed11437,fidelity_constrained_matched_geometry,11437,2,13537,1,0.9328303465968992,0.05210487275347143,0.381799624403083,0.381799624403083,True,False,False,7,1
Wall,jepa_wm_wall,54,6,fidelity_constrained_matched_geometry__seed11437,fidelity_constrained_matched_geometry,11437,0,13501,3,0.5829996694980919,0.20548523538405974,0.22028967914818534,0.22028967914818534,True,False,False,5,6
Wall,jepa_wm_wall,54,6,fidelity_constrained_matched_geometry__seed11437,fidelity_constrained_matched_geometry,11437,1,13519,3,0.9793837692136341,0.20548523538405974,0.22028967914818534,0.22028967914818534,True,False,False,5,6
Wall,jepa_wm_wall,54,6,fidelity_constrained_matched_geometry__seed11437,fidelity_constrained_matched_geometry,11437,2,13537,3,0.6855681703206935,0.20548523538405974,0.22028967914818534,0.22028967914818534,True,False,False,5,6
Wall,jepa_wm_wall,54,6,fidelity_constrained_matched_geometry__seed11437,fidelity_constrained_matched_geometry,11437,0,13501,6,1.054923791986386,0.0038749650505872178,0.2353094206177578,0.2353094206177578,True,False,False,1,2
Wall,jepa_wm_wall,54,6,fidelity_constrained_matched_geometry__seed11437,fidelity_constrained_matched_geometry,11437,1,13519,6,1.0599930345086948,0.0038749650505872178,0.2353094206177578,0.2353094206177578,True,False,False,1,2
Wall,jepa_wm_wall,54,6,fidelity_constrained_matched_geometry__seed11437,fidelity_constrained_matched_geometry,11437,2,13537,6,0.9221471353660649,0.0038749650505872178,0.514172621782109,0.514172621782109,True,False,False,5,2
Wall,jepa_wm_wall,55,6,fidelity_constrained_matched_geometry__seed11437,fidelity_constrained_matched_geometry,11437,0,13501,1,0.695578998942666,0.12339387776632706,0.12339387776632706,0.12339387776632706,True,False,False,6,1
Wall,jepa_wm_wall,55,6,fidelity_constrained_matched_geometry__seed11437,fidelity_constrained_matched_geometry,11437,1,13519,1,0.450734933566303,0.12339387776632706,0.12878988818760687,0.12878988818760687,True,False,False,4,1
Wall,jepa_wm_wall,55,6,fidelity_constrained_matched_geometry__seed11437,fidelity_constrained_matched_geometry,11437,2,13537,1,0.7142668895500444,0.12339387776632706,0.12339387776632706,0.12339387776632706,True,False,False,6,1
Wall,jepa_wm_wall,55,6,fidelity_constrained_matched_geometry__seed11437,fidelity_constrained_matched_geometry,11437,0,13501,3,0.7147978547364842,0.05867158711655809,0.19830582185068493,0.19830582185068493,True,False,False,1,6
Wall,jepa_wm_wall,55,6,fidelity_constrained_matched_geometry__seed11437,fidelity_constrained_matched_geometry,11437,1,13519,3,0.8133381788066051,0.05867158711655809,0.1600320766712798,0.1600320766712798,True,False,False,5,6
Wall,jepa_wm_wall,55,6,fidelity_constrained_matched_geometry__seed11437,fidelity_constrained_matched_geometry,11437,2,13537,3,0.7018830712241355,0.05867158711655809,0.1600320766712798,0.1600320766712798,True,False,False,5,6
Wall,jepa_wm_wall,55,6,fidelity_constrained_matched_geometry__seed11437,fidelity_constrained_matched_geometry,11437,0,13501,6,1.0596218498873102,0.04633499368663333,0.510367303771342,0.510367303771342,True,False,False,1,2
Wall,jepa_wm_wall,55,6,fidelity_constrained_matched_geometry__seed11437,fidelity_constrained_matched_geometry,11437,1,13519,6,1.0038485885918522,0.04633499368663333,0.510367303771342,0.510367303771342,True,False,False,1,2
Wall,jepa_wm_wall,55,6,fidelity_constrained_matched_geometry__seed11437,fidelity_constrained_matched_geometry,11437,2,13537,6,0.8986434702517997,0.04633499368663333,0.04633499368663333,0.04633499368663333,True,False,False,4,2
