environment,state_id,task_id,split,planner,method,horizon,normalized_regret,weighted_pairwise_accuracy,top1_correct,normalized_margin_rmse,transition_seeds_averaged
PushT,32,4,probe_calibration,shared_metric,target_oracle,1,0.6498263932996282,0.41030241149138336,0.0,1.2135540371080578,1
PushT,32,4,probe_calibration,shared_metric,target_oracle,3,0.0,0.603772128026998,1.0,1.7182898201217758,1
PushT,32,4,probe_calibration,shared_metric,target_oracle,6,0.0,0.47696468279756,1.0,1.737817962554026,1
PushT,33,4,probe_calibration,shared_metric,target_oracle,1,0.9462520931799491,0.4197866848384682,0.0,1.5734889093476627,1
PushT,33,4,probe_calibration,shared_metric,target_oracle,3,0.38037921226973503,0.742052857721696,0.0,1.297570662653641,1
PushT,33,4,probe_calibration,shared_metric,target_oracle,6,0.4753941310026132,0.5630794888134982,0.0,1.8571349556740144,1
PushT,34,4,probe_calibration,shared_metric,target_oracle,1,0.0,nan,1.0,0.0,1
PushT,34,4,probe_calibration,shared_metric,target_oracle,3,1.0,0.30465666470433034,0.0,2.0994072866122537,1
PushT,34,4,probe_calibration,shared_metric,target_oracle,6,0.4707471199364931,0.564118311872803,0.0,2.7569573483990224,1
PushT,35,4,probe_calibration,shared_metric,target_oracle,1,0.018157698203686963,0.8546161424361631,0.0,1.2571011024773198,1
PushT,35,4,probe_calibration,shared_metric,target_oracle,3,0.0,0.6086721061553356,1.0,1.674350521608864,1
PushT,35,4,probe_calibration,shared_metric,target_oracle,6,1.0,0.25251500761660706,0.0,1.9392422438931114,1
PushT,36,4,probe_calibration,shared_metric,target_oracle,1,0.0,nan,1.0,0.0,1
PushT,36,4,probe_calibration,shared_metric,target_oracle,3,0.7930320356153491,0.7677242445918047,0.0,1.0436462401323015,1
PushT,36,4,probe_calibration,shared_metric,target_oracle,6,0.2196899871585185,0.6446554003901357,0.0,1.4878218912667587,1
PushT,37,4,probe_calibration,shared_metric,target_oracle,1,0.026357446357294877,0.8624934659004391,0.0,0.7924188579028706,1
PushT,37,4,probe_calibration,shared_metric,target_oracle,3,0.13950376751719443,0.8355803586610728,0.0,0.9097980676011412,1
PushT,37,4,probe_calibration,shared_metric,target_oracle,6,0.0,0.5064672065032352,1.0,1.406060902993246,1
PushT,38,4,probe_calibration,shared_metric,target_oracle,1,0.0,0.9030237219033249,1.0,0.727674640118545,1
PushT,38,4,probe_calibration,shared_metric,target_oracle,3,1.0,0.4807941215138583,0.0,1.8566579212101104,1
PushT,38,4,probe_calibration,shared_metric,target_oracle,6,0.010965624782052924,0.7390217917816971,0.0,1.1849760228154123,1
PushT,39,4,probe_calibration,shared_metric,target_oracle,1,0.0,nan,1.0,0.0,1
PushT,39,4,probe_calibration,shared_metric,target_oracle,3,0.0,0.8364022622996445,1.0,1.1252724083463632,1
PushT,39,4,probe_calibration,shared_metric,target_oracle,6,1.0,0.45256338912822863,0.0,1.8191407602344323,1
PushT,56,7,probe_calibration,shared_metric,target_oracle,1,0.16248523186720681,0.8600037259251078,0.0,1.731888501926622,1
PushT,56,7,probe_calibration,shared_metric,target_oracle,3,0.25866913044431683,0.8053674412891857,0.0,1.4197188143929487,1
PushT,56,7,probe_calibration,shared_metric,target_oracle,6,0.3957854378724918,0.37211265447340625,0.0,2.9071635941428338,1
PushT,57,7,probe_calibration,shared_metric,target_oracle,1,0.43629090337492443,0.8762226162689642,0.0,1.3876740929987608,1
PushT,57,7,probe_calibration,shared_metric,target_oracle,3,0.0,0.4901617273332147,1.0,2.599990305753698,1
PushT,57,7,probe_calibration,shared_metric,target_oracle,6,0.675235497395711,0.2779346167961479,0.0,2.8817227432456427,1
PushT,58,7,probe_calibration,shared_metric,target_oracle,1,0.019473376922903234,0.6598420358202116,0.0,0.9750210678004049,1
PushT,58,7,probe_calibration,shared_metric,target_oracle,3,0.2626093123465935,0.8996473198362239,0.0,0.7651810980725147,1
PushT,58,7,probe_calibration,shared_metric,target_oracle,6,0.25584345127269525,0.6083783976513736,0.0,1.4640871230263948,1
PushT,59,7,probe_calibration,shared_metric,target_oracle,1,0.0,nan,1.0,0.0,1
PushT,59,7,probe_calibration,shared_metric,target_oracle,3,0.6257152807230222,0.7168691862408191,0.0,0.9848418611012567,1
PushT,59,7,probe_calibration,shared_metric,target_oracle,6,0.5730438261998716,0.5400411138261393,0.0,2.3154767040990634,1
PushT,60,7,probe_calibration,shared_metric,target_oracle,1,0.0,nan,1.0,0.0,1
PushT,60,7,probe_calibration,shared_metric,target_oracle,3,0.0,0.8804878926884296,1.0,1.409277922264611,1
PushT,60,7,probe_calibration,shared_metric,target_oracle,6,0.0,0.8595374259880244,1.0,2.2105731680060035,1
PushT,61,7,probe_calibration,shared_metric,target_oracle,1,0.0,0.9636671087623734,1.0,0.6348244457346459,1
PushT,61,7,probe_calibration,shared_metric,target_oracle,3,1.0,0.32251551698747233,0.0,2.3196597564544574,1
PushT,61,7,probe_calibration,shared_metric,target_oracle,6,1.0,0.3615873820803918,0.0,2.1523701833424336,1
PushT,62,7,probe_calibration,shared_metric,target_oracle,1,0.00974118672158803,0.8497115245386044,0.0,1.1059459107422662,1
PushT,62,7,probe_calibration,shared_metric,target_oracle,3,0.246843608786894,0.4265060227942473,0.0,1.7977960097096313,1
PushT,62,7,probe_calibration,shared_metric,target_oracle,6,0.0,0.8048789855620953,1.0,1.0756862074455809,1
PushT,63,7,probe_calibration,shared_metric,target_oracle,1,0.0,0.4444444444444444,1.0,1.2623213954328425,1
PushT,63,7,probe_calibration,shared_metric,target_oracle,3,0.0,0.19596267818157312,1.0,1.2177706437668347,1
PushT,63,7,probe_calibration,shared_metric,target_oracle,6,0.2884514587712441,0.38597907094191275,0.0,2.1692926322471213,1
PushT,80,10,probe_calibration,shared_metric,target_oracle,1,1.0,0.5569552999203202,0.0,1.0236677392634894,1
PushT,80,10,probe_calibration,shared_metric,target_oracle,3,1.0,0.3992844177449064,0.0,1.5254759362617056,1
PushT,80,10,probe_calibration,shared_metric,target_oracle,6,0.0,0.7571853591306399,1.0,1.6048692793024444,1
PushT,81,10,probe_calibration,shared_metric,target_oracle,1,0.46583742955331725,0.5827914682814951,0.0,1.2613266949390307,1
PushT,81,10,probe_calibration,shared_metric,target_oracle,3,0.0,0.8605510014266141,1.0,1.5237704417917852,1
PushT,81,10,probe_calibration,shared_metric,target_oracle,6,0.022801833867934655,0.48730106538131,0.0,1.5181224577507348,1
PushT,82,10,probe_calibration,shared_metric,target_oracle,1,1.0,0.04828740642527535,0.0,1.5867827124208516,1
PushT,82,10,probe_calibration,shared_metric,target_oracle,3,0.06219646913018014,0.9275969646996914,0.0,1.3915138661179385,1
PushT,82,10,probe_calibration,shared_metric,target_oracle,6,1.0,0.4688968608334648,0.0,2.0685908984929102,1
PushT,83,10,probe_calibration,shared_metric,target_oracle,1,1.0,0.5555555555555556,0.0,1.6438581169778863,1
PushT,83,10,probe_calibration,shared_metric,target_oracle,3,0.8483196915849515,0.23285442958709543,0.0,2.122575634439236,1
PushT,83,10,probe_calibration,shared_metric,target_oracle,6,0.8632379851104428,0.6348579556738896,0.0,1.5351765423109522,1
PushT,84,10,probe_calibration,shared_metric,target_oracle,1,0.0,0.9599424474256225,1.0,0.7981425095987873,1
PushT,84,10,probe_calibration,shared_metric,target_oracle,3,0.1263654193081281,0.9820925564847642,0.0,1.1692400366704083,1
PushT,84,10,probe_calibration,shared_metric,target_oracle,6,0.14961402689249637,0.766888530453465,0.0,1.4247389163054642,1
PushT,85,10,probe_calibration,shared_metric,target_oracle,1,0.2713421732734029,0.8705838226483281,0.0,0.8564814366242159,1
PushT,85,10,probe_calibration,shared_metric,target_oracle,3,1.0,0.287021704369235,0.0,2.8112272998651697,1
PushT,85,10,probe_calibration,shared_metric,target_oracle,6,0.0,0.6112698588974662,1.0,1.7572781435779363,1
PushT,86,10,probe_calibration,shared_metric,target_oracle,1,0.0,nan,1.0,0.0,1
PushT,86,10,probe_calibration,shared_metric,target_oracle,3,0.232049245096192,0.7265722357287654,0.0,1.227609274402774,1
PushT,86,10,probe_calibration,shared_metric,target_oracle,6,0.0,0.542347655602263,1.0,2.6210672366600463,1
PushT,87,10,probe_calibration,shared_metric,target_oracle,1,0.0,nan,1.0,0.0,1
PushT,87,10,probe_calibration,shared_metric,target_oracle,3,0.23959259644456535,0.788834008336323,0.0,1.046041833272863,1
PushT,87,10,probe_calibration,shared_metric,target_oracle,6,0.16328867538699338,0.590098323881697,0.0,1.1814675957569127,1
PushT,32,4,probe_calibration,goal_permuted_metric,target_oracle,1,1.0,0.16551157669834707,0.0,1.6275450015115183,1
PushT,32,4,probe_calibration,goal_permuted_metric,target_oracle,3,0.0,0.6932340489069396,1.0,2.110657276035925,1
PushT,32,4,probe_calibration,goal_permuted_metric,target_oracle,6,0.5765172531334997,0.4590037123451878,0.0,2.104780393574812,1
PushT,33,4,probe_calibration,goal_permuted_metric,target_oracle,1,0.9462520931799491,0.4197866848384682,0.0,1.6079786832175431,1
PushT,33,4,probe_calibration,goal_permuted_metric,target_oracle,3,0.38037921226973503,0.748062195102449,0.0,1.6020752022860512,1
PushT,33,4,probe_calibration,goal_permuted_metric,target_oracle,6,0.6039370276620464,0.585612342959907,0.0,2.6494279025847156,1
PushT,34,4,probe_calibration,goal_permuted_metric,target_oracle,1,0.0,nan,1.0,0.0,1
PushT,34,4,probe_calibration,goal_permuted_metric,target_oracle,3,1.0,0.40679998034530546,0.0,2.555266790201464,1
PushT,34,4,probe_calibration,goal_permuted_metric,target_oracle,6,0.4707471199364931,0.5621318246480981,0.0,3.110697762451103,1
PushT,35,4,probe_calibration,goal_permuted_metric,target_oracle,1,0.018157698203686963,0.8546161424361631,0.0,1.3220576879409103,1
PushT,35,4,probe_calibration,goal_permuted_metric,target_oracle,3,0.0,0.5112662047280767,1.0,2.0119784399181304,1
PushT,35,4,probe_calibration,goal_permuted_metric,target_oracle,6,1.0,0.24172068847982517,0.0,1.873146059260595,1
PushT,36,4,probe_calibration,goal_permuted_metric,target_oracle,1,0.0,nan,1.0,0.0,1
PushT,36,4,probe_calibration,goal_permuted_metric,target_oracle,3,0.7930320356153491,0.821439186749676,0.0,1.3742609879312635,1
PushT,36,4,probe_calibration,goal_permuted_metric,target_oracle,6,0.0,0.7530090537517501,1.0,2.0223506518604646,1
PushT,37,4,probe_calibration,goal_permuted_metric,target_oracle,1,0.6316917597900652,0.6568949258781948,0.0,1.1922687047977603,1
PushT,37,4,probe_calibration,goal_permuted_metric,target_oracle,3,0.13950376751719443,0.8396573933492085,0.0,0.8375840018946961,1
PushT,37,4,probe_calibration,goal_permuted_metric,target_oracle,6,0.0,0.6139878819726644,1.0,1.3437186591899584,1
PushT,38,4,probe_calibration,goal_permuted_metric,target_oracle,1,0.012385135246972262,0.8454606453352176,0.0,0.9252108532424096,1
PushT,38,4,probe_calibration,goal_permuted_metric,target_oracle,3,1.0,0.4961359294821231,0.0,1.7567820534251626,1
PushT,38,4,probe_calibration,goal_permuted_metric,target_oracle,6,0.010965624782052924,0.7155590286737755,0.0,1.3686900677659535,1
PushT,39,4,probe_calibration,goal_permuted_metric,target_oracle,1,0.0,nan,1.0,0.0,1
PushT,39,4,probe_calibration,goal_permuted_metric,target_oracle,3,0.0,0.9839970117503195,1.0,1.8834562146766471,1
PushT,39,4,probe_calibration,goal_permuted_metric,target_oracle,6,1.0,0.5897967874833742,0.0,2.4935768119084187,1
PushT,56,7,probe_calibration,goal_permuted_metric,target_oracle,1,0.16248523186720681,0.8834498059312162,0.0,1.8973868474404212,1
PushT,56,7,probe_calibration,goal_permuted_metric,target_oracle,3,0.25866913044431683,0.878194589008204,0.0,1.3703058191650705,1
PushT,56,7,probe_calibration,goal_permuted_metric,target_oracle,6,0.3957854378724918,0.5068513886348545,0.0,2.59750810172313,1
PushT,57,7,probe_calibration,goal_permuted_metric,target_oracle,1,0.43629090337492443,0.8762226162689642,0.0,1.5862938551006711,1
PushT,57,7,probe_calibration,goal_permuted_metric,target_oracle,3,0.0,0.4854564256490625,1.0,2.7145719631696164,1
PushT,57,7,probe_calibration,goal_permuted_metric,target_oracle,6,0.675235497395711,0.4476081023572954,0.0,2.508270101191094,1
PushT,58,7,probe_calibration,goal_permuted_metric,target_oracle,1,0.19770138671604093,0.7066216119233248,0.0,0.8911499420614927,1
PushT,58,7,probe_calibration,goal_permuted_metric,target_oracle,3,0.2626093123465935,0.915411498324847,0.0,0.6701880076460173,1
PushT,58,7,probe_calibration,goal_permuted_metric,target_oracle,6,0.6711127589221141,0.6485378312272257,0.0,1.4722192188072218,1
PushT,59,7,probe_calibration,goal_permuted_metric,target_oracle,1,0.0,nan,1.0,0.0,1
PushT,59,7,probe_calibration,goal_permuted_metric,target_oracle,3,0.6257152807230222,0.8044059011646302,0.0,0.8963304175430363,1
PushT,59,7,probe_calibration,goal_permuted_metric,target_oracle,6,0.5730438261998716,0.5894433488304028,0.0,2.0584205950739345,1
PushT,60,7,probe_calibration,goal_permuted_metric,target_oracle,1,0.0,nan,1.0,0.0,1
PushT,60,7,probe_calibration,goal_permuted_metric,target_oracle,3,0.0,0.8989210911959696,1.0,1.5204430078816324,1
PushT,60,7,probe_calibration,goal_permuted_metric,target_oracle,6,1.0,0.7835330777812031,0.0,2.0280530889263444,1
PushT,61,7,probe_calibration,goal_permuted_metric,target_oracle,1,0.0,0.925719238070782,1.0,0.8189358209367054,1
PushT,61,7,probe_calibration,goal_permuted_metric,target_oracle,3,1.0,0.35650400613122707,0.0,2.4779273790324665,1
PushT,61,7,probe_calibration,goal_permuted_metric,target_oracle,6,1.0,0.3361809378835009,0.0,2.486534779331745,1
PushT,62,7,probe_calibration,goal_permuted_metric,target_oracle,1,0.3666212435134539,0.6850817251331869,0.0,1.5070448993090126,1
PushT,62,7,probe_calibration,goal_permuted_metric,target_oracle,3,0.246843608786894,0.4740336415733941,0.0,1.8832040529514469,1
PushT,62,7,probe_calibration,goal_permuted_metric,target_oracle,6,0.0,0.8994739535032537,1.0,1.1034445110446498,1
PushT,63,7,probe_calibration,goal_permuted_metric,target_oracle,1,1.0,0.0,0.0,1.2960648946939868,1
PushT,63,7,probe_calibration,goal_permuted_metric,target_oracle,3,0.020238454988169296,0.5438370538642895,0.0,1.095850814097544,1
PushT,63,7,probe_calibration,goal_permuted_metric,target_oracle,6,0.2884514587712441,0.3818996743635738,0.0,2.075585856507067,1
PushT,80,10,probe_calibration,goal_permuted_metric,target_oracle,1,1.0,0.5569552999203202,0.0,1.208943578825114,1
PushT,80,10,probe_calibration,goal_permuted_metric,target_oracle,3,1.0,0.44352055621589453,0.0,1.8116127322529025,1
PushT,80,10,probe_calibration,goal_permuted_metric,target_oracle,6,0.0,0.7798206997930389,1.0,1.970767832282975,1
PushT,81,10,probe_calibration,goal_permuted_metric,target_oracle,1,0.46583742955331725,0.5857773998130389,0.0,1.429742264428812,1
PushT,81,10,probe_calibration,goal_permuted_metric,target_oracle,3,0.0,0.816040742085561,1.0,1.8846118925283462,1
PushT,81,10,probe_calibration,goal_permuted_metric,target_oracle,6,0.0,0.5448969570128935,1.0,1.4855347623339845,1
PushT,82,10,probe_calibration,goal_permuted_metric,target_oracle,1,0.11730200669440753,0.20036647843004743,0.0,1.483192373975543,1
PushT,82,10,probe_calibration,goal_permuted_metric,target_oracle,3,0.06219646913018014,0.9533700338042008,0.0,1.4239770804639071,1
PushT,82,10,probe_calibration,goal_permuted_metric,target_oracle,6,1.0,0.47674795703191897,0.0,2.2413607564007867,1
PushT,83,10,probe_calibration,goal_permuted_metric,target_oracle,1,1.0,0.5555555555555556,0.0,1.6915563176521902,1
PushT,83,10,probe_calibration,goal_permuted_metric,target_oracle,3,0.995913811867265,0.07327941310616012,0.0,2.0876552669733783,1
PushT,83,10,probe_calibration,goal_permuted_metric,target_oracle,6,0.8632379851104428,0.7762113725257654,0.0,1.3012786541237782,1
PushT,84,10,probe_calibration,goal_permuted_metric,target_oracle,1,0.0,0.9792281546683796,1.0,0.6981321394774856,1
PushT,84,10,probe_calibration,goal_permuted_metric,target_oracle,3,0.1263654193081281,0.902625214367894,0.0,1.1155446035594088,1
PushT,84,10,probe_calibration,goal_permuted_metric,target_oracle,6,0.11054215307604427,0.7236580186246444,0.0,1.4380708746492215,1
PushT,85,10,probe_calibration,goal_permuted_metric,target_oracle,1,0.2713421732734029,0.8705838226483281,0.0,0.830640594082259,1
PushT,85,10,probe_calibration,goal_permuted_metric,target_oracle,3,1.0,0.3327614907080239,0.0,3.3695016280494356,1
PushT,85,10,probe_calibration,goal_permuted_metric,target_oracle,6,0.5367606987781588,0.5938983323257271,0.0,2.0047869340050237,1
PushT,86,10,probe_calibration,goal_permuted_metric,target_oracle,1,0.0,nan,1.0,0.0,1
PushT,86,10,probe_calibration,goal_permuted_metric,target_oracle,3,0.15698085537713355,0.7705337294032114,0.0,1.7735100274657367,1
PushT,86,10,probe_calibration,goal_permuted_metric,target_oracle,6,0.0,0.5226200744531445,1.0,3.0073672672164067,1
PushT,87,10,probe_calibration,goal_permuted_metric,target_oracle,1,0.0,nan,1.0,0.0,1
PushT,87,10,probe_calibration,goal_permuted_metric,target_oracle,3,0.23959259644456535,0.788834008336323,0.0,1.1267244667411107,1
PushT,87,10,probe_calibration,goal_permuted_metric,target_oracle,6,0.001053274299145812,0.7582831690107845,0.0,1.1311148248004759,1
PushT,32,4,probe_calibration,native_metric,target_oracle,1,1.0,0.5078672452771695,0.0,0.998305653887822,1
PushT,32,4,probe_calibration,native_metric,target_oracle,3,0.0,0.40143785265135884,1.0,1.0735042588633612,1
PushT,32,4,probe_calibration,native_metric,target_oracle,6,0.0,0.6798787596881568,1.0,0.8902070557565517,1
PushT,33,4,probe_calibration,native_metric,target_oracle,1,0.8536428762521923,0.4474201715832722,0.0,1.0016169212864134,1
PushT,33,4,probe_calibration,native_metric,target_oracle,3,0.9921337842835259,0.06518070044264236,0.0,1.2561619647732147,1
PushT,33,4,probe_calibration,native_metric,target_oracle,6,1.0,0.2614437090197702,0.0,1.316910202040256,1
PushT,34,4,probe_calibration,native_metric,target_oracle,1,0.0,nan,1.0,0.0,1
PushT,34,4,probe_calibration,native_metric,target_oracle,3,1.0,0.5224470990636801,0.0,1.0065402122179938,1
PushT,34,4,probe_calibration,native_metric,target_oracle,6,1.0,0.5270245580309003,0.0,1.0826586113268546,1
PushT,35,4,probe_calibration,native_metric,target_oracle,1,0.2474784796195118,0.3836281050987934,0.0,1.0030054068404257,1
PushT,35,4,probe_calibration,native_metric,target_oracle,3,0.6150943994849778,0.4925357280551112,0.0,1.0156243577190847,1
PushT,35,4,probe_calibration,native_metric,target_oracle,6,1.0,0.3795620193168062,0.0,1.3514713189003764,1
PushT,36,4,probe_calibration,native_metric,target_oracle,1,0.0,nan,1.0,0.0,1
PushT,36,4,probe_calibration,native_metric,target_oracle,3,0.8004025642990937,0.7408309494508099,0.0,0.9460325468683277,1
PushT,36,4,probe_calibration,native_metric,target_oracle,6,0.2196899871585185,0.627254974824853,0.0,0.9830888462758871,1
PushT,37,4,probe_calibration,native_metric,target_oracle,1,0.0,0.9400796128742602,1.0,0.9871536025655955,1
PushT,37,4,probe_calibration,native_metric,target_oracle,3,0.012028898134571826,0.8998041030458204,0.0,0.7812774841484236,1
PushT,37,4,probe_calibration,native_metric,target_oracle,6,0.4599954468616342,0.6819582877194167,0.0,0.9511789069053063,1
PushT,38,4,probe_calibration,native_metric,target_oracle,1,1.0,0.335567499768784,0.0,1.0020448068415442,1
PushT,38,4,probe_calibration,native_metric,target_oracle,3,0.0,0.6712448742414281,1.0,0.9451804562986292,1
PushT,38,4,probe_calibration,native_metric,target_oracle,6,1.0,0.20815511619270824,0.0,1.3674104191447924,1
PushT,39,4,probe_calibration,native_metric,target_oracle,1,0.0,nan,1.0,0.0,1
PushT,39,4,probe_calibration,native_metric,target_oracle,3,0.6876368297105576,0.20734670801019023,0.0,1.1436784320685913,1
PushT,39,4,probe_calibration,native_metric,target_oracle,6,1.0,0.45272095058374,0.0,1.0658492796197194,1
PushT,56,7,probe_calibration,native_metric,target_oracle,1,0.06059397480240623,0.7399282758556112,0.0,0.9991558908681718,1
PushT,56,7,probe_calibration,native_metric,target_oracle,3,0.313338299375836,0.8396170508725441,0.0,0.8761839039832936,1
PushT,56,7,probe_calibration,native_metric,target_oracle,6,0.3957854378724918,0.42360139993125395,0.0,1.1610048488985845,1
PushT,57,7,probe_calibration,native_metric,target_oracle,1,0.0,0.8438190025021284,1.0,0.9946467761456048,1
PushT,57,7,probe_calibration,native_metric,target_oracle,3,0.9923564166597405,0.32780722107364,0.0,1.1494205191146072,1
PushT,57,7,probe_calibration,native_metric,target_oracle,6,1.0,0.1596312936230219,0.0,1.4075725433762896,1
PushT,58,7,probe_calibration,native_metric,target_oracle,1,0.0,0.6280001704475663,1.0,0.9987179376952319,1
PushT,58,7,probe_calibration,native_metric,target_oracle,3,0.7296070409112202,0.3425140990720659,0.0,1.1430882070613189,1
PushT,58,7,probe_calibration,native_metric,target_oracle,6,0.0,0.39080599568551205,1.0,1.2280364663183463,1
PushT,59,7,probe_calibration,native_metric,target_oracle,1,0.0,nan,1.0,0.0,1
PushT,59,7,probe_calibration,native_metric,target_oracle,3,0.012217368968514155,0.9220082878225624,0.0,0.8487999449767877,1
PushT,59,7,probe_calibration,native_metric,target_oracle,6,0.49224664543798513,0.6749812385003837,0.0,0.9501634071145726,1
PushT,60,7,probe_calibration,native_metric,target_oracle,1,0.0,nan,1.0,0.0,1
PushT,60,7,probe_calibration,native_metric,target_oracle,3,0.20337104347750928,0.7174650695454422,0.0,0.9264378783975836,1
PushT,60,7,probe_calibration,native_metric,target_oracle,6,0.0,0.9443569117153258,1.0,0.5877358692484915,1
PushT,61,7,probe_calibration,native_metric,target_oracle,1,1.0,0.5409264555547468,0.0,1.0003372537315263,1
PushT,61,7,probe_calibration,native_metric,target_oracle,3,1.0,0.06574185169117504,0.0,1.1536893744349763,1
PushT,61,7,probe_calibration,native_metric,target_oracle,6,1.0,0.273374652539972,0.0,1.1573220288703279,1
PushT,62,7,probe_calibration,native_metric,target_oracle,1,0.00974118672158803,0.923016073438976,0.0,0.994004468012302,1
PushT,62,7,probe_calibration,native_metric,target_oracle,3,1.0,0.25056518462697813,0.0,1.0934008196624199,1
PushT,62,7,probe_calibration,native_metric,target_oracle,6,0.0,0.44017285887541097,1.0,1.1089313032314332,1
PushT,63,7,probe_calibration,native_metric,target_oracle,1,0.0,0.2222222222222222,1.0,1.0003018957859449,1
PushT,63,7,probe_calibration,native_metric,target_oracle,3,0.0,0.1458564676180216,1.0,1.1656581036621763,1
PushT,63,7,probe_calibration,native_metric,target_oracle,6,1.0,0.294927519579982,0.0,1.2054610776592491,1
PushT,80,10,probe_calibration,native_metric,target_oracle,1,0.0,0.9492674586976478,1.0,0.9855907128895587,1
PushT,80,10,probe_calibration,native_metric,target_oracle,3,0.06180467017114874,0.5551297600113954,0.0,0.9733989149343305,1
PushT,80,10,probe_calibration,native_metric,target_oracle,6,0.0,0.9293738471064961,1.0,0.7182905222588793,1
PushT,81,10,probe_calibration,native_metric,target_oracle,1,0.0889941305605468,0.5683804908059655,0.0,0.9972947811294545,1
PushT,81,10,probe_calibration,native_metric,target_oracle,3,0.10753489968807604,0.8399520994768516,0.0,0.7173145722175911,1
PushT,81,10,probe_calibration,native_metric,target_oracle,6,0.022801833867934655,0.6505763822686679,0.0,0.995459991173793,1
PushT,82,10,probe_calibration,native_metric,target_oracle,1,1.0,0.3009298653987411,0.0,1.0020116702769692,1
PushT,82,10,probe_calibration,native_metric,target_oracle,3,0.06219646913018014,0.9898596865437188,0.0,0.5067916348491427,1
PushT,82,10,probe_calibration,native_metric,target_oracle,6,0.0,0.8852137701939267,1.0,0.8020573565589516,1
PushT,83,10,probe_calibration,native_metric,target_oracle,1,1.0,0.5555555555555556,0.0,0.9993437813558406,1
PushT,83,10,probe_calibration,native_metric,target_oracle,3,1.0,0.11489554979169447,0.0,1.1379670496927679,1
PushT,83,10,probe_calibration,native_metric,target_oracle,6,0.0,0.7467698849476918,1.0,0.9278155415266979,1
PushT,84,10,probe_calibration,native_metric,target_oracle,1,0.11530285579757144,0.8930489349356052,0.0,0.9910057256127799,1
PushT,84,10,probe_calibration,native_metric,target_oracle,3,0.1658242371892691,0.848477032465487,0.0,0.7614472723379756,1
PushT,84,10,probe_calibration,native_metric,target_oracle,6,0.14961402689249637,0.7522732164587304,0.0,0.8897612815314283,1
PushT,85,10,probe_calibration,native_metric,target_oracle,1,0.6091831923754388,0.326326660817772,0.0,1.0020203481219991,1
PushT,85,10,probe_calibration,native_metric,target_oracle,3,0.4509540641807089,0.7952859387836018,0.0,0.9365368720298679,1
PushT,85,10,probe_calibration,native_metric,target_oracle,6,0.0,0.7346908748016352,1.0,0.7986480449659759,1
PushT,86,10,probe_calibration,native_metric,target_oracle,1,0.0,nan,1.0,0.0,1
PushT,86,10,probe_calibration,native_metric,target_oracle,3,0.4008982752347293,0.7132253892062569,0.0,0.9599221242149059,1
PushT,86,10,probe_calibration,native_metric,target_oracle,6,0.0,0.469048645277372,1.0,1.133922221041396,1
PushT,87,10,probe_calibration,native_metric,target_oracle,1,0.0,nan,1.0,0.0,1
PushT,87,10,probe_calibration,native_metric,target_oracle,3,0.23959259644456535,0.8609178429286929,0.0,0.8667037238315488,1
PushT,87,10,probe_calibration,native_metric,target_oracle,6,0.001053274299145812,0.9287478354182048,0.0,0.8069400976888852,1
PushT,32,4,probe_calibration,simulator_oracle,target_oracle,1,0.0,1.0,1.0,0.0,1
PushT,32,4,probe_calibration,simulator_oracle,target_oracle,3,0.0,1.0,1.0,0.0,1
PushT,32,4,probe_calibration,simulator_oracle,target_oracle,6,0.0,1.0,1.0,0.0,1
PushT,33,4,probe_calibration,simulator_oracle,target_oracle,1,0.0,1.0,1.0,0.0,1
PushT,33,4,probe_calibration,simulator_oracle,target_oracle,3,0.0,1.0,1.0,0.0,1
PushT,33,4,probe_calibration,simulator_oracle,target_oracle,6,0.0,1.0,1.0,0.0,1
PushT,34,4,probe_calibration,simulator_oracle,target_oracle,1,0.0,nan,1.0,0.0,1
PushT,34,4,probe_calibration,simulator_oracle,target_oracle,3,0.0,1.0,1.0,0.0,1
PushT,34,4,probe_calibration,simulator_oracle,target_oracle,6,0.0,1.0,1.0,0.0,1
PushT,35,4,probe_calibration,simulator_oracle,target_oracle,1,0.0,1.0,1.0,0.0,1
PushT,35,4,probe_calibration,simulator_oracle,target_oracle,3,0.0,1.0,1.0,0.0,1
PushT,35,4,probe_calibration,simulator_oracle,target_oracle,6,0.0,1.0,1.0,0.0,1
PushT,36,4,probe_calibration,simulator_oracle,target_oracle,1,0.0,nan,1.0,0.0,1
PushT,36,4,probe_calibration,simulator_oracle,target_oracle,3,0.0,1.0,1.0,0.0,1
PushT,36,4,probe_calibration,simulator_oracle,target_oracle,6,0.0,1.0,1.0,0.0,1
PushT,37,4,probe_calibration,simulator_oracle,target_oracle,1,0.0,1.0,1.0,0.0,1
PushT,37,4,probe_calibration,simulator_oracle,target_oracle,3,0.0,1.0,1.0,0.0,1
PushT,37,4,probe_calibration,simulator_oracle,target_oracle,6,0.0,1.0,1.0,0.0,1
PushT,38,4,probe_calibration,simulator_oracle,target_oracle,1,0.0,1.0,1.0,0.0,1
PushT,38,4,probe_calibration,simulator_oracle,target_oracle,3,0.0,1.0,1.0,0.0,1
PushT,38,4,probe_calibration,simulator_oracle,target_oracle,6,0.0,1.0,1.0,0.0,1
PushT,39,4,probe_calibration,simulator_oracle,target_oracle,1,0.0,nan,1.0,0.0,1
PushT,39,4,probe_calibration,simulator_oracle,target_oracle,3,0.0,1.0,1.0,0.0,1
PushT,39,4,probe_calibration,simulator_oracle,target_oracle,6,0.0,1.0,1.0,0.0,1
PushT,56,7,probe_calibration,simulator_oracle,target_oracle,1,0.0,1.0,1.0,0.0,1
PushT,56,7,probe_calibration,simulator_oracle,target_oracle,3,0.0,1.0,1.0,0.0,1
PushT,56,7,probe_calibration,simulator_oracle,target_oracle,6,0.0,1.0,1.0,0.0,1
PushT,57,7,probe_calibration,simulator_oracle,target_oracle,1,0.0,1.0,1.0,0.0,1
PushT,57,7,probe_calibration,simulator_oracle,target_oracle,3,0.0,1.0,1.0,0.0,1
PushT,57,7,probe_calibration,simulator_oracle,target_oracle,6,0.0,1.0,1.0,0.0,1
PushT,58,7,probe_calibration,simulator_oracle,target_oracle,1,0.0,1.0,1.0,0.0,1
PushT,58,7,probe_calibration,simulator_oracle,target_oracle,3,0.0,1.0,1.0,0.0,1
PushT,58,7,probe_calibration,simulator_oracle,target_oracle,6,0.0,1.0,1.0,0.0,1
PushT,59,7,probe_calibration,simulator_oracle,target_oracle,1,0.0,nan,1.0,0.0,1
PushT,59,7,probe_calibration,simulator_oracle,target_oracle,3,0.0,1.0,1.0,0.0,1
PushT,59,7,probe_calibration,simulator_oracle,target_oracle,6,0.0,1.0,1.0,0.0,1
PushT,60,7,probe_calibration,simulator_oracle,target_oracle,1,0.0,nan,1.0,0.0,1
PushT,60,7,probe_calibration,simulator_oracle,target_oracle,3,0.0,1.0,1.0,0.0,1
PushT,60,7,probe_calibration,simulator_oracle,target_oracle,6,0.0,1.0,1.0,0.0,1
PushT,61,7,probe_calibration,simulator_oracle,target_oracle,1,0.0,1.0,1.0,0.0,1
PushT,61,7,probe_calibration,simulator_oracle,target_oracle,3,0.0,1.0,1.0,0.0,1
PushT,61,7,probe_calibration,simulator_oracle,target_oracle,6,0.0,1.0,1.0,0.0,1
PushT,62,7,probe_calibration,simulator_oracle,target_oracle,1,0.0,1.0,1.0,0.0,1
PushT,62,7,probe_calibration,simulator_oracle,target_oracle,3,0.0,1.0,1.0,0.0,1
PushT,62,7,probe_calibration,simulator_oracle,target_oracle,6,0.0,1.0,1.0,0.0,1
PushT,63,7,probe_calibration,simulator_oracle,target_oracle,1,0.0,1.0,1.0,0.0,1
PushT,63,7,probe_calibration,simulator_oracle,target_oracle,3,0.0,1.0,1.0,0.0,1
PushT,63,7,probe_calibration,simulator_oracle,target_oracle,6,0.0,1.0,1.0,0.0,1
PushT,80,10,probe_calibration,simulator_oracle,target_oracle,1,0.0,1.0,1.0,0.0,1
PushT,80,10,probe_calibration,simulator_oracle,target_oracle,3,0.0,1.0,1.0,0.0,1
PushT,80,10,probe_calibration,simulator_oracle,target_oracle,6,0.0,1.0,1.0,0.0,1
PushT,81,10,probe_calibration,simulator_oracle,target_oracle,1,0.0,1.0,1.0,0.0,1
PushT,81,10,probe_calibration,simulator_oracle,target_oracle,3,0.0,1.0,1.0,0.0,1
PushT,81,10,probe_calibration,simulator_oracle,target_oracle,6,0.0,1.0,1.0,0.0,1
PushT,82,10,probe_calibration,simulator_oracle,target_oracle,1,0.0,1.0,1.0,0.0,1
PushT,82,10,probe_calibration,simulator_oracle,target_oracle,3,0.0,1.0,1.0,0.0,1
PushT,82,10,probe_calibration,simulator_oracle,target_oracle,6,0.0,1.0,1.0,0.0,1
PushT,83,10,probe_calibration,simulator_oracle,target_oracle,1,0.0,1.0,1.0,0.0,1
PushT,83,10,probe_calibration,simulator_oracle,target_oracle,3,0.0,1.0,1.0,0.0,1
PushT,83,10,probe_calibration,simulator_oracle,target_oracle,6,0.0,1.0,1.0,0.0,1
PushT,84,10,probe_calibration,simulator_oracle,target_oracle,1,0.0,1.0,1.0,0.0,1
PushT,84,10,probe_calibration,simulator_oracle,target_oracle,3,0.0,1.0,1.0,0.0,1
PushT,84,10,probe_calibration,simulator_oracle,target_oracle,6,0.0,1.0,1.0,0.0,1
PushT,85,10,probe_calibration,simulator_oracle,target_oracle,1,0.0,1.0,1.0,0.0,1
PushT,85,10,probe_calibration,simulator_oracle,target_oracle,3,0.0,1.0,1.0,0.0,1
PushT,85,10,probe_calibration,simulator_oracle,target_oracle,6,0.0,1.0,1.0,0.0,1
PushT,86,10,probe_calibration,simulator_oracle,target_oracle,1,0.0,nan,1.0,0.0,1
PushT,86,10,probe_calibration,simulator_oracle,target_oracle,3,0.0,1.0,1.0,0.0,1
PushT,86,10,probe_calibration,simulator_oracle,target_oracle,6,0.0,1.0,1.0,0.0,1
PushT,87,10,probe_calibration,simulator_oracle,target_oracle,1,0.0,nan,1.0,0.0,1
PushT,87,10,probe_calibration,simulator_oracle,target_oracle,3,0.0,1.0,1.0,0.0,1
PushT,87,10,probe_calibration,simulator_oracle,target_oracle,6,0.0,1.0,1.0,0.0,1
PushT,8,1,development_holdout,shared_metric,target_oracle,1,0.08148739372120142,0.8294603889583868,0.0,1.047790145065342,1
PushT,8,1,development_holdout,shared_metric,target_oracle,3,1.0,0.2036120359585118,0.0,2.379608425457086,1
PushT,8,1,development_holdout,shared_metric,target_oracle,6,0.5781148528381919,0.2849627131732267,0.0,1.8613601532084163,1
PushT,9,1,development_holdout,shared_metric,target_oracle,1,0.36553473865706543,0.3252791013341554,0.0,1.3235970537768316,1
PushT,9,1,development_holdout,shared_metric,target_oracle,3,0.2415867066316891,0.10412136645834026,0.0,2.5947038632961563,1
PushT,9,1,development_holdout,shared_metric,target_oracle,6,0.27893426755596323,0.6480781667315185,0.0,1.3246341725117021,1
PushT,10,1,development_holdout,shared_metric,target_oracle,1,0.0,0.9137590875922272,1.0,0.6315525419870368,1
PushT,10,1,development_holdout,shared_metric,target_oracle,3,1.0,0.6281898068771229,0.0,1.6503847988644398,1
PushT,10,1,development_holdout,shared_metric,target_oracle,6,0.0,0.6633650459611247,1.0,2.28713201975757,1
PushT,11,1,development_holdout,shared_metric,target_oracle,1,0.41336878890994966,0.15059680364318134,0.0,2.7904105297023953,1
PushT,11,1,development_holdout,shared_metric,target_oracle,3,0.4372990589047043,0.148677578559497,0.0,1.9890621259213856,1
PushT,11,1,development_holdout,shared_metric,target_oracle,6,0.2434864252420023,0.6055907276249016,0.0,1.8815900913082755,1
PushT,12,1,development_holdout,shared_metric,target_oracle,1,0.15542731492732748,0.849132681307719,0.0,1.1702976410096018,1
PushT,12,1,development_holdout,shared_metric,target_oracle,3,0.05556742065693472,0.41535892788818196,0.0,1.3719799002869097,1
PushT,12,1,development_holdout,shared_metric,target_oracle,6,0.0,0.497583709055697,1.0,1.8170699410891211,1
PushT,13,1,development_holdout,shared_metric,target_oracle,1,1.0,0.10688613620657786,0.0,2.187397389865621,1
PushT,13,1,development_holdout,shared_metric,target_oracle,3,0.20051600978623596,0.750015744380235,0.0,1.3026720006343997,1
PushT,13,1,development_holdout,shared_metric,target_oracle,6,0.0,0.6770481945904818,1.0,2.746124177648222,1
PushT,14,1,development_holdout,shared_metric,target_oracle,1,0.0,nan,1.0,0.0,1
PushT,14,1,development_holdout,shared_metric,target_oracle,3,0.810978858415084,0.7714883357744029,0.0,0.9511225939539685,1
PushT,14,1,development_holdout,shared_metric,target_oracle,6,1.0,0.6181712792576282,0.0,1.973332632700231,1
PushT,15,1,development_holdout,shared_metric,target_oracle,1,0.0,nan,1.0,0.0,1
PushT,15,1,development_holdout,shared_metric,target_oracle,3,1.0,0.5615042475171009,0.0,2.2658529827963347,1
PushT,15,1,development_holdout,shared_metric,target_oracle,6,1.0,0.3906363181425846,0.0,2.467729942108377,1
PushT,16,2,development_holdout,shared_metric,target_oracle,1,0.0,0.5591889403332068,1.0,1.0762287234339323,1
PushT,16,2,development_holdout,shared_metric,target_oracle,3,0.0,0.7196062854844257,1.0,1.3222500505601205,1
PushT,16,2,development_holdout,shared_metric,target_oracle,6,0.3019145847229555,0.7489667128202742,0.0,1.623577710080581,1
PushT,17,2,development_holdout,shared_metric,target_oracle,1,0.0,nan,1.0,0.0,1
PushT,17,2,development_holdout,shared_metric,target_oracle,3,0.6032872167889128,0.6703189808527643,0.0,1.7732143260276805,1
PushT,17,2,development_holdout,shared_metric,target_oracle,6,0.6384910027617486,0.46091058652245503,0.0,1.7168693608964232,1
PushT,18,2,development_holdout,shared_metric,target_oracle,1,0.0,nan,1.0,0.0,1
PushT,18,2,development_holdout,shared_metric,target_oracle,3,0.44201480759003287,0.723369777186628,0.0,0.9811743597012659,1
PushT,18,2,development_holdout,shared_metric,target_oracle,6,0.31070236595182904,0.5930028357460357,0.0,2.050620310763084,1
PushT,19,2,development_holdout,shared_metric,target_oracle,1,1.0,0.5387440751451279,0.0,1.1388946172029424,1
PushT,19,2,development_holdout,shared_metric,target_oracle,3,0.7266521551092856,0.23395579212481857,0.0,1.8119476256094478,1
PushT,19,2,development_holdout,shared_metric,target_oracle,6,0.646249914818928,0.3918458003677592,0.0,2.3076780926743874,1
PushT,20,2,development_holdout,shared_metric,target_oracle,1,0.7957935685153475,0.35178541608205044,0.0,1.4330908184901032,1
PushT,20,2,development_holdout,shared_metric,target_oracle,3,0.9103992805710343,0.31447742284820906,0.0,2.238211563237369,1
PushT,20,2,development_holdout,shared_metric,target_oracle,6,0.07594002049816881,0.38476982840461166,0.0,1.9987602547611707,1
PushT,21,2,development_holdout,shared_metric,target_oracle,1,0.0,nan,1.0,0.0,1
PushT,21,2,development_holdout,shared_metric,target_oracle,3,0.7585503102919223,0.6777366495345845,0.0,1.2370033141293513,1
PushT,21,2,development_holdout,shared_metric,target_oracle,6,0.7230047574770261,0.6015101482180811,0.0,2.0023228133055433,1
PushT,22,2,development_holdout,shared_metric,target_oracle,1,0.0,1.0,1.0,1.1008526960571572,1
PushT,22,2,development_holdout,shared_metric,target_oracle,3,0.6494229664681321,0.3563518807600261,0.0,1.2953796294309066,1
PushT,22,2,development_holdout,shared_metric,target_oracle,6,1.0,0.47290299815949893,0.0,1.6837821572280514,1
PushT,23,2,development_holdout,shared_metric,target_oracle,1,0.0,0.9365061986323718,1.0,0.6844504286788673,1
PushT,23,2,development_holdout,shared_metric,target_oracle,3,0.10029137060733691,0.4434760671740051,0.0,1.881325435687641,1
PushT,23,2,development_holdout,shared_metric,target_oracle,6,0.01666363785413529,0.7489890055646408,0.0,1.7055091884388307,1
PushT,48,6,development_holdout,shared_metric,target_oracle,1,0.10419362947361568,0.8821478338580675,0.0,2.3584432241182185,1
PushT,48,6,development_holdout,shared_metric,target_oracle,3,0.09704260337281335,0.9216559302897344,0.0,1.858059616167565,1
PushT,48,6,development_holdout,shared_metric,target_oracle,6,0.0189945493625357,0.8644737185154182,0.0,1.438132050435359,1
PushT,49,6,development_holdout,shared_metric,target_oracle,1,0.0,0.984162130517226,1.0,0.880988681788136,1
PushT,49,6,development_holdout,shared_metric,target_oracle,3,0.42065387548188055,0.8207570906471835,0.0,1.6614262812224365,1
PushT,49,6,development_holdout,shared_metric,target_oracle,6,0.2652965997915153,0.7445013502568616,0.0,1.328673881785098,1
PushT,50,6,development_holdout,shared_metric,target_oracle,1,0.6799325238708473,0.4945361420848392,0.0,1.3456780400422972,1
PushT,50,6,development_holdout,shared_metric,target_oracle,3,0.1611708175187216,0.4047193093330737,0.0,1.9816176016344214,1
PushT,50,6,development_holdout,shared_metric,target_oracle,6,0.11176022326401269,0.5071299121905827,0.0,2.076681152705888,1
PushT,51,6,development_holdout,shared_metric,target_oracle,1,0.9865552978109585,0.02462600414391491,0.0,3.307403760515601,1
PushT,51,6,development_holdout,shared_metric,target_oracle,3,0.9553730609169209,0.21972464144269416,0.0,1.7423582366033457,1
PushT,51,6,development_holdout,shared_metric,target_oracle,6,0.8249736846311396,0.6353855204485979,0.0,1.8801009740877237,1
PushT,52,6,development_holdout,shared_metric,target_oracle,1,1.0,0.0,0.0,2.356680156375634,1
PushT,52,6,development_holdout,shared_metric,target_oracle,3,0.3477543489605677,0.349177085653927,0.0,1.4993975748182224,1
PushT,52,6,development_holdout,shared_metric,target_oracle,6,1.0,0.16656543193036158,0.0,2.134980139214387,1
PushT,53,6,development_holdout,shared_metric,target_oracle,1,0.22071215478288175,0.6620569446074418,0.0,1.1303777935829036,1
PushT,53,6,development_holdout,shared_metric,target_oracle,3,0.4575965428879332,0.6555164573723967,0.0,1.6363235561800133,1
PushT,53,6,development_holdout,shared_metric,target_oracle,6,0.5314747869471632,0.4177645530047796,0.0,2.0161120797992282,1
PushT,54,6,development_holdout,shared_metric,target_oracle,1,0.274829989886387,0.3141629844675082,0.0,1.4965387241229855,1
PushT,54,6,development_holdout,shared_metric,target_oracle,3,0.23123939172671404,0.7837399350287703,0.0,1.009680607001132,1
PushT,54,6,development_holdout,shared_metric,target_oracle,6,0.0,0.7992701402720044,1.0,1.8353908199585296,1
PushT,55,6,development_holdout,shared_metric,target_oracle,1,0.0,0.7777777777777778,1.0,1.2084694985736366,1
PushT,55,6,development_holdout,shared_metric,target_oracle,3,0.0,0.8648951660859273,1.0,1.1605252698153645,1
PushT,55,6,development_holdout,shared_metric,target_oracle,6,1.0,0.14932128199253009,0.0,2.774643889674364,1
PushT,8,1,development_holdout,goal_permuted_metric,target_oracle,1,0.08148739372120142,0.6624190003388856,0.0,1.2501977667606627,1
PushT,8,1,development_holdout,goal_permuted_metric,target_oracle,3,0.8974594425317869,0.24890436254835233,0.0,2.6406660812811262,1
PushT,8,1,development_holdout,goal_permuted_metric,target_oracle,6,0.22287191994007188,0.5051029302567133,0.0,2.137588881390309,1
PushT,9,1,development_holdout,goal_permuted_metric,target_oracle,1,0.36553473865706543,0.8356558068359139,0.0,1.2080753496021681,1
PushT,9,1,development_holdout,goal_permuted_metric,target_oracle,3,0.2415867066316891,0.29303783037215336,0.0,1.6824385587198658,1
PushT,9,1,development_holdout,goal_permuted_metric,target_oracle,6,0.2782904485041899,0.8694516322036911,0.0,0.9066444379985145,1
PushT,10,1,development_holdout,goal_permuted_metric,target_oracle,1,0.12049358852617963,0.7914775548012029,0.0,1.05407011058275,1
PushT,10,1,development_holdout,goal_permuted_metric,target_oracle,3,0.8840388760879699,0.5280383849171992,0.0,2.1278664621419234,1
PushT,10,1,development_holdout,goal_permuted_metric,target_oracle,6,0.0,0.602938535360608,1.0,2.8402980578193313,1
PushT,11,1,development_holdout,goal_permuted_metric,target_oracle,1,1.0,0.03442630814561703,0.0,2.5153191815248284,1
PushT,11,1,development_holdout,goal_permuted_metric,target_oracle,3,1.0,0.1720976170810321,0.0,1.9027038583096298,1
PushT,11,1,development_holdout,goal_permuted_metric,target_oracle,6,0.2434864252420023,0.7751496814540707,0.0,2.086957482375755,1
PushT,12,1,development_holdout,goal_permuted_metric,target_oracle,1,0.15542731492732748,0.849132681307719,0.0,1.4522282968277183,1
PushT,12,1,development_holdout,goal_permuted_metric,target_oracle,3,0.7672659872148363,0.3852851614284668,0.0,1.580565990904927,1
PushT,12,1,development_holdout,goal_permuted_metric,target_oracle,6,0.0,0.5404137003789187,1.0,2.16662861596615,1
PushT,13,1,development_holdout,goal_permuted_metric,target_oracle,1,0.9488516591828323,0.15703069453190255,0.0,2.2990605509064244,1
PushT,13,1,development_holdout,goal_permuted_metric,target_oracle,3,0.20051600978623596,0.7239609651933124,0.0,1.2045254344834595,1
PushT,13,1,development_holdout,goal_permuted_metric,target_oracle,6,0.12408774868526844,0.6553860555728322,0.0,2.735296046180207,1
PushT,14,1,development_holdout,goal_permuted_metric,target_oracle,1,0.0,nan,1.0,0.0,1
PushT,14,1,development_holdout,goal_permuted_metric,target_oracle,3,0.0,0.7709003902771437,1.0,0.7399998311273303,1
PushT,14,1,development_holdout,goal_permuted_metric,target_oracle,6,0.10985312473301036,0.6300439299856073,0.0,1.6423527561666482,1
PushT,15,1,development_holdout,goal_permuted_metric,target_oracle,1,0.0,nan,1.0,0.0,1
PushT,15,1,development_holdout,goal_permuted_metric,target_oracle,3,1.0,0.5656476213300073,0.0,2.172619391170011,1
PushT,15,1,development_holdout,goal_permuted_metric,target_oracle,6,1.0,0.2887910535516998,0.0,2.221719669651382,1
PushT,16,2,development_holdout,goal_permuted_metric,target_oracle,1,0.0,0.5591889403332068,1.0,1.1124500331429923,1
PushT,16,2,development_holdout,goal_permuted_metric,target_oracle,3,0.0,0.7079758378302892,1.0,1.2883754229020719,1
PushT,16,2,development_holdout,goal_permuted_metric,target_oracle,6,0.3019145847229555,0.7489667128202742,0.0,1.6944390257715816,1
PushT,17,2,development_holdout,goal_permuted_metric,target_oracle,1,0.0,nan,1.0,0.0,1
PushT,17,2,development_holdout,goal_permuted_metric,target_oracle,3,0.6032872167889128,0.668830849539299,0.0,2.0760232789696245,1
PushT,17,2,development_holdout,goal_permuted_metric,target_oracle,6,0.6384910027617486,0.4984974069949463,0.0,1.6222130244057962,1
PushT,18,2,development_holdout,goal_permuted_metric,target_oracle,1,0.0,nan,1.0,0.0,1
PushT,18,2,development_holdout,goal_permuted_metric,target_oracle,3,0.27850140655302486,0.8866971979190639,0.0,0.7571578116116986,1
PushT,18,2,development_holdout,goal_permuted_metric,target_oracle,6,0.31070236595182904,0.6066008735843866,0.0,2.054077501593775,1
PushT,19,2,development_holdout,goal_permuted_metric,target_oracle,1,1.0,0.7342753238585333,0.0,0.9232105067783367,1
PushT,19,2,development_holdout,goal_permuted_metric,target_oracle,3,0.7266521551092856,0.19779514730446532,0.0,1.6090677575431063,1
PushT,19,2,development_holdout,goal_permuted_metric,target_oracle,6,0.8838632056446043,0.31641517788446655,0.0,2.1783512121796234,1
PushT,20,2,development_holdout,goal_permuted_metric,target_oracle,1,0.4645196354936518,0.5633712525944252,0.0,1.1481917346313848,1
PushT,20,2,development_holdout,goal_permuted_metric,target_oracle,3,0.9103992805710343,0.30907844253020694,0.0,2.490625569829353,1
PushT,20,2,development_holdout,goal_permuted_metric,target_oracle,6,0.07594002049816881,0.38703881220118846,0.0,1.8379607440600898,1
PushT,21,2,development_holdout,goal_permuted_metric,target_oracle,1,0.0,nan,1.0,0.0,1
PushT,21,2,development_holdout,goal_permuted_metric,target_oracle,3,0.7585503102919223,0.7402922880051794,0.0,1.2174185197176022,1
PushT,21,2,development_holdout,goal_permuted_metric,target_oracle,6,0.7230047574770261,0.5766521554754149,0.0,2.1611171989772764,1
PushT,22,2,development_holdout,goal_permuted_metric,target_oracle,1,0.0,1.0,1.0,1.021931335107191,1
PushT,22,2,development_holdout,goal_permuted_metric,target_oracle,3,0.6494229664681321,0.4443193666026568,0.0,1.3844429494675,1
PushT,22,2,development_holdout,goal_permuted_metric,target_oracle,6,1.0,0.4960929831751389,0.0,1.7989601763877876,1
PushT,23,2,development_holdout,goal_permuted_metric,target_oracle,1,0.0,0.9632070150149405,1.0,0.8662968145456832,1
PushT,23,2,development_holdout,goal_permuted_metric,target_oracle,3,0.10029137060733691,0.5972232579086376,0.0,1.9448249171056884,1
PushT,23,2,development_holdout,goal_permuted_metric,target_oracle,6,0.01666363785413529,0.8639282861207327,0.0,1.6664914766570849,1
PushT,48,6,development_holdout,goal_permuted_metric,target_oracle,1,0.10419362947361568,0.8518880565944904,0.0,2.5782435865759825,1
PushT,48,6,development_holdout,goal_permuted_metric,target_oracle,3,0.09704260337281335,0.8943702253696239,0.0,1.8886574796383204,1
PushT,48,6,development_holdout,goal_permuted_metric,target_oracle,6,0.0189945493625357,0.7790619438652608,0.0,1.4487159726857157,1
PushT,49,6,development_holdout,goal_permuted_metric,target_oracle,1,0.021846463468537518,0.9880812008375369,0.0,0.6900404223528704,1
PushT,49,6,development_holdout,goal_permuted_metric,target_oracle,3,0.42065387548188055,0.7195090959727023,0.0,1.5383919172890386,1
PushT,49,6,development_holdout,goal_permuted_metric,target_oracle,6,0.2652965997915153,0.7275912517272715,0.0,1.383393387258953,1
PushT,50,6,development_holdout,goal_permuted_metric,target_oracle,1,0.37547248436104397,0.5046378456050422,0.0,1.3424105833056856,1
PushT,50,6,development_holdout,goal_permuted_metric,target_oracle,3,0.1611708175187216,0.40350639501874475,0.0,2.0876771574740065,1
PushT,50,6,development_holdout,goal_permuted_metric,target_oracle,6,0.11176022326401269,0.4676007114736251,0.0,2.234557797509963,1
PushT,51,6,development_holdout,goal_permuted_metric,target_oracle,1,0.9865552978109585,0.022181567457467258,0.0,3.46312378953443,1
PushT,51,6,development_holdout,goal_permuted_metric,target_oracle,3,0.9553730609169209,0.05876565992572542,0.0,1.9872762516869622,1
PushT,51,6,development_holdout,goal_permuted_metric,target_oracle,6,0.8249736846311396,0.36153578888352184,0.0,2.1174490372780252,1
PushT,52,6,development_holdout,goal_permuted_metric,target_oracle,1,1.0,0.0,0.0,2.1236898019300057,1
PushT,52,6,development_holdout,goal_permuted_metric,target_oracle,3,0.3477543489605677,0.28797887720457765,0.0,1.7616618107528652,1
PushT,52,6,development_holdout,goal_permuted_metric,target_oracle,6,1.0,0.35996654771873793,0.0,2.239018619403932,1
PushT,53,6,development_holdout,goal_permuted_metric,target_oracle,1,0.22071215478288175,0.6620569446074418,0.0,1.2625040327478056,1
PushT,53,6,development_holdout,goal_permuted_metric,target_oracle,3,0.4575965428879332,0.5578113204529275,0.0,1.8662707440505346,1
PushT,53,6,development_holdout,goal_permuted_metric,target_oracle,6,0.5314747869471632,0.4409201598804767,0.0,2.016985951670987,1
PushT,54,6,development_holdout,goal_permuted_metric,target_oracle,1,0.274829989886387,0.2524649641221047,0.0,1.6964115952154393,1
PushT,54,6,development_holdout,goal_permuted_metric,target_oracle,3,0.23123939172671404,0.7155034610578732,0.0,1.2525807778591063,1
PushT,54,6,development_holdout,goal_permuted_metric,target_oracle,6,0.0,0.8650584289198309,1.0,1.543873413429649,1
PushT,55,6,development_holdout,goal_permuted_metric,target_oracle,1,0.0,0.7777777777777778,1.0,1.2299639139010266,1
PushT,55,6,development_holdout,goal_permuted_metric,target_oracle,3,0.0,0.7446554572587623,1.0,1.4371996527549578,1
PushT,55,6,development_holdout,goal_permuted_metric,target_oracle,6,0.23210770225820726,0.35515420040148554,0.0,3.037461198104676,1
PushT,8,1,development_holdout,native_metric,target_oracle,1,0.01282478008355127,0.8078042841312956,0.0,0.9983418515425592,1
PushT,8,1,development_holdout,native_metric,target_oracle,3,0.0,0.5269309063924132,1.0,1.0854112707922143,1
PushT,8,1,development_holdout,native_metric,target_oracle,6,0.5781148528381919,0.27246375391386146,0.0,1.299448084249747,1
PushT,9,1,development_holdout,native_metric,target_oracle,1,1.0,0.02199423739622105,0.0,1.0088930628208197,1
PushT,9,1,development_holdout,native_metric,target_oracle,3,0.7286493483691098,0.046092739232385084,0.0,1.5430643119534595,1
PushT,9,1,development_holdout,native_metric,target_oracle,6,0.0,0.4538484567473038,1.0,1.2397195063579307,1
PushT,10,1,development_holdout,native_metric,target_oracle,1,0.12049358852617963,0.9656903740996836,0.0,0.9950407992579519,1
PushT,10,1,development_holdout,native_metric,target_oracle,3,0.0,0.9409650674132147,1.0,0.7865387282900512,1
PushT,10,1,development_holdout,native_metric,target_oracle,6,0.0,0.7005586647726912,1.0,0.8963115142916055,1
PushT,11,1,development_holdout,native_metric,target_oracle,1,0.41336878890994966,0.26627903772493045,0.0,1.0094976918036547,1
PushT,11,1,development_holdout,native_metric,target_oracle,3,1.0,0.20958158033042096,0.0,1.208458864739511,1
PushT,11,1,development_holdout,native_metric,target_oracle,6,0.0,0.39928731829909475,1.0,1.3708917835551382,1
PushT,12,1,development_holdout,native_metric,target_oracle,1,0.15542731492732748,0.8021738891968245,0.0,0.996402839870206,1
PushT,12,1,development_holdout,native_metric,target_oracle,3,0.0,0.6831256559495198,1.0,0.8876288329465113,1
PushT,12,1,development_holdout,native_metric,target_oracle,6,0.01885074951463251,0.8415961150495276,0.0,0.7610243968591524,1
PushT,13,1,development_holdout,native_metric,target_oracle,1,1.0,0.02843935299842997,0.0,1.0073346090905764,1
PushT,13,1,development_holdout,native_metric,target_oracle,3,0.0161718104917741,0.8129846385435985,0.0,0.8582479274837436,1
PushT,13,1,development_holdout,native_metric,target_oracle,6,0.0,0.8271875104441277,1.0,0.8672670455849805,1
PushT,14,1,development_holdout,native_metric,target_oracle,1,0.0,nan,1.0,0.0,1
PushT,14,1,development_holdout,native_metric,target_oracle,3,1.0,0.6315542441398139,0.0,0.9818743838139995,1
PushT,14,1,development_holdout,native_metric,target_oracle,6,0.10985312473301036,0.6465134270613149,0.0,0.902236977871158,1
PushT,15,1,development_holdout,native_metric,target_oracle,1,0.0,nan,1.0,0.0,1
PushT,15,1,development_holdout,native_metric,target_oracle,3,0.0,0.7613404302182537,1.0,0.9432437840241779,1
PushT,15,1,development_holdout,native_metric,target_oracle,6,0.0,0.5195358888204457,1.0,1.0667773223764392,1
PushT,16,2,development_holdout,native_metric,target_oracle,1,0.04667333317829818,0.8577335091709448,0.0,0.9972256049229233,1
PushT,16,2,development_holdout,native_metric,target_oracle,3,1.0,0.5459798931288312,0.0,0.9911111427499002,1
PushT,16,2,development_holdout,native_metric,target_oracle,6,0.0,0.42361374390516193,1.0,1.1581960024693347,1
PushT,17,2,development_holdout,native_metric,target_oracle,1,0.0,nan,1.0,0.0,1
PushT,17,2,development_holdout,native_metric,target_oracle,3,0.5789271149086822,0.5406811479026362,0.0,1.004249290779572,1
PushT,17,2,development_holdout,native_metric,target_oracle,6,0.0,0.6895536235170163,1.0,0.8296346085551675,1
PushT,18,2,development_holdout,native_metric,target_oracle,1,0.0,nan,1.0,0.0,1
PushT,18,2,development_holdout,native_metric,target_oracle,3,0.44201480759003287,0.7256575970378285,0.0,0.9324768415364703,1
PushT,18,2,development_holdout,native_metric,target_oracle,6,1.0,0.42167637713172834,0.0,1.1446676786491852,1
PushT,19,2,development_holdout,native_metric,target_oracle,1,0.30581859652833554,0.4536346282210038,0.0,1.0004989086463598,1
PushT,19,2,development_holdout,native_metric,target_oracle,3,0.0,0.8838594250723882,1.0,0.901770170675697,1
PushT,19,2,development_holdout,native_metric,target_oracle,6,0.05206520357815755,0.5207056254869538,0.0,0.9854913096478296,1
PushT,20,2,development_holdout,native_metric,target_oracle,1,0.0,0.9666418916464253,1.0,0.9943891165595714,1
PushT,20,2,development_holdout,native_metric,target_oracle,3,0.4266659652735245,0.66464130940664,0.0,0.9902492632999432,1
PushT,20,2,development_holdout,native_metric,target_oracle,6,1.0,0.17774047852489583,0.0,1.469777742849773,1
PushT,21,2,development_holdout,native_metric,target_oracle,1,0.0,nan,1.0,0.0,1
PushT,21,2,development_holdout,native_metric,target_oracle,3,0.0,0.7508695364285312,1.0,0.9452677765298213,1
PushT,21,2,development_holdout,native_metric,target_oracle,6,0.0,0.6257221430142619,1.0,0.862023198263654,1
PushT,22,2,development_holdout,native_metric,target_oracle,1,1.0,0.2222222222222222,0.0,1.0013897150195217,1
PushT,22,2,development_holdout,native_metric,target_oracle,3,0.0,0.864028063724228,1.0,0.8616362415586317,1
PushT,22,2,development_holdout,native_metric,target_oracle,6,1.0,0.4231605007087125,0.0,1.1552106220006464,1
PushT,23,2,development_holdout,native_metric,target_oracle,1,1.0,0.5071589309549753,0.0,0.9993399743150085,1
PushT,23,2,development_holdout,native_metric,target_oracle,3,1.0,0.17206779121979363,0.0,1.0842002087647749,1
PushT,23,2,development_holdout,native_metric,target_oracle,6,0.01662600440501789,0.5882768531482607,0.0,1.0077817469096386,1
PushT,48,6,development_holdout,native_metric,target_oracle,1,0.09012243500443963,0.9751458465113539,0.0,0.9916433895448025,1
PushT,48,6,development_holdout,native_metric,target_oracle,3,0.03292797551033872,0.8400874230380094,0.0,0.8257611416975673,1
PushT,48,6,development_holdout,native_metric,target_oracle,6,0.0,0.8953266447737307,1.0,0.7337914830356868,1
PushT,49,6,development_holdout,native_metric,target_oracle,1,0.19612234939085493,0.763910098709342,0.0,0.9962368029613372,1
PushT,49,6,development_holdout,native_metric,target_oracle,3,0.0,0.9036693536112518,1.0,0.6580297154505694,1
PushT,49,6,development_holdout,native_metric,target_oracle,6,0.0,0.9213504217610567,1.0,0.7779282946128588,1
PushT,50,6,development_holdout,native_metric,target_oracle,1,0.0,0.9391576016714467,1.0,0.9937979352139931,1
PushT,50,6,development_holdout,native_metric,target_oracle,3,0.1611708175187216,0.9469475855947652,0.0,0.7879822088862335,1
PushT,50,6,development_holdout,native_metric,target_oracle,6,0.11176022326401269,0.9634631739257477,0.0,0.6742539319203532,1
PushT,51,6,development_holdout,native_metric,target_oracle,1,1.0,0.2837346713588557,0.0,1.0033434654463576,1
PushT,51,6,development_holdout,native_metric,target_oracle,3,0.9815381767013404,0.3748417704958056,0.0,1.033043566445821,1
PushT,51,6,development_holdout,native_metric,target_oracle,6,0.0,0.7894763026089335,1.0,0.9211373410217928,1
PushT,52,6,development_holdout,native_metric,target_oracle,1,0.0,0.6666666666666666,1.0,0.999467164536841,1
PushT,52,6,development_holdout,native_metric,target_oracle,3,0.3477543489605677,0.24751998533939315,0.0,1.0484913819073636,1
PushT,52,6,development_holdout,native_metric,target_oracle,6,1.0,0.42571385393535266,0.0,1.1229987191426343,1
PushT,53,6,development_holdout,native_metric,target_oracle,1,0.0,0.5629866129769733,1.0,0.999213552423963,1
PushT,53,6,development_holdout,native_metric,target_oracle,3,0.02265841164096627,0.9829135063083149,0.0,0.5077568253347398,1
PushT,53,6,development_holdout,native_metric,target_oracle,6,0.0,0.8230856378648869,1.0,0.7880688333407816,1
PushT,54,6,development_holdout,native_metric,target_oracle,1,0.0,0.9877086303661075,1.0,0.9916212852194867,1
PushT,54,6,development_holdout,native_metric,target_oracle,3,0.3056015488280241,0.9320695481239801,0.0,0.7764223529190194,1
PushT,54,6,development_holdout,native_metric,target_oracle,6,0.28477644092104903,0.8195149440402744,0.0,0.8021358042425288,1
PushT,55,6,development_holdout,native_metric,target_oracle,1,0.0,0.5555555555555556,1.0,1.0005027707028762,1
PushT,55,6,development_holdout,native_metric,target_oracle,3,1.0,0.3015838210521196,0.0,1.1267700579219144,1
PushT,55,6,development_holdout,native_metric,target_oracle,6,1.0,0.34239571110119144,0.0,1.1187768906334423,1
PushT,8,1,development_holdout,simulator_oracle,target_oracle,1,0.0,1.0,1.0,0.0,1
PushT,8,1,development_holdout,simulator_oracle,target_oracle,3,0.0,1.0,1.0,0.0,1
PushT,8,1,development_holdout,simulator_oracle,target_oracle,6,0.0,1.0,1.0,0.0,1
PushT,9,1,development_holdout,simulator_oracle,target_oracle,1,0.0,1.0,1.0,0.0,1
PushT,9,1,development_holdout,simulator_oracle,target_oracle,3,0.0,1.0,1.0,0.0,1
PushT,9,1,development_holdout,simulator_oracle,target_oracle,6,0.0,1.0,1.0,0.0,1
PushT,10,1,development_holdout,simulator_oracle,target_oracle,1,0.0,1.0,1.0,0.0,1
PushT,10,1,development_holdout,simulator_oracle,target_oracle,3,0.0,1.0,1.0,0.0,1
PushT,10,1,development_holdout,simulator_oracle,target_oracle,6,0.0,1.0,1.0,0.0,1
PushT,11,1,development_holdout,simulator_oracle,target_oracle,1,0.0,1.0,1.0,0.0,1
PushT,11,1,development_holdout,simulator_oracle,target_oracle,3,0.0,1.0,1.0,0.0,1
PushT,11,1,development_holdout,simulator_oracle,target_oracle,6,0.0,1.0,1.0,0.0,1
PushT,12,1,development_holdout,simulator_oracle,target_oracle,1,0.0,1.0,1.0,0.0,1
PushT,12,1,development_holdout,simulator_oracle,target_oracle,3,0.0,1.0,1.0,0.0,1
PushT,12,1,development_holdout,simulator_oracle,target_oracle,6,0.0,1.0,1.0,0.0,1
PushT,13,1,development_holdout,simulator_oracle,target_oracle,1,0.0,1.0,1.0,0.0,1
PushT,13,1,development_holdout,simulator_oracle,target_oracle,3,0.0,1.0,1.0,0.0,1
PushT,13,1,development_holdout,simulator_oracle,target_oracle,6,0.0,1.0,1.0,0.0,1
PushT,14,1,development_holdout,simulator_oracle,target_oracle,1,0.0,nan,1.0,0.0,1
PushT,14,1,development_holdout,simulator_oracle,target_oracle,3,0.0,1.0,1.0,0.0,1
PushT,14,1,development_holdout,simulator_oracle,target_oracle,6,0.0,1.0,1.0,0.0,1
PushT,15,1,development_holdout,simulator_oracle,target_oracle,1,0.0,nan,1.0,0.0,1
PushT,15,1,development_holdout,simulator_oracle,target_oracle,3,0.0,1.0,1.0,0.0,1
PushT,15,1,development_holdout,simulator_oracle,target_oracle,6,0.0,1.0,1.0,0.0,1
PushT,16,2,development_holdout,simulator_oracle,target_oracle,1,0.0,1.0,1.0,0.0,1
PushT,16,2,development_holdout,simulator_oracle,target_oracle,3,0.0,1.0,1.0,0.0,1
PushT,16,2,development_holdout,simulator_oracle,target_oracle,6,0.0,1.0,1.0,0.0,1
PushT,17,2,development_holdout,simulator_oracle,target_oracle,1,0.0,nan,1.0,0.0,1
PushT,17,2,development_holdout,simulator_oracle,target_oracle,3,0.0,1.0,1.0,0.0,1
PushT,17,2,development_holdout,simulator_oracle,target_oracle,6,0.0,1.0,1.0,0.0,1
PushT,18,2,development_holdout,simulator_oracle,target_oracle,1,0.0,nan,1.0,0.0,1
PushT,18,2,development_holdout,simulator_oracle,target_oracle,3,0.0,1.0,1.0,0.0,1
PushT,18,2,development_holdout,simulator_oracle,target_oracle,6,0.0,1.0,1.0,0.0,1
PushT,19,2,development_holdout,simulator_oracle,target_oracle,1,0.0,1.0,1.0,0.0,1
PushT,19,2,development_holdout,simulator_oracle,target_oracle,3,0.0,1.0,1.0,0.0,1
PushT,19,2,development_holdout,simulator_oracle,target_oracle,6,0.0,1.0,1.0,0.0,1
PushT,20,2,development_holdout,simulator_oracle,target_oracle,1,0.0,1.0,1.0,0.0,1
PushT,20,2,development_holdout,simulator_oracle,target_oracle,3,0.0,1.0,1.0,0.0,1
PushT,20,2,development_holdout,simulator_oracle,target_oracle,6,0.0,1.0,1.0,0.0,1
PushT,21,2,development_holdout,simulator_oracle,target_oracle,1,0.0,nan,1.0,0.0,1
PushT,21,2,development_holdout,simulator_oracle,target_oracle,3,0.0,1.0,1.0,0.0,1
PushT,21,2,development_holdout,simulator_oracle,target_oracle,6,0.0,1.0,1.0,0.0,1
PushT,22,2,development_holdout,simulator_oracle,target_oracle,1,0.0,1.0,1.0,0.0,1
PushT,22,2,development_holdout,simulator_oracle,target_oracle,3,0.0,1.0,1.0,0.0,1
PushT,22,2,development_holdout,simulator_oracle,target_oracle,6,0.0,1.0,1.0,0.0,1
PushT,23,2,development_holdout,simulator_oracle,target_oracle,1,0.0,1.0,1.0,0.0,1
PushT,23,2,development_holdout,simulator_oracle,target_oracle,3,0.0,1.0,1.0,0.0,1
PushT,23,2,development_holdout,simulator_oracle,target_oracle,6,0.0,1.0,1.0,0.0,1
PushT,48,6,development_holdout,simulator_oracle,target_oracle,1,0.0,1.0,1.0,0.0,1
PushT,48,6,development_holdout,simulator_oracle,target_oracle,3,0.0,1.0,1.0,0.0,1
PushT,48,6,development_holdout,simulator_oracle,target_oracle,6,0.0,1.0,1.0,0.0,1
PushT,49,6,development_holdout,simulator_oracle,target_oracle,1,0.0,1.0,1.0,0.0,1
PushT,49,6,development_holdout,simulator_oracle,target_oracle,3,0.0,1.0,1.0,0.0,1
PushT,49,6,development_holdout,simulator_oracle,target_oracle,6,0.0,1.0,1.0,0.0,1
PushT,50,6,development_holdout,simulator_oracle,target_oracle,1,0.0,1.0,1.0,0.0,1
PushT,50,6,development_holdout,simulator_oracle,target_oracle,3,0.0,1.0,1.0,0.0,1
PushT,50,6,development_holdout,simulator_oracle,target_oracle,6,0.0,1.0,1.0,0.0,1
PushT,51,6,development_holdout,simulator_oracle,target_oracle,1,0.0,1.0,1.0,0.0,1
PushT,51,6,development_holdout,simulator_oracle,target_oracle,3,0.0,1.0,1.0,0.0,1
PushT,51,6,development_holdout,simulator_oracle,target_oracle,6,0.0,1.0,1.0,0.0,1
PushT,52,6,development_holdout,simulator_oracle,target_oracle,1,0.0,1.0,1.0,0.0,1
PushT,52,6,development_holdout,simulator_oracle,target_oracle,3,0.0,1.0,1.0,0.0,1
PushT,52,6,development_holdout,simulator_oracle,target_oracle,6,0.0,1.0,1.0,0.0,1
PushT,53,6,development_holdout,simulator_oracle,target_oracle,1,0.0,1.0,1.0,0.0,1
PushT,53,6,development_holdout,simulator_oracle,target_oracle,3,0.0,1.0,1.0,0.0,1
PushT,53,6,development_holdout,simulator_oracle,target_oracle,6,0.0,1.0,1.0,0.0,1
PushT,54,6,development_holdout,simulator_oracle,target_oracle,1,0.0,1.0,1.0,0.0,1
PushT,54,6,development_holdout,simulator_oracle,target_oracle,3,0.0,1.0,1.0,0.0,1
PushT,54,6,development_holdout,simulator_oracle,target_oracle,6,0.0,1.0,1.0,0.0,1
PushT,55,6,development_holdout,simulator_oracle,target_oracle,1,0.0,1.0,1.0,0.0,1
PushT,55,6,development_holdout,simulator_oracle,target_oracle,3,0.0,1.0,1.0,0.0,1
PushT,55,6,development_holdout,simulator_oracle,target_oracle,6,0.0,1.0,1.0,0.0,1
PushT,8,1,development_holdout,shared_metric,frozen,1,0.08148739372120142,0.9181988429885253,0.0,0.591474252645811,1
PushT,8,1,development_holdout,shared_metric,frozen,3,0.8974594425317869,0.2672039185529803,0.0,1.5070519555453952,1
PushT,8,1,development_holdout,shared_metric,frozen,6,0.5781148528381919,0.3616754787372252,0.0,1.6807999648048515,1
PushT,9,1,development_holdout,shared_metric,frozen,1,0.0,0.461816378210399,1.0,1.1354420154538514,1
PushT,9,1,development_holdout,shared_metric,frozen,3,0.2415867066316891,0.12240494533994693,0.0,2.3873198341598085,1
PushT,9,1,development_holdout,shared_metric,frozen,6,0.0838834477847104,0.7550032361411825,0.0,1.2504436126228673,1
PushT,10,1,development_holdout,shared_metric,frozen,1,0.12049358852617963,0.9600749466839554,0.0,0.44136386152505525,1
PushT,10,1,development_holdout,shared_metric,frozen,3,0.1030047197118212,0.7490245381762476,0.0,1.0270617069874577,1
PushT,10,1,development_holdout,shared_metric,frozen,6,0.0,0.589754452264613,1.0,1.6370009139808328,1
PushT,11,1,development_holdout,shared_metric,frozen,1,0.4791335418268135,0.3327811304925582,0.0,1.4076789288966562,1
PushT,11,1,development_holdout,shared_metric,frozen,3,0.8520977403706133,0.1472221749434869,0.0,1.406378049900737,1
PushT,11,1,development_holdout,shared_metric,frozen,6,0.2434864252420023,0.5088904991863974,0.0,1.7841151200996828,1
PushT,12,1,development_holdout,shared_metric,frozen,1,0.15542731492732748,0.8878649328998742,0.0,0.9125460032464715,1
PushT,12,1,development_holdout,shared_metric,frozen,3,0.7672659872148363,0.3468914614279267,0.0,1.6503052077423386,1
PushT,12,1,development_holdout,shared_metric,frozen,6,0.0,0.5758485452812444,1.0,1.8570559766001795,1
PushT,13,1,development_holdout,shared_metric,frozen,1,0.9488516591828323,0.37184429885281395,0.0,1.2674634907193976,1
PushT,13,1,development_holdout,shared_metric,frozen,3,0.20051600978623596,0.6963668970899403,0.0,1.0401231281140733,1
PushT,13,1,development_holdout,shared_metric,frozen,6,0.4480510451681918,0.5246727510275447,0.0,1.7963265408203513,1
PushT,14,1,development_holdout,shared_metric,frozen,1,0.0,nan,1.0,0.0,1
PushT,14,1,development_holdout,shared_metric,frozen,3,0.8251746488970769,0.8155731256646844,0.0,0.853829779774978,1
PushT,14,1,development_holdout,shared_metric,frozen,6,1.0,0.48487114644994034,0.0,2.176254304684085,1
PushT,15,1,development_holdout,shared_metric,frozen,1,0.0,nan,1.0,0.0,1
PushT,15,1,development_holdout,shared_metric,frozen,3,1.0,0.5702338232188849,0.0,1.8321450985001497,1
PushT,15,1,development_holdout,shared_metric,frozen,6,1.0,0.4332146737123848,0.0,1.868508427829774,1
PushT,16,2,development_holdout,shared_metric,frozen,1,0.0,0.9382774772403929,1.0,0.5526740785611234,1
PushT,16,2,development_holdout,shared_metric,frozen,3,0.0,0.4659969815102195,1.0,1.5702598723005499,1
PushT,16,2,development_holdout,shared_metric,frozen,6,0.7080360849048052,0.3049821490632231,0.0,2.665089147542301,1
PushT,17,2,development_holdout,shared_metric,frozen,1,0.0,nan,1.0,0.0,1
PushT,17,2,development_holdout,shared_metric,frozen,3,0.0,0.8808266899905434,1.0,1.2318836560230475,1
PushT,17,2,development_holdout,shared_metric,frozen,6,0.0,0.7955813694694343,1.0,1.4567402245748717,1
PushT,18,2,development_holdout,shared_metric,frozen,1,0.0,nan,1.0,0.0,1
PushT,18,2,development_holdout,shared_metric,frozen,3,0.27850140655302486,0.8258841639935462,0.0,0.9398574304632509,1
PushT,18,2,development_holdout,shared_metric,frozen,6,0.31070236595182904,0.6394943244101138,0.0,1.6505636657868854,1
PushT,19,2,development_holdout,shared_metric,frozen,1,1.0,0.663718250108563,0.0,1.0402995083277906,1
PushT,19,2,development_holdout,shared_metric,frozen,3,0.840133628508192,0.25091067269723216,0.0,1.6661175339205205,1
PushT,19,2,development_holdout,shared_metric,frozen,6,0.8838632056446043,0.33576541119304343,0.0,1.6641977316166667,1
PushT,20,2,development_holdout,shared_metric,frozen,1,0.7957935685153475,0.569481336209558,0.0,1.1566317549575629,1
PushT,20,2,development_holdout,shared_metric,frozen,3,0.9103992805710343,0.2590022389249204,0.0,2.0269770584123616,1
PushT,20,2,development_holdout,shared_metric,frozen,6,1.0,0.14756316140589992,0.0,2.0278530748895354,1
PushT,21,2,development_holdout,shared_metric,frozen,1,0.0,nan,1.0,0.0,1
PushT,21,2,development_holdout,shared_metric,frozen,3,0.0,0.8636367136793336,1.0,0.8612294347085914,1
PushT,21,2,development_holdout,shared_metric,frozen,6,0.7230047574770261,0.6963030542757821,0.0,2.0465066451501186,1
PushT,22,2,development_holdout,shared_metric,frozen,1,0.0,1.0,1.0,0.8524561743600382,1
PushT,22,2,development_holdout,shared_metric,frozen,3,0.33162401120693175,0.6147287561808061,0.0,1.1024418803560263,1
PushT,22,2,development_holdout,shared_metric,frozen,6,1.0,0.49316229431844,0.0,1.6694308117672303,1
PushT,23,2,development_holdout,shared_metric,frozen,1,0.020457435985849055,0.948220636882584,0.0,0.5493789347046703,1
PushT,23,2,development_holdout,shared_metric,frozen,3,1.0,0.3942344528975725,0.0,1.7881621180410634,1
PushT,23,2,development_holdout,shared_metric,frozen,6,0.01666363785413529,0.7102169444938922,0.0,1.4760907446375087,1
PushT,48,6,development_holdout,shared_metric,frozen,1,0.010481511777836317,0.9069351949198164,0.0,0.7369752922578554,1
PushT,48,6,development_holdout,shared_metric,frozen,3,0.0,0.9015852746490155,1.0,0.9954246259730282,1
PushT,48,6,development_holdout,shared_metric,frozen,6,0.02967654291736563,0.9166075291599541,0.0,1.6788864102210235,1
PushT,49,6,development_holdout,shared_metric,frozen,1,0.021846463468537518,0.8863844802068126,0.0,0.833322046982053,1
PushT,49,6,development_holdout,shared_metric,frozen,3,0.09255210046541218,0.9355894923198065,0.0,1.0508292183930343,1
PushT,49,6,development_holdout,shared_metric,frozen,6,0.2652965997915153,0.6416398507356463,0.0,1.6159596681229165,1
PushT,50,6,development_holdout,shared_metric,frozen,1,0.932744916162424,0.3583337120425204,0.0,1.3190898378081777,1
PushT,50,6,development_holdout,shared_metric,frozen,3,0.647103072586445,0.5651372636599916,0.0,1.1455459807779818,1
PushT,50,6,development_holdout,shared_metric,frozen,6,0.8845275437002303,0.45886873984749366,0.0,1.5215290835019282,1
PushT,51,6,development_holdout,shared_metric,frozen,1,0.9554286882056121,0.019059395032681833,0.0,2.142191555229517,1
PushT,51,6,development_holdout,shared_metric,frozen,3,0.994431087932475,0.39965185334233844,0.0,1.4315274436712357,1
PushT,51,6,development_holdout,shared_metric,frozen,6,0.8249736846311396,0.4746735387873896,0.0,2.1382859691528875,1
PushT,52,6,development_holdout,shared_metric,frozen,1,0.0,0.1111111111111111,1.0,2.070064394119507,1
PushT,52,6,development_holdout,shared_metric,frozen,3,0.3477543489605677,0.23314886985896632,0.0,1.8783742447863385,1
PushT,52,6,development_holdout,shared_metric,frozen,6,0.42587558645902696,0.5188924128443443,0.0,1.8522293617798726,1
PushT,53,6,development_holdout,shared_metric,frozen,1,0.22071215478288175,0.8398694723311558,0.0,0.7869260827026588,1
PushT,53,6,development_holdout,shared_metric,frozen,3,0.4575965428879332,0.7994770932047693,0.0,1.2197216915349016,1
PushT,53,6,development_holdout,shared_metric,frozen,6,0.5314747869471632,0.573167298188526,0.0,1.7551670766784297,1
PushT,54,6,development_holdout,shared_metric,frozen,1,0.274829989886387,0.30247275462425144,0.0,1.2054329725211603,1
PushT,54,6,development_holdout,shared_metric,frozen,3,0.0,0.9433501658882261,1.0,0.4471408019332346,1
PushT,54,6,development_holdout,shared_metric,frozen,6,0.0,0.8818656571028484,1.0,1.6183972435694793,1
PushT,55,6,development_holdout,shared_metric,frozen,1,0.0,0.7777777777777778,1.0,1.2223578877621908,1
PushT,55,6,development_holdout,shared_metric,frozen,3,0.0,0.6073036342635709,1.0,1.4389661584993902,1
PushT,55,6,development_holdout,shared_metric,frozen,6,0.15704590216781106,0.28433705913718343,0.0,2.996890612108497,1
PushT,8,1,development_holdout,goal_permuted_metric,frozen,1,0.17008683444848238,0.6401997053466777,0.0,0.9621616915099281,1
PushT,8,1,development_holdout,goal_permuted_metric,frozen,3,0.8974594425317869,0.2672039185529803,0.0,1.7911185055139933,1
PushT,8,1,development_holdout,goal_permuted_metric,frozen,6,0.22287191994007188,0.5958455857736149,0.0,2.215818947994855,1
PushT,9,1,development_holdout,goal_permuted_metric,frozen,1,0.0,0.5497776760177224,1.0,0.9889130494555258,1
PushT,9,1,development_holdout,goal_permuted_metric,frozen,3,0.2415867066316891,0.42979124079749675,0.0,1.3022453112196029,1
PushT,9,1,development_holdout,goal_permuted_metric,frozen,6,0.2782904485041899,0.9169010761302103,0.0,0.6677532611053785,1
PushT,10,1,development_holdout,goal_permuted_metric,frozen,1,0.12049358852617963,0.9600749466839554,0.0,0.36750920635293416,1
PushT,10,1,development_holdout,goal_permuted_metric,frozen,3,0.1030047197118212,0.7068969512883765,0.0,1.426106734746285,1
PushT,10,1,development_holdout,goal_permuted_metric,frozen,6,0.0,0.549392703531819,1.0,2.0213606968474354,1
PushT,11,1,development_holdout,goal_permuted_metric,frozen,1,0.41336878890994966,0.3368020408184094,0.0,1.2435490736261072,1
PushT,11,1,development_holdout,goal_permuted_metric,frozen,3,0.8520977403706133,0.22218579585061168,0.0,1.5463701774389031,1
PushT,11,1,development_holdout,goal_permuted_metric,frozen,6,0.2434864252420023,0.6000083532302858,0.0,1.6529649259003933,1
PushT,12,1,development_holdout,goal_permuted_metric,frozen,1,0.0,0.8574218065173875,1.0,1.2298215612222752,1
PushT,12,1,development_holdout,goal_permuted_metric,frozen,3,0.7672659872148363,0.35886836301206565,0.0,1.7872665810080712,1
PushT,12,1,development_holdout,goal_permuted_metric,frozen,6,0.30315269442911547,0.5647976184000262,0.0,2.134177720316405,1
PushT,13,1,development_holdout,goal_permuted_metric,frozen,1,0.9488516591828323,0.19340945191705164,0.0,1.5872437265726125,1
PushT,13,1,development_holdout,goal_permuted_metric,frozen,3,0.20051600978623596,0.6363870335863702,0.0,1.3994379541675426,1
PushT,13,1,development_holdout,goal_permuted_metric,frozen,6,0.4480510451681918,0.5570349300195225,0.0,2.1897474267765453,1
PushT,14,1,development_holdout,goal_permuted_metric,frozen,1,0.0,nan,1.0,0.0,1
PushT,14,1,development_holdout,goal_permuted_metric,frozen,3,0.8251746488970769,0.8669488879065812,0.0,0.7584906027784969,1
PushT,14,1,development_holdout,goal_permuted_metric,frozen,6,1.0,0.5582782492467635,0.0,2.0972392995426805,1
PushT,15,1,development_holdout,goal_permuted_metric,frozen,1,0.0,nan,1.0,0.0,1
PushT,15,1,development_holdout,goal_permuted_metric,frozen,3,1.0,0.5559166104833673,0.0,1.799805931052961,1
PushT,15,1,development_holdout,goal_permuted_metric,frozen,6,1.0,0.36772923389880985,0.0,2.0228587628836907,1
PushT,16,2,development_holdout,goal_permuted_metric,frozen,1,0.07048233322040907,0.926821266598131,0.0,0.6157067710053153,1
PushT,16,2,development_holdout,goal_permuted_metric,frozen,3,0.0,0.4921418938288691,1.0,1.5670649072093905,1
PushT,16,2,development_holdout,goal_permuted_metric,frozen,6,0.7080360849048052,0.2849695739992597,0.0,2.6632117225442418,1
PushT,17,2,development_holdout,goal_permuted_metric,frozen,1,0.0,nan,1.0,0.0,1
PushT,17,2,development_holdout,goal_permuted_metric,frozen,3,0.0,0.8604575023675762,1.0,1.3826301366139409,1
PushT,17,2,development_holdout,goal_permuted_metric,frozen,6,0.0,0.8512064629853144,1.0,1.5303191524217288,1
PushT,18,2,development_holdout,goal_permuted_metric,frozen,1,0.0,nan,1.0,0.0,1
PushT,18,2,development_holdout,goal_permuted_metric,frozen,3,0.27850140655302486,0.7599344641542174,0.0,1.1281457750935677,1
PushT,18,2,development_holdout,goal_permuted_metric,frozen,6,0.31070236595182904,0.6851813248218134,0.0,1.4995811208875642,1
PushT,19,2,development_holdout,goal_permuted_metric,frozen,1,1.0,0.708962968993376,0.0,0.9157985450769807,1
PushT,19,2,development_holdout,goal_permuted_metric,frozen,3,0.6720473664012865,0.2757005003032838,0.0,1.654533001628025,1
PushT,19,2,development_holdout,goal_permuted_metric,frozen,6,0.8838632056446043,0.22130932451199273,0.0,1.7156208580636563,1
PushT,20,2,development_holdout,goal_permuted_metric,frozen,1,0.7957935685153475,0.6127909520021421,0.0,0.9859290374611658,1
PushT,20,2,development_holdout,goal_permuted_metric,frozen,3,0.9103992805710343,0.269348022863628,0.0,2.01100104557327,1
PushT,20,2,development_holdout,goal_permuted_metric,frozen,6,1.0,0.1835096977790157,0.0,1.8662051514693137,1
PushT,21,2,development_holdout,goal_permuted_metric,frozen,1,0.0,nan,1.0,0.0,1
PushT,21,2,development_holdout,goal_permuted_metric,frozen,3,0.0,0.8828938557388786,1.0,0.86823277311102,1
PushT,21,2,development_holdout,goal_permuted_metric,frozen,6,0.7230047574770261,0.6815603412643344,0.0,2.0834240197252627,1
PushT,22,2,development_holdout,goal_permuted_metric,frozen,1,0.0,1.0,1.0,0.7559022832441512,1
PushT,22,2,development_holdout,goal_permuted_metric,frozen,3,0.33162401120693175,0.6483164370622182,0.0,1.1376860054762208,1
PushT,22,2,development_holdout,goal_permuted_metric,frozen,6,1.0,0.563153310563576,0.0,1.6270241289622425,1
PushT,23,2,development_holdout,goal_permuted_metric,frozen,1,0.020457435985849055,0.9517709396154972,0.0,0.7763579490123788,1
PushT,23,2,development_holdout,goal_permuted_metric,frozen,3,0.00801155301203528,0.5432004732180038,0.0,1.697829246231591,1
PushT,23,2,development_holdout,goal_permuted_metric,frozen,6,0.01666363785413529,0.9432997138168188,0.0,1.7275581310414643,1
PushT,48,6,development_holdout,goal_permuted_metric,frozen,1,0.010481511777836317,0.8945492185075462,0.0,0.7353930504035273,1
PushT,48,6,development_holdout,goal_permuted_metric,frozen,3,0.0,0.92754326750039,1.0,1.274170463121165,1
PushT,48,6,development_holdout,goal_permuted_metric,frozen,6,0.02967654291736563,0.8084067306531542,0.0,1.6136458170669603,1
PushT,49,6,development_holdout,goal_permuted_metric,frozen,1,0.021846463468537518,0.8863844802068126,0.0,0.7879861811783303,1
PushT,49,6,development_holdout,goal_permuted_metric,frozen,3,0.674738306970976,0.7407201214409204,0.0,1.3869704871853847,1
PushT,49,6,development_holdout,goal_permuted_metric,frozen,6,0.2652965997915153,0.6911106962006763,0.0,1.574946884708087,1
PushT,50,6,development_holdout,goal_permuted_metric,frozen,1,0.932744916162424,0.3509023635606968,0.0,1.5205689785225915,1
PushT,50,6,development_holdout,goal_permuted_metric,frozen,3,0.647103072586445,0.6199849093674694,0.0,1.1429511898187015,1
PushT,50,6,development_holdout,goal_permuted_metric,frozen,6,0.8845275437002303,0.3824605584067194,0.0,1.653575446994227,1
PushT,51,6,development_holdout,goal_permuted_metric,frozen,1,0.9865552978109585,0.15351757749046482,0.0,2.1921142127011493,1
PushT,51,6,development_holdout,goal_permuted_metric,frozen,3,0.994431087932475,0.33786881654244644,0.0,1.8308862805365755,1
PushT,51,6,development_holdout,goal_permuted_metric,frozen,6,0.8249736846311396,0.3899032861926115,0.0,2.046951297819809,1
PushT,52,6,development_holdout,goal_permuted_metric,frozen,1,0.0,0.1111111111111111,1.0,1.7361346739560877,1
PushT,52,6,development_holdout,goal_permuted_metric,frozen,3,0.3477543489605677,0.3327068179475844,0.0,1.490838662683157,1
PushT,52,6,development_holdout,goal_permuted_metric,frozen,6,1.0,0.47781114063239877,0.0,1.8517608359916058,1
PushT,53,6,development_holdout,goal_permuted_metric,frozen,1,0.22071215478288175,0.7899454511793905,0.0,0.9506370385307674,1
PushT,53,6,development_holdout,goal_permuted_metric,frozen,3,0.4816284233788386,0.6702151036747603,0.0,0.915412586422702,1
PushT,53,6,development_holdout,goal_permuted_metric,frozen,6,0.5314747869471632,0.5429912327001192,0.0,1.6969645326275533,1
PushT,54,6,development_holdout,goal_permuted_metric,frozen,1,1.0,0.303016216661204,0.0,1.1802558970990062,1
PushT,54,6,development_holdout,goal_permuted_metric,frozen,3,0.0,0.97542027440057,1.0,0.5307149578674966,1
PushT,54,6,development_holdout,goal_permuted_metric,frozen,6,0.0,0.8918769972053362,1.0,1.2035335157802656,1
PushT,55,6,development_holdout,goal_permuted_metric,frozen,1,0.0,0.4444444444444444,1.0,1.3134818777958066,1
PushT,55,6,development_holdout,goal_permuted_metric,frozen,3,0.0,0.6073036342635709,1.0,1.4375637613279648,1
PushT,55,6,development_holdout,goal_permuted_metric,frozen,6,1.0,0.12545765598330016,0.0,3.3451228112640137,1
PushT,8,1,development_holdout,native_metric,frozen,1,0.01282478008355127,0.8882608281952827,0.0,0.9976155509831258,1
PushT,8,1,development_holdout,native_metric,frozen,3,0.0,0.6697633664456427,1.0,0.9594163688398334,1
PushT,8,1,development_holdout,native_metric,frozen,6,0.5781148528381919,0.17447280821229272,0.0,1.30612012514406,1
PushT,9,1,development_holdout,native_metric,frozen,1,0.8274135674934155,0.010384531390538817,0.0,1.0072094484787228,1
PushT,9,1,development_holdout,native_metric,frozen,3,0.7286493483691098,0.08894510686473363,0.0,1.4587696794279417,1
PushT,9,1,development_holdout,native_metric,frozen,6,0.8502269524673542,0.3430177427807483,0.0,1.2941110487273753,1
PushT,10,1,development_holdout,native_metric,frozen,1,0.12049358852617963,0.9787368933195569,0.0,0.9954715100965429,1
PushT,10,1,development_holdout,native_metric,frozen,3,0.6177998268323661,0.7957491777340341,0.0,0.8253364972183534,1
PushT,10,1,development_holdout,native_metric,frozen,6,0.0,0.5717999507807378,1.0,1.0209973779094266,1
PushT,11,1,development_holdout,native_metric,frozen,1,0.49698986494663716,0.2846417085883591,0.0,1.0017366667891205,1
PushT,11,1,development_holdout,native_metric,frozen,3,0.6743631771803672,0.3850664227791001,0.0,1.1621535536754994,1
PushT,11,1,development_holdout,native_metric,frozen,6,0.0,0.3735764386258347,1.0,1.4356269395410166,1
PushT,12,1,development_holdout,native_metric,frozen,1,0.15542731492732748,0.9705102209582386,0.0,0.9944485953239195,1
PushT,12,1,development_holdout,native_metric,frozen,3,0.0,0.5642825487649172,1.0,0.928721723197489,1
PushT,12,1,development_holdout,native_metric,frozen,6,0.01885074951463251,0.7627165900923765,0.0,0.8418014465633924,1
PushT,13,1,development_holdout,native_metric,frozen,1,0.9488516591828323,0.13809115707252423,0.0,1.0026465123760229,1
PushT,13,1,development_holdout,native_metric,frozen,3,0.0161718104917741,0.8192106822318012,0.0,0.8462622906985867,1
PushT,13,1,development_holdout,native_metric,frozen,6,0.0,0.8860253256663309,1.0,0.7611405603448944,1
PushT,14,1,development_holdout,native_metric,frozen,1,0.0,nan,1.0,0.0,1
PushT,14,1,development_holdout,native_metric,frozen,3,1.0,0.7785890759529243,0.0,0.9702020858248759,1
PushT,14,1,development_holdout,native_metric,frozen,6,0.10985312473301036,0.7245726191907192,0.0,0.8751267020923017,1
PushT,15,1,development_holdout,native_metric,frozen,1,0.0,nan,1.0,0.0,1
PushT,15,1,development_holdout,native_metric,frozen,3,0.0,0.8901086364602276,1.0,0.8916791168079328,1
PushT,15,1,development_holdout,native_metric,frozen,6,1.0,0.5000267236754532,0.0,1.0333894363116316,1
PushT,16,2,development_holdout,native_metric,frozen,1,0.04667333317829818,0.9759580478347364,0.0,0.9956774661924377,1
PushT,16,2,development_holdout,native_metric,frozen,3,0.0,0.7533667454612822,1.0,0.8464976675737135,1
PushT,16,2,development_holdout,native_metric,frozen,6,0.0,0.4036028971644958,1.0,1.00457880179815,1
PushT,17,2,development_holdout,native_metric,frozen,1,0.0,nan,1.0,0.0,1
PushT,17,2,development_holdout,native_metric,frozen,3,0.5789271149086822,0.6585995212884982,0.0,0.9340339125506837,1
PushT,17,2,development_holdout,native_metric,frozen,6,0.0,0.7513638268287729,1.0,0.8076521733955077,1
PushT,18,2,development_holdout,native_metric,frozen,1,0.0,nan,1.0,0.0,1
PushT,18,2,development_holdout,native_metric,frozen,3,0.44201480759003287,0.7492475583310807,0.0,0.9344879371990396,1
PushT,18,2,development_holdout,native_metric,frozen,6,1.0,0.44454359089834045,0.0,1.1270124619964978,1
PushT,19,2,development_holdout,native_metric,frozen,1,0.0,0.883968134000689,1.0,0.9989188621023523,1
PushT,19,2,development_holdout,native_metric,frozen,3,0.0,0.9786737532318673,1.0,0.8688746133633983,1
PushT,19,2,development_holdout,native_metric,frozen,6,0.05206520357815755,0.7588362377497374,0.0,0.9015028344359414,1
PushT,20,2,development_holdout,native_metric,frozen,1,0.071849549171498,0.9934338596660927,0.0,0.9946377825960303,1
PushT,20,2,development_holdout,native_metric,frozen,3,0.06837919317243876,0.8052101366498173,0.0,0.9645123383232532,1
PushT,20,2,development_holdout,native_metric,frozen,6,1.0,0.17225624112499385,0.0,1.4386133244522612,1
PushT,21,2,development_holdout,native_metric,frozen,1,0.0,nan,1.0,0.0,1
PushT,21,2,development_holdout,native_metric,frozen,3,0.0,0.6384194387262251,1.0,0.950729053668126,1
PushT,21,2,development_holdout,native_metric,frozen,6,0.0,0.7585399190099477,1.0,0.7229070360834363,1
PushT,22,2,development_holdout,native_metric,frozen,1,1.0,0.1111111111111111,0.0,1.0012250027701959,1
PushT,22,2,development_holdout,native_metric,frozen,3,0.0,0.9703493748719308,1.0,0.8872546761617628,1
PushT,22,2,development_holdout,native_metric,frozen,6,1.0,0.6524000054310478,0.0,1.0695479404491,1
PushT,23,2,development_holdout,native_metric,frozen,1,0.06271666156975347,0.5342011799486573,0.0,0.9975034731819258,1
PushT,23,2,development_holdout,native_metric,frozen,3,1.0,0.22403594894565698,0.0,1.0870886432507239,1
PushT,23,2,development_holdout,native_metric,frozen,6,0.01662600440501789,0.5027299885837012,0.0,1.0030321345660362,1
PushT,48,6,development_holdout,native_metric,frozen,1,0.09012243500443963,0.9354043174091249,0.0,0.9938461702131485,1
PushT,48,6,development_holdout,native_metric,frozen,3,0.03292797551033872,0.8026387496899144,0.0,0.8708713455475465,1
PushT,48,6,development_holdout,native_metric,frozen,6,0.0,0.9131311431584099,1.0,0.7308938647234761,1
PushT,49,6,development_holdout,native_metric,frozen,1,1.0,0.157876410526368,0.0,1.002179355469119,1
PushT,49,6,development_holdout,native_metric,frozen,3,0.0,0.9036693536112518,1.0,0.6948997716319787,1
PushT,49,6,development_holdout,native_metric,frozen,6,0.0,0.9186981442443275,1.0,0.7742556058897054,1
PushT,50,6,development_holdout,native_metric,frozen,1,0.026574968337305327,0.7851432287012197,0.0,0.9964896574628466,1
PushT,50,6,development_holdout,native_metric,frozen,3,0.0,0.9921484727009531,1.0,0.7505647088166166,1
PushT,50,6,development_holdout,native_metric,frozen,6,0.19887118635918416,0.8339630458363178,0.0,0.8194748550843614,1
PushT,51,6,development_holdout,native_metric,frozen,1,0.3905729249325504,0.7278390119008307,0.0,0.9985206860654758,1
PushT,51,6,development_holdout,native_metric,frozen,3,0.9553730609169209,0.38103835528575747,0.0,1.035885070575194,1
PushT,51,6,development_holdout,native_metric,frozen,6,0.8472560153227433,0.7294760447305756,0.0,0.9221244559208189,1
PushT,52,6,development_holdout,native_metric,frozen,1,0.0,0.6666666666666666,1.0,0.9997922418042431,1
PushT,52,6,development_holdout,native_metric,frozen,3,0.3477543489605677,0.39887962947602984,0.0,1.029292901919594,1
PushT,52,6,development_holdout,native_metric,frozen,6,1.0,0.4127496191968014,0.0,1.121172939878817,1
PushT,53,6,development_holdout,native_metric,frozen,1,0.0,0.48988012364937766,1.0,1.0001067160903683,1
PushT,53,6,development_holdout,native_metric,frozen,3,0.0,0.9698544596009091,1.0,0.5729691297980579,1
PushT,53,6,development_holdout,native_metric,frozen,6,0.0,0.8940601405197657,1.0,0.7898636618631693,1
PushT,54,6,development_holdout,native_metric,frozen,1,0.5144474869020803,0.8330901466770251,0.0,0.997676102417533,1
PushT,54,6,development_holdout,native_metric,frozen,3,0.3056015488280241,0.7874085754631294,0.0,0.8351396419411296,1
PushT,54,6,development_holdout,native_metric,frozen,6,0.0,0.8567130329659911,1.0,0.7799779037115385,1
PushT,55,6,development_holdout,native_metric,frozen,1,1.0,0.0,0.0,1.0015820896826433,1
PushT,55,6,development_holdout,native_metric,frozen,3,1.0,0.1928833415674835,0.0,1.1374746312552646,1
PushT,55,6,development_holdout,native_metric,frozen,6,1.0,0.3132787488924417,0.0,1.1767112411712304,1
PushT,8,1,development_holdout,shared_metric,fidelity_constrained_latent_only,1,0.08148739372120142,0.9181988429885252,0.0,0.48999401457382463,3
PushT,8,1,development_holdout,shared_metric,fidelity_constrained_latent_only,3,0.716898607952715,0.2676848005534627,0.0,1.4758411488089898,3
PushT,8,1,development_holdout,shared_metric,fidelity_constrained_latent_only,6,0.5781148528381919,0.35116299552742564,0.0,1.6819451830697651,3
PushT,9,1,development_holdout,shared_metric,fidelity_constrained_latent_only,1,0.0,0.5717719134139435,1.0,0.9756730247266373,3
PushT,9,1,development_holdout,shared_metric,fidelity_constrained_latent_only,3,0.2415867066316891,0.12240494533994693,0.0,2.582152469960625,3
PushT,9,1,development_holdout,shared_metric,fidelity_constrained_latent_only,6,0.27893426755596323,0.6117403172869937,0.0,1.3299959780999446,3
PushT,10,1,development_holdout,shared_metric,fidelity_constrained_latent_only,1,0.12049358852617963,0.9776852565587911,0.0,0.48502409543380803,3
PushT,10,1,development_holdout,shared_metric,fidelity_constrained_latent_only,3,0.1030047197118212,0.7064864189069265,0.0,1.0097964151191074,3
PushT,10,1,development_holdout,shared_metric,fidelity_constrained_latent_only,6,0.0,0.589754452264613,1.0,1.5806834852174696,3
PushT,11,1,development_holdout,shared_metric,fidelity_constrained_latent_only,1,0.4352903732155709,0.36506595373423706,0.0,1.45299146780735,3
PushT,11,1,development_holdout,shared_metric,fidelity_constrained_latent_only,3,0.8520977403706133,0.14773496964671523,0.0,1.5386769385584167,3
PushT,11,1,development_holdout,shared_metric,fidelity_constrained_latent_only,6,0.24348642524200229,0.5460004649798921,0.0,1.825292892344067,3
PushT,12,1,development_holdout,shared_metric,fidelity_constrained_latent_only,1,0.0,0.8961540581095427,1.0,0.884396961366496,3
PushT,12,1,development_holdout,shared_metric,fidelity_constrained_latent_only,3,0.7672659872148363,0.34689146142792665,0.0,1.6228652902983065,3
PushT,12,1,development_holdout,shared_metric,fidelity_constrained_latent_only,6,0.0,0.44293636426756877,1.0,1.8347331546359955,3
PushT,13,1,development_holdout,shared_metric,fidelity_constrained_latent_only,1,0.9488516591828323,0.28722878296424526,0.0,1.3253170644442112,3
PushT,13,1,development_holdout,shared_metric,fidelity_constrained_latent_only,3,0.20051600978623596,0.6996494773978089,0.0,1.0231567212076904,3
PushT,13,1,development_holdout,shared_metric,fidelity_constrained_latent_only,6,0.14151922091305738,0.596092352504443,0.0,1.6903568124742623,3
PushT,14,1,development_holdout,shared_metric,fidelity_constrained_latent_only,1,0.0,nan,1.0,0.0,3
PushT,14,1,development_holdout,shared_metric,fidelity_constrained_latent_only,3,0.8251746488970769,0.7969664468453349,0.0,0.9301608570606327,3
PushT,14,1,development_holdout,shared_metric,fidelity_constrained_latent_only,6,1.0,0.5725440924304779,0.0,2.0964630598568257,3
PushT,15,1,development_holdout,shared_metric,fidelity_constrained_latent_only,1,0.0,nan,1.0,0.0,3
PushT,15,1,development_holdout,shared_metric,fidelity_constrained_latent_only,3,1.0,0.5500968933488446,0.0,1.7910712902742982,3
PushT,15,1,development_holdout,shared_metric,fidelity_constrained_latent_only,6,1.0,0.5003165283641463,0.0,1.8012973106782357,3
PushT,16,2,development_holdout,shared_metric,fidelity_constrained_latent_only,1,0.0,0.9382774772403929,1.0,0.515339798298667,3
PushT,16,2,development_holdout,shared_metric,fidelity_constrained_latent_only,3,0.0,0.49918444526259503,1.0,1.7563554569574735,3
PushT,16,2,development_holdout,shared_metric,fidelity_constrained_latent_only,6,0.3324250360743422,0.42113267066172905,0.0,2.081453404656226,3
PushT,17,2,development_holdout,shared_metric,fidelity_constrained_latent_only,1,0.0,nan,1.0,0.0,3
PushT,17,2,development_holdout,shared_metric,fidelity_constrained_latent_only,3,0.0,0.8808266899905434,1.0,1.2277204255044047,3
PushT,17,2,development_holdout,shared_metric,fidelity_constrained_latent_only,6,0.0,0.7059586193997376,1.0,1.5532993282034182,3
PushT,18,2,development_holdout,shared_metric,fidelity_constrained_latent_only,1,0.0,nan,1.0,0.0,3
PushT,18,2,development_holdout,shared_metric,fidelity_constrained_latent_only,3,0.27850140655302486,0.7978797000218779,0.0,0.8772580739285578,3
PushT,18,2,development_holdout,shared_metric,fidelity_constrained_latent_only,6,0.31070236595182904,0.693310295863592,0.0,1.3276724289687811,3
PushT,19,2,development_holdout,shared_metric,fidelity_constrained_latent_only,1,1.0,0.663718250108563,0.0,1.0003083867538152,3
PushT,19,2,development_holdout,shared_metric,fidelity_constrained_latent_only,3,0.840133628508192,0.29097165681026566,0.0,1.630203102572505,3
PushT,19,2,development_holdout,shared_metric,fidelity_constrained_latent_only,6,0.8838632056446043,0.3135004702348218,0.0,1.9101997458321012,3
PushT,20,2,development_holdout,shared_metric,fidelity_constrained_latent_only,1,0.7957935685153475,0.3878691005837915,0.0,1.3201815514075548,3
PushT,20,2,development_holdout,shared_metric,fidelity_constrained_latent_only,3,0.9103992805710343,0.14126096124564044,0.0,2.234683844812006,3
PushT,20,2,development_holdout,shared_metric,fidelity_constrained_latent_only,6,0.43402262518488466,0.19007339820508298,0.0,2.128717973300955,3
PushT,21,2,development_holdout,shared_metric,fidelity_constrained_latent_only,1,0.0,nan,1.0,0.0,3
PushT,21,2,development_holdout,shared_metric,fidelity_constrained_latent_only,3,0.0,0.8408386150702413,1.0,0.8729856323346367,3
PushT,21,2,development_holdout,shared_metric,fidelity_constrained_latent_only,6,0.7230047574770261,0.7230904797889827,0.0,1.8783560187026016,3
PushT,22,2,development_holdout,shared_metric,fidelity_constrained_latent_only,1,0.0,1.0,1.0,0.8571302401373567,3
PushT,22,2,development_holdout,shared_metric,fidelity_constrained_latent_only,3,0.33162401120693175,0.4867571897597855,0.0,1.1063568483299322,3
PushT,22,2,development_holdout,shared_metric,fidelity_constrained_latent_only,6,1.0,0.44174873014987,0.0,1.6171399397012145,3
PushT,23,2,development_holdout,shared_metric,fidelity_constrained_latent_only,1,0.06271666156975347,0.9590858893175085,0.0,0.5260762683727958,3
PushT,23,2,development_holdout,shared_metric,fidelity_constrained_latent_only,3,1.0,0.37590515327484547,0.0,1.8227486157819381,3
PushT,23,2,development_holdout,shared_metric,fidelity_constrained_latent_only,6,0.01666363785413529,0.7121437258783959,0.0,1.3766855559182893,3
PushT,48,6,development_holdout,shared_metric,fidelity_constrained_latent_only,1,0.010481511777836317,0.8610955488305289,0.0,0.7433586262801782,3
PushT,48,6,development_holdout,shared_metric,fidelity_constrained_latent_only,3,0.0,0.9022011160720244,1.0,0.9909352515748134,3
PushT,48,6,development_holdout,shared_metric,fidelity_constrained_latent_only,6,0.02967654291736563,0.9166075291599541,0.0,1.735716979885547,3
PushT,49,6,development_holdout,shared_metric,fidelity_constrained_latent_only,1,0.021846463468537514,0.899598051733407,0.0,0.8464017595312633,3
PushT,49,6,development_holdout,shared_metric,fidelity_constrained_latent_only,3,0.0,0.9557487552841509,1.0,1.057406767240031,3
PushT,49,6,development_holdout,shared_metric,fidelity_constrained_latent_only,6,0.2652965997915153,0.6822423310270612,0.0,1.4479411368325563,3
PushT,50,6,development_holdout,shared_metric,fidelity_constrained_latent_only,1,0.932744916162424,0.34634443053900243,0.0,1.397075526183124,3
PushT,50,6,development_holdout,shared_metric,fidelity_constrained_latent_only,3,0.647103072586445,0.551313132436138,0.0,1.2974838661015655,3
PushT,50,6,development_holdout,shared_metric,fidelity_constrained_latent_only,6,0.11176022326401269,0.35958664331371715,0.0,1.8927064249842196,3
PushT,51,6,development_holdout,shared_metric,fidelity_constrained_latent_only,1,0.9865552978109585,0.03877260796317673,0.0,2.039404929767652,3
PushT,51,6,development_holdout,shared_metric,fidelity_constrained_latent_only,3,0.994431087932475,0.2677065045118297,0.0,1.615554461674788,3
PushT,51,6,development_holdout,shared_metric,fidelity_constrained_latent_only,6,0.8249736846311396,0.630724418878056,0.0,2.285225165588045,3
PushT,52,6,development_holdout,shared_metric,fidelity_constrained_latent_only,1,0.0,0.1111111111111111,1.0,1.9841127639327416,3
PushT,52,6,development_holdout,shared_metric,fidelity_constrained_latent_only,3,1.0,0.1724338603660297,0.0,1.9619146008536068,3
PushT,52,6,development_holdout,shared_metric,fidelity_constrained_latent_only,6,1.0,0.4228631971187156,0.0,1.8496181448265807,3
PushT,53,6,development_holdout,shared_metric,fidelity_constrained_latent_only,1,0.22071215478288175,0.8544961725264043,0.0,0.6553088944187947,3
PushT,53,6,development_holdout,shared_metric,fidelity_constrained_latent_only,3,0.4575965428879332,0.7215501535060683,0.0,1.4096932133545856,3
PushT,53,6,development_holdout,shared_metric,fidelity_constrained_latent_only,6,0.5314747869471632,0.5448972239318095,0.0,1.7318107294009843,3
PushT,54,6,development_holdout,shared_metric,fidelity_constrained_latent_only,1,1.0,0.39105482833599653,0.0,1.1601773190870486,3
PushT,54,6,development_holdout,shared_metric,fidelity_constrained_latent_only,3,0.0,0.942824530702613,1.0,0.43360343352029584,3
PushT,54,6,development_holdout,shared_metric,fidelity_constrained_latent_only,6,0.0,0.8643069311919492,1.0,1.6168144590872569,3
PushT,55,6,development_holdout,shared_metric,fidelity_constrained_latent_only,1,0.0,0.4444444444444444,1.0,1.280734030801079,3
PushT,55,6,development_holdout,shared_metric,fidelity_constrained_latent_only,3,0.0,0.6059810438538602,1.0,1.3187308779945646,3
PushT,55,6,development_holdout,shared_metric,fidelity_constrained_latent_only,6,0.15704590216781106,0.31853988982070164,0.0,2.967499387614605,3
PushT,8,1,development_holdout,goal_permuted_metric,fidelity_constrained_latent_only,1,0.17008683444848238,0.8230098471128718,0.0,0.8316865553237204,3
PushT,8,1,development_holdout,goal_permuted_metric,fidelity_constrained_latent_only,3,0.8974594425317869,0.2603439615992901,0.0,1.767869648162976,3
PushT,8,1,development_holdout,goal_permuted_metric,fidelity_constrained_latent_only,6,0.5781148528381919,0.5338036024954274,0.0,2.1405790882240705,3
PushT,9,1,development_holdout,goal_permuted_metric,fidelity_constrained_latent_only,1,0.0,0.862237548508613,1.0,0.929067144732339,3
PushT,9,1,development_holdout,goal_permuted_metric,fidelity_constrained_latent_only,3,0.2415867066316891,0.37108431155722005,0.0,1.6086128993007973,3
PushT,9,1,development_holdout,goal_permuted_metric,fidelity_constrained_latent_only,6,0.0838834477847104,0.8777548570049635,0.0,0.7954489345140479,3
PushT,10,1,development_holdout,goal_permuted_metric,fidelity_constrained_latent_only,1,0.12049358852617963,0.9776852565587911,0.0,0.3938658018817736,3
PushT,10,1,development_holdout,goal_permuted_metric,fidelity_constrained_latent_only,3,0.1030047197118212,0.7655684653473299,0.0,1.3286559661271438,3
PushT,10,1,development_holdout,goal_permuted_metric,fidelity_constrained_latent_only,6,0.0,0.5548383144575458,1.0,1.953303042873026,3
PushT,11,1,development_holdout,goal_permuted_metric,fidelity_constrained_latent_only,1,0.4133687889099497,0.24126344785635478,0.0,1.244196135642553,3
PushT,11,1,development_holdout,goal_permuted_metric,fidelity_constrained_latent_only,3,0.8520977403706133,0.20028964005455804,0.0,1.6764722275411186,3
PushT,11,1,development_holdout,goal_permuted_metric,fidelity_constrained_latent_only,6,0.24348642524200229,0.6257866077817406,0.0,1.6791709833787987,3
PushT,12,1,development_holdout,goal_permuted_metric,fidelity_constrained_latent_only,1,0.0,0.8574218065173875,1.0,1.2382238230644163,3
PushT,12,1,development_holdout,goal_permuted_metric,fidelity_constrained_latent_only,3,0.7672659872148363,0.33624849514235183,0.0,1.812931662180646,3
PushT,12,1,development_holdout,goal_permuted_metric,fidelity_constrained_latent_only,6,0.0,0.44819466285333864,1.0,1.9385519999919245,3
PushT,13,1,development_holdout,goal_permuted_metric,fidelity_constrained_latent_only,1,0.9488516591828323,0.18949760469213428,0.0,1.6237245611860942,3
PushT,13,1,development_holdout,goal_permuted_metric,fidelity_constrained_latent_only,3,0.20051600978623596,0.6743564940742033,0.0,1.346850869765472,3
PushT,13,1,development_holdout,goal_permuted_metric,fidelity_constrained_latent_only,6,0.12408774868526844,0.6633220483304991,0.0,2.0431343246400355,3
PushT,14,1,development_holdout,goal_permuted_metric,fidelity_constrained_latent_only,1,0.0,nan,1.0,0.0,3
PushT,14,1,development_holdout,goal_permuted_metric,fidelity_constrained_latent_only,3,0.8251746488970769,0.8362574257209975,0.0,0.8415361315312923,3
PushT,14,1,development_holdout,goal_permuted_metric,fidelity_constrained_latent_only,6,1.0,0.616782781936184,0.0,1.9877601652464154,3
PushT,15,1,development_holdout,goal_permuted_metric,fidelity_constrained_latent_only,1,0.0,nan,1.0,0.0,3
PushT,15,1,development_holdout,goal_permuted_metric,fidelity_constrained_latent_only,3,1.0,0.5559166104833673,0.0,1.756162402608763,3
PushT,15,1,development_holdout,goal_permuted_metric,fidelity_constrained_latent_only,6,1.0,0.41642185501883405,0.0,1.9605540937022912,3
PushT,16,2,development_holdout,goal_permuted_metric,fidelity_constrained_latent_only,1,0.07048233322040907,0.926821266598131,0.0,0.5988649169786648,3
PushT,16,2,development_holdout,goal_permuted_metric,fidelity_constrained_latent_only,3,0.0,0.5152491738354333,1.0,1.6818618797927585,3
PushT,16,2,development_holdout,goal_permuted_metric,fidelity_constrained_latent_only,6,0.3324250360743422,0.4488553229983878,0.0,1.97763767742604,3
PushT,17,2,development_holdout,goal_permuted_metric,fidelity_constrained_latent_only,1,0.0,nan,1.0,0.0,3
PushT,17,2,development_holdout,goal_permuted_metric,fidelity_constrained_latent_only,3,0.0,0.8516277175458153,1.0,1.3636542046332891,3
PushT,17,2,development_holdout,goal_permuted_metric,fidelity_constrained_latent_only,6,0.0,0.8138718904955127,1.0,1.5186167083003415,3
PushT,18,2,development_holdout,goal_permuted_metric,fidelity_constrained_latent_only,1,0.0,nan,1.0,0.0,3
PushT,18,2,development_holdout,goal_permuted_metric,fidelity_constrained_latent_only,3,0.27850140655302486,0.7515835232466445,0.0,0.9972114500163011,3
PushT,18,2,development_holdout,goal_permuted_metric,fidelity_constrained_latent_only,6,0.31070236595182904,0.6851813248218134,0.0,1.303855604558895,3
PushT,19,2,development_holdout,goal_permuted_metric,fidelity_constrained_latent_only,1,0.0,0.8193847707826575,1.0,0.8542506589698768,3
PushT,19,2,development_holdout,goal_permuted_metric,fidelity_constrained_latent_only,3,0.6720473664012866,0.3245750606556645,0.0,1.5395693684976102,3
PushT,19,2,development_holdout,goal_permuted_metric,fidelity_constrained_latent_only,6,0.8838632056446043,0.19944619916190723,0.0,1.8408041065263785,3
PushT,20,2,development_holdout,goal_permuted_metric,fidelity_constrained_latent_only,1,0.7957935685153475,0.5196932257973368,0.0,1.1276008521766865,3
PushT,20,2,development_holdout,goal_permuted_metric,fidelity_constrained_latent_only,3,0.9103992805710343,0.1600479501272619,0.0,2.2182448542651536,3
PushT,20,2,development_holdout,goal_permuted_metric,fidelity_constrained_latent_only,6,0.43402262518488466,0.29110216584967835,0.0,1.9596052201854615,3
PushT,21,2,development_holdout,goal_permuted_metric,fidelity_constrained_latent_only,1,0.0,nan,1.0,0.0,3
PushT,21,2,development_holdout,goal_permuted_metric,fidelity_constrained_latent_only,3,0.0,0.8593051725805916,1.0,0.8681922758784316,3
PushT,21,2,development_holdout,goal_permuted_metric,fidelity_constrained_latent_only,6,0.7230047574770261,0.7493243768856331,0.0,1.911812994308556,3
PushT,22,2,development_holdout,goal_permuted_metric,fidelity_constrained_latent_only,1,0.0,1.0,1.0,0.7542590106545162,3
PushT,22,2,development_holdout,goal_permuted_metric,fidelity_constrained_latent_only,3,0.33162401120693175,0.6405607768001889,0.0,1.0995077665242132,3
PushT,22,2,development_holdout,goal_permuted_metric,fidelity_constrained_latent_only,6,1.0,0.47495019800143917,0.0,1.5817879838864115,3
PushT,23,2,development_holdout,goal_permuted_metric,fidelity_constrained_latent_only,1,0.020457435985849055,0.948220636882584,0.0,0.7277354463233133,3
PushT,23,2,development_holdout,goal_permuted_metric,fidelity_constrained_latent_only,3,0.00801155301203528,0.6697964492288172,0.0,1.629019216572016,3
PushT,23,2,development_holdout,goal_permuted_metric,fidelity_constrained_latent_only,6,0.01666363785413529,0.939064076606345,0.0,1.3846748342830189,3
PushT,48,6,development_holdout,goal_permuted_metric,fidelity_constrained_latent_only,1,0.1041936294736157,0.9014787485310404,0.0,0.7339700776612593,3
PushT,48,6,development_holdout,goal_permuted_metric,fidelity_constrained_latent_only,3,0.03234753445760445,0.8788858188009557,0.6666666666666666,1.204136232153269,3
PushT,48,6,development_holdout,goal_permuted_metric,fidelity_constrained_latent_only,6,0.02967654291736563,0.8581450394948144,0.0,1.6789743304029265,3
PushT,49,6,development_holdout,goal_permuted_metric,fidelity_constrained_latent_only,1,0.021846463468537514,0.899598051733407,0.0,0.813199181101925,3
PushT,49,6,development_holdout,goal_permuted_metric,fidelity_constrained_latent_only,3,0.09255210046541218,0.7893469167519465,0.0,1.2337159346542854,3
PushT,49,6,development_holdout,goal_permuted_metric,fidelity_constrained_latent_only,6,0.2652965997915153,0.7771875190297283,0.0,1.3181208343407738,3
PushT,50,6,development_holdout,goal_permuted_metric,fidelity_constrained_latent_only,1,0.932744916162424,0.3509023635606969,0.0,1.5662095809276337,3
PushT,50,6,development_holdout,goal_permuted_metric,fidelity_constrained_latent_only,3,0.647103072586445,0.5366088029024427,0.0,1.2943343728412662,3
PushT,50,6,development_holdout,goal_permuted_metric,fidelity_constrained_latent_only,6,0.8845275437002303,0.31822719672869276,0.0,2.04009491580514,3
PushT,51,6,development_holdout,goal_permuted_metric,fidelity_constrained_latent_only,1,0.9865552978109585,0.15351757749046482,0.0,2.1693900525333873,3
PushT,51,6,development_holdout,goal_permuted_metric,fidelity_constrained_latent_only,3,0.994431087932475,0.2568012373530176,0.0,2.1513058774121716,3
PushT,51,6,development_holdout,goal_permuted_metric,fidelity_constrained_latent_only,6,0.8249736846311396,0.480265004135155,0.0,2.040755419408907,3
PushT,52,6,development_holdout,goal_permuted_metric,fidelity_constrained_latent_only,1,1.0,0.0,0.0,1.635941848937556,3
PushT,52,6,development_holdout,goal_permuted_metric,fidelity_constrained_latent_only,3,0.3477543489605677,0.247561410426107,0.0,1.497188912450626,3
PushT,52,6,development_holdout,goal_permuted_metric,fidelity_constrained_latent_only,6,1.0,0.4808105479604838,0.0,1.9412412327272641,3
PushT,53,6,development_holdout,goal_permuted_metric,fidelity_constrained_latent_only,1,0.22071215478288175,0.7899454511793905,0.0,0.854314492718944,3
PushT,53,6,development_holdout,goal_permuted_metric,fidelity_constrained_latent_only,3,0.4816284233788386,0.7050003618904865,0.0,1.0961642055573855,3
PushT,53,6,development_holdout,goal_permuted_metric,fidelity_constrained_latent_only,6,0.34805147160393507,0.44895434434151604,0.0,1.740175882994987,3
PushT,54,6,development_holdout,goal_permuted_metric,fidelity_constrained_latent_only,1,1.0,0.5995867558589041,0.0,1.103698893153897,3
PushT,54,6,development_holdout,goal_permuted_metric,fidelity_constrained_latent_only,3,0.23123939172671404,0.976295185473041,0.0,0.6622448768133163,3
PushT,54,6,development_holdout,goal_permuted_metric,fidelity_constrained_latent_only,6,0.0,0.9062766739741303,1.0,1.137217749817524,3
PushT,55,6,development_holdout,goal_permuted_metric,fidelity_constrained_latent_only,1,0.0,0.7777777777777778,1.0,1.3727052105077149,3
PushT,55,6,development_holdout,goal_permuted_metric,fidelity_constrained_latent_only,3,0.0,0.6470828078581458,1.0,1.314598237753506,3
PushT,55,6,development_holdout,goal_permuted_metric,fidelity_constrained_latent_only,6,1.0,0.18546541968473762,0.0,3.282590189802532,3
PushT,8,1,development_holdout,native_metric,fidelity_constrained_latent_only,1,0.01282478008355127,0.8882608281952827,0.0,0.9974332683296948,3
PushT,8,1,development_holdout,native_metric,fidelity_constrained_latent_only,3,0.0,0.6514399473549798,1.0,0.9647374825428381,3
PushT,8,1,development_holdout,native_metric,fidelity_constrained_latent_only,6,0.5781148528381919,0.22582231298718328,0.0,1.3261147970108313,3
PushT,9,1,development_holdout,native_metric,fidelity_constrained_latent_only,1,0.8274135674934154,0.010384531390538817,0.0,1.0066113691287941,3
PushT,9,1,development_holdout,native_metric,fidelity_constrained_latent_only,3,0.7286493483691098,0.10325797278400396,0.0,1.4984053346500517,3
PushT,9,1,development_holdout,native_metric,fidelity_constrained_latent_only,6,0.8502269524673544,0.26678889987299126,0.0,1.317687128955198,3
PushT,10,1,development_holdout,native_metric,fidelity_constrained_latent_only,1,0.12049358852617963,0.9787368933195569,0.0,0.9950629702557556,3
PushT,10,1,development_holdout,native_metric,fidelity_constrained_latent_only,3,0.6177998268323661,0.8061538045644067,0.0,0.8248798927301592,3
PushT,10,1,development_holdout,native_metric,fidelity_constrained_latent_only,6,0.6789019354624969,0.5283569538556676,0.0,1.0437678739757004,3
PushT,11,1,development_holdout,native_metric,fidelity_constrained_latent_only,1,0.49698986494663716,0.32932717087006264,0.0,1.0023749087640361,3
PushT,11,1,development_holdout,native_metric,fidelity_constrained_latent_only,3,0.0,0.406943190786347,1.0,1.1820325473213356,3
PushT,11,1,development_holdout,native_metric,fidelity_constrained_latent_only,6,1.0,0.29584552167991374,0.0,1.480010115150204,3
PushT,12,1,development_holdout,native_metric,fidelity_constrained_latent_only,1,0.15542731492732748,0.8939211199140308,0.0,0.9946963990426019,3
PushT,12,1,development_holdout,native_metric,fidelity_constrained_latent_only,3,0.0,0.5958407010353197,1.0,0.9278655189232395,3
PushT,12,1,development_holdout,native_metric,fidelity_constrained_latent_only,6,0.01885074951463251,0.6823948127241906,0.0,0.8688894245948707,3
PushT,13,1,development_holdout,native_metric,fidelity_constrained_latent_only,1,0.9488516591828323,0.13809115707252423,0.0,1.0027820515105221,3
PushT,13,1,development_holdout,native_metric,fidelity_constrained_latent_only,3,0.0161718104917741,0.7902372084566874,0.0,0.8114896837547363,3
PushT,13,1,development_holdout,native_metric,fidelity_constrained_latent_only,6,0.0,0.8860253256663309,1.0,0.7394624173375358,3
PushT,14,1,development_holdout,native_metric,fidelity_constrained_latent_only,1,0.0,nan,1.0,0.0,3
PushT,14,1,development_holdout,native_metric,fidelity_constrained_latent_only,3,0.2243991056814351,0.7470512008670623,0.0,0.9610873744846528,3
PushT,14,1,development_holdout,native_metric,fidelity_constrained_latent_only,6,0.10985312473301036,0.7226347359421629,0.0,0.8582564907260126,3
PushT,15,1,development_holdout,native_metric,fidelity_constrained_latent_only,1,0.0,nan,1.0,0.0,3
PushT,15,1,development_holdout,native_metric,fidelity_constrained_latent_only,3,0.0,0.8728815651574487,1.0,0.8742427246152543,3
PushT,15,1,development_holdout,native_metric,fidelity_constrained_latent_only,6,0.0,0.5915498942207866,1.0,1.0018440334806564,3
PushT,16,2,development_holdout,native_metric,fidelity_constrained_latent_only,1,0.04667333317829817,0.9759580478347364,0.0,0.995340525391372,3
PushT,16,2,development_holdout,native_metric,fidelity_constrained_latent_only,3,0.32628899571658077,0.734813749541899,0.0,0.8466073275456999,3
PushT,16,2,development_holdout,native_metric,fidelity_constrained_latent_only,6,0.0,0.5020079170827089,1.0,0.9766578815279633,3
PushT,17,2,development_holdout,native_metric,fidelity_constrained_latent_only,1,0.0,nan,1.0,0.0,3
PushT,17,2,development_holdout,native_metric,fidelity_constrained_latent_only,3,0.5789271149086822,0.5754669978947097,0.0,0.9676237986627411,3
PushT,17,2,development_holdout,native_metric,fidelity_constrained_latent_only,6,0.0,0.6955131079635546,1.0,0.8332897154269755,3
PushT,18,2,development_holdout,native_metric,fidelity_constrained_latent_only,1,0.0,nan,1.0,0.0,3
PushT,18,2,development_holdout,native_metric,fidelity_constrained_latent_only,3,0.4420148075900328,0.7492475583310808,0.0,0.9340518034136488,3
PushT,18,2,development_holdout,native_metric,fidelity_constrained_latent_only,6,1.0,0.4495795409412687,0.0,1.1453000624567604,3
PushT,19,2,development_holdout,native_metric,fidelity_constrained_latent_only,1,0.0,0.8904143487784285,1.0,0.9987310696742536,3
PushT,19,2,development_holdout,native_metric,fidelity_constrained_latent_only,3,0.0,0.9786737532318673,1.0,0.8587952879345281,3
PushT,19,2,development_holdout,native_metric,fidelity_constrained_latent_only,6,0.05206520357815755,0.7529317406830455,0.0,0.9118350715099032,3
PushT,20,2,development_holdout,native_metric,fidelity_constrained_latent_only,1,0.0,0.9806706627630625,1.0,0.9950011696563377,3
PushT,20,2,development_holdout,native_metric,fidelity_constrained_latent_only,3,0.06837919317243876,0.7947591779455888,0.0,0.9754166560560837,3
PushT,20,2,development_holdout,native_metric,fidelity_constrained_latent_only,6,1.0,0.1598567604023869,0.0,1.4407648746605315,3
PushT,21,2,development_holdout,native_metric,fidelity_constrained_latent_only,1,0.0,nan,1.0,0.0,3
PushT,21,2,development_holdout,native_metric,fidelity_constrained_latent_only,3,0.7585503102919223,0.5496936158269279,0.0,0.974230778709355,3
PushT,21,2,development_holdout,native_metric,fidelity_constrained_latent_only,6,0.0,0.7203268319355823,1.0,0.759365540532433,3
PushT,22,2,development_holdout,native_metric,fidelity_constrained_latent_only,1,1.0,0.1111111111111111,0.0,1.0012564888172448,3
PushT,22,2,development_holdout,native_metric,fidelity_constrained_latent_only,3,0.0,0.9032060641008308,1.0,0.9011987594738523,3
PushT,22,2,development_holdout,native_metric,fidelity_constrained_latent_only,6,1.0,0.6356313457675533,0.0,1.0949919443847727,3
PushT,23,2,development_holdout,native_metric,fidelity_constrained_latent_only,1,0.06271666156975347,0.5342011799486573,0.0,0.9976110437502995,3
PushT,23,2,development_holdout,native_metric,fidelity_constrained_latent_only,3,1.0,0.1850522766331024,0.0,1.1111554575128328,3
PushT,23,2,development_holdout,native_metric,fidelity_constrained_latent_only,6,0.01662600440501789,0.49380229153634847,0.0,1.025864461712071,3
PushT,48,6,development_holdout,native_metric,fidelity_constrained_latent_only,1,0.09012243500443963,0.9497636011387915,0.0,0.9935602847385404,3
PushT,48,6,development_holdout,native_metric,fidelity_constrained_latent_only,3,0.03292797551033872,0.8094523776068497,0.0,0.8685307682128043,3
PushT,48,6,development_holdout,native_metric,fidelity_constrained_latent_only,6,0.0,0.9131311431584099,1.0,0.7325531382134917,3
PushT,49,6,development_holdout,native_metric,fidelity_constrained_latent_only,1,1.0,0.18566602001709617,0.0,1.0016591647747897,3
PushT,49,6,development_holdout,native_metric,fidelity_constrained_latent_only,3,0.0,0.9036693536112518,1.0,0.6711193707200712,3
PushT,49,6,development_holdout,native_metric,fidelity_constrained_latent_only,6,0.0,0.8982370577500967,1.0,0.7597290685414321,3
PushT,50,6,development_holdout,native_metric,fidelity_constrained_latent_only,1,0.026574968337305327,0.8291348858725337,0.0,0.996326260291681,3
PushT,50,6,development_holdout,native_metric,fidelity_constrained_latent_only,3,0.0,0.9979207415198538,1.0,0.7514731491482114,3
PushT,50,6,development_holdout,native_metric,fidelity_constrained_latent_only,6,0.11176022326401269,0.9187857511986263,0.0,0.7669421666964599,3
PushT,51,6,development_holdout,native_metric,fidelity_constrained_latent_only,1,0.3905729249325504,0.8319792687884534,0.0,0.9981827017344367,3
PushT,51,6,development_holdout,native_metric,fidelity_constrained_latent_only,3,0.8329904504891642,0.39344060368000094,0.0,1.02227268679379,3
PushT,51,6,development_holdout,native_metric,fidelity_constrained_latent_only,6,0.8472560153227433,0.7687676149935504,0.0,0.9075693568561883,3
PushT,52,6,development_holdout,native_metric,fidelity_constrained_latent_only,1,0.0,0.7777777777777778,1.0,0.999596239771399,3
PushT,52,6,development_holdout,native_metric,fidelity_constrained_latent_only,3,0.3477543489605677,0.1922072476469473,0.0,1.059104215507545,3
PushT,52,6,development_holdout,native_metric,fidelity_constrained_latent_only,6,1.0,0.4127496191968014,0.0,1.1331845534301719,3
PushT,53,6,development_holdout,native_metric,fidelity_constrained_latent_only,1,0.0,0.5306560563967143,1.0,0.9998724090769334,3
PushT,53,6,development_holdout,native_metric,fidelity_constrained_latent_only,3,0.0,0.9856538405971085,1.0,0.552435420456772,3
PushT,53,6,development_holdout,native_metric,fidelity_constrained_latent_only,6,0.0,0.8505177723300528,1.0,0.771599699281234,3
PushT,54,6,development_holdout,native_metric,fidelity_constrained_latent_only,1,0.5144474869020803,0.8330901466770251,0.0,0.9977270598602278,3
PushT,54,6,development_holdout,native_metric,fidelity_constrained_latent_only,3,0.3056015488280241,0.7874085754631294,0.0,0.83082830065743,3
PushT,54,6,development_holdout,native_metric,fidelity_constrained_latent_only,6,0.0,0.8567130329659912,1.0,0.785437237345413,3
PushT,55,6,development_holdout,native_metric,fidelity_constrained_latent_only,1,1.0,0.0,0.0,1.001824794069537,3
PushT,55,6,development_holdout,native_metric,fidelity_constrained_latent_only,3,1.0,0.3198842288095905,0.0,1.1293462886068013,3
PushT,55,6,development_holdout,native_metric,fidelity_constrained_latent_only,6,1.0,0.3296789519744095,0.0,1.1313996198189082,3
PushT,8,1,development_holdout,shared_metric,fidelity_constrained_shuffled_geometry,1,0.08148739372120142,0.944256889007248,0.0,0.6134700208303068,3
PushT,8,1,development_holdout,shared_metric,fidelity_constrained_shuffled_geometry,3,0.8974594425317869,0.3062250687243864,0.0,1.353348604073486,3
PushT,8,1,development_holdout,shared_metric,fidelity_constrained_shuffled_geometry,6,0.45970054187215187,0.4234865504021841,0.0,1.4159584561505458,3
PushT,9,1,development_holdout,shared_metric,fidelity_constrained_shuffled_geometry,1,0.0,0.9896154686094611,1.0,0.7739600606855949,3
PushT,9,1,development_holdout,shared_metric,fidelity_constrained_shuffled_geometry,3,0.2415867066316891,0.11062802400942577,0.0,2.166891589772962,3
PushT,9,1,development_holdout,shared_metric,fidelity_constrained_shuffled_geometry,6,0.0838834477847104,0.7026024859417518,0.0,1.0664827929157947,3
PushT,10,1,development_holdout,shared_metric,fidelity_constrained_shuffled_geometry,1,0.12049358852617963,0.9770382023650086,0.0,0.30418728132054884,3
PushT,10,1,development_holdout,shared_metric,fidelity_constrained_shuffled_geometry,3,0.3299354494497642,0.7818563057312723,0.0,0.9619020945062617,3
PushT,10,1,development_holdout,shared_metric,fidelity_constrained_shuffled_geometry,6,0.0,0.6098033710994851,1.0,1.3807598394022473,3
PushT,11,1,development_holdout,shared_metric,fidelity_constrained_shuffled_geometry,1,0.4791335418268135,0.3974450476269209,0.0,1.2696329307705916,3
PushT,11,1,development_holdout,shared_metric,fidelity_constrained_shuffled_geometry,3,0.8520977403706133,0.4373829851300773,0.0,1.3758267066914802,3
PushT,11,1,development_holdout,shared_metric,fidelity_constrained_shuffled_geometry,6,0.45161440847964834,0.5618343416503925,0.0,1.3370076079000226,3
PushT,12,1,development_holdout,shared_metric,fidelity_constrained_shuffled_geometry,1,0.15542731492732748,0.8878649328998742,0.0,0.8543537433531769,3
PushT,12,1,development_holdout,shared_metric,fidelity_constrained_shuffled_geometry,3,0.7672659872148363,0.4470372399605053,0.0,1.4667809549413604,3
PushT,12,1,development_holdout,shared_metric,fidelity_constrained_shuffled_geometry,6,0.0,0.5571558078840049,1.0,1.5500557760155784,3
PushT,13,1,development_holdout,shared_metric,fidelity_constrained_shuffled_geometry,1,0.9488516591828323,0.5077593344526266,0.0,1.0959186940848784,3
PushT,13,1,development_holdout,shared_metric,fidelity_constrained_shuffled_geometry,3,0.17926331652403826,0.5957686447127549,0.0,0.9914017343444786,3
PushT,13,1,development_holdout,shared_metric,fidelity_constrained_shuffled_geometry,6,0.14151922091305738,0.7084859382168215,0.0,1.390730035315687,3
PushT,14,1,development_holdout,shared_metric,fidelity_constrained_shuffled_geometry,1,0.0,nan,1.0,0.0,3
PushT,14,1,development_holdout,shared_metric,fidelity_constrained_shuffled_geometry,3,0.8251746488970769,0.5871288811631011,0.0,1.007491563200577,3
PushT,14,1,development_holdout,shared_metric,fidelity_constrained_shuffled_geometry,6,1.0,0.39570176960410225,0.0,1.6811116740994982,3
PushT,15,1,development_holdout,shared_metric,fidelity_constrained_shuffled_geometry,1,0.0,nan,1.0,0.0,3
PushT,15,1,development_holdout,shared_metric,fidelity_constrained_shuffled_geometry,3,0.3147370809376674,0.43644975798355423,0.0,1.3566383565040703,3
PushT,15,1,development_holdout,shared_metric,fidelity_constrained_shuffled_geometry,6,1.0,0.42366307824561417,0.0,1.6922242850982727,3
PushT,16,2,development_holdout,shared_metric,fidelity_constrained_shuffled_geometry,1,0.0,0.9382774772403929,1.0,0.5642191228901521,3
PushT,16,2,development_holdout,shared_metric,fidelity_constrained_shuffled_geometry,3,0.0,0.5849952179784408,1.0,1.3674075514921424,3
PushT,16,2,development_holdout,shared_metric,fidelity_constrained_shuffled_geometry,6,0.7080360849048052,0.2713317706783059,0.0,2.1641638909999643,3
PushT,17,2,development_holdout,shared_metric,fidelity_constrained_shuffled_geometry,1,0.0,nan,1.0,0.0,3
PushT,17,2,development_holdout,shared_metric,fidelity_constrained_shuffled_geometry,3,0.0,0.8808266899905434,1.0,0.9763923740894697,3
PushT,17,2,development_holdout,shared_metric,fidelity_constrained_shuffled_geometry,6,0.0,0.6876898937494031,1.0,1.27523797445026,3
PushT,18,2,development_holdout,shared_metric,fidelity_constrained_shuffled_geometry,1,0.0,nan,1.0,0.0,3
PushT,18,2,development_holdout,shared_metric,fidelity_constrained_shuffled_geometry,3,0.27850140655302486,0.9258321209866373,0.0,0.6688397855151672,3
PushT,18,2,development_holdout,shared_metric,fidelity_constrained_shuffled_geometry,6,0.31070236595182904,0.8262728621985449,0.0,0.9255266358978319,3
PushT,19,2,development_holdout,shared_metric,fidelity_constrained_shuffled_geometry,1,1.0,0.5985411672040944,0.0,1.066650147500848,3
PushT,19,2,development_holdout,shared_metric,fidelity_constrained_shuffled_geometry,3,0.6720473664012866,0.3044818453173445,0.0,1.4167386296833415,3
PushT,19,2,development_holdout,shared_metric,fidelity_constrained_shuffled_geometry,6,0.8838632056446043,0.1921460521075642,0.0,1.5735742196176012,3
PushT,20,2,development_holdout,shared_metric,fidelity_constrained_shuffled_geometry,1,0.7957935685153475,0.5196932257973368,0.0,1.1659604104783607,3
PushT,20,2,development_holdout,shared_metric,fidelity_constrained_shuffled_geometry,3,0.9103992805710343,0.16128727683407815,0.0,2.0854459767989977,3
PushT,20,2,development_holdout,shared_metric,fidelity_constrained_shuffled_geometry,6,0.6226817501232564,0.23269451707273162,0.0,1.857532734513633,3
PushT,21,2,development_holdout,shared_metric,fidelity_constrained_shuffled_geometry,1,0.0,nan,1.0,0.0,3
PushT,21,2,development_holdout,shared_metric,fidelity_constrained_shuffled_geometry,3,0.0,0.8005751849825516,1.0,0.8191381426553352,3
PushT,21,2,development_holdout,shared_metric,fidelity_constrained_shuffled_geometry,6,0.0,0.8191247626838773,1.0,1.2676395218737466,3
PushT,22,2,development_holdout,shared_metric,fidelity_constrained_shuffled_geometry,1,0.0,1.0,1.0,0.8354048616963817,3
PushT,22,2,development_holdout,shared_metric,fidelity_constrained_shuffled_geometry,3,0.20404699406558513,0.6429253193815815,0.0,1.0508206574240158,3
PushT,22,2,development_holdout,shared_metric,fidelity_constrained_shuffled_geometry,6,1.0,0.3458810824144347,0.0,1.5346077838749963,3
PushT,23,2,development_holdout,shared_metric,fidelity_constrained_shuffled_geometry,1,0.020457435985849055,0.9614781251337353,0.0,0.4919819859871888,3
PushT,23,2,development_holdout,shared_metric,fidelity_constrained_shuffled_geometry,3,0.024561135581776677,0.527305772857017,0.0,1.4874852275414847,3
PushT,23,2,development_holdout,shared_metric,fidelity_constrained_shuffled_geometry,6,0.01666363785413529,0.8416410694805788,0.0,0.9909952135857477,3
PushT,48,6,development_holdout,shared_metric,fidelity_constrained_shuffled_geometry,1,0.010481511777836317,0.9069351949198164,0.0,0.6726797837066547,3
PushT,48,6,development_holdout,shared_metric,fidelity_constrained_shuffled_geometry,3,0.0,0.9359003083129461,1.0,0.8210842467741486,3
PushT,48,6,development_holdout,shared_metric,fidelity_constrained_shuffled_geometry,6,0.02967654291736563,0.9090526583531111,0.0,1.3598755667706008,3
PushT,49,6,development_holdout,shared_metric,fidelity_constrained_shuffled_geometry,1,0.021846463468537514,0.8863844802068126,0.0,0.7196358223034162,3
PushT,49,6,development_holdout,shared_metric,fidelity_constrained_shuffled_geometry,3,0.09255210046541218,0.9353443914385259,0.0,0.8491809087873716,3
PushT,49,6,development_holdout,shared_metric,fidelity_constrained_shuffled_geometry,6,0.2652965997915153,0.7278621899712255,0.0,1.3534327863013822,3
PushT,50,6,development_holdout,shared_metric,fidelity_constrained_shuffled_geometry,1,0.932744916162424,0.3356835333200892,0.0,1.2679526174418996,3
PushT,50,6,development_holdout,shared_metric,fidelity_constrained_shuffled_geometry,3,0.647103072586445,0.547766477717797,0.0,1.0248103909150408,3
PushT,50,6,development_holdout,shared_metric,fidelity_constrained_shuffled_geometry,6,0.11176022326401269,0.7225472594582385,0.0,0.9895717243184636,3
PushT,51,6,development_holdout,shared_metric,fidelity_constrained_shuffled_geometry,1,0.9554286882056121,0.019059395032681833,0.0,1.8605656137391886,3
PushT,51,6,development_holdout,shared_metric,fidelity_constrained_shuffled_geometry,3,0.994431087932475,0.4857189427226776,0.0,1.3784150813035119,3
PushT,51,6,development_holdout,shared_metric,fidelity_constrained_shuffled_geometry,6,0.8249736846311396,0.48093989314147495,0.0,1.874958843471882,3
PushT,52,6,development_holdout,shared_metric,fidelity_constrained_shuffled_geometry,1,0.0,0.1111111111111111,1.0,1.8872817413139689,3
PushT,52,6,development_holdout,shared_metric,fidelity_constrained_shuffled_geometry,3,0.3477543489605677,0.1685779428991315,0.0,1.7058657865827362,3
PushT,52,6,development_holdout,shared_metric,fidelity_constrained_shuffled_geometry,6,0.42587558645902696,0.5047551860681859,0.0,1.5823720712899352,3
PushT,53,6,development_holdout,shared_metric,fidelity_constrained_shuffled_geometry,1,0.22071215478288175,0.813599162648606,0.0,0.8041773912893454,3
PushT,53,6,development_holdout,shared_metric,fidelity_constrained_shuffled_geometry,3,0.0,0.9387469081921576,1.0,1.1948417393459525,3
PushT,53,6,development_holdout,shared_metric,fidelity_constrained_shuffled_geometry,6,0.5314747869471632,0.5445650261258012,0.0,1.804588282735864,3
PushT,54,6,development_holdout,shared_metric,fidelity_constrained_shuffled_geometry,1,0.274829989886387,0.3026484738591249,0.0,1.0686525595346401,3
PushT,54,6,development_holdout,shared_metric,fidelity_constrained_shuffled_geometry,3,0.0,0.9841811262346627,1.0,0.4049074662427025,3
PushT,54,6,development_holdout,shared_metric,fidelity_constrained_shuffled_geometry,6,0.0,0.828266587090157,1.0,1.5236317515845332,3
PushT,55,6,development_holdout,shared_metric,fidelity_constrained_shuffled_geometry,1,0.0,0.7777777777777778,1.0,1.2082571396277715,3
PushT,55,6,development_holdout,shared_metric,fidelity_constrained_shuffled_geometry,3,0.0,0.6859842089933116,1.0,1.3651583960034703,3
PushT,55,6,development_holdout,shared_metric,fidelity_constrained_shuffled_geometry,6,1.0,0.1859226292178353,0.0,2.5793689134827633,3
PushT,8,1,development_holdout,goal_permuted_metric,fidelity_constrained_shuffled_geometry,1,0.08148739372120142,0.7150494927288178,0.0,0.9191267016813063,3
PushT,8,1,development_holdout,goal_permuted_metric,fidelity_constrained_shuffled_geometry,3,0.8974594425317869,0.2866051714426872,0.0,1.56979695691112,3
PushT,8,1,development_holdout,goal_permuted_metric,fidelity_constrained_shuffled_geometry,6,0.22287191994007186,0.6337769771002034,0.0,1.7211558701056842,3
PushT,9,1,development_holdout,goal_permuted_metric,fidelity_constrained_shuffled_geometry,1,0.0,0.9340172878113369,1.0,0.7393779667753039,3
PushT,9,1,development_holdout,goal_permuted_metric,fidelity_constrained_shuffled_geometry,3,0.2415867066316891,0.5928393651434686,0.0,1.1489986638253729,3
PushT,9,1,development_holdout,goal_permuted_metric,fidelity_constrained_shuffled_geometry,6,0.0838834477847104,0.935211657357354,0.0,0.5764915954225452,3
PushT,10,1,development_holdout,goal_permuted_metric,fidelity_constrained_shuffled_geometry,1,0.0,0.9940596325007595,1.0,0.28456573158196524,3
PushT,10,1,development_holdout,goal_permuted_metric,fidelity_constrained_shuffled_geometry,3,0.03433490657060707,0.7765687230761656,0.6666666666666666,1.0240213146118473,3
PushT,10,1,development_holdout,goal_permuted_metric,fidelity_constrained_shuffled_geometry,6,0.0,0.5752058398145145,1.0,1.7027711252283761,3
PushT,11,1,development_holdout,goal_permuted_metric,fidelity_constrained_shuffled_geometry,1,0.4572119575211922,0.5257862890125192,0.0,1.121975265252877,3
PushT,11,1,development_holdout,goal_permuted_metric,fidelity_constrained_shuffled_geometry,3,0.8520977403706133,0.3052917703754486,0.0,1.4520734168278155,3
PushT,11,1,development_holdout,goal_permuted_metric,fidelity_constrained_shuffled_geometry,6,0.45161440847964834,0.727723221115156,0.0,1.261169929403668,3
PushT,12,1,development_holdout,goal_permuted_metric,fidelity_constrained_shuffled_geometry,1,0.0,0.8574218065173875,1.0,1.1557166350018777,3
PushT,12,1,development_holdout,goal_permuted_metric,fidelity_constrained_shuffled_geometry,3,0.7672659872148363,0.5150418744790749,0.0,1.6063821016865447,3
PushT,12,1,development_holdout,goal_permuted_metric,fidelity_constrained_shuffled_geometry,6,0.30315269442911547,0.47776273962223703,0.0,1.7251811843237397,3
PushT,13,1,development_holdout,goal_permuted_metric,fidelity_constrained_shuffled_geometry,1,0.9488516591828323,0.3796679933026487,0.0,1.3599405005888192,3
PushT,13,1,development_holdout,goal_permuted_metric,fidelity_constrained_shuffled_geometry,3,0.20051600978623596,0.6363870335863702,0.0,1.2342561626676611,3
PushT,13,1,development_holdout,goal_permuted_metric,fidelity_constrained_shuffled_geometry,6,0.12408774868526844,0.7128153621538104,0.0,1.6227633797112666,3
PushT,14,1,development_holdout,goal_permuted_metric,fidelity_constrained_shuffled_geometry,1,0.0,nan,1.0,0.0,3
PushT,14,1,development_holdout,goal_permuted_metric,fidelity_constrained_shuffled_geometry,3,0.8251746488970769,0.5933303992938295,0.0,1.0431812410690282,3
PushT,14,1,development_holdout,goal_permuted_metric,fidelity_constrained_shuffled_geometry,6,0.6613100224309214,0.5560449604060665,0.0,1.5424894050407474,3
PushT,15,1,development_holdout,goal_permuted_metric,fidelity_constrained_shuffled_geometry,1,0.0,nan,1.0,0.0,3
PushT,15,1,development_holdout,goal_permuted_metric,fidelity_constrained_shuffled_geometry,3,1.0,0.4006065782457519,0.0,1.3823949091714163,3
PushT,15,1,development_holdout,goal_permuted_metric,fidelity_constrained_shuffled_geometry,6,1.0,0.24696410907479152,0.0,1.7643263636767397,3
PushT,16,2,development_holdout,goal_permuted_metric,fidelity_constrained_shuffled_geometry,1,0.07048233322040907,0.926821266598131,0.0,0.6241205368311579,3
PushT,16,2,development_holdout,goal_permuted_metric,fidelity_constrained_shuffled_geometry,3,0.0,0.5516410120629797,1.0,1.4433994831803296,3
PushT,16,2,development_holdout,goal_permuted_metric,fidelity_constrained_shuffled_geometry,6,0.3324250360743422,0.2620626818705325,0.0,2.0733352036922583,3
PushT,17,2,development_holdout,goal_permuted_metric,fidelity_constrained_shuffled_geometry,1,0.0,nan,1.0,0.0,3
PushT,17,2,development_holdout,goal_permuted_metric,fidelity_constrained_shuffled_geometry,3,0.0,0.8342347925497786,1.0,1.073801538860737,3
PushT,17,2,development_holdout,goal_permuted_metric,fidelity_constrained_shuffled_geometry,6,0.0,0.7102045812190553,1.0,1.3302400370034728,3
PushT,18,2,development_holdout,goal_permuted_metric,fidelity_constrained_shuffled_geometry,1,0.0,nan,1.0,0.0,3
PushT,18,2,development_holdout,goal_permuted_metric,fidelity_constrained_shuffled_geometry,3,0.27850140655302486,0.8905379188719258,0.0,0.8704598953027595,3
PushT,18,2,development_holdout,goal_permuted_metric,fidelity_constrained_shuffled_geometry,6,0.31070236595182904,0.7816047723210447,0.0,0.880510838839417,3
PushT,19,2,development_holdout,goal_permuted_metric,fidelity_constrained_shuffled_geometry,1,1.0,0.6938813960317716,0.0,0.9884335369257538,3
PushT,19,2,development_holdout,goal_permuted_metric,fidelity_constrained_shuffled_geometry,3,0.6720473664012866,0.3061980954500733,0.0,1.3423414726513299,3
PushT,19,2,development_holdout,goal_permuted_metric,fidelity_constrained_shuffled_geometry,6,0.8838632056446043,0.16776094002005326,0.0,1.6953787417167865,3
PushT,20,2,development_holdout,goal_permuted_metric,fidelity_constrained_shuffled_geometry,1,0.4645196354936518,0.6333983842690109,0.0,1.008024291329159,3
PushT,20,2,development_holdout,goal_permuted_metric,fidelity_constrained_shuffled_geometry,3,0.9103992805710343,0.23190586538641214,0.0,2.0838657005016463,3
PushT,20,2,development_holdout,goal_permuted_metric,fidelity_constrained_shuffled_geometry,6,0.1953008887270741,0.3563849533904839,0.0,1.6543532538922971,3
PushT,21,2,development_holdout,goal_permuted_metric,fidelity_constrained_shuffled_geometry,1,0.0,nan,1.0,0.0,3
PushT,21,2,development_holdout,goal_permuted_metric,fidelity_constrained_shuffled_geometry,3,0.6588348079990693,0.8494292487908885,0.0,0.7633335726264429,3
PushT,21,2,development_holdout,goal_permuted_metric,fidelity_constrained_shuffled_geometry,6,0.0,0.8383044279224604,1.0,1.2537117287055286,3
PushT,22,2,development_holdout,goal_permuted_metric,fidelity_constrained_shuffled_geometry,1,0.0,1.0,1.0,0.780409289109124,3
PushT,22,2,development_holdout,goal_permuted_metric,fidelity_constrained_shuffled_geometry,3,0.33162401120693175,0.7282395377339693,0.0,1.0357925935071546,3
PushT,22,2,development_holdout,goal_permuted_metric,fidelity_constrained_shuffled_geometry,6,1.0,0.41739556129227773,0.0,1.4967576709775334,3
PushT,23,2,development_holdout,goal_permuted_metric,fidelity_constrained_shuffled_geometry,1,0.020457435985849055,0.948220636882584,0.0,0.5780819876124125,3
PushT,23,2,development_holdout,goal_permuted_metric,fidelity_constrained_shuffled_geometry,3,0.00801155301203528,0.6155438866683521,0.0,1.408505261646546,3
PushT,23,2,development_holdout,goal_permuted_metric,fidelity_constrained_shuffled_geometry,6,0.01666363785413529,0.9516673803994539,0.0,1.0080511238310252,3
PushT,48,6,development_holdout,goal_permuted_metric,fidelity_constrained_shuffled_geometry,1,0.010481511777836317,0.9069351949198164,0.0,0.6619918541627342,3
PushT,48,6,development_holdout,goal_permuted_metric,fidelity_constrained_shuffled_geometry,3,0.35345278602116265,0.919045181353758,0.0,0.9777382112201262,3
PushT,48,6,development_holdout,goal_permuted_metric,fidelity_constrained_shuffled_geometry,6,0.02967654291736563,0.915405644993691,0.0,1.317380117347102,3
PushT,49,6,development_holdout,goal_permuted_metric,fidelity_constrained_shuffled_geometry,1,0.021846463468537514,0.899598051733407,0.0,0.6448507045240185,3
PushT,49,6,development_holdout,goal_permuted_metric,fidelity_constrained_shuffled_geometry,3,0.09255210046541218,0.9220320924998475,0.0,0.8602700841801186,3
PushT,49,6,development_holdout,goal_permuted_metric,fidelity_constrained_shuffled_geometry,6,0.2652965997915153,0.6575999200831402,0.0,1.2284461913650535,3
PushT,50,6,development_holdout,goal_permuted_metric,fidelity_constrained_shuffled_geometry,1,0.932744916162424,0.3509023635606969,0.0,1.4631987291478021,3
PushT,50,6,development_holdout,goal_permuted_metric,fidelity_constrained_shuffled_geometry,3,0.647103072586445,0.5817068248348274,0.0,1.028796311624065,3
PushT,50,6,development_holdout,goal_permuted_metric,fidelity_constrained_shuffled_geometry,6,0.8845275437002303,0.6433857048279125,0.0,1.2346879809130302,3
PushT,51,6,development_holdout,goal_permuted_metric,fidelity_constrained_shuffled_geometry,1,0.9658042247407276,0.039910664759216896,0.0,1.9673754923335434,3
PushT,51,6,development_holdout,goal_permuted_metric,fidelity_constrained_shuffled_geometry,3,0.994431087932475,0.35020216630075046,0.0,1.8164438777809584,3
PushT,51,6,development_holdout,goal_permuted_metric,fidelity_constrained_shuffled_geometry,6,0.8249736846311396,0.3900119821741166,0.0,1.8581897933017721,3
PushT,52,6,development_holdout,goal_permuted_metric,fidelity_constrained_shuffled_geometry,1,0.0,0.1111111111111111,1.0,1.5894262364121934,3
PushT,52,6,development_holdout,goal_permuted_metric,fidelity_constrained_shuffled_geometry,3,0.3477543489605677,0.2215398537815236,0.0,1.303134655872015,3
PushT,52,6,development_holdout,goal_permuted_metric,fidelity_constrained_shuffled_geometry,6,0.6172503909726846,0.5723139177669415,0.0,1.6022931390130137,3
PushT,53,6,development_holdout,goal_permuted_metric,fidelity_constrained_shuffled_geometry,1,0.22071215478288175,0.7500544292005676,0.0,0.9855195954448593,3
PushT,53,6,development_holdout,goal_permuted_metric,fidelity_constrained_shuffled_geometry,3,0.0,0.8456541060625574,1.0,0.8877565301974171,3
PushT,53,6,development_holdout,goal_permuted_metric,fidelity_constrained_shuffled_geometry,6,0.5314747869471632,0.5266185673333849,0.0,1.8144318638812118,3
PushT,54,6,development_holdout,goal_permuted_metric,fidelity_constrained_shuffled_geometry,1,0.5165533265909247,0.5978300543679586,0.0,1.0044321650903745,3
PushT,54,6,development_holdout,goal_permuted_metric,fidelity_constrained_shuffled_geometry,3,0.0,0.9800967342545336,1.0,0.5562664402856384,3
PushT,54,6,development_holdout,goal_permuted_metric,fidelity_constrained_shuffled_geometry,6,0.0,0.8324133202275309,1.0,1.2067932422919736,3
PushT,55,6,development_holdout,goal_permuted_metric,fidelity_constrained_shuffled_geometry,1,0.0,0.7777777777777778,1.0,1.2813569963703253,3
PushT,55,6,development_holdout,goal_permuted_metric,fidelity_constrained_shuffled_geometry,3,0.0,0.6572868946481267,1.0,1.4010251688642035,3
PushT,55,6,development_holdout,goal_permuted_metric,fidelity_constrained_shuffled_geometry,6,1.0,0.16879863136734793,0.0,2.7980980236372717,3
PushT,8,1,development_holdout,native_metric,fidelity_constrained_shuffled_geometry,1,0.01282478008355127,0.8882608281952827,0.0,0.997669726972617,3
PushT,8,1,development_holdout,native_metric,fidelity_constrained_shuffled_geometry,3,0.0,0.6348420608774733,1.0,0.9434352714281723,3
PushT,8,1,development_holdout,native_metric,fidelity_constrained_shuffled_geometry,6,0.5781148528381919,0.16829630476037902,0.0,1.3111681050306088,3
PushT,9,1,development_holdout,native_metric,fidelity_constrained_shuffled_geometry,1,0.8274135674934154,0.010384531390538817,0.0,1.0047155466916635,3
PushT,9,1,development_holdout,native_metric,fidelity_constrained_shuffled_geometry,3,0.7286493483691098,0.11398587236780429,0.0,1.4197503573399253,3
PushT,9,1,development_holdout,native_metric,fidelity_constrained_shuffled_geometry,6,0.8502269524673544,0.27570954715753143,0.0,1.2659165703445583,3
PushT,10,1,development_holdout,native_metric,fidelity_constrained_shuffled_geometry,1,0.12049358852617963,0.9732011083872997,0.0,0.9955280642971526,3
PushT,10,1,development_holdout,native_metric,fidelity_constrained_shuffled_geometry,3,0.6177998268323661,0.7957491777340341,0.0,0.855579399534891,3
PushT,10,1,development_holdout,native_metric,fidelity_constrained_shuffled_geometry,6,0.0,0.5594500420227648,1.0,1.0093033370203297,3
PushT,11,1,development_holdout,native_metric,fidelity_constrained_shuffled_geometry,1,0.49698986494663716,0.4928671886083223,0.0,1.0010160860212893,3
PushT,11,1,development_holdout,native_metric,fidelity_constrained_shuffled_geometry,3,0.6743631771803672,0.3679719865328164,0.0,1.15262803141688,3
PushT,11,1,development_holdout,native_metric,fidelity_constrained_shuffled_geometry,6,0.3333333333333333,0.3638441119563618,0.6666666666666666,1.365514103429765,3
PushT,12,1,development_holdout,native_metric,fidelity_constrained_shuffled_geometry,1,0.15542731492732748,0.8939211199140308,0.0,0.9952842239833397,3
PushT,12,1,development_holdout,native_metric,fidelity_constrained_shuffled_geometry,3,0.0,0.6062040935107881,1.0,0.9762564596865588,3
PushT,12,1,development_holdout,native_metric,fidelity_constrained_shuffled_geometry,6,0.01885074951463251,0.7705751092902791,0.0,0.8237116057853643,3
PushT,13,1,development_holdout,native_metric,fidelity_constrained_shuffled_geometry,1,0.9488516591828323,0.18913363626857618,0.0,1.0021571503632185,3
PushT,13,1,development_holdout,native_metric,fidelity_constrained_shuffled_geometry,3,0.0161718104917741,0.7850071292209969,0.0,0.8688792868463362,3
PushT,13,1,development_holdout,native_metric,fidelity_constrained_shuffled_geometry,6,0.0,0.8860253256663309,1.0,0.7432543753171291,3
PushT,14,1,development_holdout,native_metric,fidelity_constrained_shuffled_geometry,1,0.0,nan,1.0,0.0,3
PushT,14,1,development_holdout,native_metric,fidelity_constrained_shuffled_geometry,3,0.2243991056814351,0.7933240616478884,0.0,0.9750358687981366,3
PushT,14,1,development_holdout,native_metric,fidelity_constrained_shuffled_geometry,6,0.10985312473301036,0.6977237913087923,0.0,0.8444678981277519,3
PushT,15,1,development_holdout,native_metric,fidelity_constrained_shuffled_geometry,1,0.0,nan,1.0,0.0,3
PushT,15,1,development_holdout,native_metric,fidelity_constrained_shuffled_geometry,3,0.0,0.8728815651574487,1.0,0.8457156475682576,3
PushT,15,1,development_holdout,native_metric,fidelity_constrained_shuffled_geometry,6,0.0,0.5872889745468005,1.0,0.9883642909546878,3
PushT,16,2,development_holdout,native_metric,fidelity_constrained_shuffled_geometry,1,0.04667333317829817,0.9759580478347364,0.0,0.9960625358765097,3
PushT,16,2,development_holdout,native_metric,fidelity_constrained_shuffled_geometry,3,0.0,0.7533667454612822,1.0,0.8656494108434801,3
PushT,16,2,development_holdout,native_metric,fidelity_constrained_shuffled_geometry,6,0.0,0.42063542573895546,1.0,0.96838034396912,3
PushT,17,2,development_holdout,native_metric,fidelity_constrained_shuffled_geometry,1,0.0,nan,1.0,0.0,3
PushT,17,2,development_holdout,native_metric,fidelity_constrained_shuffled_geometry,3,0.5789271149086822,0.5754669978947097,0.0,1.011609277965907,3
PushT,17,2,development_holdout,native_metric,fidelity_constrained_shuffled_geometry,6,0.0,0.7513638268287729,1.0,0.7910727440325694,3
PushT,18,2,development_holdout,native_metric,fidelity_constrained_shuffled_geometry,1,0.0,nan,1.0,0.0,3
PushT,18,2,development_holdout,native_metric,fidelity_constrained_shuffled_geometry,3,0.4420148075900328,0.7889615842867953,0.0,0.9183526718032322,3
PushT,18,2,development_holdout,native_metric,fidelity_constrained_shuffled_geometry,6,1.0,0.4313334601621576,0.0,1.126123932669315,3
PushT,19,2,development_holdout,native_metric,fidelity_constrained_shuffled_geometry,1,0.0,0.883968134000689,1.0,0.9992056396910952,3
PushT,19,2,development_holdout,native_metric,fidelity_constrained_shuffled_geometry,3,0.0,0.9660699045877529,1.0,0.8976874577869358,3
PushT,19,2,development_holdout,native_metric,fidelity_constrained_shuffled_geometry,6,0.05206520357815755,0.7588362377497374,0.0,0.9013834979134532,3
PushT,20,2,development_holdout,native_metric,fidelity_constrained_shuffled_geometry,1,0.071849549171498,0.986655824760997,0.0,0.995669162648055,3
PushT,20,2,development_holdout,native_metric,fidelity_constrained_shuffled_geometry,3,0.06837919317243876,0.8052101366498173,0.0,0.960004202623169,3
PushT,20,2,development_holdout,native_metric,fidelity_constrained_shuffled_geometry,6,1.0,0.1598567604023869,0.0,1.3716562840366653,3
PushT,21,2,development_holdout,native_metric,fidelity_constrained_shuffled_geometry,1,0.0,nan,1.0,0.0,3
PushT,21,2,development_holdout,native_metric,fidelity_constrained_shuffled_geometry,3,0.7585503102919223,0.5440831906538394,0.0,0.9934711024904993,3
PushT,21,2,development_holdout,native_metric,fidelity_constrained_shuffled_geometry,6,0.0,0.6735199997101687,1.0,0.7609874064618637,3
PushT,22,2,development_holdout,native_metric,fidelity_constrained_shuffled_geometry,1,1.0,0.1111111111111111,0.0,1.0014545568826112,3
PushT,22,2,development_holdout,native_metric,fidelity_constrained_shuffled_geometry,3,0.0,0.9312661926282138,1.0,0.9018292891886505,3
PushT,22,2,development_holdout,native_metric,fidelity_constrained_shuffled_geometry,6,1.0,0.6411414206608341,0.0,1.090560310684725,3
PushT,23,2,development_holdout,native_metric,fidelity_constrained_shuffled_geometry,1,0.06271666156975347,0.7584436892769594,0.0,0.9965895295401973,3
PushT,23,2,development_holdout,native_metric,fidelity_constrained_shuffled_geometry,3,1.0,0.23945179147192727,0.0,1.0870536642954534,3
PushT,23,2,development_holdout,native_metric,fidelity_constrained_shuffled_geometry,6,0.01662600440501789,0.7815185015267119,0.0,0.926356145500423,3
PushT,48,6,development_holdout,native_metric,fidelity_constrained_shuffled_geometry,1,0.09012243500443963,0.810178414751418,0.0,0.9951364071883817,3
PushT,48,6,development_holdout,native_metric,fidelity_constrained_shuffled_geometry,3,0.03292797551033872,0.8026387496899144,0.0,0.8881615618520761,3
PushT,48,6,development_holdout,native_metric,fidelity_constrained_shuffled_geometry,6,0.0,0.915825899929403,1.0,0.7651204430189643,3
PushT,49,6,development_holdout,native_metric,fidelity_constrained_shuffled_geometry,1,1.0,0.13412564757695916,0.0,1.0020373435214562,3
PushT,49,6,development_holdout,native_metric,fidelity_constrained_shuffled_geometry,3,0.0,0.9036693536112518,1.0,0.6995334252335232,3
PushT,49,6,development_holdout,native_metric,fidelity_constrained_shuffled_geometry,6,0.0,0.9049084046378857,1.0,0.762202712940811,3
PushT,50,6,development_holdout,native_metric,fidelity_constrained_shuffled_geometry,1,0.026574968337305327,0.8664028777287549,0.0,0.9969882906925104,3
PushT,50,6,development_holdout,native_metric,fidelity_constrained_shuffled_geometry,3,0.0,0.9979207415198538,1.0,0.773496890904333,3
PushT,50,6,development_holdout,native_metric,fidelity_constrained_shuffled_geometry,6,0.0372534077546709,0.9052956458350199,0.6666666666666666,0.7722805731329134,3
PushT,51,6,development_holdout,native_metric,fidelity_constrained_shuffled_geometry,1,0.3905729249325504,0.9026888708165718,0.0,0.9982609388950712,3
PushT,51,6,development_holdout,native_metric,fidelity_constrained_shuffled_geometry,3,0.8825063592265562,0.2758672335515973,0.0,1.0474688076599814,3
PushT,51,6,development_holdout,native_metric,fidelity_constrained_shuffled_geometry,6,0.8472560153227433,0.8212662601127926,0.0,0.9092089197247061,3
PushT,52,6,development_holdout,native_metric,fidelity_constrained_shuffled_geometry,1,0.0,0.8888888888888888,1.0,0.9990584938680391,3
PushT,52,6,development_holdout,native_metric,fidelity_constrained_shuffled_geometry,3,0.13522847553569003,0.2420018107698915,0.0,1.040212177288714,3
PushT,52,6,development_holdout,native_metric,fidelity_constrained_shuffled_geometry,6,1.0,0.38227624011187483,0.0,1.0812521762425484,3
PushT,53,6,development_holdout,native_metric,fidelity_constrained_shuffled_geometry,1,0.0,0.5510440227703827,1.0,0.9994020096073424,3
PushT,53,6,development_holdout,native_metric,fidelity_constrained_shuffled_geometry,3,0.0,0.9698544596009091,1.0,0.5887490380087236,3
PushT,53,6,development_holdout,native_metric,fidelity_constrained_shuffled_geometry,6,0.0,0.9087030820881745,1.0,0.7843277320288179,3
PushT,54,6,development_holdout,native_metric,fidelity_constrained_shuffled_geometry,1,0.37729312451095054,0.8779012022018294,0.0,0.9977921649399489,3
PushT,54,6,development_holdout,native_metric,fidelity_constrained_shuffled_geometry,3,0.3056015488280241,0.8096293087087817,0.0,0.8597990495132438,3
PushT,54,6,development_holdout,native_metric,fidelity_constrained_shuffled_geometry,6,0.0,0.7039152279964398,1.0,0.8336482643506219,3
PushT,55,6,development_holdout,native_metric,fidelity_constrained_shuffled_geometry,1,1.0,0.0,0.0,1.0012861316350088,3
PushT,55,6,development_holdout,native_metric,fidelity_constrained_shuffled_geometry,3,1.0,0.3443515876536212,0.0,1.1232142309659785,3
PushT,55,6,development_holdout,native_metric,fidelity_constrained_shuffled_geometry,6,1.0,0.3132787488924417,0.0,1.1275028015074533,3
PushT,8,1,development_holdout,shared_metric,fidelity_constrained_matched_geometry,1,0.08148739372120142,0.9181988429885252,0.0,0.5663675396691678,3
PushT,8,1,development_holdout,shared_metric,fidelity_constrained_matched_geometry,3,0.8974594425317869,0.27744664837455235,0.0,1.339550370067314,3
PushT,8,1,development_holdout,shared_metric,fidelity_constrained_matched_geometry,6,0.5781148528381919,0.49947040162396167,0.0,1.4730258858519105,3
PushT,9,1,development_holdout,shared_metric,fidelity_constrained_matched_geometry,1,0.0,0.923632756420798,1.0,0.8409655602276747,3
PushT,9,1,development_holdout,shared_metric,fidelity_constrained_matched_geometry,3,0.2415867066316891,0.12240494533994693,0.0,2.1445574161761676,3
PushT,9,1,development_holdout,shared_metric,fidelity_constrained_matched_geometry,6,0.0838834477847104,0.7500307353502187,0.0,1.1169899948933575,3
PushT,10,1,development_holdout,shared_metric,fidelity_constrained_matched_geometry,1,0.12049358852617963,0.9770382023650086,0.0,0.3150184155535979,3
PushT,10,1,development_holdout,shared_metric,fidelity_constrained_matched_geometry,3,0.3299354494497642,0.6741530292909607,0.0,0.9872534882625197,3
PushT,10,1,development_holdout,shared_metric,fidelity_constrained_matched_geometry,6,0.0,0.6016853672580526,1.0,1.2919323503360178,3
PushT,11,1,development_holdout,shared_metric,fidelity_constrained_matched_geometry,1,0.4791335418268135,0.3061841002732182,0.0,1.2994575324311224,3
PushT,11,1,development_holdout,shared_metric,fidelity_constrained_matched_geometry,3,0.8520977403706133,0.3251596642173869,0.0,1.3969568826566903,3
PushT,11,1,development_holdout,shared_metric,fidelity_constrained_matched_geometry,6,0.24348642524200229,0.5478625240040809,0.0,1.6095162684679336,3
PushT,12,1,development_holdout,shared_metric,fidelity_constrained_matched_geometry,1,0.0,0.8961540581095427,1.0,0.7959497424751927,3
PushT,12,1,development_holdout,shared_metric,fidelity_constrained_matched_geometry,3,0.7672659872148363,0.4350972273264722,0.0,1.5173081761388003,3
PushT,12,1,development_holdout,shared_metric,fidelity_constrained_matched_geometry,6,0.0,0.45198942810382564,1.0,1.6743808440964765,3
PushT,13,1,development_holdout,shared_metric,fidelity_constrained_matched_geometry,1,0.9488516591828323,0.5329734395409108,0.0,1.0859094907951166,3
PushT,13,1,development_holdout,shared_metric,fidelity_constrained_matched_geometry,3,0.20051600978623596,0.5804629834239753,0.0,1.1078330614343133,3
PushT,13,1,development_holdout,shared_metric,fidelity_constrained_matched_geometry,6,0.14151922091305738,0.5944044432135405,0.0,1.5676700909167292,3
PushT,14,1,development_holdout,shared_metric,fidelity_constrained_matched_geometry,1,0.0,nan,1.0,0.0,3
PushT,14,1,development_holdout,shared_metric,fidelity_constrained_matched_geometry,3,0.8251746488970769,0.7740197415066928,0.0,0.9754857720322457,3
PushT,14,1,development_holdout,shared_metric,fidelity_constrained_matched_geometry,6,1.0,0.45559841322442995,0.0,1.9559807568902061,3
PushT,15,1,development_holdout,shared_metric,fidelity_constrained_matched_geometry,1,0.0,nan,1.0,0.0,3
PushT,15,1,development_holdout,shared_metric,fidelity_constrained_matched_geometry,3,1.0,0.5530067519161059,0.0,1.603663516389707,3
PushT,15,1,development_holdout,shared_metric,fidelity_constrained_matched_geometry,6,0.4804811489604468,0.4386572318694026,0.0,1.5643393916632011,3
PushT,16,2,development_holdout,shared_metric,fidelity_constrained_matched_geometry,1,0.0,0.9382774772403929,1.0,0.5578765951744309,3
PushT,16,2,development_holdout,shared_metric,fidelity_constrained_matched_geometry,3,0.0,0.49918444526259503,1.0,1.683989575292597,3
PushT,16,2,development_holdout,shared_metric,fidelity_constrained_matched_geometry,6,0.3324250360743422,0.412339674689187,0.0,2.020384030776688,3
PushT,17,2,development_holdout,shared_metric,fidelity_constrained_matched_geometry,1,0.0,nan,1.0,0.0,3
PushT,17,2,development_holdout,shared_metric,fidelity_constrained_matched_geometry,3,0.0,0.8895675932631426,1.0,0.9729854694028885,3
PushT,17,2,development_holdout,shared_metric,fidelity_constrained_matched_geometry,6,0.0,0.7133721040429292,1.0,1.2567690426576197,3
PushT,18,2,development_holdout,shared_metric,fidelity_constrained_matched_geometry,1,0.0,nan,1.0,0.0,3
PushT,18,2,development_holdout,shared_metric,fidelity_constrained_matched_geometry,3,0.27850140655302486,0.8988888597794986,0.0,0.7329898137633863,3
PushT,18,2,development_holdout,shared_metric,fidelity_constrained_matched_geometry,6,0.31070236595182904,0.6915913390444279,0.0,1.365900677029811,3
PushT,19,2,development_holdout,shared_metric,fidelity_constrained_matched_geometry,1,1.0,0.5985411672040944,0.0,1.039937977539157,3
PushT,19,2,development_holdout,shared_metric,fidelity_constrained_matched_geometry,3,0.840133628508192,0.2358407611934922,0.0,1.6277546422370401,3
PushT,19,2,development_holdout,shared_metric,fidelity_constrained_matched_geometry,6,0.8838632056446043,0.30574074247342836,0.0,1.60673623527173,3
PushT,20,2,development_holdout,shared_metric,fidelity_constrained_matched_geometry,1,0.7957935685153475,0.35712029297663683,0.0,1.2941305813432118,3
PushT,20,2,development_holdout,shared_metric,fidelity_constrained_matched_geometry,3,0.9103992805710343,0.21794562028157624,0.0,2.2257698163183632,3
PushT,20,2,development_holdout,shared_metric,fidelity_constrained_matched_geometry,6,0.43402262518488466,0.21961185150094606,0.0,2.0850405740756144,3
PushT,21,2,development_holdout,shared_metric,fidelity_constrained_matched_geometry,1,0.0,nan,1.0,0.0,3
PushT,21,2,development_holdout,shared_metric,fidelity_constrained_matched_geometry,3,0.0,0.8464670778742281,1.0,0.7228417163358992,3
PushT,21,2,development_holdout,shared_metric,fidelity_constrained_matched_geometry,6,0.7230047574770261,0.7322306105511269,0.0,1.6115070175441562,3
PushT,22,2,development_holdout,shared_metric,fidelity_constrained_matched_geometry,1,0.0,1.0,1.0,0.8665615482869851,3
PushT,22,2,development_holdout,shared_metric,fidelity_constrained_matched_geometry,3,0.33162401120693175,0.40880056298229456,0.0,1.141739511010134,3
PushT,22,2,development_holdout,shared_metric,fidelity_constrained_matched_geometry,6,1.0,0.43972180718404036,0.0,1.5263000501032584,3
PushT,23,2,development_holdout,shared_metric,fidelity_constrained_matched_geometry,1,0.020457435985849055,0.948220636882584,0.0,0.5155532491042611,3
PushT,23,2,development_holdout,shared_metric,fidelity_constrained_matched_geometry,3,1.0,0.38888963868815424,0.0,1.5681226083913382,3
PushT,23,2,development_holdout,shared_metric,fidelity_constrained_matched_geometry,6,0.01666363785413529,0.6275404763956783,0.0,1.2471666223060764,3
PushT,48,6,development_holdout,shared_metric,fidelity_constrained_matched_geometry,1,0.010481511777836317,0.9069351949198164,0.0,0.624351940366163,3
PushT,48,6,development_holdout,shared_metric,fidelity_constrained_matched_geometry,3,0.0,0.9069745453765693,1.0,0.8671053747986738,3
PushT,48,6,development_holdout,shared_metric,fidelity_constrained_matched_geometry,6,0.02967654291736563,0.9191899363079421,0.0,1.4440891757373853,3
PushT,49,6,development_holdout,shared_metric,fidelity_constrained_matched_geometry,1,0.021846463468537514,0.899598051733407,0.0,0.7684667309590268,3
PushT,49,6,development_holdout,shared_metric,fidelity_constrained_matched_geometry,3,0.0,0.931475323528928,1.0,0.996806583460002,3
PushT,49,6,development_holdout,shared_metric,fidelity_constrained_matched_geometry,6,0.2652965997915153,0.7314986008385246,0.0,1.2705748206553944,3
PushT,50,6,development_holdout,shared_metric,fidelity_constrained_matched_geometry,1,0.932744916162424,0.34034978978724345,0.0,1.3340800274701392,3
PushT,50,6,development_holdout,shared_metric,fidelity_constrained_matched_geometry,3,0.647103072586445,0.5826565670104374,0.0,1.1715639282115675,3
PushT,50,6,development_holdout,shared_metric,fidelity_constrained_matched_geometry,6,0.8845275437002303,0.3348592477849945,0.0,2.1147698976365477,3
PushT,51,6,development_holdout,shared_metric,fidelity_constrained_matched_geometry,1,0.9865552978109585,0.017352309838621585,0.0,1.9187241759349576,3
PushT,51,6,development_holdout,shared_metric,fidelity_constrained_matched_geometry,3,0.994431087932475,0.28067784873966184,0.0,1.4673632543111772,3
PushT,51,6,development_holdout,shared_metric,fidelity_constrained_matched_geometry,6,0.8249736846311396,0.6422537821656794,0.0,1.9492252665467344,3
PushT,52,6,development_holdout,shared_metric,fidelity_constrained_matched_geometry,1,0.0,0.1111111111111111,1.0,1.932327013675362,3
PushT,52,6,development_holdout,shared_metric,fidelity_constrained_matched_geometry,3,1.0,0.1724338603660297,0.0,1.7673951112684116,3
PushT,52,6,development_holdout,shared_metric,fidelity_constrained_matched_geometry,6,1.0,0.4189041313729698,0.0,1.7217219574587161,3
PushT,53,6,development_holdout,shared_metric,fidelity_constrained_matched_geometry,1,0.22071215478288175,0.8398694723311558,0.0,0.7449184374533422,3
PushT,53,6,development_holdout,shared_metric,fidelity_constrained_matched_geometry,3,0.0,0.733143803161833,1.0,1.3851685226108013,3
PushT,53,6,development_holdout,shared_metric,fidelity_constrained_matched_geometry,6,0.5314747869471632,0.5578528481630246,0.0,1.6166193415117454,3
PushT,54,6,development_holdout,shared_metric,fidelity_constrained_matched_geometry,1,0.5165533265909247,0.44032477318973395,0.0,1.0520577941864848,3
PushT,54,6,development_holdout,shared_metric,fidelity_constrained_matched_geometry,3,0.0,0.9666720786988084,1.0,0.4186287806419668,3
PushT,54,6,development_holdout,shared_metric,fidelity_constrained_matched_geometry,6,0.0,0.8316635522217566,1.0,1.4993121184647595,3
PushT,55,6,development_holdout,shared_metric,fidelity_constrained_matched_geometry,1,0.0,0.7777777777777778,1.0,1.2170726753045014,3
PushT,55,6,development_holdout,shared_metric,fidelity_constrained_matched_geometry,3,0.0,0.6807057107956632,1.0,1.2436989837006578,3
PushT,55,6,development_holdout,shared_metric,fidelity_constrained_matched_geometry,6,0.15704590216781106,0.31853988982070164,0.0,2.6287694922546536,3
PushT,8,1,development_holdout,goal_permuted_metric,fidelity_constrained_matched_geometry,1,0.17008683444848238,0.7463619086860439,0.0,0.8684703945127463,3
PushT,8,1,development_holdout,goal_permuted_metric,fidelity_constrained_matched_geometry,3,0.8974594425317869,0.26524795000474066,0.0,1.5704141928255628,3
PushT,8,1,development_holdout,goal_permuted_metric,fidelity_constrained_matched_geometry,6,0.34128623090611193,0.6269839788969188,0.0,1.8266595303753466,3
PushT,9,1,development_holdout,goal_permuted_metric,fidelity_constrained_matched_geometry,1,0.0,0.9340172878113369,1.0,0.8217294640180198,3
PushT,9,1,development_holdout,goal_permuted_metric,fidelity_constrained_matched_geometry,3,0.2415867066316891,0.6230982399575338,0.0,1.2153828489635254,3
PushT,9,1,development_holdout,goal_permuted_metric,fidelity_constrained_matched_geometry,6,0.0838834477847104,0.8829950817281437,0.0,0.6438943121220113,3
PushT,10,1,development_holdout,goal_permuted_metric,fidelity_constrained_matched_geometry,1,0.12049358852617963,0.9776852565587911,0.0,0.29005485167083606,3
PushT,10,1,development_holdout,goal_permuted_metric,fidelity_constrained_matched_geometry,3,0.6993377338752347,0.6458434191924165,0.0,1.150268360266517,3
PushT,10,1,development_holdout,goal_permuted_metric,fidelity_constrained_matched_geometry,6,0.0,0.5657295363089994,1.0,1.67543346883898,3
PushT,11,1,development_holdout,goal_permuted_metric,fidelity_constrained_matched_geometry,1,0.4352903732155709,0.4025050443813705,0.0,1.1461253805795761,3
PushT,11,1,development_holdout,goal_permuted_metric,fidelity_constrained_matched_geometry,3,0.8520977403706133,0.24024996876236437,0.0,1.5021275041966968,3
PushT,11,1,development_holdout,goal_permuted_metric,fidelity_constrained_matched_geometry,6,0.24348642524200229,0.682392064622873,0.0,1.4933925490208584,3
PushT,12,1,development_holdout,goal_permuted_metric,fidelity_constrained_matched_geometry,1,0.0,0.8574218065173875,1.0,1.1301214398122352,3
PushT,12,1,development_holdout,goal_permuted_metric,fidelity_constrained_matched_geometry,3,0.7672659872148363,0.35871491136501854,0.0,1.685989860137117,3
PushT,12,1,development_holdout,goal_permuted_metric,fidelity_constrained_matched_geometry,6,0.0,0.47641607119934254,1.0,1.8580683004994427,3
PushT,13,1,development_holdout,goal_permuted_metric,fidelity_constrained_matched_geometry,1,0.9488516591828323,0.4656478395059362,0.0,1.3527577235095398,3
PushT,13,1,development_holdout,goal_permuted_metric,fidelity_constrained_matched_geometry,3,0.20051600978623596,0.6607396924596833,0.0,1.3748145714381819,3
PushT,13,1,development_holdout,goal_permuted_metric,fidelity_constrained_matched_geometry,6,0.12408774868526844,0.5686628581635564,0.0,1.914094298534985,3
PushT,14,1,development_holdout,goal_permuted_metric,fidelity_constrained_matched_geometry,1,0.0,nan,1.0,0.0,3
PushT,14,1,development_holdout,goal_permuted_metric,fidelity_constrained_matched_geometry,3,0.8251746488970769,0.7594564232326012,0.0,0.876022282167299,3
PushT,14,1,development_holdout,goal_permuted_metric,fidelity_constrained_matched_geometry,6,1.0,0.5242879293190054,0.0,1.8451089541515937,3
PushT,15,1,development_holdout,goal_permuted_metric,fidelity_constrained_matched_geometry,1,0.0,nan,1.0,0.0,3
PushT,15,1,development_holdout,goal_permuted_metric,fidelity_constrained_matched_geometry,3,1.0,0.5559166104833673,0.0,1.552278798830095,3
PushT,15,1,development_holdout,goal_permuted_metric,fidelity_constrained_matched_geometry,6,1.0,0.35745753942150893,0.0,1.7032656924685066,3
PushT,16,2,development_holdout,goal_permuted_metric,fidelity_constrained_matched_geometry,1,0.07048233322040907,0.926821266598131,0.0,0.6265485097790084,3
PushT,16,2,development_holdout,goal_permuted_metric,fidelity_constrained_matched_geometry,3,0.0,0.49364364942781597,1.0,1.7297504591366168,3
PushT,16,2,development_holdout,goal_permuted_metric,fidelity_constrained_matched_geometry,6,0.3324250360743422,0.44635762294064535,0.0,1.9393173429524335,3
PushT,17,2,development_holdout,goal_permuted_metric,fidelity_constrained_matched_geometry,1,0.0,nan,1.0,0.0,3
PushT,17,2,development_holdout,goal_permuted_metric,fidelity_constrained_matched_geometry,3,0.0,0.8662551440329218,1.0,1.0800882095743285,3
PushT,17,2,development_holdout,goal_permuted_metric,fidelity_constrained_matched_geometry,6,0.0,0.8149164324097277,1.0,1.2500373964752196,3
PushT,18,2,development_holdout,goal_permuted_metric,fidelity_constrained_matched_geometry,1,0.0,nan,1.0,0.0,3
PushT,18,2,development_holdout,goal_permuted_metric,fidelity_constrained_matched_geometry,3,0.27850140655302486,0.7432325823390715,0.0,0.9056615556575754,3
PushT,18,2,development_holdout,goal_permuted_metric,fidelity_constrained_matched_geometry,6,0.31070236595182904,0.6384240216583177,0.0,1.2776668502751873,3
PushT,19,2,development_holdout,goal_permuted_metric,fidelity_constrained_matched_geometry,1,1.0,0.708962968993376,0.0,0.9550216769013916,3
PushT,19,2,development_holdout,goal_permuted_metric,fidelity_constrained_matched_geometry,3,0.6720473664012866,0.269444165038891,0.0,1.608139509706526,3
PushT,19,2,development_holdout,goal_permuted_metric,fidelity_constrained_matched_geometry,6,0.8838632056446043,0.22652452630724162,0.0,1.638868747880057,3
PushT,20,2,development_holdout,goal_permuted_metric,fidelity_constrained_matched_geometry,1,0.7957935685153475,0.5196932257973368,0.0,1.0988712729109753,3
PushT,20,2,development_holdout,goal_permuted_metric,fidelity_constrained_matched_geometry,3,0.9103992805710343,0.19008742350991847,0.0,2.21642453918307,3
PushT,20,2,development_holdout,goal_permuted_metric,fidelity_constrained_matched_geometry,6,0.43402262518488466,0.26792527222271706,0.0,1.9182122249077007,3
PushT,21,2,development_holdout,goal_permuted_metric,fidelity_constrained_matched_geometry,1,0.0,nan,1.0,0.0,3
PushT,21,2,development_holdout,goal_permuted_metric,fidelity_constrained_matched_geometry,3,0.0,0.9285962503684592,1.0,0.6696718293988595,3
PushT,21,2,development_holdout,goal_permuted_metric,fidelity_constrained_matched_geometry,6,0.7230047574770261,0.7550027043897164,0.0,1.6017485914170895,3
PushT,22,2,development_holdout,goal_permuted_metric,fidelity_constrained_matched_geometry,1,0.0,1.0,1.0,0.7822102873533407,3
PushT,22,2,development_holdout,goal_permuted_metric,fidelity_constrained_matched_geometry,3,0.33162401120693175,0.576147730768852,0.0,1.1337582838138769,3
PushT,22,2,development_holdout,goal_permuted_metric,fidelity_constrained_matched_geometry,6,1.0,0.444114136072918,0.0,1.4829508980954358,3
PushT,23,2,development_holdout,goal_permuted_metric,fidelity_constrained_matched_geometry,1,0.020457435985849055,0.948220636882584,0.0,0.6310250333671895,3
PushT,23,2,development_holdout,goal_permuted_metric,fidelity_constrained_matched_geometry,3,0.00801155301203528,0.7361095790492045,0.0,1.3766681927972233,3
PushT,23,2,development_holdout,goal_permuted_metric,fidelity_constrained_matched_geometry,6,0.01666363785413529,0.9325197933165205,0.0,1.1654437538435747,3
PushT,48,6,development_holdout,goal_permuted_metric,fidelity_constrained_matched_geometry,1,0.010481511777836317,0.9069351949198164,0.0,0.6047958814304281,3
PushT,48,6,development_holdout,goal_permuted_metric,fidelity_constrained_matched_geometry,3,0.0,0.9107397921522485,1.0,1.0048806858968122,3
PushT,48,6,development_holdout,goal_permuted_metric,fidelity_constrained_matched_geometry,6,0.02967654291736563,0.9033038722657869,0.0,1.3751934225615823,3
PushT,49,6,development_holdout,goal_permuted_metric,fidelity_constrained_matched_geometry,1,0.021846463468537514,0.899598051733407,0.0,0.7000424523055117,3
PushT,49,6,development_holdout,goal_permuted_metric,fidelity_constrained_matched_geometry,3,0.09255210046541218,0.8254180148602875,0.0,1.0863887786195725,3
PushT,49,6,development_holdout,goal_permuted_metric,fidelity_constrained_matched_geometry,6,0.2652965997915153,0.7636176915537208,0.0,1.156630665627254,3
PushT,50,6,development_holdout,goal_permuted_metric,fidelity_constrained_matched_geometry,1,0.932744916162424,0.3509023635606969,0.0,1.5304217661610628,3
PushT,50,6,development_holdout,goal_permuted_metric,fidelity_constrained_matched_geometry,3,0.1611708175187216,0.4945789484967496,0.0,1.2048397783958487,3
PushT,50,6,development_holdout,goal_permuted_metric,fidelity_constrained_matched_geometry,6,0.8845275437002303,0.3297330848074826,0.0,2.316591765257673,3
PushT,51,6,development_holdout,goal_permuted_metric,fidelity_constrained_matched_geometry,1,0.9865552978109585,0.03877260796317673,0.0,2.042153843359356,3
PushT,51,6,development_holdout,goal_permuted_metric,fidelity_constrained_matched_geometry,3,0.994431087932475,0.17469281678799783,0.0,1.946189525287228,3
PushT,51,6,development_holdout,goal_permuted_metric,fidelity_constrained_matched_geometry,6,0.8249736846311396,0.4894660992648248,0.0,1.768831158577748,3
PushT,52,6,development_holdout,goal_permuted_metric,fidelity_constrained_matched_geometry,1,0.0,0.1111111111111111,1.0,1.631637529371275,3
PushT,52,6,development_holdout,goal_permuted_metric,fidelity_constrained_matched_geometry,3,0.3477543489605677,0.2769040239785647,0.0,1.3520062437258853,3
PushT,52,6,development_holdout,goal_permuted_metric,fidelity_constrained_matched_geometry,6,1.0,0.473852074886653,0.0,1.767221147244703,3
PushT,53,6,development_holdout,goal_permuted_metric,fidelity_constrained_matched_geometry,1,0.22071215478288175,0.7627964545785285,0.0,1.0103120778526458,3
PushT,53,6,development_holdout,goal_permuted_metric,fidelity_constrained_matched_geometry,3,0.0,0.7496370332948225,1.0,1.0472614649220635,3
PushT,53,6,development_holdout,goal_permuted_metric,fidelity_constrained_matched_geometry,6,0.34805147160393507,0.6090967251513039,0.0,1.5849626829558858,3
PushT,54,6,development_holdout,goal_permuted_metric,fidelity_constrained_matched_geometry,1,0.274829989886387,0.636654678977003,0.0,0.9949343369393553,3
PushT,54,6,development_holdout,goal_permuted_metric,fidelity_constrained_matched_geometry,3,0.0,0.9730495510481609,1.0,0.5841115923969813,3
PushT,54,6,development_holdout,goal_permuted_metric,fidelity_constrained_matched_geometry,6,0.0,0.8672847776873552,1.0,1.0714194220784359,3
PushT,55,6,development_holdout,goal_permuted_metric,fidelity_constrained_matched_geometry,1,0.0,0.7777777777777778,1.0,1.282756620419594,3
PushT,55,6,development_holdout,goal_permuted_metric,fidelity_constrained_matched_geometry,3,0.0,0.6003484530392039,1.0,1.259474413098446,3
PushT,55,6,development_holdout,goal_permuted_metric,fidelity_constrained_matched_geometry,6,1.0,0.16501865239527172,0.0,2.854334744486374,3
PushT,8,1,development_holdout,native_metric,fidelity_constrained_matched_geometry,1,0.01282478008355127,0.8882608281952827,0.0,0.9975006871561171,3
PushT,8,1,development_holdout,native_metric,fidelity_constrained_matched_geometry,3,0.0,0.6514399473549798,1.0,0.9460175248999066,3
PushT,8,1,development_holdout,native_metric,fidelity_constrained_matched_geometry,6,0.5781148528381919,0.23706142845540698,0.0,1.2929834399965519,3
PushT,9,1,development_holdout,native_metric,fidelity_constrained_matched_geometry,1,0.8274135674934154,0.010384531390538817,0.0,1.0051629315084094,3
PushT,9,1,development_holdout,native_metric,fidelity_constrained_matched_geometry,3,0.7286493483691098,0.11821244668238624,0.0,1.4402808601031387,3
PushT,9,1,development_holdout,native_metric,fidelity_constrained_matched_geometry,6,0.8502269524673544,0.3791036729080746,0.0,1.2373277066513133,3
PushT,10,1,development_holdout,native_metric,fidelity_constrained_matched_geometry,1,0.12049358852617963,0.9787368933195569,0.0,0.9955871896048234,3
PushT,10,1,development_holdout,native_metric,fidelity_constrained_matched_geometry,3,0.0,0.8611652164788753,1.0,0.8307113885201365,3
PushT,10,1,development_holdout,native_metric,fidelity_constrained_matched_geometry,6,0.0,0.5717999507807378,1.0,1.0060540494405374,3
PushT,11,1,development_holdout,native_metric,fidelity_constrained_matched_geometry,1,0.49698986494663716,0.4248657638321173,0.0,1.0013709448625052,3
PushT,11,1,development_holdout,native_metric,fidelity_constrained_matched_geometry,3,0.0,0.406943190786347,1.0,1.1464026299088619,3
PushT,11,1,development_holdout,native_metric,fidelity_constrained_matched_geometry,6,1.0,0.29584552167991374,0.0,1.398783785217029,3
PushT,12,1,development_holdout,native_metric,fidelity_constrained_matched_geometry,1,0.15542731492732748,0.9765664079723951,0.0,0.995227783332739,3
PushT,12,1,development_holdout,native_metric,fidelity_constrained_matched_geometry,3,0.0,0.6628537575597183,1.0,0.9197705821634785,3
PushT,12,1,development_holdout,native_metric,fidelity_constrained_matched_geometry,6,0.01885074951463251,0.7895299093493007,0.0,0.8316476545285779,3
PushT,13,1,development_holdout,native_metric,fidelity_constrained_matched_geometry,1,0.9488516591828323,0.13809115707252423,0.0,1.0023904235808772,3
PushT,13,1,development_holdout,native_metric,fidelity_constrained_matched_geometry,3,0.0161718104917741,0.7998950330483919,0.0,0.8303536161859819,3
PushT,13,1,development_holdout,native_metric,fidelity_constrained_matched_geometry,6,0.0,0.8860253256663309,1.0,0.7545705179732184,3
PushT,14,1,development_holdout,native_metric,fidelity_constrained_matched_geometry,1,0.0,nan,1.0,0.0,3
PushT,14,1,development_holdout,native_metric,fidelity_constrained_matched_geometry,3,0.2243991056814351,0.8194904528551613,0.0,0.9624443349325101,3
PushT,14,1,development_holdout,native_metric,fidelity_constrained_matched_geometry,6,0.10985312473301036,0.7550156759718952,0.0,0.8534988162224099,3
PushT,15,1,development_holdout,native_metric,fidelity_constrained_matched_geometry,1,0.0,nan,1.0,0.0,3
PushT,15,1,development_holdout,native_metric,fidelity_constrained_matched_geometry,3,0.0,0.8728815651574487,1.0,0.8888523086139034,3
PushT,15,1,development_holdout,native_metric,fidelity_constrained_matched_geometry,6,1.0,0.5292387451428294,0.0,1.0015827899807495,3
PushT,16,2,development_holdout,native_metric,fidelity_constrained_matched_geometry,1,0.04667333317829817,0.9759580478347364,0.0,0.995415067577691,3
PushT,16,2,development_holdout,native_metric,fidelity_constrained_matched_geometry,3,0.32628899571658077,0.734813749541899,0.0,0.8514968252627453,3
PushT,16,2,development_holdout,native_metric,fidelity_constrained_matched_geometry,6,0.0,0.5121939858858138,1.0,0.9673514401441358,3
PushT,17,2,development_holdout,native_metric,fidelity_constrained_matched_geometry,1,0.0,nan,1.0,0.0,3
PushT,17,2,development_holdout,native_metric,fidelity_constrained_matched_geometry,3,0.5789271149086822,0.6124147860697268,0.0,0.9582082336365314,3
PushT,17,2,development_holdout,native_metric,fidelity_constrained_matched_geometry,6,0.0,0.7513638268287729,1.0,0.8168266222589905,3
PushT,18,2,development_holdout,native_metric,fidelity_constrained_matched_geometry,1,0.0,nan,1.0,0.0,3
PushT,18,2,development_holdout,native_metric,fidelity_constrained_matched_geometry,3,0.4420148075900328,0.7492475583310808,0.0,0.93437165903232,3
PushT,18,2,development_holdout,native_metric,fidelity_constrained_matched_geometry,6,1.0,0.41557234180705266,0.0,1.1268143758991742,3
PushT,19,2,development_holdout,native_metric,fidelity_constrained_matched_geometry,1,0.0,0.883968134000689,1.0,0.9991145466343997,3
PushT,19,2,development_holdout,native_metric,fidelity_constrained_matched_geometry,3,0.0,0.976116512256913,1.0,0.8763602751190844,3
PushT,19,2,development_holdout,native_metric,fidelity_constrained_matched_geometry,6,0.05206520357815755,0.7588362377497374,0.0,0.895698657859238,3
PushT,20,2,development_holdout,native_metric,fidelity_constrained_matched_geometry,1,0.071849549171498,0.9832668073084491,0.0,0.9954483815268823,3
PushT,20,2,development_holdout,native_metric,fidelity_constrained_matched_geometry,3,0.06837919317243876,0.7947591779455888,0.0,0.9721102410098922,3
PushT,20,2,development_holdout,native_metric,fidelity_constrained_matched_geometry,6,1.0,0.1598567604023869,0.0,1.4120019635402699,3
PushT,21,2,development_holdout,native_metric,fidelity_constrained_matched_geometry,1,0.0,nan,1.0,0.0,3
PushT,21,2,development_holdout,native_metric,fidelity_constrained_matched_geometry,3,0.7585503102919223,0.5812243801753189,0.0,0.9723761227070415,3
PushT,21,2,development_holdout,native_metric,fidelity_constrained_matched_geometry,6,0.0,0.7613757875227759,1.0,0.7528219090846088,3
PushT,22,2,development_holdout,native_metric,fidelity_constrained_matched_geometry,1,1.0,0.1111111111111111,0.0,1.001150007683915,3
PushT,22,2,development_holdout,native_metric,fidelity_constrained_matched_geometry,3,0.0,0.8727803389099548,1.0,0.9192406372763019,3
PushT,22,2,development_holdout,native_metric,fidelity_constrained_matched_geometry,6,1.0,0.6518307683860032,0.0,1.0800760424691738,3
PushT,23,2,development_holdout,native_metric,fidelity_constrained_matched_geometry,1,0.06271666156975347,0.7160304082609961,0.0,0.9973869508884258,3
PushT,23,2,development_holdout,native_metric,fidelity_constrained_matched_geometry,3,1.0,0.224035948945657,0.0,1.0819168635468535,3
PushT,23,2,development_holdout,native_metric,fidelity_constrained_matched_geometry,6,0.01662600440501789,0.5014084800096684,0.0,0.9998825252835996,3
PushT,48,6,development_holdout,native_metric,fidelity_constrained_matched_geometry,1,0.09012243500443963,0.8251479910291066,0.0,0.995005168761657,3
PushT,48,6,development_holdout,native_metric,fidelity_constrained_matched_geometry,3,0.03292797551033872,0.7924270678795279,0.0,0.8652577248702275,3
PushT,48,6,development_holdout,native_metric,fidelity_constrained_matched_geometry,6,0.0,0.9140293954154076,1.0,0.7486578104105087,3
PushT,49,6,development_holdout,native_metric,fidelity_constrained_matched_geometry,1,1.0,0.18566602001709617,0.0,1.0013884944591078,3
PushT,49,6,development_holdout,native_metric,fidelity_constrained_matched_geometry,3,0.0,0.9036693536112518,1.0,0.6754675840420451,3
PushT,49,6,development_holdout,native_metric,fidelity_constrained_matched_geometry,6,0.0,0.9109013674974552,1.0,0.7681738833996392,3
PushT,50,6,development_holdout,native_metric,fidelity_constrained_matched_geometry,1,0.026574968337305327,0.8801706498722629,0.0,0.9965939938473349,3
PushT,50,6,development_holdout,native_metric,fidelity_constrained_matched_geometry,3,0.0,0.9979207415198538,1.0,0.7767542259060246,3
PushT,50,6,development_holdout,native_metric,fidelity_constrained_matched_geometry,6,0.11176022326401269,0.9415568148684649,0.0,0.7770519784752835,3
PushT,51,6,development_holdout,native_metric,fidelity_constrained_matched_geometry,1,0.23502582397952346,0.9054700967695638,0.0,0.9983676226585247,3
PushT,51,6,development_holdout,native_metric,fidelity_constrained_matched_geometry,3,0.8329904504891642,0.2949357268161245,0.0,1.0308500631346245,3
PushT,51,6,development_holdout,native_metric,fidelity_constrained_matched_geometry,6,0.8472560153227433,0.7743009338245915,0.0,0.9151760480525772,3
PushT,52,6,development_holdout,native_metric,fidelity_constrained_matched_geometry,1,0.0,0.7777777777777778,1.0,0.9994367875425921,3
PushT,52,6,development_holdout,native_metric,fidelity_constrained_matched_geometry,3,0.3477543489605677,0.25168347209956365,0.0,1.0445224847958599,3
PushT,52,6,development_holdout,native_metric,fidelity_constrained_matched_geometry,6,1.0,0.4127496191968014,0.0,1.0946794727855427,3
PushT,53,6,development_holdout,native_metric,fidelity_constrained_matched_geometry,1,0.0,0.5510440227703827,1.0,0.9995418848493007,3
PushT,53,6,development_holdout,native_metric,fidelity_constrained_matched_geometry,3,0.0,0.9856538405971085,1.0,0.5818181566862505,3
PushT,53,6,development_holdout,native_metric,fidelity_constrained_matched_geometry,6,0.0,0.8940601405197657,1.0,0.7735203000013514,3
PushT,54,6,development_holdout,native_metric,fidelity_constrained_matched_geometry,1,0.5144474869020803,0.8330901466770251,0.0,0.9978988836091993,3
PushT,54,6,development_holdout,native_metric,fidelity_constrained_matched_geometry,3,0.3056015488280241,0.7874085754631294,0.0,0.8555349283926565,3
PushT,54,6,development_holdout,native_metric,fidelity_constrained_matched_geometry,6,0.0,0.8494363032595388,1.0,0.8116684123386668,3
PushT,55,6,development_holdout,native_metric,fidelity_constrained_matched_geometry,1,1.0,0.0,0.0,1.001392532918935,3
PushT,55,6,development_holdout,native_metric,fidelity_constrained_matched_geometry,3,1.0,0.21215224711765726,0.0,1.124271319625129,3
PushT,55,6,development_holdout,native_metric,fidelity_constrained_matched_geometry,6,1.0,0.32857390861053837,0.0,1.1173367092022717,3
Wall,32,4,probe_calibration,shared_metric,target_oracle,1,0.5769235239579393,0.06106226572281805,0.0,2.6785293063619426,1
Wall,32,4,probe_calibration,shared_metric,target_oracle,3,0.5295492609377724,0.46675974094765715,0.0,2.318590582257719,1
Wall,32,4,probe_calibration,shared_metric,target_oracle,6,0.0,0.7603071803313031,1.0,3.473297457724055,1
Wall,33,4,probe_calibration,shared_metric,target_oracle,1,0.02360583899403983,0.8022389183854022,0.0,0.7817664827645281,1
Wall,33,4,probe_calibration,shared_metric,target_oracle,3,0.025303128351388832,0.35433945954317264,0.0,1.8715791328676243,1
Wall,33,4,probe_calibration,shared_metric,target_oracle,6,0.2528612592624198,0.34102954281023923,0.0,1.4292055660158451,1
Wall,34,4,probe_calibration,shared_metric,target_oracle,1,0.42617293752270563,0.11779840885824114,0.0,2.2186135036518984,1
Wall,34,4,probe_calibration,shared_metric,target_oracle,3,0.6557452979778344,0.2893681523559514,0.0,2.1317224954466045,1
Wall,34,4,probe_calibration,shared_metric,target_oracle,6,0.0,0.983234000419669,1.0,2.3187010988812062,1
Wall,35,4,probe_calibration,shared_metric,target_oracle,1,0.0,0.9993571946516105,1.0,0.40823221615147604,1
Wall,35,4,probe_calibration,shared_metric,target_oracle,3,0.32865218816913416,0.26557096707576017,0.0,1.7304168906761346,1
Wall,35,4,probe_calibration,shared_metric,target_oracle,6,0.0,0.6999605211901975,1.0,1.5251798965042591,1
Wall,36,4,probe_calibration,shared_metric,target_oracle,1,0.0,0.6039769115517507,1.0,1.154661840443433,1
Wall,36,4,probe_calibration,shared_metric,target_oracle,3,0.17699910612999398,0.3038052580847495,0.0,2.3220747442697736,1
Wall,36,4,probe_calibration,shared_metric,target_oracle,6,0.0,0.8156120406144216,1.0,2.4511197277149517,1
Wall,37,4,probe_calibration,shared_metric,target_oracle,1,0.12148913824817223,0.7623803821108102,0.0,1.1805485710403105,1
Wall,37,4,probe_calibration,shared_metric,target_oracle,3,0.19292698570659403,0.31957844230655,0.0,2.686173706831065,1
Wall,37,4,probe_calibration,shared_metric,target_oracle,6,0.0,0.7837225964414528,1.0,2.2839679189147595,1
Wall,38,4,probe_calibration,shared_metric,target_oracle,1,0.5769228018246181,0.5627890404793177,0.0,1.187055413891448,1
Wall,38,4,probe_calibration,shared_metric,target_oracle,3,0.6483328044756054,0.35368495327223853,0.0,1.9741013845970592,1
Wall,38,4,probe_calibration,shared_metric,target_oracle,6,0.0,0.6302568398958425,1.0,1.328607946797834,1
Wall,39,4,probe_calibration,shared_metric,target_oracle,1,0.15343599716185322,0.6912881666258702,0.0,1.230164674187568,1
Wall,39,4,probe_calibration,shared_metric,target_oracle,3,0.19791346524633158,0.14619459732199544,0.0,1.6604816940229468,1
Wall,39,4,probe_calibration,shared_metric,target_oracle,6,0.0,0.8595484313004252,1.0,1.8186441770681878,1
Wall,56,7,probe_calibration,shared_metric,target_oracle,1,1.0,0.1113656974892581,0.0,2.75362287819656,1
Wall,56,7,probe_calibration,shared_metric,target_oracle,3,0.0,0.5588734016989756,1.0,2.176932444738503,1
Wall,56,7,probe_calibration,shared_metric,target_oracle,6,0.0,0.6250981918580847,1.0,2.7715689108859105,1
Wall,57,7,probe_calibration,shared_metric,target_oracle,1,0.2673324305218624,0.7474205260306344,0.0,1.1557567657423864,1
Wall,57,7,probe_calibration,shared_metric,target_oracle,3,0.7837316672202274,0.5034491705119946,0.0,3.49269695161521,1
Wall,57,7,probe_calibration,shared_metric,target_oracle,6,0.0,0.743272956514288,1.0,1.9637869093287725,1
Wall,58,7,probe_calibration,shared_metric,target_oracle,1,1.0,0.06529728818904403,0.0,3.1133817587574453,1
Wall,58,7,probe_calibration,shared_metric,target_oracle,3,0.37253843519267743,0.6504604211361167,0.0,2.2044119401007722,1
Wall,58,7,probe_calibration,shared_metric,target_oracle,6,0.0,0.7588314336622513,1.0,2.4634669799224014,1
Wall,59,7,probe_calibration,shared_metric,target_oracle,1,0.5769230998479485,0.25746031862794605,0.0,2.307590820934554,1
Wall,59,7,probe_calibration,shared_metric,target_oracle,3,0.5425164673982803,0.24864913065229233,0.0,2.444650936791712,1
Wall,59,7,probe_calibration,shared_metric,target_oracle,6,0.0384098724291757,0.8681811594856601,0.0,2.2162071298437853,1
Wall,60,7,probe_calibration,shared_metric,target_oracle,1,0.42388484140092425,0.5910648676499987,0.0,2.0199856652510246,1
Wall,60,7,probe_calibration,shared_metric,target_oracle,3,1.0,0.372922388412447,0.0,2.169554584110217,1
Wall,60,7,probe_calibration,shared_metric,target_oracle,6,0.0,0.9623545847400261,1.0,4.188451375327864,1
Wall,61,7,probe_calibration,shared_metric,target_oracle,1,0.5769229737611241,0.3193723439191793,0.0,2.793158112403135,1
Wall,61,7,probe_calibration,shared_metric,target_oracle,3,0.44839246314089143,0.4463360168066969,0.0,1.9124811683142864,1
Wall,61,7,probe_calibration,shared_metric,target_oracle,6,0.4502397922056558,0.6600262338713137,0.0,1.167779304785306,1
Wall,62,7,probe_calibration,shared_metric,target_oracle,1,0.4132178672085921,0.548063036314862,0.0,2.6262677961517142,1
Wall,62,7,probe_calibration,shared_metric,target_oracle,3,0.7801692985336166,0.6512839173643227,0.0,1.6087728033900657,1
Wall,62,7,probe_calibration,shared_metric,target_oracle,6,0.0,0.9171639685722035,1.0,1.866927312864886,1
Wall,63,7,probe_calibration,shared_metric,target_oracle,1,0.24523110659307876,0.8215897809289541,0.0,4.382062385394929,1
Wall,63,7,probe_calibration,shared_metric,target_oracle,3,0.478098760424406,0.33400720996272626,0.0,2.499211312703449,1
Wall,63,7,probe_calibration,shared_metric,target_oracle,6,0.00019741427914541553,0.6254338083695874,0.0,0.9967545822859861,1
Wall,80,10,probe_calibration,shared_metric,target_oracle,1,0.576922927911456,0.3506891124695986,0.0,3.3470262344184367,1
Wall,80,10,probe_calibration,shared_metric,target_oracle,3,0.40086575081706627,0.1815782098189435,0.0,2.8080678802482653,1
Wall,80,10,probe_calibration,shared_metric,target_oracle,6,0.40352937592414434,0.12370787273928985,0.0,2.014467030458822,1
Wall,81,10,probe_calibration,shared_metric,target_oracle,1,1.0,0.045850264089207234,0.0,3.09367214827198,1
Wall,81,10,probe_calibration,shared_metric,target_oracle,3,0.49285643143920577,0.20448803683315028,0.0,3.0108383979302573,1
Wall,81,10,probe_calibration,shared_metric,target_oracle,6,0.49599511143928326,0.2672333181662256,0.0,1.822092627546322,1
Wall,82,10,probe_calibration,shared_metric,target_oracle,1,0.576923053998219,0.25646418014648825,0.0,1.9502398635020424,1
Wall,82,10,probe_calibration,shared_metric,target_oracle,3,0.5836769031143872,0.2941380740825062,0.0,2.71954691249844,1
Wall,82,10,probe_calibration,shared_metric,target_oracle,6,0.0,0.5030518747891949,1.0,2.437067019635308,1
Wall,83,10,probe_calibration,shared_metric,target_oracle,1,0.4258474519444687,0.09701327649592936,0.0,4.041699675064973,1
Wall,83,10,probe_calibration,shared_metric,target_oracle,3,0.5179135730187724,0.24698903387427065,0.0,3.2587870843337825,1
Wall,83,10,probe_calibration,shared_metric,target_oracle,6,0.0,0.9024227671346692,1.0,3.4826101366957234,1
Wall,84,10,probe_calibration,shared_metric,target_oracle,1,0.6166901715126364,0.6404003760881058,0.0,2.0496757052525436,1
Wall,84,10,probe_calibration,shared_metric,target_oracle,3,0.22420097109587941,0.13937870343685788,0.0,3.1765029141534606,1
Wall,84,10,probe_calibration,shared_metric,target_oracle,6,0.9263130676235931,0.6284043695384183,0.0,1.2998786418172967,1
Wall,85,10,probe_calibration,shared_metric,target_oracle,1,1.0,0.11139185056592622,0.0,3.2233130457983843,1
Wall,85,10,probe_calibration,shared_metric,target_oracle,3,0.5192948243317934,0.37935295915379985,0.0,3.363285604421841,1
Wall,85,10,probe_calibration,shared_metric,target_oracle,6,0.0,0.6642089863081665,1.0,2.9058277172986813,1
Wall,86,10,probe_calibration,shared_metric,target_oracle,1,1.0,0.06474779882216533,0.0,3.138735387102362,1
Wall,86,10,probe_calibration,shared_metric,target_oracle,3,0.46305265182903704,0.3378742942729539,0.0,3.626025088366662,1
Wall,86,10,probe_calibration,shared_metric,target_oracle,6,0.006391948627848392,0.9307398742194359,0.0,2.558255584526942,1
Wall,87,10,probe_calibration,shared_metric,target_oracle,1,0.5769228018246181,0.07667057692627464,0.0,3.6485081740207748,1
Wall,87,10,probe_calibration,shared_metric,target_oracle,3,0.5351796704291263,0.4464076318825565,0.0,3.341401386889862,1
Wall,87,10,probe_calibration,shared_metric,target_oracle,6,0.0,0.8737619862640618,1.0,2.812329652695338,1
Wall,32,4,probe_calibration,goal_permuted_metric,target_oracle,1,0.5769235239579393,0.06410028250689738,0.0,2.4732991555592405,1
Wall,32,4,probe_calibration,goal_permuted_metric,target_oracle,3,0.5295492609377724,0.39692240136022544,0.0,2.78790378753261,1
Wall,32,4,probe_calibration,goal_permuted_metric,target_oracle,6,0.0,0.7493731652747203,1.0,3.8718395845964606,1
Wall,33,4,probe_calibration,goal_permuted_metric,target_oracle,1,0.4195809135073452,0.4678280286449053,0.0,1.415772824219156,1
Wall,33,4,probe_calibration,goal_permuted_metric,target_oracle,3,1.0,0.2768956796958443,0.0,2.284760139538549,1
Wall,33,4,probe_calibration,goal_permuted_metric,target_oracle,6,1.0,0.2753462184776312,0.0,1.7530796889922142,1
Wall,34,4,probe_calibration,goal_permuted_metric,target_oracle,1,0.42617293752270563,0.22506743456618253,0.0,2.4267956478697865,1
Wall,34,4,probe_calibration,goal_permuted_metric,target_oracle,3,0.6557452979778344,0.2464761734925764,0.0,2.2994817353132357,1
Wall,34,4,probe_calibration,goal_permuted_metric,target_oracle,6,0.0,0.9625852167710982,1.0,2.6081523314280837,1
Wall,35,4,probe_calibration,goal_permuted_metric,target_oracle,1,0.026272457382728185,0.9665540336089089,0.0,0.4685918074817465,1
Wall,35,4,probe_calibration,goal_permuted_metric,target_oracle,3,1.0,0.21099849246571237,0.0,1.973474594710772,1
Wall,35,4,probe_calibration,goal_permuted_metric,target_oracle,6,0.0,0.6117865370719676,1.0,1.7789802812541784,1
Wall,36,4,probe_calibration,goal_permuted_metric,target_oracle,1,0.0,0.4480633425190128,1.0,1.6022336406133932,1
Wall,36,4,probe_calibration,goal_permuted_metric,target_oracle,3,0.17699910612999398,0.2242608329598659,0.0,2.4504982161500712,1
Wall,36,4,probe_calibration,goal_permuted_metric,target_oracle,6,0.0,0.8293854550308649,1.0,2.6552230799274885,1
Wall,37,4,probe_calibration,goal_permuted_metric,target_oracle,1,0.12148913824817223,0.6898488749909318,0.0,1.17756242454755,1
Wall,37,4,probe_calibration,goal_permuted_metric,target_oracle,3,0.19292698570659403,0.3282320224692351,0.0,2.5423462871208677,1
Wall,37,4,probe_calibration,goal_permuted_metric,target_oracle,6,0.0,0.7614914595460492,1.0,2.599369111250146,1
Wall,38,4,probe_calibration,goal_permuted_metric,target_oracle,1,0.4184429353867538,0.5107884280507061,0.0,1.4975330856840672,1
Wall,38,4,probe_calibration,goal_permuted_metric,target_oracle,3,0.6483328044756054,0.40578366825579204,0.0,2.0483236915877985,1
Wall,38,4,probe_calibration,goal_permuted_metric,target_oracle,6,0.0,0.5819010519602613,1.0,1.651688982293796,1
Wall,39,4,probe_calibration,goal_permuted_metric,target_oracle,1,0.15343599716185322,0.4247213260369045,0.0,2.0329818079899202,1
Wall,39,4,probe_calibration,goal_permuted_metric,target_oracle,3,0.19791346524633158,0.16573736068859862,0.0,1.7585081077771247,1
Wall,39,4,probe_calibration,goal_permuted_metric,target_oracle,6,0.0,0.814048029560169,1.0,1.8241623283990545,1
Wall,56,7,probe_calibration,goal_permuted_metric,target_oracle,1,1.0,0.14064776020372913,0.0,3.0952870518467877,1
Wall,56,7,probe_calibration,goal_permuted_metric,target_oracle,3,0.4431616480899524,0.5222200794067304,0.0,1.971000570434736,1
Wall,56,7,probe_calibration,goal_permuted_metric,target_oracle,6,0.0,0.6140641061293225,1.0,2.577410203964284,1
Wall,57,7,probe_calibration,goal_permuted_metric,target_oracle,1,0.2673324305218624,0.7517738545629067,0.0,1.0383620620271277,1
Wall,57,7,probe_calibration,goal_permuted_metric,target_oracle,3,0.7837316672202274,0.3241807153483447,0.0,3.3225588114526694,1
Wall,57,7,probe_calibration,goal_permuted_metric,target_oracle,6,0.0,0.7168183518883796,1.0,2.0084354487097826,1
Wall,58,7,probe_calibration,goal_permuted_metric,target_oracle,1,1.0,0.06529728818904403,0.0,3.6435557314990534,1
Wall,58,7,probe_calibration,goal_permuted_metric,target_oracle,3,0.41887271323054837,0.6470264272880771,0.0,2.6570565232592696,1
Wall,58,7,probe_calibration,goal_permuted_metric,target_oracle,6,0.0,0.7134499312563829,1.0,2.5871008267551088,1
Wall,59,7,probe_calibration,goal_permuted_metric,target_oracle,1,0.5769230998479485,0.25746031862794605,0.0,3.1182785767339305,1
Wall,59,7,probe_calibration,goal_permuted_metric,target_oracle,3,0.46425852598780576,0.10540467477833768,0.0,3.007234011260437,1
Wall,59,7,probe_calibration,goal_permuted_metric,target_oracle,6,0.0384098724291757,0.8633850929664709,0.0,2.2600302269741035,1
Wall,60,7,probe_calibration,goal_permuted_metric,target_oracle,1,0.42388484140092425,0.3584517460320584,0.0,2.3845930268623303,1
Wall,60,7,probe_calibration,goal_permuted_metric,target_oracle,3,0.49169029031901385,0.3708481814107451,0.0,2.492119198162389,1
Wall,60,7,probe_calibration,goal_permuted_metric,target_oracle,6,0.0,0.9644391440530575,1.0,4.440428412910526,1
Wall,61,7,probe_calibration,goal_permuted_metric,target_oracle,1,0.5769229737611241,0.37061200213293943,0.0,2.955114038426885,1
Wall,61,7,probe_calibration,goal_permuted_metric,target_oracle,3,0.44839246314089143,0.44506108590361976,0.0,1.9177574252021807,1
Wall,61,7,probe_calibration,goal_permuted_metric,target_oracle,6,0.4502397922056558,0.7899168574530658,0.0,1.2725593658968244,1
Wall,62,7,probe_calibration,goal_permuted_metric,target_oracle,1,0.4132178672085921,0.6553680497453822,0.0,2.4521770850555433,1
Wall,62,7,probe_calibration,goal_permuted_metric,target_oracle,3,0.2102611107200373,0.6421659512876776,0.0,1.8979344331472205,1
Wall,62,7,probe_calibration,goal_permuted_metric,target_oracle,6,0.0,0.9263831360712044,1.0,1.9010755739403504,1
Wall,63,7,probe_calibration,goal_permuted_metric,target_oracle,1,0.24523110659307876,0.7631673517421012,0.0,4.064777916121534,1
Wall,63,7,probe_calibration,goal_permuted_metric,target_oracle,3,0.478098760424406,0.42999010111110597,0.0,2.7471905487951367,1
Wall,63,7,probe_calibration,goal_permuted_metric,target_oracle,6,0.020457887390995633,0.5370099053021251,0.0,1.0067665891969362,1
Wall,80,10,probe_calibration,goal_permuted_metric,target_oracle,1,0.576922927911456,0.31894141436590506,0.0,3.160911867800997,1
Wall,80,10,probe_calibration,goal_permuted_metric,target_oracle,3,0.40086575081706627,0.18832205825699272,0.0,2.6177239816139766,1
Wall,80,10,probe_calibration,goal_permuted_metric,target_oracle,6,0.40352937592414434,0.15711161085269024,0.0,1.924436574509338,1
Wall,81,10,probe_calibration,goal_permuted_metric,target_oracle,1,0.5769228648680464,0.16194196100811176,0.0,3.1765737985332994,1
Wall,81,10,probe_calibration,goal_permuted_metric,target_oracle,3,0.49285643143920577,0.2633740840014939,0.0,2.991826447946843,1
Wall,81,10,probe_calibration,goal_permuted_metric,target_oracle,6,0.49599511143928326,0.36340428244114575,0.0,1.795459103168931,1
Wall,82,10,probe_calibration,goal_permuted_metric,target_oracle,1,0.576923053998219,0.28624085477648487,0.0,2.093706799503835,1
Wall,82,10,probe_calibration,goal_permuted_metric,target_oracle,3,0.5836769031143872,0.16705007253157952,0.0,2.9413878571603655,1
Wall,82,10,probe_calibration,goal_permuted_metric,target_oracle,6,0.0,0.5678968979912414,1.0,2.4747837998091247,1
Wall,83,10,probe_calibration,goal_permuted_metric,target_oracle,1,0.4258474519444687,0.11919395614779252,0.0,4.4872512676680865,1
Wall,83,10,probe_calibration,goal_permuted_metric,target_oracle,3,0.5179135730187724,0.24481484425455388,0.0,4.07297054782135,1
Wall,83,10,probe_calibration,goal_permuted_metric,target_oracle,6,0.0,0.8865762419512166,1.0,3.652408263935201,1
Wall,84,10,probe_calibration,goal_permuted_metric,target_oracle,1,0.125431457543622,0.7215716085968037,0.0,1.8212535729274972,1
Wall,84,10,probe_calibration,goal_permuted_metric,target_oracle,3,0.22420097109587941,0.15070073095365194,0.0,3.314458834087982,1
Wall,84,10,probe_calibration,goal_permuted_metric,target_oracle,6,0.9263130676235931,0.6284043695384183,0.0,1.553528137719933,1
Wall,85,10,probe_calibration,goal_permuted_metric,target_oracle,1,1.0,0.09619820949187617,0.0,3.720289207196806,1
Wall,85,10,probe_calibration,goal_permuted_metric,target_oracle,3,0.5192948243317934,0.38647593019434884,0.0,3.353819789483525,1
Wall,85,10,probe_calibration,goal_permuted_metric,target_oracle,6,0.0,0.7133678615910809,1.0,2.9441358777749107,1
Wall,86,10,probe_calibration,goal_permuted_metric,target_oracle,1,1.0,0.03846812238757246,0.0,3.446995768508352,1
Wall,86,10,probe_calibration,goal_permuted_metric,target_oracle,3,0.46305265182903704,0.28045377166911456,0.0,4.0802198499657045,1
Wall,86,10,probe_calibration,goal_permuted_metric,target_oracle,6,0.006391948627848392,0.9400371088856626,0.0,2.658392452353658,1
Wall,87,10,probe_calibration,goal_permuted_metric,target_oracle,1,0.5769228018246181,0.09504045000581986,0.0,4.001514292017632,1
Wall,87,10,probe_calibration,goal_permuted_metric,target_oracle,3,0.5351796704291263,0.47963665639874165,0.0,3.7696404675430406,1
Wall,87,10,probe_calibration,goal_permuted_metric,target_oracle,6,0.0,0.8523946930236579,1.0,3.003672999938234,1
Wall,32,4,probe_calibration,native_metric,target_oracle,1,0.23327620227791085,0.4315251909649548,0.0,1.0084581323737798,1
Wall,32,4,probe_calibration,native_metric,target_oracle,3,0.0,0.7212953487413493,1.0,0.9999999984068958,1
Wall,32,4,probe_calibration,native_metric,target_oracle,6,0.0,0.9350285730500784,1.0,0.9567714054994685,1
Wall,33,4,probe_calibration,native_metric,target_oracle,1,0.12049176248367949,0.25684771892589475,0.0,1.0396957597422032,1
Wall,33,4,probe_calibration,native_metric,target_oracle,3,0.025303128351388832,0.5598640487480251,0.0,0.999999999326248,1
Wall,33,4,probe_calibration,native_metric,target_oracle,6,0.608798168138698,0.7024368006905161,0.0,0.9428396285246975,1
Wall,34,4,probe_calibration,native_metric,target_oracle,1,0.42617293752270563,0.353483822941775,0.0,1.0137436799822124,1
Wall,34,4,probe_calibration,native_metric,target_oracle,3,0.20937855895681534,0.48072684135041327,0.0,1.0000000000585751,1
Wall,34,4,probe_calibration,native_metric,target_oracle,6,0.0,0.9663577798902799,1.0,0.40216519949366697,1
Wall,35,4,probe_calibration,native_metric,target_oracle,1,0.45944602569833104,0.2403684986914035,0.0,1.0391625146522212,1
Wall,35,4,probe_calibration,native_metric,target_oracle,3,0.014918743941300026,0.5679628763614755,0.0,0.9999999992923133,1
Wall,35,4,probe_calibration,native_metric,target_oracle,6,0.0,0.8598439160015224,1.0,0.7300053412896949,1
Wall,36,4,probe_calibration,native_metric,target_oracle,1,0.0,0.7926060721934961,1.0,0.9652977970718459,1
Wall,36,4,probe_calibration,native_metric,target_oracle,3,0.17699910612999398,0.5,0.0,1.000000000425995,1
Wall,36,4,probe_calibration,native_metric,target_oracle,6,0.0,0.9093740086585024,1.0,0.5094975124729239,1
Wall,37,4,probe_calibration,native_metric,target_oracle,1,0.42183806375549704,0.5929922242987941,0.0,0.9702981270732469,1
Wall,37,4,probe_calibration,native_metric,target_oracle,3,0.19292698570659403,0.5,0.0,0.9999999997940151,1
Wall,37,4,probe_calibration,native_metric,target_oracle,6,0.0,0.8947937263255237,1.0,0.5659431927252163,1
Wall,38,4,probe_calibration,native_metric,target_oracle,1,0.4184423393400929,0.4800435894219559,0.0,0.9203955399474835,1
Wall,38,4,probe_calibration,native_metric,target_oracle,3,0.04750742370559779,0.5624086609078495,0.0,0.9999999994218669,1
Wall,38,4,probe_calibration,native_metric,target_oracle,6,0.0,0.8374639620363662,1.0,0.6225861903025138,1
Wall,39,4,probe_calibration,native_metric,target_oracle,1,0.532277537719947,0.5045449303503049,0.0,1.004045014198369,1
Wall,39,4,probe_calibration,native_metric,target_oracle,3,0.04778158793725003,0.5,0.0,0.9999999999594626,1
Wall,39,4,probe_calibration,native_metric,target_oracle,6,0.0,0.9408293097274241,1.0,0.42093289670238515,1
Wall,56,7,probe_calibration,native_metric,target_oracle,1,0.3690833233122974,0.5959177061581314,0.0,0.9923783285475911,1
Wall,56,7,probe_calibration,native_metric,target_oracle,3,0.23036120792482154,0.5036973364067894,0.0,1.0000000000973126,1
Wall,56,7,probe_calibration,native_metric,target_oracle,6,0.0,0.6285781266517931,1.0,0.9034158574300944,1
Wall,57,7,probe_calibration,native_metric,target_oracle,1,0.12214836546221602,0.36344463924769405,0.0,1.02847087078764,1
Wall,57,7,probe_calibration,native_metric,target_oracle,3,0.4085223272943,0.44289634493109103,0.0,1.0000000004268081,1
Wall,57,7,probe_calibration,native_metric,target_oracle,6,0.011482848384173773,0.7490120757616605,0.0,0.9238490068096642,1
Wall,58,7,probe_calibration,native_metric,target_oracle,1,0.4308097115074557,0.565290440686139,0.0,0.9958090116642442,1
Wall,58,7,probe_calibration,native_metric,target_oracle,3,0.37253843519267743,0.5,0.0,1.00000000008304,1
Wall,58,7,probe_calibration,native_metric,target_oracle,6,0.0,0.7681374551536302,1.0,0.7921021642091098,1
Wall,59,7,probe_calibration,native_metric,target_oracle,1,0.05612136940528252,0.7661221877403074,0.0,0.9531204596486249,1
Wall,59,7,probe_calibration,native_metric,target_oracle,3,0.42896177005506186,0.5,0.0,1.000000000277421,1
Wall,59,7,probe_calibration,native_metric,target_oracle,6,0.0,0.8771746028523608,1.0,0.6699750165427784,1
Wall,60,7,probe_calibration,native_metric,target_oracle,1,0.42388543744758517,0.6172769402688003,0.0,0.9835537939778987,1
Wall,60,7,probe_calibration,native_metric,target_oracle,3,0.0,0.5,1.0,1.0000000002234977,1
Wall,60,7,probe_calibration,native_metric,target_oracle,6,0.0,0.9781090677958195,1.0,0.6542270016602164,1
Wall,61,7,probe_calibration,native_metric,target_oracle,1,0.12632229265840167,0.28237441360796367,0.0,1.1418213621411148,1
Wall,61,7,probe_calibration,native_metric,target_oracle,3,0.44839246314089143,0.5,0.0,0.9999999998079188,1
Wall,61,7,probe_calibration,native_metric,target_oracle,6,0.4502397922056558,0.5366787622982583,0.0,1.0026285537664785,1
Wall,62,7,probe_calibration,native_metric,target_oracle,1,0.576922927911456,0.7183200079538365,0.0,0.912324758806323,1
Wall,62,7,probe_calibration,native_metric,target_oracle,3,0.7801692985336166,0.4795673248463105,0.0,1.000000000410718,1
Wall,62,7,probe_calibration,native_metric,target_oracle,6,0.0,0.9171639685722035,1.0,0.7769321321582593,1
Wall,63,7,probe_calibration,native_metric,target_oracle,1,0.265807823288907,0.7908271793519017,0.0,0.7925359307088957,1
Wall,63,7,probe_calibration,native_metric,target_oracle,3,0.045538004576797395,0.5105252821531515,0.0,0.999999999724921,1
Wall,63,7,probe_calibration,native_metric,target_oracle,6,0.9115639272930521,0.4826413602063165,0.0,1.0096402013339099,1
Wall,80,10,probe_calibration,native_metric,target_oracle,1,0.3059116188235056,0.4774649396323815,0.0,1.0921197009149766,1
Wall,80,10,probe_calibration,native_metric,target_oracle,3,0.10549320608171653,0.5,0.0,0.9999999997594242,1
Wall,80,10,probe_calibration,native_metric,target_oracle,6,0.8727914688867177,0.3412987455410832,0.0,1.0498284733455776,1
Wall,81,10,probe_calibration,native_metric,target_oracle,1,1.0,0.182713426726583,0.0,1.1748020504583097,1
Wall,81,10,probe_calibration,native_metric,target_oracle,3,0.49285643143920577,0.5272333455096402,0.0,0.9999999997706508,1
Wall,81,10,probe_calibration,native_metric,target_oracle,6,0.49599511143928326,0.37315552308767513,0.0,1.0170090164237156,1
Wall,82,10,probe_calibration,native_metric,target_oracle,1,0.12472894794250776,0.5880247756899097,0.0,0.9810515560706022,1
Wall,82,10,probe_calibration,native_metric,target_oracle,3,1.0,0.47842283747957964,0.0,1.0000000005872398,1
Wall,82,10,probe_calibration,native_metric,target_oracle,6,0.0,0.6507951928047219,1.0,0.8172619520206853,1
Wall,83,10,probe_calibration,native_metric,target_oracle,1,0.4258474519444687,0.3920571320771121,0.0,1.0201876339977152,1
Wall,83,10,probe_calibration,native_metric,target_oracle,3,0.0,0.4116245995205056,1.0,1.0000000002775922,1
Wall,83,10,probe_calibration,native_metric,target_oracle,6,0.0,0.9231460270965948,1.0,0.7255013854789525,1
Wall,84,10,probe_calibration,native_metric,target_oracle,1,0.6166901715126364,0.7257323606276147,0.0,0.9849139094184647,1
Wall,84,10,probe_calibration,native_metric,target_oracle,3,0.8418877078698661,0.5,0.0,1.0000000000149156,1
Wall,84,10,probe_calibration,native_metric,target_oracle,6,0.0028606052523283236,0.9648682074894499,0.0,0.7938187180171565,1
Wall,85,10,probe_calibration,native_metric,target_oracle,1,0.12514327471611789,0.7909572842662883,0.0,0.9571929082131889,1
Wall,85,10,probe_calibration,native_metric,target_oracle,3,0.09926270452910076,0.40930511195635116,0.0,1.0000000004923595,1
Wall,85,10,probe_calibration,native_metric,target_oracle,6,0.0,0.6781052901915522,1.0,0.7006732465866373,1
Wall,86,10,probe_calibration,native_metric,target_oracle,1,0.576923053998219,0.22694409144909272,0.0,1.037981246953487,1
Wall,86,10,probe_calibration,native_metric,target_oracle,3,0.4227058627355493,0.47396648804286884,0.0,1.0000000000943667,1
Wall,86,10,probe_calibration,native_metric,target_oracle,6,0.006391948627848392,0.9237602559298732,0.0,0.5427636477365748,1
Wall,87,10,probe_calibration,native_metric,target_oracle,1,0.1526776502171696,0.9543205333367117,0.0,0.9290604687722686,1
Wall,87,10,probe_calibration,native_metric,target_oracle,3,0.48122322736281026,0.45614601078070377,0.0,1.0000000001577412,1
Wall,87,10,probe_calibration,native_metric,target_oracle,6,0.0,0.8850404434509171,1.0,0.5212312701351056,1
Wall,32,4,probe_calibration,simulator_oracle,target_oracle,1,0.0,1.0,1.0,0.0,1
Wall,32,4,probe_calibration,simulator_oracle,target_oracle,3,0.0,1.0,1.0,0.0,1
Wall,32,4,probe_calibration,simulator_oracle,target_oracle,6,0.0,1.0,1.0,0.0,1
Wall,33,4,probe_calibration,simulator_oracle,target_oracle,1,0.0,1.0,1.0,0.0,1
Wall,33,4,probe_calibration,simulator_oracle,target_oracle,3,0.0,1.0,1.0,0.0,1
Wall,33,4,probe_calibration,simulator_oracle,target_oracle,6,0.0,1.0,1.0,0.0,1
Wall,34,4,probe_calibration,simulator_oracle,target_oracle,1,0.0,1.0,1.0,0.0,1
Wall,34,4,probe_calibration,simulator_oracle,target_oracle,3,0.0,1.0,1.0,0.0,1
Wall,34,4,probe_calibration,simulator_oracle,target_oracle,6,0.0,1.0,1.0,0.0,1
Wall,35,4,probe_calibration,simulator_oracle,target_oracle,1,0.0,1.0,1.0,0.0,1
Wall,35,4,probe_calibration,simulator_oracle,target_oracle,3,0.0,1.0,1.0,0.0,1
Wall,35,4,probe_calibration,simulator_oracle,target_oracle,6,0.0,1.0,1.0,0.0,1
Wall,36,4,probe_calibration,simulator_oracle,target_oracle,1,0.0,1.0,1.0,0.0,1
Wall,36,4,probe_calibration,simulator_oracle,target_oracle,3,0.0,1.0,1.0,0.0,1
Wall,36,4,probe_calibration,simulator_oracle,target_oracle,6,0.0,1.0,1.0,0.0,1
Wall,37,4,probe_calibration,simulator_oracle,target_oracle,1,0.0,1.0,1.0,0.0,1
Wall,37,4,probe_calibration,simulator_oracle,target_oracle,3,0.0,1.0,1.0,0.0,1
Wall,37,4,probe_calibration,simulator_oracle,target_oracle,6,0.0,1.0,1.0,0.0,1
Wall,38,4,probe_calibration,simulator_oracle,target_oracle,1,0.0,1.0,1.0,0.0,1
Wall,38,4,probe_calibration,simulator_oracle,target_oracle,3,0.0,1.0,1.0,0.0,1
Wall,38,4,probe_calibration,simulator_oracle,target_oracle,6,0.0,1.0,1.0,0.0,1
Wall,39,4,probe_calibration,simulator_oracle,target_oracle,1,0.0,1.0,1.0,0.0,1
Wall,39,4,probe_calibration,simulator_oracle,target_oracle,3,0.0,1.0,1.0,0.0,1
Wall,39,4,probe_calibration,simulator_oracle,target_oracle,6,0.0,1.0,1.0,0.0,1
Wall,56,7,probe_calibration,simulator_oracle,target_oracle,1,0.0,1.0,1.0,0.0,1
Wall,56,7,probe_calibration,simulator_oracle,target_oracle,3,0.0,1.0,1.0,0.0,1
Wall,56,7,probe_calibration,simulator_oracle,target_oracle,6,0.0,1.0,1.0,0.0,1
Wall,57,7,probe_calibration,simulator_oracle,target_oracle,1,0.0,1.0,1.0,0.0,1
Wall,57,7,probe_calibration,simulator_oracle,target_oracle,3,0.0,1.0,1.0,0.0,1
Wall,57,7,probe_calibration,simulator_oracle,target_oracle,6,0.0,1.0,1.0,0.0,1
Wall,58,7,probe_calibration,simulator_oracle,target_oracle,1,0.0,1.0,1.0,0.0,1
Wall,58,7,probe_calibration,simulator_oracle,target_oracle,3,0.0,1.0,1.0,0.0,1
Wall,58,7,probe_calibration,simulator_oracle,target_oracle,6,0.0,1.0,1.0,0.0,1
Wall,59,7,probe_calibration,simulator_oracle,target_oracle,1,0.0,1.0,1.0,0.0,1
Wall,59,7,probe_calibration,simulator_oracle,target_oracle,3,0.0,1.0,1.0,0.0,1
Wall,59,7,probe_calibration,simulator_oracle,target_oracle,6,0.0,1.0,1.0,0.0,1
Wall,60,7,probe_calibration,simulator_oracle,target_oracle,1,0.0,1.0,1.0,0.0,1
Wall,60,7,probe_calibration,simulator_oracle,target_oracle,3,0.0,1.0,1.0,0.0,1
Wall,60,7,probe_calibration,simulator_oracle,target_oracle,6,0.0,1.0,1.0,0.0,1
Wall,61,7,probe_calibration,simulator_oracle,target_oracle,1,0.0,1.0,1.0,0.0,1
Wall,61,7,probe_calibration,simulator_oracle,target_oracle,3,0.0,1.0,1.0,0.0,1
Wall,61,7,probe_calibration,simulator_oracle,target_oracle,6,0.0,1.0,1.0,0.0,1
Wall,62,7,probe_calibration,simulator_oracle,target_oracle,1,0.0,1.0,1.0,0.0,1
Wall,62,7,probe_calibration,simulator_oracle,target_oracle,3,0.0,1.0,1.0,0.0,1
Wall,62,7,probe_calibration,simulator_oracle,target_oracle,6,0.0,1.0,1.0,0.0,1
Wall,63,7,probe_calibration,simulator_oracle,target_oracle,1,0.0,1.0,1.0,0.0,1
Wall,63,7,probe_calibration,simulator_oracle,target_oracle,3,0.0,1.0,1.0,0.0,1
Wall,63,7,probe_calibration,simulator_oracle,target_oracle,6,0.0,1.0,1.0,0.0,1
Wall,80,10,probe_calibration,simulator_oracle,target_oracle,1,0.0,1.0,1.0,0.0,1
Wall,80,10,probe_calibration,simulator_oracle,target_oracle,3,0.0,1.0,1.0,0.0,1
Wall,80,10,probe_calibration,simulator_oracle,target_oracle,6,0.0,1.0,1.0,0.0,1
Wall,81,10,probe_calibration,simulator_oracle,target_oracle,1,0.0,1.0,1.0,0.0,1
Wall,81,10,probe_calibration,simulator_oracle,target_oracle,3,0.0,1.0,1.0,0.0,1
Wall,81,10,probe_calibration,simulator_oracle,target_oracle,6,0.0,1.0,1.0,0.0,1
Wall,82,10,probe_calibration,simulator_oracle,target_oracle,1,0.0,1.0,1.0,0.0,1
Wall,82,10,probe_calibration,simulator_oracle,target_oracle,3,0.0,1.0,1.0,0.0,1
Wall,82,10,probe_calibration,simulator_oracle,target_oracle,6,0.0,1.0,1.0,0.0,1
Wall,83,10,probe_calibration,simulator_oracle,target_oracle,1,0.0,1.0,1.0,0.0,1
Wall,83,10,probe_calibration,simulator_oracle,target_oracle,3,0.0,1.0,1.0,0.0,1
Wall,83,10,probe_calibration,simulator_oracle,target_oracle,6,0.0,1.0,1.0,0.0,1
Wall,84,10,probe_calibration,simulator_oracle,target_oracle,1,0.0,1.0,1.0,0.0,1
Wall,84,10,probe_calibration,simulator_oracle,target_oracle,3,0.0,1.0,1.0,0.0,1
Wall,84,10,probe_calibration,simulator_oracle,target_oracle,6,0.0,1.0,1.0,0.0,1
Wall,85,10,probe_calibration,simulator_oracle,target_oracle,1,0.0,1.0,1.0,0.0,1
Wall,85,10,probe_calibration,simulator_oracle,target_oracle,3,0.0,1.0,1.0,0.0,1
Wall,85,10,probe_calibration,simulator_oracle,target_oracle,6,0.0,1.0,1.0,0.0,1
Wall,86,10,probe_calibration,simulator_oracle,target_oracle,1,0.0,1.0,1.0,0.0,1
Wall,86,10,probe_calibration,simulator_oracle,target_oracle,3,0.0,1.0,1.0,0.0,1
Wall,86,10,probe_calibration,simulator_oracle,target_oracle,6,0.0,1.0,1.0,0.0,1
Wall,87,10,probe_calibration,simulator_oracle,target_oracle,1,0.0,1.0,1.0,0.0,1
Wall,87,10,probe_calibration,simulator_oracle,target_oracle,3,0.0,1.0,1.0,0.0,1
Wall,87,10,probe_calibration,simulator_oracle,target_oracle,6,0.0,1.0,1.0,0.0,1
Wall,8,1,development_holdout,shared_metric,target_oracle,1,0.3151769439537263,0.09258138809687284,0.0,3.880964528315289,1
Wall,8,1,development_holdout,shared_metric,target_oracle,3,0.08482373582968013,0.5640712748690714,0.0,2.9977363320237944,1
Wall,8,1,development_holdout,shared_metric,target_oracle,6,0.0,0.7309629389408667,1.0,2.808685023593066,1
Wall,9,1,development_holdout,shared_metric,target_oracle,1,1.0,0.21428857390485662,0.0,3.0589498660562002,1
Wall,9,1,development_holdout,shared_metric,target_oracle,3,0.5401508363621974,0.08448550537296486,0.0,2.9742098306677027,1
Wall,9,1,development_holdout,shared_metric,target_oracle,6,0.014740318180249878,0.8849470675977427,0.0,2.269485599775598,1
Wall,10,1,development_holdout,shared_metric,target_oracle,1,1.0,0.03473103590970339,0.0,3.8762732453273325,1
Wall,10,1,development_holdout,shared_metric,target_oracle,3,0.5947689626180442,0.23291100946792154,0.0,4.915906567766446,1
Wall,10,1,development_holdout,shared_metric,target_oracle,6,0.0,0.8673280021213878,1.0,3.504654460302064,1
Wall,11,1,development_holdout,shared_metric,target_oracle,1,0.12172401676917176,0.6493272065174323,0.0,2.2394087459599987,1
Wall,11,1,development_holdout,shared_metric,target_oracle,3,0.5797788828767878,0.12466469851736244,0.0,7.389753862714905,1
Wall,11,1,development_holdout,shared_metric,target_oracle,6,0.0,0.888551884357413,1.0,2.86163807475654,1
Wall,12,1,development_holdout,shared_metric,target_oracle,1,0.576922927911456,0.4617115585846078,0.0,2.1725019050134136,1
Wall,12,1,development_holdout,shared_metric,target_oracle,3,0.49638329062480707,0.11970340786530476,0.0,3.609077498179438,1
Wall,12,1,development_holdout,shared_metric,target_oracle,6,0.7041015027113918,0.37706962501294694,0.0,1.8777993898951086,1
Wall,13,1,development_holdout,shared_metric,target_oracle,1,0.4210561764869795,0.6593624063033272,0.0,1.6734003631256276,1
Wall,13,1,development_holdout,shared_metric,target_oracle,3,0.35743949944159636,0.519246785574489,0.0,3.0649869786390647,1
Wall,13,1,development_holdout,shared_metric,target_oracle,6,0.0,0.7956873007266421,1.0,3.523468267018418,1
Wall,14,1,development_holdout,shared_metric,target_oracle,1,0.4265192405294919,0.5495210676982311,0.0,2.332121739125209,1
Wall,14,1,development_holdout,shared_metric,target_oracle,3,0.5564080372737089,0.17750726568708058,0.0,5.0582350303938695,1
Wall,14,1,development_holdout,shared_metric,target_oracle,6,0.0,0.8060150404928874,1.0,2.2315411157549843,1
Wall,15,1,development_holdout,shared_metric,target_oracle,1,0.3489844189002139,0.3322892224210562,0.0,3.4304617544297087,1
Wall,15,1,development_holdout,shared_metric,target_oracle,3,1.0,0.16272946110703548,0.0,4.8352478001638906,1
Wall,15,1,development_holdout,shared_metric,target_oracle,6,0.02109195364658048,0.9487066864853952,0.0,3.6776990224966686,1
Wall,16,2,development_holdout,shared_metric,target_oracle,1,0.08029399387979654,0.8525415336223708,0.0,1.9063967931549777,1
Wall,16,2,development_holdout,shared_metric,target_oracle,3,0.08914329129573813,0.6351474071901942,0.0,3.125971258431407,1
Wall,16,2,development_holdout,shared_metric,target_oracle,6,0.0,0.8673156136988927,1.0,3.864580731918672,1
Wall,17,2,development_holdout,shared_metric,target_oracle,1,0.5769228820618427,0.40006088469118717,0.0,3.8107703920220697,1
Wall,17,2,development_holdout,shared_metric,target_oracle,3,0.0045777647931245415,0.5288471525889549,0.0,4.405906947638594,1
Wall,17,2,development_holdout,shared_metric,target_oracle,6,0.0,0.9134937685610149,1.0,3.598021512121753,1
Wall,18,2,development_holdout,shared_metric,target_oracle,1,0.5769233520213718,0.21120338579203782,0.0,2.7590945478338993,1
Wall,18,2,development_holdout,shared_metric,target_oracle,3,0.13583789196485332,0.657281667694218,0.0,4.65588275412892,1
Wall,18,2,development_holdout,shared_metric,target_oracle,6,0.06074535502837518,0.5657363144471772,0.0,3.0618630858696805,1
Wall,19,2,development_holdout,shared_metric,target_oracle,1,0.007615091005135686,0.7460442018674652,0.0,3.286218513971773,1
Wall,19,2,development_holdout,shared_metric,target_oracle,3,0.0,0.7828029351364777,1.0,3.568185071706073,1
Wall,19,2,development_holdout,shared_metric,target_oracle,6,0.0,0.9087595957715021,1.0,3.9238215901295104,1
Wall,20,2,development_holdout,shared_metric,target_oracle,1,1.0,0.08588934711586953,0.0,3.9958610513281423,1
Wall,20,2,development_holdout,shared_metric,target_oracle,3,0.4878714169545492,0.608554534282498,0.0,3.3710361176752923,1
Wall,20,2,development_holdout,shared_metric,target_oracle,6,0.0,0.8279293417675491,1.0,4.219613844404728,1
Wall,21,2,development_holdout,shared_metric,target_oracle,1,0.4283517854423395,0.5248441330301029,0.0,2.8321447364208296,1
Wall,21,2,development_holdout,shared_metric,target_oracle,3,0.6123023248712188,0.2544571323950449,0.0,3.419080306293338,1
Wall,21,2,development_holdout,shared_metric,target_oracle,6,0.0,0.933297913895189,1.0,3.0555964840825,1
Wall,22,2,development_holdout,shared_metric,target_oracle,1,0.21914233368624259,0.40836777622745496,0.0,4.086314503079475,1
Wall,22,2,development_holdout,shared_metric,target_oracle,3,0.0034078026238675394,0.5283655808774814,0.0,4.427530668851677,1
Wall,22,2,development_holdout,shared_metric,target_oracle,6,0.0,0.9511580697820223,1.0,3.592421143830404,1
Wall,23,2,development_holdout,shared_metric,target_oracle,1,0.0352215604069649,0.9765601494114423,0.0,1.0801473598842926,1
Wall,23,2,development_holdout,shared_metric,target_oracle,3,0.1416057469365363,0.47916221418165017,0.0,2.2903291714966616,1
Wall,23,2,development_holdout,shared_metric,target_oracle,6,0.0,0.8325744383464297,1.0,4.094461207060667,1
Wall,48,6,development_holdout,shared_metric,target_oracle,1,0.1221204240752783,0.383551847313501,0.0,3.544626061254369,1
Wall,48,6,development_holdout,shared_metric,target_oracle,3,0.6780836443816576,0.2546346377103519,0.0,4.1108927853845385,1
Wall,48,6,development_holdout,shared_metric,target_oracle,6,0.0,0.9074563406218564,1.0,2.4225148738824087,1
Wall,49,6,development_holdout,shared_metric,target_oracle,1,0.576923053998219,0.5302055817351464,0.0,3.883643066529341,1
Wall,49,6,development_holdout,shared_metric,target_oracle,3,0.6799023801963275,0.19455175977951214,0.0,5.481734035150935,1
Wall,49,6,development_holdout,shared_metric,target_oracle,6,0.0,0.9296349986625283,1.0,2.119198188670184,1
Wall,50,6,development_holdout,shared_metric,target_oracle,1,0.12336195250522808,0.5796086783066611,0.0,2.400617972954648,1
Wall,50,6,development_holdout,shared_metric,target_oracle,3,0.5259276486523571,0.1852700534261082,0.0,2.597886844686172,1
Wall,50,6,development_holdout,shared_metric,target_oracle,6,0.037144204333989565,0.8535723123098478,0.0,1.5870383067628102,1
Wall,51,6,development_holdout,shared_metric,target_oracle,1,0.4223548821825772,0.11604676242596428,0.0,5.606495401612143,1
Wall,51,6,development_holdout,shared_metric,target_oracle,3,0.26800666634249315,0.2305660983016559,0.0,4.02121993842129,1
Wall,51,6,development_holdout,shared_metric,target_oracle,6,0.0,0.8640968265060167,1.0,2.755724367631366,1
Wall,52,6,development_holdout,shared_metric,target_oracle,1,0.39458057133526225,0.6063487035558769,0.0,2.3736440229737994,1
Wall,52,6,development_holdout,shared_metric,target_oracle,3,0.05051972594698755,0.6999222574641704,0.0,4.001852388556367,1
Wall,52,6,development_holdout,shared_metric,target_oracle,6,0.0,0.8464567958736753,1.0,2.283195903010735,1
Wall,53,6,development_holdout,shared_metric,target_oracle,1,0.12905025338831735,0.6547001472112088,0.0,1.832655137252271,1
Wall,53,6,development_holdout,shared_metric,target_oracle,3,0.6256670140581739,0.07726918358640551,0.0,4.050782902372584,1
Wall,53,6,development_holdout,shared_metric,target_oracle,6,0.0,0.9493463458574476,1.0,1.6893972855494632,1
Wall,54,6,development_holdout,shared_metric,target_oracle,1,0.0,0.6471581937860682,1.0,2.686781843602472,1
Wall,54,6,development_holdout,shared_metric,target_oracle,3,0.5224380559840637,0.19882551610370214,0.0,4.416609178829508,1
Wall,54,6,development_holdout,shared_metric,target_oracle,6,0.030051110614188435,0.8536229311873365,0.0,3.1492819905318847,1
Wall,55,6,development_holdout,shared_metric,target_oracle,1,0.0,0.9139959067812958,1.0,2.7721920391924946,1
Wall,55,6,development_holdout,shared_metric,target_oracle,3,0.19830582185068493,0.242461495184144,0.0,3.814792057639659,1
Wall,55,6,development_holdout,shared_metric,target_oracle,6,0.0,0.8667437125562466,1.0,2.4972654842171953,1
Wall,8,1,development_holdout,goal_permuted_metric,target_oracle,1,1.0,0.04985829477353313,0.0,4.9991640959047015,1
Wall,8,1,development_holdout,goal_permuted_metric,target_oracle,3,0.43011687345781374,0.4803691420941038,0.0,3.693593627458839,1
Wall,8,1,development_holdout,goal_permuted_metric,target_oracle,6,0.0,0.710369688764903,1.0,2.877146776203936,1
Wall,9,1,development_holdout,goal_permuted_metric,target_oracle,1,1.0,0.17994599482763687,0.0,3.137565730845709,1
Wall,9,1,development_holdout,goal_permuted_metric,target_oracle,3,0.5401508363621974,0.07906565157082279,0.0,4.142720587857021,1
Wall,9,1,development_holdout,goal_permuted_metric,target_oracle,6,0.0,0.8591072958401934,1.0,2.2881997392109295,1
Wall,10,1,development_holdout,goal_permuted_metric,target_oracle,1,1.0,0.00508319555995741,0.0,4.938260463613912,1
Wall,10,1,development_holdout,goal_permuted_metric,target_oracle,3,0.5947689626180442,0.19432247824747745,0.0,6.103006022643115,1
Wall,10,1,development_holdout,goal_permuted_metric,target_oracle,6,0.0,0.8609455882350565,1.0,3.6979181299155566,1
Wall,11,1,development_holdout,goal_permuted_metric,target_oracle,1,0.576922927911456,0.6132734247575449,0.0,2.2985196977688127,1
Wall,11,1,development_holdout,goal_permuted_metric,target_oracle,3,0.5797788828767878,0.11491162639816918,0.0,8.981029059087858,1
Wall,11,1,development_holdout,goal_permuted_metric,target_oracle,6,0.0,0.880690117041936,1.0,3.1000381601781863,1
Wall,12,1,development_holdout,goal_permuted_metric,target_oracle,1,0.576922927911456,0.4386017137878652,0.0,2.041127949081558,1
Wall,12,1,development_holdout,goal_permuted_metric,target_oracle,3,0.5740399760937522,0.11218983080644646,0.0,4.947144789639658,1
Wall,12,1,development_holdout,goal_permuted_metric,target_oracle,6,0.7041015027113918,0.17394024355762744,0.0,2.584158487240188,1
Wall,13,1,development_holdout,goal_permuted_metric,target_oracle,1,0.4210561764869795,0.34556289321894096,0.0,2.0791179770392607,1
Wall,13,1,development_holdout,goal_permuted_metric,target_oracle,3,0.573165591824252,0.49246554992806796,0.0,4.005560780124418,1
Wall,13,1,development_holdout,goal_permuted_metric,target_oracle,6,0.0,0.7790260527883615,1.0,3.821564863786009,1
Wall,14,1,development_holdout,goal_permuted_metric,target_oracle,1,0.4265192405294919,0.44210259652994116,0.0,2.5648172651928074,1
Wall,14,1,development_holdout,goal_permuted_metric,target_oracle,3,0.5564080372737089,0.11988504685560844,0.0,6.152965834290506,1
Wall,14,1,development_holdout,goal_permuted_metric,target_oracle,6,0.0,0.8200665531789817,1.0,2.6986253447489528,1
Wall,15,1,development_holdout,goal_permuted_metric,target_oracle,1,1.0,0.17801484712269328,0.0,3.4810086193256664,1
Wall,15,1,development_holdout,goal_permuted_metric,target_oracle,3,1.0,0.1856572820895114,0.0,6.705070638883049,1
Wall,15,1,development_holdout,goal_permuted_metric,target_oracle,6,0.02109195364658048,0.9358109878172101,0.0,3.8496036156795945,1
Wall,16,2,development_holdout,goal_permuted_metric,target_oracle,1,0.4290666153272115,0.7320868283707171,0.0,2.585878666660216,1
Wall,16,2,development_holdout,goal_permuted_metric,target_oracle,3,0.08914329129573813,0.6068182585714065,0.0,3.474001280961322,1
Wall,16,2,development_holdout,goal_permuted_metric,target_oracle,6,0.0,0.8554609125364153,1.0,4.024064806480905,1
Wall,17,2,development_holdout,goal_permuted_metric,target_oracle,1,1.0,0.12026577179580383,0.0,4.596533121906162,1
Wall,17,2,development_holdout,goal_permuted_metric,target_oracle,3,0.0045777647931245415,0.4906086034897489,0.0,4.689564724351197,1
Wall,17,2,development_holdout,goal_permuted_metric,target_oracle,6,0.0,0.8856410114361748,1.0,3.726964961094414,1
Wall,18,2,development_holdout,goal_permuted_metric,target_oracle,1,0.5769233520213718,0.4504295298530125,0.0,2.740925281020209,1
Wall,18,2,development_holdout,goal_permuted_metric,target_oracle,3,0.7959356845668688,0.30522644981815616,0.0,4.8113902908245025,1
Wall,18,2,development_holdout,goal_permuted_metric,target_oracle,6,0.810491668478506,0.4715509442652311,0.0,3.616531353473418,1
Wall,19,2,development_holdout,goal_permuted_metric,target_oracle,1,0.007615091005135686,0.4766433346965129,0.0,3.9268852193978505,1
Wall,19,2,development_holdout,goal_permuted_metric,target_oracle,3,0.0,0.7910615827517447,1.0,2.868402179053625,1
Wall,19,2,development_holdout,goal_permuted_metric,target_oracle,6,0.0,0.9161370626644018,1.0,3.8684777178946197,1
Wall,20,2,development_holdout,goal_permuted_metric,target_oracle,1,1.0,0.10661361156833198,0.0,4.576205324304132,1
Wall,20,2,development_holdout,goal_permuted_metric,target_oracle,3,0.4878714169545492,0.6713806226719955,0.0,3.173331109989074,1
Wall,20,2,development_holdout,goal_permuted_metric,target_oracle,6,0.0,0.8062479400456805,1.0,4.571624783916954,1
Wall,21,2,development_holdout,goal_permuted_metric,target_oracle,1,0.4283517854423395,0.36930299115148074,0.0,3.7833294842275973,1
Wall,21,2,development_holdout,goal_permuted_metric,target_oracle,3,0.6123023248712188,0.22265334971730488,0.0,4.051407579830904,1
Wall,21,2,development_holdout,goal_permuted_metric,target_oracle,6,0.0,0.9156501419023063,1.0,3.4178961708679294,1
Wall,22,2,development_holdout,goal_permuted_metric,target_oracle,1,1.0,0.12004025372745589,0.0,4.893475550191277,1
Wall,22,2,development_holdout,goal_permuted_metric,target_oracle,3,0.0034078026238675394,0.4881054017938411,0.0,4.759809281748116,1
Wall,22,2,development_holdout,goal_permuted_metric,target_oracle,6,0.0,0.8904355969239482,1.0,3.791601356365725,1
Wall,23,2,development_holdout,goal_permuted_metric,target_oracle,1,0.0352215604069649,0.9043184480650599,0.0,1.8627180399177314,1
Wall,23,2,development_holdout,goal_permuted_metric,target_oracle,3,0.1416057469365363,0.45533733655203235,0.0,3.120653644329453,1
Wall,23,2,development_holdout,goal_permuted_metric,target_oracle,6,0.0,0.7900152790603114,1.0,4.705469210778054,1
Wall,48,6,development_holdout,goal_permuted_metric,target_oracle,1,0.1221204240752783,0.383551847313501,0.0,3.0743649657203136,1
Wall,48,6,development_holdout,goal_permuted_metric,target_oracle,3,0.6105605718607239,0.19799950399792604,0.0,4.618608301436168,1
Wall,48,6,development_holdout,goal_permuted_metric,target_oracle,6,0.0,0.9074563406218564,1.0,2.636577945647752,1
Wall,49,6,development_holdout,goal_permuted_metric,target_oracle,1,0.576923053998219,0.5302055817351464,0.0,3.561303492060551,1
Wall,49,6,development_holdout,goal_permuted_metric,target_oracle,3,0.607219092534224,0.19897608410976195,0.0,6.046219838767883,1
Wall,49,6,development_holdout,goal_permuted_metric,target_oracle,6,0.0,0.9662300348511862,1.0,2.348622505128361,1
Wall,50,6,development_holdout,goal_permuted_metric,target_oracle,1,0.12336195250522808,0.5550791214993008,0.0,2.336856415294716,1
Wall,50,6,development_holdout,goal_permuted_metric,target_oracle,3,0.5259276486523571,0.22881743913970679,0.0,3.009092060154338,1
Wall,50,6,development_holdout,goal_permuted_metric,target_oracle,6,0.037144204333989565,0.8789717443242413,0.0,1.7255468094838784,1
Wall,51,6,development_holdout,goal_permuted_metric,target_oracle,1,0.4223554782285276,0.11604676242596428,0.0,4.948641589520069,1
Wall,51,6,development_holdout,goal_permuted_metric,target_oracle,3,0.26800666634249315,0.25463210057580493,0.0,3.752197781656222,1
Wall,51,6,development_holdout,goal_permuted_metric,target_oracle,6,0.0,0.8640968265060167,1.0,2.9908073217918187,1
Wall,52,6,development_holdout,goal_permuted_metric,target_oracle,1,0.39458057133526225,0.5416811119995106,0.0,2.0420229073824756,1
Wall,52,6,development_holdout,goal_permuted_metric,target_oracle,3,0.4056910223601016,0.677710438597625,0.0,4.146284213766551,1
Wall,52,6,development_holdout,goal_permuted_metric,target_oracle,6,0.0,0.8975043390537051,1.0,2.4317587886418215,1
Wall,53,6,development_holdout,goal_permuted_metric,target_oracle,1,0.6156865401728778,0.6328391145068167,0.0,1.8365256649758475,1
Wall,53,6,development_holdout,goal_permuted_metric,target_oracle,3,0.6256670140581739,0.07726918358640551,0.0,4.545988120835133,1
Wall,53,6,development_holdout,goal_permuted_metric,target_oracle,6,0.0,0.950754976499592,1.0,1.9598368179734496,1
Wall,54,6,development_holdout,goal_permuted_metric,target_oracle,1,0.381799624403083,0.5294716253384509,0.0,2.915166340460035,1
Wall,54,6,development_holdout,goal_permuted_metric,target_oracle,3,0.5224380559840637,0.19885803535251384,0.0,5.146688046561467,1
Wall,54,6,development_holdout,goal_permuted_metric,target_oracle,6,0.030051110614188435,0.8331145916100863,0.0,3.4892963498648246,1
Wall,55,6,development_holdout,goal_permuted_metric,target_oracle,1,0.0,0.9656562561554792,1.0,2.498729376898513,1
Wall,55,6,development_holdout,goal_permuted_metric,target_oracle,3,0.19830582185068493,0.20780706317612518,0.0,4.12919652019022,1
Wall,55,6,development_holdout,goal_permuted_metric,target_oracle,6,0.0,0.8480363527305773,1.0,2.732693229917355,1
Wall,8,1,development_holdout,native_metric,target_oracle,1,0.5757287127357626,0.15412807773394693,0.0,1.1308035742433076,1
Wall,8,1,development_holdout,native_metric,target_oracle,3,0.08482373582968013,0.6603505339358747,0.0,0.9999999986699987,1
Wall,8,1,development_holdout,native_metric,target_oracle,6,0.0,0.9694992538502134,1.0,0.41977491034411746,1
Wall,9,1,development_holdout,native_metric,target_oracle,1,0.0,0.5651169052692148,1.0,0.9906859053257049,1
Wall,9,1,development_holdout,native_metric,target_oracle,3,0.5401508363621974,0.4693297347950075,0.0,1.0000000006765586,1
Wall,9,1,development_holdout,native_metric,target_oracle,6,0.0,0.9107827465607969,1.0,0.6606424679896662,1
Wall,10,1,development_holdout,native_metric,target_oracle,1,0.0012356039916028997,0.3454170833035496,0.0,1.0417318459209706,1
Wall,10,1,development_holdout,native_metric,target_oracle,3,0.0,0.44852535340665883,1.0,1.0000000000072893,1
Wall,10,1,development_holdout,native_metric,target_oracle,6,0.0,0.9842341862544789,1.0,0.6525730459806901,1
Wall,11,1,development_holdout,native_metric,target_oracle,1,0.4223659886339896,0.7817879171231592,0.0,0.865121223134964,1
Wall,11,1,development_holdout,native_metric,target_oracle,3,0.16557815588742084,0.38591280735535594,0.0,1.0000000003379965,1
Wall,11,1,development_holdout,native_metric,target_oracle,6,0.0,0.9829245197932585,1.0,0.4277119456484167,1
Wall,12,1,development_holdout,native_metric,target_oracle,1,0.0,0.8032274702537987,1.0,0.8463641360999662,1
Wall,12,1,development_holdout,native_metric,target_oracle,3,0.5740399760937522,0.48507345836018007,0.0,1.0000000002943132,1
Wall,12,1,development_holdout,native_metric,target_oracle,6,0.7041015027113918,0.7617997566231678,0.0,0.9805651392803624,1
Wall,13,1,development_holdout,native_metric,target_oracle,1,0.028695465844599356,0.6147926841833071,0.0,0.9852448039007154,1
Wall,13,1,development_holdout,native_metric,target_oracle,3,0.0,0.6852579223557871,1.0,0.9999999982125577,1
Wall,13,1,development_holdout,native_metric,target_oracle,6,0.0,0.8886712779622379,1.0,0.45374309962152876,1
Wall,14,1,development_holdout,native_metric,target_oracle,1,0.4265192405294919,0.6980133070452004,0.0,0.9798291799143891,1
Wall,14,1,development_holdout,native_metric,target_oracle,3,0.02103669177229461,0.3870538565023708,0.0,1.000000000778402,1
Wall,14,1,development_holdout,native_metric,target_oracle,6,0.0,0.9676827900411369,1.0,0.5584153287581156,1
Wall,15,1,development_holdout,native_metric,target_oracle,1,0.43493430898180824,0.7182238219102377,0.0,0.9697537055104554,1
Wall,15,1,development_holdout,native_metric,target_oracle,3,0.0,0.4250018943604263,1.0,1.0000000003604388,1
Wall,15,1,development_holdout,native_metric,target_oracle,6,0.0,0.9273792135177882,1.0,0.5534590858989772,1
Wall,16,2,development_holdout,native_metric,target_oracle,1,0.08029399387979654,0.9102141569156178,0.0,0.935681870059286,1
Wall,16,2,development_holdout,native_metric,target_oracle,3,0.5708377845028744,0.5,0.0,1.0000000002306733,1
Wall,16,2,development_holdout,native_metric,target_oracle,6,0.0,0.7763607253228483,1.0,0.5649859691429368,1
Wall,17,2,development_holdout,native_metric,target_oracle,1,0.43363994939568373,0.35262339606712423,0.0,1.0118141769268245,1
Wall,17,2,development_holdout,native_metric,target_oracle,3,0.3956441547349086,0.5242030693100189,0.0,0.9999999999179848,1
Wall,17,2,development_holdout,native_metric,target_oracle,6,0.0,0.8714712857185214,1.0,0.45112757634555245,1
Wall,18,2,development_holdout,native_metric,target_oracle,1,0.5769233520213718,0.7276972893962041,0.0,0.9701309854503128,1
Wall,18,2,development_holdout,native_metric,target_oracle,3,0.7959356845668688,0.5,0.0,1.0000000002016693,1
Wall,18,2,development_holdout,native_metric,target_oracle,6,0.810491668478506,0.38214450997758054,0.0,0.9361567533498114,1
Wall,19,2,development_holdout,native_metric,target_oracle,1,0.007615091005135686,0.6760120972653094,0.0,1.003027248122931,1
Wall,19,2,development_holdout,native_metric,target_oracle,3,0.0,0.6790104197750534,1.0,0.9999999982308243,1
Wall,19,2,development_holdout,native_metric,target_oracle,6,0.0,0.9582032484735443,1.0,0.6235203780924653,1
Wall,20,2,development_holdout,native_metric,target_oracle,1,0.4375463146812976,0.1464624554982366,0.0,1.0680513820026292,1
Wall,20,2,development_holdout,native_metric,target_oracle,3,0.0,0.5470070603061555,1.0,0.9999999996020483,1
Wall,20,2,development_holdout,native_metric,target_oracle,6,0.0,0.85745704736073,1.0,0.7283818540911148,1
Wall,21,2,development_holdout,native_metric,target_oracle,1,1.0,0.38924488616837155,0.0,1.003195843069129,1
Wall,21,2,development_holdout,native_metric,target_oracle,3,1.0,0.5,0.0,1.0000000004095855,1
Wall,21,2,development_holdout,native_metric,target_oracle,6,0.0,0.9267572899640937,1.0,0.476929061975586,1
Wall,22,2,development_holdout,native_metric,target_oracle,1,0.43377363790319756,0.3045829859058164,0.0,1.03814638809016,1
Wall,22,2,development_holdout,native_metric,target_oracle,3,0.39145920256022204,0.5354170765384787,0.0,0.9999999998998506,1
Wall,22,2,development_holdout,native_metric,target_oracle,6,0.0,0.8659193059125527,1.0,0.454286793198945,1
Wall,23,2,development_holdout,native_metric,target_oracle,1,0.492815152927685,0.6639658224209743,0.0,0.9870990080730191,1
Wall,23,2,development_holdout,native_metric,target_oracle,3,0.7290412077970592,0.5,0.0,1.0000000002996348,1
Wall,23,2,development_holdout,native_metric,target_oracle,6,0.0,0.8956181524058289,1.0,0.5386765725008175,1
Wall,48,6,development_holdout,native_metric,target_oracle,1,0.4232530319403524,0.5898219472211844,0.0,0.986715349314939,1
Wall,48,6,development_holdout,native_metric,target_oracle,3,0.0,0.4943189385222158,1.0,1.0000000000450813,1
Wall,48,6,development_holdout,native_metric,target_oracle,6,0.0,0.9789760583745241,1.0,0.6395388096693939,1
Wall,49,6,development_holdout,native_metric,target_oracle,1,0.08831945936215893,0.9396740840260074,0.0,0.867796373421458,1
Wall,49,6,development_holdout,native_metric,target_oracle,3,0.607219092534224,0.48857314404981844,0.0,1.0000000002208929,1
Wall,49,6,development_holdout,native_metric,target_oracle,6,0.0,0.9787785806602178,1.0,0.5200874758696081,1
Wall,50,6,development_holdout,native_metric,target_oracle,1,0.4260123029954614,0.473649883544688,0.0,1.0001912599214648,1
Wall,50,6,development_holdout,native_metric,target_oracle,3,0.5259276486523571,0.4432331686423976,0.0,1.0000000003058673,1
Wall,50,6,development_holdout,native_metric,target_oracle,6,0.0,0.9284561819811522,1.0,0.649816337843161,1
Wall,51,6,development_holdout,native_metric,target_oracle,1,0.4223554782285276,0.2880242353493928,0.0,1.0918351615803505,1
Wall,51,6,development_holdout,native_metric,target_oracle,3,0.0,0.4389181219751919,1.0,1.0000000001966436,1
Wall,51,6,development_holdout,native_metric,target_oracle,6,0.0,0.9750386426727755,1.0,0.545615907792353,1
Wall,52,6,development_holdout,native_metric,target_oracle,1,0.5507561548240016,0.46335144165087094,0.0,0.9995205561651016,1
Wall,52,6,development_holdout,native_metric,target_oracle,3,0.4056910223601016,0.4482565042068961,0.0,1.0000000006245815,1
Wall,52,6,development_holdout,native_metric,target_oracle,6,0.0,0.8615561125534095,1.0,0.6780897353972037,1
Wall,53,6,development_holdout,native_metric,target_oracle,1,0.12905025338831735,0.46222600746133785,0.0,1.0048175217074231,1
Wall,53,6,development_holdout,native_metric,target_oracle,3,0.6256670140581739,0.4558944117313371,0.0,1.0000000003351708,1
Wall,53,6,development_holdout,native_metric,target_oracle,6,0.0,0.9893040425610746,1.0,0.5456778898658802,1
Wall,54,6,development_holdout,native_metric,target_oracle,1,0.381799624403083,0.3584545224759367,0.0,1.0367601022467896,1
Wall,54,6,development_holdout,native_metric,target_oracle,3,0.5224380559840637,0.3850858913703541,0.0,1.0000000006655787,1
Wall,54,6,development_holdout,native_metric,target_oracle,6,0.0038749650505872178,0.9141373434648877,0.0,0.6653528433830497,1
Wall,55,6,development_holdout,native_metric,target_oracle,1,0.0,0.8632800617698361,1.0,0.8826112657418195,1
Wall,55,6,development_holdout,native_metric,target_oracle,3,0.19830582185068493,0.4517753638201119,0.0,1.0000000003813312,1
Wall,55,6,development_holdout,native_metric,target_oracle,6,0.0,0.8996502629399256,1.0,0.6218465450568424,1
Wall,8,1,development_holdout,simulator_oracle,target_oracle,1,0.0,1.0,1.0,0.0,1
Wall,8,1,development_holdout,simulator_oracle,target_oracle,3,0.0,1.0,1.0,0.0,1
Wall,8,1,development_holdout,simulator_oracle,target_oracle,6,0.0,1.0,1.0,0.0,1
Wall,9,1,development_holdout,simulator_oracle,target_oracle,1,0.0,1.0,1.0,0.0,1
Wall,9,1,development_holdout,simulator_oracle,target_oracle,3,0.0,1.0,1.0,0.0,1
Wall,9,1,development_holdout,simulator_oracle,target_oracle,6,0.0,1.0,1.0,0.0,1
Wall,10,1,development_holdout,simulator_oracle,target_oracle,1,0.0,1.0,1.0,0.0,1
Wall,10,1,development_holdout,simulator_oracle,target_oracle,3,0.0,1.0,1.0,0.0,1
Wall,10,1,development_holdout,simulator_oracle,target_oracle,6,0.0,1.0,1.0,0.0,1
Wall,11,1,development_holdout,simulator_oracle,target_oracle,1,0.0,1.0,1.0,0.0,1
Wall,11,1,development_holdout,simulator_oracle,target_oracle,3,0.0,1.0,1.0,0.0,1
Wall,11,1,development_holdout,simulator_oracle,target_oracle,6,0.0,1.0,1.0,0.0,1
Wall,12,1,development_holdout,simulator_oracle,target_oracle,1,0.0,1.0,1.0,0.0,1
Wall,12,1,development_holdout,simulator_oracle,target_oracle,3,0.0,1.0,1.0,0.0,1
Wall,12,1,development_holdout,simulator_oracle,target_oracle,6,0.0,1.0,1.0,0.0,1
Wall,13,1,development_holdout,simulator_oracle,target_oracle,1,0.0,1.0,1.0,0.0,1
Wall,13,1,development_holdout,simulator_oracle,target_oracle,3,0.0,1.0,1.0,0.0,1
Wall,13,1,development_holdout,simulator_oracle,target_oracle,6,0.0,1.0,1.0,0.0,1
Wall,14,1,development_holdout,simulator_oracle,target_oracle,1,0.0,1.0,1.0,0.0,1
Wall,14,1,development_holdout,simulator_oracle,target_oracle,3,0.0,1.0,1.0,0.0,1
Wall,14,1,development_holdout,simulator_oracle,target_oracle,6,0.0,1.0,1.0,0.0,1
Wall,15,1,development_holdout,simulator_oracle,target_oracle,1,0.0,1.0,1.0,0.0,1
Wall,15,1,development_holdout,simulator_oracle,target_oracle,3,0.0,1.0,1.0,0.0,1
Wall,15,1,development_holdout,simulator_oracle,target_oracle,6,0.0,1.0,1.0,0.0,1
Wall,16,2,development_holdout,simulator_oracle,target_oracle,1,0.0,1.0,1.0,0.0,1
Wall,16,2,development_holdout,simulator_oracle,target_oracle,3,0.0,1.0,1.0,0.0,1
Wall,16,2,development_holdout,simulator_oracle,target_oracle,6,0.0,1.0,1.0,0.0,1
Wall,17,2,development_holdout,simulator_oracle,target_oracle,1,0.0,1.0,1.0,0.0,1
Wall,17,2,development_holdout,simulator_oracle,target_oracle,3,0.0,1.0,1.0,0.0,1
Wall,17,2,development_holdout,simulator_oracle,target_oracle,6,0.0,1.0,1.0,0.0,1
Wall,18,2,development_holdout,simulator_oracle,target_oracle,1,0.0,1.0,1.0,0.0,1
Wall,18,2,development_holdout,simulator_oracle,target_oracle,3,0.0,1.0,1.0,0.0,1
Wall,18,2,development_holdout,simulator_oracle,target_oracle,6,0.0,1.0,1.0,0.0,1
Wall,19,2,development_holdout,simulator_oracle,target_oracle,1,0.0,1.0,1.0,0.0,1
Wall,19,2,development_holdout,simulator_oracle,target_oracle,3,0.0,1.0,1.0,0.0,1
Wall,19,2,development_holdout,simulator_oracle,target_oracle,6,0.0,1.0,1.0,0.0,1
Wall,20,2,development_holdout,simulator_oracle,target_oracle,1,0.0,1.0,1.0,0.0,1
Wall,20,2,development_holdout,simulator_oracle,target_oracle,3,0.0,1.0,1.0,0.0,1
Wall,20,2,development_holdout,simulator_oracle,target_oracle,6,0.0,1.0,1.0,0.0,1
Wall,21,2,development_holdout,simulator_oracle,target_oracle,1,0.0,1.0,1.0,0.0,1
Wall,21,2,development_holdout,simulator_oracle,target_oracle,3,0.0,1.0,1.0,0.0,1
Wall,21,2,development_holdout,simulator_oracle,target_oracle,6,0.0,1.0,1.0,0.0,1
Wall,22,2,development_holdout,simulator_oracle,target_oracle,1,0.0,1.0,1.0,0.0,1
Wall,22,2,development_holdout,simulator_oracle,target_oracle,3,0.0,1.0,1.0,0.0,1
Wall,22,2,development_holdout,simulator_oracle,target_oracle,6,0.0,1.0,1.0,0.0,1
Wall,23,2,development_holdout,simulator_oracle,target_oracle,1,0.0,1.0,1.0,0.0,1
Wall,23,2,development_holdout,simulator_oracle,target_oracle,3,0.0,1.0,1.0,0.0,1
Wall,23,2,development_holdout,simulator_oracle,target_oracle,6,0.0,1.0,1.0,0.0,1
Wall,48,6,development_holdout,simulator_oracle,target_oracle,1,0.0,1.0,1.0,0.0,1
Wall,48,6,development_holdout,simulator_oracle,target_oracle,3,0.0,1.0,1.0,0.0,1
Wall,48,6,development_holdout,simulator_oracle,target_oracle,6,0.0,1.0,1.0,0.0,1
Wall,49,6,development_holdout,simulator_oracle,target_oracle,1,0.0,1.0,1.0,0.0,1
Wall,49,6,development_holdout,simulator_oracle,target_oracle,3,0.0,1.0,1.0,0.0,1
Wall,49,6,development_holdout,simulator_oracle,target_oracle,6,0.0,1.0,1.0,0.0,1
Wall,50,6,development_holdout,simulator_oracle,target_oracle,1,0.0,1.0,1.0,0.0,1
Wall,50,6,development_holdout,simulator_oracle,target_oracle,3,0.0,1.0,1.0,0.0,1
Wall,50,6,development_holdout,simulator_oracle,target_oracle,6,0.0,1.0,1.0,0.0,1
Wall,51,6,development_holdout,simulator_oracle,target_oracle,1,0.0,1.0,1.0,0.0,1
Wall,51,6,development_holdout,simulator_oracle,target_oracle,3,0.0,1.0,1.0,0.0,1
Wall,51,6,development_holdout,simulator_oracle,target_oracle,6,0.0,1.0,1.0,0.0,1
Wall,52,6,development_holdout,simulator_oracle,target_oracle,1,0.0,1.0,1.0,0.0,1
Wall,52,6,development_holdout,simulator_oracle,target_oracle,3,0.0,1.0,1.0,0.0,1
Wall,52,6,development_holdout,simulator_oracle,target_oracle,6,0.0,1.0,1.0,0.0,1
Wall,53,6,development_holdout,simulator_oracle,target_oracle,1,0.0,1.0,1.0,0.0,1
Wall,53,6,development_holdout,simulator_oracle,target_oracle,3,0.0,1.0,1.0,0.0,1
Wall,53,6,development_holdout,simulator_oracle,target_oracle,6,0.0,1.0,1.0,0.0,1
Wall,54,6,development_holdout,simulator_oracle,target_oracle,1,0.0,1.0,1.0,0.0,1
Wall,54,6,development_holdout,simulator_oracle,target_oracle,3,0.0,1.0,1.0,0.0,1
Wall,54,6,development_holdout,simulator_oracle,target_oracle,6,0.0,1.0,1.0,0.0,1
Wall,55,6,development_holdout,simulator_oracle,target_oracle,1,0.0,1.0,1.0,0.0,1
Wall,55,6,development_holdout,simulator_oracle,target_oracle,3,0.0,1.0,1.0,0.0,1
Wall,55,6,development_holdout,simulator_oracle,target_oracle,6,0.0,1.0,1.0,0.0,1
Wall,8,1,development_holdout,shared_metric,frozen,1,0.42400141302921723,0.8212085100511847,0.0,1.6989904840327255,1
Wall,8,1,development_holdout,shared_metric,frozen,3,0.3697398196642038,0.7619290581946433,0.0,2.3223046420184814,1
Wall,8,1,development_holdout,shared_metric,frozen,6,0.0,0.7197807168152405,1.0,3.077441042724623,1
Wall,9,1,development_holdout,shared_metric,frozen,1,1.0,0.22963833782768908,0.0,2.843399865203814,1
Wall,9,1,development_holdout,shared_metric,frozen,3,0.4677642027164046,0.46149083844642547,0.0,4.618296226352304,1
Wall,9,1,development_holdout,shared_metric,frozen,6,0.4868652734093639,0.8483654282859595,0.0,3.325606978545084,1
Wall,10,1,development_holdout,shared_metric,frozen,1,0.0012356039916028997,0.8181646779183196,0.0,1.7049293579068616,1
Wall,10,1,development_holdout,shared_metric,frozen,3,0.5238362538458352,0.7583552682239936,0.0,2.0865436458850577,1
Wall,10,1,development_holdout,shared_metric,frozen,6,0.0,0.7453464562031269,1.0,3.735420416990575,1
Wall,11,1,development_holdout,shared_metric,frozen,1,0.12172401676917176,0.8383741247100991,0.0,1.5547312451046986,1
Wall,11,1,development_holdout,shared_metric,frozen,3,0.6535263514768576,0.40276797036884643,0.0,3.5345862699233597,1
Wall,11,1,development_holdout,shared_metric,frozen,6,0.0,0.8076501177200908,1.0,2.9729345562591525,1
Wall,12,1,development_holdout,shared_metric,frozen,1,0.3533429118003197,0.582604517921848,0.0,1.8073460465174418,1
Wall,12,1,development_holdout,shared_metric,frozen,3,0.49638329062480707,0.46244447829411645,0.0,5.015712200119638,1
Wall,12,1,development_holdout,shared_metric,frozen,6,0.051845683435020974,0.7379013387915178,0.0,2.5102486918944242,1
Wall,13,1,development_holdout,shared_metric,frozen,1,0.028695465844599356,0.7544581255729137,0.0,1.1927990054603632,1
Wall,13,1,development_holdout,shared_metric,frozen,3,0.14527104206009775,0.8101062800159531,0.0,3.1524749244299253,1
Wall,13,1,development_holdout,shared_metric,frozen,6,0.0,0.8021611197294455,1.0,4.264588685499956,1
Wall,14,1,development_holdout,shared_metric,frozen,1,0.4265192405294919,0.6720137865890298,0.0,3.7358675785568853,1
Wall,14,1,development_holdout,shared_metric,frozen,3,0.5564080372737089,0.5860251743702481,0.0,3.079875106560277,1
Wall,14,1,development_holdout,shared_metric,frozen,6,0.44524270873277344,0.7805005440355263,0.0,3.790631484946998,1
Wall,15,1,development_holdout,shared_metric,frozen,1,0.434934010958611,0.44650657096145524,0.0,3.4338038640799984,1
Wall,15,1,development_holdout,shared_metric,frozen,3,0.27842786842107053,0.26956599841477424,0.0,4.660832874672163,1
Wall,15,1,development_holdout,shared_metric,frozen,6,0.4711102258345333,0.8487082962599346,0.0,3.7070026828744735,1
Wall,16,2,development_holdout,shared_metric,frozen,1,0.576923053998219,0.5395583888764843,0.0,1.7776860871687648,1
Wall,16,2,development_holdout,shared_metric,frozen,3,0.07872781905618415,0.8630956508859879,0.0,3.9160855683417504,1
Wall,16,2,development_holdout,shared_metric,frozen,6,0.47836158155027136,0.5485828204638844,0.0,4.735641681876978,1
Wall,17,2,development_holdout,shared_metric,frozen,1,0.0,0.8558042750131432,1.0,3.5491178430994887,1
Wall,17,2,development_holdout,shared_metric,frozen,3,0.05076940394117952,0.9355480640688333,0.0,4.616721832586992,1
Wall,17,2,development_holdout,shared_metric,frozen,6,0.5173793022236458,0.6706671191412342,0.0,4.454263591597514,1
Wall,18,2,development_holdout,shared_metric,frozen,1,1.0,0.2789495721322619,0.0,1.630865928983154,1
Wall,18,2,development_holdout,shared_metric,frozen,3,0.09827810985778822,0.7914256235849549,0.0,5.847694378917346,1
Wall,18,2,development_holdout,shared_metric,frozen,6,0.079029886739769,0.836749694844348,0.0,3.3506524628971444,1
Wall,19,2,development_holdout,shared_metric,frozen,1,0.1265250410340812,0.8443944823720558,0.0,3.2703440934253933,1
Wall,19,2,development_holdout,shared_metric,frozen,3,0.23643313898908538,0.8341908770766236,0.0,4.678070150482672,1
Wall,19,2,development_holdout,shared_metric,frozen,6,0.4811349945468107,0.7280905505494412,0.0,2.7569748934831093,1
Wall,20,2,development_holdout,shared_metric,frozen,1,0.2428913623165946,0.6827762834342415,0.0,1.809478484552862,1
Wall,20,2,development_holdout,shared_metric,frozen,3,0.18914274310056906,0.776770408379894,0.0,4.536027515073187,1
Wall,20,2,development_holdout,shared_metric,frozen,6,0.3477921036549551,0.5744545972318353,0.0,4.200960398661351,1
Wall,21,2,development_holdout,shared_metric,frozen,1,0.4283517854423395,0.6639820416342288,0.0,3.6811394532210953,1
Wall,21,2,development_holdout,shared_metric,frozen,3,0.04176444127707509,0.8719621751784937,0.0,5.991010709278235,1
Wall,21,2,development_holdout,shared_metric,frozen,6,0.48324186008832426,0.8563401414819524,0.0,4.119990950486566,1
Wall,22,2,development_holdout,shared_metric,frozen,1,0.0,0.7952571268264234,1.0,3.5600950979494117,1
Wall,22,2,development_holdout,shared_metric,frozen,3,0.04836487134327452,0.9349184456201234,0.0,4.6455410432016695,1
Wall,22,2,development_holdout,shared_metric,frozen,6,0.5449193421845129,0.663605561500977,0.0,4.0583419779177445,1
Wall,23,2,development_holdout,shared_metric,frozen,1,0.1421721940639325,0.8555968736104279,0.0,0.964942390740562,1
Wall,23,2,development_holdout,shared_metric,frozen,3,0.0,0.8554132326869729,1.0,1.7668173508570881,1
Wall,23,2,development_holdout,shared_metric,frozen,6,0.3589817567214553,0.6349280978651632,0.0,3.6023299412839926,1
Wall,48,6,development_holdout,shared_metric,frozen,1,0.5769230998479485,0.5391327032913023,0.0,2.4837803580700717,1
Wall,48,6,development_holdout,shared_metric,frozen,3,0.19997904740567995,0.762618568606633,0.0,4.581490444265173,1
Wall,48,6,development_holdout,shared_metric,frozen,6,0.15055470034181848,0.864400596984085,0.0,2.8717483480860775,1
Wall,49,6,development_holdout,shared_metric,frozen,1,0.42289515187855914,0.6066141310235174,0.0,2.9557578653042573,1
Wall,49,6,development_holdout,shared_metric,frozen,3,0.28059065837136005,0.7411462282029369,0.0,4.331565856796925,1
Wall,49,6,development_holdout,shared_metric,frozen,6,0.17047313997348226,0.8505115462714423,0.0,2.821680163147256,1
Wall,50,6,development_holdout,shared_metric,frozen,1,0.0,0.6790502019354866,1.0,2.969102786449756,1
Wall,50,6,development_holdout,shared_metric,frozen,3,0.2031904442529546,0.5718621975681568,0.0,2.6390392522245243,1
Wall,50,6,development_holdout,shared_metric,frozen,6,0.03890834302826281,0.8610951753591993,0.0,1.7851508416523962,1
Wall,51,6,development_holdout,shared_metric,frozen,1,0.4223548821825772,0.653790126727082,0.0,1.4852040794163182,1
Wall,51,6,development_holdout,shared_metric,frozen,3,0.5623146267457241,0.6670748912299852,0.0,4.063671123028282,1
Wall,51,6,development_holdout,shared_metric,frozen,6,0.1478150981623312,0.8033519507286506,0.0,2.7518034704826735,1
Wall,52,6,development_holdout,shared_metric,frozen,1,0.07100282563201721,0.7960896779784942,0.0,3.701803590758532,1
Wall,52,6,development_holdout,shared_metric,frozen,3,0.0,0.8308060385871318,1.0,3.3837087598065394,1
Wall,52,6,development_holdout,shared_metric,frozen,6,0.0,0.9249161593819265,1.0,1.8316770322480782,1
Wall,53,6,development_holdout,shared_metric,frozen,1,0.1290496172936334,0.46352322226633164,0.0,2.4492564529724965,1
Wall,53,6,development_holdout,shared_metric,frozen,3,0.1509488568966722,0.7605621025828262,0.0,3.2673478739493755,1
Wall,53,6,development_holdout,shared_metric,frozen,6,0.07381593059609586,0.8839588471851925,0.0,1.7505547726909305,1
Wall,54,6,development_holdout,shared_metric,frozen,1,0.0,0.47367606968692383,1.0,2.843130356561763,1
Wall,54,6,development_holdout,shared_metric,frozen,3,0.29411612172776747,0.6369572342888592,0.0,4.08093627653352,1
Wall,54,6,development_holdout,shared_metric,frozen,6,0.3495982839396892,0.7548162396189585,0.0,3.0411459548593065,1
Wall,55,6,development_holdout,shared_metric,frozen,1,0.0,0.9353206295270607,1.0,3.9251364022451756,1
Wall,55,6,development_holdout,shared_metric,frozen,3,0.2094691332620639,0.7658578922170154,0.0,2.153056911238057,1
Wall,55,6,development_holdout,shared_metric,frozen,6,0.4067401505532029,0.7462287425762799,0.0,2.7778811397096304,1
Wall,8,1,development_holdout,goal_permuted_metric,frozen,1,0.42400141302921723,0.6711178729626465,0.0,1.5130576651295322,1
Wall,8,1,development_holdout,goal_permuted_metric,frozen,3,0.49057443270124196,0.6571313430877009,0.0,2.870271584250752,1
Wall,8,1,development_holdout,goal_permuted_metric,frozen,6,0.0,0.7397249001898704,1.0,2.9363651497820427,1
Wall,9,1,development_holdout,goal_permuted_metric,frozen,1,0.2696857017091335,0.3311448819425691,0.0,2.1083967119454905,1
Wall,9,1,development_holdout,goal_permuted_metric,frozen,3,0.4677642027164046,0.2094602068230584,0.0,5.042579278369995,1
Wall,9,1,development_holdout,goal_permuted_metric,frozen,6,0.014740318180249878,0.9183749576200017,0.0,3.372385391644162,1
Wall,10,1,development_holdout,goal_permuted_metric,frozen,1,0.12286421707529614,0.5325347525826243,0.0,1.6567445083523182,1
Wall,10,1,development_holdout,goal_permuted_metric,frozen,3,0.5238362538458352,0.6137114252933179,0.0,2.0462023326000964,1
Wall,10,1,development_holdout,goal_permuted_metric,frozen,6,0.0,0.7182707676351225,1.0,3.3561007378495433,1
Wall,11,1,development_holdout,goal_permuted_metric,frozen,1,0.12172401676917176,0.798048048229818,0.0,2.132042502227667,1
Wall,11,1,development_holdout,goal_permuted_metric,frozen,3,0.4308175232526356,0.33443806258405945,0.0,3.2631994688238355,1
Wall,11,1,development_holdout,goal_permuted_metric,frozen,6,0.0789306178140974,0.8411133821438191,0.0,2.7717322895327516,1
Wall,12,1,development_holdout,goal_permuted_metric,frozen,1,0.1982781409190977,0.6951930705447908,0.0,1.9603233077302908,1
Wall,12,1,development_holdout,goal_permuted_metric,frozen,3,0.49638329062480707,0.4003253674705361,0.0,5.274729721361419,1
Wall,12,1,development_holdout,goal_permuted_metric,frozen,6,0.051845683435020974,0.6297867755273004,0.0,2.579573218340805,1
Wall,13,1,development_holdout,goal_permuted_metric,frozen,1,0.22894890480929045,0.50492555064284,0.0,1.3367018168780023,1
Wall,13,1,development_holdout,goal_permuted_metric,frozen,3,0.14527104206009775,0.7087506655386188,0.0,2.812501725609772,1
Wall,13,1,development_holdout,goal_permuted_metric,frozen,6,0.0,0.7697796274688447,1.0,4.071425068061202,1
Wall,14,1,development_holdout,goal_permuted_metric,frozen,1,0.4265192405294919,0.767378466440232,0.0,2.6076665066499487,1
Wall,14,1,development_holdout,goal_permuted_metric,frozen,3,0.376217360017086,0.6505173360177445,0.0,3.3285369666795104,1
Wall,14,1,development_holdout,goal_permuted_metric,frozen,6,0.44524270873277344,0.8152726460271804,0.0,3.5988682992547676,1
Wall,15,1,development_holdout,goal_permuted_metric,frozen,1,0.434934010958611,0.35373665464052817,0.0,2.4446028271505136,1
Wall,15,1,development_holdout,goal_permuted_metric,frozen,3,0.27842786842107053,0.18127475166466875,0.0,4.682388247286289,1
Wall,15,1,development_holdout,goal_permuted_metric,frozen,6,0.4711102258345333,0.8120426023057353,0.0,4.069543387667666,1
Wall,16,2,development_holdout,goal_permuted_metric,frozen,1,0.576923053998219,0.5820919373513491,0.0,2.038110342544332,1
Wall,16,2,development_holdout,goal_permuted_metric,frozen,3,0.07872781905618415,0.894485248950239,0.0,3.920399739294041,1
Wall,16,2,development_holdout,goal_permuted_metric,frozen,6,0.47836158155027136,0.6849239396688567,0.0,4.674554212108948,1
Wall,17,2,development_holdout,goal_permuted_metric,frozen,1,0.0,0.6274360175103094,1.0,3.3620478102016116,1
Wall,17,2,development_holdout,goal_permuted_metric,frozen,3,0.012795532604759382,0.9212241511116921,0.0,5.017948423909574,1
Wall,17,2,development_holdout,goal_permuted_metric,frozen,6,0.5173793022236458,0.7475531275893359,0.0,4.5203150535778125,1
Wall,18,2,development_holdout,goal_permuted_metric,frozen,1,0.10368910939953103,0.7619649250998473,0.0,1.5132346612188718,1
Wall,18,2,development_holdout,goal_permuted_metric,frozen,3,0.09827810985778822,0.7914256235849549,0.0,5.635236276430892,1
Wall,18,2,development_holdout,goal_permuted_metric,frozen,6,0.06074535502837518,0.8780131604396552,0.0,3.768246328560092,1
Wall,19,2,development_holdout,goal_permuted_metric,frozen,1,0.1265250410340812,0.8208151250848811,0.0,2.987896617565562,1
Wall,19,2,development_holdout,goal_permuted_metric,frozen,3,0.23643313898908538,0.9012908654248799,0.0,4.496422630497472,1
Wall,19,2,development_holdout,goal_permuted_metric,frozen,6,0.4811349945468107,0.8274688962004422,0.0,2.8526098839134764,1
Wall,20,2,development_holdout,goal_permuted_metric,frozen,1,0.2428913623165946,0.5298513478376917,0.0,2.739027542745289,1
Wall,20,2,development_holdout,goal_permuted_metric,frozen,3,0.18914274310056906,0.8032751240071542,0.0,4.313892719228396,1
Wall,20,2,development_holdout,goal_permuted_metric,frozen,6,0.3477921036549551,0.731618883277489,0.0,4.483663895462894,1
Wall,21,2,development_holdout,goal_permuted_metric,frozen,1,0.4283517854423395,0.6170180294341445,0.0,3.707022491833203,1
Wall,21,2,development_holdout,goal_permuted_metric,frozen,3,0.04176444127707509,0.8719621751784937,0.0,6.731208331041873,1
Wall,21,2,development_holdout,goal_permuted_metric,frozen,6,0.48324186008832426,0.8623196335000822,0.0,4.722246231505624,1
Wall,22,2,development_holdout,goal_permuted_metric,frozen,1,0.0,0.6273562849851693,1.0,3.3295597680746174,1
Wall,22,2,development_holdout,goal_permuted_metric,frozen,3,0.012168356267505986,0.9206161032861853,0.0,5.034106955220918,1
Wall,22,2,development_holdout,goal_permuted_metric,frozen,6,0.5449193421845129,0.7400357269435756,0.0,4.081670060951738,1
Wall,23,2,development_holdout,goal_permuted_metric,frozen,1,0.14217254114961023,0.8977491325480448,0.0,1.6825284759388002,1
Wall,23,2,development_holdout,goal_permuted_metric,frozen,3,0.0,0.8263679227519917,1.0,2.0450277687580534,1
Wall,23,2,development_holdout,goal_permuted_metric,frozen,6,0.3589817567214553,0.7225745775474418,0.0,3.9833502057477284,1
Wall,48,6,development_holdout,goal_permuted_metric,frozen,1,0.5769230998479485,0.5526651140332952,0.0,2.9325447347711906,1
Wall,48,6,development_holdout,goal_permuted_metric,frozen,3,0.19997904740567995,0.8065470717620743,0.0,4.636731045180087,1
Wall,48,6,development_holdout,goal_permuted_metric,frozen,6,0.15055470034181848,0.7413918035265288,0.0,4.210540056470768,1
Wall,49,6,development_holdout,goal_permuted_metric,frozen,1,0.42289515187855914,0.5991809374284124,0.0,3.090593526058857,1
Wall,49,6,development_holdout,goal_permuted_metric,frozen,3,0.16588647024117545,0.7566496149988973,0.0,4.31342464457867,1
Wall,49,6,development_holdout,goal_permuted_metric,frozen,6,0.17047313997348226,0.718016420439031,0.0,4.132760762710183,1
Wall,50,6,development_holdout,goal_permuted_metric,frozen,1,0.0,0.7188888776404916,1.0,3.561235362218575,1
Wall,50,6,development_holdout,goal_permuted_metric,frozen,3,0.6453543957609903,0.6716375573099761,0.0,3.375482809003605,1
Wall,50,6,development_holdout,goal_permuted_metric,frozen,6,0.36493073732786374,0.8047332366631477,0.0,3.0667979793887006,1
Wall,51,6,development_holdout,goal_permuted_metric,frozen,1,0.4223548821825772,0.5097695480088645,0.0,1.5176046648263595,1
Wall,51,6,development_holdout,goal_permuted_metric,frozen,3,0.5623146267457241,0.7163033060207666,0.0,5.870962906920606,1
Wall,51,6,development_holdout,goal_permuted_metric,frozen,6,0.1478150981623312,0.7611334034181825,0.0,2.9763612199256815,1
Wall,52,6,development_holdout,goal_permuted_metric,frozen,1,0.07100282563201721,0.8262092191989667,0.0,2.9187128216814227,1
Wall,52,6,development_holdout,goal_permuted_metric,frozen,3,0.05051972594698755,0.9277989822569044,0.0,4.491279977450236,1
Wall,52,6,development_holdout,goal_permuted_metric,frozen,6,0.0,0.8197367780993775,1.0,2.7337131639103065,1
Wall,53,6,development_holdout,goal_permuted_metric,frozen,1,0.1290496172936334,0.38212620148552057,0.0,2.874022948811637,1
Wall,53,6,development_holdout,goal_permuted_metric,frozen,3,0.09949096744196347,0.6963884854814338,0.0,3.7930937244297755,1
Wall,53,6,development_holdout,goal_permuted_metric,frozen,6,0.07381593059609586,0.8391471603243708,0.0,2.826382000981825,1
Wall,54,6,development_holdout,goal_permuted_metric,frozen,1,0.0,0.7044582818973748,1.0,3.136747838113964,1
Wall,54,6,development_holdout,goal_permuted_metric,frozen,3,0.2499504279323428,0.7884716268439136,0.0,5.041760038394823,1
Wall,54,6,development_holdout,goal_permuted_metric,frozen,6,0.3495982839396892,0.7057301019541881,0.0,4.4786855937158245,1
Wall,55,6,development_holdout,goal_permuted_metric,frozen,1,0.0,0.9759608248125807,1.0,4.855469871802462,1
Wall,55,6,development_holdout,goal_permuted_metric,frozen,3,0.5258009621191596,0.6781553841680099,0.0,3.7353358147545914,1
Wall,55,6,development_holdout,goal_permuted_metric,frozen,6,0.4067401505532029,0.7507275469416648,0.0,4.646228520598,1
Wall,8,1,development_holdout,native_metric,frozen,1,0.0891078101244978,0.9212604451728351,0.0,0.9396945831345046,1
Wall,8,1,development_holdout,native_metric,frozen,3,0.08482373582968013,0.7074582866953759,0.0,0.9999999986500666,1
Wall,8,1,development_holdout,native_metric,frozen,6,0.0,0.9561637161506199,1.0,0.5023654858915485,1
Wall,9,1,development_holdout,native_metric,frozen,1,0.0,0.5980708219283029,1.0,0.9830729758167748,1
Wall,9,1,development_holdout,native_metric,frozen,3,0.15382484569233362,0.5,0.0,0.9999999998849141,1
Wall,9,1,development_holdout,native_metric,frozen,6,0.09552012436264752,0.8898590417364328,0.0,0.7191989200550347,1
Wall,10,1,development_holdout,native_metric,frozen,1,0.4249088943221821,0.7954306990712671,0.0,0.9616132655066274,1
Wall,10,1,development_holdout,native_metric,frozen,3,0.0,0.5362649345501818,1.0,0.9999999991138503,1
Wall,10,1,development_holdout,native_metric,frozen,6,0.0,0.9959079800602231,1.0,0.5745435823376757,1
Wall,11,1,development_holdout,native_metric,frozen,1,0.0,0.9190117692414783,1.0,0.8797291811101194,1
Wall,11,1,development_holdout,native_metric,frozen,3,0.16557815588742084,0.5138355091610955,0.0,0.9999999993735899,1
Wall,11,1,development_holdout,native_metric,frozen,6,0.0,0.9785613338550799,1.0,0.607502780704991,1
Wall,12,1,development_holdout,native_metric,frozen,1,0.12456447628524758,0.8851665466462676,0.0,0.8366444193452266,1
Wall,12,1,development_holdout,native_metric,frozen,3,0.09665954609519713,0.5,0.0,0.9999999996262738,1
Wall,12,1,development_holdout,native_metric,frozen,6,0.051845683435020974,0.6733240896548459,0.0,0.8759280528200197,1
Wall,13,1,development_holdout,native_metric,frozen,1,0.0,0.7518988302660271,1.0,0.9631615761636468,1
Wall,13,1,development_holdout,native_metric,frozen,3,0.2829161925693999,0.6852579223557871,0.0,0.9999999983548706,1
Wall,13,1,development_holdout,native_metric,frozen,6,0.0,0.8570302955831371,1.0,0.47553579729450535,1
Wall,14,1,development_holdout,native_metric,frozen,1,0.4265192405294919,0.7807068895845126,0.0,0.9756443284718539,1
Wall,14,1,development_holdout,native_metric,frozen,3,0.16386929049128993,0.5,0.0,0.9999999998211307,1
Wall,14,1,development_holdout,native_metric,frozen,6,0.0,0.9867113447914209,1.0,0.6877896355300193,1
Wall,15,1,development_holdout,native_metric,frozen,1,0.0,0.9699810592266241,1.0,0.9206962642700469,1
Wall,15,1,development_holdout,native_metric,frozen,3,0.27842786842107053,0.5,0.0,1.0000000001932383,1
Wall,15,1,development_holdout,native_metric,frozen,6,0.02109195364658048,0.8043217236680251,0.0,0.733743219416237,1
Wall,16,2,development_holdout,native_metric,frozen,1,0.0,0.8439606769827576,1.0,0.9601764666667316,1
Wall,16,2,development_holdout,native_metric,frozen,3,0.0780943539164202,0.5265014121066354,0.0,0.9999999994685369,1
Wall,16,2,development_holdout,native_metric,frozen,6,0.47836158155027136,0.6516645993363457,0.0,1.1318723585730102,1
Wall,17,2,development_holdout,native_metric,frozen,1,0.12688078630405206,0.8004617519231914,0.0,0.9640246314842724,1
Wall,17,2,development_holdout,native_metric,frozen,3,0.0,0.5653540483980016,1.0,0.9999999991106746,1
Wall,17,2,development_holdout,native_metric,frozen,6,0.5173793022236458,0.6648354164892605,0.0,1.1254219681936408,1
Wall,18,2,development_holdout,native_metric,frozen,1,0.10368910939953103,0.8979389115628401,0.0,0.9404611146695383,1
Wall,18,2,development_holdout,native_metric,frozen,3,0.0,0.5,1.0,0.9999999994915165,1
Wall,18,2,development_holdout,native_metric,frozen,6,0.079029886739769,0.9822954156322434,0.0,0.6598838976802927,1
Wall,19,2,development_holdout,native_metric,frozen,1,0.0012619796047764191,0.7243316835412318,0.0,0.9612900817844132,1
Wall,19,2,development_holdout,native_metric,frozen,3,0.23643313898908538,0.5887758127544993,0.0,0.9999999988603901,1
Wall,19,2,development_holdout,native_metric,frozen,6,0.4811349945468107,0.772534807167549,0.0,0.9290365965586754,1
Wall,20,2,development_holdout,native_metric,frozen,1,0.4375463146812976,0.7787683619696057,0.0,0.940157689464554,1
Wall,20,2,development_holdout,native_metric,frozen,3,0.18914274310056906,0.553709153970314,0.0,0.9999999993488558,1
Wall,20,2,development_holdout,native_metric,frozen,6,0.3477921036549551,0.6407182527299423,0.0,0.9659601481732267,1
Wall,21,2,development_holdout,native_metric,frozen,1,0.12442798164057622,0.3287347068705279,0.0,1.0068685878879915,1
Wall,21,2,development_holdout,native_metric,frozen,3,0.0,0.5807043975350541,1.0,0.9999999991675983,1
Wall,21,2,development_holdout,native_metric,frozen,6,0.48324186008832426,0.7809867700182102,0.0,1.0491557352025045,1
Wall,22,2,development_holdout,native_metric,frozen,1,0.12694286968112253,0.8302901666056826,0.0,0.9711867637880567,1
Wall,22,2,development_holdout,native_metric,frozen,3,0.0,0.5650841893955071,1.0,0.9999999990746222,1
Wall,22,2,development_holdout,native_metric,frozen,6,0.5449193421845129,0.6591845800814726,0.0,1.0954077129844875,1
Wall,23,2,development_holdout,native_metric,frozen,1,0.492815152927685,0.7585080899072187,0.0,0.9650613222623406,1
Wall,23,2,development_holdout,native_metric,frozen,3,0.0,0.5,1.0,0.9999999994455303,1
Wall,23,2,development_holdout,native_metric,frozen,6,0.3589817567214553,0.7119188336588826,0.0,0.9401845006376164,1
Wall,48,6,development_holdout,native_metric,frozen,1,0.12212012605194784,0.771716032444069,0.0,0.9485272975044158,1
Wall,48,6,development_holdout,native_metric,frozen,3,0.33885638302503224,0.5694793328733202,0.0,0.9999999992035331,1
Wall,48,6,development_holdout,native_metric,frozen,6,0.0,0.8990154253279966,1.0,0.7385080319783363,1
Wall,49,6,development_holdout,native_metric,frozen,1,0.08831945936215893,0.8665425350676182,0.0,0.8700367347986897,1
Wall,49,6,development_holdout,native_metric,frozen,3,0.28059065837136005,0.5223583113062076,0.0,0.9999999994467861,1
Wall,49,6,development_holdout,native_metric,frozen,6,0.0,0.8990371366092855,1.0,0.7030722217684189,1
Wall,50,6,development_holdout,native_metric,frozen,1,0.4260117069489781,0.7150921504195527,0.0,0.9666255187275823,1
Wall,50,6,development_holdout,native_metric,frozen,3,0.2031904442529546,0.5,0.0,0.9999999995622924,1
Wall,50,6,development_holdout,native_metric,frozen,6,0.19405549575924055,0.7725485724141804,0.0,0.8800082998540996,1
Wall,51,6,development_holdout,native_metric,frozen,1,0.007931881484607411,0.9258140267745387,0.0,0.9335111469782263,1
Wall,51,6,development_holdout,native_metric,frozen,3,0.25084205680435046,0.5824841683804881,0.0,0.9999999989367807,1
Wall,51,6,development_holdout,native_metric,frozen,6,0.10901940817974191,0.8723725647553566,0.0,0.8228740265015835,1
Wall,52,6,development_holdout,native_metric,frozen,1,0.0,0.8426380265174127,1.0,0.9632776921384736,1
Wall,52,6,development_holdout,native_metric,frozen,3,0.08652891416874614,0.530301975650672,0.0,0.9999999995421441,1
Wall,52,6,development_holdout,native_metric,frozen,6,0.06992941723812081,0.8886861990168544,0.0,0.9055556371423716,1
Wall,53,6,development_holdout,native_metric,frozen,1,0.4488210939174718,0.4695334667945112,0.0,1.0040780077908806,1
Wall,53,6,development_holdout,native_metric,frozen,3,0.1509488568966722,0.5,0.0,0.9999999993042826,1
Wall,53,6,development_holdout,native_metric,frozen,6,0.09643994244758064,0.8542064960560833,0.0,0.8068730643412219,1
Wall,54,6,development_holdout,native_metric,frozen,1,0.0,0.8639433102086852,1.0,0.9507918774567253,1
Wall,54,6,development_holdout,native_metric,frozen,3,0.26133997006146936,0.5277197224306265,0.0,0.9999999994921429,1
Wall,54,6,development_holdout,native_metric,frozen,6,0.2353094206177578,0.8448451410385656,0.0,0.8999078173036189,1
Wall,55,6,development_holdout,native_metric,frozen,1,0.19210375265017246,0.8601840777762452,0.0,0.9007351123167571,1
Wall,55,6,development_holdout,native_metric,frozen,3,0.2094691332620639,0.5099034849119701,0.0,0.9999999993431877,1
Wall,55,6,development_holdout,native_metric,frozen,6,0.510367303771342,0.7056091461260091,0.0,0.9374181208967034,1
Wall,8,1,development_holdout,shared_metric,fidelity_constrained_latent_only,1,0.4240014130292173,0.773220140684423,0.0,1.6498811241625617,3
Wall,8,1,development_holdout,shared_metric,fidelity_constrained_latent_only,3,0.08482373582968013,0.8103284412506845,0.0,3.4317334704988878,3
Wall,8,1,development_holdout,shared_metric,fidelity_constrained_latent_only,6,0.0,0.893253257460726,1.0,2.6110472851415834,3
Wall,9,1,development_holdout,shared_metric,fidelity_constrained_latent_only,1,1.0,0.3511634171861146,0.0,2.169903495435505,3
Wall,9,1,development_holdout,shared_metric,fidelity_constrained_latent_only,3,0.4677642027164046,0.7309083766471796,0.0,1.886659465542077,3
Wall,9,1,development_holdout,shared_metric,fidelity_constrained_latent_only,6,0.09552012436264752,0.9777052322011798,0.0,2.0348782951564792,3
Wall,10,1,development_holdout,shared_metric,fidelity_constrained_latent_only,1,0.12286421707529614,0.24494308850534355,0.0,1.9722753249968796,3
Wall,10,1,development_holdout,shared_metric,fidelity_constrained_latent_only,3,0.20731631818021912,0.6453227810072618,0.0,3.146690766867008,3
Wall,10,1,development_holdout,shared_metric,fidelity_constrained_latent_only,6,0.08421266293753488,0.8411084650621019,0.0,1.9995572536939734,3
Wall,11,1,development_holdout,shared_metric,fidelity_constrained_latent_only,1,0.0,0.8965749956814609,1.0,1.4386320941027482,3
Wall,11,1,development_holdout,shared_metric,fidelity_constrained_latent_only,3,0.16557815588742084,0.5647117755034801,0.0,2.3490515116761914,3
Wall,11,1,development_holdout,shared_metric,fidelity_constrained_latent_only,6,0.009813328119207628,0.8864497427900693,0.6666666666666666,1.8270021824623246,3
Wall,12,1,development_holdout,shared_metric,fidelity_constrained_latent_only,1,0.1982781409190977,0.3818703479481557,0.0,1.7561172411316448,3
Wall,12,1,development_holdout,shared_metric,fidelity_constrained_latent_only,3,0.49638329062480707,0.6734266156113259,0.0,2.4294012770863755,3
Wall,12,1,development_holdout,shared_metric,fidelity_constrained_latent_only,6,0.051845683435020974,0.9068560247299855,0.0,2.305571313744233,3
Wall,13,1,development_holdout,shared_metric,fidelity_constrained_latent_only,1,0.6140374509913197,0.4132645449513476,0.0,1.422911716619977,3
Wall,13,1,development_holdout,shared_metric,fidelity_constrained_latent_only,3,0.14527104206009775,0.9094490059423679,0.0,3.2339598679715507,3
Wall,13,1,development_holdout,shared_metric,fidelity_constrained_latent_only,6,0.0,0.9092706953787525,1.0,3.6220671402234905,3
Wall,14,1,development_holdout,shared_metric,fidelity_constrained_latent_only,1,0.4265192405294919,0.7996574873614394,0.0,2.5202532713247154,3
Wall,14,1,development_holdout,shared_metric,fidelity_constrained_latent_only,3,0.02103669177229461,0.6725550099621108,0.0,2.3532399306620224,3
Wall,14,1,development_holdout,shared_metric,fidelity_constrained_latent_only,6,0.0,0.9488929119021853,1.0,1.3481897626819104,3
Wall,15,1,development_holdout,shared_metric,fidelity_constrained_latent_only,1,0.348984418900214,0.7162004799057075,0.0,2.279580880650547,3
Wall,15,1,development_holdout,shared_metric,fidelity_constrained_latent_only,3,0.019446629235054986,0.6797243008484518,0.0,2.2443344434179826,3
Wall,15,1,development_holdout,shared_metric,fidelity_constrained_latent_only,6,0.02109195364658048,0.7925138092975322,0.0,2.9135877224009312,3
Wall,16,2,development_holdout,shared_metric,fidelity_constrained_latent_only,1,0.4290666153272115,0.5072287926346757,0.0,1.4518933238742404,3
Wall,16,2,development_holdout,shared_metric,fidelity_constrained_latent_only,3,0.07872781905618415,0.6357673499401065,0.0,2.174667028099669,3
Wall,16,2,development_holdout,shared_metric,fidelity_constrained_latent_only,6,0.5134777220633316,0.4133906092371565,0.0,3.8801927824397793,3
Wall,17,2,development_holdout,shared_metric,fidelity_constrained_latent_only,1,0.5769228820618427,0.6908114969622313,0.0,1.8007973428311648,3
Wall,17,2,development_holdout,shared_metric,fidelity_constrained_latent_only,3,0.05076940394117952,0.8700566056576227,0.0,1.9360530871330954,3
Wall,17,2,development_holdout,shared_metric,fidelity_constrained_latent_only,6,0.5173793022236458,0.6367907924101399,0.0,2.8578360494893036,3
Wall,18,2,development_holdout,shared_metric,fidelity_constrained_latent_only,1,0.12115863057169185,0.30665310577994404,0.0,2.055411422464924,3
Wall,18,2,development_holdout,shared_metric,fidelity_constrained_latent_only,3,0.1320099554250919,0.7024191572147968,0.0,2.3722591733636977,3
Wall,18,2,development_holdout,shared_metric,fidelity_constrained_latent_only,6,0.08079413840993167,0.7819132234837772,0.0,2.527010614482307,3
Wall,19,2,development_holdout,shared_metric,fidelity_constrained_latent_only,1,0.1265250410340812,0.6403897144504955,0.0,3.008484559158808,3
Wall,19,2,development_holdout,shared_metric,fidelity_constrained_latent_only,3,0.30787988273780015,0.6014338717343163,0.0,3.2940979336431666,3
Wall,19,2,development_holdout,shared_metric,fidelity_constrained_latent_only,6,0.4811349945468107,0.6079682800284901,0.0,2.306292313291721,3
Wall,20,2,development_holdout,shared_metric,fidelity_constrained_latent_only,1,0.17223808782299202,0.7679882384434215,0.0,1.218301285126347,3
Wall,20,2,development_holdout,shared_metric,fidelity_constrained_latent_only,3,0.18914274310056908,0.5836074693638686,0.0,4.004524943920307,3
Wall,20,2,development_holdout,shared_metric,fidelity_constrained_latent_only,6,0.3477921036549551,0.4950655962550963,0.0,3.8375357590605694,3
Wall,21,2,development_holdout,shared_metric,fidelity_constrained_latent_only,1,0.4283517854423395,0.6951398273285828,0.0,2.0554408498998105,3
Wall,21,2,development_holdout,shared_metric,fidelity_constrained_latent_only,3,0.027842960851383394,0.9114693262249931,0.3333333333333333,2.790598450102244,3
Wall,21,2,development_holdout,shared_metric,fidelity_constrained_latent_only,6,0.4832418600883243,0.6515378599900203,0.0,2.4217513856786357,3
Wall,22,2,development_holdout,shared_metric,fidelity_constrained_latent_only,1,0.5769228648680464,0.6895364519210708,0.0,1.9399527068775806,3
Wall,22,2,development_holdout,shared_metric,fidelity_constrained_latent_only,3,0.04836487134327452,0.8636555884223346,0.0,1.8501100734485867,3
Wall,22,2,development_holdout,shared_metric,fidelity_constrained_latent_only,6,0.5449193421845129,0.6348159457939456,0.0,2.8285166492663976,3
Wall,23,2,development_holdout,shared_metric,fidelity_constrained_latent_only,1,0.0352215604069649,0.9142407429965739,0.0,0.6421034151416504,3
Wall,23,2,development_holdout,shared_metric,fidelity_constrained_latent_only,3,0.08949224892228795,0.8133793377180294,0.0,1.6602554459878307,3
Wall,23,2,development_holdout,shared_metric,fidelity_constrained_latent_only,6,0.3589817567214553,0.5144346694944507,0.0,2.8397301793679497,3
Wall,48,6,development_holdout,shared_metric,fidelity_constrained_latent_only,1,0.5769230998479485,0.6075710241762016,0.0,2.2745428715518443,3
Wall,48,6,development_holdout,shared_metric,fidelity_constrained_latent_only,3,0.6780836443816577,0.6454293957239005,0.0,3.145891615153833,3
Wall,48,6,development_holdout,shared_metric,fidelity_constrained_latent_only,6,0.731500090423887,0.694345336636386,0.0,3.575883116853787,3
Wall,49,6,development_holdout,shared_metric,fidelity_constrained_latent_only,1,0.12196031285278491,0.7148096911060362,0.0,2.102160854095462,3
Wall,49,6,development_holdout,shared_metric,fidelity_constrained_latent_only,3,0.16588647024117545,0.6876563535417034,0.0,2.6670326432000984,3
Wall,49,6,development_holdout,shared_metric,fidelity_constrained_latent_only,6,0.7378616048666261,0.6956499765161436,0.0,3.0297285034426196,3
Wall,50,6,development_holdout,shared_metric,fidelity_constrained_latent_only,1,0.4260117069489781,0.6227380802727346,0.0,2.45953580599502,3
Wall,50,6,development_holdout,shared_metric,fidelity_constrained_latent_only,3,0.0,0.6587596595607205,1.0,1.6372961661614494,3
Wall,50,6,development_holdout,shared_metric,fidelity_constrained_latent_only,6,0.7108412459105843,0.6538969930714223,0.0,2.1137195284097476,3
Wall,51,6,development_holdout,shared_metric,fidelity_constrained_latent_only,1,0.4223548821825773,0.6927818889443649,0.0,1.6174180408953542,3
Wall,51,6,development_holdout,shared_metric,fidelity_constrained_latent_only,3,0.5623146267457241,0.8020588760628343,0.0,2.8356631178687803,3
Wall,51,6,development_holdout,shared_metric,fidelity_constrained_latent_only,6,0.27108659153568054,0.8659412842766981,0.0,3.4441958830234323,3
Wall,52,6,development_holdout,shared_metric,fidelity_constrained_latent_only,1,0.120255869117341,0.8668557012034462,0.3333333333333333,3.0638191207380294,3
Wall,52,6,development_holdout,shared_metric,fidelity_constrained_latent_only,3,0.15227734889670658,0.8160681369723272,0.3333333333333333,1.8184464569459078,3
Wall,52,6,development_holdout,shared_metric,fidelity_constrained_latent_only,6,0.012810631282570033,0.8114311911268043,0.6666666666666666,2.052776922763258,3
Wall,53,6,development_holdout,shared_metric,fidelity_constrained_latent_only,1,0.09066352944768535,0.9072007651848515,0.0,1.8449702777150359,3
Wall,53,6,development_holdout,shared_metric,fidelity_constrained_latent_only,3,0.10805933876142033,0.7460640430532277,0.0,2.578509433558322,3
Wall,53,6,development_holdout,shared_metric,fidelity_constrained_latent_only,6,0.2939580851257134,0.731797258145301,0.0,1.8562501464671912,3
Wall,54,6,development_holdout,shared_metric,fidelity_constrained_latent_only,1,0.05210487275347143,0.6650298840305217,0.0,2.478480247361539,3
Wall,54,6,development_holdout,shared_metric,fidelity_constrained_latent_only,3,0.22028967914818534,0.7386947278560761,0.0,2.556455248437384,3
Wall,54,6,development_holdout,shared_metric,fidelity_constrained_latent_only,6,0.6769227234422285,0.7029181389560787,0.0,2.3276001172066483,3
Wall,55,6,development_holdout,shared_metric,fidelity_constrained_latent_only,1,0.0,0.9552829344540399,1.0,4.064673490404728,3
Wall,55,6,development_holdout,shared_metric,fidelity_constrained_latent_only,3,0.20946913326206387,0.8066019904945424,0.0,1.0611273704705353,3
Wall,55,6,development_holdout,shared_metric,fidelity_constrained_latent_only,6,0.4067401505532029,0.7070557631741847,0.0,1.9570572592253024,3
Wall,8,1,development_holdout,goal_permuted_metric,fidelity_constrained_latent_only,1,0.4240014130292173,0.40912574635567744,0.0,1.9023347916221585,3
Wall,8,1,development_holdout,goal_permuted_metric,fidelity_constrained_latent_only,3,0.08482373582968013,0.7210140020941473,0.0,3.6979442413434493,3
Wall,8,1,development_holdout,goal_permuted_metric,fidelity_constrained_latent_only,6,0.009948958131055423,0.8778105965958448,0.6666666666666666,2.699900612183408,3
Wall,9,1,development_holdout,goal_permuted_metric,fidelity_constrained_latent_only,1,1.0,0.3245996383044827,0.0,1.8203700171806796,3
Wall,9,1,development_holdout,goal_permuted_metric,fidelity_constrained_latent_only,3,0.4677642027164046,0.45193590722421395,0.0,2.2437173430078077,3
Wall,9,1,development_holdout,goal_permuted_metric,fidelity_constrained_latent_only,6,0.004913439393416626,0.9655636911758775,0.6666666666666666,2.0506385520405637,3
Wall,10,1,development_holdout,goal_permuted_metric,fidelity_constrained_latent_only,1,0.12286421707529614,0.233096596275123,0.0,2.379639327189139,3
Wall,10,1,development_holdout,goal_permuted_metric,fidelity_constrained_latent_only,3,0.20731631818021912,0.6480361965726325,0.0,3.168046165759689,3
Wall,10,1,development_holdout,goal_permuted_metric,fidelity_constrained_latent_only,6,0.08421266293753488,0.816920989015686,0.0,2.2017545280979003,3
Wall,11,1,development_holdout,goal_permuted_metric,fidelity_constrained_latent_only,1,0.12172401676917176,0.798048048229818,0.0,1.5009887625321061,3
Wall,11,1,development_holdout,goal_permuted_metric,fidelity_constrained_latent_only,3,0.16557815588742084,0.3732020098362159,0.0,2.852640815191174,3
Wall,11,1,development_holdout,goal_permuted_metric,fidelity_constrained_latent_only,6,0.02943998435762289,0.8240041392529524,0.0,2.2136076204300936,3
Wall,12,1,development_holdout,goal_permuted_metric,fidelity_constrained_latent_only,1,0.1982781409190977,0.559510174095661,0.0,1.5714261917616632,3
Wall,12,1,development_holdout,goal_permuted_metric,fidelity_constrained_latent_only,3,0.49638329062480707,0.5229429924946825,0.0,2.8941943290441525,3
Wall,12,1,development_holdout,goal_permuted_metric,fidelity_constrained_latent_only,6,0.051845683435020974,0.8629985157450827,0.0,2.367153293720158,3
Wall,13,1,development_holdout,goal_permuted_metric,fidelity_constrained_latent_only,1,1.0,0.3556726247772681,0.0,1.596313828039247,3
Wall,13,1,development_holdout,goal_permuted_metric,fidelity_constrained_latent_only,3,0.14527104206009775,0.8574631110296846,0.0,2.9787704429600836,3
Wall,13,1,development_holdout,goal_permuted_metric,fidelity_constrained_latent_only,6,0.0,0.9295628888534496,1.0,3.4235062545177857,3
Wall,14,1,development_holdout,goal_permuted_metric,fidelity_constrained_latent_only,1,0.1235923244710162,0.8204117342982524,0.0,1.9084328776432569,3
Wall,14,1,development_holdout,goal_permuted_metric,fidelity_constrained_latent_only,3,0.02103669177229461,0.5754059937155876,0.0,2.9842665824590076,3
Wall,14,1,development_holdout,goal_permuted_metric,fidelity_constrained_latent_only,6,0.018693811713921336,0.9153885497892721,0.0,1.5514922787705931,3
Wall,15,1,development_holdout,goal_permuted_metric,fidelity_constrained_latent_only,1,0.348984418900214,0.7107636708966615,0.0,1.424336547059507,3
Wall,15,1,development_holdout,goal_permuted_metric,fidelity_constrained_latent_only,3,0.019446629235054986,0.4483708051739678,0.0,2.6878561164196557,3
Wall,15,1,development_holdout,goal_permuted_metric,fidelity_constrained_latent_only,6,0.02109195364658048,0.7825622375048273,0.0,3.151800313447467,3
Wall,16,2,development_holdout,goal_permuted_metric,fidelity_constrained_latent_only,1,0.5276375744412164,0.46989356389940506,0.0,2.0789569528223804,3
Wall,16,2,development_holdout,goal_permuted_metric,fidelity_constrained_latent_only,3,0.07872781905618415,0.704463314558739,0.0,1.970169049248966,3
Wall,16,2,development_holdout,goal_permuted_metric,fidelity_constrained_latent_only,6,0.47836158155027136,0.36371567346929873,0.0,3.734841784448793,3
Wall,17,2,development_holdout,goal_permuted_metric,fidelity_constrained_latent_only,1,0.5769228820618427,0.5281749008821234,0.0,1.6730323387279895,3
Wall,17,2,development_holdout,goal_permuted_metric,fidelity_constrained_latent_only,3,0.05076940394117952,0.8188046428370198,0.0,1.8259436204144313,3
Wall,17,2,development_holdout,goal_permuted_metric,fidelity_constrained_latent_only,6,0.5173793022236458,0.5957693371820739,0.0,2.9000138338688592,3
Wall,18,2,development_holdout,goal_permuted_metric,fidelity_constrained_latent_only,1,0.12115863057169185,0.42181212599542356,0.0,1.4890579540511852,3
Wall,18,2,development_holdout,goal_permuted_metric,fidelity_constrained_latent_only,3,0.13583789196485332,0.5655064060140803,0.0,2.400072627079945,3
Wall,18,2,development_holdout,goal_permuted_metric,fidelity_constrained_latent_only,6,0.08079413840993167,0.7640036540935116,0.0,2.74254815174057,3
Wall,19,2,development_holdout,goal_permuted_metric,fidelity_constrained_latent_only,1,0.1265250410340812,0.43566425535758896,0.0,2.869706372803389,3
Wall,19,2,development_holdout,goal_permuted_metric,fidelity_constrained_latent_only,3,0.30787988273780015,0.7323012221554008,0.0,2.734716771017387,3
Wall,19,2,development_holdout,goal_permuted_metric,fidelity_constrained_latent_only,6,0.8270449981822702,0.3799147195985794,0.0,2.6122899054228195,3
Wall,20,2,development_holdout,goal_permuted_metric,fidelity_constrained_latent_only,1,0.8125154382270993,0.2871032762245224,0.0,1.9916679069679786,3
Wall,20,2,development_holdout,goal_permuted_metric,fidelity_constrained_latent_only,3,0.18914274310056908,0.5033403798281054,0.0,4.137767869355293,3
Wall,20,2,development_holdout,goal_permuted_metric,fidelity_constrained_latent_only,6,0.3477921036549551,0.3971858346195925,0.0,3.9152448843444767,3
Wall,21,2,development_holdout,goal_permuted_metric,fidelity_constrained_latent_only,1,0.4283517854423395,0.564470771499693,0.0,2.1670894635555147,3
Wall,21,2,development_holdout,goal_permuted_metric,fidelity_constrained_latent_only,3,0.044381667016076154,0.9063815998448806,0.0,2.8211953295558625,3
Wall,21,2,development_holdout,goal_permuted_metric,fidelity_constrained_latent_only,6,0.4832418600883243,0.6061719964145421,0.0,2.8085564518775055,3
Wall,22,2,development_holdout,goal_permuted_metric,fidelity_constrained_latent_only,1,0.5769228648680464,0.5431055625119894,0.0,1.7607254231773573,3
Wall,22,2,development_holdout,goal_permuted_metric,fidelity_constrained_latent_only,3,0.04836487134327452,0.846876617932605,0.0,1.7466838750324634,3
Wall,22,2,development_holdout,goal_permuted_metric,fidelity_constrained_latent_only,6,0.5449193421845129,0.5897041160285879,0.0,2.8763238802396742,3
Wall,23,2,development_holdout,goal_permuted_metric,fidelity_constrained_latent_only,1,0.0,0.8833530538327826,1.0,1.3273722506115262,3
Wall,23,2,development_holdout,goal_permuted_metric,fidelity_constrained_latent_only,3,0.08949224892228795,0.6321675978842903,0.0,1.9649544886667023,3
Wall,23,2,development_holdout,goal_permuted_metric,fidelity_constrained_latent_only,6,0.3589817567214553,0.45309810009588664,0.0,3.2271847716797812,3
Wall,48,6,development_holdout,goal_permuted_metric,fidelity_constrained_latent_only,1,0.5769230998479485,0.578939260704754,0.0,2.263817662410515,3
Wall,48,6,development_holdout,goal_permuted_metric,fidelity_constrained_latent_only,3,0.6780836443816577,0.5358361288486204,0.0,3.1904164407115023,3
Wall,48,6,development_holdout,goal_permuted_metric,fidelity_constrained_latent_only,6,0.731500090423887,0.646506456052887,0.0,4.153832392024473,3
Wall,49,6,development_holdout,goal_permuted_metric,fidelity_constrained_latent_only,1,0.12196031285278491,0.6816451561491954,0.0,1.8772674435421142,3
Wall,49,6,development_holdout,goal_permuted_metric,fidelity_constrained_latent_only,3,0.16588647024117545,0.5823768342910716,0.0,2.7751003828737524,3
Wall,49,6,development_holdout,goal_permuted_metric,fidelity_constrained_latent_only,6,0.7378616048666261,0.6614702090392219,0.0,3.5434889370656024,3
Wall,50,6,development_holdout,goal_permuted_metric,fidelity_constrained_latent_only,1,0.4260117069489781,0.626334465894046,0.0,2.394026100007193,3
Wall,50,6,development_holdout,goal_permuted_metric,fidelity_constrained_latent_only,3,0.14072646116507723,0.5281943638871075,0.3333333333333333,1.725617502919188,3
Wall,50,6,development_holdout,goal_permuted_metric,fidelity_constrained_latent_only,6,0.7108412459105843,0.5759197140839801,0.0,2.54351567663864,3
Wall,51,6,development_holdout,goal_permuted_metric,fidelity_constrained_latent_only,1,0.12172033166380862,0.6929981460365889,0.0,1.2641875798937876,3
Wall,51,6,development_holdout,goal_permuted_metric,fidelity_constrained_latent_only,3,0.5623146267457241,0.7375147920430676,0.0,2.952592336629308,3
Wall,51,6,development_holdout,goal_permuted_metric,fidelity_constrained_latent_only,6,0.27108659153568054,0.8062121484275125,0.0,3.7711587975777463,3
Wall,52,6,development_holdout,goal_permuted_metric,fidelity_constrained_latent_only,1,0.0,0.8857207682547129,1.0,2.3999337874129973,3
Wall,52,6,development_holdout,goal_permuted_metric,fidelity_constrained_latent_only,3,0.22841602334505987,0.7900329963992329,0.0,2.1743082099899063,3
Wall,52,6,development_holdout,goal_permuted_metric,fidelity_constrained_latent_only,6,0.0384318938477101,0.773831829518335,0.0,2.8385938000641424,3
Wall,53,6,development_holdout,goal_permuted_metric,fidelity_constrained_latent_only,1,0.09066352944768535,0.8576415507362113,0.0,1.8193981883891732,3
Wall,53,6,development_holdout,goal_permuted_metric,fidelity_constrained_latent_only,3,0.1251960814003341,0.7453315789751728,0.0,2.7150942941419083,3
Wall,53,6,development_holdout,goal_permuted_metric,fidelity_constrained_latent_only,6,0.7704161721563346,0.7248203600125763,0.0,2.258738041322975,3
Wall,54,6,development_holdout,goal_permuted_metric,fidelity_constrained_latent_only,1,0.05210487275347143,0.6985940740797009,0.0,2.5973211816848765,3
Wall,54,6,development_holdout,goal_permuted_metric,fidelity_constrained_latent_only,3,0.3210058047601448,0.5889013154526737,0.0,2.4340211207753546,3
Wall,54,6,development_holdout,goal_permuted_metric,fidelity_constrained_latent_only,6,0.6769227234422285,0.4817930398918368,0.0,3.1501686644403932,3
Wall,55,6,development_holdout,goal_permuted_metric,fidelity_constrained_latent_only,1,0.0,0.9858967696554153,1.0,3.751438606599621,3
Wall,55,6,development_holdout,goal_permuted_metric,fidelity_constrained_latent_only,3,0.20946913326206387,0.7514706864478639,0.0,1.2306706399576826,3
Wall,55,6,development_holdout,goal_permuted_metric,fidelity_constrained_latent_only,6,0.4067401505532029,0.6535993935828083,0.0,2.5382435039265747,3
Wall,8,1,development_holdout,native_metric,fidelity_constrained_latent_only,1,0.0,0.9832060467608758,1.0,0.8916655345403783,3
Wall,8,1,development_holdout,native_metric,fidelity_constrained_latent_only,3,0.08482373582968013,0.6083901359835548,0.0,0.9999999987914093,3
Wall,8,1,development_holdout,native_metric,fidelity_constrained_latent_only,6,0.0,0.9802904890961258,1.0,0.5894312484890393,3
Wall,9,1,development_holdout,native_metric,fidelity_constrained_latent_only,1,0.0,0.5788578609741304,1.0,0.966785232065885,3
Wall,9,1,development_holdout,native_metric,fidelity_constrained_latent_only,3,0.15382484569233362,0.5,0.0,0.9999999996802839,3
Wall,9,1,development_holdout,native_metric,fidelity_constrained_latent_only,6,0.09552012436264752,0.9511980825219156,0.0,0.6930656585328951,3
Wall,10,1,development_holdout,native_metric,fidelity_constrained_latent_only,1,0.0372770339782157,0.9150396275420519,0.0,0.9148448601923636,3
Wall,10,1,development_holdout,native_metric,fidelity_constrained_latent_only,3,0.0,0.6040378395355379,1.0,0.9999999987626759,3
Wall,10,1,development_holdout,native_metric,fidelity_constrained_latent_only,6,0.0,0.9806436113034532,1.0,0.5885555603215289,3
Wall,11,1,development_holdout,native_metric,fidelity_constrained_latent_only,1,0.07412761891648882,0.9378595969580722,0.0,0.8871028458927666,3
Wall,11,1,development_holdout,native_metric,fidelity_constrained_latent_only,3,0.22206290406126403,0.5,0.0,0.9999999992005791,3
Wall,11,1,development_holdout,native_metric,fidelity_constrained_latent_only,6,0.0,0.9992524356048021,1.0,0.6257847132374937,3
Wall,12,1,development_holdout,native_metric,fidelity_constrained_latent_only,1,0.0,0.8923089061443003,1.0,0.8920940142240413,3
Wall,12,1,development_holdout,native_metric,fidelity_constrained_latent_only,3,0.08551271428022887,0.5,0.0,0.9999999996264287,3
Wall,12,1,development_holdout,native_metric,fidelity_constrained_latent_only,6,0.21116622450814518,0.7887389497064713,0.0,0.8342621525287294,3
Wall,13,1,development_holdout,native_metric,fidelity_constrained_latent_only,1,0.028695465844599356,0.9200724595255821,0.0,0.9486544499320817,3
Wall,13,1,development_holdout,native_metric,fidelity_constrained_latent_only,3,0.14527104206009775,0.685257922355787,0.0,0.9999999982408377,3
Wall,13,1,development_holdout,native_metric,fidelity_constrained_latent_only,6,0.0,0.9519789122755177,1.0,0.5981597173029451,3
Wall,14,1,development_holdout,native_metric,fidelity_constrained_latent_only,1,0.4265192405294919,0.7751253745623689,0.0,0.9616630062461212,3
Wall,14,1,development_holdout,native_metric,fidelity_constrained_latent_only,3,0.02103669177229461,0.5,0.0,0.9999999996614712,3
Wall,14,1,development_holdout,native_metric,fidelity_constrained_latent_only,6,0.0,0.9727846639329535,1.0,0.7387915235750856,3
Wall,15,1,development_holdout,native_metric,fidelity_constrained_latent_only,1,0.0,0.9880651038685554,1.0,0.8648107028474815,3
Wall,15,1,development_holdout,native_metric,fidelity_constrained_latent_only,3,0.019446629235054986,0.5,0.0,0.9999999995670797,3
Wall,15,1,development_holdout,native_metric,fidelity_constrained_latent_only,6,0.02109195364658048,0.9068452711273918,0.0,0.7211100112746034,3
Wall,16,2,development_holdout,native_metric,fidelity_constrained_latent_only,1,0.0,0.9142823329590731,1.0,0.9295962716609331,3
Wall,16,2,development_holdout,native_metric,fidelity_constrained_latent_only,3,0.0780943539164202,0.5,0.0,0.9999999997602349,3
Wall,16,2,development_holdout,native_metric,fidelity_constrained_latent_only,6,0.5310357923198618,0.2788552205483696,0.0,1.04457416295046,3
Wall,17,2,development_holdout,native_metric,fidelity_constrained_latent_only,1,0.12688078630405206,0.8903081604371833,0.0,0.9320831975790553,3
Wall,17,2,development_holdout,native_metric,fidelity_constrained_latent_only,3,0.0,0.5,1.0,0.9999999997127134,3
Wall,17,2,development_holdout,native_metric,fidelity_constrained_latent_only,6,0.5122518561014756,0.5763488606984275,0.0,0.9852362936578016,3
Wall,18,2,development_holdout,native_metric,fidelity_constrained_latent_only,1,0.12115863057169185,0.5964333011358498,0.0,0.9869749594840491,3
Wall,18,2,development_holdout,native_metric,fidelity_constrained_latent_only,3,0.06357119324461176,0.5,0.0,0.99999999948801,3
Wall,18,2,development_holdout,native_metric,fidelity_constrained_latent_only,6,0.06074535502837517,0.9592751346163874,0.0,0.8599442118313118,3
Wall,19,2,development_holdout,native_metric,fidelity_constrained_latent_only,1,0.1265250410340812,0.5238267383700306,0.0,0.9990141762943052,3
Wall,19,2,development_holdout,native_metric,fidelity_constrained_latent_only,3,0.30787988273780015,0.5243126694267276,0.0,0.9999999991895536,3
Wall,19,2,development_holdout,native_metric,fidelity_constrained_latent_only,6,0.6658034424361426,0.7702894786536514,0.0,0.9054895888000378,3
Wall,20,2,development_holdout,native_metric,fidelity_constrained_latent_only,1,0.2428913623165946,0.8195504888020201,0.0,0.9376274204361152,3
Wall,20,2,development_holdout,native_metric,fidelity_constrained_latent_only,3,0.22499358945128464,0.5243551179758301,0.0,0.9999999996666288,3
Wall,20,2,development_holdout,native_metric,fidelity_constrained_latent_only,6,0.5175256334018074,0.4755990040800612,0.0,1.0204859293369501,3
Wall,21,2,development_holdout,native_metric,fidelity_constrained_latent_only,1,0.0,0.575967057248122,1.0,0.9833098491488049,3
Wall,21,2,development_holdout,native_metric,fidelity_constrained_latent_only,3,0.0,0.5471316266794941,1.0,0.9999999993624088,3
Wall,21,2,development_holdout,native_metric,fidelity_constrained_latent_only,6,0.4832418600883243,0.5815327491789836,0.0,0.9819809683097588,3
Wall,22,2,development_holdout,native_metric,fidelity_constrained_latent_only,1,0.0,0.8992661546021449,1.0,0.9362742329767904,3
Wall,22,2,development_holdout,native_metric,fidelity_constrained_latent_only,3,0.0,0.5,1.0,0.9999999996735845,3
Wall,22,2,development_holdout,native_metric,fidelity_constrained_latent_only,6,0.5339963765438347,0.5969378443278289,0.0,0.9833658117983646,3
Wall,23,2,development_holdout,native_metric,fidelity_constrained_latent_only,1,0.0352215604069649,0.8195216698400601,0.0,0.9739913247656178,3
Wall,23,2,development_holdout,native_metric,fidelity_constrained_latent_only,3,0.16376664175523856,0.5,0.0,0.9999999996541558,3
Wall,23,2,development_holdout,native_metric,fidelity_constrained_latent_only,6,0.3589817567214553,0.6738209414928974,0.0,0.9624606001574945,3
Wall,48,6,development_holdout,native_metric,fidelity_constrained_latent_only,1,0.024750837594570252,0.8266073678504929,0.0,0.9303224269523286,3
Wall,48,6,development_holdout,native_metric,fidelity_constrained_latent_only,3,0.33885638302503224,0.5,0.0,0.9999999993560276,3
Wall,48,6,development_holdout,native_metric,fidelity_constrained_latent_only,6,0.13991464109340168,0.9184802356092204,0.0,0.8220344279255035,3
Wall,49,6,development_holdout,native_metric,fidelity_constrained_latent_only,1,0.08831945936215894,0.885382623563811,0.0,0.8988895187446478,3
Wall,49,6,development_holdout,native_metric,fidelity_constrained_latent_only,3,0.29661858936664,0.5,0.0,0.9999999991310521,3
Wall,49,6,development_holdout,native_metric,fidelity_constrained_latent_only,6,0.08134523661871648,0.9146140722633959,0.0,0.7995999180476644,3
Wall,50,6,development_holdout,native_metric,fidelity_constrained_latent_only,1,0.0,0.9001871875273052,1.0,0.919291647812781,3
Wall,50,6,development_holdout,native_metric,fidelity_constrained_latent_only,3,0.29607003342937677,0.5,0.0,0.9999999994309219,3
Wall,50,6,development_holdout,native_metric,fidelity_constrained_latent_only,6,0.0776546129291678,0.9354699331172173,0.3333333333333333,0.8291741093440868,3
Wall,51,6,development_holdout,native_metric,fidelity_constrained_latent_only,1,0.04586116619569102,0.9197492505709044,0.0,0.9135771120126774,3
Wall,51,6,development_holdout,native_metric,fidelity_constrained_latent_only,3,0.43123857483639333,0.538978880298105,0.0,0.9999999988444053,3
Wall,51,6,development_holdout,native_metric,fidelity_constrained_latent_only,6,0.10901940817974191,0.9860414326684003,0.0,0.7589601978737374,3
Wall,52,6,development_holdout,native_metric,fidelity_constrained_latent_only,1,0.0,0.9889944167489405,1.0,0.8903109295971584,3
Wall,52,6,development_holdout,native_metric,fidelity_constrained_latent_only,3,0.22841602334505987,0.5,0.0,0.9999999992659464,3
Wall,52,6,development_holdout,native_metric,fidelity_constrained_latent_only,6,0.04893106831118033,0.8857345411868357,0.0,0.8701349031269555,3
Wall,53,6,development_holdout,native_metric,fidelity_constrained_latent_only,1,0.17662176050229428,0.6813925383290297,0.0,0.9855416131545179,3
Wall,53,6,development_holdout,native_metric,fidelity_constrained_latent_only,3,0.1509488568966722,0.5,0.0,0.9999999991336983,3
Wall,53,6,development_holdout,native_metric,fidelity_constrained_latent_only,6,0.03214664748252688,0.8874745720046766,0.6666666666666666,0.8313761709649244,3
Wall,54,6,development_holdout,native_metric,fidelity_constrained_latent_only,1,0.0,0.9994976641278814,1.0,0.8982854420250191,3
Wall,54,6,development_holdout,native_metric,fidelity_constrained_latent_only,3,0.22028967914818534,0.5,0.0,0.9999999992172081,3
Wall,54,6,development_holdout,native_metric,fidelity_constrained_latent_only,6,0.2353094206177578,0.8549800819307696,0.0,0.864903836892577,3
Wall,55,6,development_holdout,native_metric,fidelity_constrained_latent_only,1,0.0,0.9819401612347453,1.0,0.8676565714862757,3
Wall,55,6,development_holdout,native_metric,fidelity_constrained_latent_only,3,0.1600320766712798,0.5572596443427932,0.0,0.9999999990758139,3
Wall,55,6,development_holdout,native_metric,fidelity_constrained_latent_only,6,0.18556743248599175,0.8797953808194391,0.3333333333333333,0.8479258841924723,3
Wall,8,1,development_holdout,shared_metric,fidelity_constrained_shuffled_geometry,1,0.4240014130292173,0.8338669322930771,0.0,1.8751111021408597,3
Wall,8,1,development_holdout,shared_metric,fidelity_constrained_shuffled_geometry,3,0.08482373582968013,0.8190999806805482,0.0,2.5366598223083585,3
Wall,8,1,development_holdout,shared_metric,fidelity_constrained_shuffled_geometry,6,0.029846874393166262,0.7935697081159581,0.0,2.5871672817044487,3
Wall,9,1,development_holdout,shared_metric,fidelity_constrained_shuffled_geometry,1,1.0,0.21070488775522456,0.0,2.085136649907742,3
Wall,9,1,development_holdout,shared_metric,fidelity_constrained_shuffled_geometry,3,0.1396865797382526,0.5451383677693057,0.0,3.8741813018632514,3
Wall,9,1,development_holdout,shared_metric,fidelity_constrained_shuffled_geometry,6,0.09552012436264752,0.8830118291720295,0.0,1.9524545196496277,3
Wall,10,1,development_holdout,shared_metric,fidelity_constrained_shuffled_geometry,1,0.12286421707529614,0.7670096862176458,0.0,1.6665531251580228,3
Wall,10,1,development_holdout,shared_metric,fidelity_constrained_shuffled_geometry,3,0.3321054244239033,0.8156752837924569,0.0,2.2862368003589495,3
Wall,10,1,development_holdout,shared_metric,fidelity_constrained_shuffled_geometry,6,0.0,0.882589426648048,1.0,2.4439469369168942,3
Wall,11,1,development_holdout,shared_metric,fidelity_constrained_shuffled_geometry,1,0.12172401676917176,0.8047324298313047,0.0,1.2670290335207304,3
Wall,11,1,development_holdout,shared_metric,fidelity_constrained_shuffled_geometry,3,0.5097052023383264,0.5069937248495534,0.0,2.1436535117771505,3
Wall,11,1,development_holdout,shared_metric,fidelity_constrained_shuffled_geometry,6,0.0789306178140974,0.8885415462568266,0.0,2.3994884953384754,3
Wall,12,1,development_holdout,shared_metric,fidelity_constrained_shuffled_geometry,1,0.576922927911456,0.40998926270474473,0.0,1.435082065531925,3
Wall,12,1,development_holdout,shared_metric,fidelity_constrained_shuffled_geometry,3,0.49638329062480707,0.5146530746660615,0.0,4.355383047894158,3
Wall,12,1,development_holdout,shared_metric,fidelity_constrained_shuffled_geometry,6,0.1407774830054301,0.8984886023525198,0.3333333333333333,2.254914161965218,3
Wall,13,1,development_holdout,shared_metric,fidelity_constrained_shuffled_geometry,1,0.4210561764869795,0.626226670181398,0.0,1.2303568612178228,3
Wall,13,1,development_holdout,shared_metric,fidelity_constrained_shuffled_geometry,3,0.14527104206009775,0.8387594528751333,0.0,3.7057866070125307,3
Wall,13,1,development_holdout,shared_metric,fidelity_constrained_shuffled_geometry,6,0.0,0.8750716255365069,1.0,2.309191196773121,3
Wall,14,1,development_holdout,shared_metric,fidelity_constrained_shuffled_geometry,1,0.4265192405294919,0.7182415721676131,0.0,3.029695797608994,3
Wall,14,1,development_holdout,shared_metric,fidelity_constrained_shuffled_geometry,3,0.5564080372737089,0.6448998414789048,0.0,2.3792647067360164,3
Wall,14,1,development_holdout,shared_metric,fidelity_constrained_shuffled_geometry,6,0.018693811713921336,0.9078365775611102,0.0,3.2046793124675674,3
Wall,15,1,development_holdout,shared_metric,fidelity_constrained_shuffled_geometry,1,0.434934010958611,0.4366543508643292,0.0,2.622223150565761,3
Wall,15,1,development_holdout,shared_metric,fidelity_constrained_shuffled_geometry,3,0.27842786842107053,0.38719090884608304,0.0,3.7855974900772362,3
Wall,15,1,development_holdout,shared_metric,fidelity_constrained_shuffled_geometry,6,0.4711102258345334,0.9042472464435494,0.0,3.538659742564588,3
Wall,16,2,development_holdout,shared_metric,fidelity_constrained_shuffled_geometry,1,0.576923053998219,0.5488944783372249,0.0,1.4536550099275207,3
Wall,16,2,development_holdout,shared_metric,fidelity_constrained_shuffled_geometry,3,0.07872781905618415,0.8630617437825802,0.0,3.245188811070109,3
Wall,16,2,development_holdout,shared_metric,fidelity_constrained_shuffled_geometry,6,0.47836158155027136,0.542282331663573,0.0,4.071379545950389,3
Wall,17,2,development_holdout,shared_metric,fidelity_constrained_shuffled_geometry,1,0.0,0.8021453701272634,1.0,3.3088205464252645,3
Wall,17,2,development_holdout,shared_metric,fidelity_constrained_shuffled_geometry,3,0.023989231169407144,0.9394436077541904,0.0,4.267788559534021,3
Wall,17,2,development_holdout,shared_metric,fidelity_constrained_shuffled_geometry,6,0.5173793022236458,0.6949044398042875,0.0,4.13976950115937,3
Wall,18,2,development_holdout,shared_metric,fidelity_constrained_shuffled_geometry,1,1.0,0.3070767652907465,0.0,1.5951562150829093,3
Wall,18,2,development_holdout,shared_metric,fidelity_constrained_shuffled_geometry,3,0.09827810985778822,0.7990929857497134,0.0,5.258749200127626,3
Wall,18,2,development_holdout,shared_metric,fidelity_constrained_shuffled_geometry,6,0.08079413840993167,0.8295568372034324,0.0,2.974463486417161,3
Wall,19,2,development_holdout,shared_metric,fidelity_constrained_shuffled_geometry,1,0.1265250410340812,0.8443944823720558,0.0,3.181668981556537,3
Wall,19,2,development_holdout,shared_metric,fidelity_constrained_shuffled_geometry,3,0.30787988273780015,0.896267429183005,0.0,4.718528499341183,3
Wall,19,2,development_holdout,shared_metric,fidelity_constrained_shuffled_geometry,6,0.4811349945468107,0.6540063390050083,0.0,2.575268317446102,3
Wall,20,2,development_holdout,shared_metric,fidelity_constrained_shuffled_geometry,1,0.2428913623165946,0.6827762834342415,0.0,2.018172667287692,3
Wall,20,2,development_holdout,shared_metric,fidelity_constrained_shuffled_geometry,3,0.18914274310056908,0.7898107620106632,0.0,3.885234361721801,3
Wall,20,2,development_holdout,shared_metric,fidelity_constrained_shuffled_geometry,6,0.3477921036549551,0.644913234826176,0.0,4.120448548955247,3
Wall,21,2,development_holdout,shared_metric,fidelity_constrained_shuffled_geometry,1,0.4283517854423395,0.6562583324424448,0.0,3.49106706383877,3
Wall,21,2,development_holdout,shared_metric,fidelity_constrained_shuffled_geometry,3,0.049616118494078286,0.9031114254851139,0.0,5.297401167176997,3
Wall,21,2,development_holdout,shared_metric,fidelity_constrained_shuffled_geometry,6,0.4832418600883243,0.8352725755751048,0.0,3.518702884964455,3
Wall,22,2,development_holdout,shared_metric,fidelity_constrained_shuffled_geometry,1,0.0,0.7972458177629814,1.0,3.2566531931735008,3
Wall,22,2,development_holdout,shared_metric,fidelity_constrained_shuffled_geometry,3,0.023504845631024757,0.9407038537264656,0.0,4.236005447318494,3
Wall,22,2,development_holdout,shared_metric,fidelity_constrained_shuffled_geometry,6,0.5449193421845129,0.7002967181952235,0.0,4.022329061250794,3
Wall,23,2,development_holdout,shared_metric,fidelity_constrained_shuffled_geometry,1,0.1421721940639325,0.8065908428730345,0.0,0.7591778248988469,3
Wall,23,2,development_holdout,shared_metric,fidelity_constrained_shuffled_geometry,3,0.0,0.9057743532294108,1.0,1.9844813510819261,3
Wall,23,2,development_holdout,shared_metric,fidelity_constrained_shuffled_geometry,6,0.3589817567214553,0.6501465378919048,0.0,3.7879500880528414,3
Wall,48,6,development_holdout,shared_metric,fidelity_constrained_shuffled_geometry,1,0.5769230998479485,0.5552790233968523,0.0,2.124721170324895,3
Wall,48,6,development_holdout,shared_metric,fidelity_constrained_shuffled_geometry,3,0.19997904740567995,0.7519553082630166,0.0,4.1305117143025845,3
Wall,48,6,development_holdout,shared_metric,fidelity_constrained_shuffled_geometry,6,0.15055470034181848,0.888263994853074,0.0,2.66229452583403,3
Wall,49,6,development_holdout,shared_metric,fidelity_constrained_shuffled_geometry,1,0.576923053998219,0.575802326212434,0.0,2.472524254074749,3
Wall,49,6,development_holdout,shared_metric,fidelity_constrained_shuffled_geometry,3,0.16588647024117545,0.7081480695541679,0.0,3.6834638851209625,3
Wall,49,6,development_holdout,shared_metric,fidelity_constrained_shuffled_geometry,6,0.15335814355685554,0.8914994072905967,0.0,2.3792172748748825,3
Wall,50,6,development_holdout,shared_metric,fidelity_constrained_shuffled_geometry,1,0.0,0.708859420053824,1.0,2.4585106851335135,3
Wall,50,6,development_holdout,shared_metric,fidelity_constrained_shuffled_geometry,3,0.34833554650971976,0.7395090490413905,0.0,2.7835242331247128,3
Wall,50,6,development_holdout,shared_metric,fidelity_constrained_shuffled_geometry,6,0.03773225056541398,0.93202111757893,0.0,1.5273734685691551,3
Wall,51,6,development_holdout,shared_metric,fidelity_constrained_shuffled_geometry,1,0.4223548821825773,0.7702066254978637,0.0,1.6959569875992362,3
Wall,51,6,development_holdout,shared_metric,fidelity_constrained_shuffled_geometry,3,0.5623146267457241,0.7822381533845841,0.0,3.6674330110240057,3
Wall,51,6,development_holdout,shared_metric,fidelity_constrained_shuffled_geometry,6,0.1478150981623312,0.9007165280530685,0.0,2.154454676482503,3
Wall,52,6,development_holdout,shared_metric,fidelity_constrained_shuffled_geometry,1,0.07100282563201721,0.8019156775205447,0.0,2.9314290539757795,3
Wall,52,6,development_holdout,shared_metric,fidelity_constrained_shuffled_geometry,3,0.15227734889670658,0.864481456445311,0.3333333333333333,3.07689958709514,3
Wall,52,6,development_holdout,shared_metric,fidelity_constrained_shuffled_geometry,6,0.4446029683194517,0.8922773744433631,0.0,1.4912822886200487,3
Wall,53,6,development_holdout,shared_metric,fidelity_constrained_shuffled_geometry,1,0.1290496172936334,0.4695339917780194,0.0,1.9885197479739258,3
Wall,53,6,development_holdout,shared_metric,fidelity_constrained_shuffled_geometry,3,0.1509488568966722,0.8218962977987413,0.0,2.7942669747026883,3
Wall,53,6,development_holdout,shared_metric,fidelity_constrained_shuffled_geometry,6,0.061758004605633805,0.9150374181323171,0.0,1.6831132497940615,3
Wall,54,6,development_holdout,shared_metric,fidelity_constrained_shuffled_geometry,1,0.0,0.7018710249109857,1.0,1.9740796740584459,3
Wall,54,6,development_holdout,shared_metric,fidelity_constrained_shuffled_geometry,3,0.27939422379595924,0.7311072280709757,0.0,3.1785046157282775,3
Wall,54,6,development_holdout,shared_metric,fidelity_constrained_shuffled_geometry,6,0.3495982839396892,0.8553101730239062,0.0,2.2632818957434497,3
Wall,55,6,development_holdout,shared_metric,fidelity_constrained_shuffled_geometry,1,0.0,0.9430045134666827,1.0,3.6136023818881546,3
Wall,55,6,development_holdout,shared_metric,fidelity_constrained_shuffled_geometry,3,0.20946913326206387,0.8644191680516656,0.0,1.6905713338963475,3
Wall,55,6,development_holdout,shared_metric,fidelity_constrained_shuffled_geometry,6,0.4067401505532029,0.8458024645519634,0.0,2.100053112691452,3
Wall,8,1,development_holdout,goal_permuted_metric,fidelity_constrained_shuffled_geometry,1,0.4240014130292173,0.719524756191903,0.0,1.41855049050966,3
Wall,8,1,development_holdout,goal_permuted_metric,fidelity_constrained_shuffled_geometry,3,0.08482373582968013,0.7600604355526971,0.0,2.7584954581492522,3
Wall,8,1,development_holdout,goal_permuted_metric,fidelity_constrained_shuffled_geometry,6,0.029846874393166262,0.810472137241837,0.0,2.584385741909643,3
Wall,9,1,development_holdout,goal_permuted_metric,fidelity_constrained_shuffled_geometry,1,0.23978801010775627,0.446855738687985,0.0,1.3937162143222974,3
Wall,9,1,development_holdout,goal_permuted_metric,fidelity_constrained_shuffled_geometry,3,0.4677642027164046,0.40572648082759194,0.0,4.295798841397894,3
Wall,9,1,development_holdout,goal_permuted_metric,fidelity_constrained_shuffled_geometry,6,0.09552012436264752,0.8544553304879182,0.0,1.940129285842941,3
Wall,10,1,development_holdout,goal_permuted_metric,fidelity_constrained_shuffled_geometry,1,0.12286421707529614,0.4717201809260678,0.0,1.7378262320727076,3
Wall,10,1,development_holdout,goal_permuted_metric,fidelity_constrained_shuffled_geometry,3,0.5238362538458352,0.7469891565989374,0.0,1.865760480396065,3
Wall,10,1,development_holdout,goal_permuted_metric,fidelity_constrained_shuffled_geometry,6,0.0,0.8397489069709931,1.0,2.0364048316553425,3
Wall,11,1,development_holdout,goal_permuted_metric,fidelity_constrained_shuffled_geometry,1,0.0,0.7896169188026169,1.0,1.4941895997952612,3
Wall,11,1,development_holdout,goal_permuted_metric,fidelity_constrained_shuffled_geometry,3,0.4308175232526356,0.3717111512375903,0.0,2.2295691674296823,3
Wall,11,1,development_holdout,goal_permuted_metric,fidelity_constrained_shuffled_geometry,6,0.0789306178140974,0.8585630746390538,0.0,2.318364768912655,3
Wall,12,1,development_holdout,goal_permuted_metric,fidelity_constrained_shuffled_geometry,1,0.576922927911456,0.629011074097989,0.0,1.1651280705193452,3
Wall,12,1,development_holdout,goal_permuted_metric,fidelity_constrained_shuffled_geometry,3,0.49638329062480707,0.46058446224961197,0.0,4.559556087704364,3
Wall,12,1,development_holdout,goal_permuted_metric,fidelity_constrained_shuffled_geometry,6,0.1407774830054301,0.8786252957927396,0.3333333333333333,2.3083354183234475,3
Wall,13,1,development_holdout,goal_permuted_metric,fidelity_constrained_shuffled_geometry,1,0.22894890480929045,0.5099423357810176,0.0,1.2553423516676592,3
Wall,13,1,development_holdout,goal_permuted_metric,fidelity_constrained_shuffled_geometry,3,0.14527104206009775,0.7926606048219154,0.0,2.9302014194379002,3
Wall,13,1,development_holdout,goal_permuted_metric,fidelity_constrained_shuffled_geometry,6,0.0,0.8654504469111081,1.0,2.362683023911357,3
Wall,14,1,development_holdout,goal_permuted_metric,fidelity_constrained_shuffled_geometry,1,0.4265192405294919,0.767378466440232,0.0,2.110236111361019,3
Wall,14,1,development_holdout,goal_permuted_metric,fidelity_constrained_shuffled_geometry,3,0.376217360017086,0.6775878373701741,0.0,2.9098962263141526,3
Wall,14,1,development_holdout,goal_permuted_metric,fidelity_constrained_shuffled_geometry,6,0.018693811713921336,0.9402332630348673,0.0,3.098867475545626,3
Wall,15,1,development_holdout,goal_permuted_metric,fidelity_constrained_shuffled_geometry,1,0.434934010958611,0.44014899345841796,0.0,2.0611498487067377,3
Wall,15,1,development_holdout,goal_permuted_metric,fidelity_constrained_shuffled_geometry,3,0.19210078869239866,0.33207048213995877,0.0,4.082208923947068,3
Wall,15,1,development_holdout,goal_permuted_metric,fidelity_constrained_shuffled_geometry,6,0.013362483034086084,0.9461230487204771,0.6666666666666666,3.9438864879924154,3
Wall,16,2,development_holdout,goal_permuted_metric,fidelity_constrained_shuffled_geometry,1,0.576923053998219,0.5440062893244614,0.0,1.4957117593733618,3
Wall,16,2,development_holdout,goal_permuted_metric,fidelity_constrained_shuffled_geometry,3,0.07872781905618415,0.9400493824420231,0.0,2.947558224009246,3
Wall,16,2,development_holdout,goal_permuted_metric,fidelity_constrained_shuffled_geometry,6,0.47836158155027136,0.655452069429019,0.0,3.744722474426585,3
Wall,17,2,development_holdout,goal_permuted_metric,fidelity_constrained_shuffled_geometry,1,0.43363994939568373,0.5860360661705409,0.0,3.2684221148084247,3
Wall,17,2,development_holdout,goal_permuted_metric,fidelity_constrained_shuffled_geometry,3,0.023989231169407144,0.9235518777448707,0.0,4.595031131010619,3
Wall,17,2,development_holdout,goal_permuted_metric,fidelity_constrained_shuffled_geometry,6,0.5173793022236458,0.8564889389302627,0.0,4.015411295265885,3
Wall,18,2,development_holdout,goal_permuted_metric,fidelity_constrained_shuffled_geometry,1,0.09316313032393526,0.6672776204262364,0.0,1.2942900299315585,3
Wall,18,2,development_holdout,goal_permuted_metric,fidelity_constrained_shuffled_geometry,3,0.13009598715521117,0.7882845893967699,0.0,5.320187311942168,3
Wall,18,2,development_holdout,goal_permuted_metric,fidelity_constrained_shuffled_geometry,6,0.08079413840993167,0.8424743191779945,0.0,3.1017189360736617,3
Wall,19,2,development_holdout,goal_permuted_metric,fidelity_constrained_shuffled_geometry,1,0.1265250410340812,0.8208151250848811,0.0,2.8469068651666034,3
Wall,19,2,development_holdout,goal_permuted_metric,fidelity_constrained_shuffled_geometry,3,0.23643313898908538,0.956282502559724,0.0,4.5008973387974995,3
Wall,19,2,development_holdout,goal_permuted_metric,fidelity_constrained_shuffled_geometry,6,0.4811349945468107,0.7511168517246941,0.0,2.5499361262987232,3
Wall,20,2,development_holdout,goal_permuted_metric,fidelity_constrained_shuffled_geometry,1,0.2428913623165946,0.49455314472694684,0.0,2.790457553432809,3
Wall,20,2,development_holdout,goal_permuted_metric,fidelity_constrained_shuffled_geometry,3,0.18914274310056908,0.8136342152796242,0.0,3.601697994434879,3
Wall,20,2,development_holdout,goal_permuted_metric,fidelity_constrained_shuffled_geometry,6,0.3477921036549551,0.6703604249051512,0.0,4.273183388067792,3
Wall,21,2,development_holdout,goal_permuted_metric,fidelity_constrained_shuffled_geometry,1,0.4283517854423395,0.6170180294341445,0.0,3.4320721635302367,3
Wall,21,2,development_holdout,goal_permuted_metric,fidelity_constrained_shuffled_geometry,3,0.049616118494078286,0.8820392264150754,0.0,5.585656171318264,3
Wall,21,2,development_holdout,goal_permuted_metric,fidelity_constrained_shuffled_geometry,6,0.4832418600883243,0.8380430516127994,0.0,3.7011791954148685,3
Wall,22,2,development_holdout,goal_permuted_metric,fidelity_constrained_shuffled_geometry,1,0.21914233368624259,0.6059423014128082,0.0,3.2248309687568124,3
Wall,22,2,development_holdout,goal_permuted_metric,fidelity_constrained_shuffled_geometry,3,0.023504845631024757,0.9230566465228804,0.0,4.536413697032924,3
Wall,22,2,development_holdout,goal_permuted_metric,fidelity_constrained_shuffled_geometry,6,0.5449193421845129,0.861532310505516,0.0,3.8873167296195454,3
Wall,23,2,development_holdout,goal_permuted_metric,fidelity_constrained_shuffled_geometry,1,0.492815152927685,0.7866941394626169,0.0,1.559416224225289,3
Wall,23,2,development_holdout,goal_permuted_metric,fidelity_constrained_shuffled_geometry,3,0.0,0.827022058359489,1.0,2.2381532479145485,3
Wall,23,2,development_holdout,goal_permuted_metric,fidelity_constrained_shuffled_geometry,6,0.3589817567214553,0.7493350600207694,0.0,3.988915642518949,3
Wall,48,6,development_holdout,goal_permuted_metric,fidelity_constrained_shuffled_geometry,1,0.5769230998479485,0.525365976584148,0.0,2.7309006933566486,3
Wall,48,6,development_holdout,goal_permuted_metric,fidelity_constrained_shuffled_geometry,3,0.19997904740567995,0.7971723077500883,0.0,4.025255049132025,3
Wall,48,6,development_holdout,goal_permuted_metric,fidelity_constrained_shuffled_geometry,6,0.15055470034181848,0.729098206886725,0.0,3.8919328104959234,3
Wall,49,6,development_holdout,goal_permuted_metric,fidelity_constrained_shuffled_geometry,1,0.576923053998219,0.5786804911524518,0.0,2.6899981928872485,3
Wall,49,6,development_holdout,goal_permuted_metric,fidelity_constrained_shuffled_geometry,3,0.16588647024117545,0.7565044656773141,0.0,3.554624717670014,3
Wall,49,6,development_holdout,goal_permuted_metric,fidelity_constrained_shuffled_geometry,6,0.15335814355685554,0.8014083264702113,0.0,3.5870651472128166,3
Wall,50,6,development_holdout,goal_permuted_metric,fidelity_constrained_shuffled_geometry,1,0.0,0.7089349437587235,1.0,3.1336445986651724,3
Wall,50,6,development_holdout,goal_permuted_metric,fidelity_constrained_shuffled_geometry,3,0.6453543957609903,0.6969202232093651,0.0,3.4484070968472023,3
Wall,50,6,development_holdout,goal_permuted_metric,fidelity_constrained_shuffled_geometry,6,0.3649307373278637,0.8770094523100392,0.0,3.2318952639296987,3
Wall,51,6,development_holdout,goal_permuted_metric,fidelity_constrained_shuffled_geometry,1,0.4223548821825773,0.775483018643059,0.0,1.362577149438092,3
Wall,51,6,development_holdout,goal_permuted_metric,fidelity_constrained_shuffled_geometry,3,0.5623146267457241,0.757589517349469,0.0,5.771706711507715,3
Wall,51,6,development_holdout,goal_permuted_metric,fidelity_constrained_shuffled_geometry,6,0.13488320150146813,0.8409949024710448,0.0,2.9492891642101338,3
Wall,52,6,development_holdout,goal_permuted_metric,fidelity_constrained_shuffled_geometry,1,0.07100282563201721,0.922772220755542,0.0,2.7159788078790936,3
Wall,52,6,development_holdout,goal_permuted_metric,fidelity_constrained_shuffled_geometry,3,0.05051972594698755,0.944024467126186,0.0,4.730980042790339,3
Wall,52,6,development_holdout,goal_permuted_metric,fidelity_constrained_shuffled_geometry,6,0.0,0.9640085288763044,1.0,2.0771282486182954,3
Wall,53,6,development_holdout,goal_permuted_metric,fidelity_constrained_shuffled_geometry,1,0.1290496172936334,0.4397834680243336,0.0,2.362934540666469,3
Wall,53,6,development_holdout,goal_permuted_metric,fidelity_constrained_shuffled_geometry,3,0.09949096744196347,0.9004151892725836,0.0,2.7042146332831045,3
Wall,53,6,development_holdout,goal_permuted_metric,fidelity_constrained_shuffled_geometry,6,0.3537844893083351,0.8048036297817228,0.0,3.4542238451517484,3
Wall,54,6,development_holdout,goal_permuted_metric,fidelity_constrained_shuffled_geometry,1,0.0,0.7776777022660614,1.0,2.241843650203468,3
Wall,54,6,development_holdout,goal_permuted_metric,fidelity_constrained_shuffled_geometry,3,0.2499504279323428,0.8072663318513523,0.0,4.316773836560027,3
Wall,54,6,development_holdout,goal_permuted_metric,fidelity_constrained_shuffled_geometry,6,0.3495982839396892,0.8290584739222547,0.0,3.930585209290243,3
Wall,55,6,development_holdout,goal_permuted_metric,fidelity_constrained_shuffled_geometry,1,0.0,0.969579475475553,1.0,4.621948364692924,3
Wall,55,6,development_holdout,goal_permuted_metric,fidelity_constrained_shuffled_geometry,3,0.4203570191667944,0.7653533564062509,0.0,3.1441199147298176,3
Wall,55,6,development_holdout,goal_permuted_metric,fidelity_constrained_shuffled_geometry,6,0.4067401505532029,0.8373530634513283,0.0,3.822371595367614,3
Wall,8,1,development_holdout,native_metric,fidelity_constrained_shuffled_geometry,1,0.0,0.9157800825871915,1.0,0.9396506958765755,3
Wall,8,1,development_holdout,native_metric,fidelity_constrained_shuffled_geometry,3,0.08482373582968013,0.65098019131741,0.0,0.9999999986239638,3
Wall,8,1,development_holdout,native_metric,fidelity_constrained_shuffled_geometry,6,0.0,0.9400767532480461,1.0,0.5884500614688027,3
Wall,9,1,development_holdout,native_metric,fidelity_constrained_shuffled_geometry,1,0.0,0.48312983343624366,1.0,0.986197549939679,3
Wall,9,1,development_holdout,native_metric,fidelity_constrained_shuffled_geometry,3,0.15382484569233362,0.5,0.0,0.9999999998429142,3
Wall,9,1,development_holdout,native_metric,fidelity_constrained_shuffled_geometry,6,0.09552012436264752,0.8395304603976542,0.0,0.7989465568073261,3
Wall,10,1,development_holdout,native_metric,fidelity_constrained_shuffled_geometry,1,0.0372770339782157,0.8599124983894836,0.0,0.9539050967547809,3
Wall,10,1,development_holdout,native_metric,fidelity_constrained_shuffled_geometry,3,0.0,0.5362649345501818,1.0,0.9999999989748641,3
Wall,10,1,development_holdout,native_metric,fidelity_constrained_shuffled_geometry,6,0.0,0.943176326293885,1.0,0.6051556769096469,3
Wall,11,1,development_holdout,native_metric,fidelity_constrained_shuffled_geometry,1,0.08114954319494226,0.9414274289086194,0.3333333333333333,0.9053391965214802,3
Wall,11,1,development_holdout,native_metric,fidelity_constrained_shuffled_geometry,3,0.128220043905285,0.5,0.0,0.9999999992629004,3
Wall,11,1,development_holdout,native_metric,fidelity_constrained_shuffled_geometry,6,0.0,0.9886163465288389,1.0,0.6481058704943986,3
Wall,12,1,development_holdout,native_metric,fidelity_constrained_shuffled_geometry,1,0.12456447628524758,0.8604207958498211,0.0,0.9191848138599994,3
Wall,12,1,development_holdout,native_metric,fidelity_constrained_shuffled_geometry,3,0.06321905065029236,0.5,0.0,0.9999999996894736,3
Wall,12,1,development_holdout,native_metric,fidelity_constrained_shuffled_geometry,6,0.1407774830054301,0.7530184664548017,0.3333333333333333,0.9153656493656993,3
Wall,13,1,development_holdout,native_metric,fidelity_constrained_shuffled_geometry,1,0.0032743813559044216,0.9397069910819192,0.0,0.9599421015029694,3
Wall,13,1,development_holdout,native_metric,fidelity_constrained_shuffled_geometry,3,0.14527104206009775,0.685257922355787,0.0,0.9999999981270168,3
Wall,13,1,development_holdout,native_metric,fidelity_constrained_shuffled_geometry,6,0.0,0.8416578208101858,1.0,0.5670845561430263,3
Wall,14,1,development_holdout,native_metric,fidelity_constrained_shuffled_geometry,1,0.4265192405294919,0.7875765805625567,0.0,0.9535096407861955,3
Wall,14,1,development_holdout,native_metric,fidelity_constrained_shuffled_geometry,3,0.06803300220495927,0.5,0.0,0.9999999996099472,3
Wall,14,1,development_holdout,native_metric,fidelity_constrained_shuffled_geometry,6,0.0,0.9741834223063165,1.0,0.6480887829920353,3
Wall,15,1,development_holdout,native_metric,fidelity_constrained_shuffled_geometry,1,0.0,0.9769072527722703,1.0,0.9367291547683375,3
Wall,15,1,development_holdout,native_metric,fidelity_constrained_shuffled_geometry,3,0.13093361830066808,0.5,0.0,0.9999999999416449,3
Wall,15,1,development_holdout,native_metric,fidelity_constrained_shuffled_geometry,6,0.014061302431053654,0.9561666882734509,0.3333333333333333,0.6500348180093224,3
Wall,16,2,development_holdout,native_metric,fidelity_constrained_shuffled_geometry,1,0.0,0.9179810623134301,1.0,0.9542479799364042,3
Wall,16,2,development_holdout,native_metric,fidelity_constrained_shuffled_geometry,3,0.0780943539164202,0.5088338040355451,0.0,0.9999999995191805,3
Wall,16,2,development_holdout,native_metric,fidelity_constrained_shuffled_geometry,6,0.47836158155027136,0.6893126792481246,0.0,1.1022883821568226,3
Wall,17,2,development_holdout,native_metric,fidelity_constrained_shuffled_geometry,1,0.12688078630405206,0.8004617519231912,0.0,0.9780293860583283,3
Wall,17,2,development_holdout,native_metric,fidelity_constrained_shuffled_geometry,3,0.0,0.5909389866305286,1.0,0.9999999990353375,3
Wall,17,2,development_holdout,native_metric,fidelity_constrained_shuffled_geometry,6,0.5173793022236458,0.8480262667576173,0.0,1.0380762638583325,3
Wall,18,2,development_holdout,native_metric,fidelity_constrained_shuffled_geometry,1,0.12115863057169185,0.7935921953475685,0.0,0.9539555051360616,3
Wall,18,2,development_holdout,native_metric,fidelity_constrained_shuffled_geometry,3,0.0,0.5,1.0,0.9999999995152785,3
Wall,18,2,development_holdout,native_metric,fidelity_constrained_shuffled_geometry,6,0.079029886739769,0.9474464786704608,0.0,0.7671336427692049,3
Wall,19,2,development_holdout,native_metric,fidelity_constrained_shuffled_geometry,1,0.0008413197365176127,0.8264499846528857,0.3333333333333333,0.9509879283415729,3
Wall,19,2,development_holdout,native_metric,fidelity_constrained_shuffled_geometry,3,0.30787988273780015,0.6335443568378528,0.0,0.9999999987808987,3
Wall,19,2,development_holdout,native_metric,fidelity_constrained_shuffled_geometry,6,0.4811349945468107,0.7682976304258083,0.0,0.9146250106641105,3
Wall,20,2,development_holdout,native_metric,fidelity_constrained_shuffled_geometry,1,0.09692983861294002,0.8157765237316554,0.0,0.939277847087573,3
Wall,20,2,development_holdout,native_metric,fidelity_constrained_shuffled_geometry,3,0.18914274310056908,0.5181952709965311,0.0,0.9999999994007344,3
Wall,20,2,development_holdout,native_metric,fidelity_constrained_shuffled_geometry,6,0.3477921036549551,0.7028937648784152,0.0,0.9731420519738329,3
Wall,21,2,development_holdout,native_metric,fidelity_constrained_shuffled_geometry,1,0.12442798164057622,0.38069628248893256,0.0,1.0031168837092335,3
Wall,21,2,development_holdout,native_metric,fidelity_constrained_shuffled_geometry,3,0.0,0.539902081966642,1.0,0.9999999991804867,3
Wall,21,2,development_holdout,native_metric,fidelity_constrained_shuffled_geometry,6,0.4832418600883243,0.8241831823664899,0.0,1.0228223816505313,3
Wall,22,2,development_holdout,native_metric,fidelity_constrained_shuffled_geometry,1,0.22921979242181423,0.7154470969123518,0.0,0.9822676886719034,3
Wall,22,2,development_holdout,native_metric,fidelity_constrained_shuffled_geometry,3,0.0,0.5947114352338899,1.0,0.9999999990062819,3
Wall,22,2,development_holdout,native_metric,fidelity_constrained_shuffled_geometry,6,0.5449193421845129,0.8410432614496722,0.0,1.0262415404686194,3
Wall,23,2,development_holdout,native_metric,fidelity_constrained_shuffled_geometry,1,0.492815152927685,0.752527854587337,0.0,0.9707659048362475,3
Wall,23,2,development_holdout,native_metric,fidelity_constrained_shuffled_geometry,3,0.20090414568857137,0.5,0.0,0.9999999993528714,3
Wall,23,2,development_holdout,native_metric,fidelity_constrained_shuffled_geometry,6,0.3589817567214553,0.7285498723555784,0.0,0.9300181813076605,3
Wall,48,6,development_holdout,native_metric,fidelity_constrained_shuffled_geometry,1,0.08016261345003133,0.7563869558744933,0.0,0.9599315935386041,3
Wall,48,6,development_holdout,native_metric,fidelity_constrained_shuffled_geometry,3,0.3239052462935867,0.5,0.0,0.9999999996115713,3
Wall,48,6,development_holdout,native_metric,fidelity_constrained_shuffled_geometry,6,0.0,0.8932238361885604,1.0,0.7716977940014882,3
Wall,49,6,development_holdout,native_metric,fidelity_constrained_shuffled_geometry,1,0.08831945936215894,0.8829501624118109,0.0,0.8866921446069443,3
Wall,49,6,development_holdout,native_metric,fidelity_constrained_shuffled_geometry,3,0.28059065837136005,0.4876377521561954,0.0,0.9999999996647378,3
Wall,49,6,development_holdout,native_metric,fidelity_constrained_shuffled_geometry,6,0.0,0.9204155308353451,1.0,0.7414377029403486,3
Wall,50,6,development_holdout,native_metric,fidelity_constrained_shuffled_geometry,1,0.4260117069489781,0.8187165379975611,0.0,0.9564955091065146,3
Wall,50,6,development_holdout,native_metric,fidelity_constrained_shuffled_geometry,3,0.2031904442529546,0.5,0.0,0.9999999995345702,3
Wall,50,6,development_holdout,native_metric,fidelity_constrained_shuffled_geometry,6,0.19405549575924055,0.9023555176635593,0.0,0.8729459570381585,3
Wall,51,6,development_holdout,native_metric,fidelity_constrained_shuffled_geometry,1,0.007931881484607411,0.9876242041484963,0.0,0.9281649321719918,3
Wall,51,6,development_holdout,native_metric,fidelity_constrained_shuffled_geometry,3,0.3109742294816981,0.5033123213548674,0.0,0.9999999991842704,3
Wall,51,6,development_holdout,native_metric,fidelity_constrained_shuffled_geometry,6,0.10901940817974191,0.8015613666190595,0.0,0.8600232090365326,3
Wall,52,6,development_holdout,native_metric,fidelity_constrained_shuffled_geometry,1,0.0,0.83671639486209,1.0,0.9610457286175008,3
Wall,52,6,development_holdout,native_metric,fidelity_constrained_shuffled_geometry,3,0.05768594277916409,0.5,0.3333333333333333,0.9999999994855204,3
Wall,52,6,development_holdout,native_metric,fidelity_constrained_shuffled_geometry,6,0.06992941723812081,0.8533611688102575,0.0,0.8989567531553823,3
Wall,53,6,development_holdout,native_metric,fidelity_constrained_shuffled_geometry,1,0.4488210939174719,0.5309046935152436,0.0,1.0006121062175433,3
Wall,53,6,development_holdout,native_metric,fidelity_constrained_shuffled_geometry,3,0.1509488568966722,0.5,0.0,0.9999999992734825,3
Wall,53,6,development_holdout,native_metric,fidelity_constrained_shuffled_geometry,6,0.09643994244758064,0.8826843213396209,0.0,0.8282676592981875,3
Wall,54,6,development_holdout,native_metric,fidelity_constrained_shuffled_geometry,1,0.0,0.8923988410975511,1.0,0.9497242677260759,3
Wall,54,6,development_holdout,native_metric,fidelity_constrained_shuffled_geometry,3,0.26133997006146936,0.5,0.0,0.9999999994339701,3
Wall,54,6,development_holdout,native_metric,fidelity_constrained_shuffled_geometry,6,0.2353094206177578,0.7966886567006922,0.0,0.8939403988301464,3
Wall,55,6,development_holdout,native_metric,fidelity_constrained_shuffled_geometry,1,0.19210375265017246,0.803059194905312,0.0,0.9175569081728446,3
Wall,55,6,development_holdout,native_metric,fidelity_constrained_shuffled_geometry,3,0.32478709510607556,0.5,0.0,0.999999999367242,3
Wall,55,6,development_holdout,native_metric,fidelity_constrained_shuffled_geometry,6,0.510367303771342,0.7876283645565524,0.0,0.9097790440072598,3
Wall,8,1,development_holdout,shared_metric,fidelity_constrained_matched_geometry,1,0.4240014130292173,0.8181815808842209,0.0,1.7944650591743427,3
Wall,8,1,development_holdout,shared_metric,fidelity_constrained_matched_geometry,3,0.08482373582968013,0.8373444389189117,0.0,2.15151105128407,3
Wall,8,1,development_holdout,shared_metric,fidelity_constrained_matched_geometry,6,0.029846874393166262,0.8316129244668661,0.0,2.6326452201157795,3
Wall,9,1,development_holdout,shared_metric,fidelity_constrained_matched_geometry,1,1.0,0.2844679178263275,0.0,1.8727094457016535,3
Wall,9,1,development_holdout,shared_metric,fidelity_constrained_matched_geometry,3,0.1396865797382526,0.5303964469303944,0.0,2.5996334790199906,3
Wall,9,1,development_holdout,shared_metric,fidelity_constrained_matched_geometry,6,0.0,0.9023682147861459,1.0,2.567586808007657,3
Wall,10,1,development_holdout,shared_metric,fidelity_constrained_matched_geometry,1,0.12286421707529614,0.8437556084561746,0.0,1.6222808021142416,3
Wall,10,1,development_holdout,shared_metric,fidelity_constrained_matched_geometry,3,0.5238362538458352,0.8099416147363806,0.0,2.296831846488047,3
Wall,10,1,development_holdout,shared_metric,fidelity_constrained_matched_geometry,6,0.0,0.8625100529844619,1.0,2.655939931153378,3
Wall,11,1,development_holdout,shared_metric,fidelity_constrained_matched_geometry,1,0.12172401676917176,0.8195861186552977,0.0,1.278461493415046,3
Wall,11,1,development_holdout,shared_metric,fidelity_constrained_matched_geometry,3,0.4308175232526356,0.4595453162721334,0.0,2.3417652545128376,3
Wall,11,1,development_holdout,shared_metric,fidelity_constrained_matched_geometry,6,0.0789306178140974,0.8531720118106362,0.0,2.111429902111874,3
Wall,12,1,development_holdout,shared_metric,fidelity_constrained_matched_geometry,1,0.576922927911456,0.5339184010690007,0.0,1.329095255764126,3
Wall,12,1,development_holdout,shared_metric,fidelity_constrained_matched_geometry,3,0.12045944665388153,0.584775486235565,0.0,3.3444439437077134,3
Wall,12,1,development_holdout,shared_metric,fidelity_constrained_matched_geometry,6,0.07038874150271505,0.9238899076164205,0.6666666666666666,1.6259896265917464,3
Wall,13,1,development_holdout,shared_metric,fidelity_constrained_matched_geometry,1,0.4210561764869795,0.7358833467455635,0.0,1.219003608601697,3
Wall,13,1,development_holdout,shared_metric,fidelity_constrained_matched_geometry,3,0.14527104206009775,0.8234241058881318,0.0,2.9845118546609624,3
Wall,13,1,development_holdout,shared_metric,fidelity_constrained_matched_geometry,6,0.571902459003946,0.7037463912558418,0.0,3.6071970860302187,3
Wall,14,1,development_holdout,shared_metric,fidelity_constrained_matched_geometry,1,0.4265192405294919,0.7160570879716274,0.0,2.803926517164362,3
Wall,14,1,development_holdout,shared_metric,fidelity_constrained_matched_geometry,3,0.13943024785389174,0.6890170529884226,0.0,2.052740020718378,3
Wall,14,1,development_holdout,shared_metric,fidelity_constrained_matched_geometry,6,0.44524270873277344,0.8403437651045279,0.0,3.3149280206750795,3
Wall,15,1,development_holdout,shared_metric,fidelity_constrained_matched_geometry,1,0.434934010958611,0.43954070636698866,0.0,2.244309753535141,3
Wall,15,1,development_holdout,shared_metric,fidelity_constrained_matched_geometry,3,0.27842786842107053,0.2817902914191624,0.0,3.1848610952689262,3
Wall,15,1,development_holdout,shared_metric,fidelity_constrained_matched_geometry,6,0.4711102258345334,0.8224029972742434,0.0,2.864130396945803,3
Wall,16,2,development_holdout,shared_metric,fidelity_constrained_matched_geometry,1,0.576923053998219,0.5295955181193533,0.0,1.384424924026348,3
Wall,16,2,development_holdout,shared_metric,fidelity_constrained_matched_geometry,3,0.07872781905618415,0.8434888780879821,0.0,2.9246180191867537,3
Wall,16,2,development_holdout,shared_metric,fidelity_constrained_matched_geometry,6,0.47836158155027136,0.5426561768522339,0.0,4.070240625980577,3
Wall,17,2,development_holdout,shared_metric,fidelity_constrained_matched_geometry,1,0.0,0.8749920883084473,1.0,2.6910712964670913,3
Wall,17,2,development_holdout,shared_metric,fidelity_constrained_matched_geometry,3,0.0,0.9421158230420134,1.0,4.066129795435253,3
Wall,17,2,development_holdout,shared_metric,fidelity_constrained_matched_geometry,6,0.5173793022236458,0.7076530891383025,0.0,3.799369104168902,3
Wall,18,2,development_holdout,shared_metric,fidelity_constrained_matched_geometry,1,1.0,0.2726851701744317,0.0,1.8237311069637725,3
Wall,18,2,development_holdout,shared_metric,fidelity_constrained_matched_geometry,3,0.13009598715521117,0.7911048526349399,0.0,4.4792032972637505,3
Wall,18,2,development_holdout,shared_metric,fidelity_constrained_matched_geometry,6,0.06074535502837517,0.7846006529515576,0.0,2.728132000925937,3
Wall,19,2,development_holdout,shared_metric,fidelity_constrained_matched_geometry,1,0.1265250410340812,0.8208151250848811,0.0,3.33016933158513,3
Wall,19,2,development_holdout,shared_metric,fidelity_constrained_matched_geometry,3,0.30787988273780015,0.8712861471719698,0.0,4.657384280234939,3
Wall,19,2,development_holdout,shared_metric,fidelity_constrained_matched_geometry,6,0.4811349945468107,0.6649855583881309,0.0,2.4168377314670955,3
Wall,20,2,development_holdout,shared_metric,fidelity_constrained_matched_geometry,1,0.2428913623165946,0.6827762834342415,0.0,2.2664516450284493,3
Wall,20,2,development_holdout,shared_metric,fidelity_constrained_matched_geometry,3,0.18914274310056908,0.751737672071176,0.0,3.810669862004796,3
Wall,20,2,development_holdout,shared_metric,fidelity_constrained_matched_geometry,6,0.3477921036549551,0.5330229007498174,0.0,3.960809528838863,3
Wall,21,2,development_holdout,shared_metric,fidelity_constrained_matched_geometry,1,0.4283517854423395,0.6562583324424448,0.0,2.896136144713008,3
Wall,21,2,development_holdout,shared_metric,fidelity_constrained_matched_geometry,3,0.049616118494078286,0.9031114254851139,0.0,4.971158604353154,3
Wall,21,2,development_holdout,shared_metric,fidelity_constrained_matched_geometry,6,0.4832418600883243,0.7898115005406717,0.0,3.3193507129437343,3
Wall,22,2,development_holdout,shared_metric,fidelity_constrained_matched_geometry,1,0.0,0.8345283665075361,1.0,2.6398168617014823,3
Wall,22,2,development_holdout,shared_metric,fidelity_constrained_matched_geometry,3,0.0,0.9410360885579273,1.0,4.029339530700354,3
Wall,22,2,development_holdout,shared_metric,fidelity_constrained_matched_geometry,6,0.5449193421845129,0.7129549028562399,0.0,3.7504775453258516,3
Wall,23,2,development_holdout,shared_metric,fidelity_constrained_matched_geometry,1,0.1421721940639325,0.7678398453239482,0.0,0.8379375006241475,3
Wall,23,2,development_holdout,shared_metric,fidelity_constrained_matched_geometry,3,0.0,0.8877245717486121,1.0,1.6369426024074867,3
Wall,23,2,development_holdout,shared_metric,fidelity_constrained_matched_geometry,6,0.3589817567214553,0.5933623445064952,0.0,3.3384782402513786,3
Wall,48,6,development_holdout,shared_metric,fidelity_constrained_matched_geometry,1,0.5769230998479485,0.5909946286618932,0.0,2.1720122148270744,3
Wall,48,6,development_holdout,shared_metric,fidelity_constrained_matched_geometry,3,0.33885638302503224,0.7508898257569946,0.0,4.383013396458068,3
Wall,48,6,development_holdout,shared_metric,fidelity_constrained_matched_geometry,6,0.0,0.8894139314252785,1.0,1.8008722418366097,3
Wall,49,6,development_holdout,shared_metric,fidelity_constrained_matched_geometry,1,0.576923053998219,0.6349710417856024,0.0,2.0161265877571997,3
Wall,49,6,development_holdout,shared_metric,fidelity_constrained_matched_geometry,3,0.2744117909851918,0.744570020865459,0.0,3.844584015196915,3
Wall,49,6,development_holdout,shared_metric,fidelity_constrained_matched_geometry,6,0.14480064534854217,0.9062025862996815,0.0,1.567811953923747,3
Wall,50,6,development_holdout,shared_metric,fidelity_constrained_matched_geometry,1,0.12336195250522808,0.7007980803376039,0.0,2.5487935383079408,3
Wall,50,6,development_holdout,shared_metric,fidelity_constrained_matched_geometry,3,0.19982612188408444,0.8250697164696054,0.0,1.9773534799425156,3
Wall,50,6,development_holdout,shared_metric,fidelity_constrained_matched_geometry,6,0.03890834302826281,0.8834185944325877,0.0,1.1955322152337955,3
Wall,51,6,development_holdout,shared_metric,fidelity_constrained_matched_geometry,1,0.4223548821825773,0.7765457025867081,0.0,1.7659791426921767,3
Wall,51,6,development_holdout,shared_metric,fidelity_constrained_matched_geometry,3,0.5623146267457241,0.7210993762788721,0.0,4.250353941453312,3
Wall,51,6,development_holdout,shared_metric,fidelity_constrained_matched_geometry,6,0.1478150981623312,0.841412797254736,0.0,2.092421479134717,3
Wall,52,6,development_holdout,shared_metric,fidelity_constrained_matched_geometry,1,0.07100282563201721,0.8251491959145323,0.0,3.0168164477316846,3
Wall,52,6,development_holdout,shared_metric,fidelity_constrained_matched_geometry,3,0.0,0.8911858701028802,1.0,2.6376623193984368,3
Wall,52,6,development_holdout,shared_metric,fidelity_constrained_matched_geometry,6,0.1738222520049573,0.9024714189954098,0.0,1.383899501902339,3
Wall,53,6,development_holdout,shared_metric,fidelity_constrained_matched_geometry,1,0.10345889206300136,0.6023963967568955,0.0,1.729839668113568,3
Wall,53,6,development_holdout,shared_metric,fidelity_constrained_matched_geometry,3,0.09949096744196347,0.8454699616586167,0.0,2.821715932603507,3
Wall,53,6,development_holdout,shared_metric,fidelity_constrained_matched_geometry,6,0.07381593059609586,0.8848359943535637,0.0,1.39159576330243,3
Wall,54,6,development_holdout,shared_metric,fidelity_constrained_matched_geometry,1,0.541765628298497,0.6899894340686782,0.0,2.230069469517781,3
Wall,54,6,development_holdout,shared_metric,fidelity_constrained_matched_geometry,3,0.29411612172776747,0.749866548856598,0.0,3.117875047712745,3
Wall,54,6,development_holdout,shared_metric,fidelity_constrained_matched_geometry,6,0.3495982839396892,0.854527068939776,0.0,1.8148277837177824,3
Wall,55,6,development_holdout,shared_metric,fidelity_constrained_matched_geometry,1,0.250338703515066,0.8893422974924752,0.0,3.4211656747623347,3
Wall,55,6,development_holdout,shared_metric,fidelity_constrained_matched_geometry,3,0.20946913326206387,0.8210541280456894,0.0,1.8944044430367495,3
Wall,55,6,development_holdout,shared_metric,fidelity_constrained_matched_geometry,6,0.4067401505532029,0.8707254731523358,0.0,1.8754183121061851,3
Wall,8,1,development_holdout,goal_permuted_metric,fidelity_constrained_matched_geometry,1,0.4240014130292173,0.6956326487424773,0.0,1.3773100745863374,3
Wall,8,1,development_holdout,goal_permuted_metric,fidelity_constrained_matched_geometry,3,0.08482373582968013,0.8168712308547463,0.0,2.330164778906068,3
Wall,8,1,development_holdout,goal_permuted_metric,fidelity_constrained_matched_geometry,6,0.029846874393166262,0.7900066639304993,0.0,2.447270311281596,3
Wall,9,1,development_holdout,goal_permuted_metric,fidelity_constrained_matched_geometry,1,0.2696857017091335,0.600899676125128,0.0,1.160538181231601,3
Wall,9,1,development_holdout,goal_permuted_metric,fidelity_constrained_matched_geometry,3,0.5401508363621974,0.35219880635963735,0.0,3.056451820802024,3
Wall,9,1,development_holdout,goal_permuted_metric,fidelity_constrained_matched_geometry,6,0.0,0.8993928587922279,1.0,2.5820563638275034,3
Wall,10,1,development_holdout,goal_permuted_metric,fidelity_constrained_matched_geometry,1,0.12286421707529614,0.48923873298879555,0.0,1.670065953698235,3
Wall,10,1,development_holdout,goal_permuted_metric,fidelity_constrained_matched_geometry,3,0.5238362538458352,0.780107974716406,0.0,1.845298220127592,3
Wall,10,1,development_holdout,goal_permuted_metric,fidelity_constrained_matched_geometry,6,0.040768774955231575,0.8562089714345813,0.6666666666666666,2.00546343826606,3
Wall,11,1,development_holdout,goal_permuted_metric,fidelity_constrained_matched_geometry,1,0.0,0.8301674568856138,1.0,1.5763189764415404,3
Wall,11,1,development_holdout,goal_permuted_metric,fidelity_constrained_matched_geometry,3,0.4308175232526356,0.22586433404509335,0.0,2.312936544301362,3
Wall,11,1,development_holdout,goal_permuted_metric,fidelity_constrained_matched_geometry,6,0.0789306178140974,0.8594961355626407,0.0,1.931514211572944,3
Wall,12,1,development_holdout,goal_permuted_metric,fidelity_constrained_matched_geometry,1,0.06609271363969924,0.7157805878822971,0.6666666666666666,1.2038118269661637,3
Wall,12,1,development_holdout,goal_permuted_metric,fidelity_constrained_matched_geometry,3,0.49638329062480707,0.5005432713764323,0.0,3.608288859341782,3
Wall,12,1,development_holdout,goal_permuted_metric,fidelity_constrained_matched_geometry,6,0.07038874150271505,0.888062640079529,0.6666666666666666,1.486349636140152,3
Wall,13,1,development_holdout,goal_permuted_metric,fidelity_constrained_matched_geometry,1,0.028695465844599356,0.5166155002522685,0.0,1.2066456102563572,3
Wall,13,1,development_holdout,goal_permuted_metric,fidelity_constrained_matched_geometry,3,0.14527104206009775,0.8184681904197252,0.0,2.493309553480556,3
Wall,13,1,development_holdout,goal_permuted_metric,fidelity_constrained_matched_geometry,6,0.571902459003946,0.6631473614965793,0.0,3.736657016666936,3
Wall,14,1,development_holdout,goal_permuted_metric,fidelity_constrained_matched_geometry,1,0.4265192405294919,0.767378466440232,0.0,1.9942301797990565,3
Wall,14,1,development_holdout,goal_permuted_metric,fidelity_constrained_matched_geometry,3,0.376217360017086,0.6295510243658246,0.0,2.644757901865305,3
Wall,14,1,development_holdout,goal_permuted_metric,fidelity_constrained_matched_geometry,6,0.018693811713921336,0.8975858609410919,0.0,3.34847248367698,3
Wall,15,1,development_holdout,goal_permuted_metric,fidelity_constrained_matched_geometry,1,0.434934010958611,0.4818326238468987,0.0,1.8098284606156037,3
Wall,15,1,development_holdout,goal_permuted_metric,fidelity_constrained_matched_geometry,3,0.019446629235054986,0.32274713937129373,0.0,3.6253145100255217,3
Wall,15,1,development_holdout,goal_permuted_metric,fidelity_constrained_matched_geometry,6,0.0,0.8498378211731034,1.0,2.76207038078941,3
Wall,16,2,development_holdout,goal_permuted_metric,fidelity_constrained_matched_geometry,1,0.576923053998219,0.5345149187213964,0.0,1.3323036021177597,3
Wall,16,2,development_holdout,goal_permuted_metric,fidelity_constrained_matched_geometry,3,0.07872781905618415,0.9496097632544935,0.0,2.7353830413606226,3
Wall,16,2,development_holdout,goal_permuted_metric,fidelity_constrained_matched_geometry,6,0.47836158155027136,0.7006782056122497,0.0,3.683825150619903,3
Wall,17,2,development_holdout,goal_permuted_metric,fidelity_constrained_matched_geometry,1,0.0,0.6511610143630436,1.0,2.6399228491132516,3
Wall,17,2,development_holdout,goal_permuted_metric,fidelity_constrained_matched_geometry,3,0.05076940394117952,0.9169173344657972,0.0,4.271927677228178,3
Wall,17,2,development_holdout,goal_permuted_metric,fidelity_constrained_matched_geometry,6,0.5173793022236458,0.7974707853027304,0.0,3.670638481046512,3
Wall,18,2,development_holdout,goal_permuted_metric,fidelity_constrained_matched_geometry,1,1.0,0.40829897180411806,0.0,1.4085489130150834,3
Wall,18,2,development_holdout,goal_permuted_metric,fidelity_constrained_matched_geometry,3,0.13583789196485332,0.7907876482958512,0.0,4.574228127312275,3
Wall,18,2,development_holdout,goal_permuted_metric,fidelity_constrained_matched_geometry,6,0.06074535502837517,0.8141876297303706,0.0,2.8656819237786366,3
Wall,19,2,development_holdout,goal_permuted_metric,fidelity_constrained_matched_geometry,1,0.1265250410340812,0.8208151250848811,0.0,3.067653047669362,3
Wall,19,2,development_holdout,goal_permuted_metric,fidelity_constrained_matched_geometry,3,0.23643313898908538,0.9525525554181807,0.0,4.405416921517222,3
Wall,19,2,development_holdout,goal_permuted_metric,fidelity_constrained_matched_geometry,6,0.4811349945468107,0.7863966974984516,0.0,2.373029231193405,3
Wall,20,2,development_holdout,goal_permuted_metric,fidelity_constrained_matched_geometry,1,0.2428913623165946,0.5004880065177003,0.0,3.0810542662995863,3
Wall,20,2,development_holdout,goal_permuted_metric,fidelity_constrained_matched_geometry,3,0.18914274310056908,0.7952919054882425,0.0,3.5327858004699113,3
Wall,20,2,development_holdout,goal_permuted_metric,fidelity_constrained_matched_geometry,6,0.3477921036549551,0.5729039614200095,0.0,3.9736423194434742,3
Wall,21,2,development_holdout,goal_permuted_metric,fidelity_constrained_matched_geometry,1,0.4283517854423395,0.6558995243202825,0.0,2.995666772197858,3
Wall,21,2,development_holdout,goal_permuted_metric,fidelity_constrained_matched_geometry,3,0.049616118494078286,0.9031114254851139,0.0,5.639743932304806,3
Wall,21,2,development_holdout,goal_permuted_metric,fidelity_constrained_matched_geometry,6,0.4832418600883243,0.8480939138118538,0.0,3.547314053604134,3
Wall,22,2,development_holdout,goal_permuted_metric,fidelity_constrained_matched_geometry,1,0.0,0.6852477236276555,1.0,2.5837842976049594,3
Wall,22,2,development_holdout,goal_permuted_metric,fidelity_constrained_matched_geometry,3,0.04836487134327452,0.9165381609621378,0.0,4.2170795365906315,3
Wall,22,2,development_holdout,goal_permuted_metric,fidelity_constrained_matched_geometry,6,0.5449193421845129,0.8154447450252382,0.0,3.615569561301934,3
Wall,23,2,development_holdout,goal_permuted_metric,fidelity_constrained_matched_geometry,1,0.492815152927685,0.7781937939674339,0.0,1.237319751890656,3
Wall,23,2,development_holdout,goal_permuted_metric,fidelity_constrained_matched_geometry,3,0.0,0.8148677568933013,1.0,1.9495803765501911,3
Wall,23,2,development_holdout,goal_permuted_metric,fidelity_constrained_matched_geometry,6,0.3589817567214553,0.7088094141815201,0.0,3.4169815615448815,3
Wall,48,6,development_holdout,goal_permuted_metric,fidelity_constrained_matched_geometry,1,0.5769230998479485,0.5766531993626032,0.0,2.6649564842684828,3
Wall,48,6,development_holdout,goal_permuted_metric,fidelity_constrained_matched_geometry,3,0.19997904740567995,0.7987706173439961,0.0,4.476343320282843,3
Wall,48,6,development_holdout,goal_permuted_metric,fidelity_constrained_matched_geometry,6,0.400832486043364,0.7596230483529732,0.0,2.8125146514044643,3
Wall,49,6,development_holdout,goal_permuted_metric,fidelity_constrained_matched_geometry,1,0.576923053998219,0.6293242580790427,0.0,2.341496932624979,3
Wall,49,6,development_holdout,goal_permuted_metric,fidelity_constrained_matched_geometry,3,0.16588647024117545,0.806327905885938,0.0,3.8113723932973396,3
Wall,49,6,development_holdout,goal_permuted_metric,fidelity_constrained_matched_geometry,6,0.31240512307141954,0.8026646753353134,0.0,2.699584732784223,3
Wall,50,6,development_holdout,goal_permuted_metric,fidelity_constrained_matched_geometry,1,0.0,0.7334645398808703,1.0,3.3623168762603277,3
Wall,50,6,development_holdout,goal_permuted_metric,fidelity_constrained_matched_geometry,3,0.5005994944231988,0.6289727504807325,0.0,2.930521591821568,3
Wall,50,6,development_holdout,goal_permuted_metric,fidelity_constrained_matched_geometry,6,0.3649307373278637,0.7813588582769374,0.0,2.529245919577817,3
Wall,51,6,development_holdout,goal_permuted_metric,fidelity_constrained_matched_geometry,1,0.4223548821825773,0.7868979003839879,0.0,1.3777906263052948,3
Wall,51,6,development_holdout,goal_permuted_metric,fidelity_constrained_matched_geometry,3,0.5623146267457241,0.7210993762788721,0.0,6.398518969123695,3
Wall,51,6,development_holdout,goal_permuted_metric,fidelity_constrained_matched_geometry,6,0.1478150981623312,0.8227877269679261,0.0,2.506304389690822,3
Wall,52,6,development_holdout,goal_permuted_metric,fidelity_constrained_matched_geometry,1,0.07100282563201721,0.9074794259872284,0.0,3.2422373771948467,3
Wall,52,6,development_holdout,goal_permuted_metric,fidelity_constrained_matched_geometry,3,0.05051972594698755,0.9039165442763345,0.0,4.131155862422119,3
Wall,52,6,development_holdout,goal_permuted_metric,fidelity_constrained_matched_geometry,6,0.0384318938477101,0.8426842962004102,0.0,1.6481737182371548,3
Wall,53,6,development_holdout,goal_permuted_metric,fidelity_constrained_matched_geometry,1,0.1290496172936334,0.5107861782938231,0.0,2.1234565436651422,3
Wall,53,6,development_holdout,goal_permuted_metric,fidelity_constrained_matched_geometry,3,0.09949096744196347,0.8947831286072402,0.0,2.7895983650477305,3
Wall,53,6,development_holdout,goal_permuted_metric,fidelity_constrained_matched_geometry,6,0.07381593059609586,0.8087990341798234,0.0,2.6455634165340722,3
Wall,54,6,development_holdout,goal_permuted_metric,fidelity_constrained_matched_geometry,1,0.05210487275347143,0.7887627407795689,0.0,2.6133612351709403,3
Wall,54,6,development_holdout,goal_permuted_metric,fidelity_constrained_matched_geometry,3,0.2499504279323428,0.7511034866158667,0.0,3.8049917359258525,3
Wall,54,6,development_holdout,goal_permuted_metric,fidelity_constrained_matched_geometry,6,0.3495982839396892,0.8534437475922466,0.0,3.29552011652493,3
Wall,55,6,development_holdout,goal_permuted_metric,fidelity_constrained_matched_geometry,1,0.12339387776632706,0.9577934962171745,0.0,4.552668173226678,3
Wall,55,6,development_holdout,goal_permuted_metric,fidelity_constrained_matched_geometry,3,0.5258009621191596,0.7539806964384629,0.0,3.346258993087791,3
Wall,55,6,development_holdout,goal_permuted_metric,fidelity_constrained_matched_geometry,6,0.4067401505532029,0.8151293203490267,0.0,3.43412989132716,3
Wall,8,1,development_holdout,native_metric,fidelity_constrained_matched_geometry,1,0.0,0.964082766181482,1.0,0.9338164925865642,3
Wall,8,1,development_holdout,native_metric,fidelity_constrained_matched_geometry,3,0.08482373582968013,0.5375892120544353,0.0,0.9999999988821466,3
Wall,8,1,development_holdout,native_metric,fidelity_constrained_matched_geometry,6,0.0,0.9639289443615181,1.0,0.5753153837327923,3
Wall,9,1,development_holdout,native_metric,fidelity_constrained_matched_geometry,1,0.0,0.4729120734927978,1.0,0.9903627793254278,3
Wall,9,1,development_holdout,native_metric,fidelity_constrained_matched_geometry,3,0.15382484569233362,0.5,0.0,0.9999999998328603,3
Wall,9,1,development_holdout,native_metric,fidelity_constrained_matched_geometry,6,0.09552012436264752,0.8107094136771816,0.0,0.8099550211274815,3
Wall,10,1,development_holdout,native_metric,fidelity_constrained_matched_geometry,1,0.0372770339782157,0.8859403809356717,0.0,0.9512591772991893,3
Wall,10,1,development_holdout,native_metric,fidelity_constrained_matched_geometry,3,0.0,0.52143726006557,1.0,0.9999999989219231,3
Wall,10,1,development_holdout,native_metric,fidelity_constrained_matched_geometry,6,0.0,0.9959079800602231,1.0,0.5991611696714032,3
Wall,11,1,development_holdout,native_metric,fidelity_constrained_matched_geometry,1,0.0,0.9652867859219812,1.0,0.9158152923014654,3
Wall,11,1,development_holdout,native_metric,fidelity_constrained_matched_geometry,3,0.0,0.5,1.0,0.9999999991756964,3
Wall,11,1,development_holdout,native_metric,fidelity_constrained_matched_geometry,6,0.0,0.9384204695632201,1.0,0.6772257538951099,3
Wall,12,1,development_holdout,native_metric,fidelity_constrained_matched_geometry,1,0.12456447628524758,0.8851665466462676,0.0,0.9304669825248467,3
Wall,12,1,development_holdout,native_metric,fidelity_constrained_matched_geometry,3,0.09665954609519713,0.5,0.0,0.9999999995494283,3
Wall,12,1,development_holdout,native_metric,fidelity_constrained_matched_geometry,6,0.21116622450814518,0.6182734087067774,0.0,0.9017969949290041,3
Wall,13,1,development_holdout,native_metric,fidelity_constrained_matched_geometry,1,0.028695465844599356,0.9081721127304642,0.0,0.9632654007430471,3
Wall,13,1,development_holdout,native_metric,fidelity_constrained_matched_geometry,3,0.0,0.6750058665770665,1.0,0.9999999983960993,3
Wall,13,1,development_holdout,native_metric,fidelity_constrained_matched_geometry,6,0.0,0.8924841768588929,1.0,0.601403219022009,3
Wall,14,1,development_holdout,native_metric,fidelity_constrained_matched_geometry,1,0.4265192405294919,0.7051829834588824,0.0,0.9730899903756454,3
Wall,14,1,development_holdout,native_metric,fidelity_constrained_matched_geometry,3,0.10924619366085996,0.5,0.3333333333333333,0.9999999996644912,3
Wall,14,1,development_holdout,native_metric,fidelity_constrained_matched_geometry,6,0.0,0.9290235229344151,1.0,0.7298667198875165,3
Wall,15,1,development_holdout,native_metric,fidelity_constrained_matched_geometry,1,0.0,0.9642780278861783,1.0,0.9351120254698039,3
Wall,15,1,development_holdout,native_metric,fidelity_constrained_matched_geometry,3,0.27842786842107053,0.5,0.0,0.9999999999541016,3
Wall,15,1,development_holdout,native_metric,fidelity_constrained_matched_geometry,6,0.02109195364658048,0.8192296591496729,0.0,0.7666510137697454,3
Wall,16,2,development_holdout,native_metric,fidelity_constrained_matched_geometry,1,0.0,0.9314267440894671,1.0,0.9562126790877609,3
Wall,16,2,development_holdout,native_metric,fidelity_constrained_matched_geometry,3,0.0780943539164202,0.5265014121066354,0.0,0.9999999994348783,3
Wall,16,2,development_holdout,native_metric,fidelity_constrained_matched_geometry,6,0.47836158155027136,0.6337591194183391,0.0,1.094677276476393,3
Wall,17,2,development_holdout,native_metric,fidelity_constrained_matched_geometry,1,0.0,0.8519622005562156,1.0,0.9610191881768596,3
Wall,17,2,development_holdout,native_metric,fidelity_constrained_matched_geometry,3,0.0,0.5789367895881848,1.0,0.9999999991784406,3
Wall,17,2,development_holdout,native_metric,fidelity_constrained_matched_geometry,6,0.5173793022236458,0.6704177138606241,0.0,1.0940583242098512,3
Wall,18,2,development_holdout,native_metric,fidelity_constrained_matched_geometry,1,0.5769233520213718,0.6991005421111701,0.0,0.9733389335447274,3
Wall,18,2,development_holdout,native_metric,fidelity_constrained_matched_geometry,3,0.0,0.5,1.0,0.9999999994690708,3
Wall,18,2,development_holdout,native_metric,fidelity_constrained_matched_geometry,6,0.079029886739769,0.9357988624014973,0.0,0.7543724728189306,3
Wall,19,2,development_holdout,native_metric,fidelity_constrained_matched_geometry,1,0.007615091005135685,0.8256504372067054,0.0,0.960703476154085,3
Wall,19,2,development_holdout,native_metric,fidelity_constrained_matched_geometry,3,0.30787988273780015,0.6465596136810494,0.0,0.9999999987512057,3
Wall,19,2,development_holdout,native_metric,fidelity_constrained_matched_geometry,6,0.4811349945468107,0.7708416412809007,0.0,0.9179249168246457,3
Wall,20,2,development_holdout,native_metric,fidelity_constrained_matched_geometry,1,0.2428913623165946,0.8139356013397202,0.0,0.949327750766361,3
Wall,20,2,development_holdout,native_metric,fidelity_constrained_matched_geometry,3,0.18914274310056908,0.5213712469556565,0.0,0.9999999994160392,3
Wall,20,2,development_holdout,native_metric,fidelity_constrained_matched_geometry,6,0.3477921036549551,0.6257892346854662,0.0,0.9743238615853903,3
Wall,21,2,development_holdout,native_metric,fidelity_constrained_matched_geometry,1,0.12442798164057622,0.4599199780116426,0.0,0.9976577661395681,3
Wall,21,2,development_holdout,native_metric,fidelity_constrained_matched_geometry,3,0.0,0.5807043975350541,1.0,0.9999999991706542,3
Wall,21,2,development_holdout,native_metric,fidelity_constrained_matched_geometry,6,0.4832418600883243,0.8412413588853008,0.0,1.0571608755538626,3
Wall,22,2,development_holdout,native_metric,fidelity_constrained_matched_geometry,1,0.0,0.8390184706765882,1.0,0.9650147561733248,3
Wall,22,2,development_holdout,native_metric,fidelity_constrained_matched_geometry,3,0.0,0.5785632522776494,1.0,0.9999999991567231,3
Wall,22,2,development_holdout,native_metric,fidelity_constrained_matched_geometry,6,0.5449193421845129,0.6925619983067657,0.0,1.0816969474841083,3
Wall,23,2,development_holdout,native_metric,fidelity_constrained_matched_geometry,1,0.492815152927685,0.7314662767978529,0.0,0.9773227403530145,3
Wall,23,2,development_holdout,native_metric,fidelity_constrained_matched_geometry,3,0.08949224892228795,0.5,0.0,0.9999999993945311,3
Wall,23,2,development_holdout,native_metric,fidelity_constrained_matched_geometry,6,0.3589817567214553,0.6931111772011501,0.0,0.9468807551606884,3
Wall,48,6,development_holdout,native_metric,fidelity_constrained_matched_geometry,1,0.08016261345003133,0.7922520218130148,0.0,0.9585393107506827,3
Wall,48,6,development_holdout,native_metric,fidelity_constrained_matched_geometry,3,0.33885638302503224,0.5355265039290543,0.0,0.9999999993821967,3
Wall,48,6,development_holdout,native_metric,fidelity_constrained_matched_geometry,6,0.0,0.8529430641290155,1.0,0.817069460862589,3
Wall,49,6,development_holdout,native_metric,fidelity_constrained_matched_geometry,1,0.08831945936215894,0.885382623563811,0.0,0.9130353529043647,3
Wall,49,6,development_holdout,native_metric,fidelity_constrained_matched_geometry,3,0.32867445135719997,0.5,0.0,0.9999999995341436,3
Wall,49,6,development_holdout,native_metric,fidelity_constrained_matched_geometry,6,0.0,0.8470091483551414,1.0,0.8096408355142929,3
Wall,50,6,development_holdout,native_metric,fidelity_constrained_matched_geometry,1,0.054122212774885464,0.868517908229263,0.0,0.9492536476441936,3
Wall,50,6,development_holdout,native_metric,fidelity_constrained_matched_geometry,3,0.2031904442529546,0.5,0.0,0.9999999994833598,3
Wall,50,6,development_holdout,native_metric,fidelity_constrained_matched_geometry,6,0.19405549575924055,0.7590493991604692,0.0,0.9045623424121093,3
Wall,51,6,development_holdout,native_metric,fidelity_constrained_matched_geometry,1,0.007931881484607411,0.9925589548992062,0.0,0.9251038920560181,3
Wall,51,6,development_holdout,native_metric,fidelity_constrained_matched_geometry,3,0.25084205680435046,0.5,0.0,0.9999999992101413,3
Wall,51,6,development_holdout,native_metric,fidelity_constrained_matched_geometry,6,0.10901940817974191,0.8583838632303639,0.0,0.8557806559694462,3
Wall,52,6,development_holdout,native_metric,fidelity_constrained_matched_geometry,1,0.0,0.9252158744273249,1.0,0.953726468273017,3
Wall,52,6,development_holdout,native_metric,fidelity_constrained_matched_geometry,3,0.22841602334505987,0.5,0.0,0.9999999995933199,3
Wall,52,6,development_holdout,native_metric,fidelity_constrained_matched_geometry,6,0.06992941723812081,0.7681810811668116,0.0,0.9408078352242782,3
Wall,53,6,development_holdout,native_metric,fidelity_constrained_matched_geometry,1,0.4488210939174719,0.4985165229906708,0.0,1.001552395957711,3
Wall,53,6,development_holdout,native_metric,fidelity_constrained_matched_geometry,3,0.1509488568966722,0.5,0.0,0.9999999993204517,3
Wall,53,6,development_holdout,native_metric,fidelity_constrained_matched_geometry,6,0.09643994244758064,0.8599899471537681,0.0,0.853135721497893,3
Wall,54,6,development_holdout,native_metric,fidelity_constrained_matched_geometry,1,0.05970364125007021,0.8733921279750404,0.0,0.9522661920087643,3
Wall,54,6,development_holdout,native_metric,fidelity_constrained_matched_geometry,3,0.29411612172776747,0.5,0.0,0.9999999994143751,3
Wall,54,6,development_holdout,native_metric,fidelity_constrained_matched_geometry,6,0.2353094206177578,0.8136443850700975,0.0,0.905642976624314,3
Wall,55,6,development_holdout,native_metric,fidelity_constrained_matched_geometry,1,0.19210375265017246,0.8227105129349681,0.0,0.9364127765656489,3
Wall,55,6,development_holdout,native_metric,fidelity_constrained_matched_geometry,3,0.5554230187940988,0.5,0.0,0.9999999994135127,3
Wall,55,6,development_holdout,native_metric,fidelity_constrained_matched_geometry,6,0.510367303771342,0.7551323751212671,0.0,0.9538402541515038,3
