2026-07-31 01:00:52,231 INFO Seeds set to 913; evaluation seeds=[913, 1297, 1709]; energy seeds=[8301]
2026-07-31 01:00:52,232 INFO GPU memory {'label': 'startup', 'allocated_gib': 0.0, 'reserved_gib': 0.0, 'peak_allocated_gib': 0.0}
2026-07-31 01:00:55,079 INFO PushT simulator state 1/96
2026-07-31 01:00:55,541 INFO PushT simulator state 2/96
2026-07-31 01:00:56,006 INFO PushT simulator state 3/96
2026-07-31 01:00:56,469 INFO PushT simulator state 4/96
2026-07-31 01:00:56,950 INFO PushT simulator state 5/96
2026-07-31 01:00:57,430 INFO PushT simulator state 6/96
2026-07-31 01:00:57,905 INFO PushT simulator state 7/96
2026-07-31 01:00:58,375 INFO PushT simulator state 8/96
2026-07-31 01:00:58,840 INFO PushT simulator state 9/96
2026-07-31 01:00:59,293 INFO PushT simulator state 10/96
2026-07-31 01:00:59,760 INFO PushT simulator state 11/96
2026-07-31 01:01:00,230 INFO PushT simulator state 12/96
2026-07-31 01:01:00,700 INFO PushT simulator state 13/96
2026-07-31 01:01:01,166 INFO PushT simulator state 14/96
2026-07-31 01:01:01,624 INFO PushT simulator state 15/96
2026-07-31 01:01:02,080 INFO PushT simulator state 16/96
2026-07-31 01:01:02,546 INFO PushT simulator state 17/96
2026-07-31 01:01:03,007 INFO PushT simulator state 18/96
2026-07-31 01:01:03,466 INFO PushT simulator state 19/96
2026-07-31 01:01:03,931 INFO PushT simulator state 20/96
2026-07-31 01:01:04,395 INFO PushT simulator state 21/96
2026-07-31 01:01:04,861 INFO PushT simulator state 22/96
2026-07-31 01:01:05,329 INFO PushT simulator state 23/96
2026-07-31 01:01:05,803 INFO PushT simulator state 24/96
2026-07-31 01:01:06,281 INFO PushT simulator state 25/96
2026-07-31 01:01:06,754 INFO PushT simulator state 26/96
2026-07-31 01:01:07,231 INFO PushT simulator state 27/96
2026-07-31 01:01:07,704 INFO PushT simulator state 28/96
2026-07-31 01:01:08,184 INFO PushT simulator state 29/96
2026-07-31 01:01:08,651 INFO PushT simulator state 30/96
2026-07-31 01:01:09,112 INFO PushT simulator state 31/96
2026-07-31 01:01:09,576 INFO PushT simulator state 32/96
2026-07-31 01:01:10,049 INFO PushT simulator state 33/96
2026-07-31 01:01:10,531 INFO PushT simulator state 34/96
2026-07-31 01:01:10,981 INFO PushT simulator state 35/96
2026-07-31 01:01:11,455 INFO PushT simulator state 36/96
2026-07-31 01:01:11,921 INFO PushT simulator state 37/96
2026-07-31 01:01:12,393 INFO PushT simulator state 38/96
2026-07-31 01:01:12,883 INFO PushT simulator state 39/96
2026-07-31 01:01:13,348 INFO PushT simulator state 40/96
2026-07-31 01:01:13,824 INFO PushT simulator state 41/96
2026-07-31 01:01:14,303 INFO PushT simulator state 42/96
2026-07-31 01:01:14,761 INFO PushT simulator state 43/96
2026-07-31 01:01:15,228 INFO PushT simulator state 44/96
2026-07-31 01:01:15,682 INFO PushT simulator state 45/96
2026-07-31 01:01:16,126 INFO PushT simulator state 46/96
2026-07-31 01:01:16,582 INFO PushT simulator state 47/96
2026-07-31 01:01:17,034 INFO PushT simulator state 48/96
2026-07-31 01:01:17,494 INFO PushT simulator state 49/96
2026-07-31 01:01:17,956 INFO PushT simulator state 50/96
2026-07-31 01:01:18,414 INFO PushT simulator state 51/96
2026-07-31 01:01:18,890 INFO PushT simulator state 52/96
2026-07-31 01:01:19,347 INFO PushT simulator state 53/96
2026-07-31 01:01:19,808 INFO PushT simulator state 54/96
2026-07-31 01:01:20,257 INFO PushT simulator state 55/96
2026-07-31 01:01:20,700 INFO PushT simulator state 56/96
2026-07-31 01:01:21,162 INFO PushT simulator state 57/96
2026-07-31 01:01:21,628 INFO PushT simulator state 58/96
2026-07-31 01:01:22,097 INFO PushT simulator state 59/96
2026-07-31 01:01:22,559 INFO PushT simulator state 60/96
2026-07-31 01:01:23,039 INFO PushT simulator state 61/96
2026-07-31 01:01:23,514 INFO PushT simulator state 62/96
2026-07-31 01:01:23,991 INFO PushT simulator state 63/96
2026-07-31 01:01:24,455 INFO PushT simulator state 64/96
2026-07-31 01:01:24,933 INFO PushT simulator state 65/96
2026-07-31 01:01:25,401 INFO PushT simulator state 66/96
2026-07-31 01:01:25,878 INFO PushT simulator state 67/96
2026-07-31 01:01:26,339 INFO PushT simulator state 68/96
2026-07-31 01:01:26,804 INFO PushT simulator state 69/96
2026-07-31 01:01:27,264 INFO PushT simulator state 70/96
2026-07-31 01:01:27,718 INFO PushT simulator state 71/96
2026-07-31 01:01:28,180 INFO PushT simulator state 72/96
2026-07-31 01:01:28,659 INFO PushT simulator state 73/96
2026-07-31 01:01:29,117 INFO PushT simulator state 74/96
2026-07-31 01:01:29,580 INFO PushT simulator state 75/96
2026-07-31 01:01:30,037 INFO PushT simulator state 76/96
2026-07-31 01:01:30,498 INFO PushT simulator state 77/96
2026-07-31 01:01:30,962 INFO PushT simulator state 78/96
2026-07-31 01:01:31,418 INFO PushT simulator state 79/96
2026-07-31 01:01:31,872 INFO PushT simulator state 80/96
2026-07-31 01:01:32,354 INFO PushT simulator state 81/96
2026-07-31 01:01:32,828 INFO PushT simulator state 82/96
2026-07-31 01:01:33,291 INFO PushT simulator state 83/96
2026-07-31 01:01:33,733 INFO PushT simulator state 84/96
2026-07-31 01:01:34,203 INFO PushT simulator state 85/96
2026-07-31 01:01:34,664 INFO PushT simulator state 86/96
2026-07-31 01:01:35,145 INFO PushT simulator state 87/96
2026-07-31 01:01:35,617 INFO PushT simulator state 88/96
2026-07-31 01:01:36,086 INFO PushT simulator state 89/96
2026-07-31 01:01:36,544 INFO PushT simulator state 90/96
2026-07-31 01:01:37,009 INFO PushT simulator state 91/96
2026-07-31 01:01:37,474 INFO PushT simulator state 92/96
2026-07-31 01:01:37,945 INFO PushT simulator state 93/96
2026-07-31 01:01:38,407 INFO PushT simulator state 94/96
2026-07-31 01:01:38,883 INFO PushT simulator state 95/96
2026-07-31 01:01:39,352 INFO PushT simulator state 96/96
2026-07-31 01:01:40,383 INFO Wall simulator state 1/96
2026-07-31 01:01:40,709 INFO Wall simulator state 2/96
2026-07-31 01:01:41,035 INFO Wall simulator state 3/96
2026-07-31 01:01:41,360 INFO Wall simulator state 4/96
2026-07-31 01:01:41,683 INFO Wall simulator state 5/96
2026-07-31 01:01:42,013 INFO Wall simulator state 6/96
2026-07-31 01:01:42,343 INFO Wall simulator state 7/96
2026-07-31 01:01:42,676 INFO Wall simulator state 8/96
2026-07-31 01:01:43,004 INFO Wall simulator state 9/96
2026-07-31 01:01:43,328 INFO Wall simulator state 10/96
2026-07-31 01:01:43,654 INFO Wall simulator state 11/96
2026-07-31 01:01:43,981 INFO Wall simulator state 12/96
2026-07-31 01:01:44,308 INFO Wall simulator state 13/96
2026-07-31 01:01:44,642 INFO Wall simulator state 14/96
2026-07-31 01:01:44,967 INFO Wall simulator state 15/96
2026-07-31 01:01:45,291 INFO Wall simulator state 16/96
2026-07-31 01:01:45,617 INFO Wall simulator state 17/96
2026-07-31 01:01:45,943 INFO Wall simulator state 18/96
2026-07-31 01:01:46,269 INFO Wall simulator state 19/96
2026-07-31 01:01:46,601 INFO Wall simulator state 20/96
2026-07-31 01:01:46,928 INFO Wall simulator state 21/96
2026-07-31 01:01:47,254 INFO Wall simulator state 22/96
2026-07-31 01:01:47,582 INFO Wall simulator state 23/96
2026-07-31 01:01:47,907 INFO Wall simulator state 24/96
2026-07-31 01:01:48,238 INFO Wall simulator state 25/96
2026-07-31 01:01:48,570 INFO Wall simulator state 26/96
2026-07-31 01:01:48,901 INFO Wall simulator state 27/96
2026-07-31 01:01:49,231 INFO Wall simulator state 28/96
2026-07-31 01:01:49,563 INFO Wall simulator state 29/96
2026-07-31 01:01:49,898 INFO Wall simulator state 30/96
2026-07-31 01:01:50,230 INFO Wall simulator state 31/96
2026-07-31 01:01:50,567 INFO Wall simulator state 32/96
2026-07-31 01:01:50,896 INFO Wall simulator state 33/96
2026-07-31 01:01:51,226 INFO Wall simulator state 34/96
2026-07-31 01:01:51,552 INFO Wall simulator state 35/96
2026-07-31 01:01:51,880 INFO Wall simulator state 36/96
2026-07-31 01:01:52,203 INFO Wall simulator state 37/96
2026-07-31 01:01:52,530 INFO Wall simulator state 38/96
2026-07-31 01:01:52,858 INFO Wall simulator state 39/96
2026-07-31 01:01:53,181 INFO Wall simulator state 40/96
2026-07-31 01:01:53,505 INFO Wall simulator state 41/96
2026-07-31 01:01:53,827 INFO Wall simulator state 42/96
2026-07-31 01:01:54,149 INFO Wall simulator state 43/96
2026-07-31 01:01:54,474 INFO Wall simulator state 44/96
2026-07-31 01:01:54,795 INFO Wall simulator state 45/96
2026-07-31 01:01:55,112 INFO Wall simulator state 46/96
2026-07-31 01:01:55,434 INFO Wall simulator state 47/96
2026-07-31 01:01:55,755 INFO Wall simulator state 48/96
2026-07-31 01:01:56,077 INFO Wall simulator state 49/96
2026-07-31 01:01:56,400 INFO Wall simulator state 50/96
2026-07-31 01:01:56,722 INFO Wall simulator state 51/96
2026-07-31 01:01:57,045 INFO Wall simulator state 52/96
2026-07-31 01:01:57,368 INFO Wall simulator state 53/96
2026-07-31 01:01:57,690 INFO Wall simulator state 54/96
2026-07-31 01:01:58,013 INFO Wall simulator state 55/96
2026-07-31 01:01:58,335 INFO Wall simulator state 56/96
2026-07-31 01:01:58,668 INFO Wall simulator state 57/96
2026-07-31 01:01:58,999 INFO Wall simulator state 58/96
2026-07-31 01:01:59,327 INFO Wall simulator state 59/96
2026-07-31 01:01:59,653 INFO Wall simulator state 60/96
2026-07-31 01:01:59,982 INFO Wall simulator state 61/96
2026-07-31 01:02:00,313 INFO Wall simulator state 62/96
2026-07-31 01:02:00,648 INFO Wall simulator state 63/96
2026-07-31 01:02:01,004 INFO Wall simulator state 64/96
2026-07-31 01:02:01,326 INFO Wall simulator state 65/96
2026-07-31 01:02:01,649 INFO Wall simulator state 66/96
2026-07-31 01:02:01,971 INFO Wall simulator state 67/96
2026-07-31 01:02:02,288 INFO Wall simulator state 68/96
2026-07-31 01:02:02,609 INFO Wall simulator state 69/96
2026-07-31 01:02:02,930 INFO Wall simulator state 70/96
2026-07-31 01:02:03,250 INFO Wall simulator state 71/96
2026-07-31 01:02:03,569 INFO Wall simulator state 72/96
2026-07-31 01:02:03,886 INFO Wall simulator state 73/96
2026-07-31 01:02:04,206 INFO Wall simulator state 74/96
2026-07-31 01:02:04,523 INFO Wall simulator state 75/96
2026-07-31 01:02:04,841 INFO Wall simulator state 76/96
2026-07-31 01:02:05,157 INFO Wall simulator state 77/96
2026-07-31 01:02:05,472 INFO Wall simulator state 78/96
2026-07-31 01:02:05,791 INFO Wall simulator state 79/96
2026-07-31 01:02:06,116 INFO Wall simulator state 80/96
2026-07-31 01:02:06,445 INFO Wall simulator state 81/96
2026-07-31 01:02:06,775 INFO Wall simulator state 82/96
2026-07-31 01:02:07,105 INFO Wall simulator state 83/96
2026-07-31 01:02:07,428 INFO Wall simulator state 84/96
2026-07-31 01:02:07,748 INFO Wall simulator state 85/96
2026-07-31 01:02:08,075 INFO Wall simulator state 86/96
2026-07-31 01:02:08,395 INFO Wall simulator state 87/96
2026-07-31 01:02:08,718 INFO Wall simulator state 88/96
2026-07-31 01:02:09,041 INFO Wall simulator state 89/96
2026-07-31 01:02:09,364 INFO Wall simulator state 90/96
2026-07-31 01:02:09,686 INFO Wall simulator state 91/96
2026-07-31 01:02:10,008 INFO Wall simulator state 92/96
2026-07-31 01:02:10,335 INFO Wall simulator state 93/96
2026-07-31 01:02:10,658 INFO Wall simulator state 94/96
2026-07-31 01:02:10,982 INFO Wall simulator state 95/96
2026-07-31 01:02:11,306 INFO Wall simulator state 96/96
2026-07-31 01:02:11,690 INFO GPU memory {'label': 'jepa_wm_pusht_before_load', 'allocated_gib': 0.0, 'reserved_gib': 0.0, 'peak_allocated_gib': 0.0}
2026-07-31 01:02:13,167 INFO Expanded environment variable 'JEPAWM_LOGS' to '/content/cf_faithfulness_cache/unused_jepawm_logs' at folder
2026-07-31 01:02:13,168 INFO Using hardcoded dimensions for pusht: action_dim=2, proprio_dim=4
2026-07-31 01:02:13,168 INFO Preprocessor attributes for pusht:
2026-07-31 01:02:13,174 INFO   action_mean: tensor([-0.0087,  0.0068])
2026-07-31 01:02:13,175 INFO   action_std: tensor([0.2019, 0.2002])
2026-07-31 01:02:13,175 INFO   proprio_mean: tensor([236.6155, 264.5674,  -2.9303,   2.5431])
2026-07-31 01:02:13,175 INFO   proprio_std: tensor([101.1202,  87.0112,  74.8456,  74.1401])
2026-07-31 01:02:13,176 INFO   state_mean: tensor([236.6155, 264.5674, 255.1307, 266.3721,   1.9584,  -2.9303,   2.5431])
2026-07-31 01:02:13,176 INFO   state_std: tensor([101.1202,  87.0112,  52.7054,  57.4971,   1.7556,  74.8456,  74.1401])
2026-07-31 01:02:19,210 INFO using MLP layer as FFN
2026-07-31 01:02:19,895 INFO Encoder: DinoEncoder(
  (base_model): DinoVisionTransformer(
    (patch_embed): PatchEmbed(
      (proj): Conv2d(3, 384, kernel_size=(14, 14), stride=(14, 14))
      (norm): Identity()
    )
    (blocks): ModuleList(
      (0-11): 12 x NestedTensorBlock(
        (norm1): LayerNorm((384,), eps=1e-06, elementwise_affine=True)
        (attn): MemEffAttention(
          (qkv): Linear(in_features=384, out_features=1152, bias=True)
          (proj): Linear(in_features=384, out_features=384, bias=True)
          (proj_drop): Dropout(p=0.0, inplace=False)
        )
        (ls1): LayerScale()
        (drop_path1): Identity()
        (norm2): LayerNorm((384,), eps=1e-06, elementwise_affine=True)
        (mlp): Mlp(
          (fc1): Linear(in_features=384, out_features=1536, bias=True)
          (act): GELU(approximate='none')
          (fc2): Linear(in_features=1536, out_features=384, bias=True)
          (drop): Dropout(p=0.0, inplace=False)
        )
        (ls2): LayerScale()
        (drop_path2): Identity()
      )
    )
    (norm): LayerNorm((384,), eps=1e-06, elementwise_affine=True)
    (head): Identity()
  )
)
2026-07-31 01:02:19,895 INFO 🧠 Encoder: DinoEncoder (22,056,576 params, frozen=True)
2026-07-31 01:02:19,989 INFO 🔧 Initialized 6 AdaLN blocks (scale_factor=10)
2026-07-31 01:02:19,995 INFO Predictor: VisionTransformerAdaLN(
  (predictor_embed): Linear(in_features=384, out_features=384, bias=True)
  (action_encoder): Linear(in_features=10, out_features=400, bias=True)
  (predictor_blocks): ModuleList(
    (0-5): 6 x FWAdaLNBlock(
      (norm1): LayerNorm((400,), eps=1e-06, elementwise_affine=True)
      (attn): RoPEAttention(
        (qkv): Linear(in_features=400, out_features=1200, bias=True)
        (attn_drop): Dropout(p=0.0, inplace=False)
        (proj): Linear(in_features=400, out_features=400, bias=True)
        (proj_drop): Dropout(p=0.0, inplace=False)
      )
      (drop_path): Identity()
      (norm2): LayerNorm((400,), eps=1e-06, elementwise_affine=True)
      (mlp): MLP(
        (fc1): Linear(in_features=400, out_features=1600, bias=True)
        (act): GELU(approximate='none')
        (fc2): Linear(in_features=1600, out_features=400, bias=True)
        (drop): Dropout(p=0.0, inplace=False)
      )
      (adaLN_modulation): Sequential(
        (0): SiLU()
        (1): Linear(in_features=400, out_features=2400, bias=True)
      )
    )
  )
  (predictor_norm): LayerNorm((400,), eps=1e-06, elementwise_affine=True)
  (predictor_proj): Linear(in_features=384, out_features=384, bias=True)
)
2026-07-31 01:02:19,995 INFO 🔮 Predictor: VisionTransformerAdaLN (17,626,480 params)
2026-07-31 01:02:19,996 INFO Loading checkpoint from local path: /content/cf_faithfulness_cache/huggingface/hub/models--facebook--jepa-wms/snapshots/9b9c41ef249466630dbf1a20e78391865d07b3b9/jepa_wm_pusht.pth.tar
2026-07-31 01:02:20,046 INFO loaded pretrained predictor from epoch 50 with msg: <All keys matched successfully>
2026-07-31 01:02:20,046 INFO loaded pretrained proprio encoder from epoch 50 with msg: <All keys matched successfully>
2026-07-31 01:02:20,049 INFO 📉 Loss weights: L2=1.0
2026-07-31 01:02:20,050 INFO Loaded encoder and predictor
2026-07-31 01:02:20,051 INFO GPU memory {'label': 'jepa_wm_pusht_after_load', 'allocated_gib': 0.149, 'reserved_gib': 0.172, 'peak_allocated_gib': 0.149}
2026-07-31 01:02:21,781 INFO jepa_wm_pusht transition state 1/96
2026-07-31 01:02:22,020 INFO jepa_wm_pusht transition state 2/96
2026-07-31 01:02:22,256 INFO jepa_wm_pusht transition state 3/96
2026-07-31 01:02:22,492 INFO jepa_wm_pusht transition state 4/96
2026-07-31 01:02:22,955 INFO jepa_wm_pusht transition state 5/96
2026-07-31 01:02:23,194 INFO jepa_wm_pusht transition state 6/96
2026-07-31 01:02:23,431 INFO jepa_wm_pusht transition state 7/96
2026-07-31 01:02:23,669 INFO jepa_wm_pusht transition state 8/96
2026-07-31 01:02:23,904 INFO jepa_wm_pusht transition state 9/96
2026-07-31 01:02:24,137 INFO jepa_wm_pusht transition state 10/96
2026-07-31 01:02:24,370 INFO jepa_wm_pusht transition state 11/96
2026-07-31 01:02:24,602 INFO jepa_wm_pusht transition state 12/96
2026-07-31 01:02:24,603 INFO GPU memory {'label': 'jepa_wm_pusht_transition_state_0011', 'allocated_gib': 0.158, 'reserved_gib': 0.994, 'peak_allocated_gib': 0.772}
2026-07-31 01:02:24,838 INFO jepa_wm_pusht transition state 13/96
2026-07-31 01:02:25,074 INFO jepa_wm_pusht transition state 14/96
2026-07-31 01:02:25,307 INFO jepa_wm_pusht transition state 15/96
2026-07-31 01:02:25,540 INFO jepa_wm_pusht transition state 16/96
2026-07-31 01:02:25,772 INFO jepa_wm_pusht transition state 17/96
2026-07-31 01:02:26,007 INFO jepa_wm_pusht transition state 18/96
2026-07-31 01:02:26,241 INFO jepa_wm_pusht transition state 19/96
2026-07-31 01:02:26,474 INFO jepa_wm_pusht transition state 20/96
2026-07-31 01:02:26,706 INFO jepa_wm_pusht transition state 21/96
2026-07-31 01:02:26,941 INFO jepa_wm_pusht transition state 22/96
2026-07-31 01:02:27,174 INFO jepa_wm_pusht transition state 23/96
2026-07-31 01:02:27,406 INFO jepa_wm_pusht transition state 24/96
2026-07-31 01:02:27,407 INFO GPU memory {'label': 'jepa_wm_pusht_transition_state_0023', 'allocated_gib': 0.158, 'reserved_gib': 0.994, 'peak_allocated_gib': 0.772}
2026-07-31 01:02:27,642 INFO jepa_wm_pusht transition state 25/96
2026-07-31 01:02:27,879 INFO jepa_wm_pusht transition state 26/96
2026-07-31 01:02:28,116 INFO jepa_wm_pusht transition state 27/96
2026-07-31 01:02:28,352 INFO jepa_wm_pusht transition state 28/96
2026-07-31 01:02:28,586 INFO jepa_wm_pusht transition state 29/96
2026-07-31 01:02:28,820 INFO jepa_wm_pusht transition state 30/96
2026-07-31 01:02:29,054 INFO jepa_wm_pusht transition state 31/96
2026-07-31 01:02:29,288 INFO jepa_wm_pusht transition state 32/96
2026-07-31 01:02:29,522 INFO jepa_wm_pusht transition state 33/96
2026-07-31 01:02:29,755 INFO jepa_wm_pusht transition state 34/96
2026-07-31 01:02:29,990 INFO jepa_wm_pusht transition state 35/96
2026-07-31 01:02:30,222 INFO jepa_wm_pusht transition state 36/96
2026-07-31 01:02:30,223 INFO GPU memory {'label': 'jepa_wm_pusht_transition_state_0035', 'allocated_gib': 0.158, 'reserved_gib': 0.994, 'peak_allocated_gib': 0.772}
2026-07-31 01:02:30,455 INFO jepa_wm_pusht transition state 37/96
2026-07-31 01:02:30,690 INFO jepa_wm_pusht transition state 38/96
2026-07-31 01:02:30,927 INFO jepa_wm_pusht transition state 39/96
2026-07-31 01:02:31,164 INFO jepa_wm_pusht transition state 40/96
2026-07-31 01:02:31,397 INFO jepa_wm_pusht transition state 41/96
2026-07-31 01:02:31,631 INFO jepa_wm_pusht transition state 42/96
2026-07-31 01:02:31,864 INFO jepa_wm_pusht transition state 43/96
2026-07-31 01:02:32,096 INFO jepa_wm_pusht transition state 44/96
2026-07-31 01:02:32,328 INFO jepa_wm_pusht transition state 45/96
2026-07-31 01:02:32,560 INFO jepa_wm_pusht transition state 46/96
2026-07-31 01:02:32,796 INFO jepa_wm_pusht transition state 47/96
2026-07-31 01:02:33,037 INFO jepa_wm_pusht transition state 48/96
2026-07-31 01:02:33,038 INFO GPU memory {'label': 'jepa_wm_pusht_transition_state_0047', 'allocated_gib': 0.158, 'reserved_gib': 0.994, 'peak_allocated_gib': 0.772}
2026-07-31 01:02:33,330 INFO jepa_wm_pusht transition state 49/96
2026-07-31 01:02:33,578 INFO jepa_wm_pusht transition state 50/96
2026-07-31 01:02:33,811 INFO jepa_wm_pusht transition state 51/96
2026-07-31 01:02:34,043 INFO jepa_wm_pusht transition state 52/96
2026-07-31 01:02:34,291 INFO jepa_wm_pusht transition state 53/96
2026-07-31 01:02:34,524 INFO jepa_wm_pusht transition state 54/96
2026-07-31 01:02:34,760 INFO jepa_wm_pusht transition state 55/96
2026-07-31 01:02:34,992 INFO jepa_wm_pusht transition state 56/96
2026-07-31 01:02:35,223 INFO jepa_wm_pusht transition state 57/96
2026-07-31 01:02:35,454 INFO jepa_wm_pusht transition state 58/96
2026-07-31 01:02:35,687 INFO jepa_wm_pusht transition state 59/96
2026-07-31 01:02:35,919 INFO jepa_wm_pusht transition state 60/96
2026-07-31 01:02:35,920 INFO GPU memory {'label': 'jepa_wm_pusht_transition_state_0059', 'allocated_gib': 0.158, 'reserved_gib': 0.994, 'peak_allocated_gib': 0.772}
2026-07-31 01:02:36,155 INFO jepa_wm_pusht transition state 61/96
2026-07-31 01:02:36,388 INFO jepa_wm_pusht transition state 62/96
2026-07-31 01:02:36,620 INFO jepa_wm_pusht transition state 63/96
2026-07-31 01:02:36,856 INFO jepa_wm_pusht transition state 64/96
2026-07-31 01:02:37,094 INFO jepa_wm_pusht transition state 65/96
2026-07-31 01:02:37,334 INFO jepa_wm_pusht transition state 66/96
2026-07-31 01:02:37,570 INFO jepa_wm_pusht transition state 67/96
2026-07-31 01:02:37,811 INFO jepa_wm_pusht transition state 68/96
2026-07-31 01:02:38,045 INFO jepa_wm_pusht transition state 69/96
2026-07-31 01:02:38,277 INFO jepa_wm_pusht transition state 70/96
2026-07-31 01:02:38,506 INFO jepa_wm_pusht transition state 71/96
2026-07-31 01:02:38,738 INFO jepa_wm_pusht transition state 72/96
2026-07-31 01:02:38,739 INFO GPU memory {'label': 'jepa_wm_pusht_transition_state_0071', 'allocated_gib': 0.158, 'reserved_gib': 0.994, 'peak_allocated_gib': 0.772}
2026-07-31 01:02:38,969 INFO jepa_wm_pusht transition state 73/96
2026-07-31 01:02:39,201 INFO jepa_wm_pusht transition state 74/96
2026-07-31 01:02:39,432 INFO jepa_wm_pusht transition state 75/96
2026-07-31 01:02:39,663 INFO jepa_wm_pusht transition state 76/96
2026-07-31 01:02:39,894 INFO jepa_wm_pusht transition state 77/96
2026-07-31 01:02:40,131 INFO jepa_wm_pusht transition state 78/96
2026-07-31 01:02:40,365 INFO jepa_wm_pusht transition state 79/96
2026-07-31 01:02:40,595 INFO jepa_wm_pusht transition state 80/96
2026-07-31 01:02:40,826 INFO jepa_wm_pusht transition state 81/96
2026-07-31 01:02:41,056 INFO jepa_wm_pusht transition state 82/96
2026-07-31 01:02:41,285 INFO jepa_wm_pusht transition state 83/96
2026-07-31 01:02:41,514 INFO jepa_wm_pusht transition state 84/96
2026-07-31 01:02:41,515 INFO GPU memory {'label': 'jepa_wm_pusht_transition_state_0083', 'allocated_gib': 0.158, 'reserved_gib': 0.994, 'peak_allocated_gib': 0.772}
2026-07-31 01:02:41,744 INFO jepa_wm_pusht transition state 85/96
2026-07-31 01:02:41,974 INFO jepa_wm_pusht transition state 86/96
2026-07-31 01:02:42,204 INFO jepa_wm_pusht transition state 87/96
2026-07-31 01:02:42,439 INFO jepa_wm_pusht transition state 88/96
2026-07-31 01:02:42,671 INFO jepa_wm_pusht transition state 89/96
2026-07-31 01:02:42,905 INFO jepa_wm_pusht transition state 90/96
2026-07-31 01:02:43,136 INFO jepa_wm_pusht transition state 91/96
2026-07-31 01:02:43,373 INFO jepa_wm_pusht transition state 92/96
2026-07-31 01:02:43,807 INFO jepa_wm_pusht transition state 93/96
2026-07-31 01:02:44,044 INFO jepa_wm_pusht transition state 94/96
2026-07-31 01:02:44,279 INFO jepa_wm_pusht transition state 95/96
2026-07-31 01:02:44,508 INFO jepa_wm_pusht transition state 96/96
2026-07-31 01:02:44,509 INFO GPU memory {'label': 'jepa_wm_pusht_transition_state_0095', 'allocated_gib': 0.158, 'reserved_gib': 0.994, 'peak_allocated_gib': 0.772}
2026-07-31 01:02:44,692 INFO GPU memory {'label': 'jepa_wm_pusht_released', 'allocated_gib': 0.075, 'reserved_gib': 0.088, 'peak_allocated_gib': 0.772}
2026-07-31 01:02:44,693 INFO GPU memory {'label': 'jepa_wm_wall_before_load', 'allocated_gib': 0.075, 'reserved_gib': 0.088, 'peak_allocated_gib': 0.075}
2026-07-31 01:02:44,698 INFO Expanded environment variable 'JEPAWM_LOGS' to '/content/cf_faithfulness_cache/unused_jepawm_logs' at folder
2026-07-31 01:02:44,698 INFO Using hardcoded dimensions for wall: action_dim=2, proprio_dim=2
2026-07-31 01:02:44,699 INFO Preprocessor attributes for wall:
2026-07-31 01:02:44,700 INFO   action_mean: tensor([-0.0056,  0.0132])
2026-07-31 01:02:44,700 INFO   action_std: tensor([0.7523, 0.7467])
2026-07-31 01:02:44,700 INFO   proprio_mean: tensor([31.8945, 31.8140])
2026-07-31 01:02:44,701 INFO   proprio_std: tensor([17.6635, 17.2752])
2026-07-31 01:02:44,701 INFO   state_mean: tensor([31.8945, 31.8140])
2026-07-31 01:02:44,701 INFO   state_std: tensor([17.6635, 17.2752])
2026-07-31 01:02:47,757 INFO using MLP layer as FFN
2026-07-31 01:02:47,891 INFO Encoder: DinoEncoder(
  (base_model): DinoVisionTransformer(
    (patch_embed): PatchEmbed(
      (proj): Conv2d(3, 384, kernel_size=(14, 14), stride=(14, 14))
      (norm): Identity()
    )
    (blocks): ModuleList(
      (0-11): 12 x NestedTensorBlock(
        (norm1): LayerNorm((384,), eps=1e-06, elementwise_affine=True)
        (attn): MemEffAttention(
          (qkv): Linear(in_features=384, out_features=1152, bias=True)
          (proj): Linear(in_features=384, out_features=384, bias=True)
          (proj_drop): Dropout(p=0.0, inplace=False)
        )
        (ls1): LayerScale()
        (drop_path1): Identity()
        (norm2): LayerNorm((384,), eps=1e-06, elementwise_affine=True)
        (mlp): Mlp(
          (fc1): Linear(in_features=384, out_features=1536, bias=True)
          (act): GELU(approximate='none')
          (fc2): Linear(in_features=1536, out_features=384, bias=True)
          (drop): Dropout(p=0.0, inplace=False)
        )
        (ls2): LayerScale()
        (drop_path2): Identity()
      )
    )
    (norm): LayerNorm((384,), eps=1e-06, elementwise_affine=True)
    (head): Identity()
  )
)
2026-07-31 01:02:47,891 INFO 🧠 Encoder: DinoEncoder (22,056,576 params, frozen=True)
2026-07-31 01:02:47,982 INFO 🔧 Initialized 6 AdaLN blocks (scale_factor=10)
2026-07-31 01:02:47,988 INFO Predictor: VisionTransformerAdaLN(
  (predictor_embed): Linear(in_features=384, out_features=384, bias=True)
  (action_encoder): Linear(in_features=10, out_features=400, bias=True)
  (predictor_blocks): ModuleList(
    (0-5): 6 x FWAdaLNBlock(
      (norm1): LayerNorm((400,), eps=1e-06, elementwise_affine=True)
      (attn): RoPEAttention(
        (qkv): Linear(in_features=400, out_features=1200, bias=True)
        (attn_drop): Dropout(p=0.0, inplace=False)
        (proj): Linear(in_features=400, out_features=400, bias=True)
        (proj_drop): Dropout(p=0.0, inplace=False)
      )
      (drop_path): Identity()
      (norm2): LayerNorm((400,), eps=1e-06, elementwise_affine=True)
      (mlp): MLP(
        (fc1): Linear(in_features=400, out_features=1600, bias=True)
        (act): GELU(approximate='none')
        (fc2): Linear(in_features=1600, out_features=400, bias=True)
        (drop): Dropout(p=0.0, inplace=False)
      )
      (adaLN_modulation): Sequential(
        (0): SiLU()
        (1): Linear(in_features=400, out_features=2400, bias=True)
      )
    )
  )
  (predictor_norm): LayerNorm((400,), eps=1e-06, elementwise_affine=True)
  (predictor_proj): Linear(in_features=384, out_features=384, bias=True)
)
2026-07-31 01:02:47,988 INFO 🔮 Predictor: VisionTransformerAdaLN (17,626,480 params)
2026-07-31 01:02:47,989 INFO Loading checkpoint from local path: /content/cf_faithfulness_cache/huggingface/hub/models--facebook--jepa-wms/snapshots/9b9c41ef249466630dbf1a20e78391865d07b3b9/jepa_wm_wall.pth.tar
2026-07-31 01:02:48,037 INFO loaded pretrained predictor from epoch 50 with msg: <All keys matched successfully>
2026-07-31 01:02:48,038 INFO loaded pretrained proprio encoder from epoch 50 with msg: <All keys matched successfully>
2026-07-31 01:02:48,040 INFO 📉 Loss weights: L2=1.0
2026-07-31 01:02:48,041 INFO Loaded encoder and predictor
2026-07-31 01:02:48,042 INFO GPU memory {'label': 'jepa_wm_wall_after_load', 'allocated_gib': 0.159, 'reserved_gib': 0.234, 'peak_allocated_gib': 0.225}
2026-07-31 01:02:48,345 INFO jepa_wm_wall transition state 1/96
2026-07-31 01:02:48,574 INFO jepa_wm_wall transition state 2/96
2026-07-31 01:02:48,804 INFO jepa_wm_wall transition state 3/96
2026-07-31 01:02:49,038 INFO jepa_wm_wall transition state 4/96
2026-07-31 01:02:49,269 INFO jepa_wm_wall transition state 5/96
2026-07-31 01:02:49,497 INFO jepa_wm_wall transition state 6/96
2026-07-31 01:02:49,725 INFO jepa_wm_wall transition state 7/96
2026-07-31 01:02:50,131 INFO jepa_wm_wall transition state 8/96
2026-07-31 01:02:50,359 INFO jepa_wm_wall transition state 9/96
2026-07-31 01:02:50,586 INFO jepa_wm_wall transition state 10/96
2026-07-31 01:02:50,870 INFO jepa_wm_wall transition state 11/96
2026-07-31 01:02:51,098 INFO jepa_wm_wall transition state 12/96
2026-07-31 01:02:51,099 INFO GPU memory {'label': 'jepa_wm_wall_transition_state_0011', 'allocated_gib': 0.159, 'reserved_gib': 0.973, 'peak_allocated_gib': 0.774}
2026-07-31 01:02:51,408 INFO jepa_wm_wall transition state 13/96
2026-07-31 01:02:51,634 INFO jepa_wm_wall transition state 14/96
2026-07-31 01:02:51,861 INFO jepa_wm_wall transition state 15/96
2026-07-31 01:02:52,088 INFO jepa_wm_wall transition state 16/96
2026-07-31 01:02:52,315 INFO jepa_wm_wall transition state 17/96
2026-07-31 01:02:52,542 INFO jepa_wm_wall transition state 18/96
2026-07-31 01:02:52,769 INFO jepa_wm_wall transition state 19/96
2026-07-31 01:02:52,998 INFO jepa_wm_wall transition state 20/96
2026-07-31 01:02:53,225 INFO jepa_wm_wall transition state 21/96
2026-07-31 01:02:53,455 INFO jepa_wm_wall transition state 22/96
2026-07-31 01:02:53,683 INFO jepa_wm_wall transition state 23/96
2026-07-31 01:02:53,912 INFO jepa_wm_wall transition state 24/96
2026-07-31 01:02:53,912 INFO GPU memory {'label': 'jepa_wm_wall_transition_state_0023', 'allocated_gib': 0.159, 'reserved_gib': 0.973, 'peak_allocated_gib': 0.774}
2026-07-31 01:02:54,148 INFO jepa_wm_wall transition state 25/96
2026-07-31 01:02:54,380 INFO jepa_wm_wall transition state 26/96
2026-07-31 01:02:54,610 INFO jepa_wm_wall transition state 27/96
2026-07-31 01:02:54,838 INFO jepa_wm_wall transition state 28/96
2026-07-31 01:02:55,065 INFO jepa_wm_wall transition state 29/96
2026-07-31 01:02:55,291 INFO jepa_wm_wall transition state 30/96
2026-07-31 01:02:55,516 INFO jepa_wm_wall transition state 31/96
2026-07-31 01:02:55,744 INFO jepa_wm_wall transition state 32/96
2026-07-31 01:02:55,971 INFO jepa_wm_wall transition state 33/96
2026-07-31 01:02:56,200 INFO jepa_wm_wall transition state 34/96
2026-07-31 01:02:56,428 INFO jepa_wm_wall transition state 35/96
2026-07-31 01:02:56,656 INFO jepa_wm_wall transition state 36/96
2026-07-31 01:02:56,657 INFO GPU memory {'label': 'jepa_wm_wall_transition_state_0035', 'allocated_gib': 0.159, 'reserved_gib': 0.973, 'peak_allocated_gib': 0.774}
2026-07-31 01:02:56,885 INFO jepa_wm_wall transition state 37/96
2026-07-31 01:02:57,114 INFO jepa_wm_wall transition state 38/96
2026-07-31 01:02:57,341 INFO jepa_wm_wall transition state 39/96
2026-07-31 01:02:57,567 INFO jepa_wm_wall transition state 40/96
2026-07-31 01:02:57,794 INFO jepa_wm_wall transition state 41/96
2026-07-31 01:02:58,022 INFO jepa_wm_wall transition state 42/96
2026-07-31 01:02:58,249 INFO jepa_wm_wall transition state 43/96
2026-07-31 01:02:58,476 INFO jepa_wm_wall transition state 44/96
2026-07-31 01:02:58,708 INFO jepa_wm_wall transition state 45/96
2026-07-31 01:02:58,935 INFO jepa_wm_wall transition state 46/96
2026-07-31 01:02:59,162 INFO jepa_wm_wall transition state 47/96
2026-07-31 01:02:59,389 INFO jepa_wm_wall transition state 48/96
2026-07-31 01:02:59,390 INFO GPU memory {'label': 'jepa_wm_wall_transition_state_0047', 'allocated_gib': 0.159, 'reserved_gib': 0.973, 'peak_allocated_gib': 0.774}
2026-07-31 01:02:59,617 INFO jepa_wm_wall transition state 49/96
2026-07-31 01:02:59,845 INFO jepa_wm_wall transition state 50/96
2026-07-31 01:03:00,072 INFO jepa_wm_wall transition state 51/96
2026-07-31 01:03:00,299 INFO jepa_wm_wall transition state 52/96
2026-07-31 01:03:00,527 INFO jepa_wm_wall transition state 53/96
2026-07-31 01:03:00,753 INFO jepa_wm_wall transition state 54/96
2026-07-31 01:03:00,980 INFO jepa_wm_wall transition state 55/96
2026-07-31 01:03:01,209 INFO jepa_wm_wall transition state 56/96
2026-07-31 01:03:01,439 INFO jepa_wm_wall transition state 57/96
2026-07-31 01:03:01,670 INFO jepa_wm_wall transition state 58/96
2026-07-31 01:03:01,900 INFO jepa_wm_wall transition state 59/96
2026-07-31 01:03:02,131 INFO jepa_wm_wall transition state 60/96
2026-07-31 01:03:02,131 INFO GPU memory {'label': 'jepa_wm_wall_transition_state_0059', 'allocated_gib': 0.159, 'reserved_gib': 0.973, 'peak_allocated_gib': 0.774}
2026-07-31 01:03:02,362 INFO jepa_wm_wall transition state 61/96
2026-07-31 01:03:02,590 INFO jepa_wm_wall transition state 62/96
2026-07-31 01:03:02,816 INFO jepa_wm_wall transition state 63/96
2026-07-31 01:03:03,060 INFO jepa_wm_wall transition state 64/96
2026-07-31 01:03:03,292 INFO jepa_wm_wall transition state 65/96
2026-07-31 01:03:03,522 INFO jepa_wm_wall transition state 66/96
2026-07-31 01:03:03,753 INFO jepa_wm_wall transition state 67/96
2026-07-31 01:03:03,984 INFO jepa_wm_wall transition state 68/96
2026-07-31 01:03:04,213 INFO jepa_wm_wall transition state 69/96
2026-07-31 01:03:04,444 INFO jepa_wm_wall transition state 70/96
2026-07-31 01:03:04,674 INFO jepa_wm_wall transition state 71/96
2026-07-31 01:03:04,906 INFO jepa_wm_wall transition state 72/96
2026-07-31 01:03:04,907 INFO GPU memory {'label': 'jepa_wm_wall_transition_state_0071', 'allocated_gib': 0.159, 'reserved_gib': 0.973, 'peak_allocated_gib': 0.774}
2026-07-31 01:03:05,137 INFO jepa_wm_wall transition state 73/96
2026-07-31 01:03:05,369 INFO jepa_wm_wall transition state 74/96
2026-07-31 01:03:05,600 INFO jepa_wm_wall transition state 75/96
2026-07-31 01:03:05,836 INFO jepa_wm_wall transition state 76/96
2026-07-31 01:03:06,067 INFO jepa_wm_wall transition state 77/96
2026-07-31 01:03:06,300 INFO jepa_wm_wall transition state 78/96
2026-07-31 01:03:06,534 INFO jepa_wm_wall transition state 79/96
2026-07-31 01:03:06,765 INFO jepa_wm_wall transition state 80/96
2026-07-31 01:03:06,996 INFO jepa_wm_wall transition state 81/96
2026-07-31 01:03:07,227 INFO jepa_wm_wall transition state 82/96
2026-07-31 01:03:07,458 INFO jepa_wm_wall transition state 83/96
2026-07-31 01:03:07,688 INFO jepa_wm_wall transition state 84/96
2026-07-31 01:03:07,689 INFO GPU memory {'label': 'jepa_wm_wall_transition_state_0083', 'allocated_gib': 0.159, 'reserved_gib': 0.973, 'peak_allocated_gib': 0.774}
2026-07-31 01:03:07,920 INFO jepa_wm_wall transition state 85/96
2026-07-31 01:03:08,150 INFO jepa_wm_wall transition state 86/96
2026-07-31 01:03:08,378 INFO jepa_wm_wall transition state 87/96
2026-07-31 01:03:08,609 INFO jepa_wm_wall transition state 88/96
2026-07-31 01:03:08,840 INFO jepa_wm_wall transition state 89/96
2026-07-31 01:03:09,071 INFO jepa_wm_wall transition state 90/96
2026-07-31 01:03:09,301 INFO jepa_wm_wall transition state 91/96
2026-07-31 01:03:09,532 INFO jepa_wm_wall transition state 92/96
2026-07-31 01:03:09,763 INFO jepa_wm_wall transition state 93/96
2026-07-31 01:03:09,989 INFO jepa_wm_wall transition state 94/96
2026-07-31 01:03:10,217 INFO jepa_wm_wall transition state 95/96
2026-07-31 01:03:10,444 INFO jepa_wm_wall transition state 96/96
2026-07-31 01:03:10,445 INFO GPU memory {'label': 'jepa_wm_wall_transition_state_0095', 'allocated_gib': 0.159, 'reserved_gib': 0.973, 'peak_allocated_gib': 0.774}
2026-07-31 01:03:10,630 INFO GPU memory {'label': 'jepa_wm_wall_released', 'allocated_gib': 0.075, 'reserved_gib': 0.111, 'peak_allocated_gib': 0.774}
2026-07-31 01:03:15,071 INFO Expanded environment variable 'JEPAWM_LOGS' to '/content/cf_faithfulness_cache/unused_jepawm_logs' at folder
2026-07-31 01:03:15,071 INFO Using hardcoded dimensions for pusht: action_dim=2, proprio_dim=4
2026-07-31 01:03:15,072 INFO Preprocessor attributes for pusht:
2026-07-31 01:03:15,073 INFO   action_mean: tensor([-0.0087,  0.0068])
2026-07-31 01:03:15,073 INFO   action_std: tensor([0.2019, 0.2002])
2026-07-31 01:03:15,073 INFO   proprio_mean: tensor([236.6155, 264.5674,  -2.9303,   2.5431])
2026-07-31 01:03:15,073 INFO   proprio_std: tensor([101.1202,  87.0112,  74.8456,  74.1401])
2026-07-31 01:03:15,074 INFO   state_mean: tensor([236.6155, 264.5674, 255.1307, 266.3721,   1.9584,  -2.9303,   2.5431])
2026-07-31 01:03:15,074 INFO   state_std: tensor([101.1202,  87.0112,  52.7054,  57.4971,   1.7556,  74.8456,  74.1401])
2026-07-31 01:03:15,271 INFO using MLP layer as FFN
2026-07-31 01:03:15,465 INFO Encoder: DinoEncoder(
  (base_model): DinoVisionTransformer(
    (patch_embed): PatchEmbed(
      (proj): Conv2d(3, 384, kernel_size=(14, 14), stride=(14, 14))
      (norm): Identity()
    )
    (blocks): ModuleList(
      (0-11): 12 x NestedTensorBlock(
        (norm1): LayerNorm((384,), eps=1e-06, elementwise_affine=True)
        (attn): MemEffAttention(
          (qkv): Linear(in_features=384, out_features=1152, bias=True)
          (proj): Linear(in_features=384, out_features=384, bias=True)
          (proj_drop): Dropout(p=0.0, inplace=False)
        )
        (ls1): LayerScale()
        (drop_path1): Identity()
        (norm2): LayerNorm((384,), eps=1e-06, elementwise_affine=True)
        (mlp): Mlp(
          (fc1): Linear(in_features=384, out_features=1536, bias=True)
          (act): GELU(approximate='none')
          (fc2): Linear(in_features=1536, out_features=384, bias=True)
          (drop): Dropout(p=0.0, inplace=False)
        )
        (ls2): LayerScale()
        (drop_path2): Identity()
      )
    )
    (norm): LayerNorm((384,), eps=1e-06, elementwise_affine=True)
    (head): Identity()
  )
)
2026-07-31 01:03:15,466 INFO 🧠 Encoder: DinoEncoder (22,056,576 params, frozen=True)
2026-07-31 01:03:15,556 INFO 🔧 Initialized 6 AdaLN blocks (scale_factor=10)
2026-07-31 01:03:15,563 INFO Predictor: VisionTransformerAdaLN(
  (predictor_embed): Linear(in_features=384, out_features=384, bias=True)
  (action_encoder): Linear(in_features=10, out_features=400, bias=True)
  (predictor_blocks): ModuleList(
    (0-5): 6 x FWAdaLNBlock(
      (norm1): LayerNorm((400,), eps=1e-06, elementwise_affine=True)
      (attn): RoPEAttention(
        (qkv): Linear(in_features=400, out_features=1200, bias=True)
        (attn_drop): Dropout(p=0.0, inplace=False)
        (proj): Linear(in_features=400, out_features=400, bias=True)
        (proj_drop): Dropout(p=0.0, inplace=False)
      )
      (drop_path): Identity()
      (norm2): LayerNorm((400,), eps=1e-06, elementwise_affine=True)
      (mlp): MLP(
        (fc1): Linear(in_features=400, out_features=1600, bias=True)
        (act): GELU(approximate='none')
        (fc2): Linear(in_features=1600, out_features=400, bias=True)
        (drop): Dropout(p=0.0, inplace=False)
      )
      (adaLN_modulation): Sequential(
        (0): SiLU()
        (1): Linear(in_features=400, out_features=2400, bias=True)
      )
    )
  )
  (predictor_norm): LayerNorm((400,), eps=1e-06, elementwise_affine=True)
  (predictor_proj): Linear(in_features=384, out_features=384, bias=True)
)
2026-07-31 01:03:15,563 INFO 🔮 Predictor: VisionTransformerAdaLN (17,626,480 params)
2026-07-31 01:03:15,563 INFO Loading checkpoint from local path: /content/cf_faithfulness_cache/huggingface/hub/models--facebook--jepa-wms/snapshots/9b9c41ef249466630dbf1a20e78391865d07b3b9/jepa_wm_pusht.pth.tar
2026-07-31 01:03:15,616 INFO loaded pretrained predictor from epoch 50 with msg: <All keys matched successfully>
2026-07-31 01:03:15,617 INFO loaded pretrained proprio encoder from epoch 50 with msg: <All keys matched successfully>
2026-07-31 01:03:15,620 INFO 📉 Loss weights: L2=1.0
2026-07-31 01:03:15,620 INFO Loaded encoder and predictor
2026-07-31 01:03:25,657 INFO Expanded environment variable 'JEPAWM_LOGS' to '/content/cf_faithfulness_cache/unused_jepawm_logs' at folder
2026-07-31 01:03:25,658 INFO Using hardcoded dimensions for wall: action_dim=2, proprio_dim=2
2026-07-31 01:03:25,658 INFO Preprocessor attributes for wall:
2026-07-31 01:03:25,659 INFO   action_mean: tensor([-0.0056,  0.0132])
2026-07-31 01:03:25,660 INFO   action_std: tensor([0.7523, 0.7467])
2026-07-31 01:03:25,660 INFO   proprio_mean: tensor([31.8945, 31.8140])
2026-07-31 01:03:25,661 INFO   proprio_std: tensor([17.6635, 17.2752])
2026-07-31 01:03:25,661 INFO   state_mean: tensor([31.8945, 31.8140])
2026-07-31 01:03:25,661 INFO   state_std: tensor([17.6635, 17.2752])
2026-07-31 01:03:25,861 INFO using MLP layer as FFN
2026-07-31 01:03:25,996 INFO Encoder: DinoEncoder(
  (base_model): DinoVisionTransformer(
    (patch_embed): PatchEmbed(
      (proj): Conv2d(3, 384, kernel_size=(14, 14), stride=(14, 14))
      (norm): Identity()
    )
    (blocks): ModuleList(
      (0-11): 12 x NestedTensorBlock(
        (norm1): LayerNorm((384,), eps=1e-06, elementwise_affine=True)
        (attn): MemEffAttention(
          (qkv): Linear(in_features=384, out_features=1152, bias=True)
          (proj): Linear(in_features=384, out_features=384, bias=True)
          (proj_drop): Dropout(p=0.0, inplace=False)
        )
        (ls1): LayerScale()
        (drop_path1): Identity()
        (norm2): LayerNorm((384,), eps=1e-06, elementwise_affine=True)
        (mlp): Mlp(
          (fc1): Linear(in_features=384, out_features=1536, bias=True)
          (act): GELU(approximate='none')
          (fc2): Linear(in_features=1536, out_features=384, bias=True)
          (drop): Dropout(p=0.0, inplace=False)
        )
        (ls2): LayerScale()
        (drop_path2): Identity()
      )
    )
    (norm): LayerNorm((384,), eps=1e-06, elementwise_affine=True)
    (head): Identity()
  )
)
2026-07-31 01:03:25,997 INFO 🧠 Encoder: DinoEncoder (22,056,576 params, frozen=True)
2026-07-31 01:03:26,088 INFO 🔧 Initialized 6 AdaLN blocks (scale_factor=10)
2026-07-31 01:03:26,094 INFO Predictor: VisionTransformerAdaLN(
  (predictor_embed): Linear(in_features=384, out_features=384, bias=True)
  (action_encoder): Linear(in_features=10, out_features=400, bias=True)
  (predictor_blocks): ModuleList(
    (0-5): 6 x FWAdaLNBlock(
      (norm1): LayerNorm((400,), eps=1e-06, elementwise_affine=True)
      (attn): RoPEAttention(
        (qkv): Linear(in_features=400, out_features=1200, bias=True)
        (attn_drop): Dropout(p=0.0, inplace=False)
        (proj): Linear(in_features=400, out_features=400, bias=True)
        (proj_drop): Dropout(p=0.0, inplace=False)
      )
      (drop_path): Identity()
      (norm2): LayerNorm((400,), eps=1e-06, elementwise_affine=True)
      (mlp): MLP(
        (fc1): Linear(in_features=400, out_features=1600, bias=True)
        (act): GELU(approximate='none')
        (fc2): Linear(in_features=1600, out_features=400, bias=True)
        (drop): Dropout(p=0.0, inplace=False)
      )
      (adaLN_modulation): Sequential(
        (0): SiLU()
        (1): Linear(in_features=400, out_features=2400, bias=True)
      )
    )
  )
  (predictor_norm): LayerNorm((400,), eps=1e-06, elementwise_affine=True)
  (predictor_proj): Linear(in_features=384, out_features=384, bias=True)
)
2026-07-31 01:03:26,094 INFO 🔮 Predictor: VisionTransformerAdaLN (17,626,480 params)
2026-07-31 01:03:26,095 INFO Loading checkpoint from local path: /content/cf_faithfulness_cache/huggingface/hub/models--facebook--jepa-wms/snapshots/9b9c41ef249466630dbf1a20e78391865d07b3b9/jepa_wm_wall.pth.tar
2026-07-31 01:03:26,136 INFO loaded pretrained predictor from epoch 50 with msg: <All keys matched successfully>
2026-07-31 01:03:26,136 INFO loaded pretrained proprio encoder from epoch 50 with msg: <All keys matched successfully>
2026-07-31 01:03:26,138 INFO 📉 Loss weights: L2=1.0
2026-07-31 01:03:26,139 INFO Loaded encoder and predictor
2026-07-31 01:03:35,934 INFO Expanded environment variable 'JEPAWM_LOGS' to '/content/cf_faithfulness_cache/unused_jepawm_logs' at folder
2026-07-31 01:03:35,935 INFO Using hardcoded dimensions for pusht: action_dim=2, proprio_dim=4
2026-07-31 01:03:35,935 INFO Preprocessor attributes for pusht:
2026-07-31 01:03:35,936 INFO   action_mean: tensor([-0.0087,  0.0068])
2026-07-31 01:03:35,936 INFO   action_std: tensor([0.2019, 0.2002])
2026-07-31 01:03:35,937 INFO   proprio_mean: tensor([236.6155, 264.5674,  -2.9303,   2.5431])
2026-07-31 01:03:35,937 INFO   proprio_std: tensor([101.1202,  87.0112,  74.8456,  74.1401])
2026-07-31 01:03:35,937 INFO   state_mean: tensor([236.6155, 264.5674, 255.1307, 266.3721,   1.9584,  -2.9303,   2.5431])
2026-07-31 01:03:35,938 INFO   state_std: tensor([101.1202,  87.0112,  52.7054,  57.4971,   1.7556,  74.8456,  74.1401])
2026-07-31 01:03:36,140 INFO using MLP layer as FFN
2026-07-31 01:03:36,336 INFO Encoder: DinoEncoder(
  (base_model): DinoVisionTransformer(
    (patch_embed): PatchEmbed(
      (proj): Conv2d(3, 384, kernel_size=(14, 14), stride=(14, 14))
      (norm): Identity()
    )
    (blocks): ModuleList(
      (0-11): 12 x NestedTensorBlock(
        (norm1): LayerNorm((384,), eps=1e-06, elementwise_affine=True)
        (attn): MemEffAttention(
          (qkv): Linear(in_features=384, out_features=1152, bias=True)
          (proj): Linear(in_features=384, out_features=384, bias=True)
          (proj_drop): Dropout(p=0.0, inplace=False)
        )
        (ls1): LayerScale()
        (drop_path1): Identity()
        (norm2): LayerNorm((384,), eps=1e-06, elementwise_affine=True)
        (mlp): Mlp(
          (fc1): Linear(in_features=384, out_features=1536, bias=True)
          (act): GELU(approximate='none')
          (fc2): Linear(in_features=1536, out_features=384, bias=True)
          (drop): Dropout(p=0.0, inplace=False)
        )
        (ls2): LayerScale()
        (drop_path2): Identity()
      )
    )
    (norm): LayerNorm((384,), eps=1e-06, elementwise_affine=True)
    (head): Identity()
  )
)
2026-07-31 01:03:36,337 INFO 🧠 Encoder: DinoEncoder (22,056,576 params, frozen=True)
2026-07-31 01:03:36,438 INFO 🔧 Initialized 6 AdaLN blocks (scale_factor=10)
2026-07-31 01:03:36,445 INFO Predictor: VisionTransformerAdaLN(
  (predictor_embed): Linear(in_features=384, out_features=384, bias=True)
  (action_encoder): Linear(in_features=10, out_features=400, bias=True)
  (predictor_blocks): ModuleList(
    (0-5): 6 x FWAdaLNBlock(
      (norm1): LayerNorm((400,), eps=1e-06, elementwise_affine=True)
      (attn): RoPEAttention(
        (qkv): Linear(in_features=400, out_features=1200, bias=True)
        (attn_drop): Dropout(p=0.0, inplace=False)
        (proj): Linear(in_features=400, out_features=400, bias=True)
        (proj_drop): Dropout(p=0.0, inplace=False)
      )
      (drop_path): Identity()
      (norm2): LayerNorm((400,), eps=1e-06, elementwise_affine=True)
      (mlp): MLP(
        (fc1): Linear(in_features=400, out_features=1600, bias=True)
        (act): GELU(approximate='none')
        (fc2): Linear(in_features=1600, out_features=400, bias=True)
        (drop): Dropout(p=0.0, inplace=False)
      )
      (adaLN_modulation): Sequential(
        (0): SiLU()
        (1): Linear(in_features=400, out_features=2400, bias=True)
      )
    )
  )
  (predictor_norm): LayerNorm((400,), eps=1e-06, elementwise_affine=True)
  (predictor_proj): Linear(in_features=384, out_features=384, bias=True)
)
2026-07-31 01:03:36,445 INFO 🔮 Predictor: VisionTransformerAdaLN (17,626,480 params)
2026-07-31 01:03:36,446 INFO Loading checkpoint from local path: /content/cf_faithfulness_cache/huggingface/hub/models--facebook--jepa-wms/snapshots/9b9c41ef249466630dbf1a20e78391865d07b3b9/jepa_wm_pusht.pth.tar
2026-07-31 01:03:36,499 INFO loaded pretrained predictor from epoch 50 with msg: <All keys matched successfully>
2026-07-31 01:03:36,500 INFO loaded pretrained proprio encoder from epoch 50 with msg: <All keys matched successfully>
2026-07-31 01:03:36,503 INFO 📉 Loss weights: L2=1.0
2026-07-31 01:03:36,503 INFO Loaded encoder and predictor
2026-07-31 01:04:08,727 INFO jepa_wm_pusht fidelity_constrained_latent_only seed=11401 epoch=2 score=0.058502 ratios=[0.9732000231742859, 0.9664000272750854, 0.9505000114440918]
2026-07-31 01:04:38,727 INFO jepa_wm_pusht fidelity_constrained_latent_only seed=11401 epoch=4 score=0.056968 ratios=[0.9542999863624573, 0.9417999982833862, 0.9208999872207642]
2026-07-31 01:05:08,774 INFO jepa_wm_pusht fidelity_constrained_latent_only seed=11401 epoch=6 score=0.056175 ratios=[0.9415000081062317, 0.9284999966621399, 0.9079999923706055]
2026-07-31 01:05:38,850 INFO jepa_wm_pusht fidelity_constrained_latent_only seed=11401 epoch=8 score=0.055575 ratios=[0.9319999814033508, 0.9194999933242798, 0.8971999883651733]
2026-07-31 01:06:09,045 INFO jepa_wm_pusht fidelity_constrained_latent_only seed=11401 epoch=10 score=0.055011 ratios=[0.925000011920929, 0.9103000164031982, 0.8863999843597412]
2026-07-31 01:06:39,131 INFO jepa_wm_pusht fidelity_constrained_latent_only seed=11401 epoch=12 score=0.054829 ratios=[0.919700026512146, 0.9078999757766724, 0.8844000101089478]
2026-07-31 01:07:09,142 INFO jepa_wm_pusht fidelity_constrained_latent_only seed=11401 epoch=14 score=0.054502 ratios=[0.9153000116348267, 0.9020000100135803, 0.8788999915122986]
2026-07-31 01:07:39,056 INFO jepa_wm_pusht fidelity_constrained_latent_only seed=11401 epoch=16 score=0.054240 ratios=[0.9122999906539917, 0.8985000252723694, 0.8730999827384949]
2026-07-31 01:08:09,101 INFO jepa_wm_pusht fidelity_constrained_latent_only seed=11401 epoch=18 score=0.054035 ratios=[0.909600019454956, 0.8956999778747559, 0.8687999844551086]
2026-07-31 01:08:39,227 INFO jepa_wm_pusht fidelity_constrained_latent_only seed=11401 epoch=20 score=0.053822 ratios=[0.9075000286102295, 0.892300009727478, 0.864300012588501]
2026-07-31 01:09:09,313 INFO jepa_wm_pusht fidelity_constrained_latent_only seed=11401 epoch=22 score=0.053813 ratios=[0.9054999947547913, 0.8920999765396118, 0.8654000163078308]
2026-07-31 01:09:39,293 INFO jepa_wm_pusht fidelity_constrained_latent_only seed=11401 epoch=24 score=0.053707 ratios=[0.9035000205039978, 0.890999972820282, 0.8632000088691711]
2026-07-31 01:10:09,331 INFO jepa_wm_pusht fidelity_constrained_latent_only seed=11401 epoch=26 score=0.053673 ratios=[0.9021999835968018, 0.8903999924659729, 0.863099992275238]
2026-07-31 01:10:39,523 INFO jepa_wm_pusht fidelity_constrained_latent_only seed=11401 epoch=28 score=0.053528 ratios=[0.9006999731063843, 0.8883000016212463, 0.8598999977111816]
2026-07-31 01:11:09,598 INFO jepa_wm_pusht fidelity_constrained_latent_only seed=11401 epoch=30 score=0.053477 ratios=[0.8998000025749207, 0.8877999782562256, 0.8587999939918518]
2026-07-31 01:11:39,638 INFO jepa_wm_pusht fidelity_constrained_latent_only seed=11401 epoch=32 score=0.053424 ratios=[0.8986999988555908, 0.8876000046730042, 0.8575999736785889]
2026-07-31 01:12:12,042 INFO jepa_wm_pusht fidelity_constrained_shuffled_geometry seed=11401 epoch=2 score=2.895742 ratios=[0.9991999864578247, 0.978600025177002, 0.9783999919891357]
2026-07-31 01:12:42,376 INFO jepa_wm_pusht fidelity_constrained_shuffled_geometry seed=11401 epoch=4 score=2.806395 ratios=[1.0073000192642212, 0.9922999739646912, 0.9975000023841858]
2026-07-31 01:13:12,848 INFO jepa_wm_pusht fidelity_constrained_shuffled_geometry seed=11401 epoch=6 score=2.740011 ratios=[1.0155999660491943, 1.0011999607086182, 1.006100058555603]
2026-07-31 01:13:43,226 INFO jepa_wm_pusht fidelity_constrained_shuffled_geometry seed=11401 epoch=8 score=2.687024 ratios=[1.0225000381469727, 1.0059000253677368, 1.011299967765808]
2026-07-31 01:14:13,576 INFO jepa_wm_pusht fidelity_constrained_shuffled_geometry seed=11401 epoch=10 score=2.711642 ratios=[1.0194000005722046, 1.0037000179290771, 1.0090999603271484]
2026-07-31 01:14:43,995 INFO jepa_wm_pusht fidelity_constrained_shuffled_geometry seed=11401 epoch=12 score=2.687239 ratios=[1.0221999883651733, 1.0053999423980713, 1.0104999542236328]
2026-07-31 01:15:14,312 INFO jepa_wm_pusht fidelity_constrained_shuffled_geometry seed=11401 epoch=14 score=2.697763 ratios=[1.021399974822998, 1.0059000253677368, 1.0117000341415405]
2026-07-31 01:15:44,807 INFO jepa_wm_pusht fidelity_constrained_shuffled_geometry seed=11401 epoch=16 score=2.704694 ratios=[1.020300030708313, 1.004699945449829, 1.0103000402450562]
2026-07-31 01:15:44,921 INFO jepa_wm_pusht fidelity_constrained_shuffled_geometry seed=11401 early-stopped at epoch 16
2026-07-31 01:16:17,204 INFO jepa_wm_pusht fidelity_constrained_matched_geometry seed=11401 epoch=2 score=0.857650 ratios=[0.994700014591217, 0.9819999933242798, 0.968999981880188]
2026-07-31 01:16:47,527 INFO jepa_wm_pusht fidelity_constrained_matched_geometry seed=11401 epoch=4 score=0.849493 ratios=[0.9944999814033508, 0.9771999716758728, 0.9627000093460083]
2026-07-31 01:17:17,757 INFO jepa_wm_pusht fidelity_constrained_matched_geometry seed=11401 epoch=6 score=0.844253 ratios=[0.9972000122070312, 0.9753999710083008, 0.9603999853134155]
2026-07-31 01:17:48,260 INFO jepa_wm_pusht fidelity_constrained_matched_geometry seed=11401 epoch=8 score=0.841740 ratios=[1.001099944114685, 0.9789000153541565, 0.9649999737739563]
2026-07-31 01:18:18,729 INFO jepa_wm_pusht fidelity_constrained_matched_geometry seed=11401 epoch=10 score=0.835207 ratios=[1.003000020980835, 0.9751999974250793, 0.9538000226020813]
2026-07-31 01:18:48,975 INFO jepa_wm_pusht fidelity_constrained_matched_geometry seed=11401 epoch=12 score=0.834828 ratios=[1.0023000240325928, 0.9757999777793884, 0.9560999870300293]
2026-07-31 01:19:19,322 INFO jepa_wm_pusht fidelity_constrained_matched_geometry seed=11401 epoch=14 score=0.832326 ratios=[1.0019999742507935, 0.9735000133514404, 0.9524999856948853]
2026-07-31 01:19:49,569 INFO jepa_wm_pusht fidelity_constrained_matched_geometry seed=11401 epoch=16 score=0.830261 ratios=[1.0013999938964844, 0.9710999727249146, 0.9470999836921692]
2026-07-31 01:20:20,046 INFO jepa_wm_pusht fidelity_constrained_matched_geometry seed=11401 epoch=18 score=0.829436 ratios=[1.0006999969482422, 0.9704999923706055, 0.9466999769210815]
2026-07-31 01:20:50,407 INFO jepa_wm_pusht fidelity_constrained_matched_geometry seed=11401 epoch=20 score=0.827647 ratios=[1.0003000497817993, 0.9681000113487244, 0.9427000284194946]
2026-07-31 01:21:20,806 INFO jepa_wm_pusht fidelity_constrained_matched_geometry seed=11401 epoch=22 score=0.826722 ratios=[1.0003999471664429, 0.9675999879837036, 0.9417999982833862]
2026-07-31 01:21:51,189 INFO jepa_wm_pusht fidelity_constrained_matched_geometry seed=11401 epoch=24 score=0.827016 ratios=[1.000499963760376, 0.968999981880188, 0.9444000124931335]
2026-07-31 01:21:51,554 INFO Expanded environment variable 'JEPAWM_LOGS' to '/content/cf_faithfulness_cache/unused_jepawm_logs' at folder
2026-07-31 01:21:51,555 INFO Using hardcoded dimensions for wall: action_dim=2, proprio_dim=2
2026-07-31 01:21:51,555 INFO Preprocessor attributes for wall:
2026-07-31 01:21:51,556 INFO   action_mean: tensor([-0.0056,  0.0132])
2026-07-31 01:21:51,556 INFO   action_std: tensor([0.7523, 0.7467])
2026-07-31 01:21:51,556 INFO   proprio_mean: tensor([31.8945, 31.8140])
2026-07-31 01:21:51,556 INFO   proprio_std: tensor([17.6635, 17.2752])
2026-07-31 01:21:51,557 INFO   state_mean: tensor([31.8945, 31.8140])
2026-07-31 01:21:51,557 INFO   state_std: tensor([17.6635, 17.2752])
2026-07-31 01:21:51,756 INFO using MLP layer as FFN
2026-07-31 01:21:51,884 INFO Encoder: DinoEncoder(
  (base_model): DinoVisionTransformer(
    (patch_embed): PatchEmbed(
      (proj): Conv2d(3, 384, kernel_size=(14, 14), stride=(14, 14))
      (norm): Identity()
    )
    (blocks): ModuleList(
      (0-11): 12 x NestedTensorBlock(
        (norm1): LayerNorm((384,), eps=1e-06, elementwise_affine=True)
        (attn): MemEffAttention(
          (qkv): Linear(in_features=384, out_features=1152, bias=True)
          (proj): Linear(in_features=384, out_features=384, bias=True)
          (proj_drop): Dropout(p=0.0, inplace=False)
        )
        (ls1): LayerScale()
        (drop_path1): Identity()
        (norm2): LayerNorm((384,), eps=1e-06, elementwise_affine=True)
        (mlp): Mlp(
          (fc1): Linear(in_features=384, out_features=1536, bias=True)
          (act): GELU(approximate='none')
          (fc2): Linear(in_features=1536, out_features=384, bias=True)
          (drop): Dropout(p=0.0, inplace=False)
        )
        (ls2): LayerScale()
        (drop_path2): Identity()
      )
    )
    (norm): LayerNorm((384,), eps=1e-06, elementwise_affine=True)
    (head): Identity()
  )
)
2026-07-31 01:21:51,884 INFO 🧠 Encoder: DinoEncoder (22,056,576 params, frozen=True)
2026-07-31 01:21:51,977 INFO 🔧 Initialized 6 AdaLN blocks (scale_factor=10)
2026-07-31 01:21:51,984 INFO Predictor: VisionTransformerAdaLN(
  (predictor_embed): Linear(in_features=384, out_features=384, bias=True)
  (action_encoder): Linear(in_features=10, out_features=400, bias=True)
  (predictor_blocks): ModuleList(
    (0-5): 6 x FWAdaLNBlock(
      (norm1): LayerNorm((400,), eps=1e-06, elementwise_affine=True)
      (attn): RoPEAttention(
        (qkv): Linear(in_features=400, out_features=1200, bias=True)
        (attn_drop): Dropout(p=0.0, inplace=False)
        (proj): Linear(in_features=400, out_features=400, bias=True)
        (proj_drop): Dropout(p=0.0, inplace=False)
      )
      (drop_path): Identity()
      (norm2): LayerNorm((400,), eps=1e-06, elementwise_affine=True)
      (mlp): MLP(
        (fc1): Linear(in_features=400, out_features=1600, bias=True)
        (act): GELU(approximate='none')
        (fc2): Linear(in_features=1600, out_features=400, bias=True)
        (drop): Dropout(p=0.0, inplace=False)
      )
      (adaLN_modulation): Sequential(
        (0): SiLU()
        (1): Linear(in_features=400, out_features=2400, bias=True)
      )
    )
  )
  (predictor_norm): LayerNorm((400,), eps=1e-06, elementwise_affine=True)
  (predictor_proj): Linear(in_features=384, out_features=384, bias=True)
)
2026-07-31 01:21:51,984 INFO 🔮 Predictor: VisionTransformerAdaLN (17,626,480 params)
2026-07-31 01:21:51,985 INFO Loading checkpoint from local path: /content/cf_faithfulness_cache/huggingface/hub/models--facebook--jepa-wms/snapshots/9b9c41ef249466630dbf1a20e78391865d07b3b9/jepa_wm_wall.pth.tar
2026-07-31 01:21:52,017 INFO loaded pretrained predictor from epoch 50 with msg: <All keys matched successfully>
2026-07-31 01:21:52,017 INFO loaded pretrained proprio encoder from epoch 50 with msg: <All keys matched successfully>
2026-07-31 01:21:52,018 INFO 📉 Loss weights: L2=1.0
2026-07-31 01:21:52,019 INFO Loaded encoder and predictor
2026-07-31 01:22:23,828 INFO jepa_wm_wall fidelity_constrained_latent_only seed=11401 epoch=2 score=0.174363 ratios=[0.9538999795913696, 0.9717000126838684, 0.9724000096321106]
2026-07-31 01:22:53,805 INFO jepa_wm_wall fidelity_constrained_latent_only seed=11401 epoch=4 score=0.169770 ratios=[0.9128999710083008, 0.9433000087738037, 0.9587000012397766]
2026-07-31 01:23:23,864 INFO jepa_wm_wall fidelity_constrained_latent_only seed=11401 epoch=6 score=0.164808 ratios=[0.8758000135421753, 0.9121999740600586, 0.9401999711990356]
2026-07-31 01:23:53,949 INFO jepa_wm_wall fidelity_constrained_latent_only seed=11401 epoch=8 score=0.159451 ratios=[0.8446999788284302, 0.8797000050544739, 0.9139000177383423]
2026-07-31 01:24:24,065 INFO jepa_wm_wall fidelity_constrained_latent_only seed=11401 epoch=10 score=0.155725 ratios=[0.8213000297546387, 0.8544999957084656, 0.8989999890327454]
2026-07-31 01:24:54,149 INFO jepa_wm_wall fidelity_constrained_latent_only seed=11401 epoch=12 score=0.152121 ratios=[0.8016999959945679, 0.83160001039505, 0.8813999891281128]
2026-07-31 01:25:24,110 INFO jepa_wm_wall fidelity_constrained_latent_only seed=11401 epoch=14 score=0.149186 ratios=[0.7853999733924866, 0.8145999908447266, 0.8658999800682068]
2026-07-31 01:25:54,189 INFO jepa_wm_wall fidelity_constrained_latent_only seed=11401 epoch=16 score=0.146681 ratios=[0.7712000012397766, 0.8008000254631042, 0.8518999814987183]
2026-07-31 01:26:24,219 INFO jepa_wm_wall fidelity_constrained_latent_only seed=11401 epoch=18 score=0.145287 ratios=[0.7608000040054321, 0.7901999950408936, 0.8485000133514404]
2026-07-31 01:26:54,583 INFO jepa_wm_wall fidelity_constrained_latent_only seed=11401 epoch=20 score=0.144162 ratios=[0.7531999945640564, 0.7806000113487244, 0.8460999727249146]
2026-07-31 01:27:24,564 INFO jepa_wm_wall fidelity_constrained_latent_only seed=11401 epoch=22 score=0.143123 ratios=[0.7468000054359436, 0.7727000117301941, 0.8427000045776367]
2026-07-31 01:27:54,662 INFO jepa_wm_wall fidelity_constrained_latent_only seed=11401 epoch=24 score=0.141907 ratios=[0.7418000102043152, 0.7657999992370605, 0.835099995136261]
2026-07-31 01:28:24,783 INFO jepa_wm_wall fidelity_constrained_latent_only seed=11401 epoch=26 score=0.140617 ratios=[0.7365999817848206, 0.7584999799728394, 0.8269000053405762]
2026-07-31 01:28:54,979 INFO jepa_wm_wall fidelity_constrained_latent_only seed=11401 epoch=28 score=0.139233 ratios=[0.7318999767303467, 0.7513999938964844, 0.8169000148773193]
2026-07-31 01:29:24,840 INFO jepa_wm_wall fidelity_constrained_latent_only seed=11401 epoch=30 score=0.138638 ratios=[0.7285000085830688, 0.746399998664856, 0.8151999711990356]
2026-07-31 01:29:54,772 INFO jepa_wm_wall fidelity_constrained_latent_only seed=11401 epoch=32 score=0.137763 ratios=[0.7246999740600586, 0.741100013256073, 0.8101999759674072]
2026-07-31 01:30:27,038 INFO jepa_wm_wall fidelity_constrained_shuffled_geometry seed=11401 epoch=2 score=5.910372 ratios=[1.0037000179290771, 0.9921000003814697, 0.989799976348877]
2026-07-31 01:30:57,204 INFO jepa_wm_wall fidelity_constrained_shuffled_geometry seed=11401 epoch=4 score=5.763829 ratios=[1.0056999921798706, 0.98580002784729, 0.9854000210762024]
2026-07-31 01:31:27,569 INFO jepa_wm_wall fidelity_constrained_shuffled_geometry seed=11401 epoch=6 score=5.626198 ratios=[1.0097999572753906, 0.9830999970436096, 0.9861000180244446]
2026-07-31 01:31:57,882 INFO jepa_wm_wall fidelity_constrained_shuffled_geometry seed=11401 epoch=8 score=5.508261 ratios=[1.0135999917984009, 0.9825999736785889, 0.9926999807357788]
2026-07-31 01:32:28,195 INFO jepa_wm_wall fidelity_constrained_shuffled_geometry seed=11401 epoch=10 score=5.374247 ratios=[1.0184999704360962, 0.9830999970436096, 0.9994999766349792]
2026-07-31 01:32:58,519 INFO jepa_wm_wall fidelity_constrained_shuffled_geometry seed=11401 epoch=12 score=5.238422 ratios=[1.0254000425338745, 0.9847000241279602, 1.0008000135421753]
2026-07-31 01:33:28,837 INFO jepa_wm_wall fidelity_constrained_shuffled_geometry seed=11401 epoch=14 score=5.305986 ratios=[1.0218000411987305, 0.9843000173568726, 1.0008000135421753]
2026-07-31 01:33:59,296 INFO jepa_wm_wall fidelity_constrained_shuffled_geometry seed=11401 epoch=16 score=5.339129 ratios=[1.0200999975204468, 0.983299970626831, 0.9991999864578247]
2026-07-31 01:33:59,422 INFO jepa_wm_wall fidelity_constrained_shuffled_geometry seed=11401 early-stopped at epoch 16
2026-07-31 01:34:31,551 INFO jepa_wm_wall fidelity_constrained_matched_geometry seed=11401 epoch=2 score=2.388386 ratios=[1.0011999607086182, 0.9879000186920166, 0.9793999791145325]
2026-07-31 01:35:01,700 INFO jepa_wm_wall fidelity_constrained_matched_geometry seed=11401 epoch=4 score=2.328766 ratios=[0.9991000294685364, 0.9800999760627747, 0.9728000164031982]
2026-07-31 01:35:31,889 INFO jepa_wm_wall fidelity_constrained_matched_geometry seed=11401 epoch=6 score=2.289482 ratios=[0.9976999759674072, 0.9746999740600586, 0.9732000231742859]
2026-07-31 01:36:02,373 INFO jepa_wm_wall fidelity_constrained_matched_geometry seed=11401 epoch=8 score=2.246065 ratios=[0.9973000288009644, 0.9692000150680542, 0.9696999788284302]
2026-07-31 01:36:32,659 INFO jepa_wm_wall fidelity_constrained_matched_geometry seed=11401 epoch=10 score=2.207088 ratios=[0.9976000189781189, 0.9642999768257141, 0.9638000130653381]
2026-07-31 01:37:03,024 INFO jepa_wm_wall fidelity_constrained_matched_geometry seed=11401 epoch=12 score=2.171137 ratios=[0.9979000091552734, 0.9599999785423279, 0.9609000086784363]
2026-07-31 01:37:33,344 INFO jepa_wm_wall fidelity_constrained_matched_geometry seed=11401 epoch=14 score=2.155848 ratios=[1.003100037574768, 0.9589999914169312, 0.9664000272750854]
2026-07-31 01:38:03,549 INFO jepa_wm_wall fidelity_constrained_matched_geometry seed=11401 epoch=16 score=2.137728 ratios=[1.0094000101089478, 0.9595000147819519, 0.98580002784729]
2026-07-31 01:38:34,095 INFO jepa_wm_wall fidelity_constrained_matched_geometry seed=11401 epoch=18 score=2.102320 ratios=[1.0168999433517456, 0.9621999859809875, 1.003000020980835]
2026-07-31 01:39:04,298 INFO jepa_wm_wall fidelity_constrained_matched_geometry seed=11401 epoch=20 score=2.070637 ratios=[1.0255999565124512, 0.965399980545044, 1.003000020980835]
2026-07-31 01:39:34,438 INFO jepa_wm_wall fidelity_constrained_matched_geometry seed=11401 epoch=22 score=2.084068 ratios=[1.0211000442504883, 0.9635000228881836, 1.0020999908447266]
2026-07-31 01:40:04,751 INFO jepa_wm_wall fidelity_constrained_matched_geometry seed=11401 epoch=24 score=2.091360 ratios=[1.0191999673843384, 0.9628999829292297, 1.0024000406265259]
2026-07-31 01:40:35,034 INFO jepa_wm_wall fidelity_constrained_matched_geometry seed=11401 epoch=26 score=2.082791 ratios=[1.021399974822998, 0.9635999798774719, 1.0022000074386597]
2026-07-31 01:41:05,583 INFO jepa_wm_wall fidelity_constrained_matched_geometry seed=11401 epoch=28 score=2.086977 ratios=[1.020300030708313, 0.9631999731063843, 1.0023000240325928]
2026-07-31 01:41:35,907 INFO jepa_wm_wall fidelity_constrained_matched_geometry seed=11401 epoch=30 score=2.089202 ratios=[1.0197999477386475, 0.963100016117096, 1.0024000406265259]
2026-07-31 01:42:06,304 INFO jepa_wm_wall fidelity_constrained_matched_geometry seed=11401 epoch=32 score=2.086799 ratios=[1.020300030708313, 0.9631999731063843, 1.0022000074386597]
2026-07-31 01:42:07,022 INFO Expanded environment variable 'JEPAWM_LOGS' to '/content/cf_faithfulness_cache/unused_jepawm_logs' at folder
2026-07-31 01:42:07,023 INFO Using hardcoded dimensions for pusht: action_dim=2, proprio_dim=4
2026-07-31 01:42:07,024 INFO Preprocessor attributes for pusht:
2026-07-31 01:42:07,024 INFO   action_mean: tensor([-0.0087,  0.0068])
2026-07-31 01:42:07,025 INFO   action_std: tensor([0.2019, 0.2002])
2026-07-31 01:42:07,025 INFO   proprio_mean: tensor([236.6155, 264.5674,  -2.9303,   2.5431])
2026-07-31 01:42:07,025 INFO   proprio_std: tensor([101.1202,  87.0112,  74.8456,  74.1401])
2026-07-31 01:42:07,026 INFO   state_mean: tensor([236.6155, 264.5674, 255.1307, 266.3721,   1.9584,  -2.9303,   2.5431])
2026-07-31 01:42:07,026 INFO   state_std: tensor([101.1202,  87.0112,  52.7054,  57.4971,   1.7556,  74.8456,  74.1401])
2026-07-31 01:42:07,226 INFO using MLP layer as FFN
2026-07-31 01:42:07,413 INFO Encoder: DinoEncoder(
  (base_model): DinoVisionTransformer(
    (patch_embed): PatchEmbed(
      (proj): Conv2d(3, 384, kernel_size=(14, 14), stride=(14, 14))
      (norm): Identity()
    )
    (blocks): ModuleList(
      (0-11): 12 x NestedTensorBlock(
        (norm1): LayerNorm((384,), eps=1e-06, elementwise_affine=True)
        (attn): MemEffAttention(
          (qkv): Linear(in_features=384, out_features=1152, bias=True)
          (proj): Linear(in_features=384, out_features=384, bias=True)
          (proj_drop): Dropout(p=0.0, inplace=False)
        )
        (ls1): LayerScale()
        (drop_path1): Identity()
        (norm2): LayerNorm((384,), eps=1e-06, elementwise_affine=True)
        (mlp): Mlp(
          (fc1): Linear(in_features=384, out_features=1536, bias=True)
          (act): GELU(approximate='none')
          (fc2): Linear(in_features=1536, out_features=384, bias=True)
          (drop): Dropout(p=0.0, inplace=False)
        )
        (ls2): LayerScale()
        (drop_path2): Identity()
      )
    )
    (norm): LayerNorm((384,), eps=1e-06, elementwise_affine=True)
    (head): Identity()
  )
)
2026-07-31 01:42:07,414 INFO 🧠 Encoder: DinoEncoder (22,056,576 params, frozen=True)
2026-07-31 01:42:07,535 INFO 🔧 Initialized 6 AdaLN blocks (scale_factor=10)
2026-07-31 01:42:07,541 INFO Predictor: VisionTransformerAdaLN(
  (predictor_embed): Linear(in_features=384, out_features=384, bias=True)
  (action_encoder): Linear(in_features=10, out_features=400, bias=True)
  (predictor_blocks): ModuleList(
    (0-5): 6 x FWAdaLNBlock(
      (norm1): LayerNorm((400,), eps=1e-06, elementwise_affine=True)
      (attn): RoPEAttention(
        (qkv): Linear(in_features=400, out_features=1200, bias=True)
        (attn_drop): Dropout(p=0.0, inplace=False)
        (proj): Linear(in_features=400, out_features=400, bias=True)
        (proj_drop): Dropout(p=0.0, inplace=False)
      )
      (drop_path): Identity()
      (norm2): LayerNorm((400,), eps=1e-06, elementwise_affine=True)
      (mlp): MLP(
        (fc1): Linear(in_features=400, out_features=1600, bias=True)
        (act): GELU(approximate='none')
        (fc2): Linear(in_features=1600, out_features=400, bias=True)
        (drop): Dropout(p=0.0, inplace=False)
      )
      (adaLN_modulation): Sequential(
        (0): SiLU()
        (1): Linear(in_features=400, out_features=2400, bias=True)
      )
    )
  )
  (predictor_norm): LayerNorm((400,), eps=1e-06, elementwise_affine=True)
  (predictor_proj): Linear(in_features=384, out_features=384, bias=True)
)
2026-07-31 01:42:07,541 INFO 🔮 Predictor: VisionTransformerAdaLN (17,626,480 params)
2026-07-31 01:42:07,542 INFO Loading checkpoint from local path: /content/cf_faithfulness_cache/huggingface/hub/models--facebook--jepa-wms/snapshots/9b9c41ef249466630dbf1a20e78391865d07b3b9/jepa_wm_pusht.pth.tar
2026-07-31 01:42:07,573 INFO loaded pretrained predictor from epoch 50 with msg: <All keys matched successfully>
2026-07-31 01:42:07,574 INFO loaded pretrained proprio encoder from epoch 50 with msg: <All keys matched successfully>
2026-07-31 01:42:07,574 INFO 📉 Loss weights: L2=1.0
2026-07-31 01:42:07,575 INFO Loaded encoder and predictor
2026-07-31 01:42:16,649 INFO Expanded environment variable 'JEPAWM_LOGS' to '/content/cf_faithfulness_cache/unused_jepawm_logs' at folder
2026-07-31 01:42:16,650 INFO Using hardcoded dimensions for wall: action_dim=2, proprio_dim=2
2026-07-31 01:42:16,650 INFO Preprocessor attributes for wall:
2026-07-31 01:42:16,651 INFO   action_mean: tensor([-0.0056,  0.0132])
2026-07-31 01:42:16,651 INFO   action_std: tensor([0.7523, 0.7467])
2026-07-31 01:42:16,652 INFO   proprio_mean: tensor([31.8945, 31.8140])
2026-07-31 01:42:16,652 INFO   proprio_std: tensor([17.6635, 17.2752])
2026-07-31 01:42:16,652 INFO   state_mean: tensor([31.8945, 31.8140])
2026-07-31 01:42:16,653 INFO   state_std: tensor([17.6635, 17.2752])
2026-07-31 01:42:17,273 INFO using MLP layer as FFN
2026-07-31 01:42:17,399 INFO Encoder: DinoEncoder(
  (base_model): DinoVisionTransformer(
    (patch_embed): PatchEmbed(
      (proj): Conv2d(3, 384, kernel_size=(14, 14), stride=(14, 14))
      (norm): Identity()
    )
    (blocks): ModuleList(
      (0-11): 12 x NestedTensorBlock(
        (norm1): LayerNorm((384,), eps=1e-06, elementwise_affine=True)
        (attn): MemEffAttention(
          (qkv): Linear(in_features=384, out_features=1152, bias=True)
          (proj): Linear(in_features=384, out_features=384, bias=True)
          (proj_drop): Dropout(p=0.0, inplace=False)
        )
        (ls1): LayerScale()
        (drop_path1): Identity()
        (norm2): LayerNorm((384,), eps=1e-06, elementwise_affine=True)
        (mlp): Mlp(
          (fc1): Linear(in_features=384, out_features=1536, bias=True)
          (act): GELU(approximate='none')
          (fc2): Linear(in_features=1536, out_features=384, bias=True)
          (drop): Dropout(p=0.0, inplace=False)
        )
        (ls2): LayerScale()
        (drop_path2): Identity()
      )
    )
    (norm): LayerNorm((384,), eps=1e-06, elementwise_affine=True)
    (head): Identity()
  )
)
2026-07-31 01:42:17,400 INFO 🧠 Encoder: DinoEncoder (22,056,576 params, frozen=True)
2026-07-31 01:42:17,491 INFO 🔧 Initialized 6 AdaLN blocks (scale_factor=10)
2026-07-31 01:42:17,497 INFO Predictor: VisionTransformerAdaLN(
  (predictor_embed): Linear(in_features=384, out_features=384, bias=True)
  (action_encoder): Linear(in_features=10, out_features=400, bias=True)
  (predictor_blocks): ModuleList(
    (0-5): 6 x FWAdaLNBlock(
      (norm1): LayerNorm((400,), eps=1e-06, elementwise_affine=True)
      (attn): RoPEAttention(
        (qkv): Linear(in_features=400, out_features=1200, bias=True)
        (attn_drop): Dropout(p=0.0, inplace=False)
        (proj): Linear(in_features=400, out_features=400, bias=True)
        (proj_drop): Dropout(p=0.0, inplace=False)
      )
      (drop_path): Identity()
      (norm2): LayerNorm((400,), eps=1e-06, elementwise_affine=True)
      (mlp): MLP(
        (fc1): Linear(in_features=400, out_features=1600, bias=True)
        (act): GELU(approximate='none')
        (fc2): Linear(in_features=1600, out_features=400, bias=True)
        (drop): Dropout(p=0.0, inplace=False)
      )
      (adaLN_modulation): Sequential(
        (0): SiLU()
        (1): Linear(in_features=400, out_features=2400, bias=True)
      )
    )
  )
  (predictor_norm): LayerNorm((400,), eps=1e-06, elementwise_affine=True)
  (predictor_proj): Linear(in_features=384, out_features=384, bias=True)
)
2026-07-31 01:42:17,497 INFO 🔮 Predictor: VisionTransformerAdaLN (17,626,480 params)
2026-07-31 01:42:17,498 INFO Loading checkpoint from local path: /content/cf_faithfulness_cache/huggingface/hub/models--facebook--jepa-wms/snapshots/9b9c41ef249466630dbf1a20e78391865d07b3b9/jepa_wm_wall.pth.tar
2026-07-31 01:42:17,530 INFO loaded pretrained predictor from epoch 50 with msg: <All keys matched successfully>
2026-07-31 01:42:17,531 INFO loaded pretrained proprio encoder from epoch 50 with msg: <All keys matched successfully>
2026-07-31 01:42:17,531 INFO 📉 Loss weights: L2=1.0
2026-07-31 01:42:17,532 INFO Loaded encoder and predictor
2026-07-31 01:42:26,642 INFO Expanded environment variable 'JEPAWM_LOGS' to '/content/cf_faithfulness_cache/unused_jepawm_logs' at folder
2026-07-31 01:42:26,643 INFO Using hardcoded dimensions for pusht: action_dim=2, proprio_dim=4
2026-07-31 01:42:26,643 INFO Preprocessor attributes for pusht:
2026-07-31 01:42:26,644 INFO   action_mean: tensor([-0.0087,  0.0068])
2026-07-31 01:42:26,644 INFO   action_std: tensor([0.2019, 0.2002])
2026-07-31 01:42:26,645 INFO   proprio_mean: tensor([236.6155, 264.5674,  -2.9303,   2.5431])
2026-07-31 01:42:26,645 INFO   proprio_std: tensor([101.1202,  87.0112,  74.8456,  74.1401])
2026-07-31 01:42:26,645 INFO   state_mean: tensor([236.6155, 264.5674, 255.1307, 266.3721,   1.9584,  -2.9303,   2.5431])
2026-07-31 01:42:26,646 INFO   state_std: tensor([101.1202,  87.0112,  52.7054,  57.4971,   1.7556,  74.8456,  74.1401])
2026-07-31 01:42:26,846 INFO using MLP layer as FFN
2026-07-31 01:42:27,009 INFO Encoder: DinoEncoder(
  (base_model): DinoVisionTransformer(
    (patch_embed): PatchEmbed(
      (proj): Conv2d(3, 384, kernel_size=(14, 14), stride=(14, 14))
      (norm): Identity()
    )
    (blocks): ModuleList(
      (0-11): 12 x NestedTensorBlock(
        (norm1): LayerNorm((384,), eps=1e-06, elementwise_affine=True)
        (attn): MemEffAttention(
          (qkv): Linear(in_features=384, out_features=1152, bias=True)
          (proj): Linear(in_features=384, out_features=384, bias=True)
          (proj_drop): Dropout(p=0.0, inplace=False)
        )
        (ls1): LayerScale()
        (drop_path1): Identity()
        (norm2): LayerNorm((384,), eps=1e-06, elementwise_affine=True)
        (mlp): Mlp(
          (fc1): Linear(in_features=384, out_features=1536, bias=True)
          (act): GELU(approximate='none')
          (fc2): Linear(in_features=1536, out_features=384, bias=True)
          (drop): Dropout(p=0.0, inplace=False)
        )
        (ls2): LayerScale()
        (drop_path2): Identity()
      )
    )
    (norm): LayerNorm((384,), eps=1e-06, elementwise_affine=True)
    (head): Identity()
  )
)
2026-07-31 01:42:27,010 INFO 🧠 Encoder: DinoEncoder (22,056,576 params, frozen=True)
2026-07-31 01:42:27,118 INFO 🔧 Initialized 6 AdaLN blocks (scale_factor=10)
2026-07-31 01:42:27,125 INFO Predictor: VisionTransformerAdaLN(
  (predictor_embed): Linear(in_features=384, out_features=384, bias=True)
  (action_encoder): Linear(in_features=10, out_features=400, bias=True)
  (predictor_blocks): ModuleList(
    (0-5): 6 x FWAdaLNBlock(
      (norm1): LayerNorm((400,), eps=1e-06, elementwise_affine=True)
      (attn): RoPEAttention(
        (qkv): Linear(in_features=400, out_features=1200, bias=True)
        (attn_drop): Dropout(p=0.0, inplace=False)
        (proj): Linear(in_features=400, out_features=400, bias=True)
        (proj_drop): Dropout(p=0.0, inplace=False)
      )
      (drop_path): Identity()
      (norm2): LayerNorm((400,), eps=1e-06, elementwise_affine=True)
      (mlp): MLP(
        (fc1): Linear(in_features=400, out_features=1600, bias=True)
        (act): GELU(approximate='none')
        (fc2): Linear(in_features=1600, out_features=400, bias=True)
        (drop): Dropout(p=0.0, inplace=False)
      )
      (adaLN_modulation): Sequential(
        (0): SiLU()
        (1): Linear(in_features=400, out_features=2400, bias=True)
      )
    )
  )
  (predictor_norm): LayerNorm((400,), eps=1e-06, elementwise_affine=True)
  (predictor_proj): Linear(in_features=384, out_features=384, bias=True)
)
2026-07-31 01:42:27,125 INFO 🔮 Predictor: VisionTransformerAdaLN (17,626,480 params)
2026-07-31 01:42:27,125 INFO Loading checkpoint from local path: /content/cf_faithfulness_cache/huggingface/hub/models--facebook--jepa-wms/snapshots/9b9c41ef249466630dbf1a20e78391865d07b3b9/jepa_wm_pusht.pth.tar
2026-07-31 01:42:27,158 INFO loaded pretrained predictor from epoch 50 with msg: <All keys matched successfully>
2026-07-31 01:42:27,158 INFO loaded pretrained proprio encoder from epoch 50 with msg: <All keys matched successfully>
2026-07-31 01:42:27,159 INFO 📉 Loss weights: L2=1.0
2026-07-31 01:42:27,160 INFO Loaded encoder and predictor
2026-07-31 01:43:00,840 INFO jepa_wm_pusht fidelity_constrained_latent_only seed=11419 epoch=2 score=0.058430 ratios=[0.9724000096321106, 0.9652000069618225, 0.9491000175476074]
2026-07-31 01:43:30,794 INFO jepa_wm_pusht fidelity_constrained_latent_only seed=11419 epoch=4 score=0.057006 ratios=[0.9539999961853027, 0.942799985408783, 0.9217000007629395]
2026-07-31 01:44:00,807 INFO jepa_wm_pusht fidelity_constrained_latent_only seed=11419 epoch=6 score=0.056134 ratios=[0.9405999779701233, 0.9277999997138977, 0.9075000286102295]
2026-07-31 01:44:30,747 INFO jepa_wm_pusht fidelity_constrained_latent_only seed=11419 epoch=8 score=0.055475 ratios=[0.9315000176429749, 0.9175000190734863, 0.8950999975204468]
2026-07-31 01:45:00,986 INFO jepa_wm_pusht fidelity_constrained_latent_only seed=11419 epoch=10 score=0.055090 ratios=[0.9243999719619751, 0.9115999937057495, 0.8888999819755554]
2026-07-31 01:45:31,012 INFO jepa_wm_pusht fidelity_constrained_latent_only seed=11419 epoch=12 score=0.054624 ratios=[0.9190999865531921, 0.9045000076293945, 0.8794000148773193]
2026-07-31 01:46:01,063 INFO jepa_wm_pusht fidelity_constrained_latent_only seed=11419 epoch=14 score=0.054408 ratios=[0.9150999784469604, 0.9013000130653381, 0.8758000135421753]
2026-07-31 01:46:31,108 INFO jepa_wm_pusht fidelity_constrained_latent_only seed=11419 epoch=16 score=0.054169 ratios=[0.9121000170707703, 0.8974000215530396, 0.8712000250816345]
2026-07-31 01:47:01,169 INFO jepa_wm_pusht fidelity_constrained_latent_only seed=11419 epoch=18 score=0.053925 ratios=[0.9090999960899353, 0.8942000269889832, 0.8659999966621399]
2026-07-31 01:47:31,420 INFO jepa_wm_pusht fidelity_constrained_latent_only seed=11419 epoch=20 score=0.053902 ratios=[0.9067999720573425, 0.8930000066757202, 0.8673999905586243]
2026-07-31 01:48:01,438 INFO jepa_wm_pusht fidelity_constrained_latent_only seed=11419 epoch=22 score=0.053618 ratios=[0.9050999879837036, 0.8888999819755554, 0.8604999780654907]
2026-07-31 01:48:31,495 INFO jepa_wm_pusht fidelity_constrained_latent_only seed=11419 epoch=24 score=0.053610 ratios=[0.9031999707221985, 0.8895000219345093, 0.8607000112533569]
2026-07-31 01:49:03,929 INFO jepa_wm_pusht fidelity_constrained_shuffled_geometry seed=11419 epoch=2 score=2.957817 ratios=[0.9991999864578247, 0.9817000031471252, 0.9805999994277954]
2026-07-31 01:49:34,309 INFO jepa_wm_pusht fidelity_constrained_shuffled_geometry seed=11419 epoch=4 score=2.857241 ratios=[1.0096999406814575, 0.9944000244140625, 0.9987999796867371]
2026-07-31 01:50:04,561 INFO jepa_wm_pusht fidelity_constrained_shuffled_geometry seed=11419 epoch=6 score=2.789883 ratios=[1.016800045967102, 1.000100016593933, 1.003499984741211]
2026-07-31 01:50:34,817 INFO jepa_wm_pusht fidelity_constrained_shuffled_geometry seed=11419 epoch=8 score=2.732796 ratios=[1.0233999490737915, 1.0069999694824219, 1.0160000324249268]
2026-07-31 01:51:05,022 INFO jepa_wm_pusht fidelity_constrained_shuffled_geometry seed=11419 epoch=10 score=2.758168 ratios=[1.021299958229065, 1.0056999921798706, 1.0140999555587769]
2026-07-31 01:51:35,336 INFO jepa_wm_pusht fidelity_constrained_shuffled_geometry seed=11419 epoch=12 score=2.773098 ratios=[1.0192999839782715, 1.0027999877929688, 1.007200002670288]
2026-07-31 01:52:05,913 INFO jepa_wm_pusht fidelity_constrained_shuffled_geometry seed=11419 epoch=14 score=2.758307 ratios=[1.021399974822998, 1.0052000284194946, 1.0108000040054321]
2026-07-31 01:52:36,307 INFO jepa_wm_pusht fidelity_constrained_shuffled_geometry seed=11419 epoch=16 score=2.765838 ratios=[1.0202000141143799, 1.0039000511169434, 1.0099999904632568]
2026-07-31 01:53:08,543 INFO jepa_wm_pusht fidelity_constrained_matched_geometry seed=11419 epoch=2 score=0.857679 ratios=[0.9944000244140625, 0.9818999767303467, 0.9688000082969666]
2026-07-31 01:53:38,763 INFO jepa_wm_pusht fidelity_constrained_matched_geometry seed=11419 epoch=4 score=0.848561 ratios=[0.9940000176429749, 0.9763000011444092, 0.9606999754905701]
2026-07-31 01:54:09,011 INFO jepa_wm_pusht fidelity_constrained_matched_geometry seed=11419 epoch=6 score=0.842194 ratios=[0.9965999722480774, 0.9745000004768372, 0.9564999938011169]
2026-07-31 01:54:39,452 INFO jepa_wm_pusht fidelity_constrained_matched_geometry seed=11419 epoch=8 score=0.838991 ratios=[1.0003000497817993, 0.9753999710083008, 0.95660001039505]
2026-07-31 01:55:09,708 INFO jepa_wm_pusht fidelity_constrained_matched_geometry seed=11419 epoch=10 score=0.836324 ratios=[1.0017999410629272, 0.9757000207901001, 0.9567999839782715]
2026-07-31 01:55:39,968 INFO jepa_wm_pusht fidelity_constrained_matched_geometry seed=11419 epoch=12 score=0.833396 ratios=[1.0015000104904175, 0.9736999869346619, 0.9526000022888184]
2026-07-31 01:56:10,247 INFO jepa_wm_pusht fidelity_constrained_matched_geometry seed=11419 epoch=14 score=0.830867 ratios=[1.0015000104904175, 0.9711999893188477, 0.9477999806404114]
2026-07-31 01:56:40,747 INFO jepa_wm_pusht fidelity_constrained_matched_geometry seed=11419 epoch=16 score=0.829713 ratios=[1.0010000467300415, 0.9700000286102295, 0.9462000131607056]
2026-07-31 01:57:10,898 INFO jepa_wm_pusht fidelity_constrained_matched_geometry seed=11419 epoch=18 score=0.828793 ratios=[1.0006999969482422, 0.9696000218391418, 0.9452999830245972]
2026-07-31 01:57:41,162 INFO jepa_wm_pusht fidelity_constrained_matched_geometry seed=11419 epoch=20 score=0.827660 ratios=[1.001099944114685, 0.9690999984741211, 0.9448999762535095]
2026-07-31 01:58:11,419 INFO jepa_wm_pusht fidelity_constrained_matched_geometry seed=11419 epoch=22 score=0.825896 ratios=[1.000499963760376, 0.9667999744415283, 0.9404000043869019]
2026-07-31 01:58:41,709 INFO jepa_wm_pusht fidelity_constrained_matched_geometry seed=11419 epoch=24 score=0.826593 ratios=[1.0, 0.9684000015258789, 0.9437999725341797]
2026-07-31 01:58:42,066 INFO Expanded environment variable 'JEPAWM_LOGS' to '/content/cf_faithfulness_cache/unused_jepawm_logs' at folder
2026-07-31 01:58:42,067 INFO Using hardcoded dimensions for wall: action_dim=2, proprio_dim=2
2026-07-31 01:58:42,067 INFO Preprocessor attributes for wall:
2026-07-31 01:58:42,068 INFO   action_mean: tensor([-0.0056,  0.0132])
2026-07-31 01:58:42,068 INFO   action_std: tensor([0.7523, 0.7467])
2026-07-31 01:58:42,068 INFO   proprio_mean: tensor([31.8945, 31.8140])
2026-07-31 01:58:42,069 INFO   proprio_std: tensor([17.6635, 17.2752])
2026-07-31 01:58:42,069 INFO   state_mean: tensor([31.8945, 31.8140])
2026-07-31 01:58:42,069 INFO   state_std: tensor([17.6635, 17.2752])
2026-07-31 01:58:42,269 INFO using MLP layer as FFN
2026-07-31 01:58:42,457 INFO Encoder: DinoEncoder(
  (base_model): DinoVisionTransformer(
    (patch_embed): PatchEmbed(
      (proj): Conv2d(3, 384, kernel_size=(14, 14), stride=(14, 14))
      (norm): Identity()
    )
    (blocks): ModuleList(
      (0-11): 12 x NestedTensorBlock(
        (norm1): LayerNorm((384,), eps=1e-06, elementwise_affine=True)
        (attn): MemEffAttention(
          (qkv): Linear(in_features=384, out_features=1152, bias=True)
          (proj): Linear(in_features=384, out_features=384, bias=True)
          (proj_drop): Dropout(p=0.0, inplace=False)
        )
        (ls1): LayerScale()
        (drop_path1): Identity()
        (norm2): LayerNorm((384,), eps=1e-06, elementwise_affine=True)
        (mlp): Mlp(
          (fc1): Linear(in_features=384, out_features=1536, bias=True)
          (act): GELU(approximate='none')
          (fc2): Linear(in_features=1536, out_features=384, bias=True)
          (drop): Dropout(p=0.0, inplace=False)
        )
        (ls2): LayerScale()
        (drop_path2): Identity()
      )
    )
    (norm): LayerNorm((384,), eps=1e-06, elementwise_affine=True)
    (head): Identity()
  )
)
2026-07-31 01:58:42,457 INFO 🧠 Encoder: DinoEncoder (22,056,576 params, frozen=True)
2026-07-31 01:58:42,549 INFO 🔧 Initialized 6 AdaLN blocks (scale_factor=10)
2026-07-31 01:58:42,555 INFO Predictor: VisionTransformerAdaLN(
  (predictor_embed): Linear(in_features=384, out_features=384, bias=True)
  (action_encoder): Linear(in_features=10, out_features=400, bias=True)
  (predictor_blocks): ModuleList(
    (0-5): 6 x FWAdaLNBlock(
      (norm1): LayerNorm((400,), eps=1e-06, elementwise_affine=True)
      (attn): RoPEAttention(
        (qkv): Linear(in_features=400, out_features=1200, bias=True)
        (attn_drop): Dropout(p=0.0, inplace=False)
        (proj): Linear(in_features=400, out_features=400, bias=True)
        (proj_drop): Dropout(p=0.0, inplace=False)
      )
      (drop_path): Identity()
      (norm2): LayerNorm((400,), eps=1e-06, elementwise_affine=True)
      (mlp): MLP(
        (fc1): Linear(in_features=400, out_features=1600, bias=True)
        (act): GELU(approximate='none')
        (fc2): Linear(in_features=1600, out_features=400, bias=True)
        (drop): Dropout(p=0.0, inplace=False)
      )
      (adaLN_modulation): Sequential(
        (0): SiLU()
        (1): Linear(in_features=400, out_features=2400, bias=True)
      )
    )
  )
  (predictor_norm): LayerNorm((400,), eps=1e-06, elementwise_affine=True)
  (predictor_proj): Linear(in_features=384, out_features=384, bias=True)
)
2026-07-31 01:58:42,555 INFO 🔮 Predictor: VisionTransformerAdaLN (17,626,480 params)
2026-07-31 01:58:42,556 INFO Loading checkpoint from local path: /content/cf_faithfulness_cache/huggingface/hub/models--facebook--jepa-wms/snapshots/9b9c41ef249466630dbf1a20e78391865d07b3b9/jepa_wm_wall.pth.tar
2026-07-31 01:58:42,588 INFO loaded pretrained predictor from epoch 50 with msg: <All keys matched successfully>
2026-07-31 01:58:42,588 INFO loaded pretrained proprio encoder from epoch 50 with msg: <All keys matched successfully>
2026-07-31 01:58:42,589 INFO 📉 Loss weights: L2=1.0
2026-07-31 01:58:42,590 INFO Loaded encoder and predictor
2026-07-31 01:59:16,130 INFO jepa_wm_wall fidelity_constrained_latent_only seed=11419 epoch=2 score=0.174409 ratios=[0.9549999833106995, 0.9717000126838684, 0.9724000096321106]
2026-07-31 01:59:45,946 INFO jepa_wm_wall fidelity_constrained_latent_only seed=11419 epoch=4 score=0.169696 ratios=[0.9121999740600586, 0.9423999786376953, 0.9589999914169312]
2026-07-31 02:00:15,890 INFO jepa_wm_wall fidelity_constrained_latent_only seed=11419 epoch=6 score=0.164266 ratios=[0.871399998664856, 0.9075999855995178, 0.9394999742507935]
2026-07-31 02:00:45,875 INFO jepa_wm_wall fidelity_constrained_latent_only seed=11419 epoch=8 score=0.158899 ratios=[0.8398000001907349, 0.8745999932289124, 0.9138000011444092]
2026-07-31 02:01:16,108 INFO jepa_wm_wall fidelity_constrained_latent_only seed=11419 epoch=10 score=0.154576 ratios=[0.8152999877929688, 0.8463000059127808, 0.89410001039505]
2026-07-31 02:01:46,098 INFO jepa_wm_wall fidelity_constrained_latent_only seed=11419 epoch=12 score=0.151318 ratios=[0.7967000007629395, 0.8259000182151794, 0.8784999847412109]
2026-07-31 02:02:16,025 INFO jepa_wm_wall fidelity_constrained_latent_only seed=11419 epoch=14 score=0.148297 ratios=[0.7813000082969666, 0.8098000288009644, 0.8601999878883362]
2026-07-31 02:02:46,080 INFO jepa_wm_wall fidelity_constrained_latent_only seed=11419 epoch=16 score=0.146160 ratios=[0.7684999704360962, 0.796500027179718, 0.8501999974250793]
2026-07-31 02:03:16,128 INFO jepa_wm_wall fidelity_constrained_latent_only seed=11419 epoch=18 score=0.144603 ratios=[0.7580000162124634, 0.7861999869346619, 0.8442000150680542]
2026-07-31 02:03:46,410 INFO jepa_wm_wall fidelity_constrained_latent_only seed=11419 epoch=20 score=0.143368 ratios=[0.7508000135421753, 0.7767000198364258, 0.8400999903678894]
2026-07-31 02:04:16,425 INFO jepa_wm_wall fidelity_constrained_latent_only seed=11419 epoch=22 score=0.142203 ratios=[0.7441999912261963, 0.7689999938011169, 0.8349000215530396]
2026-07-31 02:04:46,513 INFO jepa_wm_wall fidelity_constrained_latent_only seed=11419 epoch=24 score=0.141003 ratios=[0.7386000156402588, 0.7616000175476074, 0.8281999826431274]
2026-07-31 02:05:16,524 INFO jepa_wm_wall fidelity_constrained_latent_only seed=11419 epoch=26 score=0.139594 ratios=[0.7336000204086304, 0.7541000247001648, 0.8184000253677368]
2026-07-31 02:05:46,824 INFO jepa_wm_wall fidelity_constrained_latent_only seed=11419 epoch=28 score=0.138875 ratios=[0.7289000153541565, 0.7477999925613403, 0.8169999718666077]
2026-07-31 02:06:16,820 INFO jepa_wm_wall fidelity_constrained_latent_only seed=11419 epoch=30 score=0.138080 ratios=[0.7250000238418579, 0.7423999905586243, 0.8131999969482422]
2026-07-31 02:06:46,892 INFO jepa_wm_wall fidelity_constrained_latent_only seed=11419 epoch=32 score=0.137330 ratios=[0.7204999923706055, 0.7368000149726868, 0.8105999827384949]
2026-07-31 02:07:19,299 INFO jepa_wm_wall fidelity_constrained_shuffled_geometry seed=11419 epoch=2 score=5.991952 ratios=[1.0024000406265259, 0.9912999868392944, 0.987500011920929]
2026-07-31 02:07:49,517 INFO jepa_wm_wall fidelity_constrained_shuffled_geometry seed=11419 epoch=4 score=5.850005 ratios=[1.0061999559402466, 0.9846000075340271, 0.9837999939918518]
2026-07-31 02:08:19,952 INFO jepa_wm_wall fidelity_constrained_shuffled_geometry seed=11419 epoch=6 score=5.713926 ratios=[1.0094000101089478, 0.9829000234603882, 0.9865000247955322]
2026-07-31 02:08:50,309 INFO jepa_wm_wall fidelity_constrained_shuffled_geometry seed=11419 epoch=8 score=5.589595 ratios=[1.01419997215271, 0.9832000136375427, 0.9927999973297119]
2026-07-31 02:09:20,700 INFO jepa_wm_wall fidelity_constrained_shuffled_geometry seed=11419 epoch=10 score=5.461174 ratios=[1.0195000171661377, 0.9828000068664551, 0.9970999956130981]
2026-07-31 02:09:51,025 INFO jepa_wm_wall fidelity_constrained_shuffled_geometry seed=11419 epoch=12 score=5.324349 ratios=[1.0271999835968018, 0.9854000210762024, 1.0052000284194946]
2026-07-31 02:10:21,268 INFO jepa_wm_wall fidelity_constrained_shuffled_geometry seed=11419 epoch=14 score=5.393871 ratios=[1.0231000185012817, 0.9837999939918518, 0.9986000061035156]
2026-07-31 02:10:51,743 INFO jepa_wm_wall fidelity_constrained_shuffled_geometry seed=11419 epoch=16 score=5.429016 ratios=[1.0210000276565552, 0.9829999804496765, 0.9975000023841858]
2026-07-31 02:10:51,869 INFO jepa_wm_wall fidelity_constrained_shuffled_geometry seed=11419 early-stopped at epoch 16
2026-07-31 02:11:24,092 INFO jepa_wm_wall fidelity_constrained_matched_geometry seed=11419 epoch=2 score=2.384231 ratios=[1.0009000301361084, 0.9868999719619751, 0.9836999773979187]
2026-07-31 02:11:54,216 INFO jepa_wm_wall fidelity_constrained_matched_geometry seed=11419 epoch=4 score=2.328886 ratios=[0.9994999766349792, 0.9796000123023987, 0.9739000201225281]
2026-07-31 02:12:24,403 INFO jepa_wm_wall fidelity_constrained_matched_geometry seed=11419 epoch=6 score=2.286084 ratios=[0.9951000213623047, 0.9733999967575073, 0.9688000082969666]
2026-07-31 02:12:54,793 INFO jepa_wm_wall fidelity_constrained_matched_geometry seed=11419 epoch=8 score=2.251548 ratios=[0.994700014591217, 0.968500018119812, 0.9692000150680542]
2026-07-31 02:13:24,978 INFO jepa_wm_wall fidelity_constrained_matched_geometry seed=11419 epoch=10 score=2.207272 ratios=[0.9947999715805054, 0.963100016117096, 0.963100016117096]
2026-07-31 02:13:55,236 INFO jepa_wm_wall fidelity_constrained_matched_geometry seed=11419 epoch=12 score=2.177693 ratios=[0.9961000084877014, 0.9598000049591064, 0.9616000056266785]
2026-07-31 02:14:25,528 INFO jepa_wm_wall fidelity_constrained_matched_geometry seed=11419 epoch=14 score=2.154607 ratios=[1.0010000467300415, 0.9577999711036682, 0.9660000205039978]
2026-07-31 02:14:55,800 INFO jepa_wm_wall fidelity_constrained_matched_geometry seed=11419 epoch=16 score=2.147512 ratios=[1.007200002670288, 0.9593999981880188, 0.9941999912261963]
2026-07-31 02:15:26,253 INFO jepa_wm_wall fidelity_constrained_matched_geometry seed=11419 epoch=18 score=2.103089 ratios=[1.0147000551223755, 0.9610999822616577, 1.000599980354309]
2026-07-31 02:15:56,483 INFO jepa_wm_wall fidelity_constrained_matched_geometry seed=11419 epoch=20 score=2.072810 ratios=[1.0224000215530396, 0.9641000032424927, 1.002500057220459]
2026-07-31 02:16:26,781 INFO jepa_wm_wall fidelity_constrained_matched_geometry seed=11419 epoch=22 score=2.080977 ratios=[1.0185999870300293, 0.9621000289916992, 0.9998999834060669]
2026-07-31 02:16:57,099 INFO jepa_wm_wall fidelity_constrained_matched_geometry seed=11419 epoch=24 score=2.071550 ratios=[1.0226999521255493, 0.9642999768257141, 1.0019999742507935]
2026-07-31 02:16:57,824 INFO Expanded environment variable 'JEPAWM_LOGS' to '/content/cf_faithfulness_cache/unused_jepawm_logs' at folder
2026-07-31 02:16:57,825 INFO Using hardcoded dimensions for pusht: action_dim=2, proprio_dim=4
2026-07-31 02:16:57,825 INFO Preprocessor attributes for pusht:
2026-07-31 02:16:57,826 INFO   action_mean: tensor([-0.0087,  0.0068])
2026-07-31 02:16:57,826 INFO   action_std: tensor([0.2019, 0.2002])
2026-07-31 02:16:57,827 INFO   proprio_mean: tensor([236.6155, 264.5674,  -2.9303,   2.5431])
2026-07-31 02:16:57,827 INFO   proprio_std: tensor([101.1202,  87.0112,  74.8456,  74.1401])
2026-07-31 02:16:57,827 INFO   state_mean: tensor([236.6155, 264.5674, 255.1307, 266.3721,   1.9584,  -2.9303,   2.5431])
2026-07-31 02:16:57,828 INFO   state_std: tensor([101.1202,  87.0112,  52.7054,  57.4971,   1.7556,  74.8456,  74.1401])
2026-07-31 02:16:58,025 INFO using MLP layer as FFN
2026-07-31 02:16:58,151 INFO Encoder: DinoEncoder(
  (base_model): DinoVisionTransformer(
    (patch_embed): PatchEmbed(
      (proj): Conv2d(3, 384, kernel_size=(14, 14), stride=(14, 14))
      (norm): Identity()
    )
    (blocks): ModuleList(
      (0-11): 12 x NestedTensorBlock(
        (norm1): LayerNorm((384,), eps=1e-06, elementwise_affine=True)
        (attn): MemEffAttention(
          (qkv): Linear(in_features=384, out_features=1152, bias=True)
          (proj): Linear(in_features=384, out_features=384, bias=True)
          (proj_drop): Dropout(p=0.0, inplace=False)
        )
        (ls1): LayerScale()
        (drop_path1): Identity()
        (norm2): LayerNorm((384,), eps=1e-06, elementwise_affine=True)
        (mlp): Mlp(
          (fc1): Linear(in_features=384, out_features=1536, bias=True)
          (act): GELU(approximate='none')
          (fc2): Linear(in_features=1536, out_features=384, bias=True)
          (drop): Dropout(p=0.0, inplace=False)
        )
        (ls2): LayerScale()
        (drop_path2): Identity()
      )
    )
    (norm): LayerNorm((384,), eps=1e-06, elementwise_affine=True)
    (head): Identity()
  )
)
2026-07-31 02:16:58,152 INFO 🧠 Encoder: DinoEncoder (22,056,576 params, frozen=True)
2026-07-31 02:16:58,244 INFO 🔧 Initialized 6 AdaLN blocks (scale_factor=10)
2026-07-31 02:16:58,250 INFO Predictor: VisionTransformerAdaLN(
  (predictor_embed): Linear(in_features=384, out_features=384, bias=True)
  (action_encoder): Linear(in_features=10, out_features=400, bias=True)
  (predictor_blocks): ModuleList(
    (0-5): 6 x FWAdaLNBlock(
      (norm1): LayerNorm((400,), eps=1e-06, elementwise_affine=True)
      (attn): RoPEAttention(
        (qkv): Linear(in_features=400, out_features=1200, bias=True)
        (attn_drop): Dropout(p=0.0, inplace=False)
        (proj): Linear(in_features=400, out_features=400, bias=True)
        (proj_drop): Dropout(p=0.0, inplace=False)
      )
      (drop_path): Identity()
      (norm2): LayerNorm((400,), eps=1e-06, elementwise_affine=True)
      (mlp): MLP(
        (fc1): Linear(in_features=400, out_features=1600, bias=True)
        (act): GELU(approximate='none')
        (fc2): Linear(in_features=1600, out_features=400, bias=True)
        (drop): Dropout(p=0.0, inplace=False)
      )
      (adaLN_modulation): Sequential(
        (0): SiLU()
        (1): Linear(in_features=400, out_features=2400, bias=True)
      )
    )
  )
  (predictor_norm): LayerNorm((400,), eps=1e-06, elementwise_affine=True)
  (predictor_proj): Linear(in_features=384, out_features=384, bias=True)
)
2026-07-31 02:16:58,251 INFO 🔮 Predictor: VisionTransformerAdaLN (17,626,480 params)
2026-07-31 02:16:58,251 INFO Loading checkpoint from local path: /content/cf_faithfulness_cache/huggingface/hub/models--facebook--jepa-wms/snapshots/9b9c41ef249466630dbf1a20e78391865d07b3b9/jepa_wm_pusht.pth.tar
2026-07-31 02:16:58,283 INFO loaded pretrained predictor from epoch 50 with msg: <All keys matched successfully>
2026-07-31 02:16:58,283 INFO loaded pretrained proprio encoder from epoch 50 with msg: <All keys matched successfully>
2026-07-31 02:16:58,284 INFO 📉 Loss weights: L2=1.0
2026-07-31 02:16:58,285 INFO Loaded encoder and predictor
2026-07-31 02:17:07,374 INFO Expanded environment variable 'JEPAWM_LOGS' to '/content/cf_faithfulness_cache/unused_jepawm_logs' at folder
2026-07-31 02:17:07,375 INFO Using hardcoded dimensions for wall: action_dim=2, proprio_dim=2
2026-07-31 02:17:07,375 INFO Preprocessor attributes for wall:
2026-07-31 02:17:07,376 INFO   action_mean: tensor([-0.0056,  0.0132])
2026-07-31 02:17:07,376 INFO   action_std: tensor([0.7523, 0.7467])
2026-07-31 02:17:07,376 INFO   proprio_mean: tensor([31.8945, 31.8140])
2026-07-31 02:17:07,377 INFO   proprio_std: tensor([17.6635, 17.2752])
2026-07-31 02:17:07,377 INFO   state_mean: tensor([31.8945, 31.8140])
2026-07-31 02:17:07,377 INFO   state_std: tensor([17.6635, 17.2752])
2026-07-31 02:17:07,575 INFO using MLP layer as FFN
2026-07-31 02:17:07,700 INFO Encoder: DinoEncoder(
  (base_model): DinoVisionTransformer(
    (patch_embed): PatchEmbed(
      (proj): Conv2d(3, 384, kernel_size=(14, 14), stride=(14, 14))
      (norm): Identity()
    )
    (blocks): ModuleList(
      (0-11): 12 x NestedTensorBlock(
        (norm1): LayerNorm((384,), eps=1e-06, elementwise_affine=True)
        (attn): MemEffAttention(
          (qkv): Linear(in_features=384, out_features=1152, bias=True)
          (proj): Linear(in_features=384, out_features=384, bias=True)
          (proj_drop): Dropout(p=0.0, inplace=False)
        )
        (ls1): LayerScale()
        (drop_path1): Identity()
        (norm2): LayerNorm((384,), eps=1e-06, elementwise_affine=True)
        (mlp): Mlp(
          (fc1): Linear(in_features=384, out_features=1536, bias=True)
          (act): GELU(approximate='none')
          (fc2): Linear(in_features=1536, out_features=384, bias=True)
          (drop): Dropout(p=0.0, inplace=False)
        )
        (ls2): LayerScale()
        (drop_path2): Identity()
      )
    )
    (norm): LayerNorm((384,), eps=1e-06, elementwise_affine=True)
    (head): Identity()
  )
)
2026-07-31 02:17:07,701 INFO 🧠 Encoder: DinoEncoder (22,056,576 params, frozen=True)
2026-07-31 02:17:07,792 INFO 🔧 Initialized 6 AdaLN blocks (scale_factor=10)
2026-07-31 02:17:07,798 INFO Predictor: VisionTransformerAdaLN(
  (predictor_embed): Linear(in_features=384, out_features=384, bias=True)
  (action_encoder): Linear(in_features=10, out_features=400, bias=True)
  (predictor_blocks): ModuleList(
    (0-5): 6 x FWAdaLNBlock(
      (norm1): LayerNorm((400,), eps=1e-06, elementwise_affine=True)
      (attn): RoPEAttention(
        (qkv): Linear(in_features=400, out_features=1200, bias=True)
        (attn_drop): Dropout(p=0.0, inplace=False)
        (proj): Linear(in_features=400, out_features=400, bias=True)
        (proj_drop): Dropout(p=0.0, inplace=False)
      )
      (drop_path): Identity()
      (norm2): LayerNorm((400,), eps=1e-06, elementwise_affine=True)
      (mlp): MLP(
        (fc1): Linear(in_features=400, out_features=1600, bias=True)
        (act): GELU(approximate='none')
        (fc2): Linear(in_features=1600, out_features=400, bias=True)
        (drop): Dropout(p=0.0, inplace=False)
      )
      (adaLN_modulation): Sequential(
        (0): SiLU()
        (1): Linear(in_features=400, out_features=2400, bias=True)
      )
    )
  )
  (predictor_norm): LayerNorm((400,), eps=1e-06, elementwise_affine=True)
  (predictor_proj): Linear(in_features=384, out_features=384, bias=True)
)
2026-07-31 02:17:07,798 INFO 🔮 Predictor: VisionTransformerAdaLN (17,626,480 params)
2026-07-31 02:17:07,799 INFO Loading checkpoint from local path: /content/cf_faithfulness_cache/huggingface/hub/models--facebook--jepa-wms/snapshots/9b9c41ef249466630dbf1a20e78391865d07b3b9/jepa_wm_wall.pth.tar
2026-07-31 02:17:07,831 INFO loaded pretrained predictor from epoch 50 with msg: <All keys matched successfully>
2026-07-31 02:17:07,831 INFO loaded pretrained proprio encoder from epoch 50 with msg: <All keys matched successfully>
2026-07-31 02:17:07,832 INFO 📉 Loss weights: L2=1.0
2026-07-31 02:17:07,833 INFO Loaded encoder and predictor
2026-07-31 02:17:16,923 INFO Expanded environment variable 'JEPAWM_LOGS' to '/content/cf_faithfulness_cache/unused_jepawm_logs' at folder
2026-07-31 02:17:16,924 INFO Using hardcoded dimensions for pusht: action_dim=2, proprio_dim=4
2026-07-31 02:17:16,924 INFO Preprocessor attributes for pusht:
2026-07-31 02:17:16,925 INFO   action_mean: tensor([-0.0087,  0.0068])
2026-07-31 02:17:16,925 INFO   action_std: tensor([0.2019, 0.2002])
2026-07-31 02:17:16,926 INFO   proprio_mean: tensor([236.6155, 264.5674,  -2.9303,   2.5431])
2026-07-31 02:17:16,926 INFO   proprio_std: tensor([101.1202,  87.0112,  74.8456,  74.1401])
2026-07-31 02:17:16,926 INFO   state_mean: tensor([236.6155, 264.5674, 255.1307, 266.3721,   1.9584,  -2.9303,   2.5431])
2026-07-31 02:17:16,927 INFO   state_std: tensor([101.1202,  87.0112,  52.7054,  57.4971,   1.7556,  74.8456,  74.1401])
2026-07-31 02:17:17,125 INFO using MLP layer as FFN
2026-07-31 02:17:17,251 INFO Encoder: DinoEncoder(
  (base_model): DinoVisionTransformer(
    (patch_embed): PatchEmbed(
      (proj): Conv2d(3, 384, kernel_size=(14, 14), stride=(14, 14))
      (norm): Identity()
    )
    (blocks): ModuleList(
      (0-11): 12 x NestedTensorBlock(
        (norm1): LayerNorm((384,), eps=1e-06, elementwise_affine=True)
        (attn): MemEffAttention(
          (qkv): Linear(in_features=384, out_features=1152, bias=True)
          (proj): Linear(in_features=384, out_features=384, bias=True)
          (proj_drop): Dropout(p=0.0, inplace=False)
        )
        (ls1): LayerScale()
        (drop_path1): Identity()
        (norm2): LayerNorm((384,), eps=1e-06, elementwise_affine=True)
        (mlp): Mlp(
          (fc1): Linear(in_features=384, out_features=1536, bias=True)
          (act): GELU(approximate='none')
          (fc2): Linear(in_features=1536, out_features=384, bias=True)
          (drop): Dropout(p=0.0, inplace=False)
        )
        (ls2): LayerScale()
        (drop_path2): Identity()
      )
    )
    (norm): LayerNorm((384,), eps=1e-06, elementwise_affine=True)
    (head): Identity()
  )
)
2026-07-31 02:17:17,252 INFO 🧠 Encoder: DinoEncoder (22,056,576 params, frozen=True)
2026-07-31 02:17:17,344 INFO 🔧 Initialized 6 AdaLN blocks (scale_factor=10)
2026-07-31 02:17:17,350 INFO Predictor: VisionTransformerAdaLN(
  (predictor_embed): Linear(in_features=384, out_features=384, bias=True)
  (action_encoder): Linear(in_features=10, out_features=400, bias=True)
  (predictor_blocks): ModuleList(
    (0-5): 6 x FWAdaLNBlock(
      (norm1): LayerNorm((400,), eps=1e-06, elementwise_affine=True)
      (attn): RoPEAttention(
        (qkv): Linear(in_features=400, out_features=1200, bias=True)
        (attn_drop): Dropout(p=0.0, inplace=False)
        (proj): Linear(in_features=400, out_features=400, bias=True)
        (proj_drop): Dropout(p=0.0, inplace=False)
      )
      (drop_path): Identity()
      (norm2): LayerNorm((400,), eps=1e-06, elementwise_affine=True)
      (mlp): MLP(
        (fc1): Linear(in_features=400, out_features=1600, bias=True)
        (act): GELU(approximate='none')
        (fc2): Linear(in_features=1600, out_features=400, bias=True)
        (drop): Dropout(p=0.0, inplace=False)
      )
      (adaLN_modulation): Sequential(
        (0): SiLU()
        (1): Linear(in_features=400, out_features=2400, bias=True)
      )
    )
  )
  (predictor_norm): LayerNorm((400,), eps=1e-06, elementwise_affine=True)
  (predictor_proj): Linear(in_features=384, out_features=384, bias=True)
)
2026-07-31 02:17:17,351 INFO 🔮 Predictor: VisionTransformerAdaLN (17,626,480 params)
2026-07-31 02:17:17,351 INFO Loading checkpoint from local path: /content/cf_faithfulness_cache/huggingface/hub/models--facebook--jepa-wms/snapshots/9b9c41ef249466630dbf1a20e78391865d07b3b9/jepa_wm_pusht.pth.tar
2026-07-31 02:17:17,383 INFO loaded pretrained predictor from epoch 50 with msg: <All keys matched successfully>
2026-07-31 02:17:17,384 INFO loaded pretrained proprio encoder from epoch 50 with msg: <All keys matched successfully>
2026-07-31 02:17:17,384 INFO 📉 Loss weights: L2=1.0
2026-07-31 02:17:17,385 INFO Loaded encoder and predictor
2026-07-31 02:17:50,967 INFO jepa_wm_pusht fidelity_constrained_latent_only seed=11437 epoch=2 score=0.058518 ratios=[0.9729999899864197, 0.9664000272750854, 0.951200008392334]
2026-07-31 02:18:20,932 INFO jepa_wm_pusht fidelity_constrained_latent_only seed=11437 epoch=4 score=0.057028 ratios=[0.954200029373169, 0.942799985408783, 0.9225000143051147]
2026-07-31 02:18:50,981 INFO jepa_wm_pusht fidelity_constrained_latent_only seed=11437 epoch=6 score=0.056318 ratios=[0.9412999749183655, 0.9307000041007996, 0.911899983882904]
2026-07-31 02:19:20,887 INFO jepa_wm_pusht fidelity_constrained_latent_only seed=11437 epoch=8 score=0.055700 ratios=[0.9320999979972839, 0.920199990272522, 0.9014999866485596]
2026-07-31 02:19:51,155 INFO jepa_wm_pusht fidelity_constrained_latent_only seed=11437 epoch=10 score=0.055077 ratios=[0.9247999787330627, 0.9114000201225281, 0.8883000016212463]
2026-07-31 02:20:21,256 INFO jepa_wm_pusht fidelity_constrained_latent_only seed=11437 epoch=12 score=0.054784 ratios=[0.919700026512146, 0.906000018119812, 0.8841000199317932]
2026-07-31 02:20:51,190 INFO jepa_wm_pusht fidelity_constrained_latent_only seed=11437 epoch=14 score=0.054430 ratios=[0.9156000018119812, 0.9013000130653381, 0.8763999938964844]
2026-07-31 02:21:21,181 INFO jepa_wm_pusht fidelity_constrained_latent_only seed=11437 epoch=16 score=0.054268 ratios=[0.9121000170707703, 0.8992000222206116, 0.8737000226974487]
2026-07-31 02:21:51,247 INFO jepa_wm_pusht fidelity_constrained_latent_only seed=11437 epoch=18 score=0.054075 ratios=[0.909600019454956, 0.8959000110626221, 0.870199978351593]
2026-07-31 02:22:21,373 INFO jepa_wm_pusht fidelity_constrained_latent_only seed=11437 epoch=20 score=0.054079 ratios=[0.9071000218391418, 0.8962000012397766, 0.8716999888420105]
2026-07-31 02:22:51,385 INFO jepa_wm_pusht fidelity_constrained_latent_only seed=11437 epoch=22 score=0.053709 ratios=[0.9054999947547913, 0.8907999992370605, 0.8622000217437744]
2026-07-31 02:23:21,516 INFO jepa_wm_pusht fidelity_constrained_latent_only seed=11437 epoch=24 score=0.053645 ratios=[0.9036999940872192, 0.8899999856948853, 0.861299991607666]
2026-07-31 02:23:53,982 INFO jepa_wm_pusht fidelity_constrained_shuffled_geometry seed=11437 epoch=2 score=2.809920 ratios=[0.998199999332428, 0.9800999760627747, 0.978600025177002]
2026-07-31 02:24:24,446 INFO jepa_wm_pusht fidelity_constrained_shuffled_geometry seed=11437 epoch=4 score=2.715394 ratios=[1.0084999799728394, 0.9990000128746033, 1.000599980354309]
2026-07-31 02:24:54,773 INFO jepa_wm_pusht fidelity_constrained_shuffled_geometry seed=11437 epoch=6 score=2.649906 ratios=[1.0174000263214111, 1.0092999935150146, 1.0118999481201172]
2026-07-31 02:25:25,130 INFO jepa_wm_pusht fidelity_constrained_shuffled_geometry seed=11437 epoch=8 score=2.601344 ratios=[1.0246000289916992, 1.0134999752044678, 1.0159000158309937]
2026-07-31 02:25:55,445 INFO jepa_wm_pusht fidelity_constrained_shuffled_geometry seed=11437 epoch=10 score=2.625035 ratios=[1.0205999612808228, 1.0104999542236328, 1.0130000114440918]
2026-07-31 02:26:25,904 INFO jepa_wm_pusht fidelity_constrained_shuffled_geometry seed=11437 epoch=12 score=2.636476 ratios=[1.0191999673843384, 1.010699987411499, 1.0145000219345093]
2026-07-31 02:26:56,350 INFO jepa_wm_pusht fidelity_constrained_shuffled_geometry seed=11437 epoch=14 score=2.623693 ratios=[1.020799994468689, 1.0115000009536743, 1.0153000354766846]
2026-07-31 02:27:26,684 INFO jepa_wm_pusht fidelity_constrained_shuffled_geometry seed=11437 epoch=16 score=2.630323 ratios=[1.0199999809265137, 1.0109000205993652, 1.01419997215271]
2026-07-31 02:27:57,043 INFO jepa_wm_pusht fidelity_constrained_shuffled_geometry seed=11437 epoch=18 score=2.624002 ratios=[1.020799994468689, 1.0113999843597412, 1.014799952507019]
2026-07-31 02:28:27,376 INFO jepa_wm_pusht fidelity_constrained_shuffled_geometry seed=11437 epoch=20 score=2.627066 ratios=[1.020400047302246, 1.011299967765808, 1.0146000385284424]
2026-07-31 02:28:57,806 INFO jepa_wm_pusht fidelity_constrained_shuffled_geometry seed=11437 epoch=22 score=2.628681 ratios=[1.0202000141143799, 1.0111000537872314, 1.0144000053405762]
2026-07-31 02:28:57,920 INFO jepa_wm_pusht fidelity_constrained_shuffled_geometry seed=11437 early-stopped at epoch 22
2026-07-31 02:29:30,415 INFO jepa_wm_pusht fidelity_constrained_matched_geometry seed=11437 epoch=2 score=0.857477 ratios=[0.9943000078201294, 0.9818000197410583, 0.9689000248908997]
2026-07-31 02:30:00,698 INFO jepa_wm_pusht fidelity_constrained_matched_geometry seed=11437 epoch=4 score=0.849977 ratios=[0.9940999746322632, 0.977400004863739, 0.9646000266075134]
2026-07-31 02:30:31,000 INFO jepa_wm_pusht fidelity_constrained_matched_geometry seed=11437 epoch=6 score=0.846554 ratios=[0.9975000023841858, 0.9779000282287598, 0.9684000015258789]
2026-07-31 02:31:01,392 INFO jepa_wm_pusht fidelity_constrained_matched_geometry seed=11437 epoch=8 score=0.842784 ratios=[1.0011999607086182, 0.9797000288963318, 0.9686999917030334]
2026-07-31 02:31:31,986 INFO jepa_wm_pusht fidelity_constrained_matched_geometry seed=11437 epoch=10 score=0.835576 ratios=[1.0026999711990356, 0.9749000072479248, 0.9550999999046326]
2026-07-31 02:32:02,184 INFO jepa_wm_pusht fidelity_constrained_matched_geometry seed=11437 epoch=12 score=0.835670 ratios=[1.0019999742507935, 0.975600004196167, 0.958899974822998]
2026-07-31 02:32:32,569 INFO jepa_wm_pusht fidelity_constrained_matched_geometry seed=11437 epoch=14 score=0.832142 ratios=[1.0012999773025513, 0.9724000096321106, 0.9509000182151794]
2026-07-31 02:33:02,877 INFO jepa_wm_pusht fidelity_constrained_matched_geometry seed=11437 epoch=16 score=0.830571 ratios=[1.0015000104904175, 0.9717000126838684, 0.9491999745368958]
2026-07-31 02:33:33,124 INFO jepa_wm_pusht fidelity_constrained_matched_geometry seed=11437 epoch=18 score=0.828739 ratios=[1.0009000301361084, 0.9692000150680542, 0.9449999928474426]
2026-07-31 02:34:03,628 INFO jepa_wm_pusht fidelity_constrained_matched_geometry seed=11437 epoch=20 score=0.829605 ratios=[1.0008000135421753, 0.9715999960899353, 0.9492999911308289]
2026-07-31 02:34:33,918 INFO jepa_wm_pusht fidelity_constrained_matched_geometry seed=11437 epoch=22 score=0.827764 ratios=[1.001099944114685, 0.9692000150680542, 0.9451000094413757]
2026-07-31 02:35:04,250 INFO jepa_wm_pusht fidelity_constrained_matched_geometry seed=11437 epoch=24 score=0.826524 ratios=[1.0009000301361084, 0.9682000279426575, 0.9430999755859375]
2026-07-31 02:35:34,608 INFO jepa_wm_pusht fidelity_constrained_matched_geometry seed=11437 epoch=26 score=0.826588 ratios=[1.000599980354309, 0.9685999751091003, 0.9445000290870667]
2026-07-31 02:36:04,971 INFO jepa_wm_pusht fidelity_constrained_matched_geometry seed=11437 epoch=28 score=0.826683 ratios=[1.0008000135421753, 0.9690999984741211, 0.9452999830245972]
2026-07-31 02:36:35,565 INFO jepa_wm_pusht fidelity_constrained_matched_geometry seed=11437 epoch=30 score=0.825528 ratios=[1.0016000270843506, 0.9686999917030334, 0.9431999921798706]
2026-07-31 02:37:05,719 INFO jepa_wm_pusht fidelity_constrained_matched_geometry seed=11437 epoch=32 score=0.825544 ratios=[1.000599980354309, 0.9684000015258789, 0.9431999921798706]
2026-07-31 02:37:06,080 INFO Expanded environment variable 'JEPAWM_LOGS' to '/content/cf_faithfulness_cache/unused_jepawm_logs' at folder
2026-07-31 02:37:06,080 INFO Using hardcoded dimensions for wall: action_dim=2, proprio_dim=2
2026-07-31 02:37:06,080 INFO Preprocessor attributes for wall:
2026-07-31 02:37:06,081 INFO   action_mean: tensor([-0.0056,  0.0132])
2026-07-31 02:37:06,081 INFO   action_std: tensor([0.7523, 0.7467])
2026-07-31 02:37:06,082 INFO   proprio_mean: tensor([31.8945, 31.8140])
2026-07-31 02:37:06,082 INFO   proprio_std: tensor([17.6635, 17.2752])
2026-07-31 02:37:06,082 INFO   state_mean: tensor([31.8945, 31.8140])
2026-07-31 02:37:06,082 INFO   state_std: tensor([17.6635, 17.2752])
2026-07-31 02:37:06,280 INFO using MLP layer as FFN
2026-07-31 02:37:06,468 INFO Encoder: DinoEncoder(
  (base_model): DinoVisionTransformer(
    (patch_embed): PatchEmbed(
      (proj): Conv2d(3, 384, kernel_size=(14, 14), stride=(14, 14))
      (norm): Identity()
    )
    (blocks): ModuleList(
      (0-11): 12 x NestedTensorBlock(
        (norm1): LayerNorm((384,), eps=1e-06, elementwise_affine=True)
        (attn): MemEffAttention(
          (qkv): Linear(in_features=384, out_features=1152, bias=True)
          (proj): Linear(in_features=384, out_features=384, bias=True)
          (proj_drop): Dropout(p=0.0, inplace=False)
        )
        (ls1): LayerScale()
        (drop_path1): Identity()
        (norm2): LayerNorm((384,), eps=1e-06, elementwise_affine=True)
        (mlp): Mlp(
          (fc1): Linear(in_features=384, out_features=1536, bias=True)
          (act): GELU(approximate='none')
          (fc2): Linear(in_features=1536, out_features=384, bias=True)
          (drop): Dropout(p=0.0, inplace=False)
        )
        (ls2): LayerScale()
        (drop_path2): Identity()
      )
    )
    (norm): LayerNorm((384,), eps=1e-06, elementwise_affine=True)
    (head): Identity()
  )
)
2026-07-31 02:37:06,469 INFO 🧠 Encoder: DinoEncoder (22,056,576 params, frozen=True)
2026-07-31 02:37:06,561 INFO 🔧 Initialized 6 AdaLN blocks (scale_factor=10)
2026-07-31 02:37:06,567 INFO Predictor: VisionTransformerAdaLN(
  (predictor_embed): Linear(in_features=384, out_features=384, bias=True)
  (action_encoder): Linear(in_features=10, out_features=400, bias=True)
  (predictor_blocks): ModuleList(
    (0-5): 6 x FWAdaLNBlock(
      (norm1): LayerNorm((400,), eps=1e-06, elementwise_affine=True)
      (attn): RoPEAttention(
        (qkv): Linear(in_features=400, out_features=1200, bias=True)
        (attn_drop): Dropout(p=0.0, inplace=False)
        (proj): Linear(in_features=400, out_features=400, bias=True)
        (proj_drop): Dropout(p=0.0, inplace=False)
      )
      (drop_path): Identity()
      (norm2): LayerNorm((400,), eps=1e-06, elementwise_affine=True)
      (mlp): MLP(
        (fc1): Linear(in_features=400, out_features=1600, bias=True)
        (act): GELU(approximate='none')
        (fc2): Linear(in_features=1600, out_features=400, bias=True)
        (drop): Dropout(p=0.0, inplace=False)
      )
      (adaLN_modulation): Sequential(
        (0): SiLU()
        (1): Linear(in_features=400, out_features=2400, bias=True)
      )
    )
  )
  (predictor_norm): LayerNorm((400,), eps=1e-06, elementwise_affine=True)
  (predictor_proj): Linear(in_features=384, out_features=384, bias=True)
)
2026-07-31 02:37:06,568 INFO 🔮 Predictor: VisionTransformerAdaLN (17,626,480 params)
2026-07-31 02:37:06,568 INFO Loading checkpoint from local path: /content/cf_faithfulness_cache/huggingface/hub/models--facebook--jepa-wms/snapshots/9b9c41ef249466630dbf1a20e78391865d07b3b9/jepa_wm_wall.pth.tar
2026-07-31 02:37:06,601 INFO loaded pretrained predictor from epoch 50 with msg: <All keys matched successfully>
2026-07-31 02:37:06,601 INFO loaded pretrained proprio encoder from epoch 50 with msg: <All keys matched successfully>
2026-07-31 02:37:06,602 INFO 📉 Loss weights: L2=1.0
2026-07-31 02:37:06,603 INFO Loaded encoder and predictor
2026-07-31 02:37:40,337 INFO jepa_wm_wall fidelity_constrained_latent_only seed=11437 epoch=2 score=0.174479 ratios=[0.9570000171661377, 0.9726999998092651, 0.9711999893188477]
2026-07-31 02:38:10,311 INFO jepa_wm_wall fidelity_constrained_latent_only seed=11437 epoch=4 score=0.170514 ratios=[0.9186999797821045, 0.9473000168800354, 0.9620000123977661]
2026-07-31 02:38:40,275 INFO jepa_wm_wall fidelity_constrained_latent_only seed=11437 epoch=6 score=0.166107 ratios=[0.8855000138282776, 0.9197999835014343, 0.9455999732017517]
2026-07-31 02:39:10,306 INFO jepa_wm_wall fidelity_constrained_latent_only seed=11437 epoch=8 score=0.161185 ratios=[0.8554999828338623, 0.8909000158309937, 0.9212999939918518]
2026-07-31 02:39:40,460 INFO jepa_wm_wall fidelity_constrained_latent_only seed=11437 epoch=10 score=0.156968 ratios=[0.8309000134468079, 0.8633000254631042, 0.9025999903678894]
2026-07-31 02:40:10,406 INFO jepa_wm_wall fidelity_constrained_latent_only seed=11437 epoch=12 score=0.153311 ratios=[0.808899998664856, 0.8385000228881836, 0.8873999714851379]
2026-07-31 02:40:40,351 INFO jepa_wm_wall fidelity_constrained_latent_only seed=11437 epoch=14 score=0.150087 ratios=[0.7926999926567078, 0.8215000033378601, 0.8676999807357788]
2026-07-31 02:41:10,388 INFO jepa_wm_wall fidelity_constrained_latent_only seed=11437 epoch=16 score=0.147475 ratios=[0.7784000039100647, 0.8065000176429749, 0.8535000085830688]
2026-07-31 02:41:40,439 INFO jepa_wm_wall fidelity_constrained_latent_only seed=11437 epoch=18 score=0.145576 ratios=[0.7662000060081482, 0.7949000000953674, 0.8449000120162964]
2026-07-31 02:42:10,717 INFO jepa_wm_wall fidelity_constrained_latent_only seed=11437 epoch=20 score=0.144337 ratios=[0.7569000124931335, 0.7853999733924866, 0.8418999910354614]
2026-07-31 02:42:40,870 INFO jepa_wm_wall fidelity_constrained_latent_only seed=11437 epoch=22 score=0.143099 ratios=[0.75, 0.7756999731063843, 0.8377000093460083]
2026-07-31 02:43:10,960 INFO jepa_wm_wall fidelity_constrained_latent_only seed=11437 epoch=24 score=0.142356 ratios=[0.7448999881744385, 0.7685999870300293, 0.8370000123977661]
2026-07-31 02:43:41,124 INFO jepa_wm_wall fidelity_constrained_latent_only seed=11437 epoch=26 score=0.140979 ratios=[0.7391999959945679, 0.7616000175476074, 0.8276000022888184]
2026-07-31 02:44:11,426 INFO jepa_wm_wall fidelity_constrained_latent_only seed=11437 epoch=28 score=0.140206 ratios=[0.7348999977111816, 0.7559000253677368, 0.8245000243186951]
2026-07-31 02:44:41,478 INFO jepa_wm_wall fidelity_constrained_latent_only seed=11437 epoch=30 score=0.139066 ratios=[0.7304999828338623, 0.7498000264167786, 0.8169000148773193]
2026-07-31 02:45:11,445 INFO jepa_wm_wall fidelity_constrained_latent_only seed=11437 epoch=32 score=0.138480 ratios=[0.7268000245094299, 0.7447999715805054, 0.8155999779701233]
2026-07-31 02:45:43,864 INFO jepa_wm_wall fidelity_constrained_shuffled_geometry seed=11437 epoch=2 score=5.719164 ratios=[1.0032000541687012, 0.9901000261306763, 0.9866999983787537]
2026-07-31 02:46:14,107 INFO jepa_wm_wall fidelity_constrained_shuffled_geometry seed=11437 epoch=4 score=5.596259 ratios=[1.0049999952316284, 0.984499990940094, 0.9840999841690063]
2026-07-31 02:46:44,584 INFO jepa_wm_wall fidelity_constrained_shuffled_geometry seed=11437 epoch=6 score=5.469320 ratios=[1.0091999769210815, 0.9825000166893005, 0.9847999811172485]
2026-07-31 02:47:14,895 INFO jepa_wm_wall fidelity_constrained_shuffled_geometry seed=11437 epoch=8 score=5.352953 ratios=[1.0134999752044678, 0.9824000000953674, 0.9876999855041504]
2026-07-31 02:47:45,296 INFO jepa_wm_wall fidelity_constrained_shuffled_geometry seed=11437 epoch=10 score=5.225573 ratios=[1.0191999673843384, 0.9812999963760376, 0.9894999861717224]
2026-07-31 02:48:15,725 INFO jepa_wm_wall fidelity_constrained_shuffled_geometry seed=11437 epoch=12 score=5.093418 ratios=[1.0281000137329102, 0.9842000007629395, 0.9955000281333923]
2026-07-31 02:48:46,094 INFO jepa_wm_wall fidelity_constrained_shuffled_geometry seed=11437 epoch=14 score=5.163690 ratios=[1.0228999853134155, 0.9824000000953674, 0.9922000169754028]
2026-07-31 02:49:16,780 INFO jepa_wm_wall fidelity_constrained_shuffled_geometry seed=11437 epoch=16 score=5.192183 ratios=[1.021399974822998, 0.982200026512146, 0.9915000200271606]
2026-07-31 02:49:16,903 INFO jepa_wm_wall fidelity_constrained_shuffled_geometry seed=11437 early-stopped at epoch 16
2026-07-31 02:49:49,150 INFO jepa_wm_wall fidelity_constrained_matched_geometry seed=11437 epoch=2 score=2.380461 ratios=[1.0009000301361084, 0.9865000247955322, 0.98089998960495]
2026-07-31 02:50:19,435 INFO jepa_wm_wall fidelity_constrained_matched_geometry seed=11437 epoch=4 score=2.326046 ratios=[0.9986000061035156, 0.9797999858856201, 0.9736999869346619]
2026-07-31 02:50:49,803 INFO jepa_wm_wall fidelity_constrained_matched_geometry seed=11437 epoch=6 score=2.280693 ratios=[0.9973999857902527, 0.9740999937057495, 0.9696000218391418]
2026-07-31 02:51:20,308 INFO jepa_wm_wall fidelity_constrained_matched_geometry seed=11437 epoch=8 score=2.243867 ratios=[0.9957000017166138, 0.9690999984741211, 0.9696999788284302]
2026-07-31 02:51:50,642 INFO jepa_wm_wall fidelity_constrained_matched_geometry seed=11437 epoch=10 score=2.201511 ratios=[0.9959999918937683, 0.9638000130653381, 0.9642000198364258]
2026-07-31 02:52:21,010 INFO jepa_wm_wall fidelity_constrained_matched_geometry seed=11437 epoch=12 score=2.171924 ratios=[0.9991999864578247, 0.9609000086784363, 0.9624999761581421]
2026-07-31 02:52:51,321 INFO jepa_wm_wall fidelity_constrained_matched_geometry seed=11437 epoch=14 score=2.148493 ratios=[1.0032000541687012, 0.958899974822998, 0.9657999873161316]
2026-07-31 02:53:21,642 INFO jepa_wm_wall fidelity_constrained_matched_geometry seed=11437 epoch=16 score=2.127349 ratios=[1.0088000297546387, 0.9577999711036682, 0.9714000225067139]
2026-07-31 02:53:52,201 INFO jepa_wm_wall fidelity_constrained_matched_geometry seed=11437 epoch=18 score=2.107159 ratios=[1.0155999660491943, 0.9598000049591064, 0.9943000078201294]
2026-07-31 02:54:22,594 INFO jepa_wm_wall fidelity_constrained_matched_geometry seed=11437 epoch=20 score=2.070746 ratios=[1.0233999490737915, 0.9629999995231628, 0.9987999796867371]
2026-07-31 02:54:52,840 INFO jepa_wm_wall fidelity_constrained_matched_geometry seed=11437 epoch=22 score=2.089371 ratios=[1.0196000337600708, 0.9614999890327454, 1.0002000331878662]
2026-07-31 02:55:23,007 INFO jepa_wm_wall fidelity_constrained_matched_geometry seed=11437 epoch=24 score=2.073541 ratios=[1.023900032043457, 0.9635999798774719, 1.000599980354309]
2026-07-31 02:55:23,730 INFO Expanded environment variable 'JEPAWM_LOGS' to '/content/cf_faithfulness_cache/unused_jepawm_logs' at folder
2026-07-31 02:55:23,731 INFO Using hardcoded dimensions for pusht: action_dim=2, proprio_dim=4
2026-07-31 02:55:23,732 INFO Preprocessor attributes for pusht:
2026-07-31 02:55:23,732 INFO   action_mean: tensor([-0.0087,  0.0068])
2026-07-31 02:55:23,733 INFO   action_std: tensor([0.2019, 0.2002])
2026-07-31 02:55:23,733 INFO   proprio_mean: tensor([236.6155, 264.5674,  -2.9303,   2.5431])
2026-07-31 02:55:23,733 INFO   proprio_std: tensor([101.1202,  87.0112,  74.8456,  74.1401])
2026-07-31 02:55:23,734 INFO   state_mean: tensor([236.6155, 264.5674, 255.1307, 266.3721,   1.9584,  -2.9303,   2.5431])
2026-07-31 02:55:23,734 INFO   state_std: tensor([101.1202,  87.0112,  52.7054,  57.4971,   1.7556,  74.8456,  74.1401])
2026-07-31 02:55:23,934 INFO using MLP layer as FFN
2026-07-31 02:55:24,080 INFO Encoder: DinoEncoder(
  (base_model): DinoVisionTransformer(
    (patch_embed): PatchEmbed(
      (proj): Conv2d(3, 384, kernel_size=(14, 14), stride=(14, 14))
      (norm): Identity()
    )
    (blocks): ModuleList(
      (0-11): 12 x NestedTensorBlock(
        (norm1): LayerNorm((384,), eps=1e-06, elementwise_affine=True)
        (attn): MemEffAttention(
          (qkv): Linear(in_features=384, out_features=1152, bias=True)
          (proj): Linear(in_features=384, out_features=384, bias=True)
          (proj_drop): Dropout(p=0.0, inplace=False)
        )
        (ls1): LayerScale()
        (drop_path1): Identity()
        (norm2): LayerNorm((384,), eps=1e-06, elementwise_affine=True)
        (mlp): Mlp(
          (fc1): Linear(in_features=384, out_features=1536, bias=True)
          (act): GELU(approximate='none')
          (fc2): Linear(in_features=1536, out_features=384, bias=True)
          (drop): Dropout(p=0.0, inplace=False)
        )
        (ls2): LayerScale()
        (drop_path2): Identity()
      )
    )
    (norm): LayerNorm((384,), eps=1e-06, elementwise_affine=True)
    (head): Identity()
  )
)
2026-07-31 02:55:24,081 INFO 🧠 Encoder: DinoEncoder (22,056,576 params, frozen=True)
2026-07-31 02:55:24,172 INFO 🔧 Initialized 6 AdaLN blocks (scale_factor=10)
2026-07-31 02:55:24,179 INFO Predictor: VisionTransformerAdaLN(
  (predictor_embed): Linear(in_features=384, out_features=384, bias=True)
  (action_encoder): Linear(in_features=10, out_features=400, bias=True)
  (predictor_blocks): ModuleList(
    (0-5): 6 x FWAdaLNBlock(
      (norm1): LayerNorm((400,), eps=1e-06, elementwise_affine=True)
      (attn): RoPEAttention(
        (qkv): Linear(in_features=400, out_features=1200, bias=True)
        (attn_drop): Dropout(p=0.0, inplace=False)
        (proj): Linear(in_features=400, out_features=400, bias=True)
        (proj_drop): Dropout(p=0.0, inplace=False)
      )
      (drop_path): Identity()
      (norm2): LayerNorm((400,), eps=1e-06, elementwise_affine=True)
      (mlp): MLP(
        (fc1): Linear(in_features=400, out_features=1600, bias=True)
        (act): GELU(approximate='none')
        (fc2): Linear(in_features=1600, out_features=400, bias=True)
        (drop): Dropout(p=0.0, inplace=False)
      )
      (adaLN_modulation): Sequential(
        (0): SiLU()
        (1): Linear(in_features=400, out_features=2400, bias=True)
      )
    )
  )
  (predictor_norm): LayerNorm((400,), eps=1e-06, elementwise_affine=True)
  (predictor_proj): Linear(in_features=384, out_features=384, bias=True)
)
2026-07-31 02:55:24,179 INFO 🔮 Predictor: VisionTransformerAdaLN (17,626,480 params)
2026-07-31 02:55:24,180 INFO Loading checkpoint from local path: /content/cf_faithfulness_cache/huggingface/hub/models--facebook--jepa-wms/snapshots/9b9c41ef249466630dbf1a20e78391865d07b3b9/jepa_wm_pusht.pth.tar
2026-07-31 02:55:24,211 INFO loaded pretrained predictor from epoch 50 with msg: <All keys matched successfully>
2026-07-31 02:55:24,211 INFO loaded pretrained proprio encoder from epoch 50 with msg: <All keys matched successfully>
2026-07-31 02:55:24,212 INFO 📉 Loss weights: L2=1.0
2026-07-31 02:55:24,213 INFO Loaded encoder and predictor
2026-07-31 02:55:33,314 INFO Expanded environment variable 'JEPAWM_LOGS' to '/content/cf_faithfulness_cache/unused_jepawm_logs' at folder
2026-07-31 02:55:33,315 INFO Using hardcoded dimensions for wall: action_dim=2, proprio_dim=2
2026-07-31 02:55:33,315 INFO Preprocessor attributes for wall:
2026-07-31 02:55:33,316 INFO   action_mean: tensor([-0.0056,  0.0132])
2026-07-31 02:55:33,316 INFO   action_std: tensor([0.7523, 0.7467])
2026-07-31 02:55:33,316 INFO   proprio_mean: tensor([31.8945, 31.8140])
2026-07-31 02:55:33,317 INFO   proprio_std: tensor([17.6635, 17.2752])
2026-07-31 02:55:33,317 INFO   state_mean: tensor([31.8945, 31.8140])
2026-07-31 02:55:33,317 INFO   state_std: tensor([17.6635, 17.2752])
2026-07-31 02:55:34,086 INFO using MLP layer as FFN
2026-07-31 02:55:34,275 INFO Encoder: DinoEncoder(
  (base_model): DinoVisionTransformer(
    (patch_embed): PatchEmbed(
      (proj): Conv2d(3, 384, kernel_size=(14, 14), stride=(14, 14))
      (norm): Identity()
    )
    (blocks): ModuleList(
      (0-11): 12 x NestedTensorBlock(
        (norm1): LayerNorm((384,), eps=1e-06, elementwise_affine=True)
        (attn): MemEffAttention(
          (qkv): Linear(in_features=384, out_features=1152, bias=True)
          (proj): Linear(in_features=384, out_features=384, bias=True)
          (proj_drop): Dropout(p=0.0, inplace=False)
        )
        (ls1): LayerScale()
        (drop_path1): Identity()
        (norm2): LayerNorm((384,), eps=1e-06, elementwise_affine=True)
        (mlp): Mlp(
          (fc1): Linear(in_features=384, out_features=1536, bias=True)
          (act): GELU(approximate='none')
          (fc2): Linear(in_features=1536, out_features=384, bias=True)
          (drop): Dropout(p=0.0, inplace=False)
        )
        (ls2): LayerScale()
        (drop_path2): Identity()
      )
    )
    (norm): LayerNorm((384,), eps=1e-06, elementwise_affine=True)
    (head): Identity()
  )
)
2026-07-31 02:55:34,276 INFO 🧠 Encoder: DinoEncoder (22,056,576 params, frozen=True)
2026-07-31 02:55:34,370 INFO 🔧 Initialized 6 AdaLN blocks (scale_factor=10)
2026-07-31 02:55:34,376 INFO Predictor: VisionTransformerAdaLN(
  (predictor_embed): Linear(in_features=384, out_features=384, bias=True)
  (action_encoder): Linear(in_features=10, out_features=400, bias=True)
  (predictor_blocks): ModuleList(
    (0-5): 6 x FWAdaLNBlock(
      (norm1): LayerNorm((400,), eps=1e-06, elementwise_affine=True)
      (attn): RoPEAttention(
        (qkv): Linear(in_features=400, out_features=1200, bias=True)
        (attn_drop): Dropout(p=0.0, inplace=False)
        (proj): Linear(in_features=400, out_features=400, bias=True)
        (proj_drop): Dropout(p=0.0, inplace=False)
      )
      (drop_path): Identity()
      (norm2): LayerNorm((400,), eps=1e-06, elementwise_affine=True)
      (mlp): MLP(
        (fc1): Linear(in_features=400, out_features=1600, bias=True)
        (act): GELU(approximate='none')
        (fc2): Linear(in_features=1600, out_features=400, bias=True)
        (drop): Dropout(p=0.0, inplace=False)
      )
      (adaLN_modulation): Sequential(
        (0): SiLU()
        (1): Linear(in_features=400, out_features=2400, bias=True)
      )
    )
  )
  (predictor_norm): LayerNorm((400,), eps=1e-06, elementwise_affine=True)
  (predictor_proj): Linear(in_features=384, out_features=384, bias=True)
)
2026-07-31 02:55:34,377 INFO 🔮 Predictor: VisionTransformerAdaLN (17,626,480 params)
2026-07-31 02:55:34,377 INFO Loading checkpoint from local path: /content/cf_faithfulness_cache/huggingface/hub/models--facebook--jepa-wms/snapshots/9b9c41ef249466630dbf1a20e78391865d07b3b9/jepa_wm_wall.pth.tar
2026-07-31 02:55:34,409 INFO loaded pretrained predictor from epoch 50 with msg: <All keys matched successfully>
2026-07-31 02:55:34,410 INFO loaded pretrained proprio encoder from epoch 50 with msg: <All keys matched successfully>
2026-07-31 02:55:34,410 INFO 📉 Loss weights: L2=1.0
2026-07-31 02:55:34,411 INFO Loaded encoder and predictor
2026-07-31 02:55:56,757 INFO Expanded environment variable 'JEPAWM_LOGS' to '/content/cf_faithfulness_cache/unused_jepawm_logs' at folder
2026-07-31 02:55:56,758 INFO Using hardcoded dimensions for pusht: action_dim=2, proprio_dim=4
2026-07-31 02:55:56,758 INFO Preprocessor attributes for pusht:
2026-07-31 02:55:56,759 INFO   action_mean: tensor([-0.0087,  0.0068])
2026-07-31 02:55:56,760 INFO   action_std: tensor([0.2019, 0.2002])
2026-07-31 02:55:56,760 INFO   proprio_mean: tensor([236.6155, 264.5674,  -2.9303,   2.5431])
2026-07-31 02:55:56,760 INFO   proprio_std: tensor([101.1202,  87.0112,  74.8456,  74.1401])
2026-07-31 02:55:56,760 INFO   state_mean: tensor([236.6155, 264.5674, 255.1307, 266.3721,   1.9584,  -2.9303,   2.5431])
2026-07-31 02:55:56,761 INFO   state_std: tensor([101.1202,  87.0112,  52.7054,  57.4971,   1.7556,  74.8456,  74.1401])
2026-07-31 02:55:56,958 INFO using MLP layer as FFN
2026-07-31 02:55:57,149 INFO Encoder: DinoEncoder(
  (base_model): DinoVisionTransformer(
    (patch_embed): PatchEmbed(
      (proj): Conv2d(3, 384, kernel_size=(14, 14), stride=(14, 14))
      (norm): Identity()
    )
    (blocks): ModuleList(
      (0-11): 12 x NestedTensorBlock(
        (norm1): LayerNorm((384,), eps=1e-06, elementwise_affine=True)
        (attn): MemEffAttention(
          (qkv): Linear(in_features=384, out_features=1152, bias=True)
          (proj): Linear(in_features=384, out_features=384, bias=True)
          (proj_drop): Dropout(p=0.0, inplace=False)
        )
        (ls1): LayerScale()
        (drop_path1): Identity()
        (norm2): LayerNorm((384,), eps=1e-06, elementwise_affine=True)
        (mlp): Mlp(
          (fc1): Linear(in_features=384, out_features=1536, bias=True)
          (act): GELU(approximate='none')
          (fc2): Linear(in_features=1536, out_features=384, bias=True)
          (drop): Dropout(p=0.0, inplace=False)
        )
        (ls2): LayerScale()
        (drop_path2): Identity()
      )
    )
    (norm): LayerNorm((384,), eps=1e-06, elementwise_affine=True)
    (head): Identity()
  )
)
2026-07-31 02:55:57,150 INFO 🧠 Encoder: DinoEncoder (22,056,576 params, frozen=True)
2026-07-31 02:55:57,296 INFO 🔧 Initialized 6 AdaLN blocks (scale_factor=10)
2026-07-31 02:55:57,303 INFO Predictor: VisionTransformerAdaLN(
  (predictor_embed): Linear(in_features=384, out_features=384, bias=True)
  (action_encoder): Linear(in_features=10, out_features=400, bias=True)
  (predictor_blocks): ModuleList(
    (0-5): 6 x FWAdaLNBlock(
      (norm1): LayerNorm((400,), eps=1e-06, elementwise_affine=True)
      (attn): RoPEAttention(
        (qkv): Linear(in_features=400, out_features=1200, bias=True)
        (attn_drop): Dropout(p=0.0, inplace=False)
        (proj): Linear(in_features=400, out_features=400, bias=True)
        (proj_drop): Dropout(p=0.0, inplace=False)
      )
      (drop_path): Identity()
      (norm2): LayerNorm((400,), eps=1e-06, elementwise_affine=True)
      (mlp): MLP(
        (fc1): Linear(in_features=400, out_features=1600, bias=True)
        (act): GELU(approximate='none')
        (fc2): Linear(in_features=1600, out_features=400, bias=True)
        (drop): Dropout(p=0.0, inplace=False)
      )
      (adaLN_modulation): Sequential(
        (0): SiLU()
        (1): Linear(in_features=400, out_features=2400, bias=True)
      )
    )
  )
  (predictor_norm): LayerNorm((400,), eps=1e-06, elementwise_affine=True)
  (predictor_proj): Linear(in_features=384, out_features=384, bias=True)
)
2026-07-31 02:55:57,304 INFO 🔮 Predictor: VisionTransformerAdaLN (17,626,480 params)
2026-07-31 02:55:57,304 INFO Loading checkpoint from local path: /content/cf_faithfulness_cache/huggingface/hub/models--facebook--jepa-wms/snapshots/9b9c41ef249466630dbf1a20e78391865d07b3b9/jepa_wm_pusht.pth.tar
2026-07-31 02:55:57,335 INFO loaded pretrained predictor from epoch 50 with msg: <All keys matched successfully>
2026-07-31 02:55:57,336 INFO loaded pretrained proprio encoder from epoch 50 with msg: <All keys matched successfully>
2026-07-31 02:55:57,336 INFO 📉 Loss weights: L2=1.0
2026-07-31 02:55:57,337 INFO Loaded encoder and predictor
2026-07-31 02:56:08,847 INFO jepa_wm_pusht cached Stage 12 prerequisite variant frozen
2026-07-31 02:56:17,212 INFO jepa_wm_pusht cached Stage 12 prerequisite variant fidelity_constrained_latent_only__seed11401
2026-07-31 02:56:25,589 INFO jepa_wm_pusht cached Stage 12 prerequisite variant fidelity_constrained_shuffled_geometry__seed11401
2026-07-31 02:56:33,960 INFO jepa_wm_pusht cached Stage 12 prerequisite variant fidelity_constrained_matched_geometry__seed11401
2026-07-31 02:56:42,337 INFO jepa_wm_pusht cached Stage 12 prerequisite variant fidelity_constrained_latent_only__seed11419
2026-07-31 02:56:50,721 INFO jepa_wm_pusht cached Stage 12 prerequisite variant fidelity_constrained_shuffled_geometry__seed11419
2026-07-31 02:56:59,102 INFO jepa_wm_pusht cached Stage 12 prerequisite variant fidelity_constrained_matched_geometry__seed11419
2026-07-31 02:57:07,470 INFO jepa_wm_pusht cached Stage 12 prerequisite variant fidelity_constrained_latent_only__seed11437
2026-07-31 02:57:15,854 INFO jepa_wm_pusht cached Stage 12 prerequisite variant fidelity_constrained_shuffled_geometry__seed11437
2026-07-31 02:57:24,223 INFO jepa_wm_pusht cached Stage 12 prerequisite variant fidelity_constrained_matched_geometry__seed11437
2026-07-31 02:57:24,418 INFO Expanded environment variable 'JEPAWM_LOGS' to '/content/cf_faithfulness_cache/unused_jepawm_logs' at folder
2026-07-31 02:57:24,419 INFO Using hardcoded dimensions for wall: action_dim=2, proprio_dim=2
2026-07-31 02:57:24,419 INFO Preprocessor attributes for wall:
2026-07-31 02:57:24,420 INFO   action_mean: tensor([-0.0056,  0.0132])
2026-07-31 02:57:24,420 INFO   action_std: tensor([0.7523, 0.7467])
2026-07-31 02:57:24,421 INFO   proprio_mean: tensor([31.8945, 31.8140])
2026-07-31 02:57:24,421 INFO   proprio_std: tensor([17.6635, 17.2752])
2026-07-31 02:57:24,421 INFO   state_mean: tensor([31.8945, 31.8140])
2026-07-31 02:57:24,421 INFO   state_std: tensor([17.6635, 17.2752])
2026-07-31 02:57:24,620 INFO using MLP layer as FFN
2026-07-31 02:57:24,746 INFO Encoder: DinoEncoder(
  (base_model): DinoVisionTransformer(
    (patch_embed): PatchEmbed(
      (proj): Conv2d(3, 384, kernel_size=(14, 14), stride=(14, 14))
      (norm): Identity()
    )
    (blocks): ModuleList(
      (0-11): 12 x NestedTensorBlock(
        (norm1): LayerNorm((384,), eps=1e-06, elementwise_affine=True)
        (attn): MemEffAttention(
          (qkv): Linear(in_features=384, out_features=1152, bias=True)
          (proj): Linear(in_features=384, out_features=384, bias=True)
          (proj_drop): Dropout(p=0.0, inplace=False)
        )
        (ls1): LayerScale()
        (drop_path1): Identity()
        (norm2): LayerNorm((384,), eps=1e-06, elementwise_affine=True)
        (mlp): Mlp(
          (fc1): Linear(in_features=384, out_features=1536, bias=True)
          (act): GELU(approximate='none')
          (fc2): Linear(in_features=1536, out_features=384, bias=True)
          (drop): Dropout(p=0.0, inplace=False)
        )
        (ls2): LayerScale()
        (drop_path2): Identity()
      )
    )
    (norm): LayerNorm((384,), eps=1e-06, elementwise_affine=True)
    (head): Identity()
  )
)
2026-07-31 02:57:24,747 INFO 🧠 Encoder: DinoEncoder (22,056,576 params, frozen=True)
2026-07-31 02:57:24,839 INFO 🔧 Initialized 6 AdaLN blocks (scale_factor=10)
2026-07-31 02:57:24,846 INFO Predictor: VisionTransformerAdaLN(
  (predictor_embed): Linear(in_features=384, out_features=384, bias=True)
  (action_encoder): Linear(in_features=10, out_features=400, bias=True)
  (predictor_blocks): ModuleList(
    (0-5): 6 x FWAdaLNBlock(
      (norm1): LayerNorm((400,), eps=1e-06, elementwise_affine=True)
      (attn): RoPEAttention(
        (qkv): Linear(in_features=400, out_features=1200, bias=True)
        (attn_drop): Dropout(p=0.0, inplace=False)
        (proj): Linear(in_features=400, out_features=400, bias=True)
        (proj_drop): Dropout(p=0.0, inplace=False)
      )
      (drop_path): Identity()
      (norm2): LayerNorm((400,), eps=1e-06, elementwise_affine=True)
      (mlp): MLP(
        (fc1): Linear(in_features=400, out_features=1600, bias=True)
        (act): GELU(approximate='none')
        (fc2): Linear(in_features=1600, out_features=400, bias=True)
        (drop): Dropout(p=0.0, inplace=False)
      )
      (adaLN_modulation): Sequential(
        (0): SiLU()
        (1): Linear(in_features=400, out_features=2400, bias=True)
      )
    )
  )
  (predictor_norm): LayerNorm((400,), eps=1e-06, elementwise_affine=True)
  (predictor_proj): Linear(in_features=384, out_features=384, bias=True)
)
2026-07-31 02:57:24,846 INFO 🔮 Predictor: VisionTransformerAdaLN (17,626,480 params)
2026-07-31 02:57:24,847 INFO Loading checkpoint from local path: /content/cf_faithfulness_cache/huggingface/hub/models--facebook--jepa-wms/snapshots/9b9c41ef249466630dbf1a20e78391865d07b3b9/jepa_wm_wall.pth.tar
2026-07-31 02:57:24,878 INFO loaded pretrained predictor from epoch 50 with msg: <All keys matched successfully>
2026-07-31 02:57:24,879 INFO loaded pretrained proprio encoder from epoch 50 with msg: <All keys matched successfully>
2026-07-31 02:57:24,880 INFO 📉 Loss weights: L2=1.0
2026-07-31 02:57:24,880 INFO Loaded encoder and predictor
2026-07-31 02:57:36,284 INFO jepa_wm_wall cached Stage 12 prerequisite variant frozen
2026-07-31 02:57:44,607 INFO jepa_wm_wall cached Stage 12 prerequisite variant fidelity_constrained_latent_only__seed11401
2026-07-31 02:57:52,994 INFO jepa_wm_wall cached Stage 12 prerequisite variant fidelity_constrained_shuffled_geometry__seed11401
2026-07-31 02:58:01,391 INFO jepa_wm_wall cached Stage 12 prerequisite variant fidelity_constrained_matched_geometry__seed11401
2026-07-31 02:58:09,709 INFO jepa_wm_wall cached Stage 12 prerequisite variant fidelity_constrained_latent_only__seed11419
2026-07-31 02:58:18,039 INFO jepa_wm_wall cached Stage 12 prerequisite variant fidelity_constrained_shuffled_geometry__seed11419
2026-07-31 02:58:26,378 INFO jepa_wm_wall cached Stage 12 prerequisite variant fidelity_constrained_matched_geometry__seed11419
2026-07-31 02:58:34,705 INFO jepa_wm_wall cached Stage 12 prerequisite variant fidelity_constrained_latent_only__seed11437
2026-07-31 02:58:43,034 INFO jepa_wm_wall cached Stage 12 prerequisite variant fidelity_constrained_shuffled_geometry__seed11437
2026-07-31 02:58:51,348 INFO jepa_wm_wall cached Stage 12 prerequisite variant fidelity_constrained_matched_geometry__seed11437
