record_id,trajectory_id,time_index,split,sample_index,agent_pixel_error,agent_patch_error,block_pixel_centroid_offset,block_patch_centroid_offset,agent_patch_support,block_patch_support
0,0,0,construction,0,0.001046405766521879,0.006946668435782354,0.08130635614028425,0.08097321394279881,2,16
0,0,0,construction,1,0.00097822733732915,0.006964129882865991,0.08106096504373425,0.08075819466138603,2,16
0,0,0,construction,2,0.0009735152194564083,0.006206767874334107,0.0820608957027955,0.08151369226100279,2,15
0,0,0,construction,3,0.00099174240306339,0.006515745500262243,0.0820608957027955,0.08151369226100279,3,15
0,0,0,construction,4,0.0011386122217240807,0.0069011450646126685,0.08160881955375845,0.08225299651768211,3,15
0,0,0,construction,5,0.0009648235202354689,0.007153941385886358,0.08171690001998326,0.08132414068121438,3,15
0,0,0,construction,6,0.0008254217029865014,0.006199035825188021,0.0826786126366745,0.08223055311123915,2,15
0,0,0,construction,7,0.0010612643651521632,0.005963446680415536,0.08278271836496078,0.08230961187904311,2,15
0,0,0,construction,8,0.0008255876700381848,0.005279260392432954,0.08165577067979111,0.08181767496707067,2,15
0,0,0,construction,9,0.0008289646138364704,0.004414033894986051,0.08182757631792315,0.08279605114229824,2,14
0,0,0,construction,10,0.001464072121984862,0.007178731906767991,0.08162399506218118,0.08097914810890672,3,15
0,0,0,construction,11,0.0006572007699667268,0.00615052832694646,0.0813873612831339,0.08097442303559485,2,16
0,0,0,construction,12,0.000741954108713675,0.00723543088022894,0.08139463330025594,0.08213492103754433,3,15
0,0,0,construction,13,0.0010456777086164978,0.007509522243134686,0.0820920141585561,0.08281401031329735,3,15
0,0,0,construction,14,0.001016268940564228,0.00650158681506444,0.08234488164074828,0.08185077879733349,2,15
0,0,0,construction,15,0.0009793950819306774,0.006148124130134119,0.08269869960441999,0.08236749647083912,2,16
0,0,0,construction,16,0.0016036633263051313,0.004367727528523244,0.0814213695502424,0.08172181315170483,2,16
0,0,0,construction,17,0.0006559713614948912,0.005983120776448926,0.08312434005353228,0.08355449063568904,1,16
0,0,0,construction,18,0.0010522532625246133,0.007383111769901332,0.08147151767352219,0.08087774521412508,3,15
0,0,0,construction,19,0.0010658761960684402,0.007483541363221158,0.08203404981515947,0.08243892945435778,3,16
0,0,0,construction,20,0.0013861667023976156,0.006875873481828903,0.08196099376488723,0.08236179291077983,3,16
0,0,0,construction,21,0.0009666217463484692,0.006196923380742092,0.08229487192370519,0.08272832173655768,2,16
0,0,0,construction,22,0.001599144159870953,0.0043741127902812696,0.08228370311552578,0.08190259805965996,2,15
0,0,0,construction,23,0.0006277642069583371,0.006013494271725861,0.08222713670179727,0.08221439915108927,1,15
0,0,0,construction,24,0.0010494168887919596,0.006481899474223109,0.08255958732121553,0.08249372043784102,2,15
0,0,0,construction,25,0.0008331700191305572,0.006153652016821617,0.08296789391387177,0.08296861735715629,2,16
1,0,1,construction,0,0.0007345712630896926,0.0035090228395963405,0.08130074038120857,0.08124346191264936,2,16
1,0,1,construction,1,0.0007345712630896926,0.0035090228395963405,0.08130075500407978,0.08124341367287075,2,16
1,0,1,construction,2,0.000459354271613168,0.002692795149029035,0.08244964367585171,0.08217566569278292,4,16
1,0,1,construction,3,0.000631274565085996,0.005145999844806474,0.08244964367585171,0.08217566569278292,4,16
1,0,1,construction,4,0.001115531051053896,0.0008784126861277476,0.082109459569938,0.0831063331259018,4,15
1,0,1,construction,5,0.001278088394583337,0.001995341320370523,0.08106051282712075,0.08093074203065811,4,17
1,0,1,construction,6,0.000769448119709009,0.005236938108581655,0.0817893745966468,0.08149772733223232,2,16
1,0,1,construction,7,0.0007027243476190517,0.00636545321220035,0.0817893745966468,0.08149772733223232,2,16
1,0,1,construction,8,0.0009511757686314984,0.00363377955224854,0.08237596565232937,0.08281868825684975,1,16
1,0,1,construction,9,0.0008199804871432972,0.006338402748958243,0.08280857613382582,0.08283300424213104,2,15
1,0,1,construction,10,0.0008774687841620513,0.0032619748924036414,0.08244956649503664,0.08217560448966503,4,16
1,0,1,construction,11,0.00045580626083048076,0.004741813772044887,0.08226890138331516,0.08202489422287573,2,16
1,0,1,construction,12,0.00037519089645105105,0.002764236766517176,0.08228598453675119,0.08327418197939576,4,15
1,0,1,construction,13,0.0012347075070008806,0.0007728413806718425,0.08140370185469592,0.08220118104904409,2,15
1,0,1,construction,14,0.0005475949654646646,0.0057465280685029775,0.08178923876879826,0.08149762269687905,2,16
1,0,1,construction,15,0.0009255071424323943,0.004908269211439808,0.08134531961167576,0.08107628289142305,2,16
1,0,1,construction,16,0.0011917023478980296,0.004868255596492296,0.0825794852694661,0.08308765462041025,1,16
1,0,1,construction,17,0.0008364692188849317,0.003673155258040155,0.08260179787216212,0.0832605265159367,2,16
1,0,1,construction,18,0.0004832073675207083,0.002784243893520674,0.08244962216270871,0.08217565933859182,4,16
1,0,1,construction,19,0.0012549931684019118,0.0008048534180643699,0.08242726318259738,0.08325371856550638,2,15
1,0,1,construction,20,0.0011178839938045908,0.0028214174509223603,0.08217779113460037,0.08301560814396608,4,15
1,0,1,construction,21,0.0004608072629526569,0.004699871506420557,0.08243265475285229,0.08325918324163036,2,15
1,0,1,construction,22,0.0011501753490529474,0.004895320919794264,0.08178925494079635,0.0814976377080742,1,16
1,0,1,construction,23,0.000797183464054313,0.0036547513990929873,0.08272902309771933,0.08295625844381528,2,16
1,0,1,construction,24,0.0004527123545068174,0.005822845943307759,0.08250205597164677,0.08278144615062022,2,16
1,0,1,construction,25,0.0007768365887579353,0.004707979196811379,0.08272591156926183,0.08295284114327253,2,16
2,0,2,construction,0,0.0011991704054127364,0.004517008740032646,0.08207344143054715,0.08226013385864425,2,16
2,0,2,construction,1,0.0011991704054127364,0.004517008740032646,0.08207344143054715,0.08226013385864425,2,16
2,0,2,construction,2,0.0004474066431895528,0.0036262261977838555,0.08143214622327166,0.08155287079804661,2,15
2,0,2,construction,3,0.0003589238489514899,0.005191481189107394,0.08143214622327166,0.08155287079804661,2,15
2,0,2,construction,4,0.0005348799625375505,0.002587733684620349,0.08141437710485985,0.08212614484063148,2,14
2,0,2,construction,5,0.0008487072468976729,5.1614710727905725e-05,0.08140986974614593,0.08160282097936913,2,16
2,0,2,construction,6,0.0009524425929335275,0.004538158999755351,0.08143266288834154,0.08155298125379758,4,15
2,0,2,construction,7,0.000929763170356211,0.0058207727012945226,0.08143266288834154,0.08155298125379758,3,15
2,0,2,construction,8,0.0009846766816128706,0.004529422453464444,0.08286465173315699,0.08365580806375886,4,16
2,0,2,construction,9,0.0007417911246055407,0.00556281876790571,0.08261915916753582,0.08216546807504692,3,15
2,0,2,construction,10,0.001704927629032918,0.004099717336982865,0.08143214622327166,0.08155287079804661,2,15
2,0,2,construction,11,0.0006769713452106745,0.005645876467810423,0.08129735946198964,0.08141008691078833,2,15
2,0,2,construction,12,0.00029199152823550467,0.00032492861966428553,0.08208807313380298,0.0826291171680836,2,14
2,0,2,construction,13,0.0006480635267285291,0.005610315628106358,0.08149005960294006,0.08193393577618528,1,15
2,0,2,construction,14,0.0012497431681687183,0.006332984701691281,0.08143247246525201,0.08155293665524264,3,15
2,0,2,construction,15,0.0008642390422127504,0.00529017635003298,0.08129763825826548,0.08141007909834821,2,15
2,0,2,construction,16,0.001260487961300698,0.006381226591391921,0.08250181100341623,0.08325786428928394,3,15
2,0,2,construction,17,0.0010203529625713416,0.005311908063183529,0.08279334212931255,0.08362194753097543,2,15
2,0,2,construction,18,7.317785336171482e-05,7.317785336163497e-05,0.08143214622327166,0.08155287079804661,2,15
2,0,2,construction,19,0.000690854800810125,0.0056532292234411875,0.08221180084002234,0.08309082961989621,1,14
2,0,2,construction,20,0.0018781834842602635,0.0036627279876239463,0.08191059008947532,0.0827110944268774,2,14
2,0,2,construction,21,0.00043787381725248376,0.005555943009229338,0.08212800915401529,0.08301706452552352,2,14
2,0,2,construction,22,0.0011561050174112302,0.006244155602234096,0.08143245871839559,0.08155291755484587,3,15
2,0,2,construction,23,0.0009972636463024664,0.005289416738483723,0.08180967782948372,0.08242280454416633,2,16
2,0,2,construction,24,0.0012301425102309227,0.006314754104014926,0.08176442193767439,0.08239369037509332,3,16
2,0,2,construction,25,0.0009481910117790354,0.0052372486773127275,0.0818085025891599,0.08242122753668815,2,16
3,0,3,construction,0,0.0012937030605645451,0.003940943285331849,0.08352926176646604,0.08434936286543426,2,14
3,0,3,construction,1,0.0012937030605645451,0.003940943285331849,0.08352926176646604,0.08434936286543426,2,14
3,0,3,construction,2,0.0013620892005091853,0.0020986013476323056,0.0821528224392853,0.08300061702483254,4,15
3,0,3,construction,3,0.0015431053524585232,0.00515583245803782,0.08295458778923745,0.08388167411115303,4,16
3,0,3,construction,4,0.0012801953437471018,0.0006887131011108362,0.08193536349055985,0.08221573484113223,4,16
3,0,3,construction,5,0.0014169015512639621,0.0016662543842402347,0.08182999116881745,0.08151172428090189,4,17
3,0,3,construction,6,0.0003582815441457785,0.004437962301710627,0.08240393754035738,0.08315504990230543,1,15
3,0,3,construction,7,0.001068949316003903,0.006179238781944541,0.08240393754035738,0.08315504990230543,2,15
3,0,3,construction,8,0.0010751997381350537,0.006766144838992038,0.08170954626396035,0.08182398142616888,2,15
3,0,3,construction,9,0.0009656245165504707,0.005604815587364115,0.08243865288522258,0.08229199129019622,2,16
3,0,3,construction,10,0.0016362490431441278,0.0041081030863197344,0.08279602296369787,0.08360665504440147,4,15
3,0,3,construction,11,0.0011614508439117307,0.00526697753320083,0.08292034530616565,0.0838524313536143,3,15
3,0,3,construction,12,0.0013644154627202873,0.0010176218121927879,0.08201077877277145,0.08230082528680673,4,17
3,0,3,construction,13,0.001224306073136783,0.0025994310598395375,0.0829434688666326,0.08305473969942835,2,17
3,0,3,construction,14,0.0009859508729525655,0.005892188439635425,0.08240398665308124,0.08315519012548722,1,15
3,0,3,construction,15,0.00037196974645712624,0.004044708393727043,0.08237311738863437,0.08317845038271728,2,15
3,0,3,construction,16,0.0007370577904611812,0.006561031991964502,0.0826941303801836,0.08273617902481606,2,15
3,0,3,construction,17,0.000956765512174651,0.00512914955648314,0.08233715375227861,0.0820450188191761,2,16
3,0,3,construction,18,0.0011174151493038211,0.0010312228049168765,0.08212981506949034,0.0828577159435642,4,15
3,0,3,construction,19,0.0012377559938862707,0.0026422987591767323,0.08159318890462754,0.0819922937166678,2,15
3,0,3,construction,20,0.001857282937755907,0.0033208608065101266,0.08293598193546058,0.08337735626211171,4,15
3,0,3,construction,21,0.0011409379000192395,0.005224419914553375,0.08179754715395457,0.0821834480027312,3,15
3,0,3,construction,22,0.0005373769553980196,0.00663750239022082,0.08240394819615617,0.08315514652318423,2,15
3,0,3,construction,23,0.000965719112935019,0.005157244771331259,0.08311155338231868,0.08368762434813658,2,15
3,0,3,construction,24,0.0010031243127885739,0.005911612470226371,0.08324855890837463,0.0837542005937927,1,15
3,0,3,construction,25,0.0003548586282730508,0.004033923461773763,0.08320602051947118,0.0837821549931144,2,15
4,0,4,construction,0,0.0013209751355329662,0.005210080607374188,0.08297499311180201,0.08296485796420665,2,15
4,0,4,construction,1,0.0013209751355329662,0.005210080607374188,0.08297499311180201,0.08296485796420665,2,15
4,0,4,construction,2,0.0006640381358421185,0.005549225877627305,0.08279943765763832,0.08276094817856917,3,15
4,0,4,construction,3,0.0008976616523721101,0.007078012426946261,0.08154496529945603,0.08128905932693414,3,15
4,0,4,construction,4,0.0007522013096308407,0.004720480308824674,0.08160143367182111,0.0811336537801219,4,15
4,0,4,construction,5,0.0008904107246805484,0.006749267261342221,0.08249407770106403,0.08245625724557276,3,17
4,0,4,construction,6,0.001048654554133338,0.0034404804383034596,0.08265762090006176,0.08279441364189073,2,15
4,0,4,construction,7,0.0007442900349100557,0.0030099421481528444,0.08265762090006176,0.08279441364189073,2,15
4,0,4,construction,8,0.00128679060966622,0.0043501562678843015,0.08157334730029157,0.08114327059917067,2,16
4,0,4,construction,9,0.0007494630546761055,0.006157233505253197,0.08243489996795295,0.0823249765195196,2,16
4,0,4,construction,10,0.0008029864188327535,0.006154475070206943,0.08199866568380555,0.08194930913019169,3,15
4,0,4,construction,11,0.0006391029202858994,0.006337306887529301,0.08147808713101626,0.08116868591894721,2,15
4,0,4,construction,12,0.0004750228357443061,0.005156547458265801,0.08264994141890095,0.08222249349619036,3,15
4,0,4,construction,13,0.0008204542952272734,0.004761757538722764,0.0825775418643336,0.08229392924968638,2,16
4,0,4,construction,14,0.00031746025013418554,0.0029798757846569543,0.08265762090006176,0.08279441364189073,2,15
4,0,4,construction,15,0.0010269226297641206,0.006096577840102376,0.08265694386190592,0.08274554076187829,1,15
4,0,4,construction,16,0.001379388035452162,0.006531344033822571,0.08201808800246713,0.08166567911909457,2,15
4,0,4,construction,17,0.000964379469175369,0.006723667794658183,0.08282916578301135,0.08316711757426454,2,15
4,0,4,construction,18,0.0004417082647446631,0.005256149949742359,0.08256628753664536,0.08264339614917403,3,16
4,0,4,construction,19,0.0008330933816803655,0.004763951530990405,0.08213172696041242,0.0816216660358934,2,14
4,0,4,construction,20,0.0010944213829529872,0.005662989216312241,0.0813994966319388,0.08108211589601641,3,16
4,0,4,construction,21,0.0006712972128167479,0.00630847790010071,0.08230291107575553,0.08194978782315764,2,16
4,0,4,construction,22,0.001090366540888972,0.006599084279290865,0.08265762090006176,0.08279441364189073,2,15
4,0,4,construction,23,0.0009352333900589294,0.006685181941560866,0.08129608632473452,0.08091118976095003,2,16
4,0,4,construction,24,0.00029452952079099336,0.0029775201628514537,0.08137552548668663,0.08107942710722395,2,16
4,0,4,construction,25,0.0010549754295315537,0.006134105809968504,0.08139778477453748,0.08099345692576511,1,16
5,1,0,evaluation,0,0.0009498579164386887,0.00516520721755113,0.07940248685253046,0.08001847142772,1,16
5,1,0,evaluation,1,0.0009498579164386887,0.00516520721755113,0.07940248685253046,0.08001847142772,1,16
5,1,0,evaluation,2,0.00022580993269584663,0.0036184339710373615,0.07940248685253046,0.08001847142772,2,16
5,1,0,evaluation,3,0.0006760228005328473,0.004912429929341839,0.07940248685253046,0.08001847142772,2,16
5,1,0,evaluation,4,0.00042341271788073827,0.004293337578315149,0.07940248685253046,0.08001847142772,2,16
5,1,0,evaluation,5,0.00031079040543551103,0.006418661586664272,0.07940248685253046,0.08001847142772,2,16
5,1,0,evaluation,6,0.0011312927344163076,0.004309363539137384,0.07940248685253046,0.08001847142772,2,16
5,1,0,evaluation,7,0.0013434644600172584,0.004430027834722861,0.07940248685253046,0.08001847142772,2,16
5,1,0,evaluation,8,0.0008909592876905146,0.00430748429579153,0.07940248685253046,0.08001847142772,2,16
5,1,0,evaluation,9,0.0005180865109709712,0.005976724137404327,0.07940248685253046,0.08001847142772,2,16
5,1,0,evaluation,10,0.00043898162675621314,0.003713772626219276,0.07940248685253046,0.08001847142772,2,16
5,1,0,evaluation,11,0.00019465278620237148,0.004305567654859652,0.07940248685253046,0.08001847142772,1,16
5,1,0,evaluation,12,0.0004991498428815162,0.005577205195675878,0.07940248685253046,0.08001847142772,2,16
5,1,0,evaluation,13,0.00045165598639616155,0.0061732812186597544,0.07940248685253046,0.08001847142772,2,16
5,1,0,evaluation,14,0.0009218804525400915,0.004664447731661059,0.07940248685253046,0.08001847142772,2,16
5,1,0,evaluation,15,0.001106249151582755,0.004302856963330434,0.07940248685253046,0.08001847142772,1,16
5,1,0,evaluation,16,0.001471030947970636,0.006995391663452427,0.07940248685253046,0.08001847142772,2,16
5,1,0,evaluation,17,0.0009017777556515086,0.0061083807505534484,0.07940248685253046,0.08001847142772,1,16
5,1,0,evaluation,18,0.0005203132799954965,0.005557228600472627,0.07940248685253046,0.08001847142772,2,16
5,1,0,evaluation,19,0.0004155078040431512,0.006138328091041215,0.07940248685253046,0.08001847142772,2,16
5,1,0,evaluation,20,0.00046484125960495853,0.003706608585905359,0.07940248685253046,0.08001847142772,2,16
5,1,0,evaluation,21,0.00023479590271982943,0.004329735044024731,0.07940248685253046,0.08001847142772,1,16
5,1,0,evaluation,22,0.0014484200338845787,0.006974609259916577,0.07940248685253046,0.08001847142772,2,16
5,1,0,evaluation,23,0.0008880834113470363,0.006074329355854208,0.07940248685253046,0.08001847142772,1,16
5,1,0,evaluation,24,0.0009119780955949796,0.00464867277263633,0.07940248685253046,0.08001847142772,2,16
5,1,0,evaluation,25,0.001138497816992551,0.00431126062083939,0.07940248685253046,0.08001847142772,1,16
6,1,1,evaluation,0,0.0011225059419802488,0.004663127566984583,0.07940248685253046,0.08001847142772,4,16
6,1,1,evaluation,1,0.0011225059419802488,0.004663127566984583,0.07940248685253046,0.08001847142772,4,16
6,1,1,evaluation,2,0.0008624368209384097,0.0044065471393955336,0.07940248685253046,0.08001847142772,2,16
6,1,1,evaluation,3,0.0014582771519413896,0.006056360855141765,0.07940248685253046,0.08001847142772,3,16
6,1,1,evaluation,4,0.0007876076625112305,0.006319259541992613,0.07940248685253046,0.08001847142772,2,16
6,1,1,evaluation,5,0.0014315047323215755,0.005911891197536119,0.07940248685253046,0.08001847142772,3,16
6,1,1,evaluation,6,0.00044890639524985173,0.005323601832335842,0.07940248685253046,0.08001847142772,4,16
6,1,1,evaluation,7,0.0010900279257786397,0.0060032104803025045,0.07940248685253046,0.08001847142772,3,16
6,1,1,evaluation,8,0.000872131648505536,0.0031695096864325597,0.07940248685253046,0.08001847142772,4,16
6,1,1,evaluation,9,0.001122610962580958,0.0025536615675523597,0.07940248685253046,0.08001847142772,4,16
6,1,1,evaluation,10,0.0008535779731441941,0.006445835876570605,0.07940248685253046,0.08001847142772,2,16
6,1,1,evaluation,11,0.0008455867067941257,0.004403280288638408,0.07940248685253046,0.08001847142772,4,16
6,1,1,evaluation,12,0.0011564687537303497,0.0075673134831353225,0.07940248685253046,0.08001847142772,3,16
6,1,1,evaluation,13,0.0007972555377382893,0.00497909476930425,0.07940248685253046,0.08001847142772,4,16
6,1,1,evaluation,14,0.0008075023916249648,0.005030852726178611,0.07940248685253046,0.08001847142772,4,16
6,1,1,evaluation,15,0.00041664919097782167,0.005052011003513763,0.07940248685253046,0.08001847142772,4,16
6,1,1,evaluation,16,0.0007886223248661653,0.0022894471126180564,0.07940248685253046,0.08001847142772,4,16
6,1,1,evaluation,17,0.0008498334455867961,0.00570641471666097,0.07940248685253046,0.08001847142772,3,16
6,1,1,evaluation,18,0.0011683087552971125,0.007588221945308954,0.07940248685253046,0.08001847142772,3,16
6,1,1,evaluation,19,0.000785090039769733,0.004997262455726714,0.07940248685253046,0.08001847142772,4,16
6,1,1,evaluation,20,0.0008658233672402336,0.0064644139432475335,0.07940248685253046,0.08001847142772,2,16
6,1,1,evaluation,21,0.0008674112361588785,0.0044075234173194455,0.07940248685253046,0.08001847142772,4,16
6,1,1,evaluation,22,0.0008093529291075412,0.0023059676700915247,0.07940248685253046,0.08001847142772,4,16
6,1,1,evaluation,23,0.0008786111388414925,0.005745597655870812,0.07940248685253046,0.08001847142772,3,16
6,1,1,evaluation,24,0.0008253193007713386,0.005007102534665923,0.07940248685253046,0.08001847142772,4,16
6,1,1,evaluation,25,0.0004581233362049494,0.0050109283530195255,0.07940248685253046,0.08001847142772,4,16
7,1,2,evaluation,0,0.001102510248405657,0.0020195263628888537,0.07940248685253046,0.08001847142772,2,16
7,1,2,evaluation,1,0.001102510248405657,0.0020195263628888537,0.07940248685253046,0.08001847142772,2,16
7,1,2,evaluation,2,0.001756807676485814,0.0007031940023279621,0.07940248685253046,0.08001847142772,4,16
7,1,2,evaluation,3,0.0008335816116971848,0.0038747205079295217,0.07940248685253046,0.08001847142772,4,16
7,1,2,evaluation,4,0.0015615060568600087,0.0005185097149003268,0.07940248685253046,0.08001847142772,4,16
7,1,2,evaluation,5,0.0014533501932662784,0.004610166781135629,0.07940248685253046,0.08001847142772,4,16
7,1,2,evaluation,6,0.00011844284054717933,0.0028414143673838052,0.07940248685253046,0.08001847142772,1,16
7,1,2,evaluation,7,0.00046190996992910636,0.005322657756824413,0.07940248685253046,0.08001847142772,2,16
7,1,2,evaluation,8,0.00036316231513079477,0.005432189870878494,0.07940248685253046,0.08001847142772,2,16
7,1,2,evaluation,9,0.00036737515195157136,0.004623290869546768,0.07940248685253046,0.08001847142772,2,16
7,1,2,evaluation,10,0.0009735856263963892,0.0031511980716086786,0.07940248685253046,0.08001847142772,4,16
7,1,2,evaluation,11,0.001770442317025121,0.0007365966268343977,0.07940248685253046,0.08001847142772,2,16
7,1,2,evaluation,12,0.001113887672072848,0.0044344823521854605,0.07940248685253046,0.08001847142772,4,16
7,1,2,evaluation,13,0.0015852651681028688,0.004767104484768115,0.07940248685253046,0.08001847142772,2,16
7,1,2,evaluation,14,0.000874783367936643,0.004916456692735572,0.07940248685253046,0.08001847142772,1,16
7,1,2,evaluation,15,9.742914826726189e-05,0.0021100434724256145,0.07940248685253046,0.08001847142772,2,16
7,1,2,evaluation,16,0.00019676431843736452,0.005451927918389619,0.07940248685253046,0.08001847142772,2,16
7,1,2,evaluation,17,0.0003374843343204076,0.0038361903798017627,0.07940248685253046,0.08001847142772,2,16
7,1,2,evaluation,18,0.0011012226697493092,0.00440862313625557,0.07940248685253046,0.08001847142772,4,16
7,1,2,evaluation,19,0.0015548036363987364,0.004724346496070014,0.07940248685253046,0.08001847142772,2,16
7,1,2,evaluation,20,0.0009655203551657971,0.0031259657037359767,0.07940248685253046,0.08001847142772,4,16
7,1,2,evaluation,21,0.0017530246915472688,0.0006936888076976089,0.07940248685253046,0.08001847142772,2,16
7,1,2,evaluation,22,0.0001709698667795864,0.005476124238837702,0.07940248685253046,0.08001847142772,2,16
7,1,2,evaluation,23,0.00037067095345813566,0.003872794740575252,0.07940248685253046,0.08001847142772,2,16
7,1,2,evaluation,24,0.0008999880184326715,0.00494024317388386,0.07940248685253046,0.08001847142772,1,16
7,1,2,evaluation,25,0.00012541308938597432,0.002097283709304781,0.07940248685253046,0.08001847142772,2,16
8,1,3,evaluation,0,0.0006243011458401878,0.005866294748899883,0.07940248685253046,0.08001847142772,4,16
8,1,3,evaluation,1,0.0006243011458401878,0.005866294748899883,0.07940248685253046,0.08001847142772,4,16
8,1,3,evaluation,2,0.0002879713456456754,0.0063084605946966835,0.07940248685253046,0.08001847142772,2,16
8,1,3,evaluation,3,0.00035512647150052427,0.007099002908356852,0.07954680590781607,0.08013554774707785,2,16
8,1,3,evaluation,4,0.001248511728403469,0.006909730713686892,0.07940248685253046,0.08001847142772,3,16
8,1,3,evaluation,5,0.0010964669664741457,0.007573374019923864,0.07940248685253046,0.08001847142772,3,16
8,1,3,evaluation,6,0.0007520661822232417,0.004940634498881695,0.0794367289724641,0.08005183978548401,4,16
8,1,3,evaluation,7,0.00034030070900155303,0.0026650507706005274,0.07940248685253046,0.08001847142772,4,16
8,1,3,evaluation,8,0.0006273820591740645,0.0043415073258770325,0.07940248685253046,0.08001847142772,4,16
8,1,3,evaluation,9,0.00041265369594420577,0.005631165078841975,0.07940248685253046,0.08001847142772,3,16
8,1,3,evaluation,10,0.0007549705447908326,0.006055133760931152,0.07940248685253046,0.08001847142772,2,16
8,1,3,evaluation,11,0.00031889975121285,0.005539560113402898,0.07940248685253046,0.08001847142772,4,16
8,1,3,evaluation,12,0.00036814363652074245,0.006839241144821121,0.07940248685253046,0.08001847142772,3,16
8,1,3,evaluation,13,0.0012161640467484923,0.007405345053222295,0.07940248685253046,0.08001847142772,3,16
8,1,3,evaluation,14,0.0006884733439638135,0.0017243939133494604,0.07943881534210574,0.08005183978548401,4,16
8,1,3,evaluation,15,0.0007854633643668058,0.004977709621637091,0.07940248685253046,0.08001847142772,3,16
8,1,3,evaluation,16,0.0002333010076830583,0.005884667291219849,0.07940248685253046,0.08001847142772,3,16
8,1,3,evaluation,17,0.0006562574794691763,0.005964172364172961,0.07940248685253046,0.08001847142772,4,16
8,1,3,evaluation,18,0.0003536165579747242,0.0068561292690614084,0.07940248685253046,0.08001847142772,3,16
8,1,3,evaluation,19,0.0012577269584262913,0.007433592518863845,0.07940248685253046,0.08001847142772,3,16
8,1,3,evaluation,20,0.000729294472785615,0.006068084779749998,0.07940248685253046,0.08001847142772,2,16
8,1,3,evaluation,21,0.00027927457259315283,0.005526138079199848,0.07940248685253046,0.08001847142772,4,16
8,1,3,evaluation,22,0.0002074201402074485,0.005861054349916604,0.07944270306556467,0.08005183978548401,3,16
8,1,3,evaluation,23,0.0006192483939005069,0.005924157048672473,0.07940248685253046,0.08001847142772,4,16
8,1,3,evaluation,24,0.0006720528280884104,0.0017309998361095672,0.07940248685253046,0.08001847142772,4,16
8,1,3,evaluation,25,0.0007425328275014415,0.005015124649069948,0.07940248685253046,0.08001847142772,3,16
9,1,4,evaluation,0,0.0009051852755003862,0.0065632806737233275,0.0794288111818873,0.08005183978548401,3,16
9,1,4,evaluation,1,0.0009051852755003862,0.0065632806737233275,0.0794288111818873,0.08005183978548401,3,16
9,1,4,evaluation,2,0.001138347856888531,0.006122289011703309,0.07942130699243008,0.08004337456290607,3,16
9,1,4,evaluation,3,0.0010496248052175954,0.005065802497082843,0.0797559206289422,0.07965964386309257,4,14
9,1,4,evaluation,4,0.0010573473235390208,0.006060756896982604,0.07940248685253046,0.08001847142772,3,16
9,1,4,evaluation,5,0.000835096106788567,0.006648548115435333,0.07940248685253046,0.08001847142772,3,16
9,1,4,evaluation,6,0.0007951541811317055,0.006661951272547039,0.07956118645395735,0.08021888257688463,3,17
9,1,4,evaluation,7,0.0009676414458483891,0.007265551875532872,0.0799666710540384,0.08077847226408326,3,16
9,1,4,evaluation,8,0.0008049429370028433,0.0052149271400973325,0.07940248685253046,0.08001847142772,3,16
9,1,4,evaluation,9,0.0012244921571734897,0.005156319651955081,0.07940248685253046,0.08001847142772,4,16
9,1,4,evaluation,10,0.0007578642514236762,0.0044557582745178405,0.0794291522298783,0.08006484504404819,4,16
9,1,4,evaluation,11,0.0013415041655423618,0.007041157557664365,0.07981144081395086,0.08055821575998268,2,16
9,1,4,evaluation,12,0.0011674492670825296,0.0077029273814245985,0.07940248685253046,0.08001847142772,3,16
9,1,4,evaluation,13,0.00107062944738396,0.007542522723061378,0.07942478095063243,0.08005183978548401,3,16
9,1,4,evaluation,14,0.0007069738287718078,0.006767051377799805,0.07962164587078724,0.08028578917809344,3,17
9,1,4,evaluation,15,0.0007852476695930918,0.006866252213709074,0.07948461231963296,0.08011861740063907,3,16
9,1,4,evaluation,16,0.0008169754563726046,0.0049872354019375245,0.07940248685253046,0.08001847142772,4,16
9,1,4,evaluation,17,0.0007737985774170106,0.007112200779216086,0.07940248685253046,0.08001847142772,3,16
9,1,4,evaluation,18,0.0011533681124204938,0.00768199563168072,0.07943374194645753,0.08005183978548401,3,16
9,1,4,evaluation,19,0.0010537306724781612,0.007508462678687797,0.07942478095063243,0.08005183978548401,3,16
9,1,4,evaluation,20,0.0007465848956705524,0.0044538536778605115,0.07940248685253046,0.08001847142772,4,16
9,1,4,evaluation,21,0.0011308848503065378,0.006366066787980253,0.07946311027748473,0.08008522185461728,3,16
9,1,4,evaluation,22,0.0008351641647028073,0.004994775835051449,0.07948148854529509,0.08015202619051548,4,17
9,1,4,evaluation,23,0.0008138738598265069,0.007144054277370205,0.07940248685253046,0.08001847142772,3,16
9,1,4,evaluation,24,0.0007224521942970051,0.006748346357903299,0.07940248685253046,0.08001847142772,3,16
9,1,4,evaluation,25,0.000798218431351986,0.006835267981307484,0.07948461231963296,0.08011861740063907,3,16
10,2,0,construction,0,0.0009782406748787865,0.006964148017018484,0.0793018649532416,0.07915661229544656,2,17
10,2,0,construction,1,0.0009782406748787865,0.006964148017018484,0.0793018649532416,0.07915661229544656,2,17
10,2,0,construction,2,0.0008254391594514861,0.006199056197477117,0.0793018649532416,0.07915661229544656,2,17
10,2,0,construction,3,0.0010612779423585157,0.005963467857519907,0.0793018649532416,0.07915661229544656,2,17
10,2,0,construction,4,0.0006339125953078001,0.005104029308866384,0.0793018649532416,0.07915661229544656,2,17
10,2,0,construction,5,0.0006219017236958165,0.004475587304306787,0.0793018649532416,0.07915661229544656,2,17
10,2,0,construction,6,0.001061270899006449,0.00690114506461264,0.0793018649532416,0.07915661229544656,3,17
10,2,0,construction,7,0.0009328470542514676,0.007215767222866235,0.0793018649532416,0.07915661229544656,3,17
10,2,0,construction,8,0.0009735152194564445,0.006206767874333986,0.0793018649532416,0.07915661229544656,2,17
10,2,0,construction,9,0.0009917424030632669,0.00651574550026222,0.0793018649532416,0.07915661229544656,3,17
10,2,0,construction,10,0.0010162973034940623,0.0065016062393330335,0.0793018649532416,0.07915661229544656,2,17
10,2,0,construction,11,0.0007985780894799421,0.006184905301990159,0.0793018649532416,0.07915661229544656,2,17
10,2,0,construction,12,0.001392964894395667,0.004316156450114368,0.0793018649532416,0.07915661229544656,2,17
10,2,0,construction,13,0.0006559933271732566,0.005983141883917657,0.0793018649532416,0.07915661229544656,1,17
10,2,0,construction,14,0.0010669312713428496,0.007400389419306777,0.0793018649532416,0.07915661229544656,3,17
10,2,0,construction,15,0.0010456777086164978,0.0075095222431346195,0.0793018649532416,0.07915661229544656,3,17
10,2,0,construction,16,0.001464072121984862,0.00717873190676793,0.0793018649532416,0.07915661229544656,3,17
10,2,0,construction,17,0.0009980072108568855,0.006186420675552852,0.0793018649532416,0.07915661229544656,2,17
10,2,0,construction,18,0.0014084541250117626,0.004321180200721547,0.0793018649532416,0.07915661229544656,2,17
10,2,0,construction,19,0.0006277871595791185,0.006013515272583472,0.0793018649532416,0.07915661229544656,1,17
10,2,0,construction,20,0.0010245745546703072,0.006481918957488459,0.0793018649532416,0.07915661229544656,2,17
10,2,0,construction,21,0.0008331873132571977,0.006153672539357838,0.0793018649532416,0.07915661229544656,2,17
10,2,0,construction,22,0.0014408725016520193,0.007164314264920456,0.0793018649532416,0.07915661229544656,3,17
10,2,0,construction,23,0.0009666432184711035,0.006196915995235715,0.0793018649532416,0.07915661229544656,2,17
10,2,0,construction,24,0.0010522532625246133,0.007383111769901296,0.0793018649532416,0.07915661229544656,3,17
10,2,0,construction,25,0.0010658761960684402,0.00748354136322109,0.0793018649532416,0.07915661229544656,3,17
11,2,1,construction,0,0.00048709909098812383,0.004235994521037007,0.0793018649532416,0.07915661229544656,4,17
11,2,1,construction,1,0.00048709909098812383,0.004235994521037007,0.0793018649532416,0.07915661229544656,4,17
11,2,1,construction,2,0.0006621673145606687,0.007023508741585336,0.0793018649532416,0.07915661229544656,3,17
11,2,1,construction,3,0.0005377965943795828,0.006058519220936421,0.0793018649532416,0.07915661229544656,4,17
11,2,1,construction,4,0.0010775908135566903,0.005327260650723325,0.0793018649532416,0.07915661229544656,2,17
11,2,1,construction,5,0.0005692559544482298,0.005909668795971716,0.0793018649532416,0.07915661229544656,2,17
11,2,1,construction,6,0.0006694796644159004,0.005175040695499255,0.0793018649532416,0.07915661229544656,3,17
11,2,1,construction,7,0.0002208554340481208,0.003751416185562328,0.0793018649532416,0.07915661229544656,2,17
11,2,1,construction,8,0.0007758416795008986,0.006767706320268268,0.0793018649532416,0.07915661229544656,3,17
11,2,1,construction,9,0.0005087688020123268,0.004275629666101507,0.0793018649532416,0.07915661229544656,4,17
11,2,1,construction,10,0.0007551048640679667,0.005938723586195815,0.0793018649532416,0.07915661229544656,4,17
11,2,1,construction,11,0.0006859227978235084,0.004971143785694712,0.0793018649532416,0.07915661229544656,4,17
11,2,1,construction,12,0.0010149549198158424,0.004644972817002545,0.0793018649532416,0.07915661229544656,2,17
11,2,1,construction,13,0.0011097444523371306,0.005217730512265692,0.0793018649532416,0.07915661229544656,4,17
11,2,1,construction,14,0.0005064183503635775,0.0025952938393792027,0.0793018649532416,0.07915661229544656,2,17
11,2,1,construction,15,0.0006966226110145696,0.004361455396073906,0.0793018649532416,0.07915661229544656,4,17
11,2,1,construction,16,0.0008428163894799206,0.004516978922478461,0.0793018649532416,0.07915661229544656,4,17
11,2,1,construction,17,0.000808826912819255,0.004542416600776733,0.0793018649532416,0.07915661229544656,4,17
11,2,1,construction,18,0.0009925334724398462,0.004652609790099353,0.0793018649532416,0.07915661229544656,2,17
11,2,1,construction,19,0.001068360548906419,0.005188647196341966,0.0793018649532416,0.07915661229544656,4,17
11,2,1,construction,20,0.0007435377036745376,0.005956666717862197,0.0793018649532416,0.07915661229544656,4,17
11,2,1,construction,21,0.00065553410191494,0.004997130789310467,0.0793018649532416,0.07915661229544656,4,17
11,2,1,construction,22,0.0008170782133025804,0.004536228378078904,0.0793018649532416,0.07915661229544656,4,17
11,2,1,construction,23,0.000766453010289284,0.004574327727644698,0.0793018649532416,0.07915661229544656,4,17
11,2,1,construction,24,0.0004849333004441759,0.0025911871551499927,0.0793018649532416,0.07915661229544656,2,17
11,2,1,construction,25,0.0006618604427274169,0.0043267893458511985,0.0793018649532416,0.07915661229544656,4,17
12,2,2,construction,0,0.001211771138236404,0.006815955926240863,0.0793018649532416,0.07915661229544656,3,17
12,2,2,construction,1,0.001211771138236404,0.006815955926240863,0.0793018649532416,0.07915661229544656,3,17
12,2,2,construction,2,0.0012676243377210598,0.006761143448199067,0.0793018649532416,0.07915661229544656,4,17
12,2,2,construction,3,0.0013023364447662168,0.006677876957871006,0.0793018649532416,0.07915661229544656,3,17
12,2,2,construction,4,0.0011100880646282862,0.0054251907463393825,0.0793018649532416,0.07915661229544656,4,17
12,2,2,construction,5,0.0011379012326054399,0.005147916763177238,0.0793018649532416,0.07915661229544656,4,17
12,2,2,construction,6,0.0005678142385477416,0.007976978788683486,0.0793018649532416,0.07915661229544656,3,17
12,2,2,construction,7,0.0009577357416115375,0.006151544590665996,0.0793018649532416,0.07915661229544656,3,17
12,2,2,construction,8,0.0005529160017218845,0.007597228825872701,0.0793018649532416,0.07915661229544656,2,17
12,2,2,construction,9,0.001082391095229678,0.006219803527635505,0.0793018649532416,0.07915661229544656,2,17
12,2,2,construction,10,0.0013111785122286483,0.007105841479193836,0.0793018649532416,0.07915661229544656,3,17
12,2,2,construction,11,0.0012527827130641666,0.006751835385118496,0.0793018649532416,0.07915661229544656,3,17
12,2,2,construction,12,0.0015833279574313192,0.005291564132052654,0.0793018649532416,0.07915661229544656,4,17
12,2,2,construction,13,0.001128631957949047,0.006064161114483726,0.0793018649532416,0.07915661229544656,2,17
12,2,2,construction,14,0.0012722098266429345,0.007599026424833424,0.0793018649532416,0.07915661229544656,3,17
12,2,2,construction,15,0.0005763277808443346,0.007103470238678464,0.0793018649532416,0.07915661229544656,3,17
12,2,2,construction,16,0.0007436122676447057,0.005450889711860439,0.0793018649532416,0.07915661229544656,2,17
12,2,2,construction,17,0.000553844092464845,0.006462616362334161,0.0793018649532416,0.07915661229544656,3,17
12,2,2,construction,18,0.0015986276265280352,0.005296162179459876,0.0793018649532416,0.07915661229544656,4,17
12,2,2,construction,19,0.0011049178583803253,0.006093261522006517,0.0793018649532416,0.07915661229544656,2,17
12,2,2,construction,20,0.0013131365669349021,0.007087214344235921,0.0793018649532416,0.07915661229544656,3,17
12,2,2,construction,21,0.0012720213669885926,0.0067217743393347944,0.0793018649532416,0.07915661229544656,3,17
12,2,2,construction,22,0.0007515544861300478,0.00545197886935528,0.0793018649532416,0.07915661229544656,2,17
12,2,2,construction,23,0.0005530207042667828,0.006444710870499724,0.0793018649532416,0.07915661229544656,3,17
12,2,2,construction,24,0.0012929669160349126,0.007617267682675142,0.0793018649532416,0.07915661229544656,3,17
12,2,2,construction,25,0.0005657263996827577,0.007127752690920331,0.0793018649532416,0.07915661229544656,3,17
13,2,3,construction,0,0.0009973337289720355,0.007035485923874814,0.0793018649532416,0.07915661229544656,2,17
13,2,3,construction,1,0.0009973337289720355,0.007035485923874814,0.0793018649532416,0.07915661229544656,2,17
13,2,3,construction,2,0.0009766135579074348,0.006484651536943568,0.0793018649532416,0.07915661229544656,2,17
13,2,3,construction,3,0.0009901973434238503,0.004273125933895397,0.0793018649532416,0.07915661229544656,2,17
13,2,3,construction,4,0.0005693339508866635,0.006907974713872157,0.0790588898931594,0.07889248052393938,2,17
13,2,3,construction,5,0.0008877348824077317,0.005048803848336718,0.07891033208787473,0.07869792571157869,1,16
13,2,3,construction,6,0.0011339994370506117,0.006660043049360606,0.07920739453207565,0.0790683392845487,4,17
13,2,3,construction,7,0.001028931241445762,0.0079052248339303,0.07918646090379484,0.0790683392845487,3,17
13,2,3,construction,8,0.0009316428095652627,0.006047100615225422,0.0793018649532416,0.07915661229544656,4,17
13,2,3,construction,9,0.0008201863612737126,0.00619530516435632,0.0793018649532416,0.07915661229544656,4,17
13,2,3,construction,10,0.0005056576663519678,0.0051920435264752075,0.0793018649532416,0.07915661229544656,2,17
13,2,3,construction,11,0.000985217037372223,0.006521214497802361,0.0793018649532416,0.07915661229544656,2,17
13,2,3,construction,12,0.0006717625180149415,0.00593929453124295,0.0790663840153734,0.07889248052393938,1,17
13,2,3,construction,13,0.0005506255022058183,0.0055188208837095515,0.0793018649532416,0.07915661229544656,2,17
13,2,3,construction,14,0.0012314858997571048,0.0077441129136055714,0.0792155857445476,0.0790683392845487,3,17
13,2,3,construction,15,0.0011110227812186524,0.007129311981262011,0.0793018649532416,0.07915661229544656,3,17
13,2,3,construction,16,0.001062703154922006,0.0061786920639924706,0.0793018649532416,0.07915661229544656,4,17
13,2,3,construction,17,0.0009483337888472273,0.006122827586215669,0.0793018649532416,0.07915661229544656,2,17
13,2,3,construction,18,0.0006907907362398145,0.0059210275456694165,0.0793018649532416,0.07915661229544656,1,17
13,2,3,construction,19,0.0005749146062036697,0.005491205769412552,0.0793018649532416,0.07915661229544656,2,17
13,2,3,construction,20,0.0005207436010570222,0.0052072749118762494,0.07912709619843053,0.07898029548727281,2,17
13,2,3,construction,21,0.000974351510364764,0.006554002742471177,0.0793018649532416,0.07915661229544656,2,17
13,2,3,construction,22,0.0010461711771726006,0.006166603262666309,0.0793018649532416,0.07915661229544656,4,17
13,2,3,construction,23,0.0009270439851286725,0.006133302089385352,0.0793018649532416,0.07915661229544656,2,17
13,2,3,construction,24,0.0010023238905081447,0.007513036136823398,0.0793018649532416,0.07915661229544656,3,17
13,2,3,construction,25,0.0011407003409552318,0.007101796915166992,0.0793018649532416,0.07915661229544656,3,17
14,2,4,construction,0,0.0011758387809882769,0.0060441796854401935,0.0793018649532416,0.07915661229544656,4,17
14,2,4,construction,1,0.0011758387809882769,0.0060441796854401935,0.0793018649532416,0.07915661229544656,4,17
14,2,4,construction,2,0.0006234805647667671,0.005928097602196608,0.0793018649532416,0.07915661229544656,2,17
14,2,4,construction,3,0.0007799100692572229,0.0014185751319103186,0.0793018649532416,0.07915661229544656,2,17
14,2,4,construction,4,0.0005097097171272029,0.0052842156143050115,0.07878363897426634,0.07871730896675337,4,17
14,2,4,construction,5,0.000750473607910112,0.0027308693527051666,0.07858800445710107,0.07843455591273642,4,15
14,2,4,construction,6,0.0011326309394911966,0.004830888026471732,0.0793018649532416,0.07915661229544656,2,17
14,2,4,construction,7,0.0007043995096719728,0.007261276168112708,0.0793018649532416,0.07915661229544656,3,17
14,2,4,construction,8,0.0011684533322119039,0.006547647674886143,0.0793018649532416,0.07915661229544656,2,17
14,2,4,construction,9,0.0009277168627280551,0.00677827941887682,0.0793018649532416,0.07915661229544656,3,17
14,2,4,construction,10,0.0002826266826021402,0.0018631888737738946,0.0793018649532416,0.07915661229544656,2,17
14,2,4,construction,11,0.0005997646882410528,0.00290588984854371,0.07913277125438987,0.07898029548727281,4,17
14,2,4,construction,12,0.0008753023604040308,0.005769262624373567,0.07861290596544158,0.07834164856716186,4,17
14,2,4,construction,13,0.0005511546681903644,0.005129178091829916,0.07884937212950373,0.07876850921769285,4,16
14,2,4,construction,14,0.0007682846712860393,0.006966153127941314,0.0789598344301902,0.07880489401576168,3,18
14,2,4,construction,15,0.0011596270368533113,0.004837288614897459,0.0793018649532416,0.07915661229544656,4,17
14,2,4,construction,16,0.001286580759026469,0.007128990058107926,0.0793018649532416,0.07915661229544656,3,17
14,2,4,construction,17,0.0011904105173441825,0.00479037030366103,0.0791377778813471,0.07898029548727281,4,17
14,2,4,construction,18,0.000932410709190282,0.005794848455317388,0.0790274874846216,0.07889248052393938,4,17
14,2,4,construction,19,0.0005903889783867931,0.0051712810102934005,0.0793018649532416,0.07915661229544656,4,17
14,2,4,construction,20,0.0003061792959961153,0.0018399091473080866,0.07916281419836947,0.07898029548727281,2,17
14,2,4,construction,21,0.0006304060180273612,0.002867519728231138,0.07913277125438987,0.07898029548727281,4,17
14,2,4,construction,22,0.0013020298187594644,0.007025883803804222,0.0790160172264051,0.07889248052393938,3,17
14,2,4,construction,23,0.0011623047358262392,0.004796492902164364,0.0791377778813471,0.07898029548727281,4,17
14,2,4,construction,24,0.0007575861988732512,0.006984796494779378,0.079223107667653,0.0790683392845487,3,17
14,2,4,construction,25,0.0011249806845923592,0.0048291001045662,0.0793018649532416,0.07915661229544656,4,17
15,3,0,evaluation,0,0.0009498579164387432,0.00516520721755113,0.07883988407036087,0.07940422437590819,1,16
15,3,0,evaluation,1,0.0009498579164387432,0.00516520721755113,0.07883988407036087,0.07940422437590819,1,16
15,3,0,evaluation,2,0.0011312927344161985,0.004309363539137395,0.07883988407036087,0.07940422437590819,2,16
15,3,0,evaluation,3,0.001343464460017305,0.0044300278347229535,0.0779356644246945,0.07845424480034754,2,17
15,3,0,evaluation,4,0.0008909592876905146,0.004307484295791558,0.07883988407036087,0.07940422437590819,2,16
15,3,0,evaluation,5,0.0005180865109710821,0.005976724137404215,0.07883988407036087,0.07940422437590819,2,16
15,3,0,evaluation,6,0.0004233878346445568,0.004293354167184951,0.07883988407036087,0.07940422437590819,2,16
15,3,0,evaluation,7,0.00031079937241037294,0.0064186863641627215,0.07883988407036087,0.07940422437590819,2,16
15,3,0,evaluation,8,0.0002258380352251614,0.0036184289516625764,0.07883988407036087,0.07940422437590819,2,16
15,3,0,evaluation,9,0.0006760507766356148,0.004912450422253037,0.07883988407036087,0.07940422437590819,2,16
15,3,0,evaluation,10,0.0009218804525400915,0.004664447731660992,0.07851178522722692,0.07908432919321952,2,16
15,3,0,evaluation,11,0.0011062491515826806,0.004302856963330434,0.07883988407036087,0.07940422437590819,1,16
15,3,0,evaluation,12,0.0014710309479706086,0.006995391663452494,0.07883988407036087,0.07940422437590819,2,16
15,3,0,evaluation,13,0.0009017777556515086,0.006108380750553381,0.07883988407036087,0.07940422437590819,1,16
15,3,0,evaluation,14,0.0004991498428815608,0.005577205195675857,0.07883988407036087,0.07940422437590819,2,16
15,3,0,evaluation,15,0.0004516815166481308,0.006173305543310249,0.07883988407036087,0.07940422437590819,2,16
15,3,0,evaluation,16,0.0004389816267560966,0.0037137726262192914,0.07883988407036087,0.07940422437590819,2,16
15,3,0,evaluation,17,0.00019462529645985412,0.004305550961646757,0.07883988407036087,0.07940422437590819,1,16
15,3,0,evaluation,18,0.0014484200338845512,0.0069746092599166,0.07883988407036087,0.07940422437590819,2,16
15,3,0,evaluation,19,0.0008880834113470363,0.00607432935585414,0.07883988407036087,0.07940422437590819,1,16
15,3,0,evaluation,20,0.0009119780955949796,0.00464867277263633,0.07883988407036087,0.07940422437590819,2,16
15,3,0,evaluation,21,0.0011384978169924787,0.00431126062083939,0.07883988407036087,0.07940422437590819,1,16
15,3,0,evaluation,22,0.00046487089127431324,0.0037066004764484007,0.07883988407036087,0.07940422437590819,2,16
15,3,0,evaluation,23,0.0002347959027197946,0.004329735044024731,0.07883988407036087,0.07940422437590819,1,16
15,3,0,evaluation,24,0.000520337774558512,0.005557205746442575,0.07883988407036087,0.07940422437590819,2,16
15,3,0,evaluation,25,0.0004155078040431512,0.006138328091041306,0.07883988407036087,0.07940422437590819,2,16
16,3,1,evaluation,0,0.0004091463004011754,0.005272742317832606,0.07883988407036087,0.07940422437590819,2,16
16,3,1,evaluation,1,0.0004091463004011754,0.005272742317832606,0.07883988407036087,0.07940422437590819,2,16
16,3,1,evaluation,2,0.0004663596092721541,0.0012782091837731505,0.07883988407036087,0.07940422437590819,4,16
16,3,1,evaluation,3,0.00027740291671311123,0.002699082432038689,0.07857225966475187,0.07914038478960735,4,16
16,3,1,evaluation,4,0.0013992982797687366,0.005302064267578545,0.07883988407036087,0.07940422437590819,4,16
16,3,1,evaluation,5,0.0014682039509351468,0.00437042574844036,0.07883988407036087,0.07940422437590819,4,16
16,3,1,evaluation,6,0.0007739689789857516,0.005635277593634142,0.07883988407036087,0.07940422437590819,1,16
16,3,1,evaluation,7,0.0009135777840672765,0.007660689413814429,0.07883988407036087,0.07940422437590819,2,16
16,3,1,evaluation,8,0.0005620260426414749,0.005352792157102826,0.07883988407036087,0.07940422437590819,1,16
16,3,1,evaluation,9,0.0006443977799091727,0.00756422324256574,0.08062449207396219,0.080674854778503,2,15
16,3,1,evaluation,10,0.0002943915885663293,0.001746149390514865,0.07856398202865664,0.07912730041957129,4,16
16,3,1,evaluation,11,0.00043990954094134195,0.0034645839635261805,0.07883988407036087,0.07940422437590819,2,16
16,3,1,evaluation,12,0.00035198212362130626,0.0049807687691837774,0.07883988407036087,0.07940422437590819,4,16
16,3,1,evaluation,13,0.0013665943395060984,0.004217314495595248,0.07883988407036087,0.07940422437590819,4,16
16,3,1,evaluation,14,0.00043911768591348724,0.006671058614581379,0.07883988407036087,0.07940422437590819,2,16
16,3,1,evaluation,15,0.0007409486442023868,0.0052545753332733204,0.07883988407036087,0.07940422437590819,2,16
16,3,1,evaluation,16,0.000992184495669526,0.006295469210070218,0.07883988407036087,0.07940422437590819,2,16
16,3,1,evaluation,17,0.000574925841093293,0.00480885954506967,0.07883988407036087,0.07940422437590819,2,16
16,3,1,evaluation,18,0.0003364991887257932,0.004954761953504272,0.07883988407036087,0.07940422437590819,4,16
16,3,1,evaluation,19,0.0014086188539075052,0.004174522256380906,0.07883988407036087,0.07940422437590819,4,16
16,3,1,evaluation,20,0.00028654268548694854,0.0017204948680371683,0.07883988407036087,0.07940422437590819,4,16
16,3,1,evaluation,21,0.00047404705344738054,0.003507363969855322,0.07883988407036087,0.07940422437590819,2,16
16,3,1,evaluation,22,0.000966200787171329,0.006312526534809973,0.07883988407036087,0.07940422437590819,2,16
16,3,1,evaluation,23,0.0005586592600799038,0.004814704686576479,0.07883988407036087,0.07940422437590819,2,16
16,3,1,evaluation,24,0.00041315076330732684,0.00668930766525012,0.07883988407036087,0.07940422437590819,2,16
16,3,1,evaluation,25,0.0007834679447980257,0.005272605981722604,0.07883988407036087,0.07940422437590819,2,16
17,3,2,evaluation,0,0.000713027827428531,0.006269591660462239,0.07883988407036087,0.07940422437590819,2,16
17,3,2,evaluation,1,0.000713027827428531,0.006269591660462239,0.07883988407036087,0.07940422437590819,2,16
17,3,2,evaluation,2,0.0012633462923949807,0.004498807792209019,0.07883988407036087,0.07940422437590819,2,16
17,3,2,evaluation,3,0.0015533904115685349,0.004483993356583057,0.07757650681686437,0.07814461100596619,2,18
17,3,2,evaluation,4,0.0005924771873755052,0.005886916110083793,0.07883988407036087,0.07940422437590819,2,16
17,3,2,evaluation,5,0.0007355774780936952,0.006948723162022715,0.07883988407036087,0.07940422437590819,2,16
17,3,2,evaluation,6,0.0006601674668966955,0.005058962007984327,0.07883988407036087,0.07940422437590819,2,16
17,3,2,evaluation,7,0.00022523168644027764,0.005615099296966129,0.07883988407036087,0.07940422437590819,3,16
17,3,2,evaluation,8,0.0003412743225452645,0.005823292071818755,0.07883988407036087,0.07940422437590819,3,16
17,3,2,evaluation,9,0.0011932271536808535,0.006100403159946038,0.0794605602132307,0.07942247215175123,3,15
17,3,2,evaluation,10,0.000872736893056384,0.004601999267726825,0.07883988407036087,0.07940422437590819,2,16
17,3,2,evaluation,11,0.001238863284164889,0.0063528323869165215,0.07883988407036087,0.07940422437590819,1,16
17,3,2,evaluation,12,0.0011816527330601023,0.00597635368669198,0.07883988407036087,0.07940422437590819,2,16
17,3,2,evaluation,13,0.0005849766719627223,0.007199569375957276,0.07883988407036087,0.07940422437590819,2,16
17,3,2,evaluation,14,0.0009757118399749731,0.004462092206335612,0.07883988407036087,0.07940422437590819,3,16
17,3,2,evaluation,15,0.0006847079225742715,0.0051717457586235565,0.07883988407036087,0.07940422437590819,2,16
17,3,2,evaluation,16,0.0004574103057854598,0.006432455576539418,0.07883988407036087,0.07940422437590819,3,16
17,3,2,evaluation,17,0.00031450519651444027,0.006808624232669891,0.07883988407036087,0.07940422437590819,3,16
17,3,2,evaluation,18,0.0012004427478645742,0.005959080305464158,0.07883988407036087,0.07940422437590819,2,16
17,3,2,evaluation,19,0.0005949389308143219,0.007165984728873068,0.07883988407036087,0.07940422437590819,2,16
17,3,2,evaluation,20,0.0008645732043487285,0.00459579955643216,0.07883988407036087,0.07940422437590819,2,16
17,3,2,evaluation,21,0.001270393713096734,0.006383398885703849,0.07883988407036087,0.07940422437590819,1,16
17,3,2,evaluation,22,0.0004359144098488864,0.006413478481773955,0.07883988407036087,0.07940422437590819,3,16
17,3,2,evaluation,23,0.0003491318498585924,0.00677850723179597,0.07883988407036087,0.07940422437590819,3,16
17,3,2,evaluation,24,0.0010008392719467597,0.004457830880480728,0.07883988407036087,0.07940422437590819,3,16
17,3,2,evaluation,25,0.0006533131418086631,0.0051862124680961035,0.07883988407036087,0.07940422437590819,2,16
18,3,3,evaluation,0,0.0009119450843616185,0.002857813025307007,0.07883988407036087,0.07940422437590819,2,16
18,3,3,evaluation,1,0.0009119450843616185,0.002857813025307007,0.07883988407036087,0.07940422437590819,2,16
18,3,3,evaluation,2,0.0009643781130552785,0.0022565331468878684,0.07856903153545573,0.07918239711105747,4,16
18,3,3,evaluation,3,0.0009471483694890976,0.005128329607300169,0.0780937946766443,0.0786774279247248,4,17
18,3,3,evaluation,4,0.0012615394861416774,0.0030894574144685787,0.07883988407036087,0.07940422437590819,4,16
18,3,3,evaluation,5,0.0011297126387361668,0.0032714007522188643,0.07883988407036087,0.07940422437590819,4,16
18,3,3,evaluation,6,0.0006607507916557832,0.004490087540058071,0.07883988407036087,0.07940422437590819,1,16
18,3,3,evaluation,7,0.0006613021550247312,0.004008984684856263,0.07883988407036087,0.07940422437590819,1,16
18,3,3,evaluation,8,0.0011166215653997929,0.005060327186084534,0.08003807610526516,0.08009322776936187,2,15
18,3,3,evaluation,9,0.0010622315390311093,0.005811311390694786,0.08077371059796383,0.08021474802294452,2,15
18,3,3,evaluation,10,0.0010040116713951413,0.005582534033500554,0.07865655423049667,0.07921324448255579,4,16
18,3,3,evaluation,11,0.000981541131201258,0.004720493730526463,0.07883988407036087,0.07940422437590819,2,16
18,3,3,evaluation,12,0.0009084015222028543,0.0034650307767012207,0.07883988407036087,0.07940422437590819,4,16
18,3,3,evaluation,13,0.001232702193707794,0.0026587582709127152,0.07883988407036087,0.07940422437590819,2,16
18,3,3,evaluation,14,0.0010843453350843698,0.001792517909017478,0.07883988407036087,0.07940422437590819,1,16
18,3,3,evaluation,15,0.0006634586027557122,0.002760158694552133,0.07883988407036087,0.07940422437590819,2,16
18,3,3,evaluation,16,0.0004341430835365066,0.00485610707022177,0.07983324273345742,0.07944036747471918,2,14
18,3,3,evaluation,17,0.0010631951754984967,0.005945428951204664,0.07866765956732252,0.07864428517716608,2,16
18,3,3,evaluation,18,0.0009138860340708366,0.003444167681730874,0.07883988407036087,0.07940422437590819,4,16
18,3,3,evaluation,19,0.001269786594214996,0.0026401159977198483,0.07883988407036087,0.07940422437590819,2,16
18,3,3,evaluation,20,0.000983527196247464,0.005559382341051661,0.07883988407036087,0.07940422437590819,4,16
18,3,3,evaluation,21,0.0009596414166330559,0.004681331768410706,0.07883988407036087,0.07940422437590819,2,16
18,3,3,evaluation,22,0.0006499078372490142,0.0052320828367673645,0.07883988407036087,0.07940422437590819,2,16
18,3,3,evaluation,23,0.0011007759220460747,0.005986826922830524,0.07883988407036087,0.07940422437590819,2,16
18,3,3,evaluation,24,0.0011051308926550041,0.0018051675651666052,0.07883988407036087,0.07940422437590819,1,16
18,3,3,evaluation,25,0.0006602850846666266,0.002724997930079179,0.07883988407036087,0.07940422437590819,2,16
19,3,4,evaluation,0,0.0015072788358695506,0.007264807343311881,0.08063641308578175,0.08036957400897692,3,15
19,3,4,evaluation,1,0.0015072788358695506,0.007264807343311881,0.08063641308578175,0.08036957400897692,3,15
19,3,4,evaluation,2,0.0007677383723416121,0.00794747760050539,0.07980099248716009,0.07932372317917763,3,14
19,3,4,evaluation,3,0.0008534278663934687,0.008209713413201118,0.08013738830965937,0.07990839682381679,3,16
19,3,4,evaluation,4,0.0009196193664139668,0.00634871984516999,0.08091213282933729,0.08080136492203398,4,15
19,3,4,evaluation,5,0.0008167080973462802,0.006080201811411718,0.08097627758926382,0.08084458967164222,4,15
19,3,4,evaluation,6,0.0013423644142737854,0.005664874122646699,0.07968685942584203,0.07974183725951572,3,15
19,3,4,evaluation,7,0.0014795104840255747,0.004117681943010942,0.07968685942584203,0.07974183725951572,4,15
19,3,4,evaluation,8,0.0013023262671132676,0.006512258735864958,0.08043596962229889,0.0804988202244294,3,15
19,3,4,evaluation,9,0.001315207200516086,0.0056107001025327095,0.07922055392460381,0.07947573732597249,3,15
19,3,4,evaluation,10,0.0010812417752297048,0.007114023661075918,0.0800873881405129,0.0797720432822735,3,16
19,3,4,evaluation,11,0.0005798837526882485,0.008047376832063035,0.07928830861734168,0.07906750614863962,3,15
19,3,4,evaluation,12,0.0008922647283757828,0.0059443420195615035,0.07976362133681737,0.0796645913121813,4,15
19,3,4,evaluation,13,0.0011058995314681046,0.007986110899462025,0.08117690806738867,0.08100308017214831,2,15
19,3,4,evaluation,14,0.0014791699535602698,0.0050879602928349515,0.07968685942584203,0.07974183725951572,3,15
19,3,4,evaluation,15,0.001353895568463361,0.006331004674810223,0.07997400903835256,0.07994927995348425,3,15
19,3,4,evaluation,16,0.0011784456057141552,0.0066860149615554434,0.07971594624709989,0.07975088449146378,3,15
19,3,4,evaluation,17,0.0013969330512413219,0.0058030266054877105,0.08002920216255445,0.08052903293472302,3,15
19,3,4,evaluation,18,0.0009033576679081099,0.0059460172196344535,0.08022811180732803,0.07989257537724702,4,14
19,3,4,evaluation,19,0.0009245106108166282,0.00766562738543664,0.0798679990751709,0.07963538362212329,2,14
19,3,4,evaluation,20,0.0011030246527615189,0.007098674305789194,0.0799378923270784,0.07978612501799764,3,15
19,3,4,evaluation,21,0.0006009837234910001,0.008019255077582261,0.07994116738209182,0.07969386047891139,3,14
19,3,4,evaluation,22,0.0013446930944120885,0.00635130472367624,0.07968685942584203,0.07974183725951572,3,15
19,3,4,evaluation,23,0.001413297094373801,0.005772459602529118,0.07978075679872927,0.07957407875513596,3,16
19,3,4,evaluation,24,0.001492265074495211,0.005100341970668099,0.07978853459154081,0.07959760611504371,3,16
19,3,4,evaluation,25,0.0012431456586035731,0.006689300595844947,0.0796805006397075,0.07947281557750359,3,16
20,4,0,construction,0,0.0009782140239190122,0.006964124366894458,0.08080539106016374,0.0801871666412085,2,16
20,4,0,construction,1,0.0009782140239190122,0.006964124366894458,0.08080539106016374,0.0801871666412085,2,16
20,4,0,construction,2,0.0010612447455851197,0.006901119297952542,0.08080539106016374,0.0801871666412085,3,16
20,4,0,construction,3,0.0009328256389366024,0.0072157424269365875,0.08080539106016374,0.0801871666412085,3,16
20,4,0,construction,4,0.0009734946987760998,0.006206739047452074,0.08080539106016374,0.0801871666412085,2,16
20,4,0,construction,5,0.0009917144160432277,0.006515718209524792,0.08080539106016374,0.0801871666412085,3,16
20,4,0,construction,6,0.0006339125953078424,0.005104029308866447,0.08080539106016374,0.0801871666412085,2,16
20,4,0,construction,7,0.0007801285442411254,0.004544341430999644,0.08223540381532451,0.08236633386102582,2,16
20,4,0,construction,8,0.0008254270822677477,0.006199045321517675,0.08080539106016374,0.0801871666412085,2,16
20,4,0,construction,9,0.0010612912072670007,0.005963457372932246,0.08080539106016374,0.0801871666412085,2,16
20,4,0,construction,10,0.0010669068358454463,0.007400367163325045,0.08080539106016374,0.0801871666412085,3,16
20,4,0,construction,11,0.001045651165184385,0.007509498563944277,0.08080539106016374,0.0801871666412085,3,16
20,4,0,construction,12,0.001464058799764172,0.0071787071364553395,0.08080539106016374,0.0801871666412085,3,16
20,4,0,construction,13,0.0009979871937827302,0.006186391753858666,0.08080539106016374,0.0801871666412085,2,16
20,4,0,construction,14,0.0013929999794796036,0.004316167773346549,0.08080539106016374,0.0801871666412085,2,16
20,4,0,construction,15,0.0006560134688867226,0.00598312084466727,0.08080539106016374,0.0801871666412085,1,16
20,4,0,construction,16,0.001016288154010339,0.006501628841899142,0.08080539106016374,0.0801871666412085,2,16
20,4,0,construction,17,0.000798601808717397,0.0061848835938372055,0.08080539106016374,0.0801871666412085,2,16
20,4,0,construction,18,0.0014408589649270327,0.007164289444759309,0.08080539106016374,0.0801871666412085,3,16
20,4,0,construction,19,0.0009666225519033593,0.006196887122524578,0.08080539106016374,0.0801871666412085,2,16
20,4,0,construction,20,0.0010522284861655122,0.007383089461836889,0.08080539106016374,0.0801871666412085,3,16
20,4,0,construction,21,0.001065850155650099,0.007483517601822592,0.08080539106016374,0.0801871666412085,3,16
20,4,0,construction,22,0.001024574554670289,0.006481918957488375,0.08080539106016374,0.0801871666412085,2,16
20,4,0,construction,23,0.0008331873132571202,0.006153672539357838,0.08080539106016374,0.0801871666412085,2,16
20,4,0,construction,24,0.0014084541250117626,0.004321180200721547,0.08080539106016374,0.0801871666412085,2,16
20,4,0,construction,25,0.0006278061690072113,0.006013494126915156,0.08080539106016374,0.0801871666412085,1,16
21,4,1,construction,0,0.0006664680249355371,0.003425475936567299,0.08080539106016374,0.0801871666412085,2,16
21,4,1,construction,1,0.0006664680249355371,0.003425475936567299,0.08080539106016374,0.0801871666412085,2,16
21,4,1,construction,2,0.0012503781061742542,0.0007976381261163882,0.08080539106016374,0.0801871666412085,4,16
21,4,1,construction,3,0.0012781731006172707,0.001995272655954396,0.08080539106016374,0.0801871666412085,4,16
21,4,1,construction,4,0.0004593585109735775,0.0026928228219788596,0.08080539106016374,0.0801871666412085,4,16
21,4,1,construction,5,0.0006312876841534289,0.005146029349491554,0.08080539106016374,0.0801871666412085,4,16
21,4,1,construction,6,0.0008058961846815955,0.0036337672715729017,0.08136413852852924,0.08061690837309983,1,15
21,4,1,construction,7,0.0005805198867208281,0.005967560249275805,0.08075274959804712,0.08033060757333761,2,16
21,4,1,construction,8,0.0007694251048115989,0.005236961199023372,0.08080539106016374,0.0801871666412085,2,16
21,4,1,construction,9,0.0007027506370307297,0.0063654786658398485,0.08080539106016374,0.0801871666412085,2,16
21,4,1,construction,10,0.0004925995533113922,0.0028084866007661207,0.08080539106016374,0.0801871666412085,4,16
21,4,1,construction,11,0.0012347075070007819,0.0007728413806717641,0.08080539106016374,0.0801871666412085,2,16
21,4,1,construction,12,0.0008774687841619751,0.0032619748924035182,0.08080539106016374,0.0801871666412085,4,16
21,4,1,construction,13,0.00045580626083042535,0.004741813772044845,0.08080539106016374,0.0801871666412085,2,16
21,4,1,construction,14,0.0008053950502311454,0.005222425072087998,0.08070646146567118,0.08016142212040248,1,15
21,4,1,construction,15,0.0008364418492332117,0.003673142353040156,0.08030092575335371,0.08012311513285936,2,15
21,4,1,construction,16,0.0005475949654646687,0.005746528068503022,0.08080539106016374,0.0801871666412085,2,16
21,4,1,construction,17,0.0007439285190078393,0.004677524403714059,0.08080539106016374,0.0801871666412085,2,16
21,4,1,construction,18,0.000899821780936095,0.0032372189564885308,0.08080539106016374,0.0801871666412085,4,16
21,4,1,construction,19,0.00046080726295260216,0.0046998715064205145,0.08080539106016374,0.0801871666412085,2,16
21,4,1,construction,20,0.0004831972808034084,0.002784216078104504,0.08080539106016374,0.0801871666412085,4,16
21,4,1,construction,21,0.0012549642408952425,0.0008048083111898882,0.08080539106016374,0.0801871666412085,2,16
21,4,1,construction,22,7.1865445285006e-05,0.005877356645279722,0.08183744070478219,0.08118299828729152,2,16
21,4,1,construction,23,0.000776790265465669,0.004707936821920703,0.08182050617601686,0.08117207311420781,2,16
21,4,1,construction,24,0.0011501478475362868,0.0048953428718181285,0.08080539106016374,0.0801871666412085,1,16
21,4,1,construction,25,0.0007972376883113498,0.0036547766387879303,0.08178630053709603,0.08113863467956266,2,16
22,4,2,construction,0,0.0009949999627633776,0.004553120549626573,0.08070740269494349,0.07988895273418291,2,15
22,4,2,construction,1,0.0009949999627633776,0.004553120549626573,0.08070740269494349,0.07988895273418291,2,15
22,4,2,construction,2,0.0006813442800536532,0.0022862060452213348,0.0802495505421457,0.07941204163213955,2,16
22,4,2,construction,3,0.0005188436353977106,0.000424853654000256,0.0802495505421457,0.07941204163213955,2,16
22,4,2,construction,4,0.00044734742470725245,0.0036262857965697194,0.08129391931636962,0.08039169909624878,2,16
22,4,2,construction,5,0.0003588648454398891,0.005191540790893772,0.08129391931636962,0.08039169909624878,2,16
22,4,2,construction,6,0.0011716235135341203,0.004481664258989719,0.0810517241481681,0.08097270686604223,4,16
22,4,2,construction,7,0.0009788114044475508,0.005755593616238537,0.07995961410406892,0.08001879723865822,3,17
22,4,2,construction,8,0.0009524558050297359,0.004538132231585984,0.08051158073333113,0.07961666360757663,4,16
22,4,2,construction,9,0.0009297768077548002,0.00582076920965478,0.08051158073333113,0.07961666360757663,3,16
22,4,2,construction,10,9.365119362390824e-05,9.365119362390824e-05,0.08071897142100191,0.07990469545941804,2,16
22,4,2,construction,11,0.0006480635267283631,0.005610315628106303,0.08029480231395326,0.07944657539549677,1,16
22,4,2,construction,12,0.001704927629033029,0.00409971733698281,0.08128203388197114,0.08038081183690579,2,16
22,4,2,construction,13,0.0004704278629256079,0.005551260202294034,0.08134718324621366,0.08040931838763042,2,15
22,4,2,construction,14,0.0011004936674061723,0.006142029276996823,0.08216605791038387,0.08206212986168866,3,17
22,4,2,construction,15,0.0010203448933065083,0.005311851352650062,0.08199011946578655,0.08194981502118653,2,16
22,4,2,construction,16,0.0012497626408072425,0.006332963446531044,0.08051158073333113,0.07961666360757663,3,16
22,4,2,construction,17,0.0009679424018269092,0.0052590765771843295,0.08052932975728935,0.07962527866007034,2,16
22,4,2,construction,18,0.0017309038697293573,0.004073731723107396,0.08025788656880692,0.07942042621916813,2,16
22,4,2,construction,19,0.00043790341800651423,0.005555972810303966,0.08027481241096059,0.07943717129053696,2,16
22,4,2,construction,20,7.319929068635459e-05,7.319929068635459e-05,0.0812825531732141,0.08038128536506385,2,16
22,4,2,construction,21,0.0006908548008099589,0.005653229223441131,0.08017802572212394,0.07932973910455852,1,16
22,4,2,construction,22,0.0012301622931345532,0.006314732787491085,0.08156669920878837,0.08141789648265627,3,16
22,4,2,construction,23,0.0009482177482147642,0.005237222975132647,0.08156669920878837,0.08141789648265627,2,16
22,4,2,construction,24,0.0011561049705479402,0.006244113466773441,0.08051158073333113,0.07961666360757663,3,16
22,4,2,construction,25,0.0009973201781184806,0.005289422309004402,0.0814531544856227,0.08130335282641388,2,16
23,4,3,construction,0,0.0012937374489489543,0.003940883984790114,0.08157106367066722,0.0814945463007364,2,16
23,4,3,construction,1,0.0012937374489489543,0.003940883984790114,0.08157106367066722,0.0814945463007364,2,16
23,4,3,construction,2,0.0012346508780459893,0.0004422187074949559,0.08185376021871224,0.08181477939119022,4,16
23,4,3,construction,3,0.001218749905317008,0.001870555389347769,0.08185376021871224,0.08181477939119022,4,16
23,4,3,construction,4,0.0011453751196440134,0.0023062794858869366,0.08182587241962982,0.08178719201362315,4,16
23,4,3,construction,5,0.0015431035893216745,0.005155862236089565,0.08182587241962982,0.08178719201362315,4,16
23,4,3,construction,6,0.0009636361571173302,0.006412568429060265,0.08030507036923405,0.08079888150309707,2,16
23,4,3,construction,7,0.0007692318612021547,0.00567388471518487,0.0810201564378031,0.08131967217770837,2,16
23,4,3,construction,8,0.00035834794875896616,0.004437895689917867,0.08158588060344227,0.08151117761719641,1,16
23,4,3,construction,9,0.0010689875260993498,0.006179224445061932,0.08158588060344227,0.08151117761719641,2,16
23,4,3,construction,10,0.0012204966120570046,0.0012503795437797175,0.0818130789432053,0.0817731828476669,4,16
23,4,3,construction,11,0.001224306073136763,0.0025994310598394794,0.08187497760193752,0.08182854653894062,2,16
23,4,3,construction,12,0.0016482415190546796,0.004108103086319843,0.08177323901855976,0.08173346613738713,4,16
23,4,3,construction,13,0.0011614508439116826,0.005266977533200892,0.08182782537422303,0.08178167098260151,3,16
23,4,3,construction,14,0.0004522677500975622,0.0069264015511755934,0.08233850377013816,0.08285170462247624,2,16
23,4,3,construction,15,0.0009568240633766762,0.005129104377382565,0.08097287007436706,0.08155138135612677,2,16
23,4,3,construction,16,0.0009859765228887425,0.005892126530730729,0.08158588060344227,0.08151117761719641,1,16
23,4,3,construction,17,0.00037199645038729,0.004044635519517007,0.08158588060344227,0.08151117761719641,2,16
23,4,3,construction,18,0.001657687142243886,0.004082089489941766,0.08181581803193358,0.0817759806586127,4,16
23,4,3,construction,19,0.0011409379000191903,0.005224419914553437,0.0815731395784893,0.08149595481558093,3,16
23,4,3,construction,20,0.0012261259241979532,0.001224990490280314,0.08177515870814367,0.08173542305274514,4,16
23,4,3,construction,21,0.0012377461880791604,0.0026422689894043047,0.08151476528887357,0.08143786246861724,2,16
23,4,3,construction,22,0.001003188573326432,0.005911595242375433,0.080238078617737,0.08054881734141327,1,16
23,4,3,construction,23,0.00035492487251516223,0.004033873018929705,0.080238078617737,0.08054881734141327,2,16
23,4,3,construction,24,0.0005374365462664785,0.006637462994360588,0.08158588060344227,0.08151117761719641,2,16
23,4,3,construction,25,0.0009657771213162105,0.00515719983835583,0.08049508949059936,0.08073262002357362,2,16
24,4,4,construction,0,0.0013276862487115466,0.005544134970793518,0.08107309429759922,0.0815714350807496,2,16
24,4,4,construction,1,0.0013276862487115466,0.005544134970793518,0.08107309429759922,0.0815714350807496,2,16
24,4,4,construction,2,0.0008301131467909299,0.004763431267846909,0.0814046625309769,0.08184913219504722,4,16
24,4,4,construction,3,0.0012024824397026013,0.00654081403350408,0.0807808224333159,0.08099435091478488,3,15
24,4,4,construction,4,0.0006640381358421245,0.005549225877627275,0.0810072141286037,0.0814939317330155,3,16
24,4,4,construction,5,0.0008976616523721901,0.0070780124269461,0.08102661547111228,0.08151137138967404,3,16
24,4,4,construction,6,0.0008934833259582266,0.00443950733687623,0.08026153615365107,0.08005741342390278,2,16
24,4,4,construction,7,0.001029069431224454,0.006098050135740699,0.07924769290003465,0.07980867363479184,2,15
24,4,4,construction,8,0.0010486742311235566,0.0034404653426950795,0.0814046625309769,0.08184913219504722,2,16
24,4,4,construction,9,0.0007442775177841834,0.0030099471954865434,0.0814046625309769,0.08184913219504722,2,16
24,4,4,construction,10,0.00043731391721944844,0.005268007894210943,0.0814046625309769,0.08184913219504722,3,16
24,4,4,construction,11,0.0008204704011688136,0.004761760313814693,0.0814379628629776,0.08186373443493421,2,16
24,4,4,construction,12,0.0008704499172039843,0.0058599435982976305,0.08101403120315459,0.08149879803936637,3,16
24,4,4,construction,13,0.0006391029202859026,0.006337306887529309,0.08105251408883264,0.0815372502129546,2,16
24,4,4,construction,14,0.0010866230273679316,0.006622335115514914,0.0807414341289168,0.08057211272580893,2,16
24,4,4,construction,15,0.0009154846547812383,0.006343715723153547,0.0802319716792257,0.08003956360567525,2,16
24,4,4,construction,16,0.0003174337388276595,0.0029798729603987043,0.0814046625309769,0.08184913219504722,2,16
24,4,4,construction,17,0.0010269226297641631,0.006096577840102301,0.08142136243205415,0.08184082928391335,1,16
24,4,4,construction,18,0.0008885699772528296,0.005844127013476742,0.0814046625309769,0.08184913219504722,3,16
24,4,4,construction,19,0.0006712972128167545,0.006308477900100719,0.08107326672911354,0.08155801265543121,2,16
24,4,4,construction,20,0.00023428894979603176,0.005586720407157033,0.08108415492380296,0.08156721672203233,3,16
24,4,4,construction,21,0.0008330839150045132,0.004763949875519866,0.0810485722011818,0.08153330960072872,2,16
24,4,4,construction,22,0.00029452952079099336,0.0029775201628514034,0.08111396715151185,0.08120668132308557,2,16
24,4,4,construction,23,0.001054975429531595,0.006134105809968429,0.08111396715151185,0.08120668132308557,1,16
24,4,4,construction,24,0.0010903459310755198,0.0065990576578742475,0.0814046625309769,0.08184913219504722,2,16
24,4,4,construction,25,0.0008943836877259229,0.006305839866701146,0.08107348451177832,0.0811660459649925,2,16
25,5,0,evaluation,0,0.0009498579164387322,0.005165207217551169,0.07970917674961789,0.07986063197834643,1,15
25,5,0,evaluation,1,0.0009498579164387322,0.005165207217551169,0.07970917674961789,0.07986063197834643,1,15
25,5,0,evaluation,2,0.0004233878346446495,0.004293354167185043,0.07970917674961789,0.07986063197834643,2,15
25,5,0,evaluation,3,0.00031079937241032,0.0064186863641627215,0.07970917674961789,0.07986063197834643,2,15
25,5,0,evaluation,4,0.00022583803522505672,0.0036184289516625217,0.07970917674961789,0.07986063197834643,2,15
25,5,0,evaluation,5,0.0007559364292111062,0.00480284343628268,0.07905665248525606,0.0792631397262645,2,16
25,5,0,evaluation,6,0.000890950128403292,0.004307499520912568,0.07970917674961789,0.07986063197834643,2,15
25,5,0,evaluation,7,0.0005180877821553706,0.005976747442863275,0.07970917674961789,0.07986063197834643,2,15
25,5,0,evaluation,8,0.0011313152677521127,0.004309369454636306,0.07970917674961789,0.07986063197834643,2,15
25,5,0,evaluation,9,0.0013434155596334769,0.00443007691201058,0.07970917674961789,0.07986063197834643,2,15
25,5,0,evaluation,10,0.0004991498428815279,0.005577205195675857,0.07970917674961789,0.07986063197834643,2,15
25,5,0,evaluation,11,0.0004516815166481308,0.006173305543310313,0.07970917674961789,0.07986063197834643,2,15
25,5,0,evaluation,12,0.0004389816267562194,0.003713772626219398,0.07970917674961789,0.07986063197834643,2,15
25,5,0,evaluation,13,0.00019462529645977318,0.004305550961646803,0.07970917674961789,0.07986063197834643,1,15
25,5,0,evaluation,14,0.0014710309479706632,0.006995391663452382,0.07970917674961789,0.07986063197834643,2,15
25,5,0,evaluation,15,0.0009017879090472365,0.00610840445247658,0.07970917674961789,0.07986063197834643,1,15
25,5,0,evaluation,16,0.0009218804525400915,0.004664447731660903,0.07970917674961789,0.07986063197834643,2,15
25,5,0,evaluation,17,0.001106249151582755,0.004302856963330445,0.07970917674961789,0.07986063197834643,1,15
25,5,0,evaluation,18,0.00046487089127442957,0.0037066004764485074,0.07970917674961789,0.07986063197834643,2,15
25,5,0,evaluation,19,0.00023479590271970724,0.004329735044024777,0.07970917674961789,0.07986063197834643,1,15
25,5,0,evaluation,20,0.0005203377745584803,0.005557205746442575,0.07970917674961789,0.07986063197834643,2,15
25,5,0,evaluation,21,0.0004155078040431512,0.00613832809104137,0.07970917674961789,0.07986063197834643,2,15
25,5,0,evaluation,22,0.0009119671166373493,0.004648654755608362,0.07970917674961789,0.07986063197834643,2,15
25,5,0,evaluation,23,0.001138497816992551,0.004311260620839401,0.07970917674961789,0.07986063197834643,1,15
25,5,0,evaluation,24,0.0014483941992184638,0.006974585474326915,0.07970917674961789,0.07986063197834643,2,15
25,5,0,evaluation,25,0.0008880834113469303,0.006074329355854096,0.07970917674961789,0.07986063197834643,1,15
26,5,1,evaluation,0,0.00112249646286362,0.004663167433840235,0.07970917674961789,0.07986063197834643,4,15
26,5,1,evaluation,1,0.00112249646286362,0.004663167433840235,0.07970917674961789,0.07986063197834643,4,15
26,5,1,evaluation,2,0.0007875789639403071,0.0063192808546366315,0.07970917674961789,0.07986063197834643,2,15
26,5,1,evaluation,3,0.0014314763039171528,0.005911912058415842,0.07970917674961789,0.07986063197834643,3,15
26,5,1,evaluation,4,0.0008624113511220824,0.004406576787429626,0.07970917674961789,0.07986063197834643,2,15
26,5,1,evaluation,5,0.0012190518229103092,0.006697246539505322,0.07991394825369692,0.08007930886021278,3,15
26,5,1,evaluation,6,0.000872153537819708,0.003169531571048474,0.07970917674961789,0.07986063197834643,4,15
26,5,1,evaluation,7,0.0011226237778859782,0.0025536822828301224,0.07970917674961789,0.07986063197834643,4,15
26,5,1,evaluation,8,0.00044891377552742033,0.005323609913443528,0.07970917674961789,0.07986063197834643,4,15
26,5,1,evaluation,9,0.0010900695526806484,0.006003249506039731,0.07970917674961789,0.07986063197834643,3,15
26,5,1,evaluation,10,0.0011564420741695348,0.007567331280759115,0.07970917674961789,0.07986063197834643,3,15
26,5,1,evaluation,11,0.0007972271864714949,0.004979121818395847,0.07970917674961789,0.07986063197834643,4,15
26,5,1,evaluation,12,0.0009173854294731147,0.006487830832076588,0.07959706596264288,0.07971979978712962,2,15
26,5,1,evaluation,13,0.00084556072942208,0.004403309958668614,0.0793555484601386,0.07941960055443825,4,16
26,5,1,evaluation,14,0.0007886170013124856,0.0022894513960025134,0.07970917674961789,0.07986063197834643,4,15
26,5,1,evaluation,15,0.0008498559092249146,0.005706426872045655,0.07970917674961789,0.07986063197834643,3,15
26,5,1,evaluation,16,0.0008075041933438828,0.005030892083217968,0.07970917674961789,0.07986063197834643,4,15
26,5,1,evaluation,17,0.00041665714263004896,0.005052019519052692,0.07970917674961789,0.07986063197834643,4,15
26,5,1,evaluation,18,0.0008657972612881855,0.006464434777330924,0.07970917674961789,0.07986063197834643,2,15
26,5,1,evaluation,19,0.0008674016256224207,0.0044075561511002686,0.07970917674961789,0.07986063197834643,4,15
26,5,1,evaluation,20,0.0011682823461214907,0.0075882396938935365,0.07970917674961789,0.07986063197834643,3,15
26,5,1,evaluation,21,0.0007850612491650082,0.004997289406481119,0.07970917674961789,0.07986063197834643,4,15
26,5,1,evaluation,22,0.0008253407815727476,0.005007114731229808,0.07970917674961789,0.07986063197834643,4,15
26,5,1,evaluation,23,0.00045815947941205224,0.005010908399483019,0.07970917674961789,0.07986063197834643,4,15
26,5,1,evaluation,24,0.0008093707044506599,0.002305990610465349,0.07970917674961789,0.07986063197834643,4,15
26,5,1,evaluation,25,0.000878653264718687,0.005745636975975639,0.07970917674961789,0.07986063197834643,3,15
27,5,2,evaluation,0,0.0011025041977262835,0.0020195559993844616,0.07903213785884337,0.07916902718518153,2,15
27,5,2,evaluation,1,0.0011025041977262835,0.0020195559993844616,0.07903213785884337,0.07916902718518153,2,15
27,5,2,evaluation,2,0.001561506056859891,0.0005185097149001304,0.07970917674961789,0.07986063197834643,4,15
27,5,2,evaluation,3,0.0014533501932662797,0.004610166781135631,0.07970917674961789,0.07986063197834643,4,15
27,5,2,evaluation,4,0.0017568196034545547,0.000703223799250561,0.07917152881654221,0.07908208718958545,4,16
27,5,2,evaluation,5,0.0008335782281879389,0.0038746914319697807,0.0801794113146162,0.08013559815665601,4,16
27,5,2,evaluation,6,0.000363143945695933,0.005432200888914217,0.07970917674961789,0.07986063197834643,2,15
27,5,2,evaluation,7,0.00036737320943474905,0.004623303815312374,0.07970917674961789,0.07986063197834643,2,15
27,5,2,evaluation,8,8.792780699497631e-05,0.0028414565142281826,0.07923542798330344,0.07907918250036575,1,15
27,5,2,evaluation,9,0.00046194766765564744,0.005322613802657093,0.07965077149033348,0.07959325498941704,2,16
27,5,2,evaluation,10,0.0011139024453975454,0.004434511974341593,0.07970917674961789,0.07986063197834643,4,15
27,5,2,evaluation,11,0.0015852651681027505,0.004767104484768276,0.07925739474811483,0.07940019280491238,2,15
27,5,2,evaluation,12,0.0008201257684715059,0.0030791828524371597,0.07938533830720094,0.07938907485633709,4,15
27,5,2,evaluation,13,0.0017704423170252222,0.0007365966268343967,0.08071363359542938,0.08071941509869064,2,16
27,5,2,evaluation,14,0.00019676069157487994,0.005451938896535975,0.07970917674961789,0.07986063197834643,2,15
27,5,2,evaluation,15,0.00033744226377027626,0.0038361805897374588,0.07948262509234454,0.0796307269554961,2,15
27,5,2,evaluation,16,0.0007566093578800576,0.004916468866553608,0.07892342821330423,0.07872208361991379,1,15
27,5,2,evaluation,17,9.743882001908318e-05,0.002110080980805797,0.07941123171300264,0.07931102361791095,2,16
27,5,2,evaluation,18,0.0009655203551657971,0.0031259657037358826,0.07970917674961789,0.07986063197834643,4,15
27,5,2,evaluation,19,0.0017530246915473707,0.0006936888076976078,0.07970973187380218,0.07955862143940788,2,16
27,5,2,evaluation,20,0.001093881896124205,0.004034825811544731,0.0793385191602076,0.07926953263363054,4,16
27,5,2,evaluation,21,0.0015547826716481737,0.004724316783191971,0.07979691553567542,0.07964587333208646,2,16
27,5,2,evaluation,22,0.0008999806061726776,0.004940255289087001,0.07970917674961789,0.07986063197834643,1,15
27,5,2,evaluation,23,0.00012543277998530486,0.0020973122470346823,0.07888020901847691,0.07891738083443811,2,16
27,5,2,evaluation,24,0.0001709952016945053,0.005476107442690131,0.07835999820799974,0.07833650295978187,2,16
27,5,2,evaluation,25,0.00037070046800822805,0.003872861159280099,0.07893697234321731,0.07897396359660631,2,16
28,5,3,evaluation,0,0.0006242752240625028,0.005866303857619591,0.07978930089265916,0.07986239224580914,4,16
28,5,3,evaluation,1,0.0006242752240625028,0.005866303857619591,0.07978930089265916,0.07986239224580914,4,16
28,5,3,evaluation,2,0.0012484828474132478,0.006909748257810028,0.07920046665861923,0.0792012918192424,3,16
28,5,3,evaluation,3,0.0010964966057086705,0.00757339547944202,0.07920046665861923,0.0792012918192424,3,16
28,5,3,evaluation,4,0.00037040029806144516,0.006350039953967234,0.07909633124476804,0.07917067556134884,2,16
28,5,3,evaluation,5,0.00016708053755970352,0.007053310633781818,0.08134666093038692,0.08112433234534343,2,16
28,5,3,evaluation,6,0.0006273922896205149,0.0043414961719089795,0.07856276496817614,0.07858633063922407,4,16
28,5,3,evaluation,7,0.00041268870592024693,0.005631153724851466,0.07856276496817614,0.07858633063922407,3,16
28,5,3,evaluation,8,0.0007537259626010029,0.004940623422444453,0.07963407329954979,0.08013248110887257,4,17
28,5,3,evaluation,9,0.00034024740149655384,0.0026650771216630382,0.0809392204250025,0.08133641640986856,4,17
28,5,3,evaluation,10,0.0003681610200032812,0.0068392218104531815,0.07920046665861923,0.0792012918192424,3,16
28,5,3,evaluation,11,0.0010625292530259548,0.007220277646309914,0.07887343601672375,0.07888985992980646,3,16
28,5,3,evaluation,12,0.0005875044199071443,0.006011269368344589,0.07898943044305924,0.07895587986765161,2,17
28,5,3,evaluation,13,0.0003189275645688648,0.005539569538480603,0.0800181285859649,0.0799620636641205,4,15
28,5,3,evaluation,14,0.0002333281589526001,0.005884706802773306,0.07932750028361098,0.07930480747846681,3,16
28,5,3,evaluation,15,0.000656242825659436,0.005964183097556739,0.07841458074613819,0.07847254082713451,4,16
28,5,3,evaluation,16,0.0005215255015913193,0.0020892352047803433,0.07940326011742771,0.0799082289484791,4,17
28,5,3,evaluation,17,0.0009865126193436297,0.005105811410008868,0.08145330797575308,0.08183582588114909,3,17
28,5,3,evaluation,18,0.0007292944727856699,0.006068084779749902,0.07920046665861923,0.0792012918192424,2,16
28,5,3,evaluation,19,0.00027924739302121566,0.005526128862816868,0.07989450506291798,0.0802318649785067,4,17
28,5,3,evaluation,20,0.00035360065228183556,0.006856148668842457,0.07975299536684873,0.08010157256757998,3,17
28,5,3,evaluation,21,0.0012577269584262238,0.007433592518863804,0.08039158990349572,0.08069376310799728,3,17
28,5,3,evaluation,22,0.0006720479368825189,0.001731020819232208,0.07931865995522146,0.07930480747846681,4,16
28,5,3,evaluation,23,0.0009436854167528564,0.005142008343338833,0.079919795888034,0.08018374199204654,3,17
28,5,3,evaluation,24,8.037595162961422e-05,0.0059640123213326995,0.07953077470128217,0.07981609301187882,3,17
28,5,3,evaluation,25,0.0006192328642914492,0.005924167854555844,0.07963189109587124,0.07992908610543518,4,17
29,5,4,evaluation,0,0.0010392325332361243,0.006358824489512829,0.07965063946331215,0.07960392298846634,3,16
29,5,4,evaluation,1,0.0010392325332361243,0.006358824489512829,0.07965063946331215,0.07960392298846634,3,16
29,5,4,evaluation,2,0.0008720341094390166,0.006274398341077885,0.0801222434144821,0.08022338727411138,3,16
29,5,4,evaluation,3,0.0008351373529319736,0.006648505982648369,0.07972784658352788,0.0798387132062201,3,16
29,5,4,evaluation,4,0.0011383661653318424,0.006122266725616716,0.07997553486714022,0.07937165342779015,3,17
29,5,4,evaluation,5,0.00120845820359647,0.004643594742647155,0.08067299878999457,0.0809642807510063,4,16
29,5,4,evaluation,6,0.0008049429370029668,0.005214927140097158,0.08048575722592172,0.08058843049261238,3,16
29,5,4,evaluation,7,0.0012244921571735114,0.005156319651955051,0.07996496282907392,0.0800758974853752,4,16
29,5,4,evaluation,8,0.0007951635971490223,0.006661972213808218,0.07957250528320679,0.07875769224912864,3,18
29,5,4,evaluation,9,0.0009676699368289925,0.007265574331409868,0.07986839065196781,0.07901807708247181,3,16
29,5,4,evaluation,10,0.0011674741864987704,0.007702909668447984,0.07972784658352788,0.0798387132062201,3,16
29,5,4,evaluation,11,0.0014407738317521583,0.007396518068499677,0.07945748786688742,0.07947740064452959,3,16
29,5,4,evaluation,12,0.0010065982580718788,0.004298960832208269,0.07869331223119547,0.07816234121484385,4,16
29,5,4,evaluation,13,0.0012909465219477388,0.007000535139569645,0.08078548920037555,0.08054320836060264,2,17
29,5,4,evaluation,14,0.0008169960487577812,0.00498724396819277,0.0802356128004964,0.08035124884857613,4,16
29,5,4,evaluation,15,0.0006806813503640214,0.007071204317882896,0.07993359426901407,0.07996711983781088,3,16
29,5,4,evaluation,16,0.000706991183847499,0.006767029948428917,0.07967031989626737,0.07886892301348143,3,16
29,5,4,evaluation,17,0.0007852476695929246,0.006866252213709156,0.08145809106201467,0.08064610540950223,3,17
29,5,4,evaluation,18,0.000917827210022153,0.00439592529467532,0.08002339223516251,0.08009534439863669,4,16
29,5,4,evaluation,19,0.001130856438662619,0.00636608677140152,0.08033192831127868,0.07975412471116455,3,17
29,5,4,evaluation,20,0.0011695683154123529,0.007543243942569975,0.08028037235271822,0.07967146783423344,3,17
29,5,4,evaluation,21,0.0008696053849954089,0.007439445427980089,0.0804500060198697,0.07985925466358473,3,17
29,5,4,evaluation,22,0.0007224521942970828,0.00674834635790326,0.08071283165811373,0.0808608897858147,3,16
29,5,4,evaluation,23,0.0007982184313518306,0.0068352679813075655,0.08119860032180175,0.08075782373970879,3,17
29,5,4,evaluation,24,0.0007970056757520952,0.005095335991824059,0.08022746676765344,0.07979472744881685,4,17
29,5,4,evaluation,25,0.0007153589985232625,0.007103108262917818,0.0812542035373634,0.08080784631004545,3,17
30,6,0,construction,0,0.0009782006860060203,0.006964106232680381,0.08237076772647912,0.08218624186277163,2,16
30,6,0,construction,1,0.0009782006860060203,0.006964106232680381,0.08237076772647912,0.08218624186277163,2,16
30,6,0,construction,2,0.0006338898644838818,0.00510400456585344,0.08237076772647912,0.08218624186277163,2,16
30,6,0,construction,3,0.0006218719576420764,0.004475559086969624,0.08237076772647912,0.08218624186277163,2,16
30,6,0,construction,4,0.000825409625547522,0.0061990249491928355,0.08237076772647912,0.08218624186277163,2,16
30,6,0,construction,5,0.0010612776302304989,0.005963436195790643,0.08237076772647912,0.08218624186277163,2,16
30,6,0,construction,6,0.00097349469877614,0.0062067390474521,0.08237076772647912,0.08218624186277163,2,16
30,6,0,construction,7,0.0009917144160432277,0.006515718209524865,0.08237076772647912,0.08218624186277163,3,16
30,6,0,construction,8,0.001061244745585093,0.006901119297952562,0.08237076772647912,0.08218624186277163,3,16
30,6,0,construction,9,0.0009328049130498717,0.007215758960013656,0.08237076772647912,0.08218624186277163,3,16
30,6,0,construction,10,0.0013929758876200975,0.004316138513782937,0.08237076772647912,0.08218624186277163,2,16
30,6,0,construction,11,0.0006559915038826429,0.005983099737124315,0.08237076772647912,0.08218624186277163,1,16
30,6,0,construction,12,0.001016259790825108,0.006501609417698077,0.08237076772647912,0.08218624186277163,2,16
30,6,0,construction,13,0.0007985837656076961,0.0061848631748651186,0.08237076772647912,0.08218624186277163,2,16
30,6,0,construction,14,0.0014640587997641968,0.007178707136455355,0.08237076772647912,0.08218624186277163,3,16
30,6,0,construction,15,0.0009980092734974703,0.0061863845626634745,0.08237076772647912,0.08218624186277163,2,16
30,6,0,construction,16,0.0010669238975306303,0.0074003869838246954,0.08237076772647912,0.08218624186277163,3,16
30,6,0,construction,17,0.001045651165184385,0.007509498563944345,0.08237076772647912,0.08218624186277163,3,16
30,6,0,construction,18,0.0010245464208829135,0.006481899474223025,0.08237076772647912,0.08218624186277163,2,16
30,6,0,construction,19,0.0008331700191306024,0.006153652016821617,0.08237076772647912,0.08218624186277163,2,16
30,6,0,construction,20,0.0014084302975027189,0.004321150975098299,0.08237076772647912,0.08218624186277163,2,16
30,6,0,construction,21,0.0006277832170812918,0.0060134731259836975,0.08237076772647912,0.08218624186277163,1,16
30,6,0,construction,22,0.0010522284861655122,0.007383089461836925,0.08237076772647912,0.08218624186277163,3,16
30,6,0,construction,23,0.001065850155650099,0.007483517601822659,0.08237076772647912,0.08218624186277163,3,16
30,6,0,construction,24,0.0014408589649270577,0.007164289444759386,0.08237076772647912,0.08218624186277163,3,16
30,6,0,construction,25,0.0009666010793217167,0.006196894508065366,0.08237076772647912,0.08218624186277163,2,16
31,6,1,construction,0,0.000487099090988225,0.004235994521037081,0.08237076772647912,0.08218624186277163,4,16
31,6,1,construction,1,0.000487099090988225,0.004235994521037081,0.08237076772647912,0.08218624186277163,4,16
31,6,1,construction,2,0.001077533462979834,0.005327302073025121,0.08237076772647912,0.08218624186277163,2,16
31,6,1,construction,3,0.0005692259019274412,0.005909626633687801,0.08262368809880592,0.08238301237568188,2,17
31,6,1,construction,4,0.0006621464753271817,0.007023484146540901,0.08237076772647912,0.08218624186277163,3,16
31,6,1,construction,5,0.000537784509303578,0.006058497634976588,0.08237076772647912,0.08218624186277163,4,16
31,6,1,construction,6,0.0007758711155946476,0.0067677329350441205,0.08237076772647912,0.08218624186277163,3,16
31,6,1,construction,7,0.0005087833735063157,0.004275654322248064,0.08237076772647912,0.08218624186277163,4,16
31,6,1,construction,8,0.0006694557042529039,0.005175066593404553,0.08237076772647912,0.08218624186277163,3,16
31,6,1,construction,9,0.0002207853490725453,0.003751358861355304,0.08237076772647912,0.08218624186277163,2,16
31,6,1,construction,10,0.0010149549198158146,0.004644972817002492,0.08237076772647912,0.08218624186277163,2,16
31,6,1,construction,11,0.0011097444523370625,0.005217730512265692,0.08237076772647912,0.08218624186277163,4,16
31,6,1,construction,12,0.000755091217151032,0.005938744081792225,0.08237076772647912,0.08218624186277163,4,16
31,6,1,construction,13,0.0006859227978235102,0.004971143785694724,0.08237076772647912,0.08218624186277163,4,16
31,6,1,construction,14,0.0008428163894798656,0.004516978922478499,0.08237076772647912,0.08218624186277163,4,16
31,6,1,construction,15,0.0008088563783414772,0.0045423944877053014,0.08237076772647912,0.08218624186277163,4,16
31,6,1,construction,16,0.0005064183503635775,0.00259529383937913,0.08237076772647912,0.08218624186277163,2,16
31,6,1,construction,17,0.000696622611014524,0.0043614553960738284,0.08237076772647912,0.08218624186277163,4,16
31,6,1,construction,18,0.0007435377036744636,0.005956666717862316,0.08237076772647912,0.08218624186277163,4,16
31,6,1,construction,19,0.0006555341019149383,0.004997130789310477,0.08237076772647912,0.08218624186277163,4,16
31,6,1,construction,20,0.0009925078596205365,0.004652618624227128,0.08237076772647912,0.08218624186277163,2,16
31,6,1,construction,21,0.0010683892043386535,0.0051886672982295705,0.08237076772647912,0.08218624186277163,4,16
31,6,1,construction,22,0.00048498195489666304,0.0025911962611330445,0.08237076772647912,0.08218624186277163,2,16
31,6,1,construction,23,0.0006618128274064861,0.0043267413014208495,0.08237076772647912,0.08218624186277163,4,16
31,6,1,construction,24,0.0008170487409982692,0.004536250466581545,0.08237076772647912,0.08218624186277163,4,16
31,6,1,construction,25,0.0007664530102892293,0.004574327727644694,0.08237076772647912,0.08218624186277163,4,16
32,6,2,construction,0,0.0012117505331191445,0.0068159378838903795,0.08237076772647912,0.08218624186277163,3,16
32,6,2,construction,1,0.0012117505331191445,0.0068159378838903795,0.08237076772647912,0.08218624186277163,3,16
32,6,2,construction,2,0.001110046833299874,0.005425149296937711,0.08249373004556998,0.08230428555013604,4,16
32,6,2,construction,3,0.0011378754600470124,0.0051478994463446375,0.08263734251422009,0.08241008419842773,4,16
32,6,2,construction,4,0.0012676113690531109,0.006761143152360816,0.08237076772647912,0.08218624186277163,4,16
32,6,2,construction,5,0.0013022957478265543,0.006677876125646648,0.08237076772647912,0.08218624186277163,3,16
32,6,2,construction,6,0.0005529160017218289,0.007597228825872709,0.08237076772647912,0.08218624186277163,2,16
32,6,2,construction,7,0.001082391095229678,0.0062198035276354625,0.08237076772647912,0.08218624186277163,2,16
32,6,2,construction,8,0.0005678142385477956,0.007976978788683446,0.08237076772647912,0.08218624186277163,3,16
32,6,2,construction,9,0.0009577357416116614,0.006151544590665872,0.08237076772647912,0.08218624186277163,3,16
32,6,2,construction,10,0.0015833037224899018,0.005291534785100047,0.08242050157003754,0.08222558324589953,4,16
32,6,2,construction,11,0.0011286073844959533,0.006064139157983029,0.08237076772647912,0.08218624186277163,2,16
32,6,2,construction,12,0.001311148773890215,0.007105820725033668,0.08237076772647912,0.08218624186277163,3,16
32,6,2,construction,13,0.0012527558632171186,0.006751814135006233,0.08237076772647912,0.08218624186277163,3,16
32,6,2,construction,14,0.0007436036433524675,0.0054508885353382035,0.08237076772647912,0.08218624186277163,2,16
32,6,2,construction,15,0.0005538440924649558,0.006462616362334087,0.08237076772647912,0.08218624186277163,3,16
32,6,2,construction,16,0.0012721861608066321,0.007599005555891,0.08237076772647912,0.08218624186277163,3,16
32,6,2,construction,17,0.0005763277808443408,0.007103470238678478,0.08237076772647912,0.08218624186277163,3,16
32,6,2,construction,18,0.0013131094120371156,0.0070871722006708255,0.08242126168254296,0.08222558324589953,3,16
32,6,2,construction,19,0.0012719674353961418,0.00672179459069287,0.08237076772647912,0.08218624186277163,3,16
32,6,2,construction,20,0.0015985859590789083,0.005296127526111664,0.08237076772647912,0.08218624186277163,4,16
32,6,2,construction,21,0.0011048766913510553,0.0060932599357886065,0.08237076772647912,0.08218624186277163,2,16
32,6,2,construction,22,0.0012929669160349126,0.007617267682674985,0.08237076772647912,0.08218624186277163,3,16
32,6,2,construction,23,0.0005657200938175949,0.007127769626407179,0.08237076772647912,0.08218624186277163,3,16
32,6,2,construction,24,0.0007515544861300478,0.00545197886935528,0.08237076772647912,0.08218624186277163,2,16
32,6,2,construction,25,0.0005530207042668938,0.00644471087049965,0.08237076772647912,0.08218624186277163,3,16
33,6,3,construction,0,0.0009973337289720676,0.007035485923874769,0.0823994644686429,0.08222558324589953,2,16
33,6,3,construction,1,0.0009973337289720676,0.007035485923874769,0.0823994644686429,0.08222558324589953,2,16
33,6,3,construction,2,0.0005693166759897741,0.006907951112179844,0.08247098149335559,0.08230428555013604,2,16
33,6,3,construction,3,0.0007213364465678409,0.005048787469674297,0.08109393236668487,0.08097648337154262,1,16
33,6,3,construction,4,0.0009766063521119523,0.006484628900806363,0.08237076772647912,0.08218624186277163,2,16
33,6,3,construction,5,0.0009902210157021714,0.0042731211616242396,0.08237076772647912,0.08218624186277163,2,16
33,6,3,construction,6,0.0009316572983208012,0.0060471061224934945,0.08237076772647912,0.08218624186277163,4,16
33,6,3,construction,7,0.0008201899739060265,0.006195291134484536,0.08237076772647912,0.08218624186277163,4,16
33,6,3,construction,8,0.001134040929149921,0.006660077105724876,0.08237076772647912,0.08218624186277163,4,16
33,6,3,construction,9,0.0010288947945658554,0.007905261186930315,0.08237076772647912,0.08218624186277163,3,16
33,6,3,construction,10,0.0006717625180149415,0.00593929453124299,0.08251762126570304,0.08230428555013604,1,16
33,6,3,construction,11,0.0005506255022058482,0.005518820883709623,0.08247507507466541,0.08230428555013604,2,16
33,6,3,construction,12,0.0005056576663519512,0.00519204352647513,0.08237076772647912,0.08218624186277163,2,16
33,6,3,construction,13,0.0009852170373722,0.006521214497802361,0.08241192001680664,0.08222558324589953,2,16
33,6,3,construction,14,0.0010627031549219703,0.006178692063992277,0.08237076772647912,0.08218624186277163,4,16
33,6,3,construction,15,0.0009483337888472557,0.006122827586215682,0.08237076772647912,0.08218624186277163,2,16
33,6,3,construction,16,0.0010177194521920477,0.0075314019693805785,0.08237076772647912,0.08218624186277163,3,16
33,6,3,construction,17,0.0011110227812186524,0.007129311981261918,0.08239635058270074,0.08222558324589953,3,16
33,6,3,construction,18,0.0005207258454890966,0.005207257435668288,0.08251995280673136,0.08230428555013604,2,16
33,6,3,construction,19,0.0009743515103647359,0.006554002742471177,0.08241192001680664,0.08222558324589953,2,16
33,6,3,construction,20,0.000690812817923612,0.005921006630417392,0.08237076772647912,0.08218624186277163,1,16
33,6,3,construction,21,0.000574879404040465,0.005491243933803356,0.08247507507466541,0.08230428555013604,2,16
33,6,3,construction,22,0.0010023412746836269,0.007513057148573397,0.08237076772647912,0.08218624186277163,3,16
33,6,3,construction,23,0.0011406585927572635,0.00710183497126698,0.08239635058270074,0.08222558324589953,3,16
33,6,3,construction,24,0.001046152461411616,0.006166589464594927,0.08237076772647912,0.08218624186277163,4,16
33,6,3,construction,25,0.0009270582391785963,0.006133294722410263,0.08237076772647912,0.08218624186277163,2,16
34,6,4,construction,0,0.0011758387809882908,0.006044179685440249,0.08240162829314375,0.08222558324589953,4,16
34,6,4,construction,1,0.0011758387809882908,0.006044179685440249,0.08240162829314375,0.08222558324589953,4,16
34,6,4,construction,2,0.0005816526621707785,0.0048341025437964565,0.08244941785468586,0.08230428555013604,4,16
34,6,4,construction,3,0.0005883509584824089,0.0029320506152998344,0.08035078143592224,0.08033452148175238,4,16
34,6,4,construction,4,0.0006234590307965908,0.005928068525319109,0.08237076772647912,0.08218624186277163,2,16
34,6,4,construction,5,0.0007798806479091687,0.001418599407398024,0.08237076772647912,0.08218624186277163,2,16
34,6,4,construction,6,0.0010934414335933781,0.006461724575494956,0.08247272955552698,0.08230428555013604,2,16
34,6,4,construction,7,0.0009277254010779959,0.006778258133877425,0.08237076772647912,0.08218624186277163,3,16
34,6,4,construction,8,0.0012355033059808225,0.004717265246926619,0.08301597234581916,0.08278285259050466,2,16
34,6,4,construction,9,0.000704394747882056,0.007261254045610948,0.08193027701613076,0.08137033715848932,3,15
34,6,4,construction,10,0.0009077259894295431,0.005769262624373459,0.08245369603073452,0.08229830095723326,4,16
34,6,4,construction,11,0.0005511546681904342,0.005129178091829926,0.08237076772647912,0.08218624186277163,4,16
34,6,4,construction,12,0.0002826266826022155,0.001863188873773919,0.08237076772647912,0.08218624186277163,2,16
34,6,4,construction,13,0.0005997854128979147,0.002905863194918357,0.08243619524916597,0.08226493121853468,4,16
34,6,4,construction,14,0.0013220697707812415,0.007008528635412433,0.08246418186356216,0.08230428555013604,3,16
34,6,4,construction,15,0.0011196042086676484,0.004648254269088484,0.08248050974038076,0.08230428555013604,4,16
34,6,4,construction,16,0.0007682846712859387,0.006966153127941314,0.08131542926797145,0.08125561088648586,3,16
34,6,4,construction,17,0.001159602784977029,0.0048372828011334825,0.08223838380076215,0.08190716281193659,4,15
34,6,4,construction,18,0.0003062065320237033,0.001839882491998954,0.08250052812551921,0.08234364601168605,2,17
34,6,4,construction,19,0.0006303625221672218,0.0028675728556901807,0.08243619524916597,0.08226493121853468,4,16
34,6,4,construction,20,0.000932410709190352,0.005794848455317333,0.08242801839663576,0.08226493121853468,4,16
34,6,4,construction,21,0.0005903889783868583,0.005171281010293411,0.08237076772647912,0.08218624186277163,4,16
34,6,4,construction,22,0.0007575980289902855,0.006984775112288181,0.08254461700663603,0.08234364601168605,3,17
34,6,4,construction,23,0.0011249568227203355,0.004829094545792239,0.08249146186726487,0.08230796822060285,4,16
34,6,4,construction,24,0.0011994712141931495,0.007264958186287631,0.08257686855737374,0.08238292825735387,3,16
34,6,4,construction,25,0.0010860989313275493,0.0046527305817231045,0.08267218522976295,0.08249752510278303,4,16
35,7,0,evaluation,0,0.0009498579164387541,0.005165207217551169,0.08064510359784777,0.07971024344876103,1,17
35,7,0,evaluation,1,0.0009498579164387541,0.005165207217551169,0.08064510359784777,0.07971024344876103,1,17
35,7,0,evaluation,2,0.000890950128403292,0.004307499520912607,0.08064510359784777,0.07971024344876103,2,17
35,7,0,evaluation,3,0.0005180877821553706,0.005976747442863395,0.08064510359784777,0.07971024344876103,2,17
35,7,0,evaluation,4,0.00113131526775204,0.004309369454636328,0.08064510359784777,0.07971024344876103,2,17
35,7,0,evaluation,5,0.0013434155596335538,0.004430076912010487,0.08064510359784777,0.07971024344876103,2,17
35,7,0,evaluation,6,0.00022580993269584663,0.003618433971037307,0.08064510359784777,0.07971024344876103,2,17
35,7,0,evaluation,7,0.000676022800532757,0.00491242992934192,0.08064510359784777,0.07971024344876103,2,17
35,7,0,evaluation,8,0.00042341271788073827,0.0042933375783152415,0.08064510359784777,0.07971024344876103,2,17
35,7,0,evaluation,9,0.00031079040543545807,0.006418661586664272,0.08064510359784777,0.07971024344876103,2,17
35,7,0,evaluation,10,0.001471030947970636,0.006995391663452382,0.08064510359784777,0.07971024344876103,2,17
35,7,0,evaluation,11,0.0009017879090473786,0.006108404452476648,0.08064510359784777,0.07971024344876103,1,17
35,7,0,evaluation,12,0.0009218804525400915,0.004664447731660992,0.08064510359784777,0.07971024344876103,2,17
35,7,0,evaluation,13,0.001106249151582755,0.004302856963330445,0.08064510359784777,0.07971024344876103,1,17
35,7,0,evaluation,14,0.0004389816267561643,0.0037137726262193825,0.08064510359784777,0.07971024344876103,2,17
35,7,0,evaluation,15,0.00019465278620237148,0.004305567654859698,0.08064510359784777,0.07971024344876103,1,17
35,7,0,evaluation,16,0.0004991498428814832,0.005577205195675878,0.08064510359784777,0.07971024344876103,2,17
35,7,0,evaluation,17,0.00045165598639616155,0.006173281218659819,0.08064510359784777,0.07971024344876103,2,17
35,7,0,evaluation,18,0.0009119671166373902,0.00464865475560845,0.08064510359784777,0.07971024344876103,2,17
35,7,0,evaluation,19,0.001138497816992551,0.004311260620839401,0.08064510359784777,0.07971024344876103,1,17
35,7,0,evaluation,20,0.0014483941992184915,0.006974585474326826,0.08064510359784777,0.07971024344876103,2,17
35,7,0,evaluation,21,0.0008880834113470693,0.006074329355854164,0.08064510359784777,0.07971024344876103,1,17
35,7,0,evaluation,22,0.0005203132799954649,0.005557228600472627,0.08064510359784777,0.07971024344876103,2,17
35,7,0,evaluation,23,0.0004155078040431512,0.00613832809104128,0.08064510359784777,0.07971024344876103,2,17
35,7,0,evaluation,24,0.00046484125960490926,0.003706608585905466,0.08064510359784777,0.07971024344876103,2,17
35,7,0,evaluation,25,0.00023479590271982943,0.004329735044024777,0.08064510359784777,0.07971024344876103,1,17
36,7,1,evaluation,0,0.0004091682594529952,0.005272772079113187,0.08064510359784777,0.07971024344876103,2,17
36,7,1,evaluation,1,0.0004091682594529952,0.005272772079113187,0.08064510359784777,0.07971024344876103,2,17
36,7,1,evaluation,2,0.0013992982797686822,0.005302064267578489,0.08064510359784777,0.07971024344876103,4,17
36,7,1,evaluation,3,0.0014682039509350377,0.0043704257484404214,0.08064510359784777,0.07971024344876103,4,17
36,7,1,evaluation,4,0.0004663596092721988,0.0012782091837730963,0.08064510359784777,0.07971024344876103,4,17
36,7,1,evaluation,5,0.00028285274345279655,0.00303673791254204,0.07990504419475823,0.07902619469702693,4,17
36,7,1,evaluation,6,0.0005620645842892461,0.005352832253736889,0.08064510359784777,0.07971024344876103,1,17
36,7,1,evaluation,7,0.0004700571948890433,0.007189898233975115,0.0804917878219239,0.07980146538234313,2,17
36,7,1,evaluation,8,0.0007740027364031994,0.00563528705930632,0.08064510359784777,0.07971024344876103,1,17
36,7,1,evaluation,9,0.0009135713670992272,0.007660684475002302,0.08064510359784777,0.07971024344876103,2,17
36,7,1,evaluation,10,0.0003519636962857743,0.00498073901286041,0.08064510359784777,0.07971024344876103,4,17
36,7,1,evaluation,11,0.0013665359687941876,0.00421737397188205,0.08064510359784777,0.07971024344876103,4,17
36,7,1,evaluation,12,0.0002944119868053704,0.0017462082424858354,0.08064510359784777,0.07971024344876103,4,17
36,7,1,evaluation,13,0.00043993271409545055,0.0034646136707024416,0.08064510359784777,0.07971024344876103,2,17
36,7,1,evaluation,14,0.0009922148046243738,0.006295472198693454,0.08064510359784777,0.07971024344876103,2,17
36,7,1,evaluation,15,0.0005749285504154923,0.004808896933994796,0.08064510359784777,0.07971024344876103,2,17
36,7,1,evaluation,16,0.00043908906065762214,0.006671100759987986,0.08064510359784777,0.07971024344876103,2,17
36,7,1,evaluation,17,0.0007409530955156887,0.005254602431841689,0.08064510359784777,0.07971024344876103,2,17
36,7,1,evaluation,18,0.00028654268548694854,0.0017204948680372234,0.08064510359784777,0.07971024344876103,4,17
36,7,1,evaluation,19,0.00047407125577931207,0.003507393679342056,0.08064510359784777,0.07971024344876103,2,17
36,7,1,evaluation,20,0.0003365161587493473,0.004954791709343612,0.08064510359784777,0.07971024344876103,4,17
36,7,1,evaluation,21,0.0014086480759246383,0.0041744925195630386,0.08064510359784777,0.07971024344876103,4,17
36,7,1,evaluation,22,0.000413092436535541,0.006689370768649173,0.08064510359784777,0.07971024344876103,2,17
36,7,1,evaluation,23,0.0007834131477407025,0.005272607780046845,0.08064510359784777,0.07971024344876103,2,17
36,7,1,evaluation,24,0.0009662013119357451,0.006312548988626094,0.08064510359784777,0.07971024344876103,2,17
36,7,1,evaluation,25,0.0005586975252709328,0.0048147300098099225,0.08064510359784777,0.07971024344876103,2,17
37,7,2,evaluation,0,0.0007130278274284987,0.006269591660462396,0.08064510359784777,0.07971024344876103,2,17
37,7,2,evaluation,1,0.0007130278274284987,0.006269591660462396,0.08064510359784777,0.07971024344876103,2,17
37,7,2,evaluation,2,0.000592477187375573,0.0058869161100837805,0.08064510359784777,0.07971024344876103,2,17
37,7,2,evaluation,3,0.0007355774780936277,0.006948723162022757,0.08064510359784777,0.07971024344876103,2,17
37,7,2,evaluation,4,0.001283171785123558,0.004474096232817643,0.08082569521321264,0.07988280550996125,2,17
37,7,2,evaluation,5,0.0014363177127209368,0.004477679952356079,0.07950273562085074,0.07943123682407031,2,15
37,7,2,evaluation,6,0.00034129874401543067,0.005823308645998076,0.08064510359784777,0.07971024344876103,3,17
37,7,2,evaluation,7,0.0011691488926064578,0.006100421183787292,0.08016879223558764,0.08026301690186818,3,17
37,7,2,evaluation,8,0.0006601889910482253,0.005058969936098318,0.08064510359784777,0.07971024344876103,2,17
37,7,2,evaluation,9,0.00022524646163831424,0.0056150841852355,0.08064510359784777,0.07971024344876103,3,17
37,7,2,evaluation,10,0.0011816740745807352,0.00597633388675565,0.08064510359784777,0.07971024344876103,2,17
37,7,2,evaluation,11,0.0005849648957484521,0.007199616122461914,0.08064510359784777,0.07971024344876103,2,17
37,7,2,evaluation,12,0.0009564780051254329,0.004555308163572258,0.07992086137483936,0.07919486853257264,2,17
37,7,2,evaluation,13,0.0012388416099837398,0.006352811194955371,0.08038950411024508,0.07971243476123753,1,17
37,7,2,evaluation,14,0.00045741030578542915,0.0064324555765394534,0.08064510359784777,0.07971024344876103,3,17
37,7,2,evaluation,15,0.00031452853376569875,0.006808603270451862,0.08064510359784777,0.07971024344876103,3,17
37,7,2,evaluation,16,0.0009757406300286562,0.004462087235138501,0.08064510359784777,0.07971024344876103,3,17
37,7,2,evaluation,17,0.0006847079225743085,0.005171745758623467,0.08064510359784777,0.07971024344876103,2,17
37,7,2,evaluation,18,0.0008645732043487254,0.004595799556432147,0.08064510359784777,0.07971024344876103,2,17
37,7,2,evaluation,19,0.0012703937130968085,0.006383398885703849,0.08064510359784777,0.07971024344876103,1,17
37,7,2,evaluation,20,0.001200421094097033,0.0059591000326108525,0.08064510359784777,0.07971024344876103,2,17
37,7,2,evaluation,21,0.0005949468707220232,0.007165961424504549,0.08064510359784777,0.07971024344876103,2,17
37,7,2,evaluation,22,0.0010008681130275593,0.004457826078269067,0.08064510359784777,0.07971024344876103,3,17
37,7,2,evaluation,23,0.0006533557723574408,0.005186192184645996,0.08064510359784777,0.07971024344876103,2,17
37,7,2,evaluation,24,0.00043596303295067635,0.006413521850960739,0.08064510359784777,0.07971024344876103,3,17
37,7,2,evaluation,25,0.0003491565357511582,0.00677848636512402,0.08064510359784777,0.07971024344876103,3,17
38,7,3,evaluation,0,0.000911965660610267,0.0028577881398560326,0.08064510359784777,0.07971024344876103,2,17
38,7,3,evaluation,1,0.000911965660610267,0.0028577881398560326,0.08064510359784777,0.07971024344876103,2,17
38,7,3,evaluation,2,0.0012615285356148982,0.0030894154666817495,0.08064510359784777,0.07971024344876103,4,17
38,7,3,evaluation,3,0.0011297540143880294,0.003271359158775215,0.08064510359784777,0.07971024344876103,4,17
38,7,3,evaluation,4,0.0009643889309887968,0.0022565238177121596,0.08003516601307233,0.07993840721353938,4,16
38,7,3,evaluation,5,0.0009472169772082511,0.005128401492602544,0.08111916102800036,0.08095522424419008,4,16
38,7,3,evaluation,6,0.001138035676527357,0.004605781446559692,0.08015117523982582,0.07968958808836371,2,16
38,7,3,evaluation,7,0.0013114016344554843,0.006526477316871893,0.07944953130638475,0.08034879525022456,2,15
38,7,3,evaluation,8,0.000660750791655617,0.0044900875400580515,0.08064510359784777,0.07971024344876103,1,17
38,7,3,evaluation,9,0.0006613021550247828,0.004008984684856241,0.08064510359784777,0.07971024344876103,1,17
38,7,3,evaluation,10,0.0009084307413662996,0.0034650129879113733,0.08064510359784777,0.07971024344876103,4,17
38,7,3,evaluation,11,0.0012327174159607846,0.0026587315223305613,0.08064510359784777,0.07971024344876103,2,17
38,7,3,evaluation,12,0.0009943007282314793,0.0054027643433056365,0.08088975172746782,0.08093366106606108,4,16
38,7,3,evaluation,13,0.0009815978771952946,0.004720536188995104,0.08050572204942273,0.08069529356408224,2,15
38,7,3,evaluation,14,0.0007445558975776317,0.005296277887469544,0.0800893704928747,0.07977693886658435,2,17
38,7,3,evaluation,15,0.0010631951754985721,0.005945428951204732,0.08014921772432097,0.0799801933920405,2,16
38,7,3,evaluation,16,0.001084368987332037,0.0017925322170373504,0.08064510359784777,0.07971024344876103,1,17
38,7,3,evaluation,17,0.0006634586027557181,0.002760158694552133,0.08064510359784777,0.07971024344876103,2,17
38,7,3,evaluation,18,0.0009835690814721345,0.0055593951312561535,0.08064510359784777,0.07971024344876103,4,17
38,7,3,evaluation,19,0.0009596378470486302,0.004681265191612129,0.07971507010680515,0.07933106454466071,2,18
38,7,3,evaluation,20,0.0008500375049547238,0.003299709116892537,0.08043292834578149,0.0800575562759889,4,18
38,7,3,evaluation,21,0.0012698013719039448,0.0026400890602598396,0.08031471125430763,0.07996475915336411,2,18
38,7,3,evaluation,22,0.0011051308926550373,0.001805167565166681,0.08026543299724838,0.07956805138123171,1,17
38,7,3,evaluation,23,0.000660285084666629,0.002724997930079179,0.07997107433934388,0.07917570620240988,2,17
38,7,3,evaluation,24,0.0006499078372490143,0.005232082836767381,0.08064510359784777,0.07971024344876103,2,17
38,7,3,evaluation,25,0.0011007496889444532,0.005986798166824382,0.08001857421687646,0.07922324006306293,2,17
39,7,4,evaluation,0,0.0015072788358697796,0.007264807343311897,0.08070448357953568,0.08044740403182106,3,16
39,7,4,evaluation,1,0.0015072788358697796,0.007264807343311897,0.08070448357953568,0.08044740403182106,3,16
39,7,4,evaluation,2,0.0009196041469868078,0.006348728606169839,0.0801015095397845,0.07985433559363674,4,16
39,7,4,evaluation,3,0.0008166877673958378,0.006080191952488021,0.0801015095397845,0.07985433559363674,4,16
39,7,4,evaluation,4,0.0006614664418091958,0.007552901930573623,0.08081415581683797,0.08137461698063972,3,17
39,7,4,evaluation,5,0.0007483104547105861,0.00792172357009589,0.08079717851204642,0.08067642348224023,3,18
39,7,4,evaluation,6,0.0012043488501044563,0.006820325906283238,0.0805001728722518,0.08101371287300001,3,17
39,7,4,evaluation,7,0.0012671768434067744,0.005965267977026034,0.07910584278843584,0.07876770976114986,3,17
39,7,4,evaluation,8,0.001342354445198522,0.005664853383750085,0.08002464746026101,0.07977742115066493,3,16
39,7,4,evaluation,9,0.0014795171406490715,0.004117684334784627,0.08002464746026101,0.07977742115066493,4,16
39,7,4,evaluation,10,0.0008922647283757323,0.0059443420195615035,0.0801015095397845,0.07985433559363674,4,16
39,7,4,evaluation,11,0.000704833791687103,0.0076847848980843795,0.08016015351564976,0.07994083061374822,2,16
39,7,4,evaluation,12,0.0010877472414946153,0.0071140236610758075,0.08139344263387095,0.0819000970811441,3,16
39,7,4,evaluation,13,0.0005798699367377353,0.008047396406433763,0.08081618829556556,0.08102878693003486,3,16
39,7,4,evaluation,14,0.0013944480330567673,0.006422179958737124,0.08110777233353893,0.08174657199617033,3,16
39,7,4,evaluation,15,0.0013969440077253004,0.005803005353357496,0.07992934328730888,0.08063053973841887,3,16
39,7,4,evaluation,16,0.0014791699535603663,0.0050879602928349775,0.0801015095397845,0.07985433559363674,3,16
39,7,4,evaluation,17,0.0013538955684634251,0.006331004674810203,0.08045526927725828,0.08019888323962643,3,16
39,7,4,evaluation,18,0.0011029995960283555,0.007098691852532991,0.0801015095397845,0.07985433559363674,3,16
39,7,4,evaluation,19,0.0006009991836359445,0.008019235594119996,0.08071192961739915,0.08121311862741881,3,16
39,7,4,evaluation,20,0.0009033707261427345,0.00594601920354053,0.08071668236494496,0.08122856676951982,4,16
39,7,4,evaluation,21,0.0009245106108166757,0.007665627385436615,0.08059540992845958,0.08109650240656241,2,16
39,7,4,evaluation,22,0.0017104751064164609,0.004817750190189293,0.08084605502791117,0.0811875188315037,3,17
39,7,4,evaluation,23,0.0013392043732902744,0.006363946504135761,0.08048898348568896,0.08089362530839013,3,17
39,7,4,evaluation,24,0.0013446930944120362,0.006351304723676474,0.0801015095397845,0.07985433559363674,3,16
39,7,4,evaluation,25,0.001413285359071546,0.005772480745399215,0.0805542490556109,0.08095886355445191,3,17
