2026-07-29 00:38:07,854 INFO Seeds set to 913; evaluation seeds=[913, 1297, 1709]; energy seeds=[8301]
2026-07-29 00:38:07,857 INFO GPU memory {'label': 'startup', 'allocated_gib': 0.0, 'reserved_gib': 0.0, 'peak_allocated_gib': 0.0}
2026-07-29 00:38:09,771 INFO PushT simulator state 1/96
2026-07-29 00:38:10,229 INFO PushT simulator state 2/96
2026-07-29 00:38:10,691 INFO PushT simulator state 3/96
2026-07-29 00:38:11,147 INFO PushT simulator state 4/96
2026-07-29 00:38:11,624 INFO PushT simulator state 5/96
2026-07-29 00:38:12,101 INFO PushT simulator state 6/96
2026-07-29 00:38:12,574 INFO PushT simulator state 7/96
2026-07-29 00:38:13,048 INFO PushT simulator state 8/96
2026-07-29 00:38:13,508 INFO PushT simulator state 9/96
2026-07-29 00:38:13,961 INFO PushT simulator state 10/96
2026-07-29 00:38:14,429 INFO PushT simulator state 11/96
2026-07-29 00:38:14,896 INFO PushT simulator state 12/96
2026-07-29 00:38:15,365 INFO PushT simulator state 13/96
2026-07-29 00:38:15,831 INFO PushT simulator state 14/96
2026-07-29 00:38:16,291 INFO PushT simulator state 15/96
2026-07-29 00:38:16,747 INFO PushT simulator state 16/96
2026-07-29 00:38:17,214 INFO PushT simulator state 17/96
2026-07-29 00:38:17,674 INFO PushT simulator state 18/96
2026-07-29 00:38:18,132 INFO PushT simulator state 19/96
2026-07-29 00:38:18,598 INFO PushT simulator state 20/96
2026-07-29 00:38:19,063 INFO PushT simulator state 21/96
2026-07-29 00:38:19,528 INFO PushT simulator state 22/96
2026-07-29 00:38:19,998 INFO PushT simulator state 23/96
2026-07-29 00:38:20,462 INFO PushT simulator state 24/96
2026-07-29 00:38:20,947 INFO PushT simulator state 25/96
2026-07-29 00:38:21,420 INFO PushT simulator state 26/96
2026-07-29 00:38:21,888 INFO PushT simulator state 27/96
2026-07-29 00:38:22,357 INFO PushT simulator state 28/96
2026-07-29 00:38:22,835 INFO PushT simulator state 29/96
2026-07-29 00:38:23,295 INFO PushT simulator state 30/96
2026-07-29 00:38:23,751 INFO PushT simulator state 31/96
2026-07-29 00:38:24,211 INFO PushT simulator state 32/96
2026-07-29 00:38:24,684 INFO PushT simulator state 33/96
2026-07-29 00:38:25,163 INFO PushT simulator state 34/96
2026-07-29 00:38:25,610 INFO PushT simulator state 35/96
2026-07-29 00:38:26,081 INFO PushT simulator state 36/96
2026-07-29 00:38:26,544 INFO PushT simulator state 37/96
2026-07-29 00:38:27,011 INFO PushT simulator state 38/96
2026-07-29 00:38:27,481 INFO PushT simulator state 39/96
2026-07-29 00:38:27,943 INFO PushT simulator state 40/96
2026-07-29 00:38:28,417 INFO PushT simulator state 41/96
2026-07-29 00:38:28,906 INFO PushT simulator state 42/96
2026-07-29 00:38:29,358 INFO PushT simulator state 43/96
2026-07-29 00:38:29,821 INFO PushT simulator state 44/96
2026-07-29 00:38:30,272 INFO PushT simulator state 45/96
2026-07-29 00:38:30,719 INFO PushT simulator state 46/96
2026-07-29 00:38:31,176 INFO PushT simulator state 47/96
2026-07-29 00:38:31,627 INFO PushT simulator state 48/96
2026-07-29 00:38:32,086 INFO PushT simulator state 49/96
2026-07-29 00:38:32,546 INFO PushT simulator state 50/96
2026-07-29 00:38:32,996 INFO PushT simulator state 51/96
2026-07-29 00:38:33,471 INFO PushT simulator state 52/96
2026-07-29 00:38:33,926 INFO PushT simulator state 53/96
2026-07-29 00:38:34,384 INFO PushT simulator state 54/96
2026-07-29 00:38:34,831 INFO PushT simulator state 55/96
2026-07-29 00:38:35,272 INFO PushT simulator state 56/96
2026-07-29 00:38:35,734 INFO PushT simulator state 57/96
2026-07-29 00:38:36,196 INFO PushT simulator state 58/96
2026-07-29 00:38:36,662 INFO PushT simulator state 59/96
2026-07-29 00:38:37,123 INFO PushT simulator state 60/96
2026-07-29 00:38:37,597 INFO PushT simulator state 61/96
2026-07-29 00:38:38,070 INFO PushT simulator state 62/96
2026-07-29 00:38:38,544 INFO PushT simulator state 63/96
2026-07-29 00:38:39,008 INFO PushT simulator state 64/96
2026-07-29 00:38:39,483 INFO PushT simulator state 65/96
2026-07-29 00:38:39,947 INFO PushT simulator state 66/96
2026-07-29 00:38:40,425 INFO PushT simulator state 67/96
2026-07-29 00:38:40,884 INFO PushT simulator state 68/96
2026-07-29 00:38:41,349 INFO PushT simulator state 69/96
2026-07-29 00:38:41,806 INFO PushT simulator state 70/96
2026-07-29 00:38:42,262 INFO PushT simulator state 71/96
2026-07-29 00:38:42,723 INFO PushT simulator state 72/96
2026-07-29 00:38:43,197 INFO PushT simulator state 73/96
2026-07-29 00:38:43,651 INFO PushT simulator state 74/96
2026-07-29 00:38:44,114 INFO PushT simulator state 75/96
2026-07-29 00:38:44,566 INFO PushT simulator state 76/96
2026-07-29 00:38:45,023 INFO PushT simulator state 77/96
2026-07-29 00:38:45,487 INFO PushT simulator state 78/96
2026-07-29 00:38:45,940 INFO PushT simulator state 79/96
2026-07-29 00:38:46,390 INFO PushT simulator state 80/96
2026-07-29 00:38:46,870 INFO PushT simulator state 81/96
2026-07-29 00:38:47,341 INFO PushT simulator state 82/96
2026-07-29 00:38:47,805 INFO PushT simulator state 83/96
2026-07-29 00:38:48,245 INFO PushT simulator state 84/96
2026-07-29 00:38:48,718 INFO PushT simulator state 85/96
2026-07-29 00:38:49,179 INFO PushT simulator state 86/96
2026-07-29 00:38:49,657 INFO PushT simulator state 87/96
2026-07-29 00:38:50,125 INFO PushT simulator state 88/96
2026-07-29 00:38:50,591 INFO PushT simulator state 89/96
2026-07-29 00:38:51,046 INFO PushT simulator state 90/96
2026-07-29 00:38:51,509 INFO PushT simulator state 91/96
2026-07-29 00:38:51,972 INFO PushT simulator state 92/96
2026-07-29 00:38:52,440 INFO PushT simulator state 93/96
2026-07-29 00:38:52,900 INFO PushT simulator state 94/96
2026-07-29 00:38:53,372 INFO PushT simulator state 95/96
2026-07-29 00:38:53,837 INFO PushT simulator state 96/96
2026-07-29 00:38:54,867 INFO Wall simulator state 1/96
2026-07-29 00:38:55,203 INFO Wall simulator state 2/96
2026-07-29 00:38:55,528 INFO Wall simulator state 3/96
2026-07-29 00:38:55,853 INFO Wall simulator state 4/96
2026-07-29 00:38:56,176 INFO Wall simulator state 5/96
2026-07-29 00:38:56,506 INFO Wall simulator state 6/96
2026-07-29 00:38:56,839 INFO Wall simulator state 7/96
2026-07-29 00:38:57,171 INFO Wall simulator state 8/96
2026-07-29 00:38:57,501 INFO Wall simulator state 9/96
2026-07-29 00:38:57,824 INFO Wall simulator state 10/96
2026-07-29 00:38:58,151 INFO Wall simulator state 11/96
2026-07-29 00:38:58,476 INFO Wall simulator state 12/96
2026-07-29 00:38:58,805 INFO Wall simulator state 13/96
2026-07-29 00:38:59,139 INFO Wall simulator state 14/96
2026-07-29 00:38:59,465 INFO Wall simulator state 15/96
2026-07-29 00:38:59,791 INFO Wall simulator state 16/96
2026-07-29 00:39:00,117 INFO Wall simulator state 17/96
2026-07-29 00:39:00,443 INFO Wall simulator state 18/96
2026-07-29 00:39:00,771 INFO Wall simulator state 19/96
2026-07-29 00:39:01,100 INFO Wall simulator state 20/96
2026-07-29 00:39:01,429 INFO Wall simulator state 21/96
2026-07-29 00:39:01,757 INFO Wall simulator state 22/96
2026-07-29 00:39:02,083 INFO Wall simulator state 23/96
2026-07-29 00:39:02,411 INFO Wall simulator state 24/96
2026-07-29 00:39:02,743 INFO Wall simulator state 25/96
2026-07-29 00:39:03,076 INFO Wall simulator state 26/96
2026-07-29 00:39:03,407 INFO Wall simulator state 27/96
2026-07-29 00:39:03,740 INFO Wall simulator state 28/96
2026-07-29 00:39:04,073 INFO Wall simulator state 29/96
2026-07-29 00:39:04,399 INFO Wall simulator state 30/96
2026-07-29 00:39:04,726 INFO Wall simulator state 31/96
2026-07-29 00:39:05,052 INFO Wall simulator state 32/96
2026-07-29 00:39:05,382 INFO Wall simulator state 33/96
2026-07-29 00:39:05,712 INFO Wall simulator state 34/96
2026-07-29 00:39:06,036 INFO Wall simulator state 35/96
2026-07-29 00:39:06,365 INFO Wall simulator state 36/96
2026-07-29 00:39:06,688 INFO Wall simulator state 37/96
2026-07-29 00:39:07,015 INFO Wall simulator state 38/96
2026-07-29 00:39:07,346 INFO Wall simulator state 39/96
2026-07-29 00:39:07,669 INFO Wall simulator state 40/96
2026-07-29 00:39:07,992 INFO Wall simulator state 41/96
2026-07-29 00:39:08,329 INFO Wall simulator state 42/96
2026-07-29 00:39:08,647 INFO Wall simulator state 43/96
2026-07-29 00:39:08,973 INFO Wall simulator state 44/96
2026-07-29 00:39:09,294 INFO Wall simulator state 45/96
2026-07-29 00:39:09,612 INFO Wall simulator state 46/96
2026-07-29 00:39:09,941 INFO Wall simulator state 47/96
2026-07-29 00:39:10,267 INFO Wall simulator state 48/96
2026-07-29 00:39:10,593 INFO Wall simulator state 49/96
2026-07-29 00:39:10,918 INFO Wall simulator state 50/96
2026-07-29 00:39:11,245 INFO Wall simulator state 51/96
2026-07-29 00:39:11,572 INFO Wall simulator state 52/96
2026-07-29 00:39:11,895 INFO Wall simulator state 53/96
2026-07-29 00:39:12,217 INFO Wall simulator state 54/96
2026-07-29 00:39:12,539 INFO Wall simulator state 55/96
2026-07-29 00:39:12,863 INFO Wall simulator state 56/96
2026-07-29 00:39:13,198 INFO Wall simulator state 57/96
2026-07-29 00:39:13,530 INFO Wall simulator state 58/96
2026-07-29 00:39:13,862 INFO Wall simulator state 59/96
2026-07-29 00:39:14,189 INFO Wall simulator state 60/96
2026-07-29 00:39:14,514 INFO Wall simulator state 61/96
2026-07-29 00:39:14,851 INFO Wall simulator state 62/96
2026-07-29 00:39:15,179 INFO Wall simulator state 63/96
2026-07-29 00:39:15,514 INFO Wall simulator state 64/96
2026-07-29 00:39:15,838 INFO Wall simulator state 65/96
2026-07-29 00:39:16,162 INFO Wall simulator state 66/96
2026-07-29 00:39:16,487 INFO Wall simulator state 67/96
2026-07-29 00:39:16,808 INFO Wall simulator state 68/96
2026-07-29 00:39:17,131 INFO Wall simulator state 69/96
2026-07-29 00:39:17,454 INFO Wall simulator state 70/96
2026-07-29 00:39:17,774 INFO Wall simulator state 71/96
2026-07-29 00:39:18,096 INFO Wall simulator state 72/96
2026-07-29 00:39:18,414 INFO Wall simulator state 73/96
2026-07-29 00:39:18,741 INFO Wall simulator state 74/96
2026-07-29 00:39:19,061 INFO Wall simulator state 75/96
2026-07-29 00:39:19,381 INFO Wall simulator state 76/96
2026-07-29 00:39:19,701 INFO Wall simulator state 77/96
2026-07-29 00:39:20,017 INFO Wall simulator state 78/96
2026-07-29 00:39:20,342 INFO Wall simulator state 79/96
2026-07-29 00:39:20,672 INFO Wall simulator state 80/96
2026-07-29 00:39:21,017 INFO Wall simulator state 81/96
2026-07-29 00:39:21,416 INFO Wall simulator state 82/96
2026-07-29 00:39:21,750 INFO Wall simulator state 83/96
2026-07-29 00:39:22,072 INFO Wall simulator state 84/96
2026-07-29 00:39:22,394 INFO Wall simulator state 85/96
2026-07-29 00:39:22,723 INFO Wall simulator state 86/96
2026-07-29 00:39:23,046 INFO Wall simulator state 87/96
2026-07-29 00:39:23,373 INFO Wall simulator state 88/96
2026-07-29 00:39:23,699 INFO Wall simulator state 89/96
2026-07-29 00:39:24,025 INFO Wall simulator state 90/96
2026-07-29 00:39:24,346 INFO Wall simulator state 91/96
2026-07-29 00:39:24,668 INFO Wall simulator state 92/96
2026-07-29 00:39:24,995 INFO Wall simulator state 93/96
2026-07-29 00:39:25,320 INFO Wall simulator state 94/96
2026-07-29 00:39:25,645 INFO Wall simulator state 95/96
2026-07-29 00:39:25,970 INFO Wall simulator state 96/96
2026-07-29 00:39:26,213 INFO GPU memory {'label': 'jepa_wm_pusht_before_load', 'allocated_gib': 0.0, 'reserved_gib': 0.0, 'peak_allocated_gib': 0.0}
2026-07-29 00:39:27,664 INFO Expanded environment variable 'JEPAWM_LOGS' to '/content/cf_faithfulness_cache/unused_jepawm_logs' at folder
2026-07-29 00:39:27,665 INFO Using hardcoded dimensions for pusht: action_dim=2, proprio_dim=4
2026-07-29 00:39:27,665 INFO Preprocessor attributes for pusht:
2026-07-29 00:39:27,670 INFO   action_mean: tensor([-0.0087,  0.0068])
2026-07-29 00:39:27,670 INFO   action_std: tensor([0.2019, 0.2002])
2026-07-29 00:39:27,671 INFO   proprio_mean: tensor([236.6155, 264.5674,  -2.9303,   2.5431])
2026-07-29 00:39:27,671 INFO   proprio_std: tensor([101.1202,  87.0112,  74.8456,  74.1401])
2026-07-29 00:39:27,671 INFO   state_mean: tensor([236.6155, 264.5674, 255.1307, 266.3721,   1.9584,  -2.9303,   2.5431])
2026-07-29 00:39:27,672 INFO   state_std: tensor([101.1202,  87.0112,  52.7054,  57.4971,   1.7556,  74.8456,  74.1401])
2026-07-29 00:39:44,737 INFO using MLP layer as FFN
2026-07-29 00:39:49,007 INFO Encoder: DinoEncoder(
  (base_model): DinoVisionTransformer(
    (patch_embed): PatchEmbed(
      (proj): Conv2d(3, 384, kernel_size=(14, 14), stride=(14, 14))
      (norm): Identity()
    )
    (blocks): ModuleList(
      (0-11): 12 x NestedTensorBlock(
        (norm1): LayerNorm((384,), eps=1e-06, elementwise_affine=True)
        (attn): MemEffAttention(
          (qkv): Linear(in_features=384, out_features=1152, bias=True)
          (proj): Linear(in_features=384, out_features=384, bias=True)
          (proj_drop): Dropout(p=0.0, inplace=False)
        )
        (ls1): LayerScale()
        (drop_path1): Identity()
        (norm2): LayerNorm((384,), eps=1e-06, elementwise_affine=True)
        (mlp): Mlp(
          (fc1): Linear(in_features=384, out_features=1536, bias=True)
          (act): GELU(approximate='none')
          (fc2): Linear(in_features=1536, out_features=384, bias=True)
          (drop): Dropout(p=0.0, inplace=False)
        )
        (ls2): LayerScale()
        (drop_path2): Identity()
      )
    )
    (norm): LayerNorm((384,), eps=1e-06, elementwise_affine=True)
    (head): Identity()
  )
)
2026-07-29 00:39:49,008 INFO 🧠 Encoder: DinoEncoder (22,056,576 params, frozen=True)
2026-07-29 00:39:49,097 INFO 🔧 Initialized 6 AdaLN blocks (scale_factor=10)
2026-07-29 00:39:49,105 INFO Predictor: VisionTransformerAdaLN(
  (predictor_embed): Linear(in_features=384, out_features=384, bias=True)
  (action_encoder): Linear(in_features=10, out_features=400, bias=True)
  (predictor_blocks): ModuleList(
    (0-5): 6 x FWAdaLNBlock(
      (norm1): LayerNorm((400,), eps=1e-06, elementwise_affine=True)
      (attn): RoPEAttention(
        (qkv): Linear(in_features=400, out_features=1200, bias=True)
        (attn_drop): Dropout(p=0.0, inplace=False)
        (proj): Linear(in_features=400, out_features=400, bias=True)
        (proj_drop): Dropout(p=0.0, inplace=False)
      )
      (drop_path): Identity()
      (norm2): LayerNorm((400,), eps=1e-06, elementwise_affine=True)
      (mlp): MLP(
        (fc1): Linear(in_features=400, out_features=1600, bias=True)
        (act): GELU(approximate='none')
        (fc2): Linear(in_features=1600, out_features=400, bias=True)
        (drop): Dropout(p=0.0, inplace=False)
      )
      (adaLN_modulation): Sequential(
        (0): SiLU()
        (1): Linear(in_features=400, out_features=2400, bias=True)
      )
    )
  )
  (predictor_norm): LayerNorm((400,), eps=1e-06, elementwise_affine=True)
  (predictor_proj): Linear(in_features=384, out_features=384, bias=True)
)
2026-07-29 00:39:49,106 INFO 🔮 Predictor: VisionTransformerAdaLN (17,626,480 params)
2026-07-29 00:39:49,106 INFO Loading checkpoint from local path: /content/cf_faithfulness_cache/huggingface/hub/models--facebook--jepa-wms/snapshots/9b9c41ef249466630dbf1a20e78391865d07b3b9/jepa_wm_pusht.pth.tar
2026-07-29 00:39:49,159 INFO loaded pretrained predictor from epoch 50 with msg: <All keys matched successfully>
2026-07-29 00:39:49,159 INFO loaded pretrained proprio encoder from epoch 50 with msg: <All keys matched successfully>
2026-07-29 00:39:49,163 INFO 📉 Loss weights: L2=1.0
2026-07-29 00:39:49,163 INFO Loaded encoder and predictor
2026-07-29 00:39:49,164 INFO GPU memory {'label': 'jepa_wm_pusht_after_load', 'allocated_gib': 0.149, 'reserved_gib': 0.172, 'peak_allocated_gib': 0.149}
2026-07-29 00:39:50,815 INFO jepa_wm_pusht transition state 1/96
2026-07-29 00:39:51,051 INFO jepa_wm_pusht transition state 2/96
2026-07-29 00:39:51,286 INFO jepa_wm_pusht transition state 3/96
2026-07-29 00:39:51,520 INFO jepa_wm_pusht transition state 4/96
2026-07-29 00:39:51,752 INFO jepa_wm_pusht transition state 5/96
2026-07-29 00:39:51,985 INFO jepa_wm_pusht transition state 6/96
2026-07-29 00:39:52,217 INFO jepa_wm_pusht transition state 7/96
2026-07-29 00:39:52,450 INFO jepa_wm_pusht transition state 8/96
2026-07-29 00:39:52,684 INFO jepa_wm_pusht transition state 9/96
2026-07-29 00:39:52,920 INFO jepa_wm_pusht transition state 10/96
2026-07-29 00:39:53,156 INFO jepa_wm_pusht transition state 11/96
2026-07-29 00:39:53,400 INFO jepa_wm_pusht transition state 12/96
2026-07-29 00:39:53,401 INFO GPU memory {'label': 'jepa_wm_pusht_transition_state_0011', 'allocated_gib': 0.158, 'reserved_gib': 0.994, 'peak_allocated_gib': 0.772}
2026-07-29 00:39:53,639 INFO jepa_wm_pusht transition state 13/96
2026-07-29 00:39:53,878 INFO jepa_wm_pusht transition state 14/96
2026-07-29 00:39:54,116 INFO jepa_wm_pusht transition state 15/96
2026-07-29 00:39:54,354 INFO jepa_wm_pusht transition state 16/96
2026-07-29 00:39:54,590 INFO jepa_wm_pusht transition state 17/96
2026-07-29 00:39:54,827 INFO jepa_wm_pusht transition state 18/96
2026-07-29 00:39:55,062 INFO jepa_wm_pusht transition state 19/96
2026-07-29 00:39:55,295 INFO jepa_wm_pusht transition state 20/96
2026-07-29 00:39:55,531 INFO jepa_wm_pusht transition state 21/96
2026-07-29 00:39:55,766 INFO jepa_wm_pusht transition state 22/96
2026-07-29 00:39:56,000 INFO jepa_wm_pusht transition state 23/96
2026-07-29 00:39:56,234 INFO jepa_wm_pusht transition state 24/96
2026-07-29 00:39:56,235 INFO GPU memory {'label': 'jepa_wm_pusht_transition_state_0023', 'allocated_gib': 0.158, 'reserved_gib': 0.994, 'peak_allocated_gib': 0.772}
2026-07-29 00:39:56,468 INFO jepa_wm_pusht transition state 25/96
2026-07-29 00:39:56,701 INFO jepa_wm_pusht transition state 26/96
2026-07-29 00:39:56,934 INFO jepa_wm_pusht transition state 27/96
2026-07-29 00:39:57,166 INFO jepa_wm_pusht transition state 28/96
2026-07-29 00:39:57,407 INFO jepa_wm_pusht transition state 29/96
2026-07-29 00:39:57,640 INFO jepa_wm_pusht transition state 30/96
2026-07-29 00:39:57,881 INFO jepa_wm_pusht transition state 31/96
2026-07-29 00:39:58,116 INFO jepa_wm_pusht transition state 32/96
2026-07-29 00:39:58,355 INFO jepa_wm_pusht transition state 33/96
2026-07-29 00:39:58,588 INFO jepa_wm_pusht transition state 34/96
2026-07-29 00:39:58,826 INFO jepa_wm_pusht transition state 35/96
2026-07-29 00:39:59,059 INFO jepa_wm_pusht transition state 36/96
2026-07-29 00:39:59,059 INFO GPU memory {'label': 'jepa_wm_pusht_transition_state_0035', 'allocated_gib': 0.158, 'reserved_gib': 0.994, 'peak_allocated_gib': 0.772}
2026-07-29 00:39:59,292 INFO jepa_wm_pusht transition state 37/96
2026-07-29 00:39:59,525 INFO jepa_wm_pusht transition state 38/96
2026-07-29 00:39:59,757 INFO jepa_wm_pusht transition state 39/96
2026-07-29 00:39:59,988 INFO jepa_wm_pusht transition state 40/96
2026-07-29 00:40:00,220 INFO jepa_wm_pusht transition state 41/96
2026-07-29 00:40:00,454 INFO jepa_wm_pusht transition state 42/96
2026-07-29 00:40:00,685 INFO jepa_wm_pusht transition state 43/96
2026-07-29 00:40:00,917 INFO jepa_wm_pusht transition state 44/96
2026-07-29 00:40:01,150 INFO jepa_wm_pusht transition state 45/96
2026-07-29 00:40:01,382 INFO jepa_wm_pusht transition state 46/96
2026-07-29 00:40:01,617 INFO jepa_wm_pusht transition state 47/96
2026-07-29 00:40:01,854 INFO jepa_wm_pusht transition state 48/96
2026-07-29 00:40:01,855 INFO GPU memory {'label': 'jepa_wm_pusht_transition_state_0047', 'allocated_gib': 0.158, 'reserved_gib': 0.994, 'peak_allocated_gib': 0.772}
2026-07-29 00:40:02,087 INFO jepa_wm_pusht transition state 49/96
2026-07-29 00:40:02,318 INFO jepa_wm_pusht transition state 50/96
2026-07-29 00:40:02,551 INFO jepa_wm_pusht transition state 51/96
2026-07-29 00:40:02,785 INFO jepa_wm_pusht transition state 52/96
2026-07-29 00:40:03,033 INFO jepa_wm_pusht transition state 53/96
2026-07-29 00:40:03,267 INFO jepa_wm_pusht transition state 54/96
2026-07-29 00:40:03,503 INFO jepa_wm_pusht transition state 55/96
2026-07-29 00:40:03,736 INFO jepa_wm_pusht transition state 56/96
2026-07-29 00:40:03,969 INFO jepa_wm_pusht transition state 57/96
2026-07-29 00:40:04,201 INFO jepa_wm_pusht transition state 58/96
2026-07-29 00:40:04,433 INFO jepa_wm_pusht transition state 59/96
2026-07-29 00:40:04,665 INFO jepa_wm_pusht transition state 60/96
2026-07-29 00:40:04,666 INFO GPU memory {'label': 'jepa_wm_pusht_transition_state_0059', 'allocated_gib': 0.158, 'reserved_gib': 0.994, 'peak_allocated_gib': 0.772}
2026-07-29 00:40:04,901 INFO jepa_wm_pusht transition state 61/96
2026-07-29 00:40:05,138 INFO jepa_wm_pusht transition state 62/96
2026-07-29 00:40:05,372 INFO jepa_wm_pusht transition state 63/96
2026-07-29 00:40:05,615 INFO jepa_wm_pusht transition state 64/96
2026-07-29 00:40:05,849 INFO jepa_wm_pusht transition state 65/96
2026-07-29 00:40:06,085 INFO jepa_wm_pusht transition state 66/96
2026-07-29 00:40:06,318 INFO jepa_wm_pusht transition state 67/96
2026-07-29 00:40:06,550 INFO jepa_wm_pusht transition state 68/96
2026-07-29 00:40:06,783 INFO jepa_wm_pusht transition state 69/96
2026-07-29 00:40:07,015 INFO jepa_wm_pusht transition state 70/96
2026-07-29 00:40:07,247 INFO jepa_wm_pusht transition state 71/96
2026-07-29 00:40:07,479 INFO jepa_wm_pusht transition state 72/96
2026-07-29 00:40:07,480 INFO GPU memory {'label': 'jepa_wm_pusht_transition_state_0071', 'allocated_gib': 0.158, 'reserved_gib': 0.994, 'peak_allocated_gib': 0.772}
2026-07-29 00:40:07,712 INFO jepa_wm_pusht transition state 73/96
2026-07-29 00:40:07,948 INFO jepa_wm_pusht transition state 74/96
2026-07-29 00:40:08,184 INFO jepa_wm_pusht transition state 75/96
2026-07-29 00:40:08,417 INFO jepa_wm_pusht transition state 76/96
2026-07-29 00:40:08,655 INFO jepa_wm_pusht transition state 77/96
2026-07-29 00:40:08,890 INFO jepa_wm_pusht transition state 78/96
2026-07-29 00:40:09,122 INFO jepa_wm_pusht transition state 79/96
2026-07-29 00:40:09,354 INFO jepa_wm_pusht transition state 80/96
2026-07-29 00:40:09,586 INFO jepa_wm_pusht transition state 81/96
2026-07-29 00:40:09,819 INFO jepa_wm_pusht transition state 82/96
2026-07-29 00:40:10,050 INFO jepa_wm_pusht transition state 83/96
2026-07-29 00:40:10,282 INFO jepa_wm_pusht transition state 84/96
2026-07-29 00:40:10,283 INFO GPU memory {'label': 'jepa_wm_pusht_transition_state_0083', 'allocated_gib': 0.158, 'reserved_gib': 0.994, 'peak_allocated_gib': 0.772}
2026-07-29 00:40:10,518 INFO jepa_wm_pusht transition state 85/96
2026-07-29 00:40:10,751 INFO jepa_wm_pusht transition state 86/96
2026-07-29 00:40:10,983 INFO jepa_wm_pusht transition state 87/96
2026-07-29 00:40:11,217 INFO jepa_wm_pusht transition state 88/96
2026-07-29 00:40:11,531 INFO jepa_wm_pusht transition state 89/96
2026-07-29 00:40:11,769 INFO jepa_wm_pusht transition state 90/96
2026-07-29 00:40:12,002 INFO jepa_wm_pusht transition state 91/96
2026-07-29 00:40:12,235 INFO jepa_wm_pusht transition state 92/96
2026-07-29 00:40:12,467 INFO jepa_wm_pusht transition state 93/96
2026-07-29 00:40:12,700 INFO jepa_wm_pusht transition state 94/96
2026-07-29 00:40:12,934 INFO jepa_wm_pusht transition state 95/96
2026-07-29 00:40:13,166 INFO jepa_wm_pusht transition state 96/96
2026-07-29 00:40:13,167 INFO GPU memory {'label': 'jepa_wm_pusht_transition_state_0095', 'allocated_gib': 0.158, 'reserved_gib': 0.994, 'peak_allocated_gib': 0.772}
2026-07-29 00:40:13,356 INFO GPU memory {'label': 'jepa_wm_pusht_released', 'allocated_gib': 0.075, 'reserved_gib': 0.088, 'peak_allocated_gib': 0.772}
2026-07-29 00:40:13,357 INFO GPU memory {'label': 'jepa_wm_wall_before_load', 'allocated_gib': 0.075, 'reserved_gib': 0.088, 'peak_allocated_gib': 0.075}
2026-07-29 00:40:13,362 INFO Expanded environment variable 'JEPAWM_LOGS' to '/content/cf_faithfulness_cache/unused_jepawm_logs' at folder
2026-07-29 00:40:13,362 INFO Using hardcoded dimensions for wall: action_dim=2, proprio_dim=2
2026-07-29 00:40:13,362 INFO Preprocessor attributes for wall:
2026-07-29 00:40:13,363 INFO   action_mean: tensor([-0.0056,  0.0132])
2026-07-29 00:40:13,364 INFO   action_std: tensor([0.7523, 0.7467])
2026-07-29 00:40:13,364 INFO   proprio_mean: tensor([31.8945, 31.8140])
2026-07-29 00:40:13,364 INFO   proprio_std: tensor([17.6635, 17.2752])
2026-07-29 00:40:13,364 INFO   state_mean: tensor([31.8945, 31.8140])
2026-07-29 00:40:13,365 INFO   state_std: tensor([17.6635, 17.2752])
2026-07-29 00:40:16,552 INFO using MLP layer as FFN
2026-07-29 00:40:16,687 INFO Encoder: DinoEncoder(
  (base_model): DinoVisionTransformer(
    (patch_embed): PatchEmbed(
      (proj): Conv2d(3, 384, kernel_size=(14, 14), stride=(14, 14))
      (norm): Identity()
    )
    (blocks): ModuleList(
      (0-11): 12 x NestedTensorBlock(
        (norm1): LayerNorm((384,), eps=1e-06, elementwise_affine=True)
        (attn): MemEffAttention(
          (qkv): Linear(in_features=384, out_features=1152, bias=True)
          (proj): Linear(in_features=384, out_features=384, bias=True)
          (proj_drop): Dropout(p=0.0, inplace=False)
        )
        (ls1): LayerScale()
        (drop_path1): Identity()
        (norm2): LayerNorm((384,), eps=1e-06, elementwise_affine=True)
        (mlp): Mlp(
          (fc1): Linear(in_features=384, out_features=1536, bias=True)
          (act): GELU(approximate='none')
          (fc2): Linear(in_features=1536, out_features=384, bias=True)
          (drop): Dropout(p=0.0, inplace=False)
        )
        (ls2): LayerScale()
        (drop_path2): Identity()
      )
    )
    (norm): LayerNorm((384,), eps=1e-06, elementwise_affine=True)
    (head): Identity()
  )
)
2026-07-29 00:40:16,688 INFO 🧠 Encoder: DinoEncoder (22,056,576 params, frozen=True)
2026-07-29 00:40:16,777 INFO 🔧 Initialized 6 AdaLN blocks (scale_factor=10)
2026-07-29 00:40:16,783 INFO Predictor: VisionTransformerAdaLN(
  (predictor_embed): Linear(in_features=384, out_features=384, bias=True)
  (action_encoder): Linear(in_features=10, out_features=400, bias=True)
  (predictor_blocks): ModuleList(
    (0-5): 6 x FWAdaLNBlock(
      (norm1): LayerNorm((400,), eps=1e-06, elementwise_affine=True)
      (attn): RoPEAttention(
        (qkv): Linear(in_features=400, out_features=1200, bias=True)
        (attn_drop): Dropout(p=0.0, inplace=False)
        (proj): Linear(in_features=400, out_features=400, bias=True)
        (proj_drop): Dropout(p=0.0, inplace=False)
      )
      (drop_path): Identity()
      (norm2): LayerNorm((400,), eps=1e-06, elementwise_affine=True)
      (mlp): MLP(
        (fc1): Linear(in_features=400, out_features=1600, bias=True)
        (act): GELU(approximate='none')
        (fc2): Linear(in_features=1600, out_features=400, bias=True)
        (drop): Dropout(p=0.0, inplace=False)
      )
      (adaLN_modulation): Sequential(
        (0): SiLU()
        (1): Linear(in_features=400, out_features=2400, bias=True)
      )
    )
  )
  (predictor_norm): LayerNorm((400,), eps=1e-06, elementwise_affine=True)
  (predictor_proj): Linear(in_features=384, out_features=384, bias=True)
)
2026-07-29 00:40:16,784 INFO 🔮 Predictor: VisionTransformerAdaLN (17,626,480 params)
2026-07-29 00:40:16,784 INFO Loading checkpoint from local path: /content/cf_faithfulness_cache/huggingface/hub/models--facebook--jepa-wms/snapshots/9b9c41ef249466630dbf1a20e78391865d07b3b9/jepa_wm_wall.pth.tar
2026-07-29 00:40:16,833 INFO loaded pretrained predictor from epoch 50 with msg: <All keys matched successfully>
2026-07-29 00:40:16,834 INFO loaded pretrained proprio encoder from epoch 50 with msg: <All keys matched successfully>
2026-07-29 00:40:16,836 INFO 📉 Loss weights: L2=1.0
2026-07-29 00:40:16,837 INFO Loaded encoder and predictor
2026-07-29 00:40:16,838 INFO GPU memory {'label': 'jepa_wm_wall_after_load', 'allocated_gib': 0.159, 'reserved_gib': 0.234, 'peak_allocated_gib': 0.225}
2026-07-29 00:40:17,141 INFO jepa_wm_wall transition state 1/96
2026-07-29 00:40:17,374 INFO jepa_wm_wall transition state 2/96
2026-07-29 00:40:17,615 INFO jepa_wm_wall transition state 3/96
2026-07-29 00:40:17,851 INFO jepa_wm_wall transition state 4/96
2026-07-29 00:40:18,085 INFO jepa_wm_wall transition state 5/96
2026-07-29 00:40:18,319 INFO jepa_wm_wall transition state 6/96
2026-07-29 00:40:18,553 INFO jepa_wm_wall transition state 7/96
2026-07-29 00:40:18,786 INFO jepa_wm_wall transition state 8/96
2026-07-29 00:40:19,016 INFO jepa_wm_wall transition state 9/96
2026-07-29 00:40:19,321 INFO jepa_wm_wall transition state 10/96
2026-07-29 00:40:19,552 INFO jepa_wm_wall transition state 11/96
2026-07-29 00:40:19,908 INFO jepa_wm_wall transition state 12/96
2026-07-29 00:40:19,908 INFO GPU memory {'label': 'jepa_wm_wall_transition_state_0011', 'allocated_gib': 0.159, 'reserved_gib': 0.973, 'peak_allocated_gib': 0.774}
2026-07-29 00:40:20,139 INFO jepa_wm_wall transition state 13/96
2026-07-29 00:40:20,371 INFO jepa_wm_wall transition state 14/96
2026-07-29 00:40:20,602 INFO jepa_wm_wall transition state 15/96
2026-07-29 00:40:20,839 INFO jepa_wm_wall transition state 16/96
2026-07-29 00:40:21,069 INFO jepa_wm_wall transition state 17/96
2026-07-29 00:40:21,301 INFO jepa_wm_wall transition state 18/96
2026-07-29 00:40:21,533 INFO jepa_wm_wall transition state 19/96
2026-07-29 00:40:21,765 INFO jepa_wm_wall transition state 20/96
2026-07-29 00:40:21,997 INFO jepa_wm_wall transition state 21/96
2026-07-29 00:40:22,228 INFO jepa_wm_wall transition state 22/96
2026-07-29 00:40:22,460 INFO jepa_wm_wall transition state 23/96
2026-07-29 00:40:22,691 INFO jepa_wm_wall transition state 24/96
2026-07-29 00:40:22,692 INFO GPU memory {'label': 'jepa_wm_wall_transition_state_0023', 'allocated_gib': 0.159, 'reserved_gib': 0.973, 'peak_allocated_gib': 0.774}
2026-07-29 00:40:22,925 INFO jepa_wm_wall transition state 25/96
2026-07-29 00:40:23,156 INFO jepa_wm_wall transition state 26/96
2026-07-29 00:40:23,387 INFO jepa_wm_wall transition state 27/96
2026-07-29 00:40:23,616 INFO jepa_wm_wall transition state 28/96
2026-07-29 00:40:23,845 INFO jepa_wm_wall transition state 29/96
2026-07-29 00:40:24,075 INFO jepa_wm_wall transition state 30/96
2026-07-29 00:40:24,305 INFO jepa_wm_wall transition state 31/96
2026-07-29 00:40:24,584 INFO jepa_wm_wall transition state 32/96
2026-07-29 00:40:24,813 INFO jepa_wm_wall transition state 33/96
2026-07-29 00:40:25,043 INFO jepa_wm_wall transition state 34/96
2026-07-29 00:40:25,273 INFO jepa_wm_wall transition state 35/96
2026-07-29 00:40:25,502 INFO jepa_wm_wall transition state 36/96
2026-07-29 00:40:25,503 INFO GPU memory {'label': 'jepa_wm_wall_transition_state_0035', 'allocated_gib': 0.159, 'reserved_gib': 0.973, 'peak_allocated_gib': 0.774}
2026-07-29 00:40:25,732 INFO jepa_wm_wall transition state 37/96
2026-07-29 00:40:25,961 INFO jepa_wm_wall transition state 38/96
2026-07-29 00:40:26,191 INFO jepa_wm_wall transition state 39/96
2026-07-29 00:40:26,420 INFO jepa_wm_wall transition state 40/96
2026-07-29 00:40:26,653 INFO jepa_wm_wall transition state 41/96
2026-07-29 00:40:26,887 INFO jepa_wm_wall transition state 42/96
2026-07-29 00:40:27,124 INFO jepa_wm_wall transition state 43/96
2026-07-29 00:40:27,355 INFO jepa_wm_wall transition state 44/96
2026-07-29 00:40:27,586 INFO jepa_wm_wall transition state 45/96
2026-07-29 00:40:27,816 INFO jepa_wm_wall transition state 46/96
2026-07-29 00:40:28,045 INFO jepa_wm_wall transition state 47/96
2026-07-29 00:40:28,275 INFO jepa_wm_wall transition state 48/96
2026-07-29 00:40:28,275 INFO GPU memory {'label': 'jepa_wm_wall_transition_state_0047', 'allocated_gib': 0.159, 'reserved_gib': 0.973, 'peak_allocated_gib': 0.774}
2026-07-29 00:40:28,505 INFO jepa_wm_wall transition state 49/96
2026-07-29 00:40:28,735 INFO jepa_wm_wall transition state 50/96
2026-07-29 00:40:28,965 INFO jepa_wm_wall transition state 51/96
2026-07-29 00:40:29,198 INFO jepa_wm_wall transition state 52/96
2026-07-29 00:40:29,431 INFO jepa_wm_wall transition state 53/96
2026-07-29 00:40:29,662 INFO jepa_wm_wall transition state 54/96
2026-07-29 00:40:29,891 INFO jepa_wm_wall transition state 55/96
2026-07-29 00:40:30,126 INFO jepa_wm_wall transition state 56/96
2026-07-29 00:40:30,358 INFO jepa_wm_wall transition state 57/96
2026-07-29 00:40:30,589 INFO jepa_wm_wall transition state 58/96
2026-07-29 00:40:30,823 INFO jepa_wm_wall transition state 59/96
2026-07-29 00:40:31,113 INFO jepa_wm_wall transition state 60/96
2026-07-29 00:40:31,114 INFO GPU memory {'label': 'jepa_wm_wall_transition_state_0059', 'allocated_gib': 0.159, 'reserved_gib': 0.973, 'peak_allocated_gib': 0.774}
2026-07-29 00:40:31,346 INFO jepa_wm_wall transition state 61/96
2026-07-29 00:40:31,605 INFO jepa_wm_wall transition state 62/96
2026-07-29 00:40:31,835 INFO jepa_wm_wall transition state 63/96
2026-07-29 00:40:32,066 INFO jepa_wm_wall transition state 64/96
2026-07-29 00:40:32,297 INFO jepa_wm_wall transition state 65/96
2026-07-29 00:40:32,528 INFO jepa_wm_wall transition state 66/96
2026-07-29 00:40:32,759 INFO jepa_wm_wall transition state 67/96
2026-07-29 00:40:32,989 INFO jepa_wm_wall transition state 68/96
2026-07-29 00:40:33,222 INFO jepa_wm_wall transition state 69/96
2026-07-29 00:40:33,457 INFO jepa_wm_wall transition state 70/96
2026-07-29 00:40:33,687 INFO jepa_wm_wall transition state 71/96
2026-07-29 00:40:33,920 INFO jepa_wm_wall transition state 72/96
2026-07-29 00:40:33,920 INFO GPU memory {'label': 'jepa_wm_wall_transition_state_0071', 'allocated_gib': 0.159, 'reserved_gib': 0.973, 'peak_allocated_gib': 0.774}
2026-07-29 00:40:34,150 INFO jepa_wm_wall transition state 73/96
2026-07-29 00:40:34,382 INFO jepa_wm_wall transition state 74/96
2026-07-29 00:40:34,612 INFO jepa_wm_wall transition state 75/96
2026-07-29 00:40:34,844 INFO jepa_wm_wall transition state 76/96
2026-07-29 00:40:35,074 INFO jepa_wm_wall transition state 77/96
2026-07-29 00:40:35,306 INFO jepa_wm_wall transition state 78/96
2026-07-29 00:40:35,537 INFO jepa_wm_wall transition state 79/96
2026-07-29 00:40:35,768 INFO jepa_wm_wall transition state 80/96
2026-07-29 00:40:36,002 INFO jepa_wm_wall transition state 81/96
2026-07-29 00:40:36,234 INFO jepa_wm_wall transition state 82/96
2026-07-29 00:40:36,471 INFO jepa_wm_wall transition state 83/96
2026-07-29 00:40:36,705 INFO jepa_wm_wall transition state 84/96
2026-07-29 00:40:36,706 INFO GPU memory {'label': 'jepa_wm_wall_transition_state_0083', 'allocated_gib': 0.159, 'reserved_gib': 0.973, 'peak_allocated_gib': 0.774}
2026-07-29 00:40:36,939 INFO jepa_wm_wall transition state 85/96
2026-07-29 00:40:37,171 INFO jepa_wm_wall transition state 86/96
2026-07-29 00:40:37,399 INFO jepa_wm_wall transition state 87/96
2026-07-29 00:40:37,628 INFO jepa_wm_wall transition state 88/96
2026-07-29 00:40:37,857 INFO jepa_wm_wall transition state 89/96
2026-07-29 00:40:38,086 INFO jepa_wm_wall transition state 90/96
2026-07-29 00:40:38,317 INFO jepa_wm_wall transition state 91/96
2026-07-29 00:40:38,546 INFO jepa_wm_wall transition state 92/96
2026-07-29 00:40:38,774 INFO jepa_wm_wall transition state 93/96
2026-07-29 00:40:39,004 INFO jepa_wm_wall transition state 94/96
2026-07-29 00:40:39,234 INFO jepa_wm_wall transition state 95/96
2026-07-29 00:40:39,469 INFO jepa_wm_wall transition state 96/96
2026-07-29 00:40:39,470 INFO GPU memory {'label': 'jepa_wm_wall_transition_state_0095', 'allocated_gib': 0.159, 'reserved_gib': 0.973, 'peak_allocated_gib': 0.774}
2026-07-29 00:40:39,656 INFO GPU memory {'label': 'jepa_wm_wall_released', 'allocated_gib': 0.075, 'reserved_gib': 0.111, 'peak_allocated_gib': 0.774}
2026-07-29 00:40:43,939 INFO Expanded environment variable 'JEPAWM_LOGS' to '/content/cf_faithfulness_cache/unused_jepawm_logs' at folder
2026-07-29 00:40:43,940 INFO Using hardcoded dimensions for pusht: action_dim=2, proprio_dim=4
2026-07-29 00:40:43,940 INFO Preprocessor attributes for pusht:
2026-07-29 00:40:43,941 INFO   action_mean: tensor([-0.0087,  0.0068])
2026-07-29 00:40:43,941 INFO   action_std: tensor([0.2019, 0.2002])
2026-07-29 00:40:43,941 INFO   proprio_mean: tensor([236.6155, 264.5674,  -2.9303,   2.5431])
2026-07-29 00:40:43,941 INFO   proprio_std: tensor([101.1202,  87.0112,  74.8456,  74.1401])
2026-07-29 00:40:43,942 INFO   state_mean: tensor([236.6155, 264.5674, 255.1307, 266.3721,   1.9584,  -2.9303,   2.5431])
2026-07-29 00:40:43,942 INFO   state_std: tensor([101.1202,  87.0112,  52.7054,  57.4971,   1.7556,  74.8456,  74.1401])
2026-07-29 00:40:44,007 INFO using MLP layer as FFN
2026-07-29 00:40:44,154 INFO Encoder: DinoEncoder(
  (base_model): DinoVisionTransformer(
    (patch_embed): PatchEmbed(
      (proj): Conv2d(3, 384, kernel_size=(14, 14), stride=(14, 14))
      (norm): Identity()
    )
    (blocks): ModuleList(
      (0-11): 12 x NestedTensorBlock(
        (norm1): LayerNorm((384,), eps=1e-06, elementwise_affine=True)
        (attn): MemEffAttention(
          (qkv): Linear(in_features=384, out_features=1152, bias=True)
          (proj): Linear(in_features=384, out_features=384, bias=True)
          (proj_drop): Dropout(p=0.0, inplace=False)
        )
        (ls1): LayerScale()
        (drop_path1): Identity()
        (norm2): LayerNorm((384,), eps=1e-06, elementwise_affine=True)
        (mlp): Mlp(
          (fc1): Linear(in_features=384, out_features=1536, bias=True)
          (act): GELU(approximate='none')
          (fc2): Linear(in_features=1536, out_features=384, bias=True)
          (drop): Dropout(p=0.0, inplace=False)
        )
        (ls2): LayerScale()
        (drop_path2): Identity()
      )
    )
    (norm): LayerNorm((384,), eps=1e-06, elementwise_affine=True)
    (head): Identity()
  )
)
2026-07-29 00:40:44,155 INFO 🧠 Encoder: DinoEncoder (22,056,576 params, frozen=True)
2026-07-29 00:40:44,245 INFO 🔧 Initialized 6 AdaLN blocks (scale_factor=10)
2026-07-29 00:40:44,252 INFO Predictor: VisionTransformerAdaLN(
  (predictor_embed): Linear(in_features=384, out_features=384, bias=True)
  (action_encoder): Linear(in_features=10, out_features=400, bias=True)
  (predictor_blocks): ModuleList(
    (0-5): 6 x FWAdaLNBlock(
      (norm1): LayerNorm((400,), eps=1e-06, elementwise_affine=True)
      (attn): RoPEAttention(
        (qkv): Linear(in_features=400, out_features=1200, bias=True)
        (attn_drop): Dropout(p=0.0, inplace=False)
        (proj): Linear(in_features=400, out_features=400, bias=True)
        (proj_drop): Dropout(p=0.0, inplace=False)
      )
      (drop_path): Identity()
      (norm2): LayerNorm((400,), eps=1e-06, elementwise_affine=True)
      (mlp): MLP(
        (fc1): Linear(in_features=400, out_features=1600, bias=True)
        (act): GELU(approximate='none')
        (fc2): Linear(in_features=1600, out_features=400, bias=True)
        (drop): Dropout(p=0.0, inplace=False)
      )
      (adaLN_modulation): Sequential(
        (0): SiLU()
        (1): Linear(in_features=400, out_features=2400, bias=True)
      )
    )
  )
  (predictor_norm): LayerNorm((400,), eps=1e-06, elementwise_affine=True)
  (predictor_proj): Linear(in_features=384, out_features=384, bias=True)
)
2026-07-29 00:40:44,252 INFO 🔮 Predictor: VisionTransformerAdaLN (17,626,480 params)
2026-07-29 00:40:44,253 INFO Loading checkpoint from local path: /content/cf_faithfulness_cache/huggingface/hub/models--facebook--jepa-wms/snapshots/9b9c41ef249466630dbf1a20e78391865d07b3b9/jepa_wm_pusht.pth.tar
2026-07-29 00:40:44,293 INFO loaded pretrained predictor from epoch 50 with msg: <All keys matched successfully>
2026-07-29 00:40:44,293 INFO loaded pretrained proprio encoder from epoch 50 with msg: <All keys matched successfully>
2026-07-29 00:40:44,295 INFO 📉 Loss weights: L2=1.0
2026-07-29 00:40:44,296 INFO Loaded encoder and predictor
2026-07-29 00:40:55,016 INFO Expanded environment variable 'JEPAWM_LOGS' to '/content/cf_faithfulness_cache/unused_jepawm_logs' at folder
2026-07-29 00:40:55,017 INFO Using hardcoded dimensions for wall: action_dim=2, proprio_dim=2
2026-07-29 00:40:55,017 INFO Preprocessor attributes for wall:
2026-07-29 00:40:55,018 INFO   action_mean: tensor([-0.0056,  0.0132])
2026-07-29 00:40:55,018 INFO   action_std: tensor([0.7523, 0.7467])
2026-07-29 00:40:55,019 INFO   proprio_mean: tensor([31.8945, 31.8140])
2026-07-29 00:40:55,019 INFO   proprio_std: tensor([17.6635, 17.2752])
2026-07-29 00:40:55,019 INFO   state_mean: tensor([31.8945, 31.8140])
2026-07-29 00:40:55,019 INFO   state_std: tensor([17.6635, 17.2752])
2026-07-29 00:40:55,110 INFO using MLP layer as FFN
2026-07-29 00:40:55,246 INFO Encoder: DinoEncoder(
  (base_model): DinoVisionTransformer(
    (patch_embed): PatchEmbed(
      (proj): Conv2d(3, 384, kernel_size=(14, 14), stride=(14, 14))
      (norm): Identity()
    )
    (blocks): ModuleList(
      (0-11): 12 x NestedTensorBlock(
        (norm1): LayerNorm((384,), eps=1e-06, elementwise_affine=True)
        (attn): MemEffAttention(
          (qkv): Linear(in_features=384, out_features=1152, bias=True)
          (proj): Linear(in_features=384, out_features=384, bias=True)
          (proj_drop): Dropout(p=0.0, inplace=False)
        )
        (ls1): LayerScale()
        (drop_path1): Identity()
        (norm2): LayerNorm((384,), eps=1e-06, elementwise_affine=True)
        (mlp): Mlp(
          (fc1): Linear(in_features=384, out_features=1536, bias=True)
          (act): GELU(approximate='none')
          (fc2): Linear(in_features=1536, out_features=384, bias=True)
          (drop): Dropout(p=0.0, inplace=False)
        )
        (ls2): LayerScale()
        (drop_path2): Identity()
      )
    )
    (norm): LayerNorm((384,), eps=1e-06, elementwise_affine=True)
    (head): Identity()
  )
)
2026-07-29 00:40:55,247 INFO 🧠 Encoder: DinoEncoder (22,056,576 params, frozen=True)
2026-07-29 00:40:55,336 INFO 🔧 Initialized 6 AdaLN blocks (scale_factor=10)
2026-07-29 00:40:55,343 INFO Predictor: VisionTransformerAdaLN(
  (predictor_embed): Linear(in_features=384, out_features=384, bias=True)
  (action_encoder): Linear(in_features=10, out_features=400, bias=True)
  (predictor_blocks): ModuleList(
    (0-5): 6 x FWAdaLNBlock(
      (norm1): LayerNorm((400,), eps=1e-06, elementwise_affine=True)
      (attn): RoPEAttention(
        (qkv): Linear(in_features=400, out_features=1200, bias=True)
        (attn_drop): Dropout(p=0.0, inplace=False)
        (proj): Linear(in_features=400, out_features=400, bias=True)
        (proj_drop): Dropout(p=0.0, inplace=False)
      )
      (drop_path): Identity()
      (norm2): LayerNorm((400,), eps=1e-06, elementwise_affine=True)
      (mlp): MLP(
        (fc1): Linear(in_features=400, out_features=1600, bias=True)
        (act): GELU(approximate='none')
        (fc2): Linear(in_features=1600, out_features=400, bias=True)
        (drop): Dropout(p=0.0, inplace=False)
      )
      (adaLN_modulation): Sequential(
        (0): SiLU()
        (1): Linear(in_features=400, out_features=2400, bias=True)
      )
    )
  )
  (predictor_norm): LayerNorm((400,), eps=1e-06, elementwise_affine=True)
  (predictor_proj): Linear(in_features=384, out_features=384, bias=True)
)
2026-07-29 00:40:55,344 INFO 🔮 Predictor: VisionTransformerAdaLN (17,626,480 params)
2026-07-29 00:40:55,344 INFO Loading checkpoint from local path: /content/cf_faithfulness_cache/huggingface/hub/models--facebook--jepa-wms/snapshots/9b9c41ef249466630dbf1a20e78391865d07b3b9/jepa_wm_wall.pth.tar
2026-07-29 00:40:55,385 INFO loaded pretrained predictor from epoch 50 with msg: <All keys matched successfully>
2026-07-29 00:40:55,385 INFO loaded pretrained proprio encoder from epoch 50 with msg: <All keys matched successfully>
2026-07-29 00:40:55,387 INFO 📉 Loss weights: L2=1.0
2026-07-29 00:40:55,388 INFO Loaded encoder and predictor
2026-07-29 00:41:05,226 INFO Expanded environment variable 'JEPAWM_LOGS' to '/content/cf_faithfulness_cache/unused_jepawm_logs' at folder
2026-07-29 00:41:05,227 INFO Using hardcoded dimensions for pusht: action_dim=2, proprio_dim=4
2026-07-29 00:41:05,227 INFO Preprocessor attributes for pusht:
2026-07-29 00:41:05,228 INFO   action_mean: tensor([-0.0087,  0.0068])
2026-07-29 00:41:05,229 INFO   action_std: tensor([0.2019, 0.2002])
2026-07-29 00:41:05,229 INFO   proprio_mean: tensor([236.6155, 264.5674,  -2.9303,   2.5431])
2026-07-29 00:41:05,229 INFO   proprio_std: tensor([101.1202,  87.0112,  74.8456,  74.1401])
2026-07-29 00:41:05,230 INFO   state_mean: tensor([236.6155, 264.5674, 255.1307, 266.3721,   1.9584,  -2.9303,   2.5431])
2026-07-29 00:41:05,230 INFO   state_std: tensor([101.1202,  87.0112,  52.7054,  57.4971,   1.7556,  74.8456,  74.1401])
2026-07-29 00:41:05,298 INFO using MLP layer as FFN
2026-07-29 00:41:05,437 INFO Encoder: DinoEncoder(
  (base_model): DinoVisionTransformer(
    (patch_embed): PatchEmbed(
      (proj): Conv2d(3, 384, kernel_size=(14, 14), stride=(14, 14))
      (norm): Identity()
    )
    (blocks): ModuleList(
      (0-11): 12 x NestedTensorBlock(
        (norm1): LayerNorm((384,), eps=1e-06, elementwise_affine=True)
        (attn): MemEffAttention(
          (qkv): Linear(in_features=384, out_features=1152, bias=True)
          (proj): Linear(in_features=384, out_features=384, bias=True)
          (proj_drop): Dropout(p=0.0, inplace=False)
        )
        (ls1): LayerScale()
        (drop_path1): Identity()
        (norm2): LayerNorm((384,), eps=1e-06, elementwise_affine=True)
        (mlp): Mlp(
          (fc1): Linear(in_features=384, out_features=1536, bias=True)
          (act): GELU(approximate='none')
          (fc2): Linear(in_features=1536, out_features=384, bias=True)
          (drop): Dropout(p=0.0, inplace=False)
        )
        (ls2): LayerScale()
        (drop_path2): Identity()
      )
    )
    (norm): LayerNorm((384,), eps=1e-06, elementwise_affine=True)
    (head): Identity()
  )
)
2026-07-29 00:41:05,438 INFO 🧠 Encoder: DinoEncoder (22,056,576 params, frozen=True)
2026-07-29 00:41:05,528 INFO 🔧 Initialized 6 AdaLN blocks (scale_factor=10)
2026-07-29 00:41:05,535 INFO Predictor: VisionTransformerAdaLN(
  (predictor_embed): Linear(in_features=384, out_features=384, bias=True)
  (action_encoder): Linear(in_features=10, out_features=400, bias=True)
  (predictor_blocks): ModuleList(
    (0-5): 6 x FWAdaLNBlock(
      (norm1): LayerNorm((400,), eps=1e-06, elementwise_affine=True)
      (attn): RoPEAttention(
        (qkv): Linear(in_features=400, out_features=1200, bias=True)
        (attn_drop): Dropout(p=0.0, inplace=False)
        (proj): Linear(in_features=400, out_features=400, bias=True)
        (proj_drop): Dropout(p=0.0, inplace=False)
      )
      (drop_path): Identity()
      (norm2): LayerNorm((400,), eps=1e-06, elementwise_affine=True)
      (mlp): MLP(
        (fc1): Linear(in_features=400, out_features=1600, bias=True)
        (act): GELU(approximate='none')
        (fc2): Linear(in_features=1600, out_features=400, bias=True)
        (drop): Dropout(p=0.0, inplace=False)
      )
      (adaLN_modulation): Sequential(
        (0): SiLU()
        (1): Linear(in_features=400, out_features=2400, bias=True)
      )
    )
  )
  (predictor_norm): LayerNorm((400,), eps=1e-06, elementwise_affine=True)
  (predictor_proj): Linear(in_features=384, out_features=384, bias=True)
)
2026-07-29 00:41:05,535 INFO 🔮 Predictor: VisionTransformerAdaLN (17,626,480 params)
2026-07-29 00:41:05,535 INFO Loading checkpoint from local path: /content/cf_faithfulness_cache/huggingface/hub/models--facebook--jepa-wms/snapshots/9b9c41ef249466630dbf1a20e78391865d07b3b9/jepa_wm_pusht.pth.tar
2026-07-29 00:41:05,587 INFO loaded pretrained predictor from epoch 50 with msg: <All keys matched successfully>
2026-07-29 00:41:05,587 INFO loaded pretrained proprio encoder from epoch 50 with msg: <All keys matched successfully>
2026-07-29 00:41:05,590 INFO 📉 Loss weights: L2=1.0
2026-07-29 00:41:05,591 INFO Loaded encoder and predictor
2026-07-29 00:41:37,872 INFO jepa_wm_pusht fidelity_constrained_latent_only seed=11401 epoch=2 score=0.058502 ratios=[0.9732000231742859, 0.9664000272750854, 0.9505000114440918]
2026-07-29 00:42:07,886 INFO jepa_wm_pusht fidelity_constrained_latent_only seed=11401 epoch=4 score=0.056968 ratios=[0.9542999863624573, 0.9417999982833862, 0.9208999872207642]
2026-07-29 00:42:38,003 INFO jepa_wm_pusht fidelity_constrained_latent_only seed=11401 epoch=6 score=0.056175 ratios=[0.9415000081062317, 0.9284999966621399, 0.9079999923706055]
2026-07-29 00:43:08,116 INFO jepa_wm_pusht fidelity_constrained_latent_only seed=11401 epoch=8 score=0.055575 ratios=[0.9319999814033508, 0.9194999933242798, 0.8971999883651733]
2026-07-29 00:43:38,373 INFO jepa_wm_pusht fidelity_constrained_latent_only seed=11401 epoch=10 score=0.055011 ratios=[0.925000011920929, 0.9103000164031982, 0.8863999843597412]
2026-07-29 00:44:08,421 INFO jepa_wm_pusht fidelity_constrained_latent_only seed=11401 epoch=12 score=0.054829 ratios=[0.919700026512146, 0.9078999757766724, 0.8844000101089478]
2026-07-29 00:44:38,539 INFO jepa_wm_pusht fidelity_constrained_latent_only seed=11401 epoch=14 score=0.054502 ratios=[0.9153000116348267, 0.9020000100135803, 0.8788999915122986]
2026-07-29 00:45:08,605 INFO jepa_wm_pusht fidelity_constrained_latent_only seed=11401 epoch=16 score=0.054240 ratios=[0.9122999906539917, 0.8985000252723694, 0.8730999827384949]
2026-07-29 00:45:38,739 INFO jepa_wm_pusht fidelity_constrained_latent_only seed=11401 epoch=18 score=0.054035 ratios=[0.909600019454956, 0.8956999778747559, 0.8687999844551086]
2026-07-29 00:46:08,769 INFO jepa_wm_pusht fidelity_constrained_latent_only seed=11401 epoch=20 score=0.053822 ratios=[0.9075000286102295, 0.892300009727478, 0.864300012588501]
2026-07-29 00:46:38,832 INFO jepa_wm_pusht fidelity_constrained_latent_only seed=11401 epoch=22 score=0.053813 ratios=[0.9054999947547913, 0.8920999765396118, 0.8654000163078308]
2026-07-29 00:47:08,862 INFO jepa_wm_pusht fidelity_constrained_latent_only seed=11401 epoch=24 score=0.053707 ratios=[0.9035000205039978, 0.890999972820282, 0.8632000088691711]
2026-07-29 00:47:38,928 INFO jepa_wm_pusht fidelity_constrained_latent_only seed=11401 epoch=26 score=0.053673 ratios=[0.9021999835968018, 0.8903999924659729, 0.863099992275238]
2026-07-29 00:48:09,195 INFO jepa_wm_pusht fidelity_constrained_latent_only seed=11401 epoch=28 score=0.053528 ratios=[0.9006999731063843, 0.8883000016212463, 0.8598999977111816]
2026-07-29 00:48:39,299 INFO jepa_wm_pusht fidelity_constrained_latent_only seed=11401 epoch=30 score=0.053477 ratios=[0.8998000025749207, 0.8877999782562256, 0.8587999939918518]
2026-07-29 00:49:09,374 INFO jepa_wm_pusht fidelity_constrained_latent_only seed=11401 epoch=32 score=0.053424 ratios=[0.8986999988555908, 0.8876000046730042, 0.8575999736785889]
2026-07-29 00:49:41,727 INFO jepa_wm_pusht fidelity_constrained_shuffled_geometry seed=11401 epoch=2 score=2.895742 ratios=[0.9991999864578247, 0.978600025177002, 0.9783999919891357]
2026-07-29 00:50:11,927 INFO jepa_wm_pusht fidelity_constrained_shuffled_geometry seed=11401 epoch=4 score=2.806395 ratios=[1.0073000192642212, 0.9922999739646912, 0.9975000023841858]
2026-07-29 00:50:42,450 INFO jepa_wm_pusht fidelity_constrained_shuffled_geometry seed=11401 epoch=6 score=2.740011 ratios=[1.0155999660491943, 1.0011999607086182, 1.006100058555603]
2026-07-29 00:51:12,941 INFO jepa_wm_pusht fidelity_constrained_shuffled_geometry seed=11401 epoch=8 score=2.687024 ratios=[1.0225000381469727, 1.0059000253677368, 1.011299967765808]
2026-07-29 00:51:43,385 INFO jepa_wm_pusht fidelity_constrained_shuffled_geometry seed=11401 epoch=10 score=2.711642 ratios=[1.0194000005722046, 1.0037000179290771, 1.0090999603271484]
2026-07-29 00:52:13,802 INFO jepa_wm_pusht fidelity_constrained_shuffled_geometry seed=11401 epoch=12 score=2.687239 ratios=[1.0221999883651733, 1.0053999423980713, 1.0104999542236328]
2026-07-29 00:52:44,344 INFO jepa_wm_pusht fidelity_constrained_shuffled_geometry seed=11401 epoch=14 score=2.697763 ratios=[1.021399974822998, 1.0059000253677368, 1.0117000341415405]
2026-07-29 00:53:14,742 INFO jepa_wm_pusht fidelity_constrained_shuffled_geometry seed=11401 epoch=16 score=2.704694 ratios=[1.020300030708313, 1.004699945449829, 1.0103000402450562]
2026-07-29 00:53:14,865 INFO jepa_wm_pusht fidelity_constrained_shuffled_geometry seed=11401 early-stopped at epoch 16
2026-07-29 00:53:47,160 INFO jepa_wm_pusht fidelity_constrained_matched_geometry seed=11401 epoch=2 score=0.857650 ratios=[0.994700014591217, 0.9819999933242798, 0.968999981880188]
2026-07-29 00:54:17,413 INFO jepa_wm_pusht fidelity_constrained_matched_geometry seed=11401 epoch=4 score=0.849493 ratios=[0.9944999814033508, 0.9771999716758728, 0.9627000093460083]
2026-07-29 00:54:47,777 INFO jepa_wm_pusht fidelity_constrained_matched_geometry seed=11401 epoch=6 score=0.844253 ratios=[0.9972000122070312, 0.9753999710083008, 0.9603999853134155]
2026-07-29 00:55:18,200 INFO jepa_wm_pusht fidelity_constrained_matched_geometry seed=11401 epoch=8 score=0.841740 ratios=[1.001099944114685, 0.9789000153541565, 0.9649999737739563]
2026-07-29 00:55:48,437 INFO jepa_wm_pusht fidelity_constrained_matched_geometry seed=11401 epoch=10 score=0.835207 ratios=[1.003000020980835, 0.9751999974250793, 0.9538000226020813]
2026-07-29 00:56:18,852 INFO jepa_wm_pusht fidelity_constrained_matched_geometry seed=11401 epoch=12 score=0.834828 ratios=[1.0023000240325928, 0.9757999777793884, 0.9560999870300293]
2026-07-29 00:56:49,121 INFO jepa_wm_pusht fidelity_constrained_matched_geometry seed=11401 epoch=14 score=0.832326 ratios=[1.0019999742507935, 0.9735000133514404, 0.9524999856948853]
2026-07-29 00:57:19,322 INFO jepa_wm_pusht fidelity_constrained_matched_geometry seed=11401 epoch=16 score=0.830261 ratios=[1.0013999938964844, 0.9710999727249146, 0.9470999836921692]
2026-07-29 00:57:49,850 INFO jepa_wm_pusht fidelity_constrained_matched_geometry seed=11401 epoch=18 score=0.829436 ratios=[1.0006999969482422, 0.9704999923706055, 0.9466999769210815]
2026-07-29 00:58:20,081 INFO jepa_wm_pusht fidelity_constrained_matched_geometry seed=11401 epoch=20 score=0.827647 ratios=[1.0003000497817993, 0.9681000113487244, 0.9427000284194946]
2026-07-29 00:58:50,444 INFO jepa_wm_pusht fidelity_constrained_matched_geometry seed=11401 epoch=22 score=0.826722 ratios=[1.0003999471664429, 0.9675999879837036, 0.9417999982833862]
2026-07-29 00:59:20,704 INFO jepa_wm_pusht fidelity_constrained_matched_geometry seed=11401 epoch=24 score=0.827016 ratios=[1.000499963760376, 0.968999981880188, 0.9444000124931335]
2026-07-29 00:59:21,073 INFO Expanded environment variable 'JEPAWM_LOGS' to '/content/cf_faithfulness_cache/unused_jepawm_logs' at folder
2026-07-29 00:59:21,074 INFO Using hardcoded dimensions for wall: action_dim=2, proprio_dim=2
2026-07-29 00:59:21,074 INFO Preprocessor attributes for wall:
2026-07-29 00:59:21,075 INFO   action_mean: tensor([-0.0056,  0.0132])
2026-07-29 00:59:21,075 INFO   action_std: tensor([0.7523, 0.7467])
2026-07-29 00:59:21,076 INFO   proprio_mean: tensor([31.8945, 31.8140])
2026-07-29 00:59:21,076 INFO   proprio_std: tensor([17.6635, 17.2752])
2026-07-29 00:59:21,076 INFO   state_mean: tensor([31.8945, 31.8140])
2026-07-29 00:59:21,077 INFO   state_std: tensor([17.6635, 17.2752])
2026-07-29 00:59:21,557 INFO using MLP layer as FFN
2026-07-29 00:59:21,683 INFO Encoder: DinoEncoder(
  (base_model): DinoVisionTransformer(
    (patch_embed): PatchEmbed(
      (proj): Conv2d(3, 384, kernel_size=(14, 14), stride=(14, 14))
      (norm): Identity()
    )
    (blocks): ModuleList(
      (0-11): 12 x NestedTensorBlock(
        (norm1): LayerNorm((384,), eps=1e-06, elementwise_affine=True)
        (attn): MemEffAttention(
          (qkv): Linear(in_features=384, out_features=1152, bias=True)
          (proj): Linear(in_features=384, out_features=384, bias=True)
          (proj_drop): Dropout(p=0.0, inplace=False)
        )
        (ls1): LayerScale()
        (drop_path1): Identity()
        (norm2): LayerNorm((384,), eps=1e-06, elementwise_affine=True)
        (mlp): Mlp(
          (fc1): Linear(in_features=384, out_features=1536, bias=True)
          (act): GELU(approximate='none')
          (fc2): Linear(in_features=1536, out_features=384, bias=True)
          (drop): Dropout(p=0.0, inplace=False)
        )
        (ls2): LayerScale()
        (drop_path2): Identity()
      )
    )
    (norm): LayerNorm((384,), eps=1e-06, elementwise_affine=True)
    (head): Identity()
  )
)
2026-07-29 00:59:21,684 INFO 🧠 Encoder: DinoEncoder (22,056,576 params, frozen=True)
2026-07-29 00:59:21,774 INFO 🔧 Initialized 6 AdaLN blocks (scale_factor=10)
2026-07-29 00:59:21,781 INFO Predictor: VisionTransformerAdaLN(
  (predictor_embed): Linear(in_features=384, out_features=384, bias=True)
  (action_encoder): Linear(in_features=10, out_features=400, bias=True)
  (predictor_blocks): ModuleList(
    (0-5): 6 x FWAdaLNBlock(
      (norm1): LayerNorm((400,), eps=1e-06, elementwise_affine=True)
      (attn): RoPEAttention(
        (qkv): Linear(in_features=400, out_features=1200, bias=True)
        (attn_drop): Dropout(p=0.0, inplace=False)
        (proj): Linear(in_features=400, out_features=400, bias=True)
        (proj_drop): Dropout(p=0.0, inplace=False)
      )
      (drop_path): Identity()
      (norm2): LayerNorm((400,), eps=1e-06, elementwise_affine=True)
      (mlp): MLP(
        (fc1): Linear(in_features=400, out_features=1600, bias=True)
        (act): GELU(approximate='none')
        (fc2): Linear(in_features=1600, out_features=400, bias=True)
        (drop): Dropout(p=0.0, inplace=False)
      )
      (adaLN_modulation): Sequential(
        (0): SiLU()
        (1): Linear(in_features=400, out_features=2400, bias=True)
      )
    )
  )
  (predictor_norm): LayerNorm((400,), eps=1e-06, elementwise_affine=True)
  (predictor_proj): Linear(in_features=384, out_features=384, bias=True)
)
2026-07-29 00:59:21,781 INFO 🔮 Predictor: VisionTransformerAdaLN (17,626,480 params)
2026-07-29 00:59:21,782 INFO Loading checkpoint from local path: /content/cf_faithfulness_cache/huggingface/hub/models--facebook--jepa-wms/snapshots/9b9c41ef249466630dbf1a20e78391865d07b3b9/jepa_wm_wall.pth.tar
2026-07-29 00:59:21,814 INFO loaded pretrained predictor from epoch 50 with msg: <All keys matched successfully>
2026-07-29 00:59:21,815 INFO loaded pretrained proprio encoder from epoch 50 with msg: <All keys matched successfully>
2026-07-29 00:59:21,815 INFO 📉 Loss weights: L2=1.0
2026-07-29 00:59:21,816 INFO Loaded encoder and predictor
2026-07-29 00:59:53,745 INFO jepa_wm_wall fidelity_constrained_latent_only seed=11401 epoch=2 score=0.174363 ratios=[0.9538999795913696, 0.9717000126838684, 0.9724000096321106]
2026-07-29 01:00:23,728 INFO jepa_wm_wall fidelity_constrained_latent_only seed=11401 epoch=4 score=0.169770 ratios=[0.9128999710083008, 0.9433000087738037, 0.9587000012397766]
2026-07-29 01:00:53,779 INFO jepa_wm_wall fidelity_constrained_latent_only seed=11401 epoch=6 score=0.164808 ratios=[0.8758000135421753, 0.9121999740600586, 0.9401999711990356]
2026-07-29 01:01:23,864 INFO jepa_wm_wall fidelity_constrained_latent_only seed=11401 epoch=8 score=0.159451 ratios=[0.8446999788284302, 0.8797000050544739, 0.9139000177383423]
2026-07-29 01:01:54,101 INFO jepa_wm_wall fidelity_constrained_latent_only seed=11401 epoch=10 score=0.155725 ratios=[0.8213000297546387, 0.8544999957084656, 0.8989999890327454]
2026-07-29 01:02:24,120 INFO jepa_wm_wall fidelity_constrained_latent_only seed=11401 epoch=12 score=0.152121 ratios=[0.8016999959945679, 0.83160001039505, 0.8813999891281128]
2026-07-29 01:02:54,143 INFO jepa_wm_wall fidelity_constrained_latent_only seed=11401 epoch=14 score=0.149186 ratios=[0.7853999733924866, 0.8145999908447266, 0.8658999800682068]
2026-07-29 01:03:24,185 INFO jepa_wm_wall fidelity_constrained_latent_only seed=11401 epoch=16 score=0.146681 ratios=[0.7712000012397766, 0.8008000254631042, 0.8518999814987183]
2026-07-29 01:03:54,128 INFO jepa_wm_wall fidelity_constrained_latent_only seed=11401 epoch=18 score=0.145287 ratios=[0.7608000040054321, 0.7901999950408936, 0.8485000133514404]
2026-07-29 01:04:24,331 INFO jepa_wm_wall fidelity_constrained_latent_only seed=11401 epoch=20 score=0.144162 ratios=[0.7531999945640564, 0.7806000113487244, 0.8460999727249146]
2026-07-29 01:04:54,381 INFO jepa_wm_wall fidelity_constrained_latent_only seed=11401 epoch=22 score=0.143123 ratios=[0.7468000054359436, 0.7727000117301941, 0.8427000045776367]
2026-07-29 01:05:24,348 INFO jepa_wm_wall fidelity_constrained_latent_only seed=11401 epoch=24 score=0.141907 ratios=[0.7418000102043152, 0.7657999992370605, 0.835099995136261]
2026-07-29 01:05:54,399 INFO jepa_wm_wall fidelity_constrained_latent_only seed=11401 epoch=26 score=0.140617 ratios=[0.7365999817848206, 0.7584999799728394, 0.8269000053405762]
2026-07-29 01:06:24,657 INFO jepa_wm_wall fidelity_constrained_latent_only seed=11401 epoch=28 score=0.139233 ratios=[0.7318999767303467, 0.7513999938964844, 0.8169000148773193]
2026-07-29 01:06:54,718 INFO jepa_wm_wall fidelity_constrained_latent_only seed=11401 epoch=30 score=0.138638 ratios=[0.7285000085830688, 0.746399998664856, 0.8151999711990356]
2026-07-29 01:07:24,806 INFO jepa_wm_wall fidelity_constrained_latent_only seed=11401 epoch=32 score=0.137763 ratios=[0.7246999740600586, 0.741100013256073, 0.8101999759674072]
2026-07-29 01:07:57,209 INFO jepa_wm_wall fidelity_constrained_shuffled_geometry seed=11401 epoch=2 score=5.910372 ratios=[1.0037000179290771, 0.9921000003814697, 0.989799976348877]
2026-07-29 01:08:27,531 INFO jepa_wm_wall fidelity_constrained_shuffled_geometry seed=11401 epoch=4 score=5.763829 ratios=[1.0056999921798706, 0.98580002784729, 0.9854000210762024]
2026-07-29 01:08:58,094 INFO jepa_wm_wall fidelity_constrained_shuffled_geometry seed=11401 epoch=6 score=5.626198 ratios=[1.0097999572753906, 0.9830999970436096, 0.9861000180244446]
2026-07-29 01:09:28,322 INFO jepa_wm_wall fidelity_constrained_shuffled_geometry seed=11401 epoch=8 score=5.508261 ratios=[1.0135999917984009, 0.9825999736785889, 0.9926999807357788]
2026-07-29 01:09:58,551 INFO jepa_wm_wall fidelity_constrained_shuffled_geometry seed=11401 epoch=10 score=5.374247 ratios=[1.0184999704360962, 0.9830999970436096, 0.9994999766349792]
2026-07-29 01:10:28,884 INFO jepa_wm_wall fidelity_constrained_shuffled_geometry seed=11401 epoch=12 score=5.238422 ratios=[1.0254000425338745, 0.9847000241279602, 1.0008000135421753]
2026-07-29 01:10:59,212 INFO jepa_wm_wall fidelity_constrained_shuffled_geometry seed=11401 epoch=14 score=5.305986 ratios=[1.0218000411987305, 0.9843000173568726, 1.0008000135421753]
2026-07-29 01:11:29,705 INFO jepa_wm_wall fidelity_constrained_shuffled_geometry seed=11401 epoch=16 score=5.339129 ratios=[1.0200999975204468, 0.983299970626831, 0.9991999864578247]
2026-07-29 01:11:29,840 INFO jepa_wm_wall fidelity_constrained_shuffled_geometry seed=11401 early-stopped at epoch 16
2026-07-29 01:12:02,123 INFO jepa_wm_wall fidelity_constrained_matched_geometry seed=11401 epoch=2 score=2.388386 ratios=[1.0011999607086182, 0.9879000186920166, 0.9793999791145325]
2026-07-29 01:12:32,403 INFO jepa_wm_wall fidelity_constrained_matched_geometry seed=11401 epoch=4 score=2.328766 ratios=[0.9991000294685364, 0.9800999760627747, 0.9728000164031982]
2026-07-29 01:13:02,775 INFO jepa_wm_wall fidelity_constrained_matched_geometry seed=11401 epoch=6 score=2.289482 ratios=[0.9976999759674072, 0.9746999740600586, 0.9732000231742859]
2026-07-29 01:13:33,335 INFO jepa_wm_wall fidelity_constrained_matched_geometry seed=11401 epoch=8 score=2.246065 ratios=[0.9973000288009644, 0.9692000150680542, 0.9696999788284302]
2026-07-29 01:14:03,726 INFO jepa_wm_wall fidelity_constrained_matched_geometry seed=11401 epoch=10 score=2.207088 ratios=[0.9976000189781189, 0.9642999768257141, 0.9638000130653381]
2026-07-29 01:14:34,032 INFO jepa_wm_wall fidelity_constrained_matched_geometry seed=11401 epoch=12 score=2.171137 ratios=[0.9979000091552734, 0.9599999785423279, 0.9609000086784363]
2026-07-29 01:15:04,299 INFO jepa_wm_wall fidelity_constrained_matched_geometry seed=11401 epoch=14 score=2.155848 ratios=[1.003100037574768, 0.9589999914169312, 0.9664000272750854]
2026-07-29 01:15:34,649 INFO jepa_wm_wall fidelity_constrained_matched_geometry seed=11401 epoch=16 score=2.137728 ratios=[1.0094000101089478, 0.9595000147819519, 0.98580002784729]
2026-07-29 01:16:05,093 INFO jepa_wm_wall fidelity_constrained_matched_geometry seed=11401 epoch=18 score=2.102320 ratios=[1.0168999433517456, 0.9621999859809875, 1.003000020980835]
2026-07-29 01:16:35,491 INFO jepa_wm_wall fidelity_constrained_matched_geometry seed=11401 epoch=20 score=2.070637 ratios=[1.0255999565124512, 0.965399980545044, 1.003000020980835]
2026-07-29 01:17:05,853 INFO jepa_wm_wall fidelity_constrained_matched_geometry seed=11401 epoch=22 score=2.084068 ratios=[1.0211000442504883, 0.9635000228881836, 1.0020999908447266]
2026-07-29 01:17:36,066 INFO jepa_wm_wall fidelity_constrained_matched_geometry seed=11401 epoch=24 score=2.091360 ratios=[1.0191999673843384, 0.9628999829292297, 1.0024000406265259]
2026-07-29 01:18:06,380 INFO jepa_wm_wall fidelity_constrained_matched_geometry seed=11401 epoch=26 score=2.082791 ratios=[1.021399974822998, 0.9635999798774719, 1.0022000074386597]
2026-07-29 01:18:36,822 INFO jepa_wm_wall fidelity_constrained_matched_geometry seed=11401 epoch=28 score=2.086977 ratios=[1.020300030708313, 0.9631999731063843, 1.0023000240325928]
2026-07-29 01:19:07,048 INFO jepa_wm_wall fidelity_constrained_matched_geometry seed=11401 epoch=30 score=2.089202 ratios=[1.0197999477386475, 0.963100016117096, 1.0024000406265259]
2026-07-29 01:19:37,228 INFO jepa_wm_wall fidelity_constrained_matched_geometry seed=11401 epoch=32 score=2.086799 ratios=[1.020300030708313, 0.9631999731063843, 1.0022000074386597]
2026-07-29 01:19:37,824 INFO Expanded environment variable 'JEPAWM_LOGS' to '/content/cf_faithfulness_cache/unused_jepawm_logs' at folder
2026-07-29 01:19:37,825 INFO Using hardcoded dimensions for pusht: action_dim=2, proprio_dim=4
2026-07-29 01:19:37,825 INFO Preprocessor attributes for pusht:
2026-07-29 01:19:37,826 INFO   action_mean: tensor([-0.0087,  0.0068])
2026-07-29 01:19:37,826 INFO   action_std: tensor([0.2019, 0.2002])
2026-07-29 01:19:37,826 INFO   proprio_mean: tensor([236.6155, 264.5674,  -2.9303,   2.5431])
2026-07-29 01:19:37,827 INFO   proprio_std: tensor([101.1202,  87.0112,  74.8456,  74.1401])
2026-07-29 01:19:37,827 INFO   state_mean: tensor([236.6155, 264.5674, 255.1307, 266.3721,   1.9584,  -2.9303,   2.5431])
2026-07-29 01:19:37,827 INFO   state_std: tensor([101.1202,  87.0112,  52.7054,  57.4971,   1.7556,  74.8456,  74.1401])
2026-07-29 01:19:37,892 INFO using MLP layer as FFN
2026-07-29 01:19:38,019 INFO Encoder: DinoEncoder(
  (base_model): DinoVisionTransformer(
    (patch_embed): PatchEmbed(
      (proj): Conv2d(3, 384, kernel_size=(14, 14), stride=(14, 14))
      (norm): Identity()
    )
    (blocks): ModuleList(
      (0-11): 12 x NestedTensorBlock(
        (norm1): LayerNorm((384,), eps=1e-06, elementwise_affine=True)
        (attn): MemEffAttention(
          (qkv): Linear(in_features=384, out_features=1152, bias=True)
          (proj): Linear(in_features=384, out_features=384, bias=True)
          (proj_drop): Dropout(p=0.0, inplace=False)
        )
        (ls1): LayerScale()
        (drop_path1): Identity()
        (norm2): LayerNorm((384,), eps=1e-06, elementwise_affine=True)
        (mlp): Mlp(
          (fc1): Linear(in_features=384, out_features=1536, bias=True)
          (act): GELU(approximate='none')
          (fc2): Linear(in_features=1536, out_features=384, bias=True)
          (drop): Dropout(p=0.0, inplace=False)
        )
        (ls2): LayerScale()
        (drop_path2): Identity()
      )
    )
    (norm): LayerNorm((384,), eps=1e-06, elementwise_affine=True)
    (head): Identity()
  )
)
2026-07-29 01:19:38,019 INFO 🧠 Encoder: DinoEncoder (22,056,576 params, frozen=True)
2026-07-29 01:19:38,109 INFO 🔧 Initialized 6 AdaLN blocks (scale_factor=10)
2026-07-29 01:19:38,116 INFO Predictor: VisionTransformerAdaLN(
  (predictor_embed): Linear(in_features=384, out_features=384, bias=True)
  (action_encoder): Linear(in_features=10, out_features=400, bias=True)
  (predictor_blocks): ModuleList(
    (0-5): 6 x FWAdaLNBlock(
      (norm1): LayerNorm((400,), eps=1e-06, elementwise_affine=True)
      (attn): RoPEAttention(
        (qkv): Linear(in_features=400, out_features=1200, bias=True)
        (attn_drop): Dropout(p=0.0, inplace=False)
        (proj): Linear(in_features=400, out_features=400, bias=True)
        (proj_drop): Dropout(p=0.0, inplace=False)
      )
      (drop_path): Identity()
      (norm2): LayerNorm((400,), eps=1e-06, elementwise_affine=True)
      (mlp): MLP(
        (fc1): Linear(in_features=400, out_features=1600, bias=True)
        (act): GELU(approximate='none')
        (fc2): Linear(in_features=1600, out_features=400, bias=True)
        (drop): Dropout(p=0.0, inplace=False)
      )
      (adaLN_modulation): Sequential(
        (0): SiLU()
        (1): Linear(in_features=400, out_features=2400, bias=True)
      )
    )
  )
  (predictor_norm): LayerNorm((400,), eps=1e-06, elementwise_affine=True)
  (predictor_proj): Linear(in_features=384, out_features=384, bias=True)
)
2026-07-29 01:19:38,116 INFO 🔮 Predictor: VisionTransformerAdaLN (17,626,480 params)
2026-07-29 01:19:38,117 INFO Loading checkpoint from local path: /content/cf_faithfulness_cache/huggingface/hub/models--facebook--jepa-wms/snapshots/9b9c41ef249466630dbf1a20e78391865d07b3b9/jepa_wm_pusht.pth.tar
2026-07-29 01:19:38,148 INFO loaded pretrained predictor from epoch 50 with msg: <All keys matched successfully>
2026-07-29 01:19:38,149 INFO loaded pretrained proprio encoder from epoch 50 with msg: <All keys matched successfully>
2026-07-29 01:19:38,149 INFO 📉 Loss weights: L2=1.0
2026-07-29 01:19:38,150 INFO Loaded encoder and predictor
2026-07-29 01:19:47,273 INFO Expanded environment variable 'JEPAWM_LOGS' to '/content/cf_faithfulness_cache/unused_jepawm_logs' at folder
2026-07-29 01:19:47,273 INFO Using hardcoded dimensions for wall: action_dim=2, proprio_dim=2
2026-07-29 01:19:47,274 INFO Preprocessor attributes for wall:
2026-07-29 01:19:47,274 INFO   action_mean: tensor([-0.0056,  0.0132])
2026-07-29 01:19:47,275 INFO   action_std: tensor([0.7523, 0.7467])
2026-07-29 01:19:47,275 INFO   proprio_mean: tensor([31.8945, 31.8140])
2026-07-29 01:19:47,276 INFO   proprio_std: tensor([17.6635, 17.2752])
2026-07-29 01:19:47,276 INFO   state_mean: tensor([31.8945, 31.8140])
2026-07-29 01:19:47,276 INFO   state_std: tensor([17.6635, 17.2752])
2026-07-29 01:19:47,340 INFO using MLP layer as FFN
2026-07-29 01:19:47,467 INFO Encoder: DinoEncoder(
  (base_model): DinoVisionTransformer(
    (patch_embed): PatchEmbed(
      (proj): Conv2d(3, 384, kernel_size=(14, 14), stride=(14, 14))
      (norm): Identity()
    )
    (blocks): ModuleList(
      (0-11): 12 x NestedTensorBlock(
        (norm1): LayerNorm((384,), eps=1e-06, elementwise_affine=True)
        (attn): MemEffAttention(
          (qkv): Linear(in_features=384, out_features=1152, bias=True)
          (proj): Linear(in_features=384, out_features=384, bias=True)
          (proj_drop): Dropout(p=0.0, inplace=False)
        )
        (ls1): LayerScale()
        (drop_path1): Identity()
        (norm2): LayerNorm((384,), eps=1e-06, elementwise_affine=True)
        (mlp): Mlp(
          (fc1): Linear(in_features=384, out_features=1536, bias=True)
          (act): GELU(approximate='none')
          (fc2): Linear(in_features=1536, out_features=384, bias=True)
          (drop): Dropout(p=0.0, inplace=False)
        )
        (ls2): LayerScale()
        (drop_path2): Identity()
      )
    )
    (norm): LayerNorm((384,), eps=1e-06, elementwise_affine=True)
    (head): Identity()
  )
)
2026-07-29 01:19:47,468 INFO 🧠 Encoder: DinoEncoder (22,056,576 params, frozen=True)
2026-07-29 01:19:47,561 INFO 🔧 Initialized 6 AdaLN blocks (scale_factor=10)
2026-07-29 01:19:47,569 INFO Predictor: VisionTransformerAdaLN(
  (predictor_embed): Linear(in_features=384, out_features=384, bias=True)
  (action_encoder): Linear(in_features=10, out_features=400, bias=True)
  (predictor_blocks): ModuleList(
    (0-5): 6 x FWAdaLNBlock(
      (norm1): LayerNorm((400,), eps=1e-06, elementwise_affine=True)
      (attn): RoPEAttention(
        (qkv): Linear(in_features=400, out_features=1200, bias=True)
        (attn_drop): Dropout(p=0.0, inplace=False)
        (proj): Linear(in_features=400, out_features=400, bias=True)
        (proj_drop): Dropout(p=0.0, inplace=False)
      )
      (drop_path): Identity()
      (norm2): LayerNorm((400,), eps=1e-06, elementwise_affine=True)
      (mlp): MLP(
        (fc1): Linear(in_features=400, out_features=1600, bias=True)
        (act): GELU(approximate='none')
        (fc2): Linear(in_features=1600, out_features=400, bias=True)
        (drop): Dropout(p=0.0, inplace=False)
      )
      (adaLN_modulation): Sequential(
        (0): SiLU()
        (1): Linear(in_features=400, out_features=2400, bias=True)
      )
    )
  )
  (predictor_norm): LayerNorm((400,), eps=1e-06, elementwise_affine=True)
  (predictor_proj): Linear(in_features=384, out_features=384, bias=True)
)
2026-07-29 01:19:47,569 INFO 🔮 Predictor: VisionTransformerAdaLN (17,626,480 params)
2026-07-29 01:19:47,570 INFO Loading checkpoint from local path: /content/cf_faithfulness_cache/huggingface/hub/models--facebook--jepa-wms/snapshots/9b9c41ef249466630dbf1a20e78391865d07b3b9/jepa_wm_wall.pth.tar
2026-07-29 01:19:47,603 INFO loaded pretrained predictor from epoch 50 with msg: <All keys matched successfully>
2026-07-29 01:19:47,603 INFO loaded pretrained proprio encoder from epoch 50 with msg: <All keys matched successfully>
2026-07-29 01:19:47,604 INFO 📉 Loss weights: L2=1.0
2026-07-29 01:19:47,605 INFO Loaded encoder and predictor
2026-07-29 01:19:56,709 INFO Expanded environment variable 'JEPAWM_LOGS' to '/content/cf_faithfulness_cache/unused_jepawm_logs' at folder
2026-07-29 01:19:56,709 INFO Using hardcoded dimensions for pusht: action_dim=2, proprio_dim=4
2026-07-29 01:19:56,710 INFO Preprocessor attributes for pusht:
2026-07-29 01:19:56,710 INFO   action_mean: tensor([-0.0087,  0.0068])
2026-07-29 01:19:56,711 INFO   action_std: tensor([0.2019, 0.2002])
2026-07-29 01:19:56,711 INFO   proprio_mean: tensor([236.6155, 264.5674,  -2.9303,   2.5431])
2026-07-29 01:19:56,711 INFO   proprio_std: tensor([101.1202,  87.0112,  74.8456,  74.1401])
2026-07-29 01:19:56,712 INFO   state_mean: tensor([236.6155, 264.5674, 255.1307, 266.3721,   1.9584,  -2.9303,   2.5431])
2026-07-29 01:19:56,712 INFO   state_std: tensor([101.1202,  87.0112,  52.7054,  57.4971,   1.7556,  74.8456,  74.1401])
2026-07-29 01:19:56,781 INFO using MLP layer as FFN
2026-07-29 01:19:56,909 INFO Encoder: DinoEncoder(
  (base_model): DinoVisionTransformer(
    (patch_embed): PatchEmbed(
      (proj): Conv2d(3, 384, kernel_size=(14, 14), stride=(14, 14))
      (norm): Identity()
    )
    (blocks): ModuleList(
      (0-11): 12 x NestedTensorBlock(
        (norm1): LayerNorm((384,), eps=1e-06, elementwise_affine=True)
        (attn): MemEffAttention(
          (qkv): Linear(in_features=384, out_features=1152, bias=True)
          (proj): Linear(in_features=384, out_features=384, bias=True)
          (proj_drop): Dropout(p=0.0, inplace=False)
        )
        (ls1): LayerScale()
        (drop_path1): Identity()
        (norm2): LayerNorm((384,), eps=1e-06, elementwise_affine=True)
        (mlp): Mlp(
          (fc1): Linear(in_features=384, out_features=1536, bias=True)
          (act): GELU(approximate='none')
          (fc2): Linear(in_features=1536, out_features=384, bias=True)
          (drop): Dropout(p=0.0, inplace=False)
        )
        (ls2): LayerScale()
        (drop_path2): Identity()
      )
    )
    (norm): LayerNorm((384,), eps=1e-06, elementwise_affine=True)
    (head): Identity()
  )
)
2026-07-29 01:19:56,910 INFO 🧠 Encoder: DinoEncoder (22,056,576 params, frozen=True)
2026-07-29 01:19:57,001 INFO 🔧 Initialized 6 AdaLN blocks (scale_factor=10)
2026-07-29 01:19:57,008 INFO Predictor: VisionTransformerAdaLN(
  (predictor_embed): Linear(in_features=384, out_features=384, bias=True)
  (action_encoder): Linear(in_features=10, out_features=400, bias=True)
  (predictor_blocks): ModuleList(
    (0-5): 6 x FWAdaLNBlock(
      (norm1): LayerNorm((400,), eps=1e-06, elementwise_affine=True)
      (attn): RoPEAttention(
        (qkv): Linear(in_features=400, out_features=1200, bias=True)
        (attn_drop): Dropout(p=0.0, inplace=False)
        (proj): Linear(in_features=400, out_features=400, bias=True)
        (proj_drop): Dropout(p=0.0, inplace=False)
      )
      (drop_path): Identity()
      (norm2): LayerNorm((400,), eps=1e-06, elementwise_affine=True)
      (mlp): MLP(
        (fc1): Linear(in_features=400, out_features=1600, bias=True)
        (act): GELU(approximate='none')
        (fc2): Linear(in_features=1600, out_features=400, bias=True)
        (drop): Dropout(p=0.0, inplace=False)
      )
      (adaLN_modulation): Sequential(
        (0): SiLU()
        (1): Linear(in_features=400, out_features=2400, bias=True)
      )
    )
  )
  (predictor_norm): LayerNorm((400,), eps=1e-06, elementwise_affine=True)
  (predictor_proj): Linear(in_features=384, out_features=384, bias=True)
)
2026-07-29 01:19:57,009 INFO 🔮 Predictor: VisionTransformerAdaLN (17,626,480 params)
2026-07-29 01:19:57,009 INFO Loading checkpoint from local path: /content/cf_faithfulness_cache/huggingface/hub/models--facebook--jepa-wms/snapshots/9b9c41ef249466630dbf1a20e78391865d07b3b9/jepa_wm_pusht.pth.tar
2026-07-29 01:19:57,041 INFO loaded pretrained predictor from epoch 50 with msg: <All keys matched successfully>
2026-07-29 01:19:57,042 INFO loaded pretrained proprio encoder from epoch 50 with msg: <All keys matched successfully>
2026-07-29 01:19:57,042 INFO 📉 Loss weights: L2=1.0
2026-07-29 01:19:57,043 INFO Loaded encoder and predictor
2026-07-29 01:20:30,746 INFO jepa_wm_pusht fidelity_constrained_latent_only seed=11419 epoch=2 score=0.058430 ratios=[0.9724000096321106, 0.9652000069618225, 0.9491000175476074]
2026-07-29 01:21:00,715 INFO jepa_wm_pusht fidelity_constrained_latent_only seed=11419 epoch=4 score=0.057006 ratios=[0.9539999961853027, 0.942799985408783, 0.9217000007629395]
2026-07-29 01:21:30,737 INFO jepa_wm_pusht fidelity_constrained_latent_only seed=11419 epoch=6 score=0.056134 ratios=[0.9405999779701233, 0.9277999997138977, 0.9075000286102295]
2026-07-29 01:22:00,694 INFO jepa_wm_pusht fidelity_constrained_latent_only seed=11419 epoch=8 score=0.055475 ratios=[0.9315000176429749, 0.9175000190734863, 0.8950999975204468]
2026-07-29 01:22:30,889 INFO jepa_wm_pusht fidelity_constrained_latent_only seed=11419 epoch=10 score=0.055090 ratios=[0.9243999719619751, 0.9115999937057495, 0.8888999819755554]
2026-07-29 01:23:00,925 INFO jepa_wm_pusht fidelity_constrained_latent_only seed=11419 epoch=12 score=0.054624 ratios=[0.9190999865531921, 0.9045000076293945, 0.8794000148773193]
2026-07-29 01:23:30,908 INFO jepa_wm_pusht fidelity_constrained_latent_only seed=11419 epoch=14 score=0.054408 ratios=[0.9150999784469604, 0.9013000130653381, 0.8758000135421753]
2026-07-29 01:24:00,969 INFO jepa_wm_pusht fidelity_constrained_latent_only seed=11419 epoch=16 score=0.054169 ratios=[0.9121000170707703, 0.8974000215530396, 0.8712000250816345]
2026-07-29 01:24:31,239 INFO jepa_wm_pusht fidelity_constrained_latent_only seed=11419 epoch=18 score=0.053925 ratios=[0.9090999960899353, 0.8942000269889832, 0.8659999966621399]
2026-07-29 01:25:01,359 INFO jepa_wm_pusht fidelity_constrained_latent_only seed=11419 epoch=20 score=0.053902 ratios=[0.9067999720573425, 0.8930000066757202, 0.8673999905586243]
2026-07-29 01:25:31,412 INFO jepa_wm_pusht fidelity_constrained_latent_only seed=11419 epoch=22 score=0.053618 ratios=[0.9050999879837036, 0.8888999819755554, 0.8604999780654907]
2026-07-29 01:26:01,480 INFO jepa_wm_pusht fidelity_constrained_latent_only seed=11419 epoch=24 score=0.053610 ratios=[0.9031999707221985, 0.8895000219345093, 0.8607000112533569]
2026-07-29 01:26:33,807 INFO jepa_wm_pusht fidelity_constrained_shuffled_geometry seed=11419 epoch=2 score=2.957817 ratios=[0.9991999864578247, 0.9817000031471252, 0.9805999994277954]
2026-07-29 01:27:04,194 INFO jepa_wm_pusht fidelity_constrained_shuffled_geometry seed=11419 epoch=4 score=2.857241 ratios=[1.0096999406814575, 0.9944000244140625, 0.9987999796867371]
2026-07-29 01:27:34,526 INFO jepa_wm_pusht fidelity_constrained_shuffled_geometry seed=11419 epoch=6 score=2.789883 ratios=[1.016800045967102, 1.000100016593933, 1.003499984741211]
2026-07-29 01:28:04,911 INFO jepa_wm_pusht fidelity_constrained_shuffled_geometry seed=11419 epoch=8 score=2.732796 ratios=[1.0233999490737915, 1.0069999694824219, 1.0160000324249268]
2026-07-29 01:28:35,332 INFO jepa_wm_pusht fidelity_constrained_shuffled_geometry seed=11419 epoch=10 score=2.758168 ratios=[1.021299958229065, 1.0056999921798706, 1.0140999555587769]
2026-07-29 01:29:05,728 INFO jepa_wm_pusht fidelity_constrained_shuffled_geometry seed=11419 epoch=12 score=2.773098 ratios=[1.0192999839782715, 1.0027999877929688, 1.007200002670288]
2026-07-29 01:29:36,303 INFO jepa_wm_pusht fidelity_constrained_shuffled_geometry seed=11419 epoch=14 score=2.758307 ratios=[1.021399974822998, 1.0052000284194946, 1.0108000040054321]
2026-07-29 01:30:06,704 INFO jepa_wm_pusht fidelity_constrained_shuffled_geometry seed=11419 epoch=16 score=2.765838 ratios=[1.0202000141143799, 1.0039000511169434, 1.0099999904632568]
2026-07-29 01:30:39,122 INFO jepa_wm_pusht fidelity_constrained_matched_geometry seed=11419 epoch=2 score=0.857679 ratios=[0.9944000244140625, 0.9818999767303467, 0.9688000082969666]
2026-07-29 01:31:09,355 INFO jepa_wm_pusht fidelity_constrained_matched_geometry seed=11419 epoch=4 score=0.848561 ratios=[0.9940000176429749, 0.9763000011444092, 0.9606999754905701]
2026-07-29 01:31:39,837 INFO jepa_wm_pusht fidelity_constrained_matched_geometry seed=11419 epoch=6 score=0.842194 ratios=[0.9965999722480774, 0.9745000004768372, 0.9564999938011169]
2026-07-29 01:32:10,121 INFO jepa_wm_pusht fidelity_constrained_matched_geometry seed=11419 epoch=8 score=0.838991 ratios=[1.0003000497817993, 0.9753999710083008, 0.95660001039505]
2026-07-29 01:32:40,302 INFO jepa_wm_pusht fidelity_constrained_matched_geometry seed=11419 epoch=10 score=0.836324 ratios=[1.0017999410629272, 0.9757000207901001, 0.9567999839782715]
2026-07-29 01:33:10,607 INFO jepa_wm_pusht fidelity_constrained_matched_geometry seed=11419 epoch=12 score=0.833396 ratios=[1.0015000104904175, 0.9736999869346619, 0.9526000022888184]
2026-07-29 01:33:40,882 INFO jepa_wm_pusht fidelity_constrained_matched_geometry seed=11419 epoch=14 score=0.830867 ratios=[1.0015000104904175, 0.9711999893188477, 0.9477999806404114]
2026-07-29 01:34:11,386 INFO jepa_wm_pusht fidelity_constrained_matched_geometry seed=11419 epoch=16 score=0.829713 ratios=[1.0010000467300415, 0.9700000286102295, 0.9462000131607056]
2026-07-29 01:34:41,683 INFO jepa_wm_pusht fidelity_constrained_matched_geometry seed=11419 epoch=18 score=0.828793 ratios=[1.0006999969482422, 0.9696000218391418, 0.9452999830245972]
2026-07-29 01:35:11,948 INFO jepa_wm_pusht fidelity_constrained_matched_geometry seed=11419 epoch=20 score=0.827660 ratios=[1.001099944114685, 0.9690999984741211, 0.9448999762535095]
2026-07-29 01:35:42,166 INFO jepa_wm_pusht fidelity_constrained_matched_geometry seed=11419 epoch=22 score=0.825896 ratios=[1.000499963760376, 0.9667999744415283, 0.9404000043869019]
2026-07-29 01:36:12,474 INFO jepa_wm_pusht fidelity_constrained_matched_geometry seed=11419 epoch=24 score=0.826593 ratios=[1.0, 0.9684000015258789, 0.9437999725341797]
2026-07-29 01:36:12,838 INFO Expanded environment variable 'JEPAWM_LOGS' to '/content/cf_faithfulness_cache/unused_jepawm_logs' at folder
2026-07-29 01:36:12,839 INFO Using hardcoded dimensions for wall: action_dim=2, proprio_dim=2
2026-07-29 01:36:12,839 INFO Preprocessor attributes for wall:
2026-07-29 01:36:12,840 INFO   action_mean: tensor([-0.0056,  0.0132])
2026-07-29 01:36:12,840 INFO   action_std: tensor([0.7523, 0.7467])
2026-07-29 01:36:12,841 INFO   proprio_mean: tensor([31.8945, 31.8140])
2026-07-29 01:36:12,841 INFO   proprio_std: tensor([17.6635, 17.2752])
2026-07-29 01:36:12,841 INFO   state_mean: tensor([31.8945, 31.8140])
2026-07-29 01:36:12,841 INFO   state_std: tensor([17.6635, 17.2752])
2026-07-29 01:36:12,909 INFO using MLP layer as FFN
2026-07-29 01:36:13,036 INFO Encoder: DinoEncoder(
  (base_model): DinoVisionTransformer(
    (patch_embed): PatchEmbed(
      (proj): Conv2d(3, 384, kernel_size=(14, 14), stride=(14, 14))
      (norm): Identity()
    )
    (blocks): ModuleList(
      (0-11): 12 x NestedTensorBlock(
        (norm1): LayerNorm((384,), eps=1e-06, elementwise_affine=True)
        (attn): MemEffAttention(
          (qkv): Linear(in_features=384, out_features=1152, bias=True)
          (proj): Linear(in_features=384, out_features=384, bias=True)
          (proj_drop): Dropout(p=0.0, inplace=False)
        )
        (ls1): LayerScale()
        (drop_path1): Identity()
        (norm2): LayerNorm((384,), eps=1e-06, elementwise_affine=True)
        (mlp): Mlp(
          (fc1): Linear(in_features=384, out_features=1536, bias=True)
          (act): GELU(approximate='none')
          (fc2): Linear(in_features=1536, out_features=384, bias=True)
          (drop): Dropout(p=0.0, inplace=False)
        )
        (ls2): LayerScale()
        (drop_path2): Identity()
      )
    )
    (norm): LayerNorm((384,), eps=1e-06, elementwise_affine=True)
    (head): Identity()
  )
)
2026-07-29 01:36:13,037 INFO 🧠 Encoder: DinoEncoder (22,056,576 params, frozen=True)
2026-07-29 01:36:13,128 INFO 🔧 Initialized 6 AdaLN blocks (scale_factor=10)
2026-07-29 01:36:13,136 INFO Predictor: VisionTransformerAdaLN(
  (predictor_embed): Linear(in_features=384, out_features=384, bias=True)
  (action_encoder): Linear(in_features=10, out_features=400, bias=True)
  (predictor_blocks): ModuleList(
    (0-5): 6 x FWAdaLNBlock(
      (norm1): LayerNorm((400,), eps=1e-06, elementwise_affine=True)
      (attn): RoPEAttention(
        (qkv): Linear(in_features=400, out_features=1200, bias=True)
        (attn_drop): Dropout(p=0.0, inplace=False)
        (proj): Linear(in_features=400, out_features=400, bias=True)
        (proj_drop): Dropout(p=0.0, inplace=False)
      )
      (drop_path): Identity()
      (norm2): LayerNorm((400,), eps=1e-06, elementwise_affine=True)
      (mlp): MLP(
        (fc1): Linear(in_features=400, out_features=1600, bias=True)
        (act): GELU(approximate='none')
        (fc2): Linear(in_features=1600, out_features=400, bias=True)
        (drop): Dropout(p=0.0, inplace=False)
      )
      (adaLN_modulation): Sequential(
        (0): SiLU()
        (1): Linear(in_features=400, out_features=2400, bias=True)
      )
    )
  )
  (predictor_norm): LayerNorm((400,), eps=1e-06, elementwise_affine=True)
  (predictor_proj): Linear(in_features=384, out_features=384, bias=True)
)
2026-07-29 01:36:13,136 INFO 🔮 Predictor: VisionTransformerAdaLN (17,626,480 params)
2026-07-29 01:36:13,137 INFO Loading checkpoint from local path: /content/cf_faithfulness_cache/huggingface/hub/models--facebook--jepa-wms/snapshots/9b9c41ef249466630dbf1a20e78391865d07b3b9/jepa_wm_wall.pth.tar
2026-07-29 01:36:13,169 INFO loaded pretrained predictor from epoch 50 with msg: <All keys matched successfully>
2026-07-29 01:36:13,169 INFO loaded pretrained proprio encoder from epoch 50 with msg: <All keys matched successfully>
2026-07-29 01:36:13,170 INFO 📉 Loss weights: L2=1.0
2026-07-29 01:36:13,171 INFO Loaded encoder and predictor
2026-07-29 01:36:46,845 INFO jepa_wm_wall fidelity_constrained_latent_only seed=11419 epoch=2 score=0.174409 ratios=[0.9549999833106995, 0.9717000126838684, 0.9724000096321106]
2026-07-29 01:37:16,798 INFO jepa_wm_wall fidelity_constrained_latent_only seed=11419 epoch=4 score=0.169696 ratios=[0.9121999740600586, 0.9423999786376953, 0.9589999914169312]
2026-07-29 01:37:46,770 INFO jepa_wm_wall fidelity_constrained_latent_only seed=11419 epoch=6 score=0.164266 ratios=[0.871399998664856, 0.9075999855995178, 0.9394999742507935]
2026-07-29 01:38:16,702 INFO jepa_wm_wall fidelity_constrained_latent_only seed=11419 epoch=8 score=0.158899 ratios=[0.8398000001907349, 0.8745999932289124, 0.9138000011444092]
2026-07-29 01:38:46,830 INFO jepa_wm_wall fidelity_constrained_latent_only seed=11419 epoch=10 score=0.154576 ratios=[0.8152999877929688, 0.8463000059127808, 0.89410001039505]
2026-07-29 01:39:16,895 INFO jepa_wm_wall fidelity_constrained_latent_only seed=11419 epoch=12 score=0.151318 ratios=[0.7967000007629395, 0.8259000182151794, 0.8784999847412109]
2026-07-29 01:39:46,926 INFO jepa_wm_wall fidelity_constrained_latent_only seed=11419 epoch=14 score=0.148297 ratios=[0.7813000082969666, 0.8098000288009644, 0.8601999878883362]
2026-07-29 01:40:16,923 INFO jepa_wm_wall fidelity_constrained_latent_only seed=11419 epoch=16 score=0.146160 ratios=[0.7684999704360962, 0.796500027179718, 0.8501999974250793]
2026-07-29 01:40:47,201 INFO jepa_wm_wall fidelity_constrained_latent_only seed=11419 epoch=18 score=0.144603 ratios=[0.7580000162124634, 0.7861999869346619, 0.8442000150680542]
2026-07-29 01:41:17,226 INFO jepa_wm_wall fidelity_constrained_latent_only seed=11419 epoch=20 score=0.143368 ratios=[0.7508000135421753, 0.7767000198364258, 0.8400999903678894]
2026-07-29 01:41:47,281 INFO jepa_wm_wall fidelity_constrained_latent_only seed=11419 epoch=22 score=0.142203 ratios=[0.7441999912261963, 0.7689999938011169, 0.8349000215530396]
2026-07-29 01:42:17,306 INFO jepa_wm_wall fidelity_constrained_latent_only seed=11419 epoch=24 score=0.141003 ratios=[0.7386000156402588, 0.7616000175476074, 0.8281999826431274]
2026-07-29 01:42:47,252 INFO jepa_wm_wall fidelity_constrained_latent_only seed=11419 epoch=26 score=0.139594 ratios=[0.7336000204086304, 0.7541000247001648, 0.8184000253677368]
2026-07-29 01:43:17,411 INFO jepa_wm_wall fidelity_constrained_latent_only seed=11419 epoch=28 score=0.138875 ratios=[0.7289000153541565, 0.7477999925613403, 0.8169999718666077]
2026-07-29 01:43:47,422 INFO jepa_wm_wall fidelity_constrained_latent_only seed=11419 epoch=30 score=0.138080 ratios=[0.7250000238418579, 0.7423999905586243, 0.8131999969482422]
2026-07-29 01:44:17,452 INFO jepa_wm_wall fidelity_constrained_latent_only seed=11419 epoch=32 score=0.137330 ratios=[0.7204999923706055, 0.7368000149726868, 0.8105999827384949]
2026-07-29 01:44:49,864 INFO jepa_wm_wall fidelity_constrained_shuffled_geometry seed=11419 epoch=2 score=5.991952 ratios=[1.0024000406265259, 0.9912999868392944, 0.987500011920929]
2026-07-29 01:45:20,109 INFO jepa_wm_wall fidelity_constrained_shuffled_geometry seed=11419 epoch=4 score=5.850005 ratios=[1.0061999559402466, 0.9846000075340271, 0.9837999939918518]
2026-07-29 01:45:50,503 INFO jepa_wm_wall fidelity_constrained_shuffled_geometry seed=11419 epoch=6 score=5.713926 ratios=[1.0094000101089478, 0.9829000234603882, 0.9865000247955322]
2026-07-29 01:46:20,843 INFO jepa_wm_wall fidelity_constrained_shuffled_geometry seed=11419 epoch=8 score=5.589595 ratios=[1.01419997215271, 0.9832000136375427, 0.9927999973297119]
2026-07-29 01:46:51,132 INFO jepa_wm_wall fidelity_constrained_shuffled_geometry seed=11419 epoch=10 score=5.461174 ratios=[1.0195000171661377, 0.9828000068664551, 0.9970999956130981]
2026-07-29 01:47:21,506 INFO jepa_wm_wall fidelity_constrained_shuffled_geometry seed=11419 epoch=12 score=5.324349 ratios=[1.0271999835968018, 0.9854000210762024, 1.0052000284194946]
2026-07-29 01:47:52,047 INFO jepa_wm_wall fidelity_constrained_shuffled_geometry seed=11419 epoch=14 score=5.393871 ratios=[1.0231000185012817, 0.9837999939918518, 0.9986000061035156]
2026-07-29 01:48:22,276 INFO jepa_wm_wall fidelity_constrained_shuffled_geometry seed=11419 epoch=16 score=5.429016 ratios=[1.0210000276565552, 0.9829999804496765, 0.9975000023841858]
2026-07-29 01:48:22,395 INFO jepa_wm_wall fidelity_constrained_shuffled_geometry seed=11419 early-stopped at epoch 16
2026-07-29 01:48:54,643 INFO jepa_wm_wall fidelity_constrained_matched_geometry seed=11419 epoch=2 score=2.384231 ratios=[1.0009000301361084, 0.9868999719619751, 0.9836999773979187]
2026-07-29 01:49:24,864 INFO jepa_wm_wall fidelity_constrained_matched_geometry seed=11419 epoch=4 score=2.328886 ratios=[0.9994999766349792, 0.9796000123023987, 0.9739000201225281]
2026-07-29 01:49:55,124 INFO jepa_wm_wall fidelity_constrained_matched_geometry seed=11419 epoch=6 score=2.286084 ratios=[0.9951000213623047, 0.9733999967575073, 0.9688000082969666]
2026-07-29 01:50:25,591 INFO jepa_wm_wall fidelity_constrained_matched_geometry seed=11419 epoch=8 score=2.251548 ratios=[0.994700014591217, 0.968500018119812, 0.9692000150680542]
2026-07-29 01:50:55,869 INFO jepa_wm_wall fidelity_constrained_matched_geometry seed=11419 epoch=10 score=2.207272 ratios=[0.9947999715805054, 0.963100016117096, 0.963100016117096]
2026-07-29 01:51:26,173 INFO jepa_wm_wall fidelity_constrained_matched_geometry seed=11419 epoch=12 score=2.177693 ratios=[0.9961000084877014, 0.9598000049591064, 0.9616000056266785]
2026-07-29 01:51:56,570 INFO jepa_wm_wall fidelity_constrained_matched_geometry seed=11419 epoch=14 score=2.154607 ratios=[1.0010000467300415, 0.9577999711036682, 0.9660000205039978]
2026-07-29 01:52:26,847 INFO jepa_wm_wall fidelity_constrained_matched_geometry seed=11419 epoch=16 score=2.147512 ratios=[1.007200002670288, 0.9593999981880188, 0.9941999912261963]
2026-07-29 01:52:57,202 INFO jepa_wm_wall fidelity_constrained_matched_geometry seed=11419 epoch=18 score=2.103089 ratios=[1.0147000551223755, 0.9610999822616577, 1.000599980354309]
2026-07-29 01:53:27,480 INFO jepa_wm_wall fidelity_constrained_matched_geometry seed=11419 epoch=20 score=2.072810 ratios=[1.0224000215530396, 0.9641000032424927, 1.002500057220459]
2026-07-29 01:53:57,736 INFO jepa_wm_wall fidelity_constrained_matched_geometry seed=11419 epoch=22 score=2.080977 ratios=[1.0185999870300293, 0.9621000289916992, 0.9998999834060669]
2026-07-29 01:54:27,922 INFO jepa_wm_wall fidelity_constrained_matched_geometry seed=11419 epoch=24 score=2.071550 ratios=[1.0226999521255493, 0.9642999768257141, 1.0019999742507935]
2026-07-29 01:54:28,487 INFO Expanded environment variable 'JEPAWM_LOGS' to '/content/cf_faithfulness_cache/unused_jepawm_logs' at folder
2026-07-29 01:54:28,488 INFO Using hardcoded dimensions for pusht: action_dim=2, proprio_dim=4
2026-07-29 01:54:28,488 INFO Preprocessor attributes for pusht:
2026-07-29 01:54:28,489 INFO   action_mean: tensor([-0.0087,  0.0068])
2026-07-29 01:54:28,490 INFO   action_std: tensor([0.2019, 0.2002])
2026-07-29 01:54:28,490 INFO   proprio_mean: tensor([236.6155, 264.5674,  -2.9303,   2.5431])
2026-07-29 01:54:28,490 INFO   proprio_std: tensor([101.1202,  87.0112,  74.8456,  74.1401])
2026-07-29 01:54:28,490 INFO   state_mean: tensor([236.6155, 264.5674, 255.1307, 266.3721,   1.9584,  -2.9303,   2.5431])
2026-07-29 01:54:28,491 INFO   state_std: tensor([101.1202,  87.0112,  52.7054,  57.4971,   1.7556,  74.8456,  74.1401])
2026-07-29 01:54:28,555 INFO using MLP layer as FFN
2026-07-29 01:54:28,683 INFO Encoder: DinoEncoder(
  (base_model): DinoVisionTransformer(
    (patch_embed): PatchEmbed(
      (proj): Conv2d(3, 384, kernel_size=(14, 14), stride=(14, 14))
      (norm): Identity()
    )
    (blocks): ModuleList(
      (0-11): 12 x NestedTensorBlock(
        (norm1): LayerNorm((384,), eps=1e-06, elementwise_affine=True)
        (attn): MemEffAttention(
          (qkv): Linear(in_features=384, out_features=1152, bias=True)
          (proj): Linear(in_features=384, out_features=384, bias=True)
          (proj_drop): Dropout(p=0.0, inplace=False)
        )
        (ls1): LayerScale()
        (drop_path1): Identity()
        (norm2): LayerNorm((384,), eps=1e-06, elementwise_affine=True)
        (mlp): Mlp(
          (fc1): Linear(in_features=384, out_features=1536, bias=True)
          (act): GELU(approximate='none')
          (fc2): Linear(in_features=1536, out_features=384, bias=True)
          (drop): Dropout(p=0.0, inplace=False)
        )
        (ls2): LayerScale()
        (drop_path2): Identity()
      )
    )
    (norm): LayerNorm((384,), eps=1e-06, elementwise_affine=True)
    (head): Identity()
  )
)
2026-07-29 01:54:28,683 INFO 🧠 Encoder: DinoEncoder (22,056,576 params, frozen=True)
2026-07-29 01:54:28,774 INFO 🔧 Initialized 6 AdaLN blocks (scale_factor=10)
2026-07-29 01:54:28,780 INFO Predictor: VisionTransformerAdaLN(
  (predictor_embed): Linear(in_features=384, out_features=384, bias=True)
  (action_encoder): Linear(in_features=10, out_features=400, bias=True)
  (predictor_blocks): ModuleList(
    (0-5): 6 x FWAdaLNBlock(
      (norm1): LayerNorm((400,), eps=1e-06, elementwise_affine=True)
      (attn): RoPEAttention(
        (qkv): Linear(in_features=400, out_features=1200, bias=True)
        (attn_drop): Dropout(p=0.0, inplace=False)
        (proj): Linear(in_features=400, out_features=400, bias=True)
        (proj_drop): Dropout(p=0.0, inplace=False)
      )
      (drop_path): Identity()
      (norm2): LayerNorm((400,), eps=1e-06, elementwise_affine=True)
      (mlp): MLP(
        (fc1): Linear(in_features=400, out_features=1600, bias=True)
        (act): GELU(approximate='none')
        (fc2): Linear(in_features=1600, out_features=400, bias=True)
        (drop): Dropout(p=0.0, inplace=False)
      )
      (adaLN_modulation): Sequential(
        (0): SiLU()
        (1): Linear(in_features=400, out_features=2400, bias=True)
      )
    )
  )
  (predictor_norm): LayerNorm((400,), eps=1e-06, elementwise_affine=True)
  (predictor_proj): Linear(in_features=384, out_features=384, bias=True)
)
2026-07-29 01:54:28,781 INFO 🔮 Predictor: VisionTransformerAdaLN (17,626,480 params)
2026-07-29 01:54:28,781 INFO Loading checkpoint from local path: /content/cf_faithfulness_cache/huggingface/hub/models--facebook--jepa-wms/snapshots/9b9c41ef249466630dbf1a20e78391865d07b3b9/jepa_wm_pusht.pth.tar
2026-07-29 01:54:28,813 INFO loaded pretrained predictor from epoch 50 with msg: <All keys matched successfully>
2026-07-29 01:54:28,813 INFO loaded pretrained proprio encoder from epoch 50 with msg: <All keys matched successfully>
2026-07-29 01:54:28,814 INFO 📉 Loss weights: L2=1.0
2026-07-29 01:54:28,814 INFO Loaded encoder and predictor
2026-07-29 01:54:37,909 INFO Expanded environment variable 'JEPAWM_LOGS' to '/content/cf_faithfulness_cache/unused_jepawm_logs' at folder
2026-07-29 01:54:37,910 INFO Using hardcoded dimensions for wall: action_dim=2, proprio_dim=2
2026-07-29 01:54:37,910 INFO Preprocessor attributes for wall:
2026-07-29 01:54:37,911 INFO   action_mean: tensor([-0.0056,  0.0132])
2026-07-29 01:54:37,911 INFO   action_std: tensor([0.7523, 0.7467])
2026-07-29 01:54:37,911 INFO   proprio_mean: tensor([31.8945, 31.8140])
2026-07-29 01:54:37,912 INFO   proprio_std: tensor([17.6635, 17.2752])
2026-07-29 01:54:37,912 INFO   state_mean: tensor([31.8945, 31.8140])
2026-07-29 01:54:37,912 INFO   state_std: tensor([17.6635, 17.2752])
2026-07-29 01:54:38,424 INFO using MLP layer as FFN
2026-07-29 01:54:38,612 INFO Encoder: DinoEncoder(
  (base_model): DinoVisionTransformer(
    (patch_embed): PatchEmbed(
      (proj): Conv2d(3, 384, kernel_size=(14, 14), stride=(14, 14))
      (norm): Identity()
    )
    (blocks): ModuleList(
      (0-11): 12 x NestedTensorBlock(
        (norm1): LayerNorm((384,), eps=1e-06, elementwise_affine=True)
        (attn): MemEffAttention(
          (qkv): Linear(in_features=384, out_features=1152, bias=True)
          (proj): Linear(in_features=384, out_features=384, bias=True)
          (proj_drop): Dropout(p=0.0, inplace=False)
        )
        (ls1): LayerScale()
        (drop_path1): Identity()
        (norm2): LayerNorm((384,), eps=1e-06, elementwise_affine=True)
        (mlp): Mlp(
          (fc1): Linear(in_features=384, out_features=1536, bias=True)
          (act): GELU(approximate='none')
          (fc2): Linear(in_features=1536, out_features=384, bias=True)
          (drop): Dropout(p=0.0, inplace=False)
        )
        (ls2): LayerScale()
        (drop_path2): Identity()
      )
    )
    (norm): LayerNorm((384,), eps=1e-06, elementwise_affine=True)
    (head): Identity()
  )
)
2026-07-29 01:54:38,613 INFO 🧠 Encoder: DinoEncoder (22,056,576 params, frozen=True)
2026-07-29 01:54:38,704 INFO 🔧 Initialized 6 AdaLN blocks (scale_factor=10)
2026-07-29 01:54:38,711 INFO Predictor: VisionTransformerAdaLN(
  (predictor_embed): Linear(in_features=384, out_features=384, bias=True)
  (action_encoder): Linear(in_features=10, out_features=400, bias=True)
  (predictor_blocks): ModuleList(
    (0-5): 6 x FWAdaLNBlock(
      (norm1): LayerNorm((400,), eps=1e-06, elementwise_affine=True)
      (attn): RoPEAttention(
        (qkv): Linear(in_features=400, out_features=1200, bias=True)
        (attn_drop): Dropout(p=0.0, inplace=False)
        (proj): Linear(in_features=400, out_features=400, bias=True)
        (proj_drop): Dropout(p=0.0, inplace=False)
      )
      (drop_path): Identity()
      (norm2): LayerNorm((400,), eps=1e-06, elementwise_affine=True)
      (mlp): MLP(
        (fc1): Linear(in_features=400, out_features=1600, bias=True)
        (act): GELU(approximate='none')
        (fc2): Linear(in_features=1600, out_features=400, bias=True)
        (drop): Dropout(p=0.0, inplace=False)
      )
      (adaLN_modulation): Sequential(
        (0): SiLU()
        (1): Linear(in_features=400, out_features=2400, bias=True)
      )
    )
  )
  (predictor_norm): LayerNorm((400,), eps=1e-06, elementwise_affine=True)
  (predictor_proj): Linear(in_features=384, out_features=384, bias=True)
)
2026-07-29 01:54:38,711 INFO 🔮 Predictor: VisionTransformerAdaLN (17,626,480 params)
2026-07-29 01:54:38,712 INFO Loading checkpoint from local path: /content/cf_faithfulness_cache/huggingface/hub/models--facebook--jepa-wms/snapshots/9b9c41ef249466630dbf1a20e78391865d07b3b9/jepa_wm_wall.pth.tar
2026-07-29 01:54:38,744 INFO loaded pretrained predictor from epoch 50 with msg: <All keys matched successfully>
2026-07-29 01:54:38,745 INFO loaded pretrained proprio encoder from epoch 50 with msg: <All keys matched successfully>
2026-07-29 01:54:38,745 INFO 📉 Loss weights: L2=1.0
2026-07-29 01:54:38,746 INFO Loaded encoder and predictor
2026-07-29 01:54:47,850 INFO Expanded environment variable 'JEPAWM_LOGS' to '/content/cf_faithfulness_cache/unused_jepawm_logs' at folder
2026-07-29 01:54:47,851 INFO Using hardcoded dimensions for pusht: action_dim=2, proprio_dim=4
2026-07-29 01:54:47,851 INFO Preprocessor attributes for pusht:
2026-07-29 01:54:47,852 INFO   action_mean: tensor([-0.0087,  0.0068])
2026-07-29 01:54:47,852 INFO   action_std: tensor([0.2019, 0.2002])
2026-07-29 01:54:47,853 INFO   proprio_mean: tensor([236.6155, 264.5674,  -2.9303,   2.5431])
2026-07-29 01:54:47,853 INFO   proprio_std: tensor([101.1202,  87.0112,  74.8456,  74.1401])
2026-07-29 01:54:47,853 INFO   state_mean: tensor([236.6155, 264.5674, 255.1307, 266.3721,   1.9584,  -2.9303,   2.5431])
2026-07-29 01:54:47,854 INFO   state_std: tensor([101.1202,  87.0112,  52.7054,  57.4971,   1.7556,  74.8456,  74.1401])
2026-07-29 01:54:47,918 INFO using MLP layer as FFN
2026-07-29 01:54:48,045 INFO Encoder: DinoEncoder(
  (base_model): DinoVisionTransformer(
    (patch_embed): PatchEmbed(
      (proj): Conv2d(3, 384, kernel_size=(14, 14), stride=(14, 14))
      (norm): Identity()
    )
    (blocks): ModuleList(
      (0-11): 12 x NestedTensorBlock(
        (norm1): LayerNorm((384,), eps=1e-06, elementwise_affine=True)
        (attn): MemEffAttention(
          (qkv): Linear(in_features=384, out_features=1152, bias=True)
          (proj): Linear(in_features=384, out_features=384, bias=True)
          (proj_drop): Dropout(p=0.0, inplace=False)
        )
        (ls1): LayerScale()
        (drop_path1): Identity()
        (norm2): LayerNorm((384,), eps=1e-06, elementwise_affine=True)
        (mlp): Mlp(
          (fc1): Linear(in_features=384, out_features=1536, bias=True)
          (act): GELU(approximate='none')
          (fc2): Linear(in_features=1536, out_features=384, bias=True)
          (drop): Dropout(p=0.0, inplace=False)
        )
        (ls2): LayerScale()
        (drop_path2): Identity()
      )
    )
    (norm): LayerNorm((384,), eps=1e-06, elementwise_affine=True)
    (head): Identity()
  )
)
2026-07-29 01:54:48,046 INFO 🧠 Encoder: DinoEncoder (22,056,576 params, frozen=True)
2026-07-29 01:54:48,138 INFO 🔧 Initialized 6 AdaLN blocks (scale_factor=10)
2026-07-29 01:54:48,145 INFO Predictor: VisionTransformerAdaLN(
  (predictor_embed): Linear(in_features=384, out_features=384, bias=True)
  (action_encoder): Linear(in_features=10, out_features=400, bias=True)
  (predictor_blocks): ModuleList(
    (0-5): 6 x FWAdaLNBlock(
      (norm1): LayerNorm((400,), eps=1e-06, elementwise_affine=True)
      (attn): RoPEAttention(
        (qkv): Linear(in_features=400, out_features=1200, bias=True)
        (attn_drop): Dropout(p=0.0, inplace=False)
        (proj): Linear(in_features=400, out_features=400, bias=True)
        (proj_drop): Dropout(p=0.0, inplace=False)
      )
      (drop_path): Identity()
      (norm2): LayerNorm((400,), eps=1e-06, elementwise_affine=True)
      (mlp): MLP(
        (fc1): Linear(in_features=400, out_features=1600, bias=True)
        (act): GELU(approximate='none')
        (fc2): Linear(in_features=1600, out_features=400, bias=True)
        (drop): Dropout(p=0.0, inplace=False)
      )
      (adaLN_modulation): Sequential(
        (0): SiLU()
        (1): Linear(in_features=400, out_features=2400, bias=True)
      )
    )
  )
  (predictor_norm): LayerNorm((400,), eps=1e-06, elementwise_affine=True)
  (predictor_proj): Linear(in_features=384, out_features=384, bias=True)
)
2026-07-29 01:54:48,145 INFO 🔮 Predictor: VisionTransformerAdaLN (17,626,480 params)
2026-07-29 01:54:48,146 INFO Loading checkpoint from local path: /content/cf_faithfulness_cache/huggingface/hub/models--facebook--jepa-wms/snapshots/9b9c41ef249466630dbf1a20e78391865d07b3b9/jepa_wm_pusht.pth.tar
2026-07-29 01:54:48,178 INFO loaded pretrained predictor from epoch 50 with msg: <All keys matched successfully>
2026-07-29 01:54:48,178 INFO loaded pretrained proprio encoder from epoch 50 with msg: <All keys matched successfully>
2026-07-29 01:54:48,179 INFO 📉 Loss weights: L2=1.0
2026-07-29 01:54:48,180 INFO Loaded encoder and predictor
2026-07-29 01:55:21,826 INFO jepa_wm_pusht fidelity_constrained_latent_only seed=11437 epoch=2 score=0.058518 ratios=[0.9729999899864197, 0.9664000272750854, 0.951200008392334]
2026-07-29 01:55:51,837 INFO jepa_wm_pusht fidelity_constrained_latent_only seed=11437 epoch=4 score=0.057028 ratios=[0.954200029373169, 0.942799985408783, 0.9225000143051147]
2026-07-29 01:56:21,768 INFO jepa_wm_pusht fidelity_constrained_latent_only seed=11437 epoch=6 score=0.056318 ratios=[0.9412999749183655, 0.9307000041007996, 0.911899983882904]
2026-07-29 01:56:51,690 INFO jepa_wm_pusht fidelity_constrained_latent_only seed=11437 epoch=8 score=0.055700 ratios=[0.9320999979972839, 0.920199990272522, 0.9014999866485596]
2026-07-29 01:57:22,050 INFO jepa_wm_pusht fidelity_constrained_latent_only seed=11437 epoch=10 score=0.055077 ratios=[0.9247999787330627, 0.9114000201225281, 0.8883000016212463]
2026-07-29 01:57:52,149 INFO jepa_wm_pusht fidelity_constrained_latent_only seed=11437 epoch=12 score=0.054784 ratios=[0.919700026512146, 0.906000018119812, 0.8841000199317932]
2026-07-29 01:58:22,206 INFO jepa_wm_pusht fidelity_constrained_latent_only seed=11437 epoch=14 score=0.054430 ratios=[0.9156000018119812, 0.9013000130653381, 0.8763999938964844]
2026-07-29 01:58:52,272 INFO jepa_wm_pusht fidelity_constrained_latent_only seed=11437 epoch=16 score=0.054268 ratios=[0.9121000170707703, 0.8992000222206116, 0.8737000226974487]
2026-07-29 01:59:22,515 INFO jepa_wm_pusht fidelity_constrained_latent_only seed=11437 epoch=18 score=0.054075 ratios=[0.909600019454956, 0.8959000110626221, 0.870199978351593]
2026-07-29 01:59:52,550 INFO jepa_wm_pusht fidelity_constrained_latent_only seed=11437 epoch=20 score=0.054079 ratios=[0.9071000218391418, 0.8962000012397766, 0.8716999888420105]
2026-07-29 02:00:22,446 INFO jepa_wm_pusht fidelity_constrained_latent_only seed=11437 epoch=22 score=0.053709 ratios=[0.9054999947547913, 0.8907999992370605, 0.8622000217437744]
2026-07-29 02:00:52,423 INFO jepa_wm_pusht fidelity_constrained_latent_only seed=11437 epoch=24 score=0.053645 ratios=[0.9036999940872192, 0.8899999856948853, 0.861299991607666]
2026-07-29 02:01:24,825 INFO jepa_wm_pusht fidelity_constrained_shuffled_geometry seed=11437 epoch=2 score=2.809920 ratios=[0.998199999332428, 0.9800999760627747, 0.978600025177002]
2026-07-29 02:01:55,302 INFO jepa_wm_pusht fidelity_constrained_shuffled_geometry seed=11437 epoch=4 score=2.715394 ratios=[1.0084999799728394, 0.9990000128746033, 1.000599980354309]
2026-07-29 02:02:25,649 INFO jepa_wm_pusht fidelity_constrained_shuffled_geometry seed=11437 epoch=6 score=2.649906 ratios=[1.0174000263214111, 1.0092999935150146, 1.0118999481201172]
2026-07-29 02:02:56,051 INFO jepa_wm_pusht fidelity_constrained_shuffled_geometry seed=11437 epoch=8 score=2.601344 ratios=[1.0246000289916992, 1.0134999752044678, 1.0159000158309937]
2026-07-29 02:03:26,333 INFO jepa_wm_pusht fidelity_constrained_shuffled_geometry seed=11437 epoch=10 score=2.625035 ratios=[1.0205999612808228, 1.0104999542236328, 1.0130000114440918]
2026-07-29 02:03:56,703 INFO jepa_wm_pusht fidelity_constrained_shuffled_geometry seed=11437 epoch=12 score=2.636476 ratios=[1.0191999673843384, 1.010699987411499, 1.0145000219345093]
2026-07-29 02:04:27,235 INFO jepa_wm_pusht fidelity_constrained_shuffled_geometry seed=11437 epoch=14 score=2.623693 ratios=[1.020799994468689, 1.0115000009536743, 1.0153000354766846]
2026-07-29 02:04:57,491 INFO jepa_wm_pusht fidelity_constrained_shuffled_geometry seed=11437 epoch=16 score=2.630323 ratios=[1.0199999809265137, 1.0109000205993652, 1.01419997215271]
2026-07-29 02:05:27,731 INFO jepa_wm_pusht fidelity_constrained_shuffled_geometry seed=11437 epoch=18 score=2.624002 ratios=[1.020799994468689, 1.0113999843597412, 1.014799952507019]
2026-07-29 02:05:58,025 INFO jepa_wm_pusht fidelity_constrained_shuffled_geometry seed=11437 epoch=20 score=2.627066 ratios=[1.020400047302246, 1.011299967765808, 1.0146000385284424]
2026-07-29 02:06:28,540 INFO jepa_wm_pusht fidelity_constrained_shuffled_geometry seed=11437 epoch=22 score=2.628681 ratios=[1.0202000141143799, 1.0111000537872314, 1.0144000053405762]
2026-07-29 02:06:28,656 INFO jepa_wm_pusht fidelity_constrained_shuffled_geometry seed=11437 early-stopped at epoch 22
2026-07-29 02:07:00,905 INFO jepa_wm_pusht fidelity_constrained_matched_geometry seed=11437 epoch=2 score=0.857477 ratios=[0.9943000078201294, 0.9818000197410583, 0.9689000248908997]
2026-07-29 02:07:31,238 INFO jepa_wm_pusht fidelity_constrained_matched_geometry seed=11437 epoch=4 score=0.849977 ratios=[0.9940999746322632, 0.977400004863739, 0.9646000266075134]
2026-07-29 02:08:01,561 INFO jepa_wm_pusht fidelity_constrained_matched_geometry seed=11437 epoch=6 score=0.846554 ratios=[0.9975000023841858, 0.9779000282287598, 0.9684000015258789]
2026-07-29 02:08:31,848 INFO jepa_wm_pusht fidelity_constrained_matched_geometry seed=11437 epoch=8 score=0.842784 ratios=[1.0011999607086182, 0.9797000288963318, 0.9686999917030334]
2026-07-29 02:09:02,242 INFO jepa_wm_pusht fidelity_constrained_matched_geometry seed=11437 epoch=10 score=0.835576 ratios=[1.0026999711990356, 0.9749000072479248, 0.9550999999046326]
2026-07-29 02:09:32,560 INFO jepa_wm_pusht fidelity_constrained_matched_geometry seed=11437 epoch=12 score=0.835670 ratios=[1.0019999742507935, 0.975600004196167, 0.958899974822998]
2026-07-29 02:10:02,860 INFO jepa_wm_pusht fidelity_constrained_matched_geometry seed=11437 epoch=14 score=0.832142 ratios=[1.0012999773025513, 0.9724000096321106, 0.9509000182151794]
2026-07-29 02:10:33,210 INFO jepa_wm_pusht fidelity_constrained_matched_geometry seed=11437 epoch=16 score=0.830571 ratios=[1.0015000104904175, 0.9717000126838684, 0.9491999745368958]
2026-07-29 02:11:03,593 INFO jepa_wm_pusht fidelity_constrained_matched_geometry seed=11437 epoch=18 score=0.828739 ratios=[1.0009000301361084, 0.9692000150680542, 0.9449999928474426]
2026-07-29 02:11:33,792 INFO jepa_wm_pusht fidelity_constrained_matched_geometry seed=11437 epoch=20 score=0.829605 ratios=[1.0008000135421753, 0.9715999960899353, 0.9492999911308289]
2026-07-29 02:12:04,014 INFO jepa_wm_pusht fidelity_constrained_matched_geometry seed=11437 epoch=22 score=0.827764 ratios=[1.001099944114685, 0.9692000150680542, 0.9451000094413757]
2026-07-29 02:12:34,304 INFO jepa_wm_pusht fidelity_constrained_matched_geometry seed=11437 epoch=24 score=0.826524 ratios=[1.0009000301361084, 0.9682000279426575, 0.9430999755859375]
2026-07-29 02:13:04,527 INFO jepa_wm_pusht fidelity_constrained_matched_geometry seed=11437 epoch=26 score=0.826588 ratios=[1.000599980354309, 0.9685999751091003, 0.9445000290870667]
2026-07-29 02:13:35,003 INFO jepa_wm_pusht fidelity_constrained_matched_geometry seed=11437 epoch=28 score=0.826683 ratios=[1.0008000135421753, 0.9690999984741211, 0.9452999830245972]
2026-07-29 02:14:05,304 INFO jepa_wm_pusht fidelity_constrained_matched_geometry seed=11437 epoch=30 score=0.825528 ratios=[1.0016000270843506, 0.9686999917030334, 0.9431999921798706]
2026-07-29 02:14:35,618 INFO jepa_wm_pusht fidelity_constrained_matched_geometry seed=11437 epoch=32 score=0.825544 ratios=[1.000599980354309, 0.9684000015258789, 0.9431999921798706]
2026-07-29 02:14:35,981 INFO Expanded environment variable 'JEPAWM_LOGS' to '/content/cf_faithfulness_cache/unused_jepawm_logs' at folder
2026-07-29 02:14:35,981 INFO Using hardcoded dimensions for wall: action_dim=2, proprio_dim=2
2026-07-29 02:14:35,982 INFO Preprocessor attributes for wall:
2026-07-29 02:14:35,982 INFO   action_mean: tensor([-0.0056,  0.0132])
2026-07-29 02:14:35,983 INFO   action_std: tensor([0.7523, 0.7467])
2026-07-29 02:14:35,983 INFO   proprio_mean: tensor([31.8945, 31.8140])
2026-07-29 02:14:35,984 INFO   proprio_std: tensor([17.6635, 17.2752])
2026-07-29 02:14:35,984 INFO   state_mean: tensor([31.8945, 31.8140])
2026-07-29 02:14:35,984 INFO   state_std: tensor([17.6635, 17.2752])
2026-07-29 02:14:36,079 INFO using MLP layer as FFN
2026-07-29 02:14:36,206 INFO Encoder: DinoEncoder(
  (base_model): DinoVisionTransformer(
    (patch_embed): PatchEmbed(
      (proj): Conv2d(3, 384, kernel_size=(14, 14), stride=(14, 14))
      (norm): Identity()
    )
    (blocks): ModuleList(
      (0-11): 12 x NestedTensorBlock(
        (norm1): LayerNorm((384,), eps=1e-06, elementwise_affine=True)
        (attn): MemEffAttention(
          (qkv): Linear(in_features=384, out_features=1152, bias=True)
          (proj): Linear(in_features=384, out_features=384, bias=True)
          (proj_drop): Dropout(p=0.0, inplace=False)
        )
        (ls1): LayerScale()
        (drop_path1): Identity()
        (norm2): LayerNorm((384,), eps=1e-06, elementwise_affine=True)
        (mlp): Mlp(
          (fc1): Linear(in_features=384, out_features=1536, bias=True)
          (act): GELU(approximate='none')
          (fc2): Linear(in_features=1536, out_features=384, bias=True)
          (drop): Dropout(p=0.0, inplace=False)
        )
        (ls2): LayerScale()
        (drop_path2): Identity()
      )
    )
    (norm): LayerNorm((384,), eps=1e-06, elementwise_affine=True)
    (head): Identity()
  )
)
2026-07-29 02:14:36,207 INFO 🧠 Encoder: DinoEncoder (22,056,576 params, frozen=True)
2026-07-29 02:14:36,297 INFO 🔧 Initialized 6 AdaLN blocks (scale_factor=10)
2026-07-29 02:14:36,304 INFO Predictor: VisionTransformerAdaLN(
  (predictor_embed): Linear(in_features=384, out_features=384, bias=True)
  (action_encoder): Linear(in_features=10, out_features=400, bias=True)
  (predictor_blocks): ModuleList(
    (0-5): 6 x FWAdaLNBlock(
      (norm1): LayerNorm((400,), eps=1e-06, elementwise_affine=True)
      (attn): RoPEAttention(
        (qkv): Linear(in_features=400, out_features=1200, bias=True)
        (attn_drop): Dropout(p=0.0, inplace=False)
        (proj): Linear(in_features=400, out_features=400, bias=True)
        (proj_drop): Dropout(p=0.0, inplace=False)
      )
      (drop_path): Identity()
      (norm2): LayerNorm((400,), eps=1e-06, elementwise_affine=True)
      (mlp): MLP(
        (fc1): Linear(in_features=400, out_features=1600, bias=True)
        (act): GELU(approximate='none')
        (fc2): Linear(in_features=1600, out_features=400, bias=True)
        (drop): Dropout(p=0.0, inplace=False)
      )
      (adaLN_modulation): Sequential(
        (0): SiLU()
        (1): Linear(in_features=400, out_features=2400, bias=True)
      )
    )
  )
  (predictor_norm): LayerNorm((400,), eps=1e-06, elementwise_affine=True)
  (predictor_proj): Linear(in_features=384, out_features=384, bias=True)
)
2026-07-29 02:14:36,305 INFO 🔮 Predictor: VisionTransformerAdaLN (17,626,480 params)
2026-07-29 02:14:36,305 INFO Loading checkpoint from local path: /content/cf_faithfulness_cache/huggingface/hub/models--facebook--jepa-wms/snapshots/9b9c41ef249466630dbf1a20e78391865d07b3b9/jepa_wm_wall.pth.tar
2026-07-29 02:14:36,338 INFO loaded pretrained predictor from epoch 50 with msg: <All keys matched successfully>
2026-07-29 02:14:36,339 INFO loaded pretrained proprio encoder from epoch 50 with msg: <All keys matched successfully>
2026-07-29 02:14:36,340 INFO 📉 Loss weights: L2=1.0
2026-07-29 02:14:36,340 INFO Loaded encoder and predictor
2026-07-29 02:15:10,045 INFO jepa_wm_wall fidelity_constrained_latent_only seed=11437 epoch=2 score=0.174479 ratios=[0.9570000171661377, 0.9726999998092651, 0.9711999893188477]
2026-07-29 02:15:40,069 INFO jepa_wm_wall fidelity_constrained_latent_only seed=11437 epoch=4 score=0.170514 ratios=[0.9186999797821045, 0.9473000168800354, 0.9620000123977661]
2026-07-29 02:16:10,144 INFO jepa_wm_wall fidelity_constrained_latent_only seed=11437 epoch=6 score=0.166107 ratios=[0.8855000138282776, 0.9197999835014343, 0.9455999732017517]
2026-07-29 02:16:40,209 INFO jepa_wm_wall fidelity_constrained_latent_only seed=11437 epoch=8 score=0.161185 ratios=[0.8554999828338623, 0.8909000158309937, 0.9212999939918518]
2026-07-29 02:17:10,402 INFO jepa_wm_wall fidelity_constrained_latent_only seed=11437 epoch=10 score=0.156968 ratios=[0.8309000134468079, 0.8633000254631042, 0.9025999903678894]
2026-07-29 02:17:40,470 INFO jepa_wm_wall fidelity_constrained_latent_only seed=11437 epoch=12 score=0.153311 ratios=[0.808899998664856, 0.8385000228881836, 0.8873999714851379]
2026-07-29 02:18:10,504 INFO jepa_wm_wall fidelity_constrained_latent_only seed=11437 epoch=14 score=0.150087 ratios=[0.7926999926567078, 0.8215000033378601, 0.8676999807357788]
2026-07-29 02:18:40,573 INFO jepa_wm_wall fidelity_constrained_latent_only seed=11437 epoch=16 score=0.147475 ratios=[0.7784000039100647, 0.8065000176429749, 0.8535000085830688]
2026-07-29 02:19:10,689 INFO jepa_wm_wall fidelity_constrained_latent_only seed=11437 epoch=18 score=0.145576 ratios=[0.7662000060081482, 0.7949000000953674, 0.8449000120162964]
2026-07-29 02:19:40,933 INFO jepa_wm_wall fidelity_constrained_latent_only seed=11437 epoch=20 score=0.144337 ratios=[0.7569000124931335, 0.7853999733924866, 0.8418999910354614]
2026-07-29 02:20:10,997 INFO jepa_wm_wall fidelity_constrained_latent_only seed=11437 epoch=22 score=0.143099 ratios=[0.75, 0.7756999731063843, 0.8377000093460083]
2026-07-29 02:20:41,057 INFO jepa_wm_wall fidelity_constrained_latent_only seed=11437 epoch=24 score=0.142356 ratios=[0.7448999881744385, 0.7685999870300293, 0.8370000123977661]
2026-07-29 02:21:11,005 INFO jepa_wm_wall fidelity_constrained_latent_only seed=11437 epoch=26 score=0.140979 ratios=[0.7391999959945679, 0.7616000175476074, 0.8276000022888184]
2026-07-29 02:21:41,110 INFO jepa_wm_wall fidelity_constrained_latent_only seed=11437 epoch=28 score=0.140206 ratios=[0.7348999977111816, 0.7559000253677368, 0.8245000243186951]
2026-07-29 02:22:11,059 INFO jepa_wm_wall fidelity_constrained_latent_only seed=11437 epoch=30 score=0.139066 ratios=[0.7304999828338623, 0.7498000264167786, 0.8169000148773193]
2026-07-29 02:22:41,016 INFO jepa_wm_wall fidelity_constrained_latent_only seed=11437 epoch=32 score=0.138480 ratios=[0.7268000245094299, 0.7447999715805054, 0.8155999779701233]
2026-07-29 02:23:13,446 INFO jepa_wm_wall fidelity_constrained_shuffled_geometry seed=11437 epoch=2 score=5.719164 ratios=[1.0032000541687012, 0.9901000261306763, 0.9866999983787537]
2026-07-29 02:23:43,673 INFO jepa_wm_wall fidelity_constrained_shuffled_geometry seed=11437 epoch=4 score=5.596259 ratios=[1.0049999952316284, 0.984499990940094, 0.9840999841690063]
2026-07-29 02:24:14,164 INFO jepa_wm_wall fidelity_constrained_shuffled_geometry seed=11437 epoch=6 score=5.469320 ratios=[1.0091999769210815, 0.9825000166893005, 0.9847999811172485]
2026-07-29 02:24:44,469 INFO jepa_wm_wall fidelity_constrained_shuffled_geometry seed=11437 epoch=8 score=5.352953 ratios=[1.0134999752044678, 0.9824000000953674, 0.9876999855041504]
2026-07-29 02:25:14,800 INFO jepa_wm_wall fidelity_constrained_shuffled_geometry seed=11437 epoch=10 score=5.225573 ratios=[1.0191999673843384, 0.9812999963760376, 0.9894999861717224]
2026-07-29 02:25:45,099 INFO jepa_wm_wall fidelity_constrained_shuffled_geometry seed=11437 epoch=12 score=5.093418 ratios=[1.0281000137329102, 0.9842000007629395, 0.9955000281333923]
2026-07-29 02:26:15,438 INFO jepa_wm_wall fidelity_constrained_shuffled_geometry seed=11437 epoch=14 score=5.163690 ratios=[1.0228999853134155, 0.9824000000953674, 0.9922000169754028]
2026-07-29 02:26:45,980 INFO jepa_wm_wall fidelity_constrained_shuffled_geometry seed=11437 epoch=16 score=5.192183 ratios=[1.021399974822998, 0.982200026512146, 0.9915000200271606]
2026-07-29 02:26:46,092 INFO jepa_wm_wall fidelity_constrained_shuffled_geometry seed=11437 early-stopped at epoch 16
2026-07-29 02:27:18,281 INFO jepa_wm_wall fidelity_constrained_matched_geometry seed=11437 epoch=2 score=2.380461 ratios=[1.0009000301361084, 0.9865000247955322, 0.98089998960495]
2026-07-29 02:27:48,496 INFO jepa_wm_wall fidelity_constrained_matched_geometry seed=11437 epoch=4 score=2.326046 ratios=[0.9986000061035156, 0.9797999858856201, 0.9736999869346619]
2026-07-29 02:28:18,805 INFO jepa_wm_wall fidelity_constrained_matched_geometry seed=11437 epoch=6 score=2.280693 ratios=[0.9973999857902527, 0.9740999937057495, 0.9696000218391418]
2026-07-29 02:28:49,348 INFO jepa_wm_wall fidelity_constrained_matched_geometry seed=11437 epoch=8 score=2.243867 ratios=[0.9957000017166138, 0.9690999984741211, 0.9696999788284302]
2026-07-29 02:29:19,530 INFO jepa_wm_wall fidelity_constrained_matched_geometry seed=11437 epoch=10 score=2.201511 ratios=[0.9959999918937683, 0.9638000130653381, 0.9642000198364258]
2026-07-29 02:29:49,713 INFO jepa_wm_wall fidelity_constrained_matched_geometry seed=11437 epoch=12 score=2.171924 ratios=[0.9991999864578247, 0.9609000086784363, 0.9624999761581421]
2026-07-29 02:30:19,900 INFO jepa_wm_wall fidelity_constrained_matched_geometry seed=11437 epoch=14 score=2.148493 ratios=[1.0032000541687012, 0.958899974822998, 0.9657999873161316]
2026-07-29 02:30:50,167 INFO jepa_wm_wall fidelity_constrained_matched_geometry seed=11437 epoch=16 score=2.127349 ratios=[1.0088000297546387, 0.9577999711036682, 0.9714000225067139]
2026-07-29 02:31:20,675 INFO jepa_wm_wall fidelity_constrained_matched_geometry seed=11437 epoch=18 score=2.107159 ratios=[1.0155999660491943, 0.9598000049591064, 0.9943000078201294]
2026-07-29 02:31:51,045 INFO jepa_wm_wall fidelity_constrained_matched_geometry seed=11437 epoch=20 score=2.070746 ratios=[1.0233999490737915, 0.9629999995231628, 0.9987999796867371]
2026-07-29 02:32:21,367 INFO jepa_wm_wall fidelity_constrained_matched_geometry seed=11437 epoch=22 score=2.089371 ratios=[1.0196000337600708, 0.9614999890327454, 1.0002000331878662]
2026-07-29 02:32:51,618 INFO jepa_wm_wall fidelity_constrained_matched_geometry seed=11437 epoch=24 score=2.073541 ratios=[1.023900032043457, 0.9635999798774719, 1.000599980354309]
2026-07-29 02:32:52,170 INFO Expanded environment variable 'JEPAWM_LOGS' to '/content/cf_faithfulness_cache/unused_jepawm_logs' at folder
2026-07-29 02:32:52,170 INFO Using hardcoded dimensions for pusht: action_dim=2, proprio_dim=4
2026-07-29 02:32:52,171 INFO Preprocessor attributes for pusht:
2026-07-29 02:32:52,171 INFO   action_mean: tensor([-0.0087,  0.0068])
2026-07-29 02:32:52,172 INFO   action_std: tensor([0.2019, 0.2002])
2026-07-29 02:32:52,172 INFO   proprio_mean: tensor([236.6155, 264.5674,  -2.9303,   2.5431])
2026-07-29 02:32:52,172 INFO   proprio_std: tensor([101.1202,  87.0112,  74.8456,  74.1401])
2026-07-29 02:32:52,173 INFO   state_mean: tensor([236.6155, 264.5674, 255.1307, 266.3721,   1.9584,  -2.9303,   2.5431])
2026-07-29 02:32:52,173 INFO   state_std: tensor([101.1202,  87.0112,  52.7054,  57.4971,   1.7556,  74.8456,  74.1401])
2026-07-29 02:32:52,623 INFO using MLP layer as FFN
2026-07-29 02:32:52,749 INFO Encoder: DinoEncoder(
  (base_model): DinoVisionTransformer(
    (patch_embed): PatchEmbed(
      (proj): Conv2d(3, 384, kernel_size=(14, 14), stride=(14, 14))
      (norm): Identity()
    )
    (blocks): ModuleList(
      (0-11): 12 x NestedTensorBlock(
        (norm1): LayerNorm((384,), eps=1e-06, elementwise_affine=True)
        (attn): MemEffAttention(
          (qkv): Linear(in_features=384, out_features=1152, bias=True)
          (proj): Linear(in_features=384, out_features=384, bias=True)
          (proj_drop): Dropout(p=0.0, inplace=False)
        )
        (ls1): LayerScale()
        (drop_path1): Identity()
        (norm2): LayerNorm((384,), eps=1e-06, elementwise_affine=True)
        (mlp): Mlp(
          (fc1): Linear(in_features=384, out_features=1536, bias=True)
          (act): GELU(approximate='none')
          (fc2): Linear(in_features=1536, out_features=384, bias=True)
          (drop): Dropout(p=0.0, inplace=False)
        )
        (ls2): LayerScale()
        (drop_path2): Identity()
      )
    )
    (norm): LayerNorm((384,), eps=1e-06, elementwise_affine=True)
    (head): Identity()
  )
)
2026-07-29 02:32:52,750 INFO 🧠 Encoder: DinoEncoder (22,056,576 params, frozen=True)
2026-07-29 02:32:52,840 INFO 🔧 Initialized 6 AdaLN blocks (scale_factor=10)
2026-07-29 02:32:52,847 INFO Predictor: VisionTransformerAdaLN(
  (predictor_embed): Linear(in_features=384, out_features=384, bias=True)
  (action_encoder): Linear(in_features=10, out_features=400, bias=True)
  (predictor_blocks): ModuleList(
    (0-5): 6 x FWAdaLNBlock(
      (norm1): LayerNorm((400,), eps=1e-06, elementwise_affine=True)
      (attn): RoPEAttention(
        (qkv): Linear(in_features=400, out_features=1200, bias=True)
        (attn_drop): Dropout(p=0.0, inplace=False)
        (proj): Linear(in_features=400, out_features=400, bias=True)
        (proj_drop): Dropout(p=0.0, inplace=False)
      )
      (drop_path): Identity()
      (norm2): LayerNorm((400,), eps=1e-06, elementwise_affine=True)
      (mlp): MLP(
        (fc1): Linear(in_features=400, out_features=1600, bias=True)
        (act): GELU(approximate='none')
        (fc2): Linear(in_features=1600, out_features=400, bias=True)
        (drop): Dropout(p=0.0, inplace=False)
      )
      (adaLN_modulation): Sequential(
        (0): SiLU()
        (1): Linear(in_features=400, out_features=2400, bias=True)
      )
    )
  )
  (predictor_norm): LayerNorm((400,), eps=1e-06, elementwise_affine=True)
  (predictor_proj): Linear(in_features=384, out_features=384, bias=True)
)
2026-07-29 02:32:52,847 INFO 🔮 Predictor: VisionTransformerAdaLN (17,626,480 params)
2026-07-29 02:32:52,848 INFO Loading checkpoint from local path: /content/cf_faithfulness_cache/huggingface/hub/models--facebook--jepa-wms/snapshots/9b9c41ef249466630dbf1a20e78391865d07b3b9/jepa_wm_pusht.pth.tar
2026-07-29 02:32:52,880 INFO loaded pretrained predictor from epoch 50 with msg: <All keys matched successfully>
2026-07-29 02:32:52,880 INFO loaded pretrained proprio encoder from epoch 50 with msg: <All keys matched successfully>
2026-07-29 02:32:52,881 INFO 📉 Loss weights: L2=1.0
2026-07-29 02:32:52,882 INFO Loaded encoder and predictor
2026-07-29 02:33:01,962 INFO Expanded environment variable 'JEPAWM_LOGS' to '/content/cf_faithfulness_cache/unused_jepawm_logs' at folder
2026-07-29 02:33:01,963 INFO Using hardcoded dimensions for wall: action_dim=2, proprio_dim=2
2026-07-29 02:33:01,963 INFO Preprocessor attributes for wall:
2026-07-29 02:33:01,964 INFO   action_mean: tensor([-0.0056,  0.0132])
2026-07-29 02:33:01,964 INFO   action_std: tensor([0.7523, 0.7467])
2026-07-29 02:33:01,964 INFO   proprio_mean: tensor([31.8945, 31.8140])
2026-07-29 02:33:01,965 INFO   proprio_std: tensor([17.6635, 17.2752])
2026-07-29 02:33:01,965 INFO   state_mean: tensor([31.8945, 31.8140])
2026-07-29 02:33:01,965 INFO   state_std: tensor([17.6635, 17.2752])
2026-07-29 02:33:02,030 INFO using MLP layer as FFN
2026-07-29 02:33:02,156 INFO Encoder: DinoEncoder(
  (base_model): DinoVisionTransformer(
    (patch_embed): PatchEmbed(
      (proj): Conv2d(3, 384, kernel_size=(14, 14), stride=(14, 14))
      (norm): Identity()
    )
    (blocks): ModuleList(
      (0-11): 12 x NestedTensorBlock(
        (norm1): LayerNorm((384,), eps=1e-06, elementwise_affine=True)
        (attn): MemEffAttention(
          (qkv): Linear(in_features=384, out_features=1152, bias=True)
          (proj): Linear(in_features=384, out_features=384, bias=True)
          (proj_drop): Dropout(p=0.0, inplace=False)
        )
        (ls1): LayerScale()
        (drop_path1): Identity()
        (norm2): LayerNorm((384,), eps=1e-06, elementwise_affine=True)
        (mlp): Mlp(
          (fc1): Linear(in_features=384, out_features=1536, bias=True)
          (act): GELU(approximate='none')
          (fc2): Linear(in_features=1536, out_features=384, bias=True)
          (drop): Dropout(p=0.0, inplace=False)
        )
        (ls2): LayerScale()
        (drop_path2): Identity()
      )
    )
    (norm): LayerNorm((384,), eps=1e-06, elementwise_affine=True)
    (head): Identity()
  )
)
2026-07-29 02:33:02,157 INFO 🧠 Encoder: DinoEncoder (22,056,576 params, frozen=True)
2026-07-29 02:33:02,247 INFO 🔧 Initialized 6 AdaLN blocks (scale_factor=10)
2026-07-29 02:33:02,254 INFO Predictor: VisionTransformerAdaLN(
  (predictor_embed): Linear(in_features=384, out_features=384, bias=True)
  (action_encoder): Linear(in_features=10, out_features=400, bias=True)
  (predictor_blocks): ModuleList(
    (0-5): 6 x FWAdaLNBlock(
      (norm1): LayerNorm((400,), eps=1e-06, elementwise_affine=True)
      (attn): RoPEAttention(
        (qkv): Linear(in_features=400, out_features=1200, bias=True)
        (attn_drop): Dropout(p=0.0, inplace=False)
        (proj): Linear(in_features=400, out_features=400, bias=True)
        (proj_drop): Dropout(p=0.0, inplace=False)
      )
      (drop_path): Identity()
      (norm2): LayerNorm((400,), eps=1e-06, elementwise_affine=True)
      (mlp): MLP(
        (fc1): Linear(in_features=400, out_features=1600, bias=True)
        (act): GELU(approximate='none')
        (fc2): Linear(in_features=1600, out_features=400, bias=True)
        (drop): Dropout(p=0.0, inplace=False)
      )
      (adaLN_modulation): Sequential(
        (0): SiLU()
        (1): Linear(in_features=400, out_features=2400, bias=True)
      )
    )
  )
  (predictor_norm): LayerNorm((400,), eps=1e-06, elementwise_affine=True)
  (predictor_proj): Linear(in_features=384, out_features=384, bias=True)
)
2026-07-29 02:33:02,254 INFO 🔮 Predictor: VisionTransformerAdaLN (17,626,480 params)
2026-07-29 02:33:02,255 INFO Loading checkpoint from local path: /content/cf_faithfulness_cache/huggingface/hub/models--facebook--jepa-wms/snapshots/9b9c41ef249466630dbf1a20e78391865d07b3b9/jepa_wm_wall.pth.tar
2026-07-29 02:33:02,287 INFO loaded pretrained predictor from epoch 50 with msg: <All keys matched successfully>
2026-07-29 02:33:02,288 INFO loaded pretrained proprio encoder from epoch 50 with msg: <All keys matched successfully>
2026-07-29 02:33:02,288 INFO 📉 Loss weights: L2=1.0
2026-07-29 02:33:02,289 INFO Loaded encoder and predictor
2026-07-29 02:33:24,494 INFO Expanded environment variable 'JEPAWM_LOGS' to '/content/cf_faithfulness_cache/unused_jepawm_logs' at folder
2026-07-29 02:33:24,495 INFO Using hardcoded dimensions for pusht: action_dim=2, proprio_dim=4
2026-07-29 02:33:24,495 INFO Preprocessor attributes for pusht:
2026-07-29 02:33:24,496 INFO   action_mean: tensor([-0.0087,  0.0068])
2026-07-29 02:33:24,497 INFO   action_std: tensor([0.2019, 0.2002])
2026-07-29 02:33:24,497 INFO   proprio_mean: tensor([236.6155, 264.5674,  -2.9303,   2.5431])
2026-07-29 02:33:24,497 INFO   proprio_std: tensor([101.1202,  87.0112,  74.8456,  74.1401])
2026-07-29 02:33:24,498 INFO   state_mean: tensor([236.6155, 264.5674, 255.1307, 266.3721,   1.9584,  -2.9303,   2.5431])
2026-07-29 02:33:24,498 INFO   state_std: tensor([101.1202,  87.0112,  52.7054,  57.4971,   1.7556,  74.8456,  74.1401])
2026-07-29 02:33:24,562 INFO using MLP layer as FFN
2026-07-29 02:33:24,690 INFO Encoder: DinoEncoder(
  (base_model): DinoVisionTransformer(
    (patch_embed): PatchEmbed(
      (proj): Conv2d(3, 384, kernel_size=(14, 14), stride=(14, 14))
      (norm): Identity()
    )
    (blocks): ModuleList(
      (0-11): 12 x NestedTensorBlock(
        (norm1): LayerNorm((384,), eps=1e-06, elementwise_affine=True)
        (attn): MemEffAttention(
          (qkv): Linear(in_features=384, out_features=1152, bias=True)
          (proj): Linear(in_features=384, out_features=384, bias=True)
          (proj_drop): Dropout(p=0.0, inplace=False)
        )
        (ls1): LayerScale()
        (drop_path1): Identity()
        (norm2): LayerNorm((384,), eps=1e-06, elementwise_affine=True)
        (mlp): Mlp(
          (fc1): Linear(in_features=384, out_features=1536, bias=True)
          (act): GELU(approximate='none')
          (fc2): Linear(in_features=1536, out_features=384, bias=True)
          (drop): Dropout(p=0.0, inplace=False)
        )
        (ls2): LayerScale()
        (drop_path2): Identity()
      )
    )
    (norm): LayerNorm((384,), eps=1e-06, elementwise_affine=True)
    (head): Identity()
  )
)
2026-07-29 02:33:24,691 INFO 🧠 Encoder: DinoEncoder (22,056,576 params, frozen=True)
2026-07-29 02:33:24,780 INFO 🔧 Initialized 6 AdaLN blocks (scale_factor=10)
2026-07-29 02:33:24,787 INFO Predictor: VisionTransformerAdaLN(
  (predictor_embed): Linear(in_features=384, out_features=384, bias=True)
  (action_encoder): Linear(in_features=10, out_features=400, bias=True)
  (predictor_blocks): ModuleList(
    (0-5): 6 x FWAdaLNBlock(
      (norm1): LayerNorm((400,), eps=1e-06, elementwise_affine=True)
      (attn): RoPEAttention(
        (qkv): Linear(in_features=400, out_features=1200, bias=True)
        (attn_drop): Dropout(p=0.0, inplace=False)
        (proj): Linear(in_features=400, out_features=400, bias=True)
        (proj_drop): Dropout(p=0.0, inplace=False)
      )
      (drop_path): Identity()
      (norm2): LayerNorm((400,), eps=1e-06, elementwise_affine=True)
      (mlp): MLP(
        (fc1): Linear(in_features=400, out_features=1600, bias=True)
        (act): GELU(approximate='none')
        (fc2): Linear(in_features=1600, out_features=400, bias=True)
        (drop): Dropout(p=0.0, inplace=False)
      )
      (adaLN_modulation): Sequential(
        (0): SiLU()
        (1): Linear(in_features=400, out_features=2400, bias=True)
      )
    )
  )
  (predictor_norm): LayerNorm((400,), eps=1e-06, elementwise_affine=True)
  (predictor_proj): Linear(in_features=384, out_features=384, bias=True)
)
2026-07-29 02:33:24,787 INFO 🔮 Predictor: VisionTransformerAdaLN (17,626,480 params)
2026-07-29 02:33:24,788 INFO Loading checkpoint from local path: /content/cf_faithfulness_cache/huggingface/hub/models--facebook--jepa-wms/snapshots/9b9c41ef249466630dbf1a20e78391865d07b3b9/jepa_wm_pusht.pth.tar
2026-07-29 02:33:24,819 INFO loaded pretrained predictor from epoch 50 with msg: <All keys matched successfully>
2026-07-29 02:33:24,820 INFO loaded pretrained proprio encoder from epoch 50 with msg: <All keys matched successfully>
2026-07-29 02:33:24,820 INFO 📉 Loss weights: L2=1.0
2026-07-29 02:33:24,821 INFO Loaded encoder and predictor
2026-07-29 02:33:36,746 INFO jepa_wm_pusht cached Stage 11 variant frozen
2026-07-29 02:33:45,541 INFO jepa_wm_pusht cached Stage 11 variant fidelity_constrained_latent_only__seed11401
2026-07-29 02:33:54,343 INFO jepa_wm_pusht cached Stage 11 variant fidelity_constrained_shuffled_geometry__seed11401
2026-07-29 02:34:03,116 INFO jepa_wm_pusht cached Stage 11 variant fidelity_constrained_matched_geometry__seed11401
2026-07-29 02:34:11,901 INFO jepa_wm_pusht cached Stage 11 variant fidelity_constrained_latent_only__seed11419
2026-07-29 02:34:20,684 INFO jepa_wm_pusht cached Stage 11 variant fidelity_constrained_shuffled_geometry__seed11419
2026-07-29 02:34:29,473 INFO jepa_wm_pusht cached Stage 11 variant fidelity_constrained_matched_geometry__seed11419
2026-07-29 02:34:38,262 INFO jepa_wm_pusht cached Stage 11 variant fidelity_constrained_latent_only__seed11437
2026-07-29 02:34:47,081 INFO jepa_wm_pusht cached Stage 11 variant fidelity_constrained_shuffled_geometry__seed11437
2026-07-29 02:34:55,905 INFO jepa_wm_pusht cached Stage 11 variant fidelity_constrained_matched_geometry__seed11437
2026-07-29 02:34:56,099 INFO Expanded environment variable 'JEPAWM_LOGS' to '/content/cf_faithfulness_cache/unused_jepawm_logs' at folder
2026-07-29 02:34:56,099 INFO Using hardcoded dimensions for wall: action_dim=2, proprio_dim=2
2026-07-29 02:34:56,100 INFO Preprocessor attributes for wall:
2026-07-29 02:34:56,100 INFO   action_mean: tensor([-0.0056,  0.0132])
2026-07-29 02:34:56,101 INFO   action_std: tensor([0.7523, 0.7467])
2026-07-29 02:34:56,101 INFO   proprio_mean: tensor([31.8945, 31.8140])
2026-07-29 02:34:56,101 INFO   proprio_std: tensor([17.6635, 17.2752])
2026-07-29 02:34:56,102 INFO   state_mean: tensor([31.8945, 31.8140])
2026-07-29 02:34:56,102 INFO   state_std: tensor([17.6635, 17.2752])
2026-07-29 02:34:56,173 INFO using MLP layer as FFN
2026-07-29 02:34:56,317 INFO Encoder: DinoEncoder(
  (base_model): DinoVisionTransformer(
    (patch_embed): PatchEmbed(
      (proj): Conv2d(3, 384, kernel_size=(14, 14), stride=(14, 14))
      (norm): Identity()
    )
    (blocks): ModuleList(
      (0-11): 12 x NestedTensorBlock(
        (norm1): LayerNorm((384,), eps=1e-06, elementwise_affine=True)
        (attn): MemEffAttention(
          (qkv): Linear(in_features=384, out_features=1152, bias=True)
          (proj): Linear(in_features=384, out_features=384, bias=True)
          (proj_drop): Dropout(p=0.0, inplace=False)
        )
        (ls1): LayerScale()
        (drop_path1): Identity()
        (norm2): LayerNorm((384,), eps=1e-06, elementwise_affine=True)
        (mlp): Mlp(
          (fc1): Linear(in_features=384, out_features=1536, bias=True)
          (act): GELU(approximate='none')
          (fc2): Linear(in_features=1536, out_features=384, bias=True)
          (drop): Dropout(p=0.0, inplace=False)
        )
        (ls2): LayerScale()
        (drop_path2): Identity()
      )
    )
    (norm): LayerNorm((384,), eps=1e-06, elementwise_affine=True)
    (head): Identity()
  )
)
2026-07-29 02:34:56,318 INFO 🧠 Encoder: DinoEncoder (22,056,576 params, frozen=True)
2026-07-29 02:34:56,408 INFO 🔧 Initialized 6 AdaLN blocks (scale_factor=10)
2026-07-29 02:34:56,415 INFO Predictor: VisionTransformerAdaLN(
  (predictor_embed): Linear(in_features=384, out_features=384, bias=True)
  (action_encoder): Linear(in_features=10, out_features=400, bias=True)
  (predictor_blocks): ModuleList(
    (0-5): 6 x FWAdaLNBlock(
      (norm1): LayerNorm((400,), eps=1e-06, elementwise_affine=True)
      (attn): RoPEAttention(
        (qkv): Linear(in_features=400, out_features=1200, bias=True)
        (attn_drop): Dropout(p=0.0, inplace=False)
        (proj): Linear(in_features=400, out_features=400, bias=True)
        (proj_drop): Dropout(p=0.0, inplace=False)
      )
      (drop_path): Identity()
      (norm2): LayerNorm((400,), eps=1e-06, elementwise_affine=True)
      (mlp): MLP(
        (fc1): Linear(in_features=400, out_features=1600, bias=True)
        (act): GELU(approximate='none')
        (fc2): Linear(in_features=1600, out_features=400, bias=True)
        (drop): Dropout(p=0.0, inplace=False)
      )
      (adaLN_modulation): Sequential(
        (0): SiLU()
        (1): Linear(in_features=400, out_features=2400, bias=True)
      )
    )
  )
  (predictor_norm): LayerNorm((400,), eps=1e-06, elementwise_affine=True)
  (predictor_proj): Linear(in_features=384, out_features=384, bias=True)
)
2026-07-29 02:34:56,415 INFO 🔮 Predictor: VisionTransformerAdaLN (17,626,480 params)
2026-07-29 02:34:56,416 INFO Loading checkpoint from local path: /content/cf_faithfulness_cache/huggingface/hub/models--facebook--jepa-wms/snapshots/9b9c41ef249466630dbf1a20e78391865d07b3b9/jepa_wm_wall.pth.tar
2026-07-29 02:34:56,448 INFO loaded pretrained predictor from epoch 50 with msg: <All keys matched successfully>
2026-07-29 02:34:56,449 INFO loaded pretrained proprio encoder from epoch 50 with msg: <All keys matched successfully>
2026-07-29 02:34:56,449 INFO 📉 Loss weights: L2=1.0
2026-07-29 02:34:56,450 INFO Loaded encoder and predictor
2026-07-29 02:35:08,299 INFO jepa_wm_wall cached Stage 11 variant frozen
2026-07-29 02:35:17,019 INFO jepa_wm_wall cached Stage 11 variant fidelity_constrained_latent_only__seed11401
2026-07-29 02:35:25,780 INFO jepa_wm_wall cached Stage 11 variant fidelity_constrained_shuffled_geometry__seed11401
2026-07-29 02:35:34,513 INFO jepa_wm_wall cached Stage 11 variant fidelity_constrained_matched_geometry__seed11401
2026-07-29 02:35:43,246 INFO jepa_wm_wall cached Stage 11 variant fidelity_constrained_latent_only__seed11419
2026-07-29 02:35:51,972 INFO jepa_wm_wall cached Stage 11 variant fidelity_constrained_shuffled_geometry__seed11419
2026-07-29 02:36:00,711 INFO jepa_wm_wall cached Stage 11 variant fidelity_constrained_matched_geometry__seed11419
2026-07-29 02:36:09,462 INFO jepa_wm_wall cached Stage 11 variant fidelity_constrained_latent_only__seed11437
2026-07-29 02:36:18,195 INFO jepa_wm_wall cached Stage 11 variant fidelity_constrained_shuffled_geometry__seed11437
2026-07-29 02:36:26,955 INFO jepa_wm_wall cached Stage 11 variant fidelity_constrained_matched_geometry__seed11437
